solid OpenSCAD_Model
  facet normal -0.998283 -0.0585727 0
    outer loop
      vertex -15.9877 -8.31383 0
      vertex -15.9969 -8.15703 1
      vertex -15.9969 -8.15703 0
    endloop
  endfacet
  facet normal -0.998283 -0.0585727 0
    outer loop
      vertex -15.9969 -8.15703 1
      vertex -15.9877 -8.31383 0
      vertex -15.9877 -8.31383 1
    endloop
  endfacet
  facet normal -0.995182 -0.0980475 0
    outer loop
      vertex -15.9723 -8.47014 0
      vertex -15.9877 -8.31383 1
      vertex -15.9877 -8.31383 0
    endloop
  endfacet
  facet normal -0.995182 -0.0980475 0
    outer loop
      vertex -15.9877 -8.31383 1
      vertex -15.9723 -8.47014 0
      vertex -15.9723 -8.47014 1
    endloop
  endfacet
  facet normal -0.999805 -0.0197376 0
    outer loop
      vertex -15.9969 -8.15703 0
      vertex -16 -8 1
      vertex -16 -8 0
    endloop
  endfacet
  facet normal -0.999805 -0.0197376 0
    outer loop
      vertex -16 -8 1
      vertex -15.9969 -8.15703 0
      vertex -15.9969 -8.15703 1
    endloop
  endfacet
  facet normal 0.998283 -0.0585727 0
    outer loop
      vertex 15.9877 -8.31383 1
      vertex 15.9969 -8.15703 0
      vertex 15.9969 -8.15703 1
    endloop
  endfacet
  facet normal 0.998283 -0.0585727 0
    outer loop
      vertex 15.9969 -8.15703 0
      vertex 15.9877 -8.31383 1
      vertex 15.9877 -8.31383 0
    endloop
  endfacet
  facet normal 0 0 1
    outer loop
      vertex 10.8 11.5 1
      vertex 16 8 1
      vertex 15.9969 8.15703 1
    endloop
  endfacet
  facet normal 0 0 1
    outer loop
      vertex 16 8 1
      vertex 14.4988 -1.44112 1
      vertex 16 -8 1
    endloop
  endfacet
  facet normal 0 0 1
    outer loop
      vertex 10.8 11.5 1
      vertex 15.9969 8.15703 1
      vertex 15.9877 8.31383 1
    endloop
  endfacet
  facet normal -0 -0 1
    outer loop
      vertex 14.5 -1.5 1
      vertex 16 -8 1
      vertex 14.4988 -1.44112 1
    endloop
  endfacet
  facet normal 0 0 1
    outer loop
      vertex 10.8 11.5 1
      vertex 15.9877 8.31383 1
      vertex 15.9723 8.47014 1
    endloop
  endfacet
  facet normal -0 0 1
    outer loop
      vertex 14.5 -6.5 1
      vertex 16 -8 1
      vertex 14.5 -1.5 1
    endloop
  endfacet
  facet normal 0 0 1
    outer loop
      vertex 10.8 11.5 1
      vertex 15.9723 8.47014 1
      vertex 15.9507 8.62573 1
    endloop
  endfacet
  facet normal -0 0 1
    outer loop
      vertex 14.4988 -6.55888 1
      vertex 16 -8 1
      vertex 14.5 -6.5 1
    endloop
  endfacet
  facet normal 0 0 1
    outer loop
      vertex 10.8 11.5 1
      vertex 15.9507 8.62573 1
      vertex 15.9231 8.78035 1
    endloop
  endfacet
  facet normal -0 0 1
    outer loop
      vertex 14.4954 -6.61768 1
      vertex 16 -8 1
      vertex 14.4988 -6.55888 1
    endloop
  endfacet
  facet normal 0 0 1
    outer loop
      vertex 10.8 11.5 1
      vertex 15.9231 8.78035 1
      vertex 15.8895 8.93378 1
    endloop
  endfacet
  facet normal -0 0 1
    outer loop
      vertex 14.4896 -6.6763 1
      vertex 16 -8 1
      vertex 14.4954 -6.61768 1
    endloop
  endfacet
  facet normal 0 0 1
    outer loop
      vertex 10.8 11.5 1
      vertex 15.8895 8.93378 1
      vertex 15.8498 9.08575 1
    endloop
  endfacet
  facet normal -0 0 1
    outer loop
      vertex 14.4815 -6.73465 1
      vertex 16 -8 1
      vertex 14.4896 -6.6763 1
    endloop
  endfacet
  facet normal 0 0 1
    outer loop
      vertex 10.8 11.5 1
      vertex 15.8498 9.08575 1
      vertex 15.8042 9.23605 1
    endloop
  endfacet
  facet normal -0 0 1
    outer loop
      vertex 14.4712 -6.79263 1
      vertex 16 -8 1
      vertex 14.4815 -6.73465 1
    endloop
  endfacet
  facet normal 0 0 1
    outer loop
      vertex 10.8 11.5 1
      vertex 15.8042 9.23605 1
      vertex 15.7528 9.38446 1
    endloop
  endfacet
  facet normal -0 0 1
    outer loop
      vertex 14.4585 -6.85016 1
      vertex 16 -8 1
      vertex 14.4712 -6.79263 1
    endloop
  endfacet
  facet normal 0 0 1
    outer loop
      vertex 10.8 11.5 1
      vertex 15.7528 9.38446 1
      vertex 15.6955 9.53073 1
    endloop
  endfacet
  facet normal -0 0 1
    outer loop
      vertex 14.4437 -6.90715 1
      vertex 16 -8 1
      vertex 14.4585 -6.85016 1
    endloop
  endfacet
  facet normal 0 0 1
    outer loop
      vertex 10.8 11.5 1
      vertex 15.6955 9.53073 1
      vertex 15.6326 9.67464 1
    endloop
  endfacet
  facet normal -0 0 1
    outer loop
      vertex 14.4266 -6.96352 1
      vertex 16 -8 1
      vertex 14.4437 -6.90715 1
    endloop
  endfacet
  facet normal 0 0 1
    outer loop
      vertex 10.8 11.5 1
      vertex 15.6326 9.67464 1
      vertex 15.564 9.81595 1
    endloop
  endfacet
  facet normal -0 0 1
    outer loop
      vertex 14.4073 -7.01917 1
      vertex 16 -8 1
      vertex 14.4266 -6.96352 1
    endloop
  endfacet
  facet normal 0 0 1
    outer loop
      vertex 10.8 11.5 1
      vertex 15.564 9.81595 1
      vertex 15.49 9.95448 1
    endloop
  endfacet
  facet normal -0 0 1
    outer loop
      vertex 14.3858 -7.07402 1
      vertex 16 -8 1
      vertex 14.4073 -7.01917 1
    endloop
  endfacet
  facet normal 0 0 1
    outer loop
      vertex 10.8 11.5 1
      vertex 15.49 9.95448 1
      vertex 15.4106 10.09 1
    endloop
  endfacet
  facet normal -0 0 1
    outer loop
      vertex 14.3622 -7.12798 1
      vertex 16 -8 1
      vertex 14.3858 -7.07402 1
    endloop
  endfacet
  facet normal 0 0 1
    outer loop
      vertex 10.8 11.5 1
      vertex 15.4106 10.09 1
      vertex 15.3259 10.2223 1
    endloop
  endfacet
  facet normal -0 0 1
    outer loop
      vertex 14.3365 -7.18098 1
      vertex 16 -8 1
      vertex 14.3622 -7.12798 1
    endloop
  endfacet
  facet normal 0 0 1
    outer loop
      vertex 10.8 11.5 1
      vertex 15.3259 10.2223 1
      vertex 15.2361 10.3511 1
    endloop
  endfacet
  facet normal -0 0 1
    outer loop
      vertex 14.2789 -7.28374 1
      vertex 16 -8 1
      vertex 14.3087 -7.23293 1
    endloop
  endfacet
  facet normal 0 0 1
    outer loop
      vertex 10.8 11.5 1
      vertex 15.2361 10.3511 1
      vertex 15.1413 10.4764 1
    endloop
  endfacet
  facet normal -0 0 1
    outer loop
      vertex 14.2472 -7.33334 1
      vertex 16 -8 1
      vertex 14.2789 -7.28374 1
    endloop
  endfacet
  facet normal 0 0 1
    outer loop
      vertex 10.8 11.5 1
      vertex 15.1413 10.4764 1
      vertex 15.0416 10.5978 1
    endloop
  endfacet
  facet normal -0 0 1
    outer loop
      vertex 14.2135 -7.38167 1
      vertex 16 -8 1
      vertex 14.2472 -7.33334 1
    endloop
  endfacet
  facet normal 0 0 1
    outer loop
      vertex 10.8 11.5 1
      vertex 15.0416 10.5978 1
      vertex 14.9373 10.7152 1
    endloop
  endfacet
  facet normal -0 0 1
    outer loop
      vertex 14.178 -7.42863 1
      vertex 16 -8 1
      vertex 14.2135 -7.38167 1
    endloop
  endfacet
  facet normal 0 0 1
    outer loop
      vertex 10.8 11.5 1
      vertex 14.9373 10.7152 1
      vertex 14.8284 10.8284 1
    endloop
  endfacet
  facet normal 0 0 1
    outer loop
      vertex 16 -8 1
      vertex 14.178 -7.42863 1
      vertex 15.9969 -8.15703 1
    endloop
  endfacet
  facet normal 0 0 1
    outer loop
      vertex 10.8 11.5 1
      vertex 14.8284 10.8284 1
      vertex 14.7152 10.9373 1
    endloop
  endfacet
  facet normal -0 0 1
    outer loop
      vertex 14.1406 -7.47417 1
      vertex 15.9969 -8.15703 1
      vertex 14.178 -7.42863 1
    endloop
  endfacet
  facet normal 0 0 1
    outer loop
      vertex 10.8 11.5 1
      vertex 14.7152 10.9373 1
      vertex 14.5978 11.0416 1
    endloop
  endfacet
  facet normal 0 0 1
    outer loop
      vertex 15.9969 -8.15703 1
      vertex 14.1406 -7.47417 1
      vertex 15.9877 -8.31383 1
    endloop
  endfacet
  facet normal -0 0 1
    outer loop
      vertex 14.1015 -7.51819 1
      vertex 15.9877 -8.31383 1
      vertex 14.1406 -7.47417 1
    endloop
  endfacet
  facet normal -0 0 1
    outer loop
      vertex 14.3087 -7.23293 1
      vertex 16 -8 1
      vertex 14.3365 -7.18098 1
    endloop
  endfacet
  facet normal 0 0 1
    outer loop
      vertex 16 8 1
      vertex 14.4954 -1.38232 1
      vertex 14.4988 -1.44112 1
    endloop
  endfacet
  facet normal 0 0 1
    outer loop
      vertex 16 8 1
      vertex 14.4896 -1.3237 1
      vertex 14.4954 -1.38232 1
    endloop
  endfacet
  facet normal 0 0 1
    outer loop
      vertex 16 8 1
      vertex 14.4815 -1.26535 1
      vertex 14.4896 -1.3237 1
    endloop
  endfacet
  facet normal 0 0 1
    outer loop
      vertex 10.8 11.5 1
      vertex 14.5978 11.0416 1
      vertex 14.4764 11.1413 1
    endloop
  endfacet
  facet normal 0 0 1
    outer loop
      vertex 16 8 1
      vertex 14.4712 -1.20737 1
      vertex 14.4815 -1.26535 1
    endloop
  endfacet
  facet normal 0 0 1
    outer loop
      vertex 16 8 1
      vertex 14.4585 -1.14984 1
      vertex 14.4712 -1.20737 1
    endloop
  endfacet
  facet normal 0 0 1
    outer loop
      vertex 16 8 1
      vertex 14.4437 -1.09285 1
      vertex 14.4585 -1.14984 1
    endloop
  endfacet
  facet normal 0 0 1
    outer loop
      vertex 16 8 1
      vertex 14.4266 -1.03648 1
      vertex 14.4437 -1.09285 1
    endloop
  endfacet
  facet normal 0 0 1
    outer loop
      vertex 16 8 1
      vertex 14.4073 -0.980835 1
      vertex 14.4266 -1.03648 1
    endloop
  endfacet
  facet normal 0 0 1
    outer loop
      vertex 16 8 1
      vertex 14.3858 -0.92598 1
      vertex 14.4073 -0.980835 1
    endloop
  endfacet
  facet normal 0 0 1
    outer loop
      vertex 16 8 1
      vertex 14.3622 -0.872025 1
      vertex 14.3858 -0.92598 1
    endloop
  endfacet
  facet normal 0 0 1
    outer loop
      vertex 10.8 11.5 1
      vertex 14.4764 11.1413 1
      vertex 14.3511 11.2361 1
    endloop
  endfacet
  facet normal 0 0 1
    outer loop
      vertex 16 8 1
      vertex 14.3365 -0.819016 1
      vertex 14.3622 -0.872025 1
    endloop
  endfacet
  facet normal 0 0 1
    outer loop
      vertex 16 8 1
      vertex 14.3087 -0.767075 1
      vertex 14.3365 -0.819016 1
    endloop
  endfacet
  facet normal 0 0 1
    outer loop
      vertex 16 8 1
      vertex 14.2789 -0.716263 1
      vertex 14.3087 -0.767075 1
    endloop
  endfacet
  facet normal 0 0 1
    outer loop
      vertex 16 8 1
      vertex 14.2472 -0.666656 1
      vertex 14.2789 -0.716263 1
    endloop
  endfacet
  facet normal 0 0 1
    outer loop
      vertex 10.8 11.5 1
      vertex 14.3511 11.2361 1
      vertex 14.2223 11.3259 1
    endloop
  endfacet
  facet normal 0 0 1
    outer loop
      vertex 16 8 1
      vertex 14.2135 -0.618332 1
      vertex 14.2472 -0.666656 1
    endloop
  endfacet
  facet normal 0 0 1
    outer loop
      vertex 16 8 1
      vertex 14.178 -0.571365 1
      vertex 14.2135 -0.618332 1
    endloop
  endfacet
  facet normal 0 0 1
    outer loop
      vertex 16 8 1
      vertex 14.1406 -0.525833 1
      vertex 14.178 -0.571365 1
    endloop
  endfacet
  facet normal 0 0 1
    outer loop
      vertex 16 8 1
      vertex 14.1015 -0.481812 1
      vertex 14.1406 -0.525833 1
    endloop
  endfacet
  facet normal 0 0 1
    outer loop
      vertex 10.8 11.5 1
      vertex 14.2223 11.3259 1
      vertex 14.09 11.4106 1
    endloop
  endfacet
  facet normal 0 0 1
    outer loop
      vertex 16 8 1
      vertex 14.0607 -0.439346 1
      vertex 14.1015 -0.481812 1
    endloop
  endfacet
  facet normal 0 0 1
    outer loop
      vertex 16 8 1
      vertex 14.0182 -0.398529 1
      vertex 14.0607 -0.439346 1
    endloop
  endfacet
  facet normal 0 0 1
    outer loop
      vertex 16 8 1
      vertex 13.9742 -0.359406 1
      vertex 14.0182 -0.398529 1
    endloop
  endfacet
  facet normal 0 0 1
    outer loop
      vertex 10.8 11.5 1
      vertex 14.09 11.4106 1
      vertex 13.9545 11.49 1
    endloop
  endfacet
  facet normal 0 0 1
    outer loop
      vertex 16 8 1
      vertex 13.9286 -0.322037 1
      vertex 13.9742 -0.359406 1
    endloop
  endfacet
  facet normal 0 0 1
    outer loop
      vertex 16 8 1
      vertex 13.8817 -0.286484 1
      vertex 13.9286 -0.322037 1
    endloop
  endfacet
  facet normal 0 0 1
    outer loop
      vertex 16 8 1
      vertex 13.8333 -0.252808 1
      vertex 13.8817 -0.286484 1
    endloop
  endfacet
  facet normal -0 0 1
    outer loop
      vertex 10.8 11.5 1
      vertex 13.9545 11.49 1
      vertex 13.8159 11.564 1
    endloop
  endfacet
  facet normal 0 0 1
    outer loop
      vertex 16 8 1
      vertex 13.7837 -0.221054 1
      vertex 13.8333 -0.252808 1
    endloop
  endfacet
  facet normal 0 0 1
    outer loop
      vertex 16 8 1
      vertex 13.7329 -0.191269 1
      vertex 13.7837 -0.221054 1
    endloop
  endfacet
  facet normal 0 0 1
    outer loop
      vertex 16 8 1
      vertex 13.681 -0.163498 1
      vertex 13.7329 -0.191269 1
    endloop
  endfacet
  facet normal 0 0 1
    outer loop
      vertex 10.8 11.5 1
      vertex 13.8159 11.564 1
      vertex 13.6746 11.6326 1
    endloop
  endfacet
  facet normal 0 0 1
    outer loop
      vertex 16 8 1
      vertex 13.628 -0.137787 1
      vertex 13.681 -0.163498 1
    endloop
  endfacet
  facet normal 0 0 1
    outer loop
      vertex 16 8 1
      vertex 13.574 -0.114182 1
      vertex 13.628 -0.137787 1
    endloop
  endfacet
  facet normal 0 0 1
    outer loop
      vertex 10.8 11.5 1
      vertex 13.6746 11.6326 1
      vertex 13.5307 11.6955 1
    endloop
  endfacet
  facet normal 0 0 1
    outer loop
      vertex 16 8 1
      vertex 13.5192 -0.0927277 1
      vertex 13.574 -0.114182 1
    endloop
  endfacet
  facet normal 0 0 1
    outer loop
      vertex 16 8 1
      vertex 13.4635 -0.0734253 1
      vertex 13.5192 -0.0927277 1
    endloop
  endfacet
  facet normal 0 0 1
    outer loop
      vertex 16 8 1
      vertex 13.4072 -0.0563202 1
      vertex 13.4635 -0.0734253 1
    endloop
  endfacet
  facet normal 0 0 1
    outer loop
      vertex 10.8 11.5 1
      vertex 13.5307 11.6955 1
      vertex 13.3845 11.7528 1
    endloop
  endfacet
  facet normal 0 0 1
    outer loop
      vertex 16 8 1
      vertex 13.3502 -0.0414581 1
      vertex 13.4072 -0.0563202 1
    endloop
  endfacet
  facet normal 0 0 1
    outer loop
      vertex 16 8 1
      vertex 13.2926 -0.0288239 1
      vertex 13.3502 -0.0414581 1
    endloop
  endfacet
  facet normal 0 0 1
    outer loop
      vertex 10.8 11.5 1
      vertex 13.3845 11.7528 1
      vertex 13.2361 11.8042 1
    endloop
  endfacet
  facet normal 0 0 1
    outer loop
      vertex 16 8 1
      vertex 13.2346 -0.0184784 1
      vertex 13.2926 -0.0288239 1
    endloop
  endfacet
  facet normal 0 0 1
    outer loop
      vertex 16 8 1
      vertex 13.1763 -0.0104065 1
      vertex 13.2346 -0.0184784 1
    endloop
  endfacet
  facet normal 0 0 1
    outer loop
      vertex 16 8 1
      vertex 13.1177 -0.00463867 1
      vertex 13.1763 -0.0104065 1
    endloop
  endfacet
  facet normal 0 0 1
    outer loop
      vertex 10.8 11.5 1
      vertex 13.2361 11.8042 1
      vertex 13.0858 11.8498 1
    endloop
  endfacet
  facet normal 0 0 1
    outer loop
      vertex 16 8 1
      vertex 13.0589 -0.00115967 1
      vertex 13.1177 -0.00463867 1
    endloop
  endfacet
  facet normal 0 0 1
    outer loop
      vertex 16 8 1
      vertex 13 0 1
      vertex 13.0589 -0.00115967 1
    endloop
  endfacet
  facet normal 0 0 1
    outer loop
      vertex 10.8 11.5 1
      vertex 13.0858 11.8498 1
      vertex 12.9338 11.8895 1
    endloop
  endfacet
  facet normal 0 0 1
    outer loop
      vertex 10.8 11.5 1
      vertex 12.9338 11.8895 1
      vertex 12.7803 11.9231 1
    endloop
  endfacet
  facet normal 0 0 1
    outer loop
      vertex 10.8 11.5 1
      vertex 12.7803 11.9231 1
      vertex 12.6257 11.9507 1
    endloop
  endfacet
  facet normal 0 0 1
    outer loop
      vertex 10.8 11.5 1
      vertex 12.6257 11.9507 1
      vertex 12.4701 11.9723 1
    endloop
  endfacet
  facet normal 0 0 1
    outer loop
      vertex 10.8 11.5 1
      vertex 12.4701 11.9723 1
      vertex 12.3138 11.9877 1
    endloop
  endfacet
  facet normal 0 0 1
    outer loop
      vertex 10.8 11.5 1
      vertex 12.3138 11.9877 1
      vertex 12.157 11.9969 1
    endloop
  endfacet
  facet normal 0 0 1
    outer loop
      vertex 10.8 11.5 1
      vertex 12.157 11.9969 1
      vertex 12 12 1
    endloop
  endfacet
  facet normal 0 0 1
    outer loop
      vertex 16 8 1
      vertex 10.8 11.5 1
      vertex 11.7654 -0.0184784 1
    endloop
  endfacet
  facet normal 0 0 1
    outer loop
      vertex 16 8 1
      vertex 12 0 1
      vertex 13 0 1
    endloop
  endfacet
  facet normal 0 0 1
    outer loop
      vertex 16 8 1
      vertex 11.9411 -0.00115967 1
      vertex 12 0 1
    endloop
  endfacet
  facet normal 0 0 1
    outer loop
      vertex 16 8 1
      vertex 11.8823 -0.00463867 1
      vertex 11.9411 -0.00115967 1
    endloop
  endfacet
  facet normal 0 0 1
    outer loop
      vertex 16 8 1
      vertex 11.8237 -0.0104065 1
      vertex 11.8823 -0.00463867 1
    endloop
  endfacet
  facet normal 0 0 1
    outer loop
      vertex 16 8 1
      vertex 11.7654 -0.0184784 1
      vertex 11.8237 -0.0104065 1
    endloop
  endfacet
  facet normal 0 0 1
    outer loop
      vertex 11.7654 -0.0184784 1
      vertex 10.8 11.5 1
      vertex 11.7074 -0.0288239 1
    endloop
  endfacet
  facet normal 0 0 1
    outer loop
      vertex 11.7074 -0.0288239 1
      vertex 10.8 11.5 1
      vertex 11.6498 -0.0414581 1
    endloop
  endfacet
  facet normal 0 0 1
    outer loop
      vertex 11.6498 -0.0414581 1
      vertex 10.8 11.5 1
      vertex 11.5928 -0.0563202 1
    endloop
  endfacet
  facet normal 0 0 1
    outer loop
      vertex 11.5928 -0.0563202 1
      vertex 10.8 11.5 1
      vertex 11.5365 -0.0734253 1
    endloop
  endfacet
  facet normal 0 0 1
    outer loop
      vertex 11.5365 -0.0734253 1
      vertex 10.8 11.5 1
      vertex 11.4808 -0.0927277 1
    endloop
  endfacet
  facet normal 0 0 1
    outer loop
      vertex 11.4808 -0.0927277 1
      vertex 10.8 11.5 1
      vertex 11.426 -0.114182 1
    endloop
  endfacet
  facet normal 0 0 1
    outer loop
      vertex 11.426 -0.114182 1
      vertex 10.8 11.5 1
      vertex 11.372 -0.137787 1
    endloop
  endfacet
  facet normal 0 0 1
    outer loop
      vertex 11.372 -0.137787 1
      vertex 10.8 11.5 1
      vertex 11.319 -0.163498 1
    endloop
  endfacet
  facet normal 0 0 1
    outer loop
      vertex 11.319 -0.163498 1
      vertex 10.8 11.5 1
      vertex 11.2671 -0.191269 1
    endloop
  endfacet
  facet normal 0 0 1
    outer loop
      vertex 11.2671 -0.191269 1
      vertex 10.8 11.5 1
      vertex 11.2163 -0.221054 1
    endloop
  endfacet
  facet normal 0 0 1
    outer loop
      vertex 11.2163 -0.221054 1
      vertex 10.8 11.5 1
      vertex 11.1667 -0.252808 1
    endloop
  endfacet
  facet normal 0 0 1
    outer loop
      vertex 11.1667 -0.252808 1
      vertex 10.8 11.5 1
      vertex 11.1183 -0.286484 1
    endloop
  endfacet
  facet normal 0 0 1
    outer loop
      vertex 11.1183 -0.286484 1
      vertex 10.8 11.5 1
      vertex 11.0714 -0.322037 1
    endloop
  endfacet
  facet normal 0 0 1
    outer loop
      vertex 11.0714 -0.322037 1
      vertex 10.8 11.5 1
      vertex 11.0258 -0.359406 1
    endloop
  endfacet
  facet normal 0 0 1
    outer loop
      vertex 11.0258 -0.359406 1
      vertex 10.8 11.5 1
      vertex 10.9818 -0.398529 1
    endloop
  endfacet
  facet normal 0 0 1
    outer loop
      vertex 10.9818 -0.398529 1
      vertex 10.8 11.5 1
      vertex 10.9393 -0.439346 1
    endloop
  endfacet
  facet normal 0 0 1
    outer loop
      vertex 10.9393 -0.439346 1
      vertex 10.8 11.5 1
      vertex 10.8985 -0.481812 1
    endloop
  endfacet
  facet normal 0 0 1
    outer loop
      vertex 10.8985 -0.481812 1
      vertex 10.8 11.5 1
      vertex 10.8594 -0.525833 1
    endloop
  endfacet
  facet normal 0 0 1
    outer loop
      vertex 10.8594 -0.525833 1
      vertex 10.8 11.5 1
      vertex 10.822 -0.571365 1
    endloop
  endfacet
  facet normal 0 0 1
    outer loop
      vertex 12 12 1
      vertex 10 11.5 1
      vertex 10.8 11.5 1
    endloop
  endfacet
  facet normal 0 0 1
    outer loop
      vertex 10 11.5 1
      vertex -10 11.5 1
      vertex 10 -11.5 1
    endloop
  endfacet
  facet normal 0 0 1
    outer loop
      vertex 12 12 1
      vertex -10 11.5 1
      vertex 10 11.5 1
    endloop
  endfacet
  facet normal -0 0 1
    outer loop
      vertex -12 12 1
      vertex -10 11.5 1
      vertex 12 12 1
    endloop
  endfacet
  facet normal -0 0 1
    outer loop
      vertex -12.157 11.9969 1
      vertex -10.8 11.5 1
      vertex -12 12 1
    endloop
  endfacet
  facet normal 0 0 1
    outer loop
      vertex -10 11.5 1
      vertex -12 12 1
      vertex -10.8 11.5 1
    endloop
  endfacet
  facet normal 0 0 1
    outer loop
      vertex 15.9877 -8.31383 1
      vertex 14.1015 -7.51819 1
      vertex 15.9723 -8.47014 1
    endloop
  endfacet
  facet normal -0 0 1
    outer loop
      vertex 14.0607 -7.56065 1
      vertex 15.9723 -8.47014 1
      vertex 14.1015 -7.51819 1
    endloop
  endfacet
  facet normal 0 0 1
    outer loop
      vertex 15.9723 -8.47014 1
      vertex 14.0607 -7.56065 1
      vertex 15.9507 -8.62573 1
    endloop
  endfacet
  facet normal -0 0 1
    outer loop
      vertex 14.0182 -7.60147 1
      vertex 15.9507 -8.62573 1
      vertex 14.0607 -7.56065 1
    endloop
  endfacet
  facet normal 0 0 1
    outer loop
      vertex 15.9507 -8.62573 1
      vertex 14.0182 -7.60147 1
      vertex 15.9231 -8.78035 1
    endloop
  endfacet
  facet normal -0 0 1
    outer loop
      vertex 13.9742 -7.64059 1
      vertex 15.9231 -8.78035 1
      vertex 14.0182 -7.60147 1
    endloop
  endfacet
  facet normal 0 0 1
    outer loop
      vertex 15.9231 -8.78035 1
      vertex 13.9742 -7.64059 1
      vertex 15.8895 -8.93378 1
    endloop
  endfacet
  facet normal -0 0 1
    outer loop
      vertex 13.9286 -7.67796 1
      vertex 15.8895 -8.93378 1
      vertex 13.9742 -7.64059 1
    endloop
  endfacet
  facet normal 0 0 1
    outer loop
      vertex 15.8895 -8.93378 1
      vertex 13.9286 -7.67796 1
      vertex 15.8498 -9.08575 1
    endloop
  endfacet
  facet normal -0 0 1
    outer loop
      vertex 13.8817 -7.71352 1
      vertex 15.8498 -9.08575 1
      vertex 13.9286 -7.67796 1
    endloop
  endfacet
  facet normal 0 0 1
    outer loop
      vertex 15.8498 -9.08575 1
      vertex 13.8817 -7.71352 1
      vertex 15.8042 -9.23605 1
    endloop
  endfacet
  facet normal -0 0 1
    outer loop
      vertex 13.8333 -7.74719 1
      vertex 15.8042 -9.23605 1
      vertex 13.8817 -7.71352 1
    endloop
  endfacet
  facet normal 0 0 1
    outer loop
      vertex 15.8042 -9.23605 1
      vertex 13.8333 -7.74719 1
      vertex 15.7528 -9.38446 1
    endloop
  endfacet
  facet normal -0 0 1
    outer loop
      vertex 13.7837 -7.77895 1
      vertex 15.7528 -9.38446 1
      vertex 13.8333 -7.74719 1
    endloop
  endfacet
  facet normal 0 0 1
    outer loop
      vertex 15.7528 -9.38446 1
      vertex 13.7837 -7.77895 1
      vertex 15.6955 -9.53073 1
    endloop
  endfacet
  facet normal -0 0 1
    outer loop
      vertex 13.7329 -7.80873 1
      vertex 15.6955 -9.53073 1
      vertex 13.7837 -7.77895 1
    endloop
  endfacet
  facet normal 0 0 1
    outer loop
      vertex 15.6955 -9.53073 1
      vertex 13.7329 -7.80873 1
      vertex 15.6326 -9.67464 1
    endloop
  endfacet
  facet normal -0 0 1
    outer loop
      vertex 13.681 -7.8365 1
      vertex 15.6326 -9.67464 1
      vertex 13.7329 -7.80873 1
    endloop
  endfacet
  facet normal 0 0 1
    outer loop
      vertex 15.6326 -9.67464 1
      vertex 13.681 -7.8365 1
      vertex 15.564 -9.81595 1
    endloop
  endfacet
  facet normal -0 0 1
    outer loop
      vertex 13.628 -7.86221 1
      vertex 15.564 -9.81595 1
      vertex 13.681 -7.8365 1
    endloop
  endfacet
  facet normal 0 0 1
    outer loop
      vertex 15.564 -9.81595 1
      vertex 13.628 -7.86221 1
      vertex 15.49 -9.95448 1
    endloop
  endfacet
  facet normal -0 0 1
    outer loop
      vertex 13.574 -7.88582 1
      vertex 15.49 -9.95448 1
      vertex 13.628 -7.86221 1
    endloop
  endfacet
  facet normal 0 0 1
    outer loop
      vertex 15.49 -9.95448 1
      vertex 13.574 -7.88582 1
      vertex 15.4106 -10.09 1
    endloop
  endfacet
  facet normal -0 0 1
    outer loop
      vertex 13.5192 -7.90727 1
      vertex 15.4106 -10.09 1
      vertex 13.574 -7.88582 1
    endloop
  endfacet
  facet normal 0 0 1
    outer loop
      vertex 15.4106 -10.09 1
      vertex 13.5192 -7.90727 1
      vertex 15.3259 -10.2223 1
    endloop
  endfacet
  facet normal 0 0 1
    outer loop
      vertex 15.3259 -10.2223 1
      vertex 13.5192 -7.90727 1
      vertex 15.2361 -10.3511 1
    endloop
  endfacet
  facet normal -0 0 1
    outer loop
      vertex 13.4635 -7.92657 1
      vertex 15.2361 -10.3511 1
      vertex 13.5192 -7.90727 1
    endloop
  endfacet
  facet normal 0 0 1
    outer loop
      vertex 15.2361 -10.3511 1
      vertex 13.4635 -7.92657 1
      vertex 15.1413 -10.4764 1
    endloop
  endfacet
  facet normal -0 0 1
    outer loop
      vertex 13.4072 -7.94368 1
      vertex 15.1413 -10.4764 1
      vertex 13.4635 -7.92657 1
    endloop
  endfacet
  facet normal 0 0 1
    outer loop
      vertex 15.1413 -10.4764 1
      vertex 13.4072 -7.94368 1
      vertex 15.0416 -10.5978 1
    endloop
  endfacet
  facet normal -0 0 1
    outer loop
      vertex 13.3502 -7.95854 1
      vertex 15.0416 -10.5978 1
      vertex 13.4072 -7.94368 1
    endloop
  endfacet
  facet normal 0 0 1
    outer loop
      vertex 15.0416 -10.5978 1
      vertex 13.3502 -7.95854 1
      vertex 14.9373 -10.7152 1
    endloop
  endfacet
  facet normal 0 0 1
    outer loop
      vertex 14.9373 -10.7152 1
      vertex 13.3502 -7.95854 1
      vertex 14.8284 -10.8284 1
    endloop
  endfacet
  facet normal -0 0 1
    outer loop
      vertex 13.2926 -7.97118 1
      vertex 14.8284 -10.8284 1
      vertex 13.3502 -7.95854 1
    endloop
  endfacet
  facet normal 0 0 1
    outer loop
      vertex 14.8284 -10.8284 1
      vertex 13.2926 -7.97118 1
      vertex 14.7152 -10.9373 1
    endloop
  endfacet
  facet normal -0 0 1
    outer loop
      vertex 13.2346 -7.98152 1
      vertex 14.7152 -10.9373 1
      vertex 13.2926 -7.97118 1
    endloop
  endfacet
  facet normal 0 0 1
    outer loop
      vertex 14.7152 -10.9373 1
      vertex 13.2346 -7.98152 1
      vertex 14.5978 -11.0416 1
    endloop
  endfacet
  facet normal -0 0 1
    outer loop
      vertex 13.1763 -7.98959 1
      vertex 14.5978 -11.0416 1
      vertex 13.2346 -7.98152 1
    endloop
  endfacet
  facet normal 0 0 1
    outer loop
      vertex 14.5978 -11.0416 1
      vertex 13.1763 -7.98959 1
      vertex 14.4764 -11.1413 1
    endloop
  endfacet
  facet normal 0 0 1
    outer loop
      vertex 14.4764 -11.1413 1
      vertex 13.1763 -7.98959 1
      vertex 14.3511 -11.2361 1
    endloop
  endfacet
  facet normal -0 0 1
    outer loop
      vertex 13.1177 -7.99536 1
      vertex 14.3511 -11.2361 1
      vertex 13.1763 -7.98959 1
    endloop
  endfacet
  facet normal 0 0 1
    outer loop
      vertex 14.3511 -11.2361 1
      vertex 13.1177 -7.99536 1
      vertex 14.2223 -11.3259 1
    endloop
  endfacet
  facet normal -0 0 1
    outer loop
      vertex 13.0589 -7.99884 1
      vertex 14.2223 -11.3259 1
      vertex 13.1177 -7.99536 1
    endloop
  endfacet
  facet normal 0 0 1
    outer loop
      vertex 14.2223 -11.3259 1
      vertex 13.0589 -7.99884 1
      vertex 14.09 -11.4106 1
    endloop
  endfacet
  facet normal 0 0 1
    outer loop
      vertex 14.09 -11.4106 1
      vertex 13.0589 -7.99884 1
      vertex 13.9545 -11.49 1
    endloop
  endfacet
  facet normal -0 0 1
    outer loop
      vertex 13 -8 1
      vertex 13.9545 -11.49 1
      vertex 13.0589 -7.99884 1
    endloop
  endfacet
  facet normal 0 0 1
    outer loop
      vertex 13.9545 -11.49 1
      vertex 13 -8 1
      vertex 13.8159 -11.564 1
    endloop
  endfacet
  facet normal 0 0 1
    outer loop
      vertex 13.8159 -11.564 1
      vertex 13 -8 1
      vertex 13.6746 -11.6326 1
    endloop
  endfacet
  facet normal 0 0 1
    outer loop
      vertex 13.6746 -11.6326 1
      vertex 13 -8 1
      vertex 13.5307 -11.6955 1
    endloop
  endfacet
  facet normal 0 0 1
    outer loop
      vertex 13.5307 -11.6955 1
      vertex 13 -8 1
      vertex 13.3845 -11.7528 1
    endloop
  endfacet
  facet normal 0 0 1
    outer loop
      vertex 13.3845 -11.7528 1
      vertex 13 -8 1
      vertex 13.2361 -11.8042 1
    endloop
  endfacet
  facet normal 0 0 1
    outer loop
      vertex 13.2361 -11.8042 1
      vertex 13 -8 1
      vertex 13.0858 -11.8498 1
    endloop
  endfacet
  facet normal 0 0 1
    outer loop
      vertex 13 -8 1
      vertex 12.9338 -11.8895 1
      vertex 13.0858 -11.8498 1
    endloop
  endfacet
  facet normal -0 0 1
    outer loop
      vertex 12 -8 1
      vertex 12.9338 -11.8895 1
      vertex 13 -8 1
    endloop
  endfacet
  facet normal 0 0 1
    outer loop
      vertex 12.9338 -11.8895 1
      vertex 12 -8 1
      vertex 12.7803 -11.9231 1
    endloop
  endfacet
  facet normal 0 0 1
    outer loop
      vertex 12.7803 -11.9231 1
      vertex 12 -8 1
      vertex 12.6257 -11.9507 1
    endloop
  endfacet
  facet normal 0 0 1
    outer loop
      vertex 12.6257 -11.9507 1
      vertex 12 -8 1
      vertex 12.4701 -11.9723 1
    endloop
  endfacet
  facet normal 0 0 1
    outer loop
      vertex 12.4701 -11.9723 1
      vertex 12 -8 1
      vertex 12.3138 -11.9877 1
    endloop
  endfacet
  facet normal 0 0 1
    outer loop
      vertex 12.3138 -11.9877 1
      vertex 12 -8 1
      vertex 12.157 -11.9969 1
    endloop
  endfacet
  facet normal -0 0 1
    outer loop
      vertex 10.8 -11.5 1
      vertex 12.157 -11.9969 1
      vertex 12 -8 1
    endloop
  endfacet
  facet normal 0 0 1
    outer loop
      vertex 10.8 -11.5 1
      vertex 12 -8 1
      vertex 11.9411 -7.99884 1
    endloop
  endfacet
  facet normal 0 0 1
    outer loop
      vertex 10.8 -11.5 1
      vertex 11.9411 -7.99884 1
      vertex 11.8823 -7.99536 1
    endloop
  endfacet
  facet normal 0 0 1
    outer loop
      vertex 10.8 -11.5 1
      vertex 11.8823 -7.99536 1
      vertex 11.8237 -7.98959 1
    endloop
  endfacet
  facet normal 0 0 1
    outer loop
      vertex 10.8 -11.5 1
      vertex 11.8237 -7.98959 1
      vertex 11.7654 -7.98152 1
    endloop
  endfacet
  facet normal 0 0 1
    outer loop
      vertex 10.8 -11.5 1
      vertex 11.7654 -7.98152 1
      vertex 11.7074 -7.97118 1
    endloop
  endfacet
  facet normal 0 0 1
    outer loop
      vertex 10.8 -11.5 1
      vertex 11.7074 -7.97118 1
      vertex 11.6498 -7.95854 1
    endloop
  endfacet
  facet normal 0 0 1
    outer loop
      vertex 10.8 -11.5 1
      vertex 11.6498 -7.95854 1
      vertex 11.5928 -7.94368 1
    endloop
  endfacet
  facet normal 0 0 1
    outer loop
      vertex 10.8 -11.5 1
      vertex 11.5928 -7.94368 1
      vertex 11.5365 -7.92657 1
    endloop
  endfacet
  facet normal 0 0 1
    outer loop
      vertex 10.8 -11.5 1
      vertex 11.5365 -7.92657 1
      vertex 11.4808 -7.90727 1
    endloop
  endfacet
  facet normal 0 0 1
    outer loop
      vertex 10.8 -11.5 1
      vertex 11.4808 -7.90727 1
      vertex 11.426 -7.88582 1
    endloop
  endfacet
  facet normal 0 0 1
    outer loop
      vertex 10.8 -11.5 1
      vertex 11.426 -7.88582 1
      vertex 11.372 -7.86221 1
    endloop
  endfacet
  facet normal 0 0 1
    outer loop
      vertex 10.8 -11.5 1
      vertex 11.372 -7.86221 1
      vertex 11.319 -7.8365 1
    endloop
  endfacet
  facet normal 0 0 1
    outer loop
      vertex 10.8 -11.5 1
      vertex 11.319 -7.8365 1
      vertex 11.2671 -7.80873 1
    endloop
  endfacet
  facet normal 0 0 1
    outer loop
      vertex 10.8 -11.5 1
      vertex 11.2671 -7.80873 1
      vertex 11.2163 -7.77895 1
    endloop
  endfacet
  facet normal 0 0 1
    outer loop
      vertex 10.8 -11.5 1
      vertex 11.2163 -7.77895 1
      vertex 11.1667 -7.74719 1
    endloop
  endfacet
  facet normal 0 0 1
    outer loop
      vertex 10.8 -11.5 1
      vertex 11.1667 -7.74719 1
      vertex 11.1183 -7.71352 1
    endloop
  endfacet
  facet normal 0 0 1
    outer loop
      vertex 10.8 -11.5 1
      vertex 11.1183 -7.71352 1
      vertex 11.0714 -7.67796 1
    endloop
  endfacet
  facet normal 0 0 1
    outer loop
      vertex 10.8 -11.5 1
      vertex 11.0714 -7.67796 1
      vertex 11.0258 -7.64059 1
    endloop
  endfacet
  facet normal 0 0 1
    outer loop
      vertex 10.8 -11.5 1
      vertex 11.0258 -7.64059 1
      vertex 10.9818 -7.60147 1
    endloop
  endfacet
  facet normal 0 0 1
    outer loop
      vertex 10.8 -11.5 1
      vertex 10.9818 -7.60147 1
      vertex 10.9393 -7.56065 1
    endloop
  endfacet
  facet normal 0 0 1
    outer loop
      vertex 10.8 -11.5 1
      vertex 10.9393 -7.56065 1
      vertex 10.8985 -7.51819 1
    endloop
  endfacet
  facet normal 0 0 1
    outer loop
      vertex 10.8 -11.5 1
      vertex 10.8985 -7.51819 1
      vertex 10.8594 -7.47417 1
    endloop
  endfacet
  facet normal 0 0 1
    outer loop
      vertex 10.8 -11.5 1
      vertex 10.8594 -7.47417 1
      vertex 10.822 -7.42863 1
    endloop
  endfacet
  facet normal 0 0 1
    outer loop
      vertex 10.8 -11.5 1
      vertex 10.822 -7.42863 1
      vertex 10.8 -7.39952 1
    endloop
  endfacet
  facet normal 0 0 1
    outer loop
      vertex 12.157 -11.9969 1
      vertex 10.8 -11.5 1
      vertex 12 -12 1
    endloop
  endfacet
  facet normal -0 0 1
    outer loop
      vertex 10 -11.5 1
      vertex 12 -12 1
      vertex 10.8 -11.5 1
    endloop
  endfacet
  facet normal 0 0 1
    outer loop
      vertex -10 -11.5 1
      vertex 10 -11.5 1
      vertex -10 11.5 1
    endloop
  endfacet
  facet normal -0 0 1
    outer loop
      vertex -10 -11.5 1
      vertex 12 -12 1
      vertex 10 -11.5 1
    endloop
  endfacet
  facet normal 0 0 1
    outer loop
      vertex -12 -12 1
      vertex -10 -11.5 1
      vertex -10.8 -11.5 1
    endloop
  endfacet
  facet normal 0 0 1
    outer loop
      vertex -10 -11.5 1
      vertex -12 -12 1
      vertex 12 -12 1
    endloop
  endfacet
  facet normal 0 0 1
    outer loop
      vertex -10.8 11.5 1
      vertex -16 8 1
      vertex -10.8 -11.5 1
    endloop
  endfacet
  facet normal -0 0 1
    outer loop
      vertex -12.3138 11.9877 1
      vertex -10.8 11.5 1
      vertex -12.157 11.9969 1
    endloop
  endfacet
  facet normal -0 0 1
    outer loop
      vertex -16 -8 1
      vertex -10.8 -11.5 1
      vertex -16 8 1
    endloop
  endfacet
  facet normal -0 0 1
    outer loop
      vertex -12.4701 11.9723 1
      vertex -10.8 11.5 1
      vertex -12.3138 11.9877 1
    endloop
  endfacet
  facet normal -0 -0 1
    outer loop
      vertex -15.8498 -9.08575 1
      vertex -10.8 -11.5 1
      vertex -16 -8 1
    endloop
  endfacet
  facet normal -0 0 1
    outer loop
      vertex -12.6257 11.9507 1
      vertex -10.8 11.5 1
      vertex -12.4701 11.9723 1
    endloop
  endfacet
  facet normal 0 0 1
    outer loop
      vertex -10.8 -11.5 1
      vertex -12.157 -11.9969 1
      vertex -12 -12 1
    endloop
  endfacet
  facet normal -0 0 1
    outer loop
      vertex -12.7803 11.9231 1
      vertex -10.8 11.5 1
      vertex -12.6257 11.9507 1
    endloop
  endfacet
  facet normal 0 0 1
    outer loop
      vertex -10.8 -11.5 1
      vertex -12.3138 -11.9877 1
      vertex -12.157 -11.9969 1
    endloop
  endfacet
  facet normal -0 0 1
    outer loop
      vertex -12.9338 11.8895 1
      vertex -10.8 11.5 1
      vertex -12.7803 11.9231 1
    endloop
  endfacet
  facet normal 0 0 1
    outer loop
      vertex -10.8 -11.5 1
      vertex -12.4701 -11.9723 1
      vertex -12.3138 -11.9877 1
    endloop
  endfacet
  facet normal -0 0 1
    outer loop
      vertex -13.0858 11.8498 1
      vertex -10.8 11.5 1
      vertex -12.9338 11.8895 1
    endloop
  endfacet
  facet normal 0 0 1
    outer loop
      vertex -10.8 -11.5 1
      vertex -12.6257 -11.9507 1
      vertex -12.4701 -11.9723 1
    endloop
  endfacet
  facet normal -0 0 1
    outer loop
      vertex -13.2361 11.8042 1
      vertex -10.8 11.5 1
      vertex -13.0858 11.8498 1
    endloop
  endfacet
  facet normal 0 0 1
    outer loop
      vertex -10.8 -11.5 1
      vertex -12.7803 -11.9231 1
      vertex -12.6257 -11.9507 1
    endloop
  endfacet
  facet normal -0 0 1
    outer loop
      vertex -13.3845 11.7528 1
      vertex -10.8 11.5 1
      vertex -13.2361 11.8042 1
    endloop
  endfacet
  facet normal 0 0 1
    outer loop
      vertex -10.8 -11.5 1
      vertex -12.9338 -11.8895 1
      vertex -12.7803 -11.9231 1
    endloop
  endfacet
  facet normal -0 0 1
    outer loop
      vertex -13.5307 11.6955 1
      vertex -10.8 11.5 1
      vertex -13.3845 11.7528 1
    endloop
  endfacet
  facet normal 0 0 1
    outer loop
      vertex -10.8 -11.5 1
      vertex -13.0858 -11.8498 1
      vertex -12.9338 -11.8895 1
    endloop
  endfacet
  facet normal -0 0 1
    outer loop
      vertex -13.6746 11.6326 1
      vertex -10.8 11.5 1
      vertex -13.5307 11.6955 1
    endloop
  endfacet
  facet normal 0 0 1
    outer loop
      vertex -10.8 -11.5 1
      vertex -13.2361 -11.8042 1
      vertex -13.0858 -11.8498 1
    endloop
  endfacet
  facet normal -0 0 1
    outer loop
      vertex -13.8159 11.564 1
      vertex -10.8 11.5 1
      vertex -13.6746 11.6326 1
    endloop
  endfacet
  facet normal 0 0 1
    outer loop
      vertex -10.8 -11.5 1
      vertex -13.3845 -11.7528 1
      vertex -13.2361 -11.8042 1
    endloop
  endfacet
  facet normal 0 0 1
    outer loop
      vertex -13.9545 11.49 1
      vertex -10.8 11.5 1
      vertex -13.8159 11.564 1
    endloop
  endfacet
  facet normal 0 0 1
    outer loop
      vertex -10.8 -11.5 1
      vertex -13.5307 -11.6955 1
      vertex -13.3845 -11.7528 1
    endloop
  endfacet
  facet normal 0 0 1
    outer loop
      vertex -14.09 11.4106 1
      vertex -10.8 11.5 1
      vertex -13.9545 11.49 1
    endloop
  endfacet
  facet normal 0 0 1
    outer loop
      vertex -10.8 -11.5 1
      vertex -13.6746 -11.6326 1
      vertex -13.5307 -11.6955 1
    endloop
  endfacet
  facet normal 0 0 1
    outer loop
      vertex -14.2223 11.3259 1
      vertex -10.8 11.5 1
      vertex -14.09 11.4106 1
    endloop
  endfacet
  facet normal 0 0 1
    outer loop
      vertex -10.8 -11.5 1
      vertex -13.8159 -11.564 1
      vertex -13.6746 -11.6326 1
    endloop
  endfacet
  facet normal 0 0 1
    outer loop
      vertex -14.3511 11.2361 1
      vertex -10.8 11.5 1
      vertex -14.2223 11.3259 1
    endloop
  endfacet
  facet normal 0 0 1
    outer loop
      vertex -10.8 -11.5 1
      vertex -13.9545 -11.49 1
      vertex -13.8159 -11.564 1
    endloop
  endfacet
  facet normal 0 0 1
    outer loop
      vertex -14.4764 11.1413 1
      vertex -10.8 11.5 1
      vertex -14.3511 11.2361 1
    endloop
  endfacet
  facet normal 0 0 1
    outer loop
      vertex -10.8 -11.5 1
      vertex -14.09 -11.4106 1
      vertex -13.9545 -11.49 1
    endloop
  endfacet
  facet normal 0 0 1
    outer loop
      vertex -14.5978 11.0416 1
      vertex -10.8 11.5 1
      vertex -14.4764 11.1413 1
    endloop
  endfacet
  facet normal 0 0 1
    outer loop
      vertex -10.8 -11.5 1
      vertex -14.2223 -11.3259 1
      vertex -14.09 -11.4106 1
    endloop
  endfacet
  facet normal 0 0 1
    outer loop
      vertex -14.7152 10.9373 1
      vertex -10.8 11.5 1
      vertex -14.5978 11.0416 1
    endloop
  endfacet
  facet normal 0 0 1
    outer loop
      vertex -10.8 -11.5 1
      vertex -14.3511 -11.2361 1
      vertex -14.2223 -11.3259 1
    endloop
  endfacet
  facet normal 0 0 1
    outer loop
      vertex -14.8284 10.8284 1
      vertex -10.8 11.5 1
      vertex -14.7152 10.9373 1
    endloop
  endfacet
  facet normal 0 0 1
    outer loop
      vertex -10.8 -11.5 1
      vertex -14.4764 -11.1413 1
      vertex -14.3511 -11.2361 1
    endloop
  endfacet
  facet normal 0 0 1
    outer loop
      vertex -14.9373 10.7152 1
      vertex -10.8 11.5 1
      vertex -14.8284 10.8284 1
    endloop
  endfacet
  facet normal 0 0 1
    outer loop
      vertex -10.8 -11.5 1
      vertex -14.5978 -11.0416 1
      vertex -14.4764 -11.1413 1
    endloop
  endfacet
  facet normal 0 0 1
    outer loop
      vertex -15.0416 10.5978 1
      vertex -10.8 11.5 1
      vertex -14.9373 10.7152 1
    endloop
  endfacet
  facet normal 0 0 1
    outer loop
      vertex -10.8 -11.5 1
      vertex -14.7152 -10.9373 1
      vertex -14.5978 -11.0416 1
    endloop
  endfacet
  facet normal 0 0 1
    outer loop
      vertex -15.1413 10.4764 1
      vertex -10.8 11.5 1
      vertex -15.0416 10.5978 1
    endloop
  endfacet
  facet normal 0 0 1
    outer loop
      vertex -10.8 -11.5 1
      vertex -14.8284 -10.8284 1
      vertex -14.7152 -10.9373 1
    endloop
  endfacet
  facet normal 0 0 1
    outer loop
      vertex -15.2361 10.3511 1
      vertex -10.8 11.5 1
      vertex -15.1413 10.4764 1
    endloop
  endfacet
  facet normal 0 0 1
    outer loop
      vertex -10.8 -11.5 1
      vertex -14.9373 -10.7152 1
      vertex -14.8284 -10.8284 1
    endloop
  endfacet
  facet normal 0 0 1
    outer loop
      vertex -15.3259 10.2223 1
      vertex -10.8 11.5 1
      vertex -15.2361 10.3511 1
    endloop
  endfacet
  facet normal 0 0 1
    outer loop
      vertex -10.8 -11.5 1
      vertex -15.0416 -10.5978 1
      vertex -14.9373 -10.7152 1
    endloop
  endfacet
  facet normal 0 0 1
    outer loop
      vertex -15.4106 10.09 1
      vertex -10.8 11.5 1
      vertex -15.3259 10.2223 1
    endloop
  endfacet
  facet normal 0 0 1
    outer loop
      vertex -10.8 -11.5 1
      vertex -15.1413 -10.4764 1
      vertex -15.0416 -10.5978 1
    endloop
  endfacet
  facet normal 0 0 1
    outer loop
      vertex -15.49 9.95448 1
      vertex -10.8 11.5 1
      vertex -15.4106 10.09 1
    endloop
  endfacet
  facet normal 0 0 1
    outer loop
      vertex -10.8 -11.5 1
      vertex -15.2361 -10.3511 1
      vertex -15.1413 -10.4764 1
    endloop
  endfacet
  facet normal 0 0 1
    outer loop
      vertex -15.564 9.81595 1
      vertex -10.8 11.5 1
      vertex -15.49 9.95448 1
    endloop
  endfacet
  facet normal 0 0 1
    outer loop
      vertex -10.8 -11.5 1
      vertex -15.3259 -10.2223 1
      vertex -15.2361 -10.3511 1
    endloop
  endfacet
  facet normal 0 0 1
    outer loop
      vertex -15.6326 9.67464 1
      vertex -10.8 11.5 1
      vertex -15.564 9.81595 1
    endloop
  endfacet
  facet normal 0 0 1
    outer loop
      vertex -10.8 -11.5 1
      vertex -15.4106 -10.09 1
      vertex -15.3259 -10.2223 1
    endloop
  endfacet
  facet normal 0 0 1
    outer loop
      vertex -15.6955 9.53073 1
      vertex -10.8 11.5 1
      vertex -15.6326 9.67464 1
    endloop
  endfacet
  facet normal 0 0 1
    outer loop
      vertex -10.8 -11.5 1
      vertex -15.49 -9.95448 1
      vertex -15.4106 -10.09 1
    endloop
  endfacet
  facet normal 0 0 1
    outer loop
      vertex -15.7528 9.38446 1
      vertex -10.8 11.5 1
      vertex -15.6955 9.53073 1
    endloop
  endfacet
  facet normal 0 0 1
    outer loop
      vertex -10.8 -11.5 1
      vertex -15.564 -9.81595 1
      vertex -15.49 -9.95448 1
    endloop
  endfacet
  facet normal 0 0 1
    outer loop
      vertex -15.8042 9.23605 1
      vertex -10.8 11.5 1
      vertex -15.7528 9.38446 1
    endloop
  endfacet
  facet normal 0 0 1
    outer loop
      vertex -10.8 -11.5 1
      vertex -15.6326 -9.67464 1
      vertex -15.564 -9.81595 1
    endloop
  endfacet
  facet normal 0 0 1
    outer loop
      vertex -15.8498 9.08575 1
      vertex -10.8 11.5 1
      vertex -15.8042 9.23605 1
    endloop
  endfacet
  facet normal 0 0 1
    outer loop
      vertex -10.8 -11.5 1
      vertex -15.6955 -9.53073 1
      vertex -15.6326 -9.67464 1
    endloop
  endfacet
  facet normal 0 0 1
    outer loop
      vertex -10.8 11.5 1
      vertex -15.8498 9.08575 1
      vertex -16 8 1
    endloop
  endfacet
  facet normal 0 0 1
    outer loop
      vertex -10.8 -11.5 1
      vertex -15.7528 -9.38446 1
      vertex -15.6955 -9.53073 1
    endloop
  endfacet
  facet normal 0 0 1
    outer loop
      vertex -16 8 1
      vertex -15.8498 9.08575 1
      vertex -15.8895 8.93378 1
    endloop
  endfacet
  facet normal 0 0 1
    outer loop
      vertex -10.8 -11.5 1
      vertex -15.8042 -9.23605 1
      vertex -15.7528 -9.38446 1
    endloop
  endfacet
  facet normal 0 0 1
    outer loop
      vertex -16 8 1
      vertex -15.8895 8.93378 1
      vertex -15.9231 8.78035 1
    endloop
  endfacet
  facet normal 0 0 1
    outer loop
      vertex -10.8 -11.5 1
      vertex -15.8498 -9.08575 1
      vertex -15.8042 -9.23605 1
    endloop
  endfacet
  facet normal 0 0 1
    outer loop
      vertex -16 8 1
      vertex -15.9231 8.78035 1
      vertex -15.9507 8.62573 1
    endloop
  endfacet
  facet normal 0 0 1
    outer loop
      vertex -15.8498 -9.08575 1
      vertex -16 -8 1
      vertex -15.8895 -8.93378 1
    endloop
  endfacet
  facet normal 0 0 1
    outer loop
      vertex -16 8 1
      vertex -15.9507 8.62573 1
      vertex -15.9723 8.47014 1
    endloop
  endfacet
  facet normal 0 0 1
    outer loop
      vertex -15.8895 -8.93378 1
      vertex -16 -8 1
      vertex -15.9231 -8.78035 1
    endloop
  endfacet
  facet normal 0 0 1
    outer loop
      vertex -16 8 1
      vertex -15.9723 8.47014 1
      vertex -15.9877 8.31383 1
    endloop
  endfacet
  facet normal 0 0 1
    outer loop
      vertex -15.9231 -8.78035 1
      vertex -16 -8 1
      vertex -15.9507 -8.62573 1
    endloop
  endfacet
  facet normal 0 0 1
    outer loop
      vertex -16 8 1
      vertex -15.9877 8.31383 1
      vertex -15.9969 8.15703 1
    endloop
  endfacet
  facet normal 0 0 1
    outer loop
      vertex -15.9507 -8.62573 1
      vertex -16 -8 1
      vertex -15.9723 -8.47014 1
    endloop
  endfacet
  facet normal 0 0 1
    outer loop
      vertex -15.9723 -8.47014 1
      vertex -16 -8 1
      vertex -15.9877 -8.31383 1
    endloop
  endfacet
  facet normal 0 0 1
    outer loop
      vertex -15.9877 -8.31383 1
      vertex -16 -8 1
      vertex -15.9969 -8.15703 1
    endloop
  endfacet
  facet normal 0 0 1
    outer loop
      vertex 10.822 -0.571365 1
      vertex 10.8 11.5 1
      vertex 10.8 -0.600478 1
    endloop
  endfacet
  facet normal -0.84219 -0.53918 0
    outer loop
      vertex -15.3259 -10.2223 0
      vertex -15.4106 -10.09 1
      vertex -15.4106 -10.09 0
    endloop
  endfacet
  facet normal -0.84219 -0.53918 0
    outer loop
      vertex -15.4106 -10.09 1
      vertex -15.3259 -10.2223 0
      vertex -15.3259 -10.2223 1
    endloop
  endfacet
  facet normal 0.0980537 0.995181 -0
    outer loop
      vertex 12.4701 11.9723 0
      vertex 12.3138 11.9877 1
      vertex 12.4701 11.9723 1
    endloop
  endfacet
  facet normal 0.0980537 0.995181 0
    outer loop
      vertex 12.3138 11.9877 1
      vertex 12.4701 11.9723 0
      vertex 12.3138 11.9877 0
    endloop
  endfacet
  facet normal 0.995182 -0.0980475 0
    outer loop
      vertex 15.9723 -8.47014 1
      vertex 15.9877 -8.31383 0
      vertex 15.9877 -8.31383 1
    endloop
  endfacet
  facet normal 0.995182 -0.0980475 0
    outer loop
      vertex 15.9877 -8.31383 0
      vertex 15.9723 -8.47014 1
      vertex 15.9723 -8.47014 0
    endloop
  endfacet
  facet normal 1 -0 0
    outer loop
      vertex 16 -8 1
      vertex 16 8 0
      vertex 16 8 1
    endloop
  endfacet
  facet normal 1 0 0
    outer loop
      vertex 16 8 0
      vertex 16 -8 1
      vertex 16 -8 0
    endloop
  endfacet
  facet normal -0.0980537 -0.995181 0
    outer loop
      vertex -12.4701 -11.9723 0
      vertex -12.3138 -11.9877 1
      vertex -12.4701 -11.9723 1
    endloop
  endfacet
  facet normal -0.0980537 -0.995181 -0
    outer loop
      vertex -12.3138 -11.9877 1
      vertex -12.4701 -11.9723 0
      vertex -12.3138 -11.9877 0
    endloop
  endfacet
  facet normal -1 0 0
    outer loop
      vertex -16 -8 0
      vertex -16 8 1
      vertex -16 8 0
    endloop
  endfacet
  facet normal -1 -0 0
    outer loop
      vertex -16 8 1
      vertex -16 -8 0
      vertex -16 -8 1
    endloop
  endfacet
  facet normal 0 0 -1
    outer loop
      vertex 14.178 -7.42863 0
      vertex 16 -8 0
      vertex 15.9969 -8.15703 0
    endloop
  endfacet
  facet normal 0 0 -1
    outer loop
      vertex 16 -8 0
      vertex 14.4988 -1.44112 0
      vertex 16 8 0
    endloop
  endfacet
  facet normal 0 0 -1
    outer loop
      vertex 14.1406 -7.47417 0
      vertex 15.9969 -8.15703 0
      vertex 15.9877 -8.31383 0
    endloop
  endfacet
  facet normal 0 0 -1
    outer loop
      vertex 14.4954 -1.38232 0
      vertex 16 8 0
      vertex 14.4988 -1.44112 0
    endloop
  endfacet
  facet normal 0 0 -1
    outer loop
      vertex 14.1015 -7.51819 0
      vertex 15.9877 -8.31383 0
      vertex 15.9723 -8.47014 0
    endloop
  endfacet
  facet normal 0 0 -1
    outer loop
      vertex 14.4896 -1.3237 0
      vertex 16 8 0
      vertex 14.4954 -1.38232 0
    endloop
  endfacet
  facet normal 0 0 -1
    outer loop
      vertex 14.0607 -7.56065 0
      vertex 15.9723 -8.47014 0
      vertex 15.9507 -8.62573 0
    endloop
  endfacet
  facet normal 0 0 -1
    outer loop
      vertex 14.4815 -1.26535 0
      vertex 16 8 0
      vertex 14.4896 -1.3237 0
    endloop
  endfacet
  facet normal 0 0 -1
    outer loop
      vertex 14.0182 -7.60147 0
      vertex 15.9507 -8.62573 0
      vertex 15.9231 -8.78035 0
    endloop
  endfacet
  facet normal 0 0 -1
    outer loop
      vertex 14.4712 -1.20737 0
      vertex 16 8 0
      vertex 14.4815 -1.26535 0
    endloop
  endfacet
  facet normal 0 0 -1
    outer loop
      vertex 13.9742 -7.64059 0
      vertex 15.9231 -8.78035 0
      vertex 15.8895 -8.93378 0
    endloop
  endfacet
  facet normal 0 0 -1
    outer loop
      vertex 14.4585 -1.14984 0
      vertex 16 8 0
      vertex 14.4712 -1.20737 0
    endloop
  endfacet
  facet normal 0 0 -1
    outer loop
      vertex 13.9286 -7.67796 0
      vertex 15.8895 -8.93378 0
      vertex 15.8498 -9.08575 0
    endloop
  endfacet
  facet normal 0 0 -1
    outer loop
      vertex 14.4437 -1.09285 0
      vertex 16 8 0
      vertex 14.4585 -1.14984 0
    endloop
  endfacet
  facet normal 0 0 -1
    outer loop
      vertex 13.8817 -7.71352 0
      vertex 15.8498 -9.08575 0
      vertex 15.8042 -9.23605 0
    endloop
  endfacet
  facet normal 0 0 -1
    outer loop
      vertex 14.4266 -1.03648 0
      vertex 16 8 0
      vertex 14.4437 -1.09285 0
    endloop
  endfacet
  facet normal 0 0 -1
    outer loop
      vertex 13.8333 -7.74719 0
      vertex 15.8042 -9.23605 0
      vertex 15.7528 -9.38446 0
    endloop
  endfacet
  facet normal 0 0 -1
    outer loop
      vertex 14.4073 -0.980835 0
      vertex 16 8 0
      vertex 14.4266 -1.03648 0
    endloop
  endfacet
  facet normal 0 0 -1
    outer loop
      vertex 13.7837 -7.77895 0
      vertex 15.7528 -9.38446 0
      vertex 15.6955 -9.53073 0
    endloop
  endfacet
  facet normal 0 0 -1
    outer loop
      vertex 14.3858 -0.92598 0
      vertex 16 8 0
      vertex 14.4073 -0.980835 0
    endloop
  endfacet
  facet normal 0 0 -1
    outer loop
      vertex 13.7329 -7.80873 0
      vertex 15.6955 -9.53073 0
      vertex 15.6326 -9.67464 0
    endloop
  endfacet
  facet normal 0 0 -1
    outer loop
      vertex 14.3622 -0.872025 0
      vertex 16 8 0
      vertex 14.3858 -0.92598 0
    endloop
  endfacet
  facet normal 0 0 -1
    outer loop
      vertex 13.681 -7.8365 0
      vertex 15.6326 -9.67464 0
      vertex 15.564 -9.81595 0
    endloop
  endfacet
  facet normal 0 0 -1
    outer loop
      vertex 14.3365 -0.819016 0
      vertex 16 8 0
      vertex 14.3622 -0.872025 0
    endloop
  endfacet
  facet normal 0 0 -1
    outer loop
      vertex 13.628 -7.86221 0
      vertex 15.564 -9.81595 0
      vertex 15.49 -9.95448 0
    endloop
  endfacet
  facet normal 0 0 -1
    outer loop
      vertex 14.3087 -0.767075 0
      vertex 16 8 0
      vertex 14.3365 -0.819016 0
    endloop
  endfacet
  facet normal 0 0 -1
    outer loop
      vertex 13.574 -7.88582 0
      vertex 15.49 -9.95448 0
      vertex 15.4106 -10.09 0
    endloop
  endfacet
  facet normal 0 0 -1
    outer loop
      vertex 16 -8 0
      vertex 14.5 -1.5 0
      vertex 14.4988 -1.44112 0
    endloop
  endfacet
  facet normal 0 0 -1
    outer loop
      vertex 13.5192 -7.90727 0
      vertex 15.4106 -10.09 0
      vertex 15.3259 -10.2223 0
    endloop
  endfacet
  facet normal 0 0 -1
    outer loop
      vertex 14.2789 -0.716263 0
      vertex 16 8 0
      vertex 14.3087 -0.767075 0
    endloop
  endfacet
  facet normal 0 0 -1
    outer loop
      vertex 13.5192 -7.90727 0
      vertex 15.3259 -10.2223 0
      vertex 15.2361 -10.3511 0
    endloop
  endfacet
  facet normal 0 0 -1
    outer loop
      vertex 14.2472 -0.666656 0
      vertex 16 8 0
      vertex 14.2789 -0.716263 0
    endloop
  endfacet
  facet normal 0 0 -1
    outer loop
      vertex 13.4635 -7.92657 0
      vertex 15.2361 -10.3511 0
      vertex 15.1413 -10.4764 0
    endloop
  endfacet
  facet normal 0 0 -1
    outer loop
      vertex 14.2135 -0.618332 0
      vertex 16 8 0
      vertex 14.2472 -0.666656 0
    endloop
  endfacet
  facet normal 0 0 -1
    outer loop
      vertex 13.4072 -7.94368 0
      vertex 15.1413 -10.4764 0
      vertex 15.0416 -10.5978 0
    endloop
  endfacet
  facet normal 0 0 -1
    outer loop
      vertex 14.178 -0.571365 0
      vertex 16 8 0
      vertex 14.2135 -0.618332 0
    endloop
  endfacet
  facet normal 0 0 -1
    outer loop
      vertex 13.3502 -7.95854 0
      vertex 15.0416 -10.5978 0
      vertex 14.9373 -10.7152 0
    endloop
  endfacet
  facet normal 0 0 -1
    outer loop
      vertex 14.1406 -0.525833 0
      vertex 16 8 0
      vertex 14.178 -0.571365 0
    endloop
  endfacet
  facet normal 0 0 -1
    outer loop
      vertex 13.3502 -7.95854 0
      vertex 14.9373 -10.7152 0
      vertex 14.8284 -10.8284 0
    endloop
  endfacet
  facet normal 0 0 -1
    outer loop
      vertex 14.1015 -0.481812 0
      vertex 16 8 0
      vertex 14.1406 -0.525833 0
    endloop
  endfacet
  facet normal 0 0 -1
    outer loop
      vertex 13.2926 -7.97118 0
      vertex 14.8284 -10.8284 0
      vertex 14.7152 -10.9373 0
    endloop
  endfacet
  facet normal 0 0 -1
    outer loop
      vertex 14.0607 -0.439346 0
      vertex 16 8 0
      vertex 14.1015 -0.481812 0
    endloop
  endfacet
  facet normal 0 0 -1
    outer loop
      vertex 13.2346 -7.98152 0
      vertex 14.7152 -10.9373 0
      vertex 14.5978 -11.0416 0
    endloop
  endfacet
  facet normal 0 0 -1
    outer loop
      vertex 14.0182 -0.398529 0
      vertex 16 8 0
      vertex 14.0607 -0.439346 0
    endloop
  endfacet
  facet normal 0 0 -1
    outer loop
      vertex 16 -8 0
      vertex 14.5 -6.5 0
      vertex 14.5 -1.5 0
    endloop
  endfacet
  facet normal 0 0 -1
    outer loop
      vertex 16 -8 0
      vertex 14.4988 -6.55888 0
      vertex 14.5 -6.5 0
    endloop
  endfacet
  facet normal 0 0 -1
    outer loop
      vertex 16 -8 0
      vertex 14.4954 -6.61768 0
      vertex 14.4988 -6.55888 0
    endloop
  endfacet
  facet normal 0 0 -1
    outer loop
      vertex 16 -8 0
      vertex 14.4896 -6.6763 0
      vertex 14.4954 -6.61768 0
    endloop
  endfacet
  facet normal 0 0 -1
    outer loop
      vertex 16 -8 0
      vertex 14.4815 -6.73465 0
      vertex 14.4896 -6.6763 0
    endloop
  endfacet
  facet normal 0 0 -1
    outer loop
      vertex 13.1763 -7.98959 0
      vertex 14.5978 -11.0416 0
      vertex 14.4764 -11.1413 0
    endloop
  endfacet
  facet normal 0 0 -1
    outer loop
      vertex 16 -8 0
      vertex 14.4712 -6.79263 0
      vertex 14.4815 -6.73465 0
    endloop
  endfacet
  facet normal 0 0 -1
    outer loop
      vertex 16 -8 0
      vertex 14.4585 -6.85016 0
      vertex 14.4712 -6.79263 0
    endloop
  endfacet
  facet normal 0 0 -1
    outer loop
      vertex 16 -8 0
      vertex 14.4437 -6.90715 0
      vertex 14.4585 -6.85016 0
    endloop
  endfacet
  facet normal 0 0 -1
    outer loop
      vertex 16 -8 0
      vertex 14.4266 -6.96352 0
      vertex 14.4437 -6.90715 0
    endloop
  endfacet
  facet normal 0 0 -1
    outer loop
      vertex 16 -8 0
      vertex 14.4073 -7.01917 0
      vertex 14.4266 -6.96352 0
    endloop
  endfacet
  facet normal 0 0 -1
    outer loop
      vertex 16 -8 0
      vertex 14.3858 -7.07402 0
      vertex 14.4073 -7.01917 0
    endloop
  endfacet
  facet normal 0 0 -1
    outer loop
      vertex 16 -8 0
      vertex 14.3622 -7.12798 0
      vertex 14.3858 -7.07402 0
    endloop
  endfacet
  facet normal 0 0 -1
    outer loop
      vertex 13.1763 -7.98959 0
      vertex 14.4764 -11.1413 0
      vertex 14.3511 -11.2361 0
    endloop
  endfacet
  facet normal 0 0 -1
    outer loop
      vertex 16 -8 0
      vertex 14.3365 -7.18098 0
      vertex 14.3622 -7.12798 0
    endloop
  endfacet
  facet normal 0 0 -1
    outer loop
      vertex 16 -8 0
      vertex 14.3087 -7.23293 0
      vertex 14.3365 -7.18098 0
    endloop
  endfacet
  facet normal 0 0 -1
    outer loop
      vertex 16 -8 0
      vertex 14.2789 -7.28374 0
      vertex 14.3087 -7.23293 0
    endloop
  endfacet
  facet normal 0 0 -1
    outer loop
      vertex 16 -8 0
      vertex 14.2472 -7.33334 0
      vertex 14.2789 -7.28374 0
    endloop
  endfacet
  facet normal 0 0 -1
    outer loop
      vertex 13.1177 -7.99536 0
      vertex 14.3511 -11.2361 0
      vertex 14.2223 -11.3259 0
    endloop
  endfacet
  facet normal 0 0 -1
    outer loop
      vertex 16 -8 0
      vertex 14.2135 -7.38167 0
      vertex 14.2472 -7.33334 0
    endloop
  endfacet
  facet normal 0 0 -1
    outer loop
      vertex 16 -8 0
      vertex 14.178 -7.42863 0
      vertex 14.2135 -7.38167 0
    endloop
  endfacet
  facet normal 0 0 -1
    outer loop
      vertex 15.9969 -8.15703 0
      vertex 14.1406 -7.47417 0
      vertex 14.178 -7.42863 0
    endloop
  endfacet
  facet normal 0 0 -1
    outer loop
      vertex 15.9877 -8.31383 0
      vertex 14.1015 -7.51819 0
      vertex 14.1406 -7.47417 0
    endloop
  endfacet
  facet normal 0 0 -1
    outer loop
      vertex 13.0589 -7.99884 0
      vertex 14.2223 -11.3259 0
      vertex 14.09 -11.4106 0
    endloop
  endfacet
  facet normal 0 0 -1
    outer loop
      vertex 15.9723 -8.47014 0
      vertex 14.0607 -7.56065 0
      vertex 14.1015 -7.51819 0
    endloop
  endfacet
  facet normal 0 0 -1
    outer loop
      vertex 15.9507 -8.62573 0
      vertex 14.0182 -7.60147 0
      vertex 14.0607 -7.56065 0
    endloop
  endfacet
  facet normal 0 0 -1
    outer loop
      vertex 15.9231 -8.78035 0
      vertex 13.9742 -7.64059 0
      vertex 14.0182 -7.60147 0
    endloop
  endfacet
  facet normal 0 0 -1
    outer loop
      vertex 13.0589 -7.99884 0
      vertex 14.09 -11.4106 0
      vertex 13.9545 -11.49 0
    endloop
  endfacet
  facet normal 0 0 -1
    outer loop
      vertex 15.8895 -8.93378 0
      vertex 13.9286 -7.67796 0
      vertex 13.9742 -7.64059 0
    endloop
  endfacet
  facet normal 0 0 -1
    outer loop
      vertex 15.8498 -9.08575 0
      vertex 13.8817 -7.71352 0
      vertex 13.9286 -7.67796 0
    endloop
  endfacet
  facet normal 0 0 -1
    outer loop
      vertex 15.8042 -9.23605 0
      vertex 13.8333 -7.74719 0
      vertex 13.8817 -7.71352 0
    endloop
  endfacet
  facet normal 0 0 -1
    outer loop
      vertex 13 -8 0
      vertex 13.9545 -11.49 0
      vertex 13.8159 -11.564 0
    endloop
  endfacet
  facet normal 0 0 -1
    outer loop
      vertex 15.7528 -9.38446 0
      vertex 13.7837 -7.77895 0
      vertex 13.8333 -7.74719 0
    endloop
  endfacet
  facet normal 0 0 -1
    outer loop
      vertex 15.6955 -9.53073 0
      vertex 13.7329 -7.80873 0
      vertex 13.7837 -7.77895 0
    endloop
  endfacet
  facet normal 0 0 -1
    outer loop
      vertex 15.6326 -9.67464 0
      vertex 13.681 -7.8365 0
      vertex 13.7329 -7.80873 0
    endloop
  endfacet
  facet normal 0 0 -1
    outer loop
      vertex 13 -8 0
      vertex 13.8159 -11.564 0
      vertex 13.6746 -11.6326 0
    endloop
  endfacet
  facet normal 0 0 -1
    outer loop
      vertex 15.564 -9.81595 0
      vertex 13.628 -7.86221 0
      vertex 13.681 -7.8365 0
    endloop
  endfacet
  facet normal 0 0 -1
    outer loop
      vertex 15.49 -9.95448 0
      vertex 13.574 -7.88582 0
      vertex 13.628 -7.86221 0
    endloop
  endfacet
  facet normal 0 0 -1
    outer loop
      vertex 13 -8 0
      vertex 13.6746 -11.6326 0
      vertex 13.5307 -11.6955 0
    endloop
  endfacet
  facet normal 0 0 -1
    outer loop
      vertex 15.4106 -10.09 0
      vertex 13.5192 -7.90727 0
      vertex 13.574 -7.88582 0
    endloop
  endfacet
  facet normal 0 0 -1
    outer loop
      vertex 15.2361 -10.3511 0
      vertex 13.4635 -7.92657 0
      vertex 13.5192 -7.90727 0
    endloop
  endfacet
  facet normal 0 0 -1
    outer loop
      vertex 15.1413 -10.4764 0
      vertex 13.4072 -7.94368 0
      vertex 13.4635 -7.92657 0
    endloop
  endfacet
  facet normal 0 0 -1
    outer loop
      vertex 13 -8 0
      vertex 13.5307 -11.6955 0
      vertex 13.3845 -11.7528 0
    endloop
  endfacet
  facet normal 0 0 -1
    outer loop
      vertex 15.0416 -10.5978 0
      vertex 13.3502 -7.95854 0
      vertex 13.4072 -7.94368 0
    endloop
  endfacet
  facet normal 0 0 -1
    outer loop
      vertex 14.8284 -10.8284 0
      vertex 13.2926 -7.97118 0
      vertex 13.3502 -7.95854 0
    endloop
  endfacet
  facet normal 0 0 -1
    outer loop
      vertex 13 -8 0
      vertex 13.3845 -11.7528 0
      vertex 13.2361 -11.8042 0
    endloop
  endfacet
  facet normal 0 0 -1
    outer loop
      vertex 14.7152 -10.9373 0
      vertex 13.2346 -7.98152 0
      vertex 13.2926 -7.97118 0
    endloop
  endfacet
  facet normal 0 0 -1
    outer loop
      vertex 14.5978 -11.0416 0
      vertex 13.1763 -7.98959 0
      vertex 13.2346 -7.98152 0
    endloop
  endfacet
  facet normal 0 0 -1
    outer loop
      vertex 14.3511 -11.2361 0
      vertex 13.1177 -7.99536 0
      vertex 13.1763 -7.98959 0
    endloop
  endfacet
  facet normal 0 0 -1
    outer loop
      vertex 13 -8 0
      vertex 13.2361 -11.8042 0
      vertex 13.0858 -11.8498 0
    endloop
  endfacet
  facet normal 0 0 -1
    outer loop
      vertex 14.2223 -11.3259 0
      vertex 13.0589 -7.99884 0
      vertex 13.1177 -7.99536 0
    endloop
  endfacet
  facet normal 0 0 -1
    outer loop
      vertex 13.9545 -11.49 0
      vertex 13 -8 0
      vertex 13.0589 -7.99884 0
    endloop
  endfacet
  facet normal 0 0 -1
    outer loop
      vertex 12.9338 -11.8895 0
      vertex 13 -8 0
      vertex 13.0858 -11.8498 0
    endloop
  endfacet
  facet normal 0 0 -1
    outer loop
      vertex 12 -8 0
      vertex 12.9338 -11.8895 0
      vertex 12.7803 -11.9231 0
    endloop
  endfacet
  facet normal 0 0 -1
    outer loop
      vertex 12 -8 0
      vertex 12.7803 -11.9231 0
      vertex 12.6257 -11.9507 0
    endloop
  endfacet
  facet normal 0 0 -1
    outer loop
      vertex 12 -8 0
      vertex 12.6257 -11.9507 0
      vertex 12.4701 -11.9723 0
    endloop
  endfacet
  facet normal 0 0 -1
    outer loop
      vertex 12 -8 0
      vertex 12.4701 -11.9723 0
      vertex 12.3138 -11.9877 0
    endloop
  endfacet
  facet normal 0 0 -1
    outer loop
      vertex 12 -8 0
      vertex 12.3138 -11.9877 0
      vertex 12.157 -11.9969 0
    endloop
  endfacet
  facet normal 0 0 -1
    outer loop
      vertex 12 -8 0
      vertex 12.157 -11.9969 0
      vertex 12 -12 0
    endloop
  endfacet
  facet normal 0 0 -1
    outer loop
      vertex 12.9338 -11.8895 0
      vertex 12 -8 0
      vertex 13 -8 0
    endloop
  endfacet
  facet normal 0 0 -1
    outer loop
      vertex 12 -12 0
      vertex 11.9411 -7.99884 0
      vertex 12 -8 0
    endloop
  endfacet
  facet normal 0 0 -1
    outer loop
      vertex 12 -12 0
      vertex 11.8823 -7.99536 0
      vertex 11.9411 -7.99884 0
    endloop
  endfacet
  facet normal 0 0 -1
    outer loop
      vertex 12 -12 0
      vertex 11.8237 -7.98959 0
      vertex 11.8823 -7.99536 0
    endloop
  endfacet
  facet normal 0 0 -1
    outer loop
      vertex 12 -12 0
      vertex 11.7654 -7.98152 0
      vertex 11.8237 -7.98959 0
    endloop
  endfacet
  facet normal 0 0 -1
    outer loop
      vertex 12 -12 0
      vertex 11.7074 -7.97118 0
      vertex 11.7654 -7.98152 0
    endloop
  endfacet
  facet normal 0 0 -1
    outer loop
      vertex 12 -12 0
      vertex 11.6498 -7.95854 0
      vertex 11.7074 -7.97118 0
    endloop
  endfacet
  facet normal 0 0 -1
    outer loop
      vertex 12 -12 0
      vertex 11.5928 -7.94368 0
      vertex 11.6498 -7.95854 0
    endloop
  endfacet
  facet normal 0 0 -1
    outer loop
      vertex 12 -12 0
      vertex 11.5365 -7.92657 0
      vertex 11.5928 -7.94368 0
    endloop
  endfacet
  facet normal 0 0 -1
    outer loop
      vertex 12 -12 0
      vertex 11.4808 -7.90727 0
      vertex 11.5365 -7.92657 0
    endloop
  endfacet
  facet normal 0 0 -1
    outer loop
      vertex 12 -12 0
      vertex 11.426 -7.88582 0
      vertex 11.4808 -7.90727 0
    endloop
  endfacet
  facet normal 0 0 -1
    outer loop
      vertex 12 -12 0
      vertex 11.372 -7.86221 0
      vertex 11.426 -7.88582 0
    endloop
  endfacet
  facet normal 0 0 -1
    outer loop
      vertex 12 -12 0
      vertex 11.319 -7.8365 0
      vertex 11.372 -7.86221 0
    endloop
  endfacet
  facet normal 0 0 -1
    outer loop
      vertex 12 -12 0
      vertex 11.2671 -7.80873 0
      vertex 11.319 -7.8365 0
    endloop
  endfacet
  facet normal 0 0 -1
    outer loop
      vertex 12 -12 0
      vertex 11.2163 -7.77895 0
      vertex 11.2671 -7.80873 0
    endloop
  endfacet
  facet normal 0 0 -1
    outer loop
      vertex 12 -12 0
      vertex 11.1667 -7.74719 0
      vertex 11.2163 -7.77895 0
    endloop
  endfacet
  facet normal 0 0 -1
    outer loop
      vertex 12 -12 0
      vertex 11.1183 -7.71352 0
      vertex 11.1667 -7.74719 0
    endloop
  endfacet
  facet normal 0 0 -1
    outer loop
      vertex 12 -12 0
      vertex 11.0714 -7.67796 0
      vertex 11.1183 -7.71352 0
    endloop
  endfacet
  facet normal 0 0 -1
    outer loop
      vertex 12 -12 0
      vertex 11.0258 -7.64059 0
      vertex 11.0714 -7.67796 0
    endloop
  endfacet
  facet normal 0 0 -1
    outer loop
      vertex 12 -12 0
      vertex 10.9818 -7.60147 0
      vertex 11.0258 -7.64059 0
    endloop
  endfacet
  facet normal 0 0 -1
    outer loop
      vertex 12 -12 0
      vertex 10.9393 -7.56065 0
      vertex 10.9818 -7.60147 0
    endloop
  endfacet
  facet normal 0 0 -1
    outer loop
      vertex 12 -12 0
      vertex 10.8985 -7.51819 0
      vertex 10.9393 -7.56065 0
    endloop
  endfacet
  facet normal 0 0 -1
    outer loop
      vertex 12 -12 0
      vertex 10.8594 -7.47417 0
      vertex 10.8985 -7.51819 0
    endloop
  endfacet
  facet normal 0 0 -1
    outer loop
      vertex 12 -12 0
      vertex 10.822 -7.42863 0
      vertex 10.8594 -7.47417 0
    endloop
  endfacet
  facet normal 0 0 -1
    outer loop
      vertex 12 -12 0
      vertex 10.7865 -7.38167 0
      vertex 10.822 -7.42863 0
    endloop
  endfacet
  facet normal 0 0 -1
    outer loop
      vertex 12 -12 0
      vertex 10.7528 -7.33334 0
      vertex 10.7865 -7.38167 0
    endloop
  endfacet
  facet normal 0 0 -1
    outer loop
      vertex 12 -12 0
      vertex 10.7211 -7.28374 0
      vertex 10.7528 -7.33334 0
    endloop
  endfacet
  facet normal 0 0 -1
    outer loop
      vertex 12 -12 0
      vertex 10.6913 -7.23293 0
      vertex 10.7211 -7.28374 0
    endloop
  endfacet
  facet normal 0 0 -1
    outer loop
      vertex 12 -12 0
      vertex 10.6635 -7.18098 0
      vertex 10.6913 -7.23293 0
    endloop
  endfacet
  facet normal 0 0 -1
    outer loop
      vertex -12 -12 0
      vertex 10.6635 -7.18098 0
      vertex 12 -12 0
    endloop
  endfacet
  facet normal -0 0 -1
    outer loop
      vertex 10.6635 -7.18098 0
      vertex -12 -12 0
      vertex 10.6378 -7.12798 0
    endloop
  endfacet
  facet normal -0 0 -1
    outer loop
      vertex 10.6378 -7.12798 0
      vertex -12 -12 0
      vertex 10.6142 -7.07402 0
    endloop
  endfacet
  facet normal -0 0 -1
    outer loop
      vertex 10.6142 -7.07402 0
      vertex -12 -12 0
      vertex 10.5927 -7.01917 0
    endloop
  endfacet
  facet normal -0 0 -1
    outer loop
      vertex 10.5927 -7.01917 0
      vertex -12 -12 0
      vertex 10.5734 -6.96352 0
    endloop
  endfacet
  facet normal -0 0 -1
    outer loop
      vertex 10.5 -6.5 0
      vertex -12 -12 0
      vertex 10.5 -1.5 0
    endloop
  endfacet
  facet normal -0 0 -1
    outer loop
      vertex 10.5012 -6.55888 0
      vertex -12 -12 0
      vertex 10.5 -6.5 0
    endloop
  endfacet
  facet normal -0 0 -1
    outer loop
      vertex 10.5046 -6.61768 0
      vertex -12 -12 0
      vertex 10.5012 -6.55888 0
    endloop
  endfacet
  facet normal -0 0 -1
    outer loop
      vertex 10.5104 -6.6763 0
      vertex -12 -12 0
      vertex 10.5046 -6.61768 0
    endloop
  endfacet
  facet normal -0 0 -1
    outer loop
      vertex 10.5185 -6.73465 0
      vertex -12 -12 0
      vertex 10.5104 -6.6763 0
    endloop
  endfacet
  facet normal -0 0 -1
    outer loop
      vertex 10.5288 -6.79263 0
      vertex -12 -12 0
      vertex 10.5185 -6.73465 0
    endloop
  endfacet
  facet normal -0 0 -1
    outer loop
      vertex 10.5415 -6.85016 0
      vertex -12 -12 0
      vertex 10.5288 -6.79263 0
    endloop
  endfacet
  facet normal -0 0 -1
    outer loop
      vertex 10.5563 -6.90715 0
      vertex -12 -12 0
      vertex 10.5415 -6.85016 0
    endloop
  endfacet
  facet normal -0 0 -1
    outer loop
      vertex 10.5734 -6.96352 0
      vertex -12 -12 0
      vertex 10.5563 -6.90715 0
    endloop
  endfacet
  facet normal 0 0 -1
    outer loop
      vertex 13.9742 -0.359406 0
      vertex 16 8 0
      vertex 14.0182 -0.398529 0
    endloop
  endfacet
  facet normal 0 0 -1
    outer loop
      vertex 13.9286 -0.322037 0
      vertex 16 8 0
      vertex 13.9742 -0.359406 0
    endloop
  endfacet
  facet normal 0 0 -1
    outer loop
      vertex 13.8817 -0.286484 0
      vertex 16 8 0
      vertex 13.9286 -0.322037 0
    endloop
  endfacet
  facet normal 0 0 -1
    outer loop
      vertex 13.8333 -0.252808 0
      vertex 16 8 0
      vertex 13.8817 -0.286484 0
    endloop
  endfacet
  facet normal 0 0 -1
    outer loop
      vertex 13.7837 -0.221054 0
      vertex 16 8 0
      vertex 13.8333 -0.252808 0
    endloop
  endfacet
  facet normal 0 0 -1
    outer loop
      vertex 13.7329 -0.191269 0
      vertex 16 8 0
      vertex 13.7837 -0.221054 0
    endloop
  endfacet
  facet normal 0 0 -1
    outer loop
      vertex 13.681 -0.163498 0
      vertex 16 8 0
      vertex 13.7329 -0.191269 0
    endloop
  endfacet
  facet normal 0 0 -1
    outer loop
      vertex 13.628 -0.137787 0
      vertex 16 8 0
      vertex 13.681 -0.163498 0
    endloop
  endfacet
  facet normal 0 0 -1
    outer loop
      vertex 13.574 -0.114182 0
      vertex 16 8 0
      vertex 13.628 -0.137787 0
    endloop
  endfacet
  facet normal 0 0 -1
    outer loop
      vertex 13.5192 -0.0927277 0
      vertex 16 8 0
      vertex 13.574 -0.114182 0
    endloop
  endfacet
  facet normal 0 0 -1
    outer loop
      vertex 13.4635 -0.0734253 0
      vertex 16 8 0
      vertex 13.5192 -0.0927277 0
    endloop
  endfacet
  facet normal 0 0 -1
    outer loop
      vertex 13.4072 -0.0563202 0
      vertex 16 8 0
      vertex 13.4635 -0.0734253 0
    endloop
  endfacet
  facet normal 0 0 -1
    outer loop
      vertex 13.3502 -0.0414581 0
      vertex 16 8 0
      vertex 13.4072 -0.0563202 0
    endloop
  endfacet
  facet normal 0 0 -1
    outer loop
      vertex 13.2926 -0.0288239 0
      vertex 16 8 0
      vertex 13.3502 -0.0414581 0
    endloop
  endfacet
  facet normal 0 0 -1
    outer loop
      vertex 13.2346 -0.0184784 0
      vertex 16 8 0
      vertex 13.2926 -0.0288239 0
    endloop
  endfacet
  facet normal 0 0 -1
    outer loop
      vertex 13.1763 -0.0104065 0
      vertex 16 8 0
      vertex 13.2346 -0.0184784 0
    endloop
  endfacet
  facet normal 0 0 -1
    outer loop
      vertex 13.1177 -0.00463867 0
      vertex 16 8 0
      vertex 13.1763 -0.0104065 0
    endloop
  endfacet
  facet normal 0 0 -1
    outer loop
      vertex 13.0589 -0.00115967 0
      vertex 16 8 0
      vertex 13.1177 -0.00463867 0
    endloop
  endfacet
  facet normal 0 0 -1
    outer loop
      vertex 13 0 0
      vertex 16 8 0
      vertex 13.0589 -0.00115967 0
    endloop
  endfacet
  facet normal 0 0 -1
    outer loop
      vertex 12 0 0
      vertex 16 8 0
      vertex 13 0 0
    endloop
  endfacet
  facet normal 0 0 -1
    outer loop
      vertex 11.9411 -0.00115967 0
      vertex 16 8 0
      vertex 12 0 0
    endloop
  endfacet
  facet normal 0 0 -1
    outer loop
      vertex 11.8823 -0.00463867 0
      vertex 16 8 0
      vertex 11.9411 -0.00115967 0
    endloop
  endfacet
  facet normal 0 0 -1
    outer loop
      vertex 11.8237 -0.0104065 0
      vertex 16 8 0
      vertex 11.8823 -0.00463867 0
    endloop
  endfacet
  facet normal 0 0 -1
    outer loop
      vertex 11.7654 -0.0184784 0
      vertex 16 8 0
      vertex 11.8237 -0.0104065 0
    endloop
  endfacet
  facet normal 0 0 -1
    outer loop
      vertex 11.7074 -0.0288239 0
      vertex 16 8 0
      vertex 11.7654 -0.0184784 0
    endloop
  endfacet
  facet normal 0 0 -1
    outer loop
      vertex 11.6498 -0.0414581 0
      vertex 16 8 0
      vertex 11.7074 -0.0288239 0
    endloop
  endfacet
  facet normal 0 -0 -1
    outer loop
      vertex 12 12 0
      vertex 16 8 0
      vertex 11.6498 -0.0414581 0
    endloop
  endfacet
  facet normal 0 0 -1
    outer loop
      vertex 16 8 0
      vertex 12 12 0
      vertex 15.9969 8.15703 0
    endloop
  endfacet
  facet normal 0 0 -1
    outer loop
      vertex 15.9969 8.15703 0
      vertex 12 12 0
      vertex 15.9877 8.31383 0
    endloop
  endfacet
  facet normal 0 0 -1
    outer loop
      vertex 15.9723 8.47014 0
      vertex 12 12 0
      vertex 15.9507 8.62573 0
    endloop
  endfacet
  facet normal 0 0 -1
    outer loop
      vertex 15.9507 8.62573 0
      vertex 12 12 0
      vertex 15.9231 8.78035 0
    endloop
  endfacet
  facet normal 0 0 -1
    outer loop
      vertex 15.9231 8.78035 0
      vertex 12 12 0
      vertex 15.8895 8.93378 0
    endloop
  endfacet
  facet normal 0 0 -1
    outer loop
      vertex 15.8895 8.93378 0
      vertex 12 12 0
      vertex 15.8498 9.08575 0
    endloop
  endfacet
  facet normal 0 0 -1
    outer loop
      vertex 15.8042 9.23605 0
      vertex 12 12 0
      vertex 15.7528 9.38446 0
    endloop
  endfacet
  facet normal 0 0 -1
    outer loop
      vertex 15.7528 9.38446 0
      vertex 12 12 0
      vertex 15.6955 9.53073 0
    endloop
  endfacet
  facet normal 0 0 -1
    outer loop
      vertex 15.6955 9.53073 0
      vertex 12 12 0
      vertex 15.6326 9.67464 0
    endloop
  endfacet
  facet normal 0 0 -1
    outer loop
      vertex 15.6326 9.67464 0
      vertex 12 12 0
      vertex 15.564 9.81595 0
    endloop
  endfacet
  facet normal 0 0 -1
    outer loop
      vertex 15.564 9.81595 0
      vertex 12 12 0
      vertex 15.49 9.95448 0
    endloop
  endfacet
  facet normal 0 0 -1
    outer loop
      vertex 15.4106 10.09 0
      vertex 12 12 0
      vertex 15.3259 10.2223 0
    endloop
  endfacet
  facet normal 0 0 -1
    outer loop
      vertex 15.3259 10.2223 0
      vertex 12 12 0
      vertex 15.2361 10.3511 0
    endloop
  endfacet
  facet normal 0 0 -1
    outer loop
      vertex 15.2361 10.3511 0
      vertex 12 12 0
      vertex 15.1413 10.4764 0
    endloop
  endfacet
  facet normal 0 0 -1
    outer loop
      vertex 15.1413 10.4764 0
      vertex 12 12 0
      vertex 15.0416 10.5978 0
    endloop
  endfacet
  facet normal 0 0 -1
    outer loop
      vertex 15.0416 10.5978 0
      vertex 12 12 0
      vertex 14.9373 10.7152 0
    endloop
  endfacet
  facet normal 0 0 -1
    outer loop
      vertex 14.8284 10.8284 0
      vertex 12 12 0
      vertex 14.7152 10.9373 0
    endloop
  endfacet
  facet normal 0 0 -1
    outer loop
      vertex 14.7152 10.9373 0
      vertex 12 12 0
      vertex 14.5978 11.0416 0
    endloop
  endfacet
  facet normal 0 0 -1
    outer loop
      vertex 14.5978 11.0416 0
      vertex 12 12 0
      vertex 14.4764 11.1413 0
    endloop
  endfacet
  facet normal 0 0 -1
    outer loop
      vertex 14.4764 11.1413 0
      vertex 12 12 0
      vertex 14.3511 11.2361 0
    endloop
  endfacet
  facet normal 0 0 -1
    outer loop
      vertex 14.3511 11.2361 0
      vertex 12 12 0
      vertex 14.2223 11.3259 0
    endloop
  endfacet
  facet normal 0 0 -1
    outer loop
      vertex 14.2223 11.3259 0
      vertex 12 12 0
      vertex 14.09 11.4106 0
    endloop
  endfacet
  facet normal 0 0 -1
    outer loop
      vertex 13.9545 11.49 0
      vertex 12 12 0
      vertex 13.8159 11.564 0
    endloop
  endfacet
  facet normal 0 0 -1
    outer loop
      vertex 13.8159 11.564 0
      vertex 12 12 0
      vertex 13.6746 11.6326 0
    endloop
  endfacet
  facet normal 0 0 -1
    outer loop
      vertex 13.6746 11.6326 0
      vertex 12 12 0
      vertex 13.5307 11.6955 0
    endloop
  endfacet
  facet normal 0 0 -1
    outer loop
      vertex 13.5307 11.6955 0
      vertex 12 12 0
      vertex 13.3845 11.7528 0
    endloop
  endfacet
  facet normal 0 0 -1
    outer loop
      vertex 13.3845 11.7528 0
      vertex 12 12 0
      vertex 13.2361 11.8042 0
    endloop
  endfacet
  facet normal 0 0 -1
    outer loop
      vertex 13.2361 11.8042 0
      vertex 12 12 0
      vertex 13.0858 11.8498 0
    endloop
  endfacet
  facet normal 0 0 -1
    outer loop
      vertex 12.9338 11.8895 0
      vertex 12 12 0
      vertex 12.7803 11.9231 0
    endloop
  endfacet
  facet normal 0 0 -1
    outer loop
      vertex 12.7803 11.9231 0
      vertex 12 12 0
      vertex 12.6257 11.9507 0
    endloop
  endfacet
  facet normal 0 0 -1
    outer loop
      vertex 12.6257 11.9507 0
      vertex 12 12 0
      vertex 12.4701 11.9723 0
    endloop
  endfacet
  facet normal 0 0 -1
    outer loop
      vertex 12.4701 11.9723 0
      vertex 12 12 0
      vertex 12.3138 11.9877 0
    endloop
  endfacet
  facet normal 0 0 -1
    outer loop
      vertex 12.3138 11.9877 0
      vertex 12 12 0
      vertex 12.157 11.9969 0
    endloop
  endfacet
  facet normal 0 0 -1
    outer loop
      vertex 13.0858 11.8498 0
      vertex 12 12 0
      vertex 12.9338 11.8895 0
    endloop
  endfacet
  facet normal 0 0 -1
    outer loop
      vertex 14.09 11.4106 0
      vertex 12 12 0
      vertex 13.9545 11.49 0
    endloop
  endfacet
  facet normal 0 0 -1
    outer loop
      vertex 14.9373 10.7152 0
      vertex 12 12 0
      vertex 14.8284 10.8284 0
    endloop
  endfacet
  facet normal 0 0 -1
    outer loop
      vertex 15.49 9.95448 0
      vertex 12 12 0
      vertex 15.4106 10.09 0
    endloop
  endfacet
  facet normal 0 0 -1
    outer loop
      vertex 15.8498 9.08575 0
      vertex 12 12 0
      vertex 15.8042 9.23605 0
    endloop
  endfacet
  facet normal 0 0 -1
    outer loop
      vertex 15.9877 8.31383 0
      vertex 12 12 0
      vertex 15.9723 8.47014 0
    endloop
  endfacet
  facet normal 0 0 -1
    outer loop
      vertex 11.5928 -0.0563202 0
      vertex 12 12 0
      vertex 11.6498 -0.0414581 0
    endloop
  endfacet
  facet normal 0 0 -1
    outer loop
      vertex 11.5365 -0.0734253 0
      vertex 12 12 0
      vertex 11.5928 -0.0563202 0
    endloop
  endfacet
  facet normal 0 0 -1
    outer loop
      vertex 11.4808 -0.0927277 0
      vertex 12 12 0
      vertex 11.5365 -0.0734253 0
    endloop
  endfacet
  facet normal 0 0 -1
    outer loop
      vertex 11.426 -0.114182 0
      vertex 12 12 0
      vertex 11.4808 -0.0927277 0
    endloop
  endfacet
  facet normal 0 0 -1
    outer loop
      vertex 11.372 -0.137787 0
      vertex 12 12 0
      vertex 11.426 -0.114182 0
    endloop
  endfacet
  facet normal 0 0 -1
    outer loop
      vertex 11.319 -0.163498 0
      vertex 12 12 0
      vertex 11.372 -0.137787 0
    endloop
  endfacet
  facet normal 0 0 -1
    outer loop
      vertex 11.2671 -0.191269 0
      vertex 12 12 0
      vertex 11.319 -0.163498 0
    endloop
  endfacet
  facet normal 0 0 -1
    outer loop
      vertex 11.2163 -0.221054 0
      vertex 12 12 0
      vertex 11.2671 -0.191269 0
    endloop
  endfacet
  facet normal 0 0 -1
    outer loop
      vertex 11.1667 -0.252808 0
      vertex 12 12 0
      vertex 11.2163 -0.221054 0
    endloop
  endfacet
  facet normal 0 0 -1
    outer loop
      vertex 11.1183 -0.286484 0
      vertex 12 12 0
      vertex 11.1667 -0.252808 0
    endloop
  endfacet
  facet normal 0 0 -1
    outer loop
      vertex 11.0714 -0.322037 0
      vertex 12 12 0
      vertex 11.1183 -0.286484 0
    endloop
  endfacet
  facet normal 0 0 -1
    outer loop
      vertex 11.0258 -0.359406 0
      vertex 12 12 0
      vertex 11.0714 -0.322037 0
    endloop
  endfacet
  facet normal 0 0 -1
    outer loop
      vertex 10.9818 -0.398529 0
      vertex 12 12 0
      vertex 11.0258 -0.359406 0
    endloop
  endfacet
  facet normal 0 0 -1
    outer loop
      vertex 10.9393 -0.439346 0
      vertex 12 12 0
      vertex 10.9818 -0.398529 0
    endloop
  endfacet
  facet normal 0 0 -1
    outer loop
      vertex 10.8985 -0.481812 0
      vertex 12 12 0
      vertex 10.9393 -0.439346 0
    endloop
  endfacet
  facet normal 0 0 -1
    outer loop
      vertex 10.8594 -0.525833 0
      vertex 12 12 0
      vertex 10.8985 -0.481812 0
    endloop
  endfacet
  facet normal 0 0 -1
    outer loop
      vertex 10.822 -0.571365 0
      vertex 12 12 0
      vertex 10.8594 -0.525833 0
    endloop
  endfacet
  facet normal 0 0 -1
    outer loop
      vertex 10.7865 -0.618332 0
      vertex 12 12 0
      vertex 10.822 -0.571365 0
    endloop
  endfacet
  facet normal 0 0 -1
    outer loop
      vertex 10.7528 -0.666656 0
      vertex 12 12 0
      vertex 10.7865 -0.618332 0
    endloop
  endfacet
  facet normal 0 0 -1
    outer loop
      vertex -12 12 0
      vertex 10.7528 -0.666656 0
      vertex 10.7211 -0.716263 0
    endloop
  endfacet
  facet normal 0 0 -1
    outer loop
      vertex -12 12 0
      vertex 10.7211 -0.716263 0
      vertex 10.6913 -0.767075 0
    endloop
  endfacet
  facet normal 0 0 -1
    outer loop
      vertex -12 12 0
      vertex 10.6913 -0.767075 0
      vertex 10.6635 -0.819016 0
    endloop
  endfacet
  facet normal 0 0 -1
    outer loop
      vertex -12 12 0
      vertex 10.6635 -0.819016 0
      vertex 10.6378 -0.872025 0
    endloop
  endfacet
  facet normal 0 0 -1
    outer loop
      vertex -12 12 0
      vertex 10.6378 -0.872025 0
      vertex 10.6142 -0.92598 0
    endloop
  endfacet
  facet normal 0 0 -1
    outer loop
      vertex -12 12 0
      vertex 10.6142 -0.92598 0
      vertex 10.5927 -0.980835 0
    endloop
  endfacet
  facet normal 0 0 -1
    outer loop
      vertex -12 12 0
      vertex 10.5927 -0.980835 0
      vertex 10.5734 -1.03648 0
    endloop
  endfacet
  facet normal 0 0 -1
    outer loop
      vertex -12 12 0
      vertex 10.5734 -1.03648 0
      vertex 10.5563 -1.09285 0
    endloop
  endfacet
  facet normal 0 0 -1
    outer loop
      vertex -12 12 0
      vertex 10.5563 -1.09285 0
      vertex 10.5415 -1.14984 0
    endloop
  endfacet
  facet normal 0 0 -1
    outer loop
      vertex -12 12 0
      vertex 10.5415 -1.14984 0
      vertex 10.5288 -1.20737 0
    endloop
  endfacet
  facet normal 0 0 -1
    outer loop
      vertex -12 12 0
      vertex 10.5288 -1.20737 0
      vertex 10.5185 -1.26535 0
    endloop
  endfacet
  facet normal 0 0 -1
    outer loop
      vertex -12 12 0
      vertex 10.5185 -1.26535 0
      vertex 10.5104 -1.3237 0
    endloop
  endfacet
  facet normal 0 0 -1
    outer loop
      vertex -12 -12 0
      vertex 10.5012 -1.44112 0
      vertex 10.5 -1.5 0
    endloop
  endfacet
  facet normal 0 0 -1
    outer loop
      vertex -12 -12 0
      vertex 10.5046 -1.38232 0
      vertex 10.5012 -1.44112 0
    endloop
  endfacet
  facet normal 0 0 -1
    outer loop
      vertex -12 -12 0
      vertex 10.5104 -1.3237 0
      vertex 10.5046 -1.38232 0
    endloop
  endfacet
  facet normal 0 0 -1
    outer loop
      vertex -12 12 0
      vertex 10.5104 -1.3237 0
      vertex -12 -12 0
    endloop
  endfacet
  facet normal 0 0 -1
    outer loop
      vertex 10.7528 -0.666656 0
      vertex -12 12 0
      vertex 12 12 0
    endloop
  endfacet
  facet normal 0 0 -1
    outer loop
      vertex -16 -8 0
      vertex -12 -12 0
      vertex -12.157 -11.9969 0
    endloop
  endfacet
  facet normal 0 0 -1
    outer loop
      vertex -12 -12 0
      vertex -16 -8 0
      vertex -12 12 0
    endloop
  endfacet
  facet normal 0 0 -1
    outer loop
      vertex -16 -8 0
      vertex -12.157 -11.9969 0
      vertex -12.3138 -11.9877 0
    endloop
  endfacet
  facet normal 0 0 -1
    outer loop
      vertex -16 8 0
      vertex -12 12 0
      vertex -16 -8 0
    endloop
  endfacet
  facet normal 0 0 -1
    outer loop
      vertex -16 -8 0
      vertex -12.3138 -11.9877 0
      vertex -12.4701 -11.9723 0
    endloop
  endfacet
  facet normal 0 0 -1
    outer loop
      vertex -12 12 0
      vertex -16 8 0
      vertex -12.157 11.9969 0
    endloop
  endfacet
  facet normal 0 0 -1
    outer loop
      vertex -16 -8 0
      vertex -12.4701 -11.9723 0
      vertex -12.6257 -11.9507 0
    endloop
  endfacet
  facet normal 0 0 -1
    outer loop
      vertex -12.157 11.9969 0
      vertex -16 8 0
      vertex -12.3138 11.9877 0
    endloop
  endfacet
  facet normal 0 0 -1
    outer loop
      vertex -16 -8 0
      vertex -12.6257 -11.9507 0
      vertex -12.7803 -11.9231 0
    endloop
  endfacet
  facet normal 0 0 -1
    outer loop
      vertex -12.3138 11.9877 0
      vertex -16 8 0
      vertex -12.4701 11.9723 0
    endloop
  endfacet
  facet normal 0 0 -1
    outer loop
      vertex -16 -8 0
      vertex -12.7803 -11.9231 0
      vertex -12.9338 -11.8895 0
    endloop
  endfacet
  facet normal 0 0 -1
    outer loop
      vertex -12.4701 11.9723 0
      vertex -16 8 0
      vertex -12.6257 11.9507 0
    endloop
  endfacet
  facet normal 0 0 -1
    outer loop
      vertex -16 -8 0
      vertex -12.9338 -11.8895 0
      vertex -13.0858 -11.8498 0
    endloop
  endfacet
  facet normal 0 0 -1
    outer loop
      vertex -12.6257 11.9507 0
      vertex -16 8 0
      vertex -12.7803 11.9231 0
    endloop
  endfacet
  facet normal 0 0 -1
    outer loop
      vertex -16 -8 0
      vertex -13.0858 -11.8498 0
      vertex -13.2361 -11.8042 0
    endloop
  endfacet
  facet normal 0 0 -1
    outer loop
      vertex -12.7803 11.9231 0
      vertex -16 8 0
      vertex -12.9338 11.8895 0
    endloop
  endfacet
  facet normal 0 0 -1
    outer loop
      vertex -16 -8 0
      vertex -13.2361 -11.8042 0
      vertex -13.3845 -11.7528 0
    endloop
  endfacet
  facet normal 0 0 -1
    outer loop
      vertex -12.9338 11.8895 0
      vertex -16 8 0
      vertex -13.0858 11.8498 0
    endloop
  endfacet
  facet normal 0 0 -1
    outer loop
      vertex -16 -8 0
      vertex -13.3845 -11.7528 0
      vertex -13.5307 -11.6955 0
    endloop
  endfacet
  facet normal 0 0 -1
    outer loop
      vertex -13.0858 11.8498 0
      vertex -16 8 0
      vertex -13.2361 11.8042 0
    endloop
  endfacet
  facet normal 0 0 -1
    outer loop
      vertex -16 -8 0
      vertex -13.5307 -11.6955 0
      vertex -13.6746 -11.6326 0
    endloop
  endfacet
  facet normal 0 0 -1
    outer loop
      vertex -13.2361 11.8042 0
      vertex -16 8 0
      vertex -13.3845 11.7528 0
    endloop
  endfacet
  facet normal 0 0 -1
    outer loop
      vertex -16 -8 0
      vertex -13.6746 -11.6326 0
      vertex -13.8159 -11.564 0
    endloop
  endfacet
  facet normal 0 0 -1
    outer loop
      vertex -13.3845 11.7528 0
      vertex -16 8 0
      vertex -13.5307 11.6955 0
    endloop
  endfacet
  facet normal 0 0 -1
    outer loop
      vertex -16 -8 0
      vertex -13.8159 -11.564 0
      vertex -13.9545 -11.49 0
    endloop
  endfacet
  facet normal 0 0 -1
    outer loop
      vertex -13.5307 11.6955 0
      vertex -16 8 0
      vertex -13.6746 11.6326 0
    endloop
  endfacet
  facet normal 0 0 -1
    outer loop
      vertex -16 -8 0
      vertex -13.9545 -11.49 0
      vertex -14.09 -11.4106 0
    endloop
  endfacet
  facet normal 0 0 -1
    outer loop
      vertex -13.6746 11.6326 0
      vertex -16 8 0
      vertex -13.8159 11.564 0
    endloop
  endfacet
  facet normal 0 0 -1
    outer loop
      vertex -16 -8 0
      vertex -14.09 -11.4106 0
      vertex -14.2223 -11.3259 0
    endloop
  endfacet
  facet normal 0 0 -1
    outer loop
      vertex -13.8159 11.564 0
      vertex -16 8 0
      vertex -13.9545 11.49 0
    endloop
  endfacet
  facet normal 0 0 -1
    outer loop
      vertex -16 -8 0
      vertex -14.2223 -11.3259 0
      vertex -14.3511 -11.2361 0
    endloop
  endfacet
  facet normal 0 0 -1
    outer loop
      vertex -13.9545 11.49 0
      vertex -16 8 0
      vertex -14.09 11.4106 0
    endloop
  endfacet
  facet normal 0 0 -1
    outer loop
      vertex -16 -8 0
      vertex -14.3511 -11.2361 0
      vertex -14.4764 -11.1413 0
    endloop
  endfacet
  facet normal 0 0 -1
    outer loop
      vertex -14.09 11.4106 0
      vertex -16 8 0
      vertex -14.2223 11.3259 0
    endloop
  endfacet
  facet normal 0 0 -1
    outer loop
      vertex -16 -8 0
      vertex -14.4764 -11.1413 0
      vertex -14.5978 -11.0416 0
    endloop
  endfacet
  facet normal 0 0 -1
    outer loop
      vertex -14.2223 11.3259 0
      vertex -16 8 0
      vertex -14.3511 11.2361 0
    endloop
  endfacet
  facet normal 0 0 -1
    outer loop
      vertex -16 -8 0
      vertex -14.5978 -11.0416 0
      vertex -14.7152 -10.9373 0
    endloop
  endfacet
  facet normal 0 0 -1
    outer loop
      vertex -14.3511 11.2361 0
      vertex -16 8 0
      vertex -14.4764 11.1413 0
    endloop
  endfacet
  facet normal 0 0 -1
    outer loop
      vertex -16 -8 0
      vertex -14.7152 -10.9373 0
      vertex -14.8284 -10.8284 0
    endloop
  endfacet
  facet normal 0 0 -1
    outer loop
      vertex -14.4764 11.1413 0
      vertex -16 8 0
      vertex -14.5978 11.0416 0
    endloop
  endfacet
  facet normal 0 0 -1
    outer loop
      vertex -16 -8 0
      vertex -14.8284 -10.8284 0
      vertex -14.9373 -10.7152 0
    endloop
  endfacet
  facet normal 0 0 -1
    outer loop
      vertex -14.5978 11.0416 0
      vertex -16 8 0
      vertex -14.7152 10.9373 0
    endloop
  endfacet
  facet normal 0 0 -1
    outer loop
      vertex -16 -8 0
      vertex -14.9373 -10.7152 0
      vertex -15.0416 -10.5978 0
    endloop
  endfacet
  facet normal 0 0 -1
    outer loop
      vertex -14.7152 10.9373 0
      vertex -16 8 0
      vertex -14.8284 10.8284 0
    endloop
  endfacet
  facet normal 0 0 -1
    outer loop
      vertex -16 -8 0
      vertex -15.0416 -10.5978 0
      vertex -15.1413 -10.4764 0
    endloop
  endfacet
  facet normal 0 0 -1
    outer loop
      vertex -14.8284 10.8284 0
      vertex -16 8 0
      vertex -14.9373 10.7152 0
    endloop
  endfacet
  facet normal 0 0 -1
    outer loop
      vertex -16 -8 0
      vertex -15.1413 -10.4764 0
      vertex -15.2361 -10.3511 0
    endloop
  endfacet
  facet normal 0 0 -1
    outer loop
      vertex -14.9373 10.7152 0
      vertex -16 8 0
      vertex -15.0416 10.5978 0
    endloop
  endfacet
  facet normal 0 0 -1
    outer loop
      vertex -16 -8 0
      vertex -15.2361 -10.3511 0
      vertex -15.3259 -10.2223 0
    endloop
  endfacet
  facet normal 0 0 -1
    outer loop
      vertex -15.0416 10.5978 0
      vertex -16 8 0
      vertex -15.1413 10.4764 0
    endloop
  endfacet
  facet normal 0 0 -1
    outer loop
      vertex -16 -8 0
      vertex -15.3259 -10.2223 0
      vertex -15.4106 -10.09 0
    endloop
  endfacet
  facet normal 0 0 -1
    outer loop
      vertex -15.1413 10.4764 0
      vertex -16 8 0
      vertex -15.2361 10.3511 0
    endloop
  endfacet
  facet normal 0 0 -1
    outer loop
      vertex -16 -8 0
      vertex -15.4106 -10.09 0
      vertex -15.49 -9.95448 0
    endloop
  endfacet
  facet normal 0 0 -1
    outer loop
      vertex -15.2361 10.3511 0
      vertex -16 8 0
      vertex -15.3259 10.2223 0
    endloop
  endfacet
  facet normal 0 0 -1
    outer loop
      vertex -16 -8 0
      vertex -15.49 -9.95448 0
      vertex -15.564 -9.81595 0
    endloop
  endfacet
  facet normal 0 0 -1
    outer loop
      vertex -15.3259 10.2223 0
      vertex -16 8 0
      vertex -15.4106 10.09 0
    endloop
  endfacet
  facet normal 0 0 -1
    outer loop
      vertex -16 -8 0
      vertex -15.564 -9.81595 0
      vertex -15.6326 -9.67464 0
    endloop
  endfacet
  facet normal 0 0 -1
    outer loop
      vertex -15.4106 10.09 0
      vertex -16 8 0
      vertex -15.49 9.95448 0
    endloop
  endfacet
  facet normal 0 0 -1
    outer loop
      vertex -16 -8 0
      vertex -15.6326 -9.67464 0
      vertex -15.6955 -9.53073 0
    endloop
  endfacet
  facet normal 0 0 -1
    outer loop
      vertex -15.49 9.95448 0
      vertex -16 8 0
      vertex -15.564 9.81595 0
    endloop
  endfacet
  facet normal 0 0 -1
    outer loop
      vertex -16 -8 0
      vertex -15.6955 -9.53073 0
      vertex -15.7528 -9.38446 0
    endloop
  endfacet
  facet normal 0 0 -1
    outer loop
      vertex -15.564 9.81595 0
      vertex -16 8 0
      vertex -15.6326 9.67464 0
    endloop
  endfacet
  facet normal 0 0 -1
    outer loop
      vertex -16 -8 0
      vertex -15.7528 -9.38446 0
      vertex -15.8042 -9.23605 0
    endloop
  endfacet
  facet normal 0 0 -1
    outer loop
      vertex -15.6326 9.67464 0
      vertex -16 8 0
      vertex -15.6955 9.53073 0
    endloop
  endfacet
  facet normal 0 0 -1
    outer loop
      vertex -16 -8 0
      vertex -15.8042 -9.23605 0
      vertex -15.8498 -9.08575 0
    endloop
  endfacet
  facet normal 0 0 -1
    outer loop
      vertex -15.6955 9.53073 0
      vertex -16 8 0
      vertex -15.7528 9.38446 0
    endloop
  endfacet
  facet normal 0 0 -1
    outer loop
      vertex -16 -8 0
      vertex -15.8498 -9.08575 0
      vertex -15.8895 -8.93378 0
    endloop
  endfacet
  facet normal 0 0 -1
    outer loop
      vertex -15.7528 9.38446 0
      vertex -16 8 0
      vertex -15.8042 9.23605 0
    endloop
  endfacet
  facet normal 0 0 -1
    outer loop
      vertex -16 -8 0
      vertex -15.8895 -8.93378 0
      vertex -15.9231 -8.78035 0
    endloop
  endfacet
  facet normal 0 0 -1
    outer loop
      vertex -15.8042 9.23605 0
      vertex -16 8 0
      vertex -15.8498 9.08575 0
    endloop
  endfacet
  facet normal 0 0 -1
    outer loop
      vertex -16 -8 0
      vertex -15.9231 -8.78035 0
      vertex -15.9507 -8.62573 0
    endloop
  endfacet
  facet normal 0 0 -1
    outer loop
      vertex -15.8498 9.08575 0
      vertex -16 8 0
      vertex -15.8895 8.93378 0
    endloop
  endfacet
  facet normal 0 0 -1
    outer loop
      vertex -16 -8 0
      vertex -15.9507 -8.62573 0
      vertex -15.9723 -8.47014 0
    endloop
  endfacet
  facet normal 0 0 -1
    outer loop
      vertex -15.8895 8.93378 0
      vertex -16 8 0
      vertex -15.9231 8.78035 0
    endloop
  endfacet
  facet normal 0 0 -1
    outer loop
      vertex -16 -8 0
      vertex -15.9723 -8.47014 0
      vertex -15.9877 -8.31383 0
    endloop
  endfacet
  facet normal 0 0 -1
    outer loop
      vertex -15.9231 8.78035 0
      vertex -16 8 0
      vertex -15.9507 8.62573 0
    endloop
  endfacet
  facet normal 0 0 -1
    outer loop
      vertex -16 -8 0
      vertex -15.9877 -8.31383 0
      vertex -15.9969 -8.15703 0
    endloop
  endfacet
  facet normal 0 0 -1
    outer loop
      vertex -15.9507 8.62573 0
      vertex -16 8 0
      vertex -15.9723 8.47014 0
    endloop
  endfacet
  facet normal 0 0 -1
    outer loop
      vertex -15.9723 8.47014 0
      vertex -16 8 0
      vertex -15.9877 8.31383 0
    endloop
  endfacet
  facet normal 0 0 -1
    outer loop
      vertex -15.9877 8.31383 0
      vertex -16 8 0
      vertex -15.9969 8.15703 0
    endloop
  endfacet
  facet normal -0.995182 0.0980475 0
    outer loop
      vertex -15.9877 8.31383 0
      vertex -15.9723 8.47014 1
      vertex -15.9723 8.47014 0
    endloop
  endfacet
  facet normal -0.995182 0.0980475 0
    outer loop
      vertex -15.9723 8.47014 1
      vertex -15.9877 8.31383 0
      vertex -15.9877 8.31383 1
    endloop
  endfacet
  facet normal 0 1 -0
    outer loop
      vertex 12 12 0
      vertex -12 12 1
      vertex 12 12 1
    endloop
  endfacet
  facet normal 0 1 0
    outer loop
      vertex -12 12 1
      vertex 12 12 0
      vertex -12 12 0
    endloop
  endfacet
  facet normal -0.0585727 0.998283 0
    outer loop
      vertex -12.157 11.9969 0
      vertex -12.3138 11.9877 1
      vertex -12.157 11.9969 1
    endloop
  endfacet
  facet normal -0.0585727 0.998283 0
    outer loop
      vertex -12.3138 11.9877 1
      vertex -12.157 11.9969 0
      vertex -12.3138 11.9877 0
    endloop
  endfacet
  facet normal 0.998283 0.0585727 0
    outer loop
      vertex 15.9969 8.15703 1
      vertex 15.9877 8.31383 0
      vertex 15.9877 8.31383 1
    endloop
  endfacet
  facet normal 0.998283 0.0585727 0
    outer loop
      vertex 15.9877 8.31383 0
      vertex 15.9969 8.15703 1
      vertex 15.9969 8.15703 0
    endloop
  endfacet
  facet normal 0.999805 0.0197376 0
    outer loop
      vertex 16 8 1
      vertex 15.9969 8.15703 0
      vertex 15.9969 8.15703 1
    endloop
  endfacet
  facet normal 0.999805 0.0197376 0
    outer loop
      vertex 15.9969 8.15703 0
      vertex 16 8 1
      vertex 16 8 0
    endloop
  endfacet
  facet normal 0.290325 -0.956928 0
    outer loop
      vertex 13.0858 -11.8498 0
      vertex 13.2361 -11.8042 1
      vertex 13.0858 -11.8498 1
    endloop
  endfacet
  facet normal 0.290325 -0.956928 0
    outer loop
      vertex 13.2361 -11.8042 1
      vertex 13.0858 -11.8498 0
      vertex 13.2361 -11.8042 0
    endloop
  endfacet
  facet normal -0.990501 -0.137508 0
    outer loop
      vertex -15.9507 -8.62573 0
      vertex -15.9723 -8.47014 1
      vertex -15.9723 -8.47014 0
    endloop
  endfacet
  facet normal -0.990501 -0.137508 0
    outer loop
      vertex -15.9723 -8.47014 1
      vertex -15.9507 -8.62573 0
      vertex -15.9507 -8.62573 1
    endloop
  endfacet
  facet normal -0.999805 0.0197376 0
    outer loop
      vertex -16 8 0
      vertex -15.9969 8.15703 1
      vertex -15.9969 8.15703 0
    endloop
  endfacet
  facet normal -0.999805 0.0197376 0
    outer loop
      vertex -15.9969 8.15703 1
      vertex -16 8 0
      vertex -16 8 1
    endloop
  endfacet
  facet normal -0.998283 0.0585727 0
    outer loop
      vertex -15.9969 8.15703 0
      vertex -15.9877 8.31383 1
      vertex -15.9877 8.31383 0
    endloop
  endfacet
  facet normal -0.998283 0.0585727 0
    outer loop
      vertex -15.9877 8.31383 1
      vertex -15.9969 8.15703 0
      vertex -15.9969 8.15703 1
    endloop
  endfacet
  facet normal -0.772793 0.634658 0
    outer loop
      vertex -15.1413 10.4764 0
      vertex -15.0416 10.5978 1
      vertex -15.0416 10.5978 0
    endloop
  endfacet
  facet normal -0.772793 0.634658 0
    outer loop
      vertex -15.0416 10.5978 1
      vertex -15.1413 10.4764 0
      vertex -15.1413 10.4764 1
    endloop
  endfacet
  facet normal -0.693287 0.720662 0
    outer loop
      vertex -14.7152 10.9373 0
      vertex -14.8284 10.8284 1
      vertex -14.7152 10.9373 1
    endloop
  endfacet
  facet normal -0.693287 0.720662 0
    outer loop
      vertex -14.8284 10.8284 1
      vertex -14.7152 10.9373 0
      vertex -14.8284 10.8284 0
    endloop
  endfacet
  facet normal -0.664166 0.747585 0
    outer loop
      vertex -14.5978 11.0416 0
      vertex -14.7152 10.9373 1
      vertex -14.5978 11.0416 1
    endloop
  endfacet
  facet normal -0.664166 0.747585 0
    outer loop
      vertex -14.7152 10.9373 1
      vertex -14.5978 11.0416 0
      vertex -14.7152 10.9373 0
    endloop
  endfacet
  facet normal -0.84219 0.53918 0
    outer loop
      vertex -15.4106 10.09 0
      vertex -15.3259 10.2223 1
      vertex -15.3259 10.2223 0
    endloop
  endfacet
  facet normal -0.84219 0.53918 0
    outer loop
      vertex -15.3259 10.2223 1
      vertex -15.4106 10.09 0
      vertex -15.4106 10.09 1
    endloop
  endfacet
  facet normal -0.967531 0.252754 0
    outer loop
      vertex -15.8895 8.93378 0
      vertex -15.8498 9.08575 1
      vertex -15.8498 9.08575 0
    endloop
  endfacet
  facet normal -0.967531 0.252754 0
    outer loop
      vertex -15.8498 9.08575 1
      vertex -15.8895 8.93378 0
      vertex -15.8895 8.93378 1
    endloop
  endfacet
  facet normal -0.990501 0.137508 0
    outer loop
      vertex -15.9723 8.47014 0
      vertex -15.9507 8.62573 1
      vertex -15.9507 8.62573 0
    endloop
  endfacet
  facet normal -0.990501 0.137508 0
    outer loop
      vertex -15.9507 8.62573 1
      vertex -15.9723 8.47014 0
      vertex -15.9723 8.47014 1
    endloop
  endfacet
  facet normal 0.364904 0.931045 -0
    outer loop
      vertex 13.5307 11.6955 0
      vertex 13.3845 11.7528 1
      vertex 13.5307 11.6955 1
    endloop
  endfacet
  facet normal 0.364904 0.931045 0
    outer loop
      vertex 13.3845 11.7528 1
      vertex 13.5307 11.6955 0
      vertex 13.3845 11.7528 0
    endloop
  endfacet
  facet normal 0.720662 0.693287 0
    outer loop
      vertex 14.9373 10.7152 1
      vertex 14.8284 10.8284 0
      vertex 14.8284 10.8284 1
    endloop
  endfacet
  facet normal 0.720662 0.693287 0
    outer loop
      vertex 14.8284 10.8284 0
      vertex 14.9373 10.7152 1
      vertex 14.9373 10.7152 0
    endloop
  endfacet
  facet normal 0.820308 0.571923 0
    outer loop
      vertex 15.3259 10.2223 1
      vertex 15.2361 10.3511 0
      vertex 15.2361 10.3511 1
    endloop
  endfacet
  facet normal 0.820308 0.571923 0
    outer loop
      vertex 15.2361 10.3511 0
      vertex 15.3259 10.2223 1
      vertex 15.3259 10.2223 0
    endloop
  endfacet
  facet normal 0.84219 0.53918 0
    outer loop
      vertex 15.4106 10.09 1
      vertex 15.3259 10.2223 0
      vertex 15.3259 10.2223 1
    endloop
  endfacet
  facet normal 0.84219 0.53918 0
    outer loop
      vertex 15.3259 10.2223 0
      vertex 15.4106 10.09 1
      vertex 15.4106 10.09 0
    endloop
  endfacet
  facet normal 0.976851 0.213923 0
    outer loop
      vertex 15.9231 8.78035 1
      vertex 15.8895 8.93378 0
      vertex 15.8895 8.93378 1
    endloop
  endfacet
  facet normal 0.976851 0.213923 0
    outer loop
      vertex 15.8895 8.93378 0
      vertex 15.9231 8.78035 1
      vertex 15.9231 8.78035 0
    endloop
  endfacet
  facet normal -0.137499 0.990502 0
    outer loop
      vertex -12.4701 11.9723 0
      vertex -12.6257 11.9507 1
      vertex -12.4701 11.9723 1
    endloop
  endfacet
  facet normal -0.137499 0.990502 0
    outer loop
      vertex -12.6257 11.9507 1
      vertex -12.4701 11.9723 0
      vertex -12.6257 11.9507 0
    endloop
  endfacet
  facet normal -0.252707 0.967543 0
    outer loop
      vertex -12.9338 11.8895 0
      vertex -13.0858 11.8498 1
      vertex -12.9338 11.8895 1
    endloop
  endfacet
  facet normal -0.252707 0.967543 0
    outer loop
      vertex -13.0858 11.8498 1
      vertex -12.9338 11.8895 0
      vertex -13.0858 11.8498 0
    endloop
  endfacet
  facet normal -0.436742 0.899587 0
    outer loop
      vertex -13.6746 11.6326 0
      vertex -13.8159 11.564 1
      vertex -13.6746 11.6326 1
    endloop
  endfacet
  facet normal -0.436742 0.899587 0
    outer loop
      vertex -13.8159 11.564 1
      vertex -13.6746 11.6326 0
      vertex -13.8159 11.564 0
    endloop
  endfacet
  facet normal 0.990501 -0.137508 0
    outer loop
      vertex 15.9507 -8.62573 1
      vertex 15.9723 -8.47014 0
      vertex 15.9723 -8.47014 1
    endloop
  endfacet
  facet normal 0.990501 -0.137508 0
    outer loop
      vertex 15.9723 -8.47014 0
      vertex 15.9507 -8.62573 1
      vertex 15.9507 -8.62573 0
    endloop
  endfacet
  facet normal 0.999805 -0.0197376 0
    outer loop
      vertex 15.9969 -8.15703 1
      vertex 16 -8 0
      vertex 16 -8 1
    endloop
  endfacet
  facet normal 0.999805 -0.0197376 0
    outer loop
      vertex 16 -8 0
      vertex 15.9969 -8.15703 1
      vertex 15.9969 -8.15703 0
    endloop
  endfacet
  facet normal 0 -1 0
    outer loop
      vertex -12 -12 0
      vertex 12 -12 1
      vertex -12 -12 1
    endloop
  endfacet
  facet normal 0 -1 -0
    outer loop
      vertex 12 -12 1
      vertex -12 -12 0
      vertex 12 -12 0
    endloop
  endfacet
  facet normal -0.0585727 -0.998283 0
    outer loop
      vertex -12.3138 -11.9877 0
      vertex -12.157 -11.9969 1
      vertex -12.3138 -11.9877 1
    endloop
  endfacet
  facet normal -0.0585727 -0.998283 -0
    outer loop
      vertex -12.157 -11.9969 1
      vertex -12.3138 -11.9877 0
      vertex -12.157 -11.9969 0
    endloop
  endfacet
  facet normal -0.797473 -0.603355 0
    outer loop
      vertex -15.1413 -10.4764 0
      vertex -15.2361 -10.3511 1
      vertex -15.2361 -10.3511 0
    endloop
  endfacet
  facet normal -0.797473 -0.603355 0
    outer loop
      vertex -15.2361 -10.3511 1
      vertex -15.1413 -10.4764 0
      vertex -15.1413 -10.4764 1
    endloop
  endfacet
  facet normal -0.931105 -0.364752 0
    outer loop
      vertex -15.6955 -9.53073 0
      vertex -15.7528 -9.38446 1
      vertex -15.7528 -9.38446 0
    endloop
  endfacet
  facet normal -0.931105 -0.364752 0
    outer loop
      vertex -15.7528 -9.38446 1
      vertex -15.6955 -9.53073 0
      vertex -15.6955 -9.53073 1
    endloop
  endfacet
  facet normal -0.820308 0.571923 0
    outer loop
      vertex -15.3259 10.2223 0
      vertex -15.2361 10.3511 1
      vertex -15.2361 10.3511 0
    endloop
  endfacet
  facet normal -0.820308 0.571923 0
    outer loop
      vertex -15.2361 10.3511 1
      vertex -15.3259 10.2223 0
      vertex -15.3259 10.2223 1
    endloop
  endfacet
  facet normal -0.797473 0.603355 0
    outer loop
      vertex -15.2361 10.3511 0
      vertex -15.1413 10.4764 1
      vertex -15.1413 10.4764 0
    endloop
  endfacet
  facet normal -0.797473 0.603355 0
    outer loop
      vertex -15.1413 10.4764 1
      vertex -15.2361 10.3511 0
      vertex -15.2361 10.3511 1
    endloop
  endfacet
  facet normal -0.747585 0.664166 0
    outer loop
      vertex -15.0416 10.5978 0
      vertex -14.9373 10.7152 1
      vertex -14.9373 10.7152 0
    endloop
  endfacet
  facet normal -0.747585 0.664166 0
    outer loop
      vertex -14.9373 10.7152 1
      vertex -15.0416 10.5978 0
      vertex -15.0416 10.5978 1
    endloop
  endfacet
  facet normal -0.720662 0.693287 0
    outer loop
      vertex -14.9373 10.7152 0
      vertex -14.8284 10.8284 1
      vertex -14.8284 10.8284 0
    endloop
  endfacet
  facet normal -0.720662 0.693287 0
    outer loop
      vertex -14.8284 10.8284 1
      vertex -14.9373 10.7152 0
      vertex -14.9373 10.7152 1
    endloop
  endfacet
  facet normal -0.634658 0.772793 0
    outer loop
      vertex -14.4764 11.1413 0
      vertex -14.5978 11.0416 1
      vertex -14.4764 11.1413 1
    endloop
  endfacet
  facet normal -0.634658 0.772793 0
    outer loop
      vertex -14.5978 11.0416 1
      vertex -14.4764 11.1413 0
      vertex -14.5978 11.0416 0
    endloop
  endfacet
  facet normal -0.603355 0.797473 0
    outer loop
      vertex -14.3511 11.2361 0
      vertex -14.4764 11.1413 1
      vertex -14.3511 11.2361 1
    endloop
  endfacet
  facet normal -0.603355 0.797473 0
    outer loop
      vertex -14.4764 11.1413 1
      vertex -14.3511 11.2361 0
      vertex -14.4764 11.1413 0
    endloop
  endfacet
  facet normal -0.505572 0.862784 0
    outer loop
      vertex -13.9545 11.49 0
      vertex -14.09 11.4106 1
      vertex -13.9545 11.49 1
    endloop
  endfacet
  facet normal -0.505572 0.862784 0
    outer loop
      vertex -14.09 11.4106 1
      vertex -13.9545 11.49 0
      vertex -14.09 11.4106 0
    endloop
  endfacet
  facet normal -0.53918 0.84219 0
    outer loop
      vertex -14.09 11.4106 0
      vertex -14.2223 11.3259 1
      vertex -14.09 11.4106 1
    endloop
  endfacet
  facet normal -0.53918 0.84219 0
    outer loop
      vertex -14.2223 11.3259 1
      vertex -14.09 11.4106 0
      vertex -14.2223 11.3259 0
    endloop
  endfacet
  facet normal -0.470985 0.882141 0
    outer loop
      vertex -13.8159 11.564 0
      vertex -13.9545 11.49 1
      vertex -13.8159 11.564 1
    endloop
  endfacet
  facet normal -0.470985 0.882141 0
    outer loop
      vertex -13.9545 11.49 1
      vertex -13.8159 11.564 0
      vertex -13.9545 11.49 0
    endloop
  endfacet
  facet normal -0.882043 0.47117 0
    outer loop
      vertex -15.564 9.81595 0
      vertex -15.49 9.95448 1
      vertex -15.49 9.95448 0
    endloop
  endfacet
  facet normal -0.882043 0.47117 0
    outer loop
      vertex -15.49 9.95448 1
      vertex -15.564 9.81595 0
      vertex -15.564 9.81595 1
    endloop
  endfacet
  facet normal -0.862817 0.505517 0
    outer loop
      vertex -15.49 9.95448 0
      vertex -15.4106 10.09 1
      vertex -15.4106 10.09 0
    endloop
  endfacet
  facet normal -0.862817 0.505517 0
    outer loop
      vertex -15.4106 10.09 1
      vertex -15.49 9.95448 0
      vertex -15.49 9.95448 1
    endloop
  endfacet
  facet normal -0.899599 0.436717 0
    outer loop
      vertex -15.6326 9.67464 0
      vertex -15.564 9.81595 1
      vertex -15.564 9.81595 0
    endloop
  endfacet
  facet normal -0.899599 0.436717 0
    outer loop
      vertex -15.564 9.81595 1
      vertex -15.6326 9.67464 0
      vertex -15.6326 9.67464 1
    endloop
  endfacet
  facet normal -0.944932 0.327266 0
    outer loop
      vertex -15.8042 9.23605 0
      vertex -15.7528 9.38446 1
      vertex -15.7528 9.38446 0
    endloop
  endfacet
  facet normal -0.944932 0.327266 0
    outer loop
      vertex -15.7528 9.38446 1
      vertex -15.8042 9.23605 0
      vertex -15.8042 9.23605 1
    endloop
  endfacet
  facet normal 0.21383 0.976871 -0
    outer loop
      vertex 12.9338 11.8895 0
      vertex 12.7803 11.9231 1
      vertex 12.9338 11.8895 1
    endloop
  endfacet
  facet normal 0.21383 0.976871 0
    outer loop
      vertex 12.7803 11.9231 1
      vertex 12.9338 11.8895 0
      vertex 12.7803 11.9231 0
    endloop
  endfacet
  facet normal 0.436742 0.899587 -0
    outer loop
      vertex 13.8159 11.564 0
      vertex 13.6746 11.6326 1
      vertex 13.8159 11.564 1
    endloop
  endfacet
  facet normal 0.436742 0.899587 0
    outer loop
      vertex 13.6746 11.6326 1
      vertex 13.8159 11.564 0
      vertex 13.6746 11.6326 0
    endloop
  endfacet
  facet normal 0.634658 0.772793 -0
    outer loop
      vertex 14.5978 11.0416 0
      vertex 14.4764 11.1413 1
      vertex 14.5978 11.0416 1
    endloop
  endfacet
  facet normal 0.634658 0.772793 0
    outer loop
      vertex 14.4764 11.1413 1
      vertex 14.5978 11.0416 0
      vertex 14.4764 11.1413 0
    endloop
  endfacet
  facet normal 0.797473 0.603355 0
    outer loop
      vertex 15.2361 10.3511 1
      vertex 15.1413 10.4764 0
      vertex 15.1413 10.4764 1
    endloop
  endfacet
  facet normal 0.797473 0.603355 0
    outer loop
      vertex 15.1413 10.4764 0
      vertex 15.2361 10.3511 1
      vertex 15.2361 10.3511 0
    endloop
  endfacet
  facet normal 0.916299 0.400495 0
    outer loop
      vertex 15.6955 9.53073 1
      vertex 15.6326 9.67464 0
      vertex 15.6326 9.67464 1
    endloop
  endfacet
  facet normal 0.916299 0.400495 0
    outer loop
      vertex 15.6326 9.67464 0
      vertex 15.6955 9.53073 1
      vertex 15.6955 9.53073 0
    endloop
  endfacet
  facet normal 0.0197414 0.999805 -0
    outer loop
      vertex 12.157 11.9969 0
      vertex 12 12 1
      vertex 12.157 11.9969 1
    endloop
  endfacet
  facet normal 0.0197414 0.999805 0
    outer loop
      vertex 12 12 1
      vertex 12.157 11.9969 0
      vertex 12 12 0
    endloop
  endfacet
  facet normal 0.0585727 0.998283 -0
    outer loop
      vertex 12.3138 11.9877 0
      vertex 12.157 11.9969 1
      vertex 12.3138 11.9877 1
    endloop
  endfacet
  facet normal 0.0585727 0.998283 0
    outer loop
      vertex 12.157 11.9969 1
      vertex 12.3138 11.9877 0
      vertex 12.157 11.9969 0
    endloop
  endfacet
  facet normal -0.0197414 0.999805 0
    outer loop
      vertex -12 12 0
      vertex -12.157 11.9969 1
      vertex -12 12 1
    endloop
  endfacet
  facet normal -0.0197414 0.999805 0
    outer loop
      vertex -12.157 11.9969 1
      vertex -12 12 0
      vertex -12.157 11.9969 0
    endloop
  endfacet
  facet normal -0.0980537 0.995181 0
    outer loop
      vertex -12.3138 11.9877 0
      vertex -12.4701 11.9723 1
      vertex -12.3138 11.9877 1
    endloop
  endfacet
  facet normal -0.0980537 0.995181 0
    outer loop
      vertex -12.4701 11.9723 1
      vertex -12.3138 11.9877 0
      vertex -12.4701 11.9723 0
    endloop
  endfacet
  facet normal -0.21383 0.976871 0
    outer loop
      vertex -12.7803 11.9231 0
      vertex -12.9338 11.8895 1
      vertex -12.7803 11.9231 1
    endloop
  endfacet
  facet normal -0.21383 0.976871 0
    outer loop
      vertex -12.9338 11.8895 1
      vertex -12.7803 11.9231 0
      vertex -12.9338 11.8895 0
    endloop
  endfacet
  facet normal -0.327286 0.944925 0
    outer loop
      vertex -13.2361 11.8042 0
      vertex -13.3845 11.7528 1
      vertex -13.2361 11.8042 1
    endloop
  endfacet
  facet normal -0.327286 0.944925 0
    outer loop
      vertex -13.3845 11.7528 1
      vertex -13.2361 11.8042 0
      vertex -13.3845 11.7528 0
    endloop
  endfacet
  facet normal 0.984439 -0.175725 0
    outer loop
      vertex 15.9231 -8.78035 1
      vertex 15.9507 -8.62573 0
      vertex 15.9507 -8.62573 1
    endloop
  endfacet
  facet normal 0.984439 -0.175725 0
    outer loop
      vertex 15.9507 -8.62573 0
      vertex 15.9231 -8.78035 1
      vertex 15.9231 -8.78035 0
    endloop
  endfacet
  facet normal -0.0197414 -0.999805 0
    outer loop
      vertex -12.157 -11.9969 0
      vertex -12 -12 1
      vertex -12.157 -11.9969 1
    endloop
  endfacet
  facet normal -0.0197414 -0.999805 -0
    outer loop
      vertex -12 -12 1
      vertex -12.157 -11.9969 0
      vertex -12 -12 0
    endloop
  endfacet
  facet normal -0.137499 -0.990502 0
    outer loop
      vertex -12.6257 -11.9507 0
      vertex -12.4701 -11.9723 1
      vertex -12.6257 -11.9507 1
    endloop
  endfacet
  facet normal -0.137499 -0.990502 -0
    outer loop
      vertex -12.4701 -11.9723 1
      vertex -12.6257 -11.9507 0
      vertex -12.4701 -11.9723 0
    endloop
  endfacet
  facet normal -0.327286 -0.944925 0
    outer loop
      vertex -13.3845 -11.7528 0
      vertex -13.2361 -11.8042 1
      vertex -13.3845 -11.7528 1
    endloop
  endfacet
  facet normal -0.327286 -0.944925 -0
    outer loop
      vertex -13.2361 -11.8042 1
      vertex -13.3845 -11.7528 0
      vertex -13.2361 -11.8042 0
    endloop
  endfacet
  facet normal -0.252707 -0.967543 0
    outer loop
      vertex -13.0858 -11.8498 0
      vertex -12.9338 -11.8895 1
      vertex -13.0858 -11.8498 1
    endloop
  endfacet
  facet normal -0.252707 -0.967543 -0
    outer loop
      vertex -12.9338 -11.8895 1
      vertex -13.0858 -11.8498 0
      vertex -12.9338 -11.8895 0
    endloop
  endfacet
  facet normal -0.175747 -0.984435 0
    outer loop
      vertex -12.7803 -11.9231 0
      vertex -12.6257 -11.9507 1
      vertex -12.7803 -11.9231 1
    endloop
  endfacet
  facet normal -0.175747 -0.984435 -0
    outer loop
      vertex -12.6257 -11.9507 1
      vertex -12.7803 -11.9231 0
      vertex -12.6257 -11.9507 0
    endloop
  endfacet
  facet normal -0.820308 -0.571923 0
    outer loop
      vertex -15.2361 -10.3511 0
      vertex -15.3259 -10.2223 1
      vertex -15.3259 -10.2223 0
    endloop
  endfacet
  facet normal -0.820308 -0.571923 0
    outer loop
      vertex -15.3259 -10.2223 1
      vertex -15.2361 -10.3511 0
      vertex -15.2361 -10.3511 1
    endloop
  endfacet
  facet normal -0.571923 0.820308 0
    outer loop
      vertex -14.2223 11.3259 0
      vertex -14.3511 11.2361 1
      vertex -14.2223 11.3259 1
    endloop
  endfacet
  facet normal -0.571923 0.820308 0
    outer loop
      vertex -14.3511 11.2361 1
      vertex -14.2223 11.3259 0
      vertex -14.3511 11.2361 0
    endloop
  endfacet
  facet normal -0.931105 0.364752 0
    outer loop
      vertex -15.7528 9.38446 0
      vertex -15.6955 9.53073 1
      vertex -15.6955 9.53073 0
    endloop
  endfacet
  facet normal -0.931105 0.364752 0
    outer loop
      vertex -15.6955 9.53073 1
      vertex -15.7528 9.38446 0
      vertex -15.7528 9.38446 1
    endloop
  endfacet
  facet normal -0.916299 0.400495 0
    outer loop
      vertex -15.6955 9.53073 0
      vertex -15.6326 9.67464 1
      vertex -15.6326 9.67464 0
    endloop
  endfacet
  facet normal -0.916299 0.400495 0
    outer loop
      vertex -15.6326 9.67464 1
      vertex -15.6955 9.53073 0
      vertex -15.6955 9.53073 1
    endloop
  endfacet
  facet normal -0.956928 0.290325 0
    outer loop
      vertex -15.8498 9.08575 0
      vertex -15.8042 9.23605 1
      vertex -15.8042 9.23605 0
    endloop
  endfacet
  facet normal -0.956928 0.290325 0
    outer loop
      vertex -15.8042 9.23605 1
      vertex -15.8498 9.08575 0
      vertex -15.8498 9.08575 1
    endloop
  endfacet
  facet normal -0.984439 0.175725 0
    outer loop
      vertex -15.9507 8.62573 0
      vertex -15.9231 8.78035 1
      vertex -15.9231 8.78035 0
    endloop
  endfacet
  facet normal -0.984439 0.175725 0
    outer loop
      vertex -15.9231 8.78035 1
      vertex -15.9507 8.62573 0
      vertex -15.9507 8.62573 1
    endloop
  endfacet
  facet normal -0.976851 0.213923 0
    outer loop
      vertex -15.9231 8.78035 0
      vertex -15.8895 8.93378 1
      vertex -15.8895 8.93378 0
    endloop
  endfacet
  facet normal -0.976851 0.213923 0
    outer loop
      vertex -15.8895 8.93378 1
      vertex -15.9231 8.78035 0
      vertex -15.9231 8.78035 1
    endloop
  endfacet
  facet normal 0.252707 0.967543 -0
    outer loop
      vertex 13.0858 11.8498 0
      vertex 12.9338 11.8895 1
      vertex 13.0858 11.8498 1
    endloop
  endfacet
  facet normal 0.252707 0.967543 0
    outer loop
      vertex 12.9338 11.8895 1
      vertex 13.0858 11.8498 0
      vertex 12.9338 11.8895 0
    endloop
  endfacet
  facet normal 0.137499 0.990502 -0
    outer loop
      vertex 12.6257 11.9507 0
      vertex 12.4701 11.9723 1
      vertex 12.6257 11.9507 1
    endloop
  endfacet
  facet normal 0.137499 0.990502 0
    outer loop
      vertex 12.4701 11.9723 1
      vertex 12.6257 11.9507 0
      vertex 12.4701 11.9723 0
    endloop
  endfacet
  facet normal 0.175747 0.984435 -0
    outer loop
      vertex 12.7803 11.9231 0
      vertex 12.6257 11.9507 1
      vertex 12.7803 11.9231 1
    endloop
  endfacet
  facet normal 0.175747 0.984435 0
    outer loop
      vertex 12.6257 11.9507 1
      vertex 12.7803 11.9231 0
      vertex 12.6257 11.9507 0
    endloop
  endfacet
  facet normal 0.400518 0.916289 -0
    outer loop
      vertex 13.6746 11.6326 0
      vertex 13.5307 11.6955 1
      vertex 13.6746 11.6326 1
    endloop
  endfacet
  facet normal 0.400518 0.916289 0
    outer loop
      vertex 13.5307 11.6955 1
      vertex 13.6746 11.6326 0
      vertex 13.5307 11.6955 0
    endloop
  endfacet
  facet normal 0.693287 0.720662 -0
    outer loop
      vertex 14.8284 10.8284 0
      vertex 14.7152 10.9373 1
      vertex 14.8284 10.8284 1
    endloop
  endfacet
  facet normal 0.693287 0.720662 0
    outer loop
      vertex 14.7152 10.9373 1
      vertex 14.8284 10.8284 0
      vertex 14.7152 10.9373 0
    endloop
  endfacet
  facet normal 0.664166 0.747585 -0
    outer loop
      vertex 14.7152 10.9373 0
      vertex 14.5978 11.0416 1
      vertex 14.7152 10.9373 1
    endloop
  endfacet
  facet normal 0.664166 0.747585 0
    outer loop
      vertex 14.5978 11.0416 1
      vertex 14.7152 10.9373 0
      vertex 14.5978 11.0416 0
    endloop
  endfacet
  facet normal 0.571923 0.820308 -0
    outer loop
      vertex 14.3511 11.2361 0
      vertex 14.2223 11.3259 1
      vertex 14.3511 11.2361 1
    endloop
  endfacet
  facet normal 0.571923 0.820308 0
    outer loop
      vertex 14.2223 11.3259 1
      vertex 14.3511 11.2361 0
      vertex 14.2223 11.3259 0
    endloop
  endfacet
  facet normal 0.603355 0.797473 -0
    outer loop
      vertex 14.4764 11.1413 0
      vertex 14.3511 11.2361 1
      vertex 14.4764 11.1413 1
    endloop
  endfacet
  facet normal 0.603355 0.797473 0
    outer loop
      vertex 14.3511 11.2361 1
      vertex 14.4764 11.1413 0
      vertex 14.3511 11.2361 0
    endloop
  endfacet
  facet normal 0.470985 0.882141 -0
    outer loop
      vertex 13.9545 11.49 0
      vertex 13.8159 11.564 1
      vertex 13.9545 11.49 1
    endloop
  endfacet
  facet normal 0.470985 0.882141 0
    outer loop
      vertex 13.8159 11.564 1
      vertex 13.9545 11.49 0
      vertex 13.8159 11.564 0
    endloop
  endfacet
  facet normal 0.772793 0.634658 0
    outer loop
      vertex 15.1413 10.4764 1
      vertex 15.0416 10.5978 0
      vertex 15.0416 10.5978 1
    endloop
  endfacet
  facet normal 0.772793 0.634658 0
    outer loop
      vertex 15.0416 10.5978 0
      vertex 15.1413 10.4764 1
      vertex 15.1413 10.4764 0
    endloop
  endfacet
  facet normal 0.862817 0.505517 0
    outer loop
      vertex 15.49 9.95448 1
      vertex 15.4106 10.09 0
      vertex 15.4106 10.09 1
    endloop
  endfacet
  facet normal 0.862817 0.505517 0
    outer loop
      vertex 15.4106 10.09 0
      vertex 15.49 9.95448 1
      vertex 15.49 9.95448 0
    endloop
  endfacet
  facet normal 0.882043 0.47117 0
    outer loop
      vertex 15.564 9.81595 1
      vertex 15.49 9.95448 0
      vertex 15.49 9.95448 1
    endloop
  endfacet
  facet normal 0.882043 0.47117 0
    outer loop
      vertex 15.49 9.95448 0
      vertex 15.564 9.81595 1
      vertex 15.564 9.81595 0
    endloop
  endfacet
  facet normal 0.899599 0.436717 0
    outer loop
      vertex 15.6326 9.67464 1
      vertex 15.564 9.81595 0
      vertex 15.564 9.81595 1
    endloop
  endfacet
  facet normal 0.899599 0.436717 0
    outer loop
      vertex 15.564 9.81595 0
      vertex 15.6326 9.67464 1
      vertex 15.6326 9.67464 0
    endloop
  endfacet
  facet normal 0.931105 0.364752 0
    outer loop
      vertex 15.7528 9.38446 1
      vertex 15.6955 9.53073 0
      vertex 15.6955 9.53073 1
    endloop
  endfacet
  facet normal 0.931105 0.364752 0
    outer loop
      vertex 15.6955 9.53073 0
      vertex 15.7528 9.38446 1
      vertex 15.7528 9.38446 0
    endloop
  endfacet
  facet normal 0.967531 0.252754 0
    outer loop
      vertex 15.8895 8.93378 1
      vertex 15.8498 9.08575 0
      vertex 15.8498 9.08575 1
    endloop
  endfacet
  facet normal 0.967531 0.252754 0
    outer loop
      vertex 15.8498 9.08575 0
      vertex 15.8895 8.93378 1
      vertex 15.8895 8.93378 0
    endloop
  endfacet
  facet normal 0.944932 0.327266 0
    outer loop
      vertex 15.8042 9.23605 1
      vertex 15.7528 9.38446 0
      vertex 15.7528 9.38446 1
    endloop
  endfacet
  facet normal 0.944932 0.327266 0
    outer loop
      vertex 15.7528 9.38446 0
      vertex 15.8042 9.23605 1
      vertex 15.8042 9.23605 0
    endloop
  endfacet
  facet normal 0.984439 0.175725 0
    outer loop
      vertex 15.9507 8.62573 1
      vertex 15.9231 8.78035 0
      vertex 15.9231 8.78035 1
    endloop
  endfacet
  facet normal 0.984439 0.175725 0
    outer loop
      vertex 15.9231 8.78035 0
      vertex 15.9507 8.62573 1
      vertex 15.9507 8.62573 0
    endloop
  endfacet
  facet normal 0.990501 0.137508 0
    outer loop
      vertex 15.9723 8.47014 1
      vertex 15.9507 8.62573 0
      vertex 15.9507 8.62573 1
    endloop
  endfacet
  facet normal 0.990501 0.137508 0
    outer loop
      vertex 15.9507 8.62573 0
      vertex 15.9723 8.47014 1
      vertex 15.9723 8.47014 0
    endloop
  endfacet
  facet normal 0.995182 0.0980475 0
    outer loop
      vertex 15.9877 8.31383 1
      vertex 15.9723 8.47014 0
      vertex 15.9723 8.47014 1
    endloop
  endfacet
  facet normal 0.995182 0.0980475 0
    outer loop
      vertex 15.9723 8.47014 0
      vertex 15.9877 8.31383 1
      vertex 15.9877 8.31383 0
    endloop
  endfacet
  facet normal -0.175747 0.984435 0
    outer loop
      vertex -12.6257 11.9507 0
      vertex -12.7803 11.9231 1
      vertex -12.6257 11.9507 1
    endloop
  endfacet
  facet normal -0.175747 0.984435 0
    outer loop
      vertex -12.7803 11.9231 1
      vertex -12.6257 11.9507 0
      vertex -12.7803 11.9231 0
    endloop
  endfacet
  facet normal -0.290325 0.956928 0
    outer loop
      vertex -13.0858 11.8498 0
      vertex -13.2361 11.8042 1
      vertex -13.0858 11.8498 1
    endloop
  endfacet
  facet normal -0.290325 0.956928 0
    outer loop
      vertex -13.2361 11.8042 1
      vertex -13.0858 11.8498 0
      vertex -13.2361 11.8042 0
    endloop
  endfacet
  facet normal -0.400518 0.916289 0
    outer loop
      vertex -13.5307 11.6955 0
      vertex -13.6746 11.6326 1
      vertex -13.5307 11.6955 1
    endloop
  endfacet
  facet normal -0.400518 0.916289 0
    outer loop
      vertex -13.6746 11.6326 1
      vertex -13.5307 11.6955 0
      vertex -13.6746 11.6326 0
    endloop
  endfacet
  facet normal -0.364904 0.931045 0
    outer loop
      vertex -13.3845 11.7528 0
      vertex -13.5307 11.6955 1
      vertex -13.3845 11.7528 1
    endloop
  endfacet
  facet normal -0.364904 0.931045 0
    outer loop
      vertex -13.5307 11.6955 1
      vertex -13.3845 11.7528 0
      vertex -13.5307 11.6955 0
    endloop
  endfacet
  facet normal 0.252707 -0.967543 0
    outer loop
      vertex 12.9338 -11.8895 0
      vertex 13.0858 -11.8498 1
      vertex 12.9338 -11.8895 1
    endloop
  endfacet
  facet normal 0.252707 -0.967543 0
    outer loop
      vertex 13.0858 -11.8498 1
      vertex 12.9338 -11.8895 0
      vertex 13.0858 -11.8498 0
    endloop
  endfacet
  facet normal 0.436742 -0.899587 0
    outer loop
      vertex 13.6746 -11.6326 0
      vertex 13.8159 -11.564 1
      vertex 13.6746 -11.6326 1
    endloop
  endfacet
  facet normal 0.436742 -0.899587 0
    outer loop
      vertex 13.8159 -11.564 1
      vertex 13.6746 -11.6326 0
      vertex 13.8159 -11.564 0
    endloop
  endfacet
  facet normal 0.175747 -0.984435 0
    outer loop
      vertex 12.6257 -11.9507 0
      vertex 12.7803 -11.9231 1
      vertex 12.6257 -11.9507 1
    endloop
  endfacet
  facet normal 0.175747 -0.984435 0
    outer loop
      vertex 12.7803 -11.9231 1
      vertex 12.6257 -11.9507 0
      vertex 12.7803 -11.9231 0
    endloop
  endfacet
  facet normal 0.976851 -0.213923 0
    outer loop
      vertex 15.8895 -8.93378 1
      vertex 15.9231 -8.78035 0
      vertex 15.9231 -8.78035 1
    endloop
  endfacet
  facet normal 0.976851 -0.213923 0
    outer loop
      vertex 15.9231 -8.78035 0
      vertex 15.8895 -8.93378 1
      vertex 15.8895 -8.93378 0
    endloop
  endfacet
  facet normal 0.967531 -0.252754 0
    outer loop
      vertex 15.8498 -9.08575 1
      vertex 15.8895 -8.93378 0
      vertex 15.8895 -8.93378 1
    endloop
  endfacet
  facet normal 0.967531 -0.252754 0
    outer loop
      vertex 15.8895 -8.93378 0
      vertex 15.8498 -9.08575 1
      vertex 15.8498 -9.08575 0
    endloop
  endfacet
  facet normal 0.944932 -0.327266 0
    outer loop
      vertex 15.7528 -9.38446 1
      vertex 15.8042 -9.23605 0
      vertex 15.8042 -9.23605 1
    endloop
  endfacet
  facet normal 0.944932 -0.327266 0
    outer loop
      vertex 15.8042 -9.23605 0
      vertex 15.7528 -9.38446 1
      vertex 15.7528 -9.38446 0
    endloop
  endfacet
  facet normal 0.899599 -0.436717 0
    outer loop
      vertex 15.564 -9.81595 1
      vertex 15.6326 -9.67464 0
      vertex 15.6326 -9.67464 1
    endloop
  endfacet
  facet normal 0.899599 -0.436717 0
    outer loop
      vertex 15.6326 -9.67464 0
      vertex 15.564 -9.81595 1
      vertex 15.564 -9.81595 0
    endloop
  endfacet
  facet normal 0.931105 -0.364752 0
    outer loop
      vertex 15.6955 -9.53073 1
      vertex 15.7528 -9.38446 0
      vertex 15.7528 -9.38446 1
    endloop
  endfacet
  facet normal 0.931105 -0.364752 0
    outer loop
      vertex 15.7528 -9.38446 0
      vertex 15.6955 -9.53073 1
      vertex 15.6955 -9.53073 0
    endloop
  endfacet
  facet normal 0.84219 -0.53918 0
    outer loop
      vertex 15.3259 -10.2223 1
      vertex 15.4106 -10.09 0
      vertex 15.4106 -10.09 1
    endloop
  endfacet
  facet normal 0.84219 -0.53918 0
    outer loop
      vertex 15.4106 -10.09 0
      vertex 15.3259 -10.2223 1
      vertex 15.3259 -10.2223 0
    endloop
  endfacet
  facet normal 0.0197414 -0.999805 0
    outer loop
      vertex 12 -12 0
      vertex 12.157 -11.9969 1
      vertex 12 -12 1
    endloop
  endfacet
  facet normal 0.0197414 -0.999805 0
    outer loop
      vertex 12.157 -11.9969 1
      vertex 12 -12 0
      vertex 12.157 -11.9969 0
    endloop
  endfacet
  facet normal -0.21383 -0.976871 0
    outer loop
      vertex -12.9338 -11.8895 0
      vertex -12.7803 -11.9231 1
      vertex -12.9338 -11.8895 1
    endloop
  endfacet
  facet normal -0.21383 -0.976871 -0
    outer loop
      vertex -12.7803 -11.9231 1
      vertex -12.9338 -11.8895 0
      vertex -12.7803 -11.9231 0
    endloop
  endfacet
  facet normal -0.436742 -0.899587 0
    outer loop
      vertex -13.8159 -11.564 0
      vertex -13.6746 -11.6326 1
      vertex -13.8159 -11.564 1
    endloop
  endfacet
  facet normal -0.436742 -0.899587 -0
    outer loop
      vertex -13.6746 -11.6326 1
      vertex -13.8159 -11.564 0
      vertex -13.6746 -11.6326 0
    endloop
  endfacet
  facet normal -0.364904 -0.931045 0
    outer loop
      vertex -13.5307 -11.6955 0
      vertex -13.3845 -11.7528 1
      vertex -13.5307 -11.6955 1
    endloop
  endfacet
  facet normal -0.364904 -0.931045 -0
    outer loop
      vertex -13.3845 -11.7528 1
      vertex -13.5307 -11.6955 0
      vertex -13.3845 -11.7528 0
    endloop
  endfacet
  facet normal -0.720662 -0.693287 0
    outer loop
      vertex -14.8284 -10.8284 0
      vertex -14.9373 -10.7152 1
      vertex -14.9373 -10.7152 0
    endloop
  endfacet
  facet normal -0.720662 -0.693287 0
    outer loop
      vertex -14.9373 -10.7152 1
      vertex -14.8284 -10.8284 0
      vertex -14.8284 -10.8284 1
    endloop
  endfacet
  facet normal -0.747585 -0.664166 0
    outer loop
      vertex -14.9373 -10.7152 0
      vertex -15.0416 -10.5978 1
      vertex -15.0416 -10.5978 0
    endloop
  endfacet
  facet normal -0.747585 -0.664166 0
    outer loop
      vertex -15.0416 -10.5978 1
      vertex -14.9373 -10.7152 0
      vertex -14.9373 -10.7152 1
    endloop
  endfacet
  facet normal -0.862817 -0.505517 0
    outer loop
      vertex -15.4106 -10.09 0
      vertex -15.49 -9.95448 1
      vertex -15.49 -9.95448 0
    endloop
  endfacet
  facet normal -0.862817 -0.505517 0
    outer loop
      vertex -15.49 -9.95448 1
      vertex -15.4106 -10.09 0
      vertex -15.4106 -10.09 1
    endloop
  endfacet
  facet normal 0.290325 0.956928 -0
    outer loop
      vertex 13.2361 11.8042 0
      vertex 13.0858 11.8498 1
      vertex 13.2361 11.8042 1
    endloop
  endfacet
  facet normal 0.290325 0.956928 0
    outer loop
      vertex 13.0858 11.8498 1
      vertex 13.2361 11.8042 0
      vertex 13.0858 11.8498 0
    endloop
  endfacet
  facet normal 0.327286 0.944925 -0
    outer loop
      vertex 13.3845 11.7528 0
      vertex 13.2361 11.8042 1
      vertex 13.3845 11.7528 1
    endloop
  endfacet
  facet normal 0.327286 0.944925 0
    outer loop
      vertex 13.2361 11.8042 1
      vertex 13.3845 11.7528 0
      vertex 13.2361 11.8042 0
    endloop
  endfacet
  facet normal 0.505572 0.862784 -0
    outer loop
      vertex 14.09 11.4106 0
      vertex 13.9545 11.49 1
      vertex 14.09 11.4106 1
    endloop
  endfacet
  facet normal 0.505572 0.862784 0
    outer loop
      vertex 13.9545 11.49 1
      vertex 14.09 11.4106 0
      vertex 13.9545 11.49 0
    endloop
  endfacet
  facet normal 0.53918 0.84219 -0
    outer loop
      vertex 14.2223 11.3259 0
      vertex 14.09 11.4106 1
      vertex 14.2223 11.3259 1
    endloop
  endfacet
  facet normal 0.53918 0.84219 0
    outer loop
      vertex 14.09 11.4106 1
      vertex 14.2223 11.3259 0
      vertex 14.09 11.4106 0
    endloop
  endfacet
  facet normal 0.747585 0.664166 0
    outer loop
      vertex 15.0416 10.5978 1
      vertex 14.9373 10.7152 0
      vertex 14.9373 10.7152 1
    endloop
  endfacet
  facet normal 0.747585 0.664166 0
    outer loop
      vertex 14.9373 10.7152 0
      vertex 15.0416 10.5978 1
      vertex 15.0416 10.5978 0
    endloop
  endfacet
  facet normal 0.956928 0.290325 0
    outer loop
      vertex 15.8498 9.08575 1
      vertex 15.8042 9.23605 0
      vertex 15.8042 9.23605 1
    endloop
  endfacet
  facet normal 0.956928 0.290325 0
    outer loop
      vertex 15.8042 9.23605 0
      vertex 15.8498 9.08575 1
      vertex 15.8498 9.08575 0
    endloop
  endfacet
  facet normal 0.364904 -0.931045 0
    outer loop
      vertex 13.3845 -11.7528 0
      vertex 13.5307 -11.6955 1
      vertex 13.3845 -11.7528 1
    endloop
  endfacet
  facet normal 0.364904 -0.931045 0
    outer loop
      vertex 13.5307 -11.6955 1
      vertex 13.3845 -11.7528 0
      vertex 13.5307 -11.6955 0
    endloop
  endfacet
  facet normal 0.634658 -0.772793 0
    outer loop
      vertex 14.4764 -11.1413 0
      vertex 14.5978 -11.0416 1
      vertex 14.4764 -11.1413 1
    endloop
  endfacet
  facet normal 0.634658 -0.772793 0
    outer loop
      vertex 14.5978 -11.0416 1
      vertex 14.4764 -11.1413 0
      vertex 14.5978 -11.0416 0
    endloop
  endfacet
  facet normal 0.664166 -0.747585 0
    outer loop
      vertex 14.5978 -11.0416 0
      vertex 14.7152 -10.9373 1
      vertex 14.5978 -11.0416 1
    endloop
  endfacet
  facet normal 0.664166 -0.747585 0
    outer loop
      vertex 14.7152 -10.9373 1
      vertex 14.5978 -11.0416 0
      vertex 14.7152 -10.9373 0
    endloop
  endfacet
  facet normal 0.693287 -0.720662 0
    outer loop
      vertex 14.7152 -10.9373 0
      vertex 14.8284 -10.8284 1
      vertex 14.7152 -10.9373 1
    endloop
  endfacet
  facet normal 0.693287 -0.720662 0
    outer loop
      vertex 14.8284 -10.8284 1
      vertex 14.7152 -10.9373 0
      vertex 14.8284 -10.8284 0
    endloop
  endfacet
  facet normal 0.747585 -0.664166 0
    outer loop
      vertex 14.9373 -10.7152 1
      vertex 15.0416 -10.5978 0
      vertex 15.0416 -10.5978 1
    endloop
  endfacet
  facet normal 0.747585 -0.664166 0
    outer loop
      vertex 15.0416 -10.5978 0
      vertex 14.9373 -10.7152 1
      vertex 14.9373 -10.7152 0
    endloop
  endfacet
  facet normal 0.916299 -0.400495 0
    outer loop
      vertex 15.6326 -9.67464 1
      vertex 15.6955 -9.53073 0
      vertex 15.6955 -9.53073 1
    endloop
  endfacet
  facet normal 0.916299 -0.400495 0
    outer loop
      vertex 15.6955 -9.53073 0
      vertex 15.6326 -9.67464 1
      vertex 15.6326 -9.67464 0
    endloop
  endfacet
  facet normal 0.797473 -0.603355 0
    outer loop
      vertex 15.1413 -10.4764 1
      vertex 15.2361 -10.3511 0
      vertex 15.2361 -10.3511 1
    endloop
  endfacet
  facet normal 0.797473 -0.603355 0
    outer loop
      vertex 15.2361 -10.3511 0
      vertex 15.1413 -10.4764 1
      vertex 15.1413 -10.4764 0
    endloop
  endfacet
  facet normal 0.0585727 -0.998283 0
    outer loop
      vertex 12.157 -11.9969 0
      vertex 12.3138 -11.9877 1
      vertex 12.157 -11.9969 1
    endloop
  endfacet
  facet normal 0.0585727 -0.998283 0
    outer loop
      vertex 12.3138 -11.9877 1
      vertex 12.157 -11.9969 0
      vertex 12.3138 -11.9877 0
    endloop
  endfacet
  facet normal 0.137499 -0.990502 0
    outer loop
      vertex 12.4701 -11.9723 0
      vertex 12.6257 -11.9507 1
      vertex 12.4701 -11.9723 1
    endloop
  endfacet
  facet normal 0.137499 -0.990502 0
    outer loop
      vertex 12.6257 -11.9507 1
      vertex 12.4701 -11.9723 0
      vertex 12.6257 -11.9507 0
    endloop
  endfacet
  facet normal 0.0980537 -0.995181 0
    outer loop
      vertex 12.3138 -11.9877 0
      vertex 12.4701 -11.9723 1
      vertex 12.3138 -11.9877 1
    endloop
  endfacet
  facet normal 0.0980537 -0.995181 0
    outer loop
      vertex 12.4701 -11.9723 1
      vertex 12.3138 -11.9877 0
      vertex 12.4701 -11.9723 0
    endloop
  endfacet
  facet normal -0.290325 -0.956928 0
    outer loop
      vertex -13.2361 -11.8042 0
      vertex -13.0858 -11.8498 1
      vertex -13.2361 -11.8042 1
    endloop
  endfacet
  facet normal -0.290325 -0.956928 -0
    outer loop
      vertex -13.0858 -11.8498 1
      vertex -13.2361 -11.8042 0
      vertex -13.0858 -11.8498 0
    endloop
  endfacet
  facet normal -0.400518 -0.916289 0
    outer loop
      vertex -13.6746 -11.6326 0
      vertex -13.5307 -11.6955 1
      vertex -13.6746 -11.6326 1
    endloop
  endfacet
  facet normal -0.400518 -0.916289 -0
    outer loop
      vertex -13.5307 -11.6955 1
      vertex -13.6746 -11.6326 0
      vertex -13.5307 -11.6955 0
    endloop
  endfacet
  facet normal -0.470985 -0.882141 0
    outer loop
      vertex -13.9545 -11.49 0
      vertex -13.8159 -11.564 1
      vertex -13.9545 -11.49 1
    endloop
  endfacet
  facet normal -0.470985 -0.882141 -0
    outer loop
      vertex -13.8159 -11.564 1
      vertex -13.9545 -11.49 0
      vertex -13.8159 -11.564 0
    endloop
  endfacet
  facet normal -0.603355 -0.797473 0
    outer loop
      vertex -14.4764 -11.1413 0
      vertex -14.3511 -11.2361 1
      vertex -14.4764 -11.1413 1
    endloop
  endfacet
  facet normal -0.603355 -0.797473 -0
    outer loop
      vertex -14.3511 -11.2361 1
      vertex -14.4764 -11.1413 0
      vertex -14.3511 -11.2361 0
    endloop
  endfacet
  facet normal -0.772793 -0.634658 0
    outer loop
      vertex -15.0416 -10.5978 0
      vertex -15.1413 -10.4764 1
      vertex -15.1413 -10.4764 0
    endloop
  endfacet
  facet normal -0.772793 -0.634658 0
    outer loop
      vertex -15.1413 -10.4764 1
      vertex -15.0416 -10.5978 0
      vertex -15.0416 -10.5978 1
    endloop
  endfacet
  facet normal -0.882043 -0.47117 0
    outer loop
      vertex -15.49 -9.95448 0
      vertex -15.564 -9.81595 1
      vertex -15.564 -9.81595 0
    endloop
  endfacet
  facet normal -0.882043 -0.47117 0
    outer loop
      vertex -15.564 -9.81595 1
      vertex -15.49 -9.95448 0
      vertex -15.49 -9.95448 1
    endloop
  endfacet
  facet normal 0.400518 -0.916289 0
    outer loop
      vertex 13.5307 -11.6955 0
      vertex 13.6746 -11.6326 1
      vertex 13.5307 -11.6955 1
    endloop
  endfacet
  facet normal 0.400518 -0.916289 0
    outer loop
      vertex 13.6746 -11.6326 1
      vertex 13.5307 -11.6955 0
      vertex 13.6746 -11.6326 0
    endloop
  endfacet
  facet normal 0.327286 -0.944925 0
    outer loop
      vertex 13.2361 -11.8042 0
      vertex 13.3845 -11.7528 1
      vertex 13.2361 -11.8042 1
    endloop
  endfacet
  facet normal 0.327286 -0.944925 0
    outer loop
      vertex 13.3845 -11.7528 1
      vertex 13.2361 -11.8042 0
      vertex 13.3845 -11.7528 0
    endloop
  endfacet
  facet normal 0.21383 -0.976871 0
    outer loop
      vertex 12.7803 -11.9231 0
      vertex 12.9338 -11.8895 1
      vertex 12.7803 -11.9231 1
    endloop
  endfacet
  facet normal 0.21383 -0.976871 0
    outer loop
      vertex 12.9338 -11.8895 1
      vertex 12.7803 -11.9231 0
      vertex 12.9338 -11.8895 0
    endloop
  endfacet
  facet normal 0.720662 -0.693287 0
    outer loop
      vertex 14.8284 -10.8284 1
      vertex 14.9373 -10.7152 0
      vertex 14.9373 -10.7152 1
    endloop
  endfacet
  facet normal 0.720662 -0.693287 0
    outer loop
      vertex 14.9373 -10.7152 0
      vertex 14.8284 -10.8284 1
      vertex 14.8284 -10.8284 0
    endloop
  endfacet
  facet normal 0.772793 -0.634658 0
    outer loop
      vertex 15.0416 -10.5978 1
      vertex 15.1413 -10.4764 0
      vertex 15.1413 -10.4764 1
    endloop
  endfacet
  facet normal 0.772793 -0.634658 0
    outer loop
      vertex 15.1413 -10.4764 0
      vertex 15.0416 -10.5978 1
      vertex 15.0416 -10.5978 0
    endloop
  endfacet
  facet normal 0.956928 -0.290325 0
    outer loop
      vertex 15.8042 -9.23605 1
      vertex 15.8498 -9.08575 0
      vertex 15.8498 -9.08575 1
    endloop
  endfacet
  facet normal 0.956928 -0.290325 0
    outer loop
      vertex 15.8498 -9.08575 0
      vertex 15.8042 -9.23605 1
      vertex 15.8042 -9.23605 0
    endloop
  endfacet
  facet normal 0.862817 -0.505517 0
    outer loop
      vertex 15.4106 -10.09 1
      vertex 15.49 -9.95448 0
      vertex 15.49 -9.95448 1
    endloop
  endfacet
  facet normal 0.862817 -0.505517 0
    outer loop
      vertex 15.49 -9.95448 0
      vertex 15.4106 -10.09 1
      vertex 15.4106 -10.09 0
    endloop
  endfacet
  facet normal 0.882043 -0.47117 0
    outer loop
      vertex 15.49 -9.95448 1
      vertex 15.564 -9.81595 0
      vertex 15.564 -9.81595 1
    endloop
  endfacet
  facet normal 0.882043 -0.47117 0
    outer loop
      vertex 15.564 -9.81595 0
      vertex 15.49 -9.95448 1
      vertex 15.49 -9.95448 0
    endloop
  endfacet
  facet normal 0.820308 -0.571923 0
    outer loop
      vertex 15.2361 -10.3511 1
      vertex 15.3259 -10.2223 0
      vertex 15.3259 -10.2223 1
    endloop
  endfacet
  facet normal 0.820308 -0.571923 0
    outer loop
      vertex 15.3259 -10.2223 0
      vertex 15.2361 -10.3511 1
      vertex 15.2361 -10.3511 0
    endloop
  endfacet
  facet normal -0.53918 -0.84219 0
    outer loop
      vertex -14.2223 -11.3259 0
      vertex -14.09 -11.4106 1
      vertex -14.2223 -11.3259 1
    endloop
  endfacet
  facet normal -0.53918 -0.84219 -0
    outer loop
      vertex -14.09 -11.4106 1
      vertex -14.2223 -11.3259 0
      vertex -14.09 -11.4106 0
    endloop
  endfacet
  facet normal -0.571923 -0.820308 0
    outer loop
      vertex -14.3511 -11.2361 0
      vertex -14.2223 -11.3259 1
      vertex -14.3511 -11.2361 1
    endloop
  endfacet
  facet normal -0.571923 -0.820308 -0
    outer loop
      vertex -14.2223 -11.3259 1
      vertex -14.3511 -11.2361 0
      vertex -14.2223 -11.3259 0
    endloop
  endfacet
  facet normal -0.634658 -0.772793 0
    outer loop
      vertex -14.5978 -11.0416 0
      vertex -14.4764 -11.1413 1
      vertex -14.5978 -11.0416 1
    endloop
  endfacet
  facet normal -0.634658 -0.772793 -0
    outer loop
      vertex -14.4764 -11.1413 1
      vertex -14.5978 -11.0416 0
      vertex -14.4764 -11.1413 0
    endloop
  endfacet
  facet normal -0.693287 -0.720662 0
    outer loop
      vertex -14.8284 -10.8284 0
      vertex -14.7152 -10.9373 1
      vertex -14.8284 -10.8284 1
    endloop
  endfacet
  facet normal -0.693287 -0.720662 -0
    outer loop
      vertex -14.7152 -10.9373 1
      vertex -14.8284 -10.8284 0
      vertex -14.7152 -10.9373 0
    endloop
  endfacet
  facet normal -0.899599 -0.436717 0
    outer loop
      vertex -15.564 -9.81595 0
      vertex -15.6326 -9.67464 1
      vertex -15.6326 -9.67464 0
    endloop
  endfacet
  facet normal -0.899599 -0.436717 0
    outer loop
      vertex -15.6326 -9.67464 1
      vertex -15.564 -9.81595 0
      vertex -15.564 -9.81595 1
    endloop
  endfacet
  facet normal 0.470985 -0.882141 0
    outer loop
      vertex 13.8159 -11.564 0
      vertex 13.9545 -11.49 1
      vertex 13.8159 -11.564 1
    endloop
  endfacet
  facet normal 0.470985 -0.882141 0
    outer loop
      vertex 13.9545 -11.49 1
      vertex 13.8159 -11.564 0
      vertex 13.9545 -11.49 0
    endloop
  endfacet
  facet normal 0.53918 -0.84219 0
    outer loop
      vertex 14.09 -11.4106 0
      vertex 14.2223 -11.3259 1
      vertex 14.09 -11.4106 1
    endloop
  endfacet
  facet normal 0.53918 -0.84219 0
    outer loop
      vertex 14.2223 -11.3259 1
      vertex 14.09 -11.4106 0
      vertex 14.2223 -11.3259 0
    endloop
  endfacet
  facet normal 0.571923 -0.820308 0
    outer loop
      vertex 14.2223 -11.3259 0
      vertex 14.3511 -11.2361 1
      vertex 14.2223 -11.3259 1
    endloop
  endfacet
  facet normal 0.571923 -0.820308 0
    outer loop
      vertex 14.3511 -11.2361 1
      vertex 14.2223 -11.3259 0
      vertex 14.3511 -11.2361 0
    endloop
  endfacet
  facet normal -0.505572 -0.862784 0
    outer loop
      vertex -14.09 -11.4106 0
      vertex -13.9545 -11.49 1
      vertex -14.09 -11.4106 1
    endloop
  endfacet
  facet normal -0.505572 -0.862784 -0
    outer loop
      vertex -13.9545 -11.49 1
      vertex -14.09 -11.4106 0
      vertex -13.9545 -11.49 0
    endloop
  endfacet
  facet normal -0.664166 -0.747585 0
    outer loop
      vertex -14.7152 -10.9373 0
      vertex -14.5978 -11.0416 1
      vertex -14.7152 -10.9373 1
    endloop
  endfacet
  facet normal -0.664166 -0.747585 -0
    outer loop
      vertex -14.5978 -11.0416 1
      vertex -14.7152 -10.9373 0
      vertex -14.5978 -11.0416 0
    endloop
  endfacet
  facet normal -0.916299 -0.400495 0
    outer loop
      vertex -15.6326 -9.67464 0
      vertex -15.6955 -9.53073 1
      vertex -15.6955 -9.53073 0
    endloop
  endfacet
  facet normal -0.916299 -0.400495 0
    outer loop
      vertex -15.6955 -9.53073 1
      vertex -15.6326 -9.67464 0
      vertex -15.6326 -9.67464 1
    endloop
  endfacet
  facet normal 0.505572 -0.862784 0
    outer loop
      vertex 13.9545 -11.49 0
      vertex 14.09 -11.4106 1
      vertex 13.9545 -11.49 1
    endloop
  endfacet
  facet normal 0.505572 -0.862784 0
    outer loop
      vertex 14.09 -11.4106 1
      vertex 13.9545 -11.49 0
      vertex 14.09 -11.4106 0
    endloop
  endfacet
  facet normal 0.603355 -0.797473 0
    outer loop
      vertex 14.3511 -11.2361 0
      vertex 14.4764 -11.1413 1
      vertex 14.3511 -11.2361 1
    endloop
  endfacet
  facet normal 0.603355 -0.797473 0
    outer loop
      vertex 14.4764 -11.1413 1
      vertex 14.3511 -11.2361 0
      vertex 14.4764 -11.1413 0
    endloop
  endfacet
  facet normal -0.944932 -0.327266 0
    outer loop
      vertex -15.7528 -9.38446 0
      vertex -15.8042 -9.23605 1
      vertex -15.8042 -9.23605 0
    endloop
  endfacet
  facet normal -0.944932 -0.327266 0
    outer loop
      vertex -15.8042 -9.23605 1
      vertex -15.7528 -9.38446 0
      vertex -15.7528 -9.38446 1
    endloop
  endfacet
  facet normal -0.956928 -0.290325 0
    outer loop
      vertex -15.8042 -9.23605 0
      vertex -15.8498 -9.08575 1
      vertex -15.8498 -9.08575 0
    endloop
  endfacet
  facet normal -0.956928 -0.290325 0
    outer loop
      vertex -15.8498 -9.08575 1
      vertex -15.8042 -9.23605 0
      vertex -15.8042 -9.23605 1
    endloop
  endfacet
  facet normal -0.967531 -0.252754 0
    outer loop
      vertex -15.8498 -9.08575 0
      vertex -15.8895 -8.93378 1
      vertex -15.8895 -8.93378 0
    endloop
  endfacet
  facet normal -0.967531 -0.252754 0
    outer loop
      vertex -15.8895 -8.93378 1
      vertex -15.8498 -9.08575 0
      vertex -15.8498 -9.08575 1
    endloop
  endfacet
  facet normal -0.976851 -0.213923 0
    outer loop
      vertex -15.8895 -8.93378 0
      vertex -15.9231 -8.78035 1
      vertex -15.9231 -8.78035 0
    endloop
  endfacet
  facet normal -0.976851 -0.213923 0
    outer loop
      vertex -15.9231 -8.78035 1
      vertex -15.8895 -8.93378 0
      vertex -15.8895 -8.93378 1
    endloop
  endfacet
  facet normal -0.984439 -0.175725 0
    outer loop
      vertex -15.9231 -8.78035 0
      vertex -15.9507 -8.62573 1
      vertex -15.9507 -8.62573 0
    endloop
  endfacet
  facet normal -0.984439 -0.175725 0
    outer loop
      vertex -15.9507 -8.62573 1
      vertex -15.9231 -8.78035 0
      vertex -15.9231 -8.78035 1
    endloop
  endfacet
  facet normal 0.998332 0.0577267 0
    outer loop
      vertex 10.5046 -6.61768 0.999999
      vertex 10.5012 -6.55888 0
      vertex 10.5012 -6.55888 0.999999
    endloop
  endfacet
  facet normal 0.998332 0.0577267 0
    outer loop
      vertex 10.5012 -6.55888 0
      vertex 10.5046 -6.61768 0.999999
      vertex 10.5046 -6.61768 0
    endloop
  endfacet
  facet normal 1 -0 0
    outer loop
      vertex 10.5 -6.5 0.999999
      vertex 10.5 -1.5 0
      vertex 10.5 -1.5 0.999999
    endloop
  endfacet
  facet normal 1 0 0
    outer loop
      vertex 10.5 -1.5 0
      vertex 10.5 -6.5 0.999999
      vertex 10.5 -6.5 0
    endloop
  endfacet
  facet normal 0.999792 0.0203762 0
    outer loop
      vertex 10.5012 -6.55888 0.999999
      vertex 10.5 -6.5 0
      vertex 10.5 -6.5 0.999999
    endloop
  endfacet
  facet normal 0.999792 0.0203762 0
    outer loop
      vertex 10.5 -6.5 0
      vertex 10.5012 -6.55888 0.999999
      vertex 10.5012 -6.55888 0
    endloop
  endfacet
  facet normal 0.25227 0.967657 -0
    outer loop
      vertex 11.6498 -7.95854 0
      vertex 11.5928 -7.94368 1
      vertex 11.6498 -7.95854 1
    endloop
  endfacet
  facet normal 0.25227 0.967657 0
    outer loop
      vertex 11.5928 -7.94368 1
      vertex 11.6498 -7.95854 0
      vertex 11.5928 -7.94368 0
    endloop
  endfacet
  facet normal -0.21425 -0.976779 0
    outer loop
      vertex 13.2926 -0.0288239 0
      vertex 13.3502 -0.0414581 1
      vertex 13.2926 -0.0288239 1
    endloop
  endfacet
  facet normal -0.21425 -0.976779 -0
    outer loop
      vertex 13.3502 -0.0414581 1
      vertex 13.2926 -0.0288239 0
      vertex 13.3502 -0.0414581 0
    endloop
  endfacet
  facet normal -0.797711 0.60304 0
    outer loop
      vertex 14.178 -7.42863 0
      vertex 14.2135 -7.38167 1
      vertex 14.2135 -7.38167 0
    endloop
  endfacet
  facet normal -0.797711 0.60304 0
    outer loop
      vertex 14.2135 -7.38167 1
      vertex 14.178 -7.42863 0
      vertex 14.178 -7.42863 1
    endloop
  endfacet
  facet normal 0.97649 -0.215564 0
    outer loop
      vertex 10.5288 -1.20737 0.999999
      vertex 10.5415 -1.14984 0
      vertex 10.5415 -1.14984 0.999999
    endloop
  endfacet
  facet normal 0.97649 -0.215564 0
    outer loop
      vertex 10.5415 -1.14984 0
      vertex 10.5288 -1.20737 0.999999
      vertex 10.5288 -1.20737 0
    endloop
  endfacet
  facet normal 0.999792 -0.0203762 0
    outer loop
      vertex 10.5 -1.5 0.999999
      vertex 10.5012 -1.44112 0
      vertex 10.5012 -1.44112 0.999999
    endloop
  endfacet
  facet normal 0.999792 -0.0203762 0
    outer loop
      vertex 10.5012 -1.44112 0
      vertex 10.5 -1.5 0.999999
      vertex 10.5 -1.5 0
    endloop
  endfacet
  facet normal -0.999792 0.0203762 0
    outer loop
      vertex 14.4988 -6.55888 0
      vertex 14.5 -6.5 1
      vertex 14.5 -6.5 0
    endloop
  endfacet
  facet normal -0.999792 0.0203762 0
    outer loop
      vertex 14.5 -6.5 1
      vertex 14.4988 -6.55888 0
      vertex 14.4988 -6.55888 1
    endloop
  endfacet
  facet normal -1 0 0
    outer loop
      vertex 14.5 -6.5 0
      vertex 14.5 -1.5 1
      vertex 14.5 -1.5 0
    endloop
  endfacet
  facet normal -1 -0 0
    outer loop
      vertex 14.5 -1.5 1
      vertex 14.5 -6.5 0
      vertex 14.5 -6.5 1
    endloop
  endfacet
  facet normal 0.175599 -0.984462 0
    outer loop
      vertex 11.7074 -0.0288239 0
      vertex 11.7654 -0.0184784 1
      vertex 11.7074 -0.0288239 1
    endloop
  endfacet
  facet normal 0.175599 -0.984462 0
    outer loop
      vertex 11.7654 -0.0184784 1
      vertex 11.7074 -0.0288239 0
      vertex 11.7654 -0.0184784 0
    endloop
  endfacet
  facet normal 0.931041 -0.364914 0
    outer loop
      vertex 10.5927 -0.980835 0.999999
      vertex 10.6142 -0.92598 0
      vertex 10.6142 -0.92598 0.999999
    endloop
  endfacet
  facet normal 0.931041 -0.364914 0
    outer loop
      vertex 10.6142 -0.92598 0
      vertex 10.5927 -0.980835 0.999999
      vertex 10.5927 -0.980835 0
    endloop
  endfacet
  facet normal -0.999792 -0.0203762 0
    outer loop
      vertex 14.5 -1.5 0
      vertex 14.4988 -1.44112 1
      vertex 14.4988 -1.44112 0
    endloop
  endfacet
  facet normal -0.999792 -0.0203762 0
    outer loop
      vertex 14.4988 -1.44112 1
      vertex 14.5 -1.5 0
      vertex 14.5 -1.5 1
    endloop
  endfacet
  facet normal -0.899823 -0.436255 0
    outer loop
      vertex 14.3622 -0.872025 0
      vertex 14.3365 -0.819016 1
      vertex 14.3365 -0.819016 0
    endloop
  endfacet
  facet normal -0.899823 -0.436255 0
    outer loop
      vertex 14.3365 -0.819016 1
      vertex 14.3622 -0.872025 0
      vertex 14.3622 -0.872025 1
    endloop
  endfacet
  facet normal -0.019685 -0.999806 0
    outer loop
      vertex 13 0 0
      vertex 13.0589 -0.00115967 1
      vertex 13 0 1
    endloop
  endfacet
  facet normal -0.019685 -0.999806 -0
    outer loop
      vertex 13.0589 -0.00115967 1
      vertex 13 0 0
      vertex 13.0589 -0.00115967 0
    endloop
  endfacet
  facet normal 0.772737 -0.634726 0
    outer loop
      vertex 10.822 -0.571365 1
      vertex 10.8594 -0.525833 0
      vertex 10.8594 -0.525833 1
    endloop
  endfacet
  facet normal 0.772737 -0.634726 0
    outer loop
      vertex 10.8594 -0.525833 0
      vertex 10.822 -0.571365 1
      vertex 10.822 -0.571365 0
    endloop
  endfacet
  facet normal 0.505791 -0.862656 0
    outer loop
      vertex 11.2163 -0.221054 0
      vertex 11.2671 -0.191269 1
      vertex 11.2163 -0.221054 1
    endloop
  endfacet
  facet normal 0.505791 -0.862656 0
    outer loop
      vertex 11.2671 -0.191269 1
      vertex 11.2163 -0.221054 0
      vertex 11.2671 -0.191269 0
    endloop
  endfacet
  facet normal 0.862597 -0.505892 0
    outer loop
      vertex 10.6913 -0.767075 0.999999
      vertex 10.7211 -0.716263 0
      vertex 10.7211 -0.716263 0.999999
    endloop
  endfacet
  facet normal 0.862597 -0.505892 0
    outer loop
      vertex 10.7211 -0.716263 0
      vertex 10.6913 -0.767075 0.999999
      vertex 10.6913 -0.767075 0
    endloop
  endfacet
  facet normal 0.990502 -0.137499 0
    outer loop
      vertex 10.5104 -1.3237 0.999999
      vertex 10.5185 -1.26535 0
      vertex 10.5185 -1.26535 0.999999
    endloop
  endfacet
  facet normal 0.990502 -0.137499 0
    outer loop
      vertex 10.5185 -1.26535 0
      vertex 10.5104 -1.3237 0.999999
      vertex 10.5104 -1.3237 0
    endloop
  endfacet
  facet normal 0.956939 -0.29029 0
    outer loop
      vertex 10.5563 -1.09285 0.999999
      vertex 10.5734 -1.03648 0
      vertex 10.5734 -1.03648 0.999999
    endloop
  endfacet
  facet normal 0.956939 -0.29029 0
    outer loop
      vertex 10.5734 -1.03648 0
      vertex 10.5563 -1.09285 0.999999
      vertex 10.5563 -1.09285 0
    endloop
  endfacet
  facet normal 0.984585 0.174909 0
    outer loop
      vertex 10.5288 -6.79263 0.999999
      vertex 10.5185 -6.73465 0
      vertex 10.5185 -6.73465 0.999999
    endloop
  endfacet
  facet normal 0.984585 0.174909 0
    outer loop
      vertex 10.5185 -6.73465 0
      vertex 10.5288 -6.79263 0.999999
      vertex 10.5288 -6.79263 0
    endloop
  endfacet
  facet normal -0.137115 0.990555 0
    outer loop
      vertex 13.2346 -7.98152 0
      vertex 13.1763 -7.98959 1
      vertex 13.2346 -7.98152 1
    endloop
  endfacet
  facet normal -0.137115 0.990555 0
    outer loop
      vertex 13.1763 -7.98959 1
      vertex 13.2346 -7.98152 0
      vertex 13.1763 -7.98959 0
    endloop
  endfacet
  facet normal 0.175509 0.984478 -0
    outer loop
      vertex 11.7654 -7.98152 0
      vertex 11.7074 -7.97118 1
      vertex 11.7654 -7.98152 1
    endloop
  endfacet
  facet normal 0.175509 0.984478 0
    outer loop
      vertex 11.7074 -7.97118 1
      vertex 11.7654 -7.98152 0
      vertex 11.7074 -7.97118 0
    endloop
  endfacet
  facet normal -0.471778 0.881717 0
    outer loop
      vertex 13.7329 -7.80873 0
      vertex 13.681 -7.8365 1
      vertex 13.7329 -7.80873 1
    endloop
  endfacet
  facet normal -0.471778 0.881717 0
    outer loop
      vertex 13.681 -7.8365 1
      vertex 13.7329 -7.80873 0
      vertex 13.681 -7.8365 0
    endloop
  endfacet
  facet normal -0.0979538 -0.995191 0
    outer loop
      vertex 13.1177 -0.00463867 0
      vertex 13.1763 -0.0104065 1
      vertex 13.1177 -0.00463867 1
    endloop
  endfacet
  facet normal -0.0979538 -0.995191 -0
    outer loop
      vertex 13.1763 -0.0104065 1
      vertex 13.1177 -0.00463867 0
      vertex 13.1763 -0.0104065 0
    endloop
  endfacet
  facet normal 0.019685 -0.999806 0
    outer loop
      vertex 11.9411 -0.00115967 0
      vertex 12 0 1
      vertex 11.9411 -0.00115967 1
    endloop
  endfacet
  facet normal 0.019685 -0.999806 0
    outer loop
      vertex 12 0 1
      vertex 11.9411 -0.00115967 0
      vertex 12 0 0
    endloop
  endfacet
  facet normal 0 -1 0
    outer loop
      vertex 12 0 0
      vertex 13 0 1
      vertex 12 0 1
    endloop
  endfacet
  facet normal 0 -1 -0
    outer loop
      vertex 13 0 1
      vertex 12 0 0
      vertex 13 0 0
    endloop
  endfacet
  facet normal 0.633846 -0.773459 0
    outer loop
      vertex 11.0258 -0.359406 0
      vertex 11.0714 -0.322037 1
      vertex 11.0258 -0.359406 1
    endloop
  endfacet
  facet normal 0.633846 -0.773459 0
    outer loop
      vertex 11.0714 -0.322037 1
      vertex 11.0258 -0.359406 0
      vertex 11.0714 -0.322037 0
    endloop
  endfacet
  facet normal 0.400534 -0.916282 0
    outer loop
      vertex 11.372 -0.137787 0
      vertex 11.426 -0.114182 1
      vertex 11.372 -0.137787 1
    endloop
  endfacet
  facet normal 0.400534 -0.916282 0
    outer loop
      vertex 11.426 -0.114182 1
      vertex 11.372 -0.137787 0
      vertex 11.426 -0.114182 0
    endloop
  endfacet
  facet normal 0.820242 -0.572017 0
    outer loop
      vertex 10.7528 -0.666656 0.999999
      vertex 10.7865 -0.618332 0
      vertex 10.7865 -0.618332 0.999999
    endloop
  endfacet
  facet normal 0.820242 -0.572017 0
    outer loop
      vertex 10.7865 -0.618332 0
      vertex 10.7528 -0.666656 0.999999
      vertex 10.7528 -0.666656 0
    endloop
  endfacet
  facet normal 0.797821 -0.602894 0
    outer loop
      vertex 10.8 -0.600478 0.999999
      vertex 10.822 -0.571365 1
      vertex 10.8 -0.600478 1
    endloop
  endfacet
  facet normal 0.797821 -0.602894 0
    outer loop
      vertex 10.822 -0.571365 1
      vertex 10.8 -0.600478 0.999999
      vertex 10.822 -0.571365 0
    endloop
  endfacet
  facet normal 0.797646 -0.603126 0
    outer loop
      vertex 10.7865 -0.618332 0
      vertex 10.8 -0.600478 0.999999
      vertex 10.7865 -0.618332 0.999999
    endloop
  endfacet
  facet normal 0.797754 -0.602983 -4.03404e-06
    outer loop
      vertex 10.8 -0.600478 0.999999
      vertex 10.7865 -0.618332 0
      vertex 10.822 -0.571365 0
    endloop
  endfacet
  facet normal 0.842645 -0.538469 0
    outer loop
      vertex 10.7211 -0.716263 0.999999
      vertex 10.7528 -0.666656 0
      vertex 10.7528 -0.666656 0.999999
    endloop
  endfacet
  facet normal 0.842645 -0.538469 0
    outer loop
      vertex 10.7528 -0.666656 0
      vertex 10.7211 -0.716263 0.999999
      vertex 10.7211 -0.716263 0
    endloop
  endfacet
  facet normal 0.899823 -0.436255 0
    outer loop
      vertex 10.6378 -0.872025 0.999999
      vertex 10.6635 -0.819016 0
      vertex 10.6635 -0.819016 0.999999
    endloop
  endfacet
  facet normal 0.899823 -0.436255 0
    outer loop
      vertex 10.6635 -0.819016 0
      vertex 10.6378 -0.872025 0.999999
      vertex 10.6378 -0.872025 0
    endloop
  endfacet
  facet normal 0.91619 -0.400743 0
    outer loop
      vertex 10.6142 -0.92598 0.999999
      vertex 10.6378 -0.872025 0
      vertex 10.6378 -0.872025 0.999999
    endloop
  endfacet
  facet normal 0.91619 -0.400743 0
    outer loop
      vertex 10.6378 -0.872025 0
      vertex 10.6142 -0.92598 0.999999
      vertex 10.6142 -0.92598 0
    endloop
  endfacet
  facet normal 0.88166 -0.471885 0
    outer loop
      vertex 10.6635 -0.819016 0.999999
      vertex 10.6913 -0.767075 0
      vertex 10.6913 -0.767075 0.999999
    endloop
  endfacet
  facet normal 0.88166 -0.471885 0
    outer loop
      vertex 10.6913 -0.767075 0
      vertex 10.6635 -0.819016 0.999999
      vertex 10.6635 -0.819016 0
    endloop
  endfacet
  facet normal 0.998332 -0.0577267 0
    outer loop
      vertex 10.5012 -1.44112 0.999999
      vertex 10.5046 -1.38232 0
      vertex 10.5046 -1.38232 0.999999
    endloop
  endfacet
  facet normal 0.998332 -0.0577267 0
    outer loop
      vertex 10.5046 -1.38232 0
      vertex 10.5012 -1.44112 0.999999
      vertex 10.5012 -1.44112 0
    endloop
  endfacet
  facet normal 0.995141 -0.0984616 0
    outer loop
      vertex 10.5046 -1.38232 0.999999
      vertex 10.5104 -1.3237 0
      vertex 10.5104 -1.3237 0.999999
    endloop
  endfacet
  facet normal 0.995141 -0.0984616 0
    outer loop
      vertex 10.5104 -1.3237 0
      vertex 10.5046 -1.38232 0.999999
      vertex 10.5046 -1.38232 0
    endloop
  endfacet
  facet normal 0.944785 -0.327691 0
    outer loop
      vertex 10.5734 -1.03648 0.999999
      vertex 10.5927 -0.980835 0
      vertex 10.5927 -0.980835 0.999999
    endloop
  endfacet
  facet normal 0.944785 -0.327691 0
    outer loop
      vertex 10.5927 -0.980835 0
      vertex 10.5734 -1.03648 0.999999
      vertex 10.5734 -1.03648 0
    endloop
  endfacet
  facet normal -0.842611 0.538523 0
    outer loop
      vertex 14.2472 -7.33334 0
      vertex 14.2789 -7.28374 1
      vertex 14.2789 -7.28374 0
    endloop
  endfacet
  facet normal -0.842611 0.538523 0
    outer loop
      vertex 14.2789 -7.28374 1
      vertex 14.2472 -7.33334 0
      vertex 14.2472 -7.33334 1
    endloop
  endfacet
  facet normal -0.899794 0.436315 0
    outer loop
      vertex 14.3365 -7.18098 0
      vertex 14.3622 -7.12798 1
      vertex 14.3622 -7.12798 0
    endloop
  endfacet
  facet normal -0.899794 0.436315 0
    outer loop
      vertex 14.3622 -7.12798 1
      vertex 14.3365 -7.18098 0
      vertex 14.3365 -7.18098 1
    endloop
  endfacet
  facet normal -0.916204 0.400712 0
    outer loop
      vertex 14.3622 -7.12798 0
      vertex 14.3858 -7.07402 1
      vertex 14.3858 -7.07402 0
    endloop
  endfacet
  facet normal -0.916204 0.400712 0
    outer loop
      vertex 14.3858 -7.07402 1
      vertex 14.3622 -7.12798 0
      vertex 14.3622 -7.12798 1
    endloop
  endfacet
  facet normal -0.881694 0.471821 0
    outer loop
      vertex 14.3087 -7.23293 0
      vertex 14.3365 -7.18098 1
      vertex 14.3365 -7.18098 0
    endloop
  endfacet
  facet normal -0.881694 0.471821 0
    outer loop
      vertex 14.3365 -7.18098 1
      vertex 14.3087 -7.23293 0
      vertex 14.3087 -7.23293 1
    endloop
  endfacet
  facet normal -0.990502 0.137499 0
    outer loop
      vertex 14.4815 -6.73465 0
      vertex 14.4896 -6.6763 1
      vertex 14.4896 -6.6763 0
    endloop
  endfacet
  facet normal -0.990502 0.137499 0
    outer loop
      vertex 14.4896 -6.6763 1
      vertex 14.4815 -6.73465 0
      vertex 14.4815 -6.73465 1
    endloop
  endfacet
  facet normal -0.984585 0.174909 0
    outer loop
      vertex 14.4712 -6.79263 0
      vertex 14.4815 -6.73465 1
      vertex 14.4815 -6.73465 0
    endloop
  endfacet
  facet normal -0.984585 0.174909 0
    outer loop
      vertex 14.4815 -6.73465 1
      vertex 14.4712 -6.79263 0
      vertex 14.4712 -6.79263 1
    endloop
  endfacet
  facet normal -0.995141 0.0984616 0
    outer loop
      vertex 14.4896 -6.6763 0
      vertex 14.4954 -6.61768 1
      vertex 14.4954 -6.61768 0
    endloop
  endfacet
  facet normal -0.995141 0.0984616 0
    outer loop
      vertex 14.4954 -6.61768 1
      vertex 14.4896 -6.6763 0
      vertex 14.4896 -6.6763 1
    endloop
  endfacet
  facet normal -0.967894 0.251357 0
    outer loop
      vertex 14.4437 -6.90715 0
      vertex 14.4585 -6.85016 1
      vertex 14.4585 -6.85016 0
    endloop
  endfacet
  facet normal -0.967894 0.251357 0
    outer loop
      vertex 14.4585 -6.85016 1
      vertex 14.4437 -6.90715 0
      vertex 14.4437 -6.90715 1
    endloop
  endfacet
  facet normal -0.97649 0.215564 0
    outer loop
      vertex 14.4585 -6.85016 0
      vertex 14.4712 -6.79263 1
      vertex 14.4712 -6.79263 0
    endloop
  endfacet
  facet normal -0.97649 0.215564 0
    outer loop
      vertex 14.4712 -6.79263 1
      vertex 14.4585 -6.85016 0
      vertex 14.4585 -6.85016 1
    endloop
  endfacet
  facet normal -0.944794 0.327664 0
    outer loop
      vertex 14.4073 -7.01917 0
      vertex 14.4266 -6.96352 1
      vertex 14.4266 -6.96352 0
    endloop
  endfacet
  facet normal -0.944794 0.327664 0
    outer loop
      vertex 14.4266 -6.96352 1
      vertex 14.4073 -7.01917 0
      vertex 14.4073 -7.01917 1
    endloop
  endfacet
  facet normal 0.633856 0.773451 -0
    outer loop
      vertex 11.0714 -7.67796 0
      vertex 11.0258 -7.64059 1
      vertex 11.0714 -7.67796 1
    endloop
  endfacet
  facet normal 0.633856 0.773451 0
    outer loop
      vertex 11.0258 -7.64059 1
      vertex 11.0714 -7.67796 0
      vertex 11.0258 -7.64059 0
    endloop
  endfacet
  facet normal 0.944794 0.327664 0
    outer loop
      vertex 10.5927 -7.01917 0.999999
      vertex 10.5734 -6.96352 0
      vertex 10.5734 -6.96352 0.999999
    endloop
  endfacet
  facet normal 0.944794 0.327664 0
    outer loop
      vertex 10.5734 -6.96352 0
      vertex 10.5927 -7.01917 0.999999
      vertex 10.5927 -7.01917 0
    endloop
  endfacet
  facet normal -0.0196906 0.999806 0
    outer loop
      vertex 13.0589 -7.99884 0
      vertex 13 -8 1
      vertex 13.0589 -7.99884 1
    endloop
  endfacet
  facet normal -0.0196906 0.999806 0
    outer loop
      vertex 13 -8 1
      vertex 13.0589 -7.99884 0
      vertex 13 -8 0
    endloop
  endfacet
  facet normal 0 1 -0
    outer loop
      vertex 13 -8 0
      vertex 12 -8 1
      vertex 13 -8 1
    endloop
  endfacet
  facet normal 0 1 0
    outer loop
      vertex 12 -8 1
      vertex 13 -8 0
      vertex 12 -8 0
    endloop
  endfacet
  facet normal 0.0196906 0.999806 -0
    outer loop
      vertex 12 -8 0
      vertex 11.9411 -7.99884 1
      vertex 12 -8 1
    endloop
  endfacet
  facet normal 0.0196906 0.999806 0
    outer loop
      vertex 11.9411 -7.99884 1
      vertex 12 -8 0
      vertex 11.9411 -7.99884 0
    endloop
  endfacet
  facet normal 0.214344 0.976758 -0
    outer loop
      vertex 11.7074 -7.97118 0
      vertex 11.6498 -7.95854 1
      vertex 11.7074 -7.97118 1
    endloop
  endfacet
  facet normal 0.214344 0.976758 0
    outer loop
      vertex 11.6498 -7.95854 1
      vertex 11.7074 -7.97118 0
      vertex 11.6498 -7.95854 0
    endloop
  endfacet
  facet normal -0.664448 0.747334 0
    outer loop
      vertex 14.0182 -7.60147 0
      vertex 13.9742 -7.64059 1
      vertex 14.0182 -7.60147 1
    endloop
  endfacet
  facet normal -0.664448 0.747334 0
    outer loop
      vertex 13.9742 -7.64059 1
      vertex 14.0182 -7.60147 0
      vertex 13.9742 -7.64059 0
    endloop
  endfacet
  facet normal -0.842645 -0.538469 0
    outer loop
      vertex 14.2789 -0.716263 0
      vertex 14.2472 -0.666656 1
      vertex 14.2472 -0.666656 0
    endloop
  endfacet
  facet normal -0.842645 -0.538469 0
    outer loop
      vertex 14.2472 -0.666656 1
      vertex 14.2789 -0.716263 0
      vertex 14.2789 -0.716263 1
    endloop
  endfacet
  facet normal -0.995141 -0.0984616 0
    outer loop
      vertex 14.4954 -1.38232 0
      vertex 14.4896 -1.3237 1
      vertex 14.4896 -1.3237 0
    endloop
  endfacet
  facet normal -0.995141 -0.0984616 0
    outer loop
      vertex 14.4896 -1.3237 1
      vertex 14.4954 -1.38232 0
      vertex 14.4954 -1.38232 1
    endloop
  endfacet
  facet normal -0.984585 -0.174909 0
    outer loop
      vertex 14.4815 -1.26535 0
      vertex 14.4712 -1.20737 1
      vertex 14.4712 -1.20737 0
    endloop
  endfacet
  facet normal -0.984585 -0.174909 0
    outer loop
      vertex 14.4712 -1.20737 1
      vertex 14.4815 -1.26535 0
      vertex 14.4815 -1.26535 1
    endloop
  endfacet
  facet normal -0.990502 -0.137499 0
    outer loop
      vertex 14.4896 -1.3237 0
      vertex 14.4815 -1.26535 1
      vertex 14.4815 -1.26535 0
    endloop
  endfacet
  facet normal -0.990502 -0.137499 0
    outer loop
      vertex 14.4815 -1.26535 1
      vertex 14.4896 -1.3237 0
      vertex 14.4896 -1.3237 1
    endloop
  endfacet
  facet normal -0.998332 -0.0577267 0
    outer loop
      vertex 14.4988 -1.44112 0
      vertex 14.4954 -1.38232 1
      vertex 14.4954 -1.38232 0
    endloop
  endfacet
  facet normal -0.998332 -0.0577267 0
    outer loop
      vertex 14.4954 -1.38232 1
      vertex 14.4988 -1.44112 0
      vertex 14.4988 -1.44112 1
    endloop
  endfacet
  facet normal -0.400534 -0.916282 0
    outer loop
      vertex 13.574 -0.114182 0
      vertex 13.628 -0.137787 1
      vertex 13.574 -0.114182 1
    endloop
  endfacet
  facet normal -0.400534 -0.916282 -0
    outer loop
      vertex 13.628 -0.137787 1
      vertex 13.574 -0.114182 0
      vertex 13.628 -0.137787 0
    endloop
  endfacet
  facet normal -0.252303 -0.967648 0
    outer loop
      vertex 13.3502 -0.0414581 0
      vertex 13.4072 -0.0563202 1
      vertex 13.3502 -0.0414581 1
    endloop
  endfacet
  facet normal -0.252303 -0.967648 -0
    outer loop
      vertex 13.4072 -0.0563202 1
      vertex 13.3502 -0.0414581 0
      vertex 13.4072 -0.0563202 0
    endloop
  endfacet
  facet normal 0.692682 -0.721243 0
    outer loop
      vertex 10.9393 -0.439346 0
      vertex 10.9818 -0.398529 1
      vertex 10.9393 -0.439346 1
    endloop
  endfacet
  facet normal 0.692682 -0.721243 0
    outer loop
      vertex 10.9818 -0.398529 1
      vertex 10.9393 -0.439346 0
      vertex 10.9818 -0.398529 0
    endloop
  endfacet
  facet normal -0.137146 -0.990551 0
    outer loop
      vertex 13.1763 -0.0104065 0
      vertex 13.2346 -0.0184784 1
      vertex 13.1763 -0.0104065 1
    endloop
  endfacet
  facet normal -0.137146 -0.990551 -0
    outer loop
      vertex 13.2346 -0.0184784 1
      vertex 13.1763 -0.0104065 0
      vertex 13.2346 -0.0184784 0
    endloop
  endfacet
  facet normal -0.175599 -0.984462 0
    outer loop
      vertex 13.2346 -0.0184784 0
      vertex 13.2926 -0.0288239 1
      vertex 13.2346 -0.0184784 1
    endloop
  endfacet
  facet normal -0.175599 -0.984462 -0
    outer loop
      vertex 13.2926 -0.0288239 1
      vertex 13.2346 -0.0184784 0
      vertex 13.2926 -0.0288239 0
    endloop
  endfacet
  facet normal -0.0590634 -0.998254 0
    outer loop
      vertex 13.0589 -0.00115967 0
      vertex 13.1177 -0.00463867 1
      vertex 13.0589 -0.00115967 1
    endloop
  endfacet
  facet normal -0.0590634 -0.998254 -0
    outer loop
      vertex 13.1177 -0.00463867 1
      vertex 13.0589 -0.00115967 0
      vertex 13.1177 -0.00463867 0
    endloop
  endfacet
  facet normal 0.0979538 -0.995191 0
    outer loop
      vertex 11.8237 -0.0104065 0
      vertex 11.8823 -0.00463867 1
      vertex 11.8237 -0.0104065 1
    endloop
  endfacet
  facet normal 0.0979538 -0.995191 0
    outer loop
      vertex 11.8823 -0.00463867 1
      vertex 11.8237 -0.0104065 0
      vertex 11.8823 -0.00463867 0
    endloop
  endfacet
  facet normal 0.0590634 -0.998254 0
    outer loop
      vertex 11.8823 -0.00463867 0
      vertex 11.9411 -0.00115967 1
      vertex 11.8823 -0.00463867 1
    endloop
  endfacet
  facet normal 0.0590634 -0.998254 0
    outer loop
      vertex 11.9411 -0.00115967 1
      vertex 11.8823 -0.00463867 0
      vertex 11.9411 -0.00115967 0
    endloop
  endfacet
  facet normal 0.137146 -0.990551 0
    outer loop
      vertex 11.7654 -0.0184784 0
      vertex 11.8237 -0.0104065 1
      vertex 11.7654 -0.0184784 1
    endloop
  endfacet
  facet normal 0.137146 -0.990551 0
    outer loop
      vertex 11.8237 -0.0104065 1
      vertex 11.7654 -0.0184784 0
      vertex 11.8237 -0.0104065 0
    endloop
  endfacet
  facet normal 0.252303 -0.967648 0
    outer loop
      vertex 11.5928 -0.0563202 0
      vertex 11.6498 -0.0414581 1
      vertex 11.5928 -0.0563202 1
    endloop
  endfacet
  facet normal 0.252303 -0.967648 0
    outer loop
      vertex 11.6498 -0.0414581 1
      vertex 11.5928 -0.0563202 0
      vertex 11.6498 -0.0414581 0
    endloop
  endfacet
  facet normal 0.21425 -0.976779 0
    outer loop
      vertex 11.6498 -0.0414581 0
      vertex 11.7074 -0.0288239 1
      vertex 11.6498 -0.0414581 1
    endloop
  endfacet
  facet normal 0.21425 -0.976779 0
    outer loop
      vertex 11.7074 -0.0288239 1
      vertex 11.6498 -0.0414581 0
      vertex 11.7074 -0.0288239 0
    endloop
  endfacet
  facet normal 0.539174 -0.842194 0
    outer loop
      vertex 11.1667 -0.252808 0
      vertex 11.2163 -0.221054 1
      vertex 11.1667 -0.252808 1
    endloop
  endfacet
  facet normal 0.539174 -0.842194 0
    outer loop
      vertex 11.2163 -0.221054 1
      vertex 11.1667 -0.252808 0
      vertex 11.2163 -0.221054 0
    endloop
  endfacet
  facet normal 0.571138 -0.820854 0
    outer loop
      vertex 11.1183 -0.286484 0
      vertex 11.1667 -0.252808 1
      vertex 11.1183 -0.286484 1
    endloop
  endfacet
  facet normal 0.571138 -0.820854 0
    outer loop
      vertex 11.1667 -0.252808 1
      vertex 11.1183 -0.286484 0
      vertex 11.1667 -0.252808 0
    endloop
  endfacet
  facet normal 0.604103 -0.796906 0
    outer loop
      vertex 11.0714 -0.322037 0
      vertex 11.1183 -0.286484 1
      vertex 11.0714 -0.322037 1
    endloop
  endfacet
  facet normal 0.604103 -0.796906 0
    outer loop
      vertex 11.1183 -0.286484 1
      vertex 11.0714 -0.322037 0
      vertex 11.1183 -0.286484 0
    endloop
  endfacet
  facet normal 0.664477 -0.747309 0
    outer loop
      vertex 10.9818 -0.398529 0
      vertex 11.0258 -0.359406 1
      vertex 10.9818 -0.398529 1
    endloop
  endfacet
  facet normal 0.664477 -0.747309 0
    outer loop
      vertex 11.0258 -0.359406 1
      vertex 10.9818 -0.398529 0
      vertex 11.0258 -0.359406 0
    endloop
  endfacet
  facet normal 0.2907 -0.956814 0
    outer loop
      vertex 11.5365 -0.0734253 0
      vertex 11.5928 -0.0563202 1
      vertex 11.5365 -0.0734253 1
    endloop
  endfacet
  facet normal 0.2907 -0.956814 0
    outer loop
      vertex 11.5928 -0.0563202 1
      vertex 11.5365 -0.0734253 0
      vertex 11.5928 -0.0563202 0
    endloop
  endfacet
  facet normal 0.471791 -0.88171 0
    outer loop
      vertex 11.2671 -0.191269 0
      vertex 11.319 -0.163498 1
      vertex 11.2671 -0.191269 1
    endloop
  endfacet
  facet normal 0.471791 -0.88171 0
    outer loop
      vertex 11.319 -0.163498 1
      vertex 11.2671 -0.191269 0
      vertex 11.319 -0.163498 0
    endloop
  endfacet
  facet normal 0.436466 -0.899721 0
    outer loop
      vertex 11.319 -0.163498 0
      vertex 11.372 -0.137787 1
      vertex 11.319 -0.163498 1
    endloop
  endfacet
  facet normal 0.436466 -0.899721 0
    outer loop
      vertex 11.372 -0.137787 1
      vertex 11.319 -0.163498 0
      vertex 11.372 -0.137787 0
    endloop
  endfacet
  facet normal 0.984585 -0.174909 0
    outer loop
      vertex 10.5185 -1.26535 0.999999
      vertex 10.5288 -1.20737 0
      vertex 10.5288 -1.20737 0.999999
    endloop
  endfacet
  facet normal 0.984585 -0.174909 0
    outer loop
      vertex 10.5288 -1.20737 0
      vertex 10.5185 -1.26535 0.999999
      vertex 10.5185 -1.26535 0
    endloop
  endfacet
  facet normal 0.967894 -0.251357 0
    outer loop
      vertex 10.5415 -1.14984 0.999999
      vertex 10.5563 -1.09285 0
      vertex 10.5563 -1.09285 0.999999
    endloop
  endfacet
  facet normal 0.967894 -0.251357 0
    outer loop
      vertex 10.5563 -1.09285 0
      vertex 10.5415 -1.14984 0.999999
      vertex 10.5415 -1.14984 0
    endloop
  endfacet
  facet normal -0.820275 0.571969 0
    outer loop
      vertex 14.2135 -7.38167 0
      vertex 14.2472 -7.33334 1
      vertex 14.2472 -7.33334 0
    endloop
  endfacet
  facet normal -0.820275 0.571969 0
    outer loop
      vertex 14.2472 -7.33334 1
      vertex 14.2135 -7.38167 0
      vertex 14.2135 -7.38167 1
    endloop
  endfacet
  facet normal -0.862588 0.505907 0
    outer loop
      vertex 14.2789 -7.28374 0
      vertex 14.3087 -7.23293 1
      vertex 14.3087 -7.23293 0
    endloop
  endfacet
  facet normal -0.862588 0.505907 0
    outer loop
      vertex 14.3087 -7.23293 1
      vertex 14.2789 -7.28374 0
      vertex 14.2789 -7.28374 1
    endloop
  endfacet
  facet normal -0.93103 0.364943 0
    outer loop
      vertex 14.3858 -7.07402 0
      vertex 14.4073 -7.01917 1
      vertex 14.4073 -7.01917 0
    endloop
  endfacet
  facet normal -0.93103 0.364943 0
    outer loop
      vertex 14.4073 -7.01917 1
      vertex 14.3858 -7.07402 0
      vertex 14.3858 -7.07402 1
    endloop
  endfacet
  facet normal -0.998332 0.0577267 0
    outer loop
      vertex 14.4954 -6.61768 0
      vertex 14.4988 -6.55888 1
      vertex 14.4988 -6.55888 0
    endloop
  endfacet
  facet normal -0.998332 0.0577267 0
    outer loop
      vertex 14.4988 -6.55888 1
      vertex 14.4954 -6.61768 0
      vertex 14.4954 -6.61768 1
    endloop
  endfacet
  facet normal -0.956939 0.29029 0
    outer loop
      vertex 14.4266 -6.96352 0
      vertex 14.4437 -6.90715 1
      vertex 14.4437 -6.90715 0
    endloop
  endfacet
  facet normal -0.956939 0.29029 0
    outer loop
      vertex 14.4437 -6.90715 1
      vertex 14.4266 -6.96352 0
      vertex 14.4266 -6.96352 1
    endloop
  endfacet
  facet normal 0.747653 0.66409 0
    outer loop
      vertex 10.8985 -7.51819 1
      vertex 10.8594 -7.47417 0
      vertex 10.8594 -7.47417 1
    endloop
  endfacet
  facet normal 0.747653 0.66409 0
    outer loop
      vertex 10.8594 -7.47417 0
      vertex 10.8985 -7.51819 1
      vertex 10.8985 -7.51819 0
    endloop
  endfacet
  facet normal 0.692708 0.721218 -0
    outer loop
      vertex 10.9818 -7.60147 0
      vertex 10.9393 -7.56065 1
      vertex 10.9818 -7.60147 1
    endloop
  endfacet
  facet normal 0.692708 0.721218 0
    outer loop
      vertex 10.9393 -7.56065 1
      vertex 10.9818 -7.60147 0
      vertex 10.9393 -7.56065 0
    endloop
  endfacet
  facet normal 0.571069 0.820902 -0
    outer loop
      vertex 11.1667 -7.74719 0
      vertex 11.1183 -7.71352 1
      vertex 11.1667 -7.74719 1
    endloop
  endfacet
  facet normal 0.571069 0.820902 0
    outer loop
      vertex 11.1183 -7.71352 1
      vertex 11.1667 -7.74719 0
      vertex 11.1183 -7.71352 0
    endloop
  endfacet
  facet normal 0.505728 0.862693 -0
    outer loop
      vertex 11.2671 -7.80873 0
      vertex 11.2163 -7.77895 1
      vertex 11.2671 -7.80873 1
    endloop
  endfacet
  facet normal 0.505728 0.862693 0
    outer loop
      vertex 11.2163 -7.77895 1
      vertex 11.2671 -7.80873 0
      vertex 11.2163 -7.77895 0
    endloop
  endfacet
  facet normal 0.436453 0.899727 -0
    outer loop
      vertex 11.372 -7.86221 0
      vertex 11.319 -7.8365 1
      vertex 11.372 -7.86221 1
    endloop
  endfacet
  facet normal 0.436453 0.899727 0
    outer loop
      vertex 11.319 -7.8365 1
      vertex 11.372 -7.86221 0
      vertex 11.319 -7.8365 0
    endloop
  endfacet
  facet normal 0.364495 0.931205 -0
    outer loop
      vertex 11.4808 -7.90727 0
      vertex 11.426 -7.88582 1
      vertex 11.4808 -7.90727 1
    endloop
  endfacet
  facet normal 0.364495 0.931205 0
    outer loop
      vertex 11.426 -7.88582 1
      vertex 11.4808 -7.90727 0
      vertex 11.426 -7.88582 0
    endloop
  endfacet
  facet normal 0.290776 0.956791 -0
    outer loop
      vertex 11.5928 -7.94368 0
      vertex 11.5365 -7.92657 1
      vertex 11.5928 -7.94368 1
    endloop
  endfacet
  facet normal 0.290776 0.956791 0
    outer loop
      vertex 11.5365 -7.92657 1
      vertex 11.5928 -7.94368 0
      vertex 11.5365 -7.92657 0
    endloop
  endfacet
  facet normal 0.916204 0.400712 0
    outer loop
      vertex 10.6378 -7.12798 0.999999
      vertex 10.6142 -7.07402 0
      vertex 10.6142 -7.07402 0.999999
    endloop
  endfacet
  facet normal 0.916204 0.400712 0
    outer loop
      vertex 10.6142 -7.07402 0
      vertex 10.6378 -7.12798 0.999999
      vertex 10.6378 -7.12798 0
    endloop
  endfacet
  facet normal 0.881694 0.471821 0
    outer loop
      vertex 10.6913 -7.23293 0.999999
      vertex 10.6635 -7.18098 0
      vertex 10.6635 -7.18098 0.999999
    endloop
  endfacet
  facet normal 0.881694 0.471821 0
    outer loop
      vertex 10.6635 -7.18098 0
      vertex 10.6913 -7.23293 0.999999
      vertex 10.6913 -7.23293 0
    endloop
  endfacet
  facet normal 0.842611 0.538523 0
    outer loop
      vertex 10.7528 -7.33334 0.999999
      vertex 10.7211 -7.28374 0
      vertex 10.7211 -7.28374 0.999999
    endloop
  endfacet
  facet normal 0.842611 0.538523 0
    outer loop
      vertex 10.7211 -7.28374 0
      vertex 10.7528 -7.33334 0.999999
      vertex 10.7528 -7.33334 0
    endloop
  endfacet
  facet normal 0.797791 0.602934 0
    outer loop
      vertex 10.8 -7.39952 1
      vertex 10.822 -7.42863 1
      vertex 10.8 -7.39952 0.999999
    endloop
  endfacet
  facet normal 0.797581 0.603212 0
    outer loop
      vertex 10.8 -7.39952 0.999999
      vertex 10.7865 -7.38167 0
      vertex 10.7865 -7.38167 0.999999
    endloop
  endfacet
  facet normal 0.797791 0.602934 -0
    outer loop
      vertex 10.822 -7.42863 0
      vertex 10.8 -7.39952 0.999999
      vertex 10.822 -7.42863 1
    endloop
  endfacet
  facet normal 0.797711 0.60304 -4.84131e-06
    outer loop
      vertex 10.8 -7.39952 0.999999
      vertex 10.822 -7.42863 0
      vertex 10.7865 -7.38167 0
    endloop
  endfacet
  facet normal 0.967894 0.251357 0
    outer loop
      vertex 10.5563 -6.90715 0.999999
      vertex 10.5415 -6.85016 0
      vertex 10.5415 -6.85016 0.999999
    endloop
  endfacet
  facet normal 0.967894 0.251357 0
    outer loop
      vertex 10.5415 -6.85016 0
      vertex 10.5563 -6.90715 0.999999
      vertex 10.5563 -6.90715 0
    endloop
  endfacet
  facet normal 0.995141 0.0984616 0
    outer loop
      vertex 10.5104 -6.6763 0.999999
      vertex 10.5046 -6.61768 0
      vertex 10.5046 -6.61768 0.999999
    endloop
  endfacet
  facet normal 0.995141 0.0984616 0
    outer loop
      vertex 10.5046 -6.61768 0
      vertex 10.5104 -6.6763 0.999999
      vertex 10.5104 -6.6763 0
    endloop
  endfacet
  facet normal -0.0590803 0.998253 0
    outer loop
      vertex 13.1177 -7.99536 0
      vertex 13.0589 -7.99884 1
      vertex 13.1177 -7.99536 1
    endloop
  endfacet
  facet normal -0.0590803 0.998253 0
    outer loop
      vertex 13.0589 -7.99884 1
      vertex 13.1177 -7.99536 0
      vertex 13.0589 -7.99884 0
    endloop
  endfacet
  facet normal 0.0979903 0.995187 -0
    outer loop
      vertex 11.8823 -7.99536 0
      vertex 11.8237 -7.98959 1
      vertex 11.8823 -7.99536 1
    endloop
  endfacet
  facet normal 0.0979903 0.995187 0
    outer loop
      vertex 11.8237 -7.98959 1
      vertex 11.8823 -7.99536 0
      vertex 11.8237 -7.98959 0
    endloop
  endfacet
  facet normal 0.137115 0.990555 -0
    outer loop
      vertex 11.8237 -7.98959 0
      vertex 11.7654 -7.98152 1
      vertex 11.8237 -7.98959 1
    endloop
  endfacet
  facet normal 0.137115 0.990555 0
    outer loop
      vertex 11.7654 -7.98152 1
      vertex 11.8237 -7.98959 0
      vertex 11.7654 -7.98152 0
    endloop
  endfacet
  facet normal -0.400605 0.916251 0
    outer loop
      vertex 13.628 -7.86221 0
      vertex 13.574 -7.88582 1
      vertex 13.628 -7.86221 1
    endloop
  endfacet
  facet normal -0.400605 0.916251 0
    outer loop
      vertex 13.574 -7.88582 1
      vertex 13.628 -7.86221 0
      vertex 13.574 -7.88582 0
    endloop
  endfacet
  facet normal -0.290776 0.956791 0
    outer loop
      vertex 13.4635 -7.92657 0
      vertex 13.4072 -7.94368 1
      vertex 13.4635 -7.92657 1
    endloop
  endfacet
  facet normal -0.290776 0.956791 0
    outer loop
      vertex 13.4072 -7.94368 1
      vertex 13.4635 -7.92657 0
      vertex 13.4072 -7.94368 0
    endloop
  endfacet
  facet normal -0.214344 0.976758 0
    outer loop
      vertex 13.3502 -7.95854 0
      vertex 13.2926 -7.97118 1
      vertex 13.3502 -7.95854 1
    endloop
  endfacet
  facet normal -0.214344 0.976758 0
    outer loop
      vertex 13.2926 -7.97118 1
      vertex 13.3502 -7.95854 0
      vertex 13.2926 -7.97118 0
    endloop
  endfacet
  facet normal -0.604178 0.796849 0
    outer loop
      vertex 13.9286 -7.67796 0
      vertex 13.8817 -7.71352 1
      vertex 13.9286 -7.67796 1
    endloop
  endfacet
  facet normal -0.604178 0.796849 0
    outer loop
      vertex 13.8817 -7.71352 1
      vertex 13.9286 -7.67796 0
      vertex 13.8817 -7.71352 0
    endloop
  endfacet
  facet normal -0.539246 0.842148 0
    outer loop
      vertex 13.8333 -7.74719 0
      vertex 13.7837 -7.77895 1
      vertex 13.8333 -7.74719 1
    endloop
  endfacet
  facet normal -0.539246 0.842148 0
    outer loop
      vertex 13.7837 -7.77895 1
      vertex 13.8333 -7.74719 0
      vertex 13.7837 -7.77895 0
    endloop
  endfacet
  facet normal -0.772792 0.63466 0
    outer loop
      vertex 14.1406 -7.47417 0
      vertex 14.178 -7.42863 1
      vertex 14.178 -7.42863 0
    endloop
  endfacet
  facet normal -0.772792 0.63466 0
    outer loop
      vertex 14.178 -7.42863 1
      vertex 14.1406 -7.47417 0
      vertex 14.1406 -7.47417 1
    endloop
  endfacet
  facet normal -0.862597 -0.505892 0
    outer loop
      vertex 14.3087 -0.767075 0
      vertex 14.2789 -0.716263 1
      vertex 14.2789 -0.716263 0
    endloop
  endfacet
  facet normal -0.862597 -0.505892 0
    outer loop
      vertex 14.2789 -0.716263 1
      vertex 14.3087 -0.767075 0
      vertex 14.3087 -0.767075 1
    endloop
  endfacet
  facet normal -0.820242 -0.572017 0
    outer loop
      vertex 14.2472 -0.666656 0
      vertex 14.2135 -0.618332 1
      vertex 14.2135 -0.618332 0
    endloop
  endfacet
  facet normal -0.820242 -0.572017 0
    outer loop
      vertex 14.2135 -0.618332 1
      vertex 14.2472 -0.666656 0
      vertex 14.2472 -0.666656 1
    endloop
  endfacet
  facet normal -0.956939 -0.29029 0
    outer loop
      vertex 14.4437 -1.09285 0
      vertex 14.4266 -1.03648 1
      vertex 14.4266 -1.03648 0
    endloop
  endfacet
  facet normal -0.956939 -0.29029 0
    outer loop
      vertex 14.4266 -1.03648 1
      vertex 14.4437 -1.09285 0
      vertex 14.4437 -1.09285 1
    endloop
  endfacet
  facet normal -0.571138 -0.820854 0
    outer loop
      vertex 13.8333 -0.252808 0
      vertex 13.8817 -0.286484 1
      vertex 13.8333 -0.252808 1
    endloop
  endfacet
  facet normal -0.571138 -0.820854 -0
    outer loop
      vertex 13.8817 -0.286484 1
      vertex 13.8333 -0.252808 0
      vertex 13.8817 -0.286484 0
    endloop
  endfacet
  facet normal -0.692682 -0.721243 0
    outer loop
      vertex 14.0182 -0.398529 0
      vertex 14.0607 -0.439346 1
      vertex 14.0182 -0.398529 1
    endloop
  endfacet
  facet normal -0.692682 -0.721243 -0
    outer loop
      vertex 14.0607 -0.439346 1
      vertex 14.0182 -0.398529 0
      vertex 14.0607 -0.439346 0
    endloop
  endfacet
  facet normal -0.797754 -0.602983 0
    outer loop
      vertex 14.2135 -0.618332 0
      vertex 14.178 -0.571365 1
      vertex 14.178 -0.571365 0
    endloop
  endfacet
  facet normal -0.797754 -0.602983 0
    outer loop
      vertex 14.178 -0.571365 1
      vertex 14.2135 -0.618332 0
      vertex 14.2135 -0.618332 1
    endloop
  endfacet
  facet normal -0.471791 -0.88171 0
    outer loop
      vertex 13.681 -0.163498 0
      vertex 13.7329 -0.191269 1
      vertex 13.681 -0.163498 1
    endloop
  endfacet
  facet normal -0.471791 -0.88171 -0
    outer loop
      vertex 13.7329 -0.191269 1
      vertex 13.681 -0.163498 0
      vertex 13.7329 -0.191269 0
    endloop
  endfacet
  facet normal -0.436466 -0.899721 0
    outer loop
      vertex 13.628 -0.137787 0
      vertex 13.681 -0.163498 1
      vertex 13.628 -0.137787 1
    endloop
  endfacet
  facet normal -0.436466 -0.899721 -0
    outer loop
      vertex 13.681 -0.163498 1
      vertex 13.628 -0.137787 0
      vertex 13.681 -0.163498 0
    endloop
  endfacet
  facet normal -0.327438 -0.944873 0
    outer loop
      vertex 13.4635 -0.0734253 0
      vertex 13.5192 -0.0927277 1
      vertex 13.4635 -0.0734253 1
    endloop
  endfacet
  facet normal -0.327438 -0.944873 -0
    outer loop
      vertex 13.5192 -0.0927277 1
      vertex 13.4635 -0.0734253 0
      vertex 13.5192 -0.0927277 0
    endloop
  endfacet
  facet normal -0.364559 -0.93118 0
    outer loop
      vertex 13.5192 -0.0927277 0
      vertex 13.574 -0.114182 1
      vertex 13.5192 -0.0927277 1
    endloop
  endfacet
  facet normal -0.364559 -0.93118 -0
    outer loop
      vertex 13.574 -0.114182 1
      vertex 13.5192 -0.0927277 0
      vertex 13.574 -0.114182 0
    endloop
  endfacet
  facet normal -0.2907 -0.956814 0
    outer loop
      vertex 13.4072 -0.0563202 0
      vertex 13.4635 -0.0734253 1
      vertex 13.4072 -0.0563202 1
    endloop
  endfacet
  facet normal -0.2907 -0.956814 -0
    outer loop
      vertex 13.4635 -0.0734253 1
      vertex 13.4072 -0.0563202 0
      vertex 13.4635 -0.0734253 0
    endloop
  endfacet
  facet normal 0.74766 -0.664081 0
    outer loop
      vertex 10.8594 -0.525833 1
      vertex 10.8985 -0.481812 0
      vertex 10.8985 -0.481812 1
    endloop
  endfacet
  facet normal 0.74766 -0.664081 0
    outer loop
      vertex 10.8985 -0.481812 0
      vertex 10.8594 -0.525833 1
      vertex 10.8594 -0.525833 0
    endloop
  endfacet
  facet normal 0.364559 -0.93118 0
    outer loop
      vertex 11.426 -0.114182 0
      vertex 11.4808 -0.0927277 1
      vertex 11.426 -0.114182 1
    endloop
  endfacet
  facet normal 0.364559 -0.93118 0
    outer loop
      vertex 11.4808 -0.0927277 1
      vertex 11.426 -0.114182 0
      vertex 11.4808 -0.0927277 0
    endloop
  endfacet
  facet normal 0.327438 -0.944873 0
    outer loop
      vertex 11.4808 -0.0927277 0
      vertex 11.5365 -0.0734253 1
      vertex 11.4808 -0.0927277 1
    endloop
  endfacet
  facet normal 0.327438 -0.944873 0
    outer loop
      vertex 11.5365 -0.0734253 1
      vertex 11.4808 -0.0927277 0
      vertex 11.5365 -0.0734253 0
    endloop
  endfacet
  facet normal 0.721061 0.692871 0
    outer loop
      vertex 10.9393 -7.56065 1
      vertex 10.8985 -7.51819 0
      vertex 10.8985 -7.51819 1
    endloop
  endfacet
  facet normal 0.721061 0.692871 0
    outer loop
      vertex 10.8985 -7.51819 0
      vertex 10.9393 -7.56065 1
      vertex 10.9393 -7.56065 0
    endloop
  endfacet
  facet normal 0.664448 0.747334 -0
    outer loop
      vertex 11.0258 -7.64059 0
      vertex 10.9818 -7.60147 1
      vertex 11.0258 -7.64059 1
    endloop
  endfacet
  facet normal 0.664448 0.747334 0
    outer loop
      vertex 10.9818 -7.60147 1
      vertex 11.0258 -7.64059 0
      vertex 10.9818 -7.60147 0
    endloop
  endfacet
  facet normal 0.539246 0.842148 -0
    outer loop
      vertex 11.2163 -7.77895 0
      vertex 11.1667 -7.74719 1
      vertex 11.2163 -7.77895 1
    endloop
  endfacet
  facet normal 0.539246 0.842148 0
    outer loop
      vertex 11.1667 -7.74719 1
      vertex 11.2163 -7.77895 0
      vertex 11.1667 -7.74719 0
    endloop
  endfacet
  facet normal 0.604178 0.796849 -0
    outer loop
      vertex 11.1183 -7.71352 0
      vertex 11.0714 -7.67796 1
      vertex 11.1183 -7.71352 1
    endloop
  endfacet
  facet normal 0.604178 0.796849 0
    outer loop
      vertex 11.0714 -7.67796 1
      vertex 11.1183 -7.71352 0
      vertex 11.0714 -7.67796 0
    endloop
  endfacet
  facet normal 0.471778 0.881717 -0
    outer loop
      vertex 11.319 -7.8365 0
      vertex 11.2671 -7.80873 1
      vertex 11.319 -7.8365 1
    endloop
  endfacet
  facet normal 0.471778 0.881717 0
    outer loop
      vertex 11.2671 -7.80873 1
      vertex 11.319 -7.8365 0
      vertex 11.2671 -7.80873 0
    endloop
  endfacet
  facet normal 0.400605 0.916251 -0
    outer loop
      vertex 11.426 -7.88582 0
      vertex 11.372 -7.86221 1
      vertex 11.426 -7.88582 1
    endloop
  endfacet
  facet normal 0.400605 0.916251 0
    outer loop
      vertex 11.372 -7.86221 1
      vertex 11.426 -7.88582 0
      vertex 11.372 -7.86221 0
    endloop
  endfacet
  facet normal 0.327402 0.944885 -0
    outer loop
      vertex 11.5365 -7.92657 0
      vertex 11.4808 -7.90727 1
      vertex 11.5365 -7.92657 1
    endloop
  endfacet
  facet normal 0.327402 0.944885 0
    outer loop
      vertex 11.4808 -7.90727 1
      vertex 11.5365 -7.92657 0
      vertex 11.4808 -7.90727 0
    endloop
  endfacet
  facet normal 0.899794 0.436315 0
    outer loop
      vertex 10.6635 -7.18098 0.999999
      vertex 10.6378 -7.12798 0
      vertex 10.6378 -7.12798 0.999999
    endloop
  endfacet
  facet normal 0.899794 0.436315 0
    outer loop
      vertex 10.6378 -7.12798 0
      vertex 10.6635 -7.18098 0.999999
      vertex 10.6635 -7.18098 0
    endloop
  endfacet
  facet normal 0.862588 0.505907 0
    outer loop
      vertex 10.7211 -7.28374 0.999999
      vertex 10.6913 -7.23293 0
      vertex 10.6913 -7.23293 0.999999
    endloop
  endfacet
  facet normal 0.862588 0.505907 0
    outer loop
      vertex 10.6913 -7.23293 0
      vertex 10.7211 -7.28374 0.999999
      vertex 10.7211 -7.28374 0
    endloop
  endfacet
  facet normal 0.820275 0.571969 0
    outer loop
      vertex 10.7865 -7.38167 0.999999
      vertex 10.7528 -7.33334 0
      vertex 10.7528 -7.33334 0.999999
    endloop
  endfacet
  facet normal 0.820275 0.571969 0
    outer loop
      vertex 10.7528 -7.33334 0
      vertex 10.7865 -7.38167 0.999999
      vertex 10.7865 -7.38167 0
    endloop
  endfacet
  facet normal 0.772792 0.63466 0
    outer loop
      vertex 10.8594 -7.47417 1
      vertex 10.822 -7.42863 0
      vertex 10.822 -7.42863 1
    endloop
  endfacet
  facet normal 0.772792 0.63466 0
    outer loop
      vertex 10.822 -7.42863 0
      vertex 10.8594 -7.47417 1
      vertex 10.8594 -7.47417 0
    endloop
  endfacet
  facet normal 0.93103 0.364943 0
    outer loop
      vertex 10.6142 -7.07402 0.999999
      vertex 10.5927 -7.01917 0
      vertex 10.5927 -7.01917 0.999999
    endloop
  endfacet
  facet normal 0.93103 0.364943 0
    outer loop
      vertex 10.5927 -7.01917 0
      vertex 10.6142 -7.07402 0.999999
      vertex 10.6142 -7.07402 0
    endloop
  endfacet
  facet normal 0.956939 0.29029 0
    outer loop
      vertex 10.5734 -6.96352 0.999999
      vertex 10.5563 -6.90715 0
      vertex 10.5563 -6.90715 0.999999
    endloop
  endfacet
  facet normal 0.956939 0.29029 0
    outer loop
      vertex 10.5563 -6.90715 0
      vertex 10.5734 -6.96352 0.999999
      vertex 10.5734 -6.96352 0
    endloop
  endfacet
  facet normal 0.97649 0.215564 0
    outer loop
      vertex 10.5415 -6.85016 0.999999
      vertex 10.5288 -6.79263 0
      vertex 10.5288 -6.79263 0.999999
    endloop
  endfacet
  facet normal 0.97649 0.215564 0
    outer loop
      vertex 10.5288 -6.79263 0
      vertex 10.5415 -6.85016 0.999999
      vertex 10.5415 -6.85016 0
    endloop
  endfacet
  facet normal 0.990502 0.137499 0
    outer loop
      vertex 10.5185 -6.73465 0.999999
      vertex 10.5104 -6.6763 0
      vertex 10.5104 -6.6763 0.999999
    endloop
  endfacet
  facet normal 0.990502 0.137499 0
    outer loop
      vertex 10.5104 -6.6763 0
      vertex 10.5185 -6.73465 0.999999
      vertex 10.5185 -6.73465 0
    endloop
  endfacet
  facet normal -0.175509 0.984478 0
    outer loop
      vertex 13.2926 -7.97118 0
      vertex 13.2346 -7.98152 1
      vertex 13.2926 -7.97118 1
    endloop
  endfacet
  facet normal -0.175509 0.984478 0
    outer loop
      vertex 13.2346 -7.98152 1
      vertex 13.2926 -7.97118 0
      vertex 13.2346 -7.98152 0
    endloop
  endfacet
  facet normal -0.0979903 0.995187 0
    outer loop
      vertex 13.1763 -7.98959 0
      vertex 13.1177 -7.99536 1
      vertex 13.1763 -7.98959 1
    endloop
  endfacet
  facet normal -0.0979903 0.995187 0
    outer loop
      vertex 13.1177 -7.99536 1
      vertex 13.1763 -7.98959 0
      vertex 13.1177 -7.99536 0
    endloop
  endfacet
  facet normal 0.0590803 0.998253 -0
    outer loop
      vertex 11.9411 -7.99884 0
      vertex 11.8823 -7.99536 1
      vertex 11.9411 -7.99884 1
    endloop
  endfacet
  facet normal 0.0590803 0.998253 0
    outer loop
      vertex 11.8823 -7.99536 1
      vertex 11.9411 -7.99884 0
      vertex 11.8823 -7.99536 0
    endloop
  endfacet
  facet normal -0.505728 0.862693 0
    outer loop
      vertex 13.7837 -7.77895 0
      vertex 13.7329 -7.80873 1
      vertex 13.7837 -7.77895 1
    endloop
  endfacet
  facet normal -0.505728 0.862693 0
    outer loop
      vertex 13.7329 -7.80873 1
      vertex 13.7837 -7.77895 0
      vertex 13.7329 -7.80873 0
    endloop
  endfacet
  facet normal -0.436453 0.899727 0
    outer loop
      vertex 13.681 -7.8365 0
      vertex 13.628 -7.86221 1
      vertex 13.681 -7.8365 1
    endloop
  endfacet
  facet normal -0.436453 0.899727 0
    outer loop
      vertex 13.628 -7.86221 1
      vertex 13.681 -7.8365 0
      vertex 13.628 -7.86221 0
    endloop
  endfacet
  facet normal -0.327402 0.944885 0
    outer loop
      vertex 13.5192 -7.90727 0
      vertex 13.4635 -7.92657 1
      vertex 13.5192 -7.90727 1
    endloop
  endfacet
  facet normal -0.327402 0.944885 0
    outer loop
      vertex 13.4635 -7.92657 1
      vertex 13.5192 -7.90727 0
      vertex 13.4635 -7.92657 0
    endloop
  endfacet
  facet normal -0.25227 0.967657 0
    outer loop
      vertex 13.4072 -7.94368 0
      vertex 13.3502 -7.95854 1
      vertex 13.4072 -7.94368 1
    endloop
  endfacet
  facet normal -0.25227 0.967657 0
    outer loop
      vertex 13.3502 -7.95854 1
      vertex 13.4072 -7.94368 0
      vertex 13.3502 -7.95854 0
    endloop
  endfacet
  facet normal -0.571069 0.820902 0
    outer loop
      vertex 13.8817 -7.71352 0
      vertex 13.8333 -7.74719 1
      vertex 13.8817 -7.71352 1
    endloop
  endfacet
  facet normal -0.571069 0.820902 0
    outer loop
      vertex 13.8333 -7.74719 1
      vertex 13.8817 -7.71352 0
      vertex 13.8333 -7.74719 0
    endloop
  endfacet
  facet normal -0.633856 0.773451 0
    outer loop
      vertex 13.9742 -7.64059 0
      vertex 13.9286 -7.67796 1
      vertex 13.9742 -7.64059 1
    endloop
  endfacet
  facet normal -0.633856 0.773451 0
    outer loop
      vertex 13.9286 -7.67796 1
      vertex 13.9742 -7.64059 0
      vertex 13.9286 -7.67796 0
    endloop
  endfacet
  facet normal -0.692708 0.721218 0
    outer loop
      vertex 14.0607 -7.56065 0
      vertex 14.0182 -7.60147 1
      vertex 14.0607 -7.56065 1
    endloop
  endfacet
  facet normal -0.692708 0.721218 0
    outer loop
      vertex 14.0182 -7.60147 1
      vertex 14.0607 -7.56065 0
      vertex 14.0182 -7.60147 0
    endloop
  endfacet
  facet normal -0.721061 0.692871 0
    outer loop
      vertex 14.0607 -7.56065 0
      vertex 14.1015 -7.51819 1
      vertex 14.1015 -7.51819 0
    endloop
  endfacet
  facet normal -0.721061 0.692871 0
    outer loop
      vertex 14.1015 -7.51819 1
      vertex 14.0607 -7.56065 0
      vertex 14.0607 -7.56065 1
    endloop
  endfacet
  facet normal -0.931041 -0.364914 0
    outer loop
      vertex 14.4073 -0.980835 0
      vertex 14.3858 -0.92598 1
      vertex 14.3858 -0.92598 0
    endloop
  endfacet
  facet normal -0.931041 -0.364914 0
    outer loop
      vertex 14.3858 -0.92598 1
      vertex 14.4073 -0.980835 0
      vertex 14.4073 -0.980835 1
    endloop
  endfacet
  facet normal -0.944785 -0.327691 0
    outer loop
      vertex 14.4266 -1.03648 0
      vertex 14.4073 -0.980835 1
      vertex 14.4073 -0.980835 0
    endloop
  endfacet
  facet normal -0.944785 -0.327691 0
    outer loop
      vertex 14.4073 -0.980835 1
      vertex 14.4266 -1.03648 0
      vertex 14.4266 -1.03648 1
    endloop
  endfacet
  facet normal -0.72111 -0.69282 0
    outer loop
      vertex 14.1015 -0.481812 0
      vertex 14.0607 -0.439346 1
      vertex 14.0607 -0.439346 0
    endloop
  endfacet
  facet normal -0.72111 -0.69282 0
    outer loop
      vertex 14.0607 -0.439346 1
      vertex 14.1015 -0.481812 0
      vertex 14.1015 -0.481812 1
    endloop
  endfacet
  facet normal -0.633846 -0.773459 0
    outer loop
      vertex 13.9286 -0.322037 0
      vertex 13.9742 -0.359406 1
      vertex 13.9286 -0.322037 1
    endloop
  endfacet
  facet normal -0.633846 -0.773459 -0
    outer loop
      vertex 13.9742 -0.359406 1
      vertex 13.9286 -0.322037 0
      vertex 13.9742 -0.359406 0
    endloop
  endfacet
  facet normal -0.664477 -0.747309 0
    outer loop
      vertex 13.9742 -0.359406 0
      vertex 14.0182 -0.398529 1
      vertex 13.9742 -0.359406 1
    endloop
  endfacet
  facet normal -0.664477 -0.747309 -0
    outer loop
      vertex 14.0182 -0.398529 1
      vertex 13.9742 -0.359406 0
      vertex 14.0182 -0.398529 0
    endloop
  endfacet
  facet normal -0.604103 -0.796906 0
    outer loop
      vertex 13.8817 -0.286484 0
      vertex 13.9286 -0.322037 1
      vertex 13.8817 -0.286484 1
    endloop
  endfacet
  facet normal -0.604103 -0.796906 -0
    outer loop
      vertex 13.9286 -0.322037 1
      vertex 13.8817 -0.286484 0
      vertex 13.9286 -0.322037 0
    endloop
  endfacet
  facet normal -0.505791 -0.862656 0
    outer loop
      vertex 13.7329 -0.191269 0
      vertex 13.7837 -0.221054 1
      vertex 13.7329 -0.191269 1
    endloop
  endfacet
  facet normal -0.505791 -0.862656 -0
    outer loop
      vertex 13.7837 -0.221054 1
      vertex 13.7329 -0.191269 0
      vertex 13.7837 -0.221054 0
    endloop
  endfacet
  facet normal -0.539174 -0.842194 0
    outer loop
      vertex 13.7837 -0.221054 0
      vertex 13.8333 -0.252808 1
      vertex 13.7837 -0.221054 1
    endloop
  endfacet
  facet normal -0.539174 -0.842194 -0
    outer loop
      vertex 13.8333 -0.252808 1
      vertex 13.7837 -0.221054 0
      vertex 13.8333 -0.252808 0
    endloop
  endfacet
  facet normal 0.72111 -0.69282 0
    outer loop
      vertex 10.8985 -0.481812 1
      vertex 10.9393 -0.439346 0
      vertex 10.9393 -0.439346 1
    endloop
  endfacet
  facet normal 0.72111 -0.69282 0
    outer loop
      vertex 10.9393 -0.439346 0
      vertex 10.8985 -0.481812 1
      vertex 10.8985 -0.481812 0
    endloop
  endfacet
  facet normal -0.364495 0.931205 0
    outer loop
      vertex 13.574 -7.88582 0
      vertex 13.5192 -7.90727 1
      vertex 13.574 -7.88582 1
    endloop
  endfacet
  facet normal -0.364495 0.931205 0
    outer loop
      vertex 13.5192 -7.90727 1
      vertex 13.574 -7.88582 0
      vertex 13.5192 -7.90727 0
    endloop
  endfacet
  facet normal -0.747653 0.66409 0
    outer loop
      vertex 14.1015 -7.51819 0
      vertex 14.1406 -7.47417 1
      vertex 14.1406 -7.47417 0
    endloop
  endfacet
  facet normal -0.747653 0.66409 0
    outer loop
      vertex 14.1406 -7.47417 1
      vertex 14.1015 -7.51819 0
      vertex 14.1015 -7.51819 1
    endloop
  endfacet
  facet normal -0.88166 -0.471885 0
    outer loop
      vertex 14.3365 -0.819016 0
      vertex 14.3087 -0.767075 1
      vertex 14.3087 -0.767075 0
    endloop
  endfacet
  facet normal -0.88166 -0.471885 0
    outer loop
      vertex 14.3087 -0.767075 1
      vertex 14.3365 -0.819016 0
      vertex 14.3365 -0.819016 1
    endloop
  endfacet
  facet normal -0.91619 -0.400743 0
    outer loop
      vertex 14.3858 -0.92598 0
      vertex 14.3622 -0.872025 1
      vertex 14.3622 -0.872025 0
    endloop
  endfacet
  facet normal -0.91619 -0.400743 0
    outer loop
      vertex 14.3622 -0.872025 1
      vertex 14.3858 -0.92598 0
      vertex 14.3858 -0.92598 1
    endloop
  endfacet
  facet normal -0.97649 -0.215564 0
    outer loop
      vertex 14.4712 -1.20737 0
      vertex 14.4585 -1.14984 1
      vertex 14.4585 -1.14984 0
    endloop
  endfacet
  facet normal -0.97649 -0.215564 0
    outer loop
      vertex 14.4585 -1.14984 1
      vertex 14.4712 -1.20737 0
      vertex 14.4712 -1.20737 1
    endloop
  endfacet
  facet normal -0.967894 -0.251357 0
    outer loop
      vertex 14.4585 -1.14984 0
      vertex 14.4437 -1.09285 1
      vertex 14.4437 -1.09285 0
    endloop
  endfacet
  facet normal -0.967894 -0.251357 0
    outer loop
      vertex 14.4437 -1.09285 1
      vertex 14.4585 -1.14984 0
      vertex 14.4585 -1.14984 1
    endloop
  endfacet
  facet normal -0.772737 -0.634726 0
    outer loop
      vertex 14.178 -0.571365 0
      vertex 14.1406 -0.525833 1
      vertex 14.1406 -0.525833 0
    endloop
  endfacet
  facet normal -0.772737 -0.634726 0
    outer loop
      vertex 14.1406 -0.525833 1
      vertex 14.178 -0.571365 0
      vertex 14.178 -0.571365 1
    endloop
  endfacet
  facet normal -0.74766 -0.664081 0
    outer loop
      vertex 14.1406 -0.525833 0
      vertex 14.1015 -0.481812 1
      vertex 14.1015 -0.481812 0
    endloop
  endfacet
  facet normal -0.74766 -0.664081 0
    outer loop
      vertex 14.1015 -0.481812 1
      vertex 14.1406 -0.525833 0
      vertex 14.1406 -0.525833 1
    endloop
  endfacet
  facet normal -1 0 0
    outer loop
      vertex -10.8 -11.5 1
      vertex -10.8 11.5 1.8
      vertex -10.8 11.5 1
    endloop
  endfacet
  facet normal -1 -0 0
    outer loop
      vertex -10.8 11.5 1.8
      vertex -10.8 -11.5 1
      vertex -10.8 -11.5 1.8
    endloop
  endfacet
  facet normal -0 0 1
    outer loop
      vertex -10.8 11.5 1.8
      vertex -10 -11.5 1.8
      vertex -10 11.5 1.8
    endloop
  endfacet
  facet normal 0 0 1
    outer loop
      vertex -10 -11.5 1.8
      vertex -10.8 11.5 1.8
      vertex -10.8 -11.5 1.8
    endloop
  endfacet
  facet normal 1 -0 0
    outer loop
      vertex -10 -11.5 1.8
      vertex -10 11.5 1
      vertex -10 11.5 1.8
    endloop
  endfacet
  facet normal 1 0 0
    outer loop
      vertex -10 11.5 1
      vertex -10 -11.5 1.8
      vertex -10 -11.5 1
    endloop
  endfacet
  facet normal 0 1 -0
    outer loop
      vertex -10 11.5 1
      vertex -10.8 11.5 1.8
      vertex -10 11.5 1.8
    endloop
  endfacet
  facet normal 0 1 0
    outer loop
      vertex -10.8 11.5 1.8
      vertex -10 11.5 1
      vertex -10.8 11.5 1
    endloop
  endfacet
  facet normal 0 -1 0
    outer loop
      vertex -10.8 -11.5 1
      vertex -10 -11.5 1.8
      vertex -10.8 -11.5 1.8
    endloop
  endfacet
  facet normal 0 -1 -0
    outer loop
      vertex -10 -11.5 1.8
      vertex -10.8 -11.5 1
      vertex -10 -11.5 1
    endloop
  endfacet
  facet normal -1 0 0
    outer loop
      vertex 10 -11.5 1
      vertex 10 11.5 1.8
      vertex 10 11.5 1
    endloop
  endfacet
  facet normal -1 -0 0
    outer loop
      vertex 10 11.5 1.8
      vertex 10 -11.5 1
      vertex 10 -11.5 1.8
    endloop
  endfacet
  facet normal -0 0 1
    outer loop
      vertex 10 11.5 1.8
      vertex 10.8 -11.5 1.8
      vertex 10.8 11.5 1.8
    endloop
  endfacet
  facet normal 0 0 1
    outer loop
      vertex 10.8 -11.5 1.8
      vertex 10 11.5 1.8
      vertex 10 -11.5 1.8
    endloop
  endfacet
  facet normal 1 0 0
    outer loop
      vertex 10.8 11.5 1.8
      vertex 10.8 -0.600478 1
      vertex 10.8 11.5 1
    endloop
  endfacet
  facet normal 1 0 0
    outer loop
      vertex 10.8 -0.600478 1
      vertex 10.8 -7.39952 1
      vertex 10.8 -0.600478 0.999999
    endloop
  endfacet
  facet normal 1 -0 0
    outer loop
      vertex 10.8 -11.5 1.8
      vertex 10.8 -0.600478 1
      vertex 10.8 11.5 1.8
    endloop
  endfacet
  facet normal 1 0 0
    outer loop
      vertex 10.8 -0.600478 1
      vertex 10.8 -11.5 1.8
      vertex 10.8 -7.39952 1
    endloop
  endfacet
  facet normal 1 0 0
    outer loop
      vertex 10.8 -7.39952 1
      vertex 10.8 -11.5 1.8
      vertex 10.8 -11.5 1
    endloop
  endfacet
  facet normal 1 0 0
    outer loop
      vertex 10.8 -0.600478 0.999999
      vertex 10.8 -7.39952 1
      vertex 10.8 -7.39952 0.999999
    endloop
  endfacet
  facet normal 0 1 -0
    outer loop
      vertex 10.8 11.5 1
      vertex 10 11.5 1.8
      vertex 10.8 11.5 1.8
    endloop
  endfacet
  facet normal 0 1 0
    outer loop
      vertex 10 11.5 1.8
      vertex 10.8 11.5 1
      vertex 10 11.5 1
    endloop
  endfacet
  facet normal 0 0 -1
    outer loop
      vertex 10.7528 -7.33334 0.999999
      vertex 10.8 -7.39952 0.999999
      vertex 10.7865 -7.38167 0.999999
    endloop
  endfacet
  facet normal 0 0 -1
    outer loop
      vertex 10.8 -7.39952 0.999999
      vertex 10.5 -6.5 0.999999
      vertex 10.8 -0.600478 0.999999
    endloop
  endfacet
  facet normal 0 0 -1
    outer loop
      vertex 10.8 -7.39952 0.999999
      vertex 10.7528 -7.33334 0.999999
      vertex 10.5 -6.5 0.999999
    endloop
  endfacet
  facet normal 0 0 -1
    outer loop
      vertex 10.5 -1.5 0.999999
      vertex 10.8 -0.600478 0.999999
      vertex 10.5 -6.5 0.999999
    endloop
  endfacet
  facet normal 0 0 -1
    outer loop
      vertex 10.5 -6.5 0.999999
      vertex 10.7528 -7.33334 0.999999
      vertex 10.7211 -7.28374 0.999999
    endloop
  endfacet
  facet normal 0 -0 -1
    outer loop
      vertex 10.7528 -0.666656 0.999999
      vertex 10.8 -0.600478 0.999999
      vertex 10.5 -1.5 0.999999
    endloop
  endfacet
  facet normal 0 0 -1
    outer loop
      vertex 10.5 -6.5 0.999999
      vertex 10.7211 -7.28374 0.999999
      vertex 10.6913 -7.23293 0.999999
    endloop
  endfacet
  facet normal 0 0 -1
    outer loop
      vertex 10.8 -0.600478 0.999999
      vertex 10.7528 -0.666656 0.999999
      vertex 10.7865 -0.618332 0.999999
    endloop
  endfacet
  facet normal 0 0 -1
    outer loop
      vertex 10.5 -6.5 0.999999
      vertex 10.6913 -7.23293 0.999999
      vertex 10.6635 -7.18098 0.999999
    endloop
  endfacet
  facet normal 0 0 -1
    outer loop
      vertex 10.7528 -0.666656 0.999999
      vertex 10.5 -1.5 0.999999
      vertex 10.7211 -0.716263 0.999999
    endloop
  endfacet
  facet normal 0 0 -1
    outer loop
      vertex 10.5 -6.5 0.999999
      vertex 10.6635 -7.18098 0.999999
      vertex 10.6378 -7.12798 0.999999
    endloop
  endfacet
  facet normal 0 0 -1
    outer loop
      vertex 10.7211 -0.716263 0.999999
      vertex 10.5 -1.5 0.999999
      vertex 10.6913 -0.767075 0.999999
    endloop
  endfacet
  facet normal 0 0 -1
    outer loop
      vertex 10.5 -6.5 0.999999
      vertex 10.6378 -7.12798 0.999999
      vertex 10.6142 -7.07402 0.999999
    endloop
  endfacet
  facet normal 0 0 -1
    outer loop
      vertex 10.6913 -0.767075 0.999999
      vertex 10.5 -1.5 0.999999
      vertex 10.6635 -0.819016 0.999999
    endloop
  endfacet
  facet normal 0 0 -1
    outer loop
      vertex 10.5 -6.5 0.999999
      vertex 10.6142 -7.07402 0.999999
      vertex 10.5927 -7.01917 0.999999
    endloop
  endfacet
  facet normal 0 0 -1
    outer loop
      vertex 10.6635 -0.819016 0.999999
      vertex 10.5 -1.5 0.999999
      vertex 10.6378 -0.872025 0.999999
    endloop
  endfacet
  facet normal 0 0 -1
    outer loop
      vertex 10.5 -6.5 0.999999
      vertex 10.5927 -7.01917 0.999999
      vertex 10.5734 -6.96352 0.999999
    endloop
  endfacet
  facet normal 0 0 -1
    outer loop
      vertex 10.6378 -0.872025 0.999999
      vertex 10.5 -1.5 0.999999
      vertex 10.6142 -0.92598 0.999999
    endloop
  endfacet
  facet normal 0 0 -1
    outer loop
      vertex 10.5 -6.5 0.999999
      vertex 10.5734 -6.96352 0.999999
      vertex 10.5563 -6.90715 0.999999
    endloop
  endfacet
  facet normal 0 0 -1
    outer loop
      vertex 10.6142 -0.92598 0.999999
      vertex 10.5 -1.5 0.999999
      vertex 10.5927 -0.980835 0.999999
    endloop
  endfacet
  facet normal 0 0 -1
    outer loop
      vertex 10.5 -6.5 0.999999
      vertex 10.5563 -6.90715 0.999999
      vertex 10.5415 -6.85016 0.999999
    endloop
  endfacet
  facet normal 0 0 -1
    outer loop
      vertex 10.5927 -0.980835 0.999999
      vertex 10.5 -1.5 0.999999
      vertex 10.5734 -1.03648 0.999999
    endloop
  endfacet
  facet normal 0 0 -1
    outer loop
      vertex 10.5 -6.5 0.999999
      vertex 10.5415 -6.85016 0.999999
      vertex 10.5288 -6.79263 0.999999
    endloop
  endfacet
  facet normal 0 0 -1
    outer loop
      vertex 10.5734 -1.03648 0.999999
      vertex 10.5 -1.5 0.999999
      vertex 10.5563 -1.09285 0.999999
    endloop
  endfacet
  facet normal 0 0 -1
    outer loop
      vertex 10.5 -6.5 0.999999
      vertex 10.5288 -6.79263 0.999999
      vertex 10.5185 -6.73465 0.999999
    endloop
  endfacet
  facet normal 0 0 -1
    outer loop
      vertex 10.5563 -1.09285 0.999999
      vertex 10.5 -1.5 0.999999
      vertex 10.5415 -1.14984 0.999999
    endloop
  endfacet
  facet normal 0 0 -1
    outer loop
      vertex 10.5 -6.5 0.999999
      vertex 10.5185 -6.73465 0.999999
      vertex 10.5104 -6.6763 0.999999
    endloop
  endfacet
  facet normal 0 0 -1
    outer loop
      vertex 10.5415 -1.14984 0.999999
      vertex 10.5 -1.5 0.999999
      vertex 10.5288 -1.20737 0.999999
    endloop
  endfacet
  facet normal 0 0 -1
    outer loop
      vertex 10.5 -6.5 0.999999
      vertex 10.5104 -6.6763 0.999999
      vertex 10.5046 -6.61768 0.999999
    endloop
  endfacet
  facet normal 0 0 -1
    outer loop
      vertex 10.5288 -1.20737 0.999999
      vertex 10.5 -1.5 0.999999
      vertex 10.5185 -1.26535 0.999999
    endloop
  endfacet
  facet normal 0 0 -1
    outer loop
      vertex 10.5 -6.5 0.999999
      vertex 10.5046 -6.61768 0.999999
      vertex 10.5012 -6.55888 0.999999
    endloop
  endfacet
  facet normal 0 0 -1
    outer loop
      vertex 10.5185 -1.26535 0.999999
      vertex 10.5 -1.5 0.999999
      vertex 10.5104 -1.3237 0.999999
    endloop
  endfacet
  facet normal 0 0 -1
    outer loop
      vertex 10.5104 -1.3237 0.999999
      vertex 10.5 -1.5 0.999999
      vertex 10.5046 -1.38232 0.999999
    endloop
  endfacet
  facet normal 0 0 -1
    outer loop
      vertex 10.5046 -1.38232 0.999999
      vertex 10.5 -1.5 0.999999
      vertex 10.5012 -1.44112 0.999999
    endloop
  endfacet
  facet normal 0 -1 0
    outer loop
      vertex 10 -11.5 1
      vertex 10.8 -11.5 1.8
      vertex 10 -11.5 1.8
    endloop
  endfacet
  facet normal 0 -1 -0
    outer loop
      vertex 10.8 -11.5 1.8
      vertex 10 -11.5 1
      vertex 10.8 -11.5 1
    endloop
  endfacet
endsolid OpenSCAD_Model
