solid OpenSCAD_Model
  facet normal 0.693139 -0.720804 0
    outer loop
      vertex 14.9336 -16.1551 0
      vertex 15.5563 -15.5563 2
      vertex 14.9336 -16.1551 2
    endloop
  endfacet
  facet normal 0.693139 -0.720804 0
    outer loop
      vertex 15.5563 -15.5563 2
      vertex 14.9336 -16.1551 0
      vertex 15.5563 -15.5563 0
    endloop
  endfacet
  facet normal -0.364511 -0.931199 0
    outer loop
      vertex -8.41903 -20.3253 0
      vertex -7.61457 -20.6402 2
      vertex -8.41903 -20.3253 2
    endloop
  endfacet
  facet normal -0.364511 -0.931199 -0
    outer loop
      vertex -7.61457 -20.6402 2
      vertex -8.41903 -20.3253 0
      vertex -7.61457 -20.6402 0
    endloop
  endfacet
  facet normal -0.916188 -0.400748 0
    outer loop
      vertex -19.9791 -9.21051 0
      vertex -20.3253 -8.41903 2
      vertex -20.3253 -8.41903 0
    endloop
  endfacet
  facet normal -0.916188 -0.400748 0
    outer loop
      vertex -20.3253 -8.41903 2
      vertex -19.9791 -9.21051 0
      vertex -19.9791 -9.21051 2
    endloop
  endfacet
  facet normal 0.539218 0.842166 -0
    outer loop
      vertex 12.2225 18.2923 0
      vertex 11.495 18.7581 2
      vertex 12.2225 18.2923 2
    endloop
  endfacet
  facet normal 0.539218 0.842166 0
    outer loop
      vertex 11.495 18.7581 2
      vertex 12.2225 18.2923 0
      vertex 11.495 18.7581 0
    endloop
  endfacet
  facet normal -0.400748 0.916188 0
    outer loop
      vertex -8.41903 20.3253 0
      vertex -9.21051 19.9791 2
      vertex -8.41903 20.3253 2
    endloop
  endfacet
  facet normal -0.400748 0.916188 0
    outer loop
      vertex -9.21051 19.9791 2
      vertex -8.41903 20.3253 0
      vertex -9.21051 19.9791 0
    endloop
  endfacet
  facet normal 0.944818 -0.327596 0
    outer loop
      vertex 20.6402 -7.61457 2
      vertex 20.9232 -6.79837 0
      vertex 20.9232 -6.79837 2
    endloop
  endfacet
  facet normal 0.944818 -0.327596 0
    outer loop
      vertex 20.9232 -6.79837 0
      vertex 20.6402 -7.61457 2
      vertex 20.6402 -7.61457 0
    endloop
  endfacet
  facet normal 0.899752 -0.436402 0
    outer loop
      vertex 19.6021 -9.98779 2
      vertex 19.9791 -9.21051 0
      vertex 19.9791 -9.21051 2
    endloop
  endfacet
  facet normal 0.899752 -0.436402 0
    outer loop
      vertex 19.9791 -9.21051 0
      vertex 19.6021 -9.98779 2
      vertex 19.6021 -9.98779 0
    endloop
  endfacet
  facet normal 0.400748 -0.916188 0
    outer loop
      vertex 8.41903 -20.3253 0
      vertex 9.21051 -19.9791 2
      vertex 8.41903 -20.3253 2
    endloop
  endfacet
  facet normal 0.400748 -0.916188 0
    outer loop
      vertex 9.21051 -19.9791 2
      vertex 8.41903 -20.3253 0
      vertex 9.21051 -19.9791 0
    endloop
  endfacet
  facet normal -0.720804 -0.693139 0
    outer loop
      vertex -15.5563 -15.5563 0
      vertex -16.1551 -14.9336 2
      vertex -16.1551 -14.9336 0
    endloop
  endfacet
  facet normal -0.720804 -0.693139 0
    outer loop
      vertex -16.1551 -14.9336 2
      vertex -15.5563 -15.5563 0
      vertex -15.5563 -15.5563 2
    endloop
  endfacet
  facet normal -0.175721 -0.98444 0
    outer loop
      vertex -4.29199 -21.5773 0
      vertex -3.44156 -21.7291 2
      vertex -4.29199 -21.5773 2
    endloop
  endfacet
  facet normal -0.175721 -0.98444 -0
    outer loop
      vertex -3.44156 -21.7291 2
      vertex -4.29199 -21.5773 0
      vertex -3.44156 -21.7291 0
    endloop
  endfacet
  facet normal 0.931199 0.364511 0
    outer loop
      vertex 20.6402 7.61457 2
      vertex 20.3253 8.41903 0
      vertex 20.3253 8.41903 2
    endloop
  endfacet
  facet normal 0.931199 0.364511 0
    outer loop
      vertex 20.3253 8.41903 0
      vertex 20.6402 7.61457 2
      vertex 20.6402 7.61457 0
    endloop
  endfacet
  facet normal -0.693139 0.720804 0
    outer loop
      vertex -14.9336 16.1551 0
      vertex -15.5563 15.5563 2
      vertex -14.9336 16.1551 2
    endloop
  endfacet
  facet normal -0.693139 0.720804 0
    outer loop
      vertex -15.5563 15.5563 2
      vertex -14.9336 16.1551 0
      vertex -15.5563 15.5563 0
    endloop
  endfacet
  facet normal -0.98444 0.175721 0
    outer loop
      vertex -21.7291 3.44156 0
      vertex -21.5773 4.29199 2
      vertex -21.5773 4.29199 0
    endloop
  endfacet
  facet normal -0.98444 0.175721 0
    outer loop
      vertex -21.5773 4.29199 2
      vertex -21.7291 3.44156 0
      vertex -21.7291 3.44156 2
    endloop
  endfacet
  facet normal 0.976751 -0.214378 0
    outer loop
      vertex 21.3921 -5.1358 2
      vertex 21.5773 -4.29199 0
      vertex 21.5773 -4.29199 2
    endloop
  endfacet
  facet normal 0.976751 -0.214378 0
    outer loop
      vertex 21.5773 -4.29199 0
      vertex 21.3921 -5.1358 2
      vertex 21.3921 -5.1358 0
    endloop
  endfacet
  facet normal 0.820459 -0.571705 0
    outer loop
      vertex 17.7984 -12.9313 2
      vertex 18.2923 -12.2225 0
      vertex 18.2923 -12.2225 2
    endloop
  endfacet
  facet normal 0.820459 -0.571705 0
    outer loop
      vertex 18.2923 -12.2225 0
      vertex 17.7984 -12.9313 2
      vertex 17.7984 -12.9313 0
    endloop
  endfacet
  facet normal 0.571705 -0.820459 0
    outer loop
      vertex 12.2225 -18.2923 0
      vertex 12.9313 -17.7984 2
      vertex 12.2225 -18.2923 2
    endloop
  endfacet
  facet normal 0.571705 -0.820459 0
    outer loop
      vertex 12.9313 -17.7984 2
      vertex 12.2225 -18.2923 0
      vertex 12.9313 -17.7984 0
    endloop
  endfacet
  facet normal 0.0196786 -0.999806 0
    outer loop
      vertex 0 -22 0
      vertex 0.863715 -21.983 2
      vertex 0 -22 2
    endloop
  endfacet
  facet normal 0.0196786 -0.999806 0
    outer loop
      vertex 0.863715 -21.983 2
      vertex 0 -22 0
      vertex 0.863715 -21.983 0
    endloop
  endfacet
  facet normal 0.214378 -0.976751 0
    outer loop
      vertex 4.29199 -21.5773 0
      vertex 5.1358 -21.3921 2
      vertex 4.29199 -21.5773 2
    endloop
  endfacet
  facet normal 0.214378 -0.976751 0
    outer loop
      vertex 5.1358 -21.3921 2
      vertex 4.29199 -21.5773 0
      vertex 5.1358 -21.3921 0
    endloop
  endfacet
  facet normal -0.999806 -0.0196786 0
    outer loop
      vertex -21.983 -0.863715 0
      vertex -22 0 2
      vertex -22 0 0
    endloop
  endfacet
  facet normal -0.999806 -0.0196786 0
    outer loop
      vertex -22 0 2
      vertex -21.983 -0.863715 0
      vertex -21.983 -0.863715 2
    endloop
  endfacet
  facet normal -0.976751 -0.214378 0
    outer loop
      vertex -21.3921 -5.1358 0
      vertex -21.5773 -4.29199 2
      vertex -21.5773 -4.29199 0
    endloop
  endfacet
  facet normal -0.976751 -0.214378 0
    outer loop
      vertex -21.5773 -4.29199 2
      vertex -21.3921 -5.1358 0
      vertex -21.3921 -5.1358 2
    endloop
  endfacet
  facet normal -0.820459 -0.571705 0
    outer loop
      vertex -17.7984 -12.9313 0
      vertex -18.2923 -12.2225 2
      vertex -18.2923 -12.2225 0
    endloop
  endfacet
  facet normal -0.820459 -0.571705 0
    outer loop
      vertex -18.2923 -12.2225 2
      vertex -17.7984 -12.9313 0
      vertex -17.7984 -12.9313 2
    endloop
  endfacet
  facet normal -0.0980458 -0.995182 0
    outer loop
      vertex -2.58582 -21.8475 0
      vertex -1.7261 -21.9322 2
      vertex -2.58582 -21.8475 2
    endloop
  endfacet
  facet normal -0.0980458 -0.995182 -0
    outer loop
      vertex -1.7261 -21.9322 2
      vertex -2.58582 -21.8475 0
      vertex -1.7261 -21.9322 0
    endloop
  endfacet
  facet normal -0.539218 -0.842166 0
    outer loop
      vertex -12.2225 -18.2923 0
      vertex -11.495 -18.7581 2
      vertex -12.2225 -18.2923 2
    endloop
  endfacet
  facet normal -0.539218 -0.842166 -0
    outer loop
      vertex -11.495 -18.7581 2
      vertex -12.2225 -18.2923 0
      vertex -11.495 -18.7581 0
    endloop
  endfacet
  facet normal -0.471352 -0.881945 0
    outer loop
      vertex -10.7497 -19.1949 0
      vertex -9.98779 -19.6021 2
      vertex -10.7497 -19.1949 2
    endloop
  endfacet
  facet normal -0.471352 -0.881945 -0
    outer loop
      vertex -9.98779 -19.6021 2
      vertex -10.7497 -19.1949 0
      vertex -9.98779 -19.6021 0
    endloop
  endfacet
  facet normal 0.999806 -0.0196786 0
    outer loop
      vertex 21.983 -0.863715 2
      vertex 22 0 0
      vertex 22 0 2
    endloop
  endfacet
  facet normal 0.999806 -0.0196786 0
    outer loop
      vertex 22 0 0
      vertex 21.983 -0.863715 2
      vertex 21.983 -0.863715 0
    endloop
  endfacet
  facet normal 0.956931 0.290316 0
    outer loop
      vertex 21.174 5.97169 2
      vertex 20.9232 6.79837 0
      vertex 20.9232 6.79837 2
    endloop
  endfacet
  facet normal 0.956931 0.290316 0
    outer loop
      vertex 20.9232 6.79837 0
      vertex 21.174 5.97169 2
      vertex 21.174 5.97169 0
    endloop
  endfacet
  facet normal 0.990564 -0.137054 0
    outer loop
      vertex 21.7291 -3.44156 2
      vertex 21.8475 -2.58582 0
      vertex 21.8475 -2.58582 2
    endloop
  endfacet
  facet normal 0.990564 -0.137054 0
    outer loop
      vertex 21.8475 -2.58582 0
      vertex 21.7291 -3.44156 2
      vertex 21.7291 -3.44156 0
    endloop
  endfacet
  facet normal 0.98444 -0.175721 0
    outer loop
      vertex 21.5773 -4.29199 2
      vertex 21.7291 -3.44156 0
      vertex 21.7291 -3.44156 2
    endloop
  endfacet
  facet normal 0.98444 -0.175721 0
    outer loop
      vertex 21.7291 -3.44156 0
      vertex 21.5773 -4.29199 2
      vertex 21.5773 -4.29199 0
    endloop
  endfacet
  facet normal 0.916188 -0.400748 0
    outer loop
      vertex 19.9791 -9.21051 2
      vertex 20.3253 -8.41903 0
      vertex 20.3253 -8.41903 2
    endloop
  endfacet
  facet normal 0.916188 -0.400748 0
    outer loop
      vertex 20.3253 -8.41903 0
      vertex 19.9791 -9.21051 2
      vertex 19.9791 -9.21051 0
    endloop
  endfacet
  facet normal 0.931199 -0.364511 0
    outer loop
      vertex 20.3253 -8.41903 2
      vertex 20.6402 -7.61457 0
      vertex 20.6402 -7.61457 2
    endloop
  endfacet
  facet normal 0.931199 -0.364511 0
    outer loop
      vertex 20.6402 -7.61457 0
      vertex 20.3253 -8.41903 2
      vertex 20.3253 -8.41903 0
    endloop
  endfacet
  facet normal 0.967605 -0.252467 0
    outer loop
      vertex 21.174 -5.97169 2
      vertex 21.3921 -5.1358 0
      vertex 21.3921 -5.1358 2
    endloop
  endfacet
  facet normal 0.967605 -0.252467 0
    outer loop
      vertex 21.3921 -5.1358 0
      vertex 21.174 -5.97169 2
      vertex 21.174 -5.97169 0
    endloop
  endfacet
  facet normal 0.862748 -0.505633 0
    outer loop
      vertex 18.7581 -11.495 2
      vertex 19.1949 -10.7497 0
      vertex 19.1949 -10.7497 2
    endloop
  endfacet
  facet normal 0.862748 -0.505633 0
    outer loop
      vertex 19.1949 -10.7497 0
      vertex 18.7581 -11.495 2
      vertex 18.7581 -11.495 0
    endloop
  endfacet
  facet normal 0.842166 -0.539218 0
    outer loop
      vertex 18.2923 -12.2225 2
      vertex 18.7581 -11.495 0
      vertex 18.7581 -11.495 2
    endloop
  endfacet
  facet normal 0.842166 -0.539218 0
    outer loop
      vertex 18.7581 -11.495 0
      vertex 18.2923 -12.2225 2
      vertex 18.2923 -12.2225 0
    endloop
  endfacet
  facet normal 0.772982 -0.634428 0
    outer loop
      vertex 16.7289 -14.2879 2
      vertex 17.277 -13.6201 0
      vertex 17.277 -13.6201 2
    endloop
  endfacet
  facet normal 0.772982 -0.634428 0
    outer loop
      vertex 17.277 -13.6201 0
      vertex 16.7289 -14.2879 2
      vertex 16.7289 -14.2879 0
    endloop
  endfacet
  facet normal 0.747499 -0.664263 0
    outer loop
      vertex 16.1551 -14.9336 2
      vertex 16.7289 -14.2879 0
      vertex 16.7289 -14.2879 2
    endloop
  endfacet
  facet normal 0.747499 -0.664263 0
    outer loop
      vertex 16.7289 -14.2879 0
      vertex 16.1551 -14.9336 2
      vertex 16.1551 -14.9336 0
    endloop
  endfacet
  facet normal 0.797325 -0.60355 0
    outer loop
      vertex 17.277 -13.6201 2
      vertex 17.7984 -12.9313 0
      vertex 17.7984 -12.9313 2
    endloop
  endfacet
  facet normal 0.797325 -0.60355 0
    outer loop
      vertex 17.7984 -12.9313 0
      vertex 17.277 -13.6201 2
      vertex 17.277 -13.6201 0
    endloop
  endfacet
  facet normal 0.720804 -0.693139 0
    outer loop
      vertex 15.5563 -15.5563 2
      vertex 16.1551 -14.9336 0
      vertex 16.1551 -14.9336 2
    endloop
  endfacet
  facet normal 0.720804 -0.693139 0
    outer loop
      vertex 16.1551 -14.9336 0
      vertex 15.5563 -15.5563 2
      vertex 15.5563 -15.5563 0
    endloop
  endfacet
  facet normal 0.664263 -0.747499 0
    outer loop
      vertex 14.2879 -16.7289 0
      vertex 14.9336 -16.1551 2
      vertex 14.2879 -16.7289 2
    endloop
  endfacet
  facet normal 0.664263 -0.747499 0
    outer loop
      vertex 14.9336 -16.1551 2
      vertex 14.2879 -16.7289 0
      vertex 14.9336 -16.1551 0
    endloop
  endfacet
  facet normal 0.137054 -0.990564 0
    outer loop
      vertex 2.58582 -21.8475 0
      vertex 3.44156 -21.7291 2
      vertex 2.58582 -21.8475 2
    endloop
  endfacet
  facet normal 0.137054 -0.990564 0
    outer loop
      vertex 3.44156 -21.7291 2
      vertex 2.58582 -21.8475 0
      vertex 3.44156 -21.7291 0
    endloop
  endfacet
  facet normal 0.505633 -0.862748 0
    outer loop
      vertex 10.7497 -19.1949 0
      vertex 11.495 -18.7581 2
      vertex 10.7497 -19.1949 2
    endloop
  endfacet
  facet normal 0.505633 -0.862748 0
    outer loop
      vertex 11.495 -18.7581 2
      vertex 10.7497 -19.1949 0
      vertex 11.495 -18.7581 0
    endloop
  endfacet
  facet normal 0.539218 -0.842166 0
    outer loop
      vertex 11.495 -18.7581 0
      vertex 12.2225 -18.2923 2
      vertex 11.495 -18.7581 2
    endloop
  endfacet
  facet normal 0.539218 -0.842166 0
    outer loop
      vertex 12.2225 -18.2923 2
      vertex 11.495 -18.7581 0
      vertex 12.2225 -18.2923 0
    endloop
  endfacet
  facet normal 0.290316 -0.956931 0
    outer loop
      vertex 5.97169 -21.174 0
      vertex 6.79837 -20.9232 2
      vertex 5.97169 -21.174 2
    endloop
  endfacet
  facet normal 0.290316 -0.956931 0
    outer loop
      vertex 6.79837 -20.9232 2
      vertex 5.97169 -21.174 0
      vertex 6.79837 -20.9232 0
    endloop
  endfacet
  facet normal 0.364511 -0.931199 0
    outer loop
      vertex 7.61457 -20.6402 0
      vertex 8.41903 -20.3253 2
      vertex 7.61457 -20.6402 2
    endloop
  endfacet
  facet normal 0.364511 -0.931199 0
    outer loop
      vertex 8.41903 -20.3253 2
      vertex 7.61457 -20.6402 0
      vertex 8.41903 -20.3253 0
    endloop
  endfacet
  facet normal 0.175721 -0.98444 0
    outer loop
      vertex 3.44156 -21.7291 0
      vertex 4.29199 -21.5773 2
      vertex 3.44156 -21.7291 2
    endloop
  endfacet
  facet normal 0.175721 -0.98444 0
    outer loop
      vertex 4.29199 -21.5773 2
      vertex 3.44156 -21.7291 0
      vertex 4.29199 -21.5773 0
    endloop
  endfacet
  facet normal 0.0980458 -0.995182 0
    outer loop
      vertex 1.7261 -21.9322 0
      vertex 2.58582 -21.8475 2
      vertex 1.7261 -21.9322 2
    endloop
  endfacet
  facet normal 0.0980458 -0.995182 0
    outer loop
      vertex 2.58582 -21.8475 2
      vertex 1.7261 -21.9322 0
      vertex 2.58582 -21.8475 0
    endloop
  endfacet
  facet normal 0.252467 -0.967605 0
    outer loop
      vertex 5.1358 -21.3921 0
      vertex 5.97169 -21.174 2
      vertex 5.1358 -21.3921 2
    endloop
  endfacet
  facet normal 0.252467 -0.967605 0
    outer loop
      vertex 5.97169 -21.174 2
      vertex 5.1358 -21.3921 0
      vertex 5.97169 -21.174 0
    endloop
  endfacet
  facet normal -0.990564 -0.137054 0
    outer loop
      vertex -21.7291 -3.44156 0
      vertex -21.8475 -2.58582 2
      vertex -21.8475 -2.58582 0
    endloop
  endfacet
  facet normal -0.990564 -0.137054 0
    outer loop
      vertex -21.8475 -2.58582 2
      vertex -21.7291 -3.44156 0
      vertex -21.7291 -3.44156 2
    endloop
  endfacet
  facet normal -0.956931 -0.290316 0
    outer loop
      vertex -20.9232 -6.79837 0
      vertex -21.174 -5.97169 2
      vertex -21.174 -5.97169 0
    endloop
  endfacet
  facet normal -0.956931 -0.290316 0
    outer loop
      vertex -21.174 -5.97169 2
      vertex -20.9232 -6.79837 0
      vertex -20.9232 -6.79837 2
    endloop
  endfacet
  facet normal -0.931199 -0.364511 0
    outer loop
      vertex -20.3253 -8.41903 0
      vertex -20.6402 -7.61457 2
      vertex -20.6402 -7.61457 0
    endloop
  endfacet
  facet normal -0.931199 -0.364511 0
    outer loop
      vertex -20.6402 -7.61457 2
      vertex -20.3253 -8.41903 0
      vertex -20.3253 -8.41903 2
    endloop
  endfacet
  facet normal -0.98444 -0.175721 0
    outer loop
      vertex -21.5773 -4.29199 0
      vertex -21.7291 -3.44156 2
      vertex -21.7291 -3.44156 0
    endloop
  endfacet
  facet normal -0.98444 -0.175721 0
    outer loop
      vertex -21.7291 -3.44156 2
      vertex -21.5773 -4.29199 0
      vertex -21.5773 -4.29199 2
    endloop
  endfacet
  facet normal -0.995182 -0.0980458 0
    outer loop
      vertex -21.8475 -2.58582 0
      vertex -21.9322 -1.7261 2
      vertex -21.9322 -1.7261 0
    endloop
  endfacet
  facet normal -0.995182 -0.0980458 0
    outer loop
      vertex -21.9322 -1.7261 2
      vertex -21.8475 -2.58582 0
      vertex -21.8475 -2.58582 2
    endloop
  endfacet
  facet normal -0.967605 -0.252467 0
    outer loop
      vertex -21.174 -5.97169 0
      vertex -21.3921 -5.1358 2
      vertex -21.3921 -5.1358 0
    endloop
  endfacet
  facet normal -0.967605 -0.252467 0
    outer loop
      vertex -21.3921 -5.1358 2
      vertex -21.174 -5.97169 0
      vertex -21.174 -5.97169 2
    endloop
  endfacet
  facet normal -0.862748 -0.505633 0
    outer loop
      vertex -18.7581 -11.495 0
      vertex -19.1949 -10.7497 2
      vertex -19.1949 -10.7497 0
    endloop
  endfacet
  facet normal -0.862748 -0.505633 0
    outer loop
      vertex -19.1949 -10.7497 2
      vertex -18.7581 -11.495 0
      vertex -18.7581 -11.495 2
    endloop
  endfacet
  facet normal -0.842166 -0.539218 0
    outer loop
      vertex -18.2923 -12.2225 0
      vertex -18.7581 -11.495 2
      vertex -18.7581 -11.495 0
    endloop
  endfacet
  facet normal -0.842166 -0.539218 0
    outer loop
      vertex -18.7581 -11.495 2
      vertex -18.2923 -12.2225 0
      vertex -18.2923 -12.2225 2
    endloop
  endfacet
  facet normal -0.747499 -0.664263 0
    outer loop
      vertex -16.1551 -14.9336 0
      vertex -16.7289 -14.2879 2
      vertex -16.7289 -14.2879 0
    endloop
  endfacet
  facet normal -0.747499 -0.664263 0
    outer loop
      vertex -16.7289 -14.2879 2
      vertex -16.1551 -14.9336 0
      vertex -16.1551 -14.9336 2
    endloop
  endfacet
  facet normal -0.252467 -0.967605 0
    outer loop
      vertex -5.97169 -21.174 0
      vertex -5.1358 -21.3921 2
      vertex -5.97169 -21.174 2
    endloop
  endfacet
  facet normal -0.252467 -0.967605 -0
    outer loop
      vertex -5.1358 -21.3921 2
      vertex -5.97169 -21.174 0
      vertex -5.1358 -21.3921 0
    endloop
  endfacet
  facet normal -0.214378 -0.976751 0
    outer loop
      vertex -5.1358 -21.3921 0
      vertex -4.29199 -21.5773 2
      vertex -5.1358 -21.3921 2
    endloop
  endfacet
  facet normal -0.214378 -0.976751 -0
    outer loop
      vertex -4.29199 -21.5773 2
      vertex -5.1358 -21.3921 0
      vertex -4.29199 -21.5773 0
    endloop
  endfacet
  facet normal -0.137054 -0.990564 0
    outer loop
      vertex -3.44156 -21.7291 0
      vertex -2.58582 -21.8475 2
      vertex -3.44156 -21.7291 2
    endloop
  endfacet
  facet normal -0.137054 -0.990564 -0
    outer loop
      vertex -2.58582 -21.8475 2
      vertex -3.44156 -21.7291 0
      vertex -2.58582 -21.8475 0
    endloop
  endfacet
  facet normal -0.0588045 -0.99827 0
    outer loop
      vertex -1.7261 -21.9322 0
      vertex -0.863715 -21.983 2
      vertex -1.7261 -21.9322 2
    endloop
  endfacet
  facet normal -0.0588045 -0.99827 -0
    outer loop
      vertex -0.863715 -21.983 2
      vertex -1.7261 -21.9322 0
      vertex -0.863715 -21.983 0
    endloop
  endfacet
  facet normal -0.505633 -0.862748 0
    outer loop
      vertex -11.495 -18.7581 0
      vertex -10.7497 -19.1949 2
      vertex -11.495 -18.7581 2
    endloop
  endfacet
  facet normal -0.505633 -0.862748 -0
    outer loop
      vertex -10.7497 -19.1949 2
      vertex -11.495 -18.7581 0
      vertex -10.7497 -19.1949 0
    endloop
  endfacet
  facet normal -0.400748 -0.916188 0
    outer loop
      vertex -9.21051 -19.9791 0
      vertex -8.41903 -20.3253 2
      vertex -9.21051 -19.9791 2
    endloop
  endfacet
  facet normal -0.400748 -0.916188 -0
    outer loop
      vertex -8.41903 -20.3253 2
      vertex -9.21051 -19.9791 0
      vertex -8.41903 -20.3253 0
    endloop
  endfacet
  facet normal -0.634428 -0.772982 0
    outer loop
      vertex -14.2879 -16.7289 0
      vertex -13.6201 -17.277 2
      vertex -14.2879 -16.7289 2
    endloop
  endfacet
  facet normal -0.634428 -0.772982 -0
    outer loop
      vertex -13.6201 -17.277 2
      vertex -14.2879 -16.7289 0
      vertex -13.6201 -17.277 0
    endloop
  endfacet
  facet normal -0.664263 -0.747499 0
    outer loop
      vertex -14.9336 -16.1551 0
      vertex -14.2879 -16.7289 2
      vertex -14.9336 -16.1551 2
    endloop
  endfacet
  facet normal -0.664263 -0.747499 -0
    outer loop
      vertex -14.2879 -16.7289 2
      vertex -14.9336 -16.1551 0
      vertex -14.2879 -16.7289 0
    endloop
  endfacet
  facet normal -0.571705 -0.820459 0
    outer loop
      vertex -12.9313 -17.7984 0
      vertex -12.2225 -18.2923 2
      vertex -12.9313 -17.7984 2
    endloop
  endfacet
  facet normal -0.571705 -0.820459 -0
    outer loop
      vertex -12.2225 -18.2923 2
      vertex -12.9313 -17.7984 0
      vertex -12.2225 -18.2923 0
    endloop
  endfacet
  facet normal -0.693139 -0.720804 0
    outer loop
      vertex -15.5563 -15.5563 0
      vertex -14.9336 -16.1551 2
      vertex -15.5563 -15.5563 2
    endloop
  endfacet
  facet normal -0.693139 -0.720804 -0
    outer loop
      vertex -14.9336 -16.1551 2
      vertex -15.5563 -15.5563 0
      vertex -14.9336 -16.1551 0
    endloop
  endfacet
  facet normal 0.999806 0.0196786 0
    outer loop
      vertex 22 0 2
      vertex 21.983 0.863715 0
      vertex 21.983 0.863715 2
    endloop
  endfacet
  facet normal 0.999806 0.0196786 0
    outer loop
      vertex 21.983 0.863715 0
      vertex 22 0 2
      vertex 22 0 0
    endloop
  endfacet
  facet normal 0.990564 0.137054 0
    outer loop
      vertex 21.8475 2.58582 2
      vertex 21.7291 3.44156 0
      vertex 21.7291 3.44156 2
    endloop
  endfacet
  facet normal 0.990564 0.137054 0
    outer loop
      vertex 21.7291 3.44156 0
      vertex 21.8475 2.58582 2
      vertex 21.8475 2.58582 0
    endloop
  endfacet
  facet normal 0.137054 0.990564 -0
    outer loop
      vertex 3.44156 21.7291 0
      vertex 2.58582 21.8475 2
      vertex 3.44156 21.7291 2
    endloop
  endfacet
  facet normal 0.137054 0.990564 0
    outer loop
      vertex 2.58582 21.8475 2
      vertex 3.44156 21.7291 0
      vertex 2.58582 21.8475 0
    endloop
  endfacet
  facet normal 0.214378 0.976751 -0
    outer loop
      vertex 5.1358 21.3921 0
      vertex 4.29199 21.5773 2
      vertex 5.1358 21.3921 2
    endloop
  endfacet
  facet normal 0.214378 0.976751 0
    outer loop
      vertex 4.29199 21.5773 2
      vertex 5.1358 21.3921 0
      vertex 4.29199 21.5773 0
    endloop
  endfacet
  facet normal 0.693139 0.720804 -0
    outer loop
      vertex 15.5563 15.5563 0
      vertex 14.9336 16.1551 2
      vertex 15.5563 15.5563 2
    endloop
  endfacet
  facet normal 0.693139 0.720804 0
    outer loop
      vertex 14.9336 16.1551 2
      vertex 15.5563 15.5563 0
      vertex 14.9336 16.1551 0
    endloop
  endfacet
  facet normal 0.571705 0.820459 -0
    outer loop
      vertex 12.9313 17.7984 0
      vertex 12.2225 18.2923 2
      vertex 12.9313 17.7984 2
    endloop
  endfacet
  facet normal 0.571705 0.820459 0
    outer loop
      vertex 12.2225 18.2923 2
      vertex 12.9313 17.7984 0
      vertex 12.2225 18.2923 0
    endloop
  endfacet
  facet normal 0.664263 0.747499 -0
    outer loop
      vertex 14.9336 16.1551 0
      vertex 14.2879 16.7289 2
      vertex 14.9336 16.1551 2
    endloop
  endfacet
  facet normal 0.664263 0.747499 0
    outer loop
      vertex 14.2879 16.7289 2
      vertex 14.9336 16.1551 0
      vertex 14.2879 16.7289 0
    endloop
  endfacet
  facet normal 0.505633 0.862748 -0
    outer loop
      vertex 11.495 18.7581 0
      vertex 10.7497 19.1949 2
      vertex 11.495 18.7581 2
    endloop
  endfacet
  facet normal 0.505633 0.862748 0
    outer loop
      vertex 10.7497 19.1949 2
      vertex 11.495 18.7581 0
      vertex 10.7497 19.1949 0
    endloop
  endfacet
  facet normal 0.400748 0.916188 -0
    outer loop
      vertex 9.21051 19.9791 0
      vertex 8.41903 20.3253 2
      vertex 9.21051 19.9791 2
    endloop
  endfacet
  facet normal 0.400748 0.916188 0
    outer loop
      vertex 8.41903 20.3253 2
      vertex 9.21051 19.9791 0
      vertex 8.41903 20.3253 0
    endloop
  endfacet
  facet normal -0.364511 0.931199 0
    outer loop
      vertex -7.61457 20.6402 0
      vertex -8.41903 20.3253 2
      vertex -7.61457 20.6402 2
    endloop
  endfacet
  facet normal -0.364511 0.931199 0
    outer loop
      vertex -8.41903 20.3253 2
      vertex -7.61457 20.6402 0
      vertex -8.41903 20.3253 0
    endloop
  endfacet
  facet normal -0.175721 0.98444 0
    outer loop
      vertex -3.44156 21.7291 0
      vertex -4.29199 21.5773 2
      vertex -3.44156 21.7291 2
    endloop
  endfacet
  facet normal -0.175721 0.98444 0
    outer loop
      vertex -4.29199 21.5773 2
      vertex -3.44156 21.7291 0
      vertex -4.29199 21.5773 0
    endloop
  endfacet
  facet normal -0.0980458 0.995182 0
    outer loop
      vertex -1.7261 21.9322 0
      vertex -2.58582 21.8475 2
      vertex -1.7261 21.9322 2
    endloop
  endfacet
  facet normal -0.0980458 0.995182 0
    outer loop
      vertex -2.58582 21.8475 2
      vertex -1.7261 21.9322 0
      vertex -2.58582 21.8475 0
    endloop
  endfacet
  facet normal -0.252467 0.967605 0
    outer loop
      vertex -5.1358 21.3921 0
      vertex -5.97169 21.174 2
      vertex -5.1358 21.3921 2
    endloop
  endfacet
  facet normal -0.252467 0.967605 0
    outer loop
      vertex -5.97169 21.174 2
      vertex -5.1358 21.3921 0
      vertex -5.97169 21.174 0
    endloop
  endfacet
  facet normal -0.539218 0.842166 0
    outer loop
      vertex -11.495 18.7581 0
      vertex -12.2225 18.2923 2
      vertex -11.495 18.7581 2
    endloop
  endfacet
  facet normal -0.539218 0.842166 0
    outer loop
      vertex -12.2225 18.2923 2
      vertex -11.495 18.7581 0
      vertex -12.2225 18.2923 0
    endloop
  endfacet
  facet normal -0.976751 0.214378 0
    outer loop
      vertex -21.5773 4.29199 0
      vertex -21.3921 5.1358 2
      vertex -21.3921 5.1358 0
    endloop
  endfacet
  facet normal -0.976751 0.214378 0
    outer loop
      vertex -21.3921 5.1358 2
      vertex -21.5773 4.29199 0
      vertex -21.5773 4.29199 2
    endloop
  endfacet
  facet normal -0.990564 0.137054 0
    outer loop
      vertex -21.8475 2.58582 0
      vertex -21.7291 3.44156 2
      vertex -21.7291 3.44156 0
    endloop
  endfacet
  facet normal -0.990564 0.137054 0
    outer loop
      vertex -21.7291 3.44156 2
      vertex -21.8475 2.58582 0
      vertex -21.8475 2.58582 2
    endloop
  endfacet
  facet normal 0 0 1
    outer loop
      vertex 3.36852 0.276443 2
      vertex 6.03065 0.68602 2
      vertex 5.70308 2.07851 2
    endloop
  endfacet
  facet normal 0 0 1
    outer loop
      vertex 6.03065 0.68602 2
      vertex 3.36852 0.276443 2
      vertex 6.03065 -0.68602 2
    endloop
  endfacet
  facet normal 0 0 1
    outer loop
      vertex 3.02043 1.50505 2
      vertex 5.70308 2.07851 2
      vertex 5.08867 3.3071 2
    endloop
  endfacet
  facet normal -0 0 1
    outer loop
      vertex 3.20474 -0.19455 2
      vertex 6.03065 -0.68602 2
      vertex 3.36852 0.276443 2
    endloop
  endfacet
  facet normal 0 0 1
    outer loop
      vertex 3.02043 1.50505 2
      vertex 5.08867 3.3071 2
      vertex 4.02386 4.5358 2
    endloop
  endfacet
  facet normal 0 0 1
    outer loop
      vertex 6.03065 -0.68602 2
      vertex 3.20474 -0.19455 2
      vertex 5.64162 -2.24229 2
    endloop
  endfacet
  facet normal 0 0 1
    outer loop
      vertex 5.64162 -2.24229 2
      vertex 3.20474 -0.19455 2
      vertex 4.90437 -3.57339 2
    endloop
  endfacet
  facet normal 0 0 1
    outer loop
      vertex 5.70308 2.07851 2
      vertex 3.02043 1.50505 2
      vertex 3.36852 0.276443 2
    endloop
  endfacet
  facet normal 0 0 1
    outer loop
      vertex 1.70982 2.89754 2
      vertex 4.02386 4.5358 2
      vertex 2.918 5.31398 2
    endloop
  endfacet
  facet normal 0 0 1
    outer loop
      vertex 4.02386 4.5358 2
      vertex 1.70982 2.89754 2
      vertex 3.02043 1.50505 2
    endloop
  endfacet
  facet normal 0 0 1
    outer loop
      vertex 1.52551 5.86693 2
      vertex 1.70982 2.89754 2
      vertex 2.918 5.31398 2
    endloop
  endfacet
  facet normal 0 0 1
    outer loop
      vertex 1.52551 5.86693 2
      vertex 0.317337 3.34804 2
      vertex 1.70982 2.89754 2
    endloop
  endfacet
  facet normal 0 0 1
    outer loop
      vertex 0.194504 6.05112 2
      vertex 0.317337 3.34804 2
      vertex 1.52551 5.86693 2
    endloop
  endfacet
  facet normal 0 0 1
    outer loop
      vertex 0.194504 6.05112 2
      vertex -0.76796 3.26614 2
      vertex 0.317337 3.34804 2
    endloop
  endfacet
  facet normal -0 0 1
    outer loop
      vertex -1.23889 5.92828 2
      vertex -0.76796 3.26614 2
      vertex 0.194504 6.05112 2
    endloop
  endfacet
  facet normal -0 0 1
    outer loop
      vertex -2.65192 5.43683 2
      vertex -0.76796 3.26614 2
      vertex -1.23889 5.92828 2
    endloop
  endfacet
  facet normal 0 0 1
    outer loop
      vertex -0.76796 3.26614 2
      vertex -2.65192 5.43683 2
      vertex -1.64847 2.91806 2
    endloop
  endfacet
  facet normal -0 0 1
    outer loop
      vertex -4.10587 4.4334 2
      vertex -1.64847 2.91806 2
      vertex -2.65192 5.43683 2
    endloop
  endfacet
  facet normal 0 0 1
    outer loop
      vertex -1.64847 2.91806 2
      vertex -4.10587 4.4334 2
      vertex -2.93863 1.60747 2
    endloop
  endfacet
  facet normal -0 0 1
    outer loop
      vertex -5.23215 3.02048 2
      vertex -2.93863 1.60747 2
      vertex -4.10587 4.4334 2
    endloop
  endfacet
  facet normal 0 0 1
    outer loop
      vertex -5.84645 1.50505 2
      vertex -2.93863 1.60747 2
      vertex -5.23215 3.02048 2
    endloop
  endfacet
  facet normal 0 0 1
    outer loop
      vertex -6.57622 -17.8256 2
      vertex -3.3481 -0.030777 2
      vertex -6.15359 -0.440231 2
    endloop
  endfacet
  facet normal 0 0 1
    outer loop
      vertex -3.3481 -0.030777 2
      vertex -4.43546 -18.475 2
      vertex -3.70672 -18.6349 2
    endloop
  endfacet
  facet normal 0 0 1
    outer loop
      vertex -2.93863 1.60747 2
      vertex -5.84645 1.50505 2
      vertex -3.3481 -0.030777 2
    endloop
  endfacet
  facet normal 0 0 1
    outer loop
      vertex -3.3481 -0.030777 2
      vertex -5.84645 1.50505 2
      vertex -6.15359 -0.440231 2
    endloop
  endfacet
  facet normal 0 0 1
    outer loop
      vertex -3.3481 -0.030777 2
      vertex -5.15737 -18.2866 2
      vertex -4.43546 -18.475 2
    endloop
  endfacet
  facet normal 0 0 1
    outer loop
      vertex -3.3481 -0.030777 2
      vertex -5.87132 -18.0701 2
      vertex -5.15737 -18.2866 2
    endloop
  endfacet
  facet normal 0 0 1
    outer loop
      vertex -3.3481 -0.030777 2
      vertex -6.57622 -17.8256 2
      vertex -5.87132 -18.0701 2
    endloop
  endfacet
  facet normal 0 0 1
    outer loop
      vertex -6.15359 -0.440231 2
      vertex -7.27098 -17.5537 2
      vertex -6.57622 -17.8256 2
    endloop
  endfacet
  facet normal 0 0 1
    outer loop
      vertex -6.15359 -0.440231 2
      vertex -7.95453 -17.2547 2
      vertex -7.27098 -17.5537 2
    endloop
  endfacet
  facet normal 0 0 1
    outer loop
      vertex -11.7628 -14.921 2
      vertex -6.15359 -0.440231 2
      vertex -8.54953 -0.563187 2
    endloop
  endfacet
  facet normal 0 0 1
    outer loop
      vertex -6.15359 -0.440231 2
      vertex -8.62582 -16.9291 2
      vertex -7.95453 -17.2547 2
    endloop
  endfacet
  facet normal 0 0 1
    outer loop
      vertex -17.8256 -6.57622 2
      vertex -8.54953 -0.563187 2
      vertex -8.97952 -0.19455 2
    endloop
  endfacet
  facet normal 0 0 1
    outer loop
      vertex -6.15359 -0.440231 2
      vertex -9.2838 -16.5774 2
      vertex -8.62582 -16.9291 2
    endloop
  endfacet
  facet normal -0 0 1
    outer loop
      vertex -11.7628 14.921 2
      vertex -5.04784 7.46414 2
      vertex -11.1679 15.3713 2
    endloop
  endfacet
  facet normal -0 0 1
    outer loop
      vertex -12.3395 14.4477 2
      vertex -5.04784 7.46414 2
      vertex -11.7628 14.921 2
    endloop
  endfacet
  facet normal 0 0 1
    outer loop
      vertex -6.15359 -0.440231 2
      vertex -9.92747 -16.2002 2
      vertex -9.2838 -16.5774 2
    endloop
  endfacet
  facet normal -0 0 1
    outer loop
      vertex -12.8972 13.9521 2
      vertex -5.04784 7.46414 2
      vertex -12.3395 14.4477 2
    endloop
  endfacet
  facet normal 0 0 1
    outer loop
      vertex -6.15359 -0.440231 2
      vertex -10.5558 -15.7979 2
      vertex -9.92747 -16.2002 2
    endloop
  endfacet
  facet normal 0 0 1
    outer loop
      vertex -5.04784 7.46414 2
      vertex -12.8972 13.9521 2
      vertex -7.13651 5.49829 2
    endloop
  endfacet
  facet normal 0 0 1
    outer loop
      vertex -6.15359 -0.440231 2
      vertex -11.1679 -15.3713 2
      vertex -10.5558 -15.7979 2
    endloop
  endfacet
  facet normal -0 0 1
    outer loop
      vertex -13.435 13.435 2
      vertex -7.13651 5.49829 2
      vertex -12.8972 13.9521 2
    endloop
  endfacet
  facet normal 0 0 1
    outer loop
      vertex -6.15359 -0.440231 2
      vertex -11.7628 -14.921 2
      vertex -11.1679 -15.3713 2
    endloop
  endfacet
  facet normal -0 0 1
    outer loop
      vertex -13.9521 12.8972 2
      vertex -7.13651 5.49829 2
      vertex -13.435 13.435 2
    endloop
  endfacet
  facet normal 0 0 1
    outer loop
      vertex -8.54953 -0.563187 2
      vertex -12.3395 -14.4477 2
      vertex -11.7628 -14.921 2
    endloop
  endfacet
  facet normal -0 0 1
    outer loop
      vertex -14.4477 12.3395 2
      vertex -7.13651 5.49829 2
      vertex -13.9521 12.8972 2
    endloop
  endfacet
  facet normal 0 0 1
    outer loop
      vertex -8.54953 -0.563187 2
      vertex -12.8972 -13.9521 2
      vertex -12.3395 -14.4477 2
    endloop
  endfacet
  facet normal -0 0 1
    outer loop
      vertex -14.921 11.7628 2
      vertex -7.13651 5.49829 2
      vertex -14.4477 12.3395 2
    endloop
  endfacet
  facet normal 0 0 1
    outer loop
      vertex -8.54953 -0.563187 2
      vertex -13.435 -13.435 2
      vertex -12.8972 -13.9521 2
    endloop
  endfacet
  facet normal -0 0 1
    outer loop
      vertex -15.3713 11.1679 2
      vertex -7.13651 5.49829 2
      vertex -14.921 11.7628 2
    endloop
  endfacet
  facet normal 0 0 1
    outer loop
      vertex -8.54953 -0.563187 2
      vertex -13.9521 -12.8972 2
      vertex -13.435 -13.435 2
    endloop
  endfacet
  facet normal -0 0 1
    outer loop
      vertex -15.7979 10.5558 2
      vertex -7.13651 5.49829 2
      vertex -15.3713 11.1679 2
    endloop
  endfacet
  facet normal 0 0 1
    outer loop
      vertex -8.54953 -0.563187 2
      vertex -14.4477 -12.3395 2
      vertex -13.9521 -12.8972 2
    endloop
  endfacet
  facet normal -0 0 1
    outer loop
      vertex -16.2002 9.92747 2
      vertex -7.13651 5.49829 2
      vertex -15.7979 10.5558 2
    endloop
  endfacet
  facet normal 0 0 1
    outer loop
      vertex -8.54953 -0.563187 2
      vertex -14.921 -11.7628 2
      vertex -14.4477 -12.3395 2
    endloop
  endfacet
  facet normal -0 0 1
    outer loop
      vertex -16.5774 9.2838 2
      vertex -7.13651 5.49829 2
      vertex -16.2002 9.92747 2
    endloop
  endfacet
  facet normal 0 0 1
    outer loop
      vertex -8.54953 -0.563187 2
      vertex -15.3713 -11.1679 2
      vertex -14.921 -11.7628 2
    endloop
  endfacet
  facet normal 0 0 1
    outer loop
      vertex -7.13651 5.49829 2
      vertex -16.5774 9.2838 2
      vertex -8.54953 2.83617 2
    endloop
  endfacet
  facet normal 0 0 1
    outer loop
      vertex -8.54953 -0.563187 2
      vertex -15.7979 -10.5558 2
      vertex -15.3713 -11.1679 2
    endloop
  endfacet
  facet normal -0 0 1
    outer loop
      vertex -16.9291 8.62582 2
      vertex -8.54953 2.83617 2
      vertex -16.5774 9.2838 2
    endloop
  endfacet
  facet normal 0 0 1
    outer loop
      vertex -8.54953 -0.563187 2
      vertex -16.2002 -9.92747 2
      vertex -15.7979 -10.5558 2
    endloop
  endfacet
  facet normal -0 0 1
    outer loop
      vertex -17.2547 7.95453 2
      vertex -8.54953 2.83617 2
      vertex -16.9291 8.62582 2
    endloop
  endfacet
  facet normal 0 0 1
    outer loop
      vertex -8.54953 -0.563187 2
      vertex -16.5774 -9.2838 2
      vertex -16.2002 -9.92747 2
    endloop
  endfacet
  facet normal -0 0 1
    outer loop
      vertex -17.5537 7.27098 2
      vertex -8.54953 2.83617 2
      vertex -17.2547 7.95453 2
    endloop
  endfacet
  facet normal 0 0 1
    outer loop
      vertex -8.54953 -0.563187 2
      vertex -16.9291 -8.62582 2
      vertex -16.5774 -9.2838 2
    endloop
  endfacet
  facet normal -0 0 1
    outer loop
      vertex -17.8256 6.57622 2
      vertex -8.54953 2.83617 2
      vertex -17.5537 7.27098 2
    endloop
  endfacet
  facet normal 0 0 1
    outer loop
      vertex -8.54953 -0.563187 2
      vertex -17.2547 -7.95453 2
      vertex -16.9291 -8.62582 2
    endloop
  endfacet
  facet normal -0 0 1
    outer loop
      vertex -18.0701 5.87132 2
      vertex -8.54953 2.83617 2
      vertex -17.8256 6.57622 2
    endloop
  endfacet
  facet normal 0 0 1
    outer loop
      vertex -8.54953 -0.563187 2
      vertex -17.5537 -7.27098 2
      vertex -17.2547 -7.95453 2
    endloop
  endfacet
  facet normal -0 0 1
    outer loop
      vertex -18.2866 5.15737 2
      vertex -8.54953 2.83617 2
      vertex -18.0701 5.87132 2
    endloop
  endfacet
  facet normal 0 0 1
    outer loop
      vertex -8.54953 -0.563187 2
      vertex -17.8256 -6.57622 2
      vertex -17.5537 -7.27098 2
    endloop
  endfacet
  facet normal -0 0 1
    outer loop
      vertex -18.475 4.43546 2
      vertex -8.54953 2.83617 2
      vertex -18.2866 5.15737 2
    endloop
  endfacet
  facet normal 0 0 1
    outer loop
      vertex -8.97952 -0.19455 2
      vertex -18.0701 -5.87132 2
      vertex -17.8256 -6.57622 2
    endloop
  endfacet
  facet normal -0 0 1
    outer loop
      vertex -18.6349 3.70672 2
      vertex -8.54953 2.83617 2
      vertex -18.475 4.43546 2
    endloop
  endfacet
  facet normal 0 0 1
    outer loop
      vertex -8.97952 -0.19455 2
      vertex -18.2866 -5.15737 2
      vertex -18.0701 -5.87132 2
    endloop
  endfacet
  facet normal -0 0 1
    outer loop
      vertex -18.7661 2.97225 2
      vertex -8.54953 2.83617 2
      vertex -18.6349 3.70672 2
    endloop
  endfacet
  facet normal 0 0 1
    outer loop
      vertex -8.97952 -0.19455 2
      vertex -18.475 -4.43546 2
      vertex -18.2866 -5.15737 2
    endloop
  endfacet
  facet normal 0 0 1
    outer loop
      vertex -8.54953 2.83617 2
      vertex -18.7661 2.97225 2
      vertex -8.97952 -0.19455 2
    endloop
  endfacet
  facet normal 0 0 1
    outer loop
      vertex -8.97952 -0.19455 2
      vertex -18.6349 -3.70672 2
      vertex -18.475 -4.43546 2
    endloop
  endfacet
  facet normal -0 0 1
    outer loop
      vertex -18.8683 2.23321 2
      vertex -8.97952 -0.19455 2
      vertex -18.7661 2.97225 2
    endloop
  endfacet
  facet normal 0 0 1
    outer loop
      vertex -8.97952 -0.19455 2
      vertex -18.7661 -2.97225 2
      vertex -18.6349 -3.70672 2
    endloop
  endfacet
  facet normal -0 0 1
    outer loop
      vertex -18.9414 1.49072 2
      vertex -8.97952 -0.19455 2
      vertex -18.8683 2.23321 2
    endloop
  endfacet
  facet normal 0 0 1
    outer loop
      vertex -8.97952 -0.19455 2
      vertex -18.8683 -2.23321 2
      vertex -18.7661 -2.97225 2
    endloop
  endfacet
  facet normal -0 0 1
    outer loop
      vertex -18.9854 0.745936 2
      vertex -8.97952 -0.19455 2
      vertex -18.9414 1.49072 2
    endloop
  endfacet
  facet normal 0 0 1
    outer loop
      vertex -8.97952 -0.19455 2
      vertex -18.9414 -1.49072 2
      vertex -18.8683 -2.23321 2
    endloop
  endfacet
  facet normal -0 0 1
    outer loop
      vertex -19 0 2
      vertex -8.97952 -0.19455 2
      vertex -18.9854 0.745936 2
    endloop
  endfacet
  facet normal 0 0 1
    outer loop
      vertex -8.97952 -0.19455 2
      vertex -18.9854 -0.745936 2
      vertex -18.9414 -1.49072 2
    endloop
  endfacet
  facet normal 0 0 1
    outer loop
      vertex -8.97952 -0.19455 2
      vertex -19 0 2
      vertex -18.9854 -0.745936 2
    endloop
  endfacet
  facet normal -0 0 1
    outer loop
      vertex 0.501663 -2.50859 2
      vertex 4.90437 -3.57339 2
      vertex 3.20474 -0.19455 2
    endloop
  endfacet
  facet normal 0 0 1
    outer loop
      vertex 0.501663 -2.50859 2
      vertex 3.20474 -0.19455 2
      vertex 2.44707 -0.112671 2
    endloop
  endfacet
  facet normal 0 0 1
    outer loop
      vertex 4.90437 -3.57339 2
      vertex 0.501663 -2.50859 2
      vertex 3.90103 -4.63823 2
    endloop
  endfacet
  facet normal 0 0 1
    outer loop
      vertex -1.19795 -1.99661 2
      vertex 2.44707 -0.112671 2
      vertex 2.07846 1.09547 2
    endloop
  endfacet
  facet normal 0 0 1
    outer loop
      vertex -1.19795 -1.99661 2
      vertex 2.07846 1.09547 2
      vertex 1.32079 1.93513 2
    endloop
  endfacet
  facet normal 0 0 1
    outer loop
      vertex 3.90103 -4.63823 2
      vertex 0.501663 -2.50859 2
      vertex 2.1194 -5.68262 2
    endloop
  endfacet
  facet normal 0 0 1
    outer loop
      vertex 2.1194 -5.68262 2
      vertex 0.501663 -2.50859 2
      vertex 0.563141 -5.98976 2
    endloop
  endfacet
  facet normal 0 0 1
    outer loop
      vertex -1.19795 -1.99661 2
      vertex 1.32079 1.93513 2
      vertex -0.23555 2.32419 2
    endloop
  endfacet
  facet normal 0 0 1
    outer loop
      vertex -1.19795 -1.99661 2
      vertex -0.23555 2.32419 2
      vertex -1.157 2.01703 2
    endloop
  endfacet
  facet normal 0 0 1
    outer loop
      vertex 2.44707 -0.112671 2
      vertex -1.19795 -1.99661 2
      vertex 0.501663 -2.50859 2
    endloop
  endfacet
  facet normal -0 0 1
    outer loop
      vertex -1.89424 1.34126 2
      vertex -1.19795 -1.99661 2
      vertex -1.157 2.01703 2
    endloop
  endfacet
  facet normal 0 0 1
    outer loop
      vertex -1.89424 1.34126 2
      vertex -2.2014 -0.747482 2
      vertex -1.19795 -1.99661 2
    endloop
  endfacet
  facet normal 0 -0 1
    outer loop
      vertex -2.2014 -0.747482 2
      vertex -1.89424 1.34126 2
      vertex -2.28328 0.419708 2
    endloop
  endfacet
  facet normal 0 0 1
    outer loop
      vertex -0.481232 -8.85674 2
      vertex -0.501755 -8.8362 2
      vertex -0.481232 -8.87714 2
    endloop
  endfacet
  facet normal -0 0 1
    outer loop
      vertex 7.0341 1.38222 2
      vertex 7.81229 1.36179 2
      vertex 7.27988 3.14331 2
    endloop
  endfacet
  facet normal 0 -0 1
    outer loop
      vertex 7.13651 -0.645081 2
      vertex 7.81229 1.36179 2
      vertex 7.0341 1.38222 2
    endloop
  endfacet
  facet normal 0 0 1
    outer loop
      vertex 6.74736 -2.42661 2
      vertex 7.87364 -0.911285 2
      vertex 7.13651 -0.645081 2
    endloop
  endfacet
  facet normal 0 0 1
    outer loop
      vertex 7.81229 1.36179 2
      vertex 7.13651 -0.645081 2
      vertex 7.87364 -0.911285 2
    endloop
  endfacet
  facet normal 0 0 1
    outer loop
      vertex 7.27988 3.14331 2
      vertex 6.50169 3.02048 2
      vertex 7.0341 1.38222 2
    endloop
  endfacet
  facet normal 0 0 1
    outer loop
      vertex 6.21497 4.90443 2
      vertex 6.50169 3.02048 2
      vertex 7.27988 3.14331 2
    endloop
  endfacet
  facet normal 0 0 1
    outer loop
      vertex 6.21497 4.90443 2
      vertex 5.41635 4.67917 2
      vertex 6.50169 3.02048 2
    endloop
  endfacet
  facet normal 0 0 1
    outer loop
      vertex 4.5768 6.46069 2
      vertex 5.41635 4.67917 2
      vertex 6.21497 4.90443 2
    endloop
  endfacet
  facet normal 0 0 1
    outer loop
      vertex 4.5768 6.46069 2
      vertex 3.98293 5.94882 2
      vertex 5.41635 4.67917 2
    endloop
  endfacet
  facet normal 0 0 1
    outer loop
      vertex 2.8157 7.40266 2
      vertex 3.98293 5.94882 2
      vertex 4.5768 6.46069 2
    endloop
  endfacet
  facet normal 0 0 1
    outer loop
      vertex 2.8157 7.40266 2
      vertex 2.34467 6.76794 2
      vertex 3.98293 5.94882 2
    endloop
  endfacet
  facet normal 0 0 1
    outer loop
      vertex 1.01364 7.85318 2
      vertex 2.34467 6.76794 2
      vertex 2.8157 7.40266 2
    endloop
  endfacet
  facet normal 0 0 1
    outer loop
      vertex 1.01364 7.85318 2
      vertex 0.747437 7.11604 2
      vertex 2.34467 6.76794 2
    endloop
  endfacet
  facet normal -0 0 1
    outer loop
      vertex -1.11606 7.83275 2
      vertex 0.747437 7.11604 2
      vertex 1.01364 7.85318 2
    endloop
  endfacet
  facet normal 0 0 1
    outer loop
      vertex 0.747437 7.11604 2
      vertex -1.11606 7.83275 2
      vertex -1.03416 7.0751 2
    endloop
  endfacet
  facet normal 0 0 1
    outer loop
      vertex -1.11606 7.83275 2
      vertex -2.79527 6.58363 2
      vertex -1.03416 7.0751 2
    endloop
  endfacet
  facet normal -0 0 1
    outer loop
      vertex -3.12285 7.25941 2
      vertex -2.79527 6.58363 2
      vertex -1.11606 7.83275 2
    endloop
  endfacet
  facet normal 0 0 1
    outer loop
      vertex -4.94542 6.15355 2
      vertex -2.79527 6.58363 2
      vertex -3.12285 7.25941 2
    endloop
  endfacet
  facet normal 0 0 1
    outer loop
      vertex -2.79527 6.58363 2
      vertex -4.94542 6.15355 2
      vertex -4.53584 5.51872 2
    endloop
  endfacet
  facet normal 0 0 1
    outer loop
      vertex -6.29697 4.76106 2
      vertex -4.53584 5.51872 2
      vertex -4.94542 6.15355 2
    endloop
  endfacet
  facet normal 0 0 1
    outer loop
      vertex -4.53584 5.51872 2
      vertex -6.29697 4.76106 2
      vertex -5.78497 4.1877 2
    endloop
  endfacet
  facet normal 0 0 1
    outer loop
      vertex -7.30042 2.99994 2
      vertex -5.78497 4.1877 2
      vertex -6.29697 4.76106 2
    endloop
  endfacet
  facet normal 0 0 1
    outer loop
      vertex -5.78497 4.1877 2
      vertex -7.30042 2.99994 2
      vertex -6.74747 2.34471 2
    endloop
  endfacet
  facet normal 0 0 1
    outer loop
      vertex -7.81229 0.583603 2
      vertex -6.74747 2.34471 2
      vertex -7.30042 2.99994 2
    endloop
  endfacet
  facet normal 0 0 1
    outer loop
      vertex -6.74747 2.34471 2
      vertex -7.81229 0.583603 2
      vertex -7.11609 0.604034 2
    endloop
  endfacet
  facet normal 0 0 1
    outer loop
      vertex 7.87364 -0.911285 2
      vertex 6.74736 -2.42661 2
      vertex 7.25937 -3.18436 2
    endloop
  endfacet
  facet normal 0 0 1
    outer loop
      vertex 5.94876 -4.00339 2
      vertex 7.25937 -3.18436 2
      vertex 6.74736 -2.42661 2
    endloop
  endfacet
  facet normal -0 0 1
    outer loop
      vertex 5.94876 -4.00339 2
      vertex 5.90782 -5.27304 2
      vertex 7.25937 -3.18436 2
    endloop
  endfacet
  facet normal 0 0 1
    outer loop
      vertex 4.72006 -5.39587 2
      vertex 5.90782 -5.27304 2
      vertex 5.94876 -4.00339 2
    endloop
  endfacet
  facet normal -0 0 1
    outer loop
      vertex 4.72006 -5.39587 2
      vertex 4.04428 -6.8089 2
      vertex 5.90782 -5.27304 2
    endloop
  endfacet
  facet normal -0 0 1
    outer loop
      vertex 2.93854 -6.54269 2
      vertex 4.04428 -6.8089 2
      vertex 4.72006 -5.39587 2
    endloop
  endfacet
  facet normal 0 0 1
    outer loop
      vertex 2.93854 -6.54269 2
      vertex 1.87372 -7.79181 2
      vertex 4.04428 -6.8089 2
    endloop
  endfacet
  facet normal -0 0 1
    outer loop
      vertex 0.542603 -8.07854 2
      vertex 1.87372 -8.4881 2
      vertex 1.87372 -7.79181 2
    endloop
  endfacet
  facet normal -0 0 1
    outer loop
      vertex 1.157 -7.0751 2
      vertex 1.87372 -7.79181 2
      vertex 2.93854 -6.54269 2
    endloop
  endfacet
  facet normal 0 0 1
    outer loop
      vertex 0.542603 -8.07854 2
      vertex 1.87372 -7.79181 2
      vertex 1.157 -7.0751 2
    endloop
  endfacet
  facet normal 0 0 1
    outer loop
      vertex 1.87372 -8.4881 2
      vertex 0.542603 -8.79526 2
      vertex 0.522171 -8.85674 2
    endloop
  endfacet
  facet normal 0 0 1
    outer loop
      vertex 1.87372 -8.4881 2
      vertex 0.542603 -8.07854 2
      vertex 0.542603 -8.79526 2
    endloop
  endfacet
  facet normal 0 0 1
    outer loop
      vertex 1.157 -7.0751 2
      vertex 0.522171 -8.0376 2
      vertex 0.542603 -8.07854 2
    endloop
  endfacet
  facet normal 0 0 1
    outer loop
      vertex 1.157 -7.0751 2
      vertex 0.501663 -7.99666 2
      vertex 0.522171 -8.0376 2
    endloop
  endfacet
  facet normal 0 0 1
    outer loop
      vertex 1.157 -7.0751 2
      vertex 0.419769 -7.91475 2
      vertex 0.501663 -7.99666 2
    endloop
  endfacet
  facet normal -0 0 1
    outer loop
      vertex 0.358292 -7.89423 2
      vertex 0.419769 -7.91475 2
      vertex 1.157 -7.0751 2
    endloop
  endfacet
  facet normal 0 0 1
    outer loop
      vertex 0.419769 -7.91475 2
      vertex 0.358292 -7.89423 2
      vertex 0.378815 -7.91475 2
    endloop
  endfacet
  facet normal -0 0 1
    outer loop
      vertex -0.051239 -7.157 2
      vertex 0.358292 -7.89423 2
      vertex 1.157 -7.0751 2
    endloop
  endfacet
  facet normal 0 0 1
    outer loop
      vertex -0.051239 -7.157 2
      vertex -0.337875 -7.89423 2
      vertex 0.358292 -7.89423 2
    endloop
  endfacet
  facet normal 0 0 1
    outer loop
      vertex -0.399338 -6.97267 2
      vertex -0.337875 -7.89423 2
      vertex -0.051239 -7.157 2
    endloop
  endfacet
  facet normal 0 0 1
    outer loop
      vertex -0.337875 -7.89423 2
      vertex -0.378815 -7.91475 2
      vertex -0.358383 -7.91475 2
    endloop
  endfacet
  facet normal 0 0 1
    outer loop
      vertex -0.337875 -7.89423 2
      vertex -0.399338 -6.97267 2
      vertex -0.378815 -7.91475 2
    endloop
  endfacet
  facet normal 0 0 1
    outer loop
      vertex -0.419769 -7.93518 2
      vertex -0.378815 -7.91475 2
      vertex -0.399338 -6.97267 2
    endloop
  endfacet
  facet normal 0 0 1
    outer loop
      vertex -0.378815 -7.91475 2
      vertex -0.419769 -7.93518 2
      vertex -0.399338 -7.93518 2
    endloop
  endfacet
  facet normal 0 0 1
    outer loop
      vertex -0.399338 -6.97267 2
      vertex -0.460815 -7.97612 2
      vertex -0.419769 -7.93518 2
    endloop
  endfacet
  facet normal 0 0 1
    outer loop
      vertex -0.460815 -7.97612 2
      vertex -0.481232 -8.01707 2
      vertex -0.460815 -7.99666 2
    endloop
  endfacet
  facet normal 0 0 1
    outer loop
      vertex -0.399338 -6.97267 2
      vertex -0.481232 -8.01707 2
      vertex -0.460815 -7.97612 2
    endloop
  endfacet
  facet normal 0 0 1
    outer loop
      vertex -1.62804 -2.93858 2
      vertex -0.399338 -6.97267 2
      vertex -0.501755 -3.3891 2
    endloop
  endfacet
  facet normal 0 0 1
    outer loop
      vertex -2.52907 -2.20134 2
      vertex -0.399338 -6.97267 2
      vertex -1.62804 -2.93858 2
    endloop
  endfacet
  facet normal 0 0 1
    outer loop
      vertex -0.399338 -6.97267 2
      vertex -0.501755 -8.05801 2
      vertex -0.481232 -8.01707 2
    endloop
  endfacet
  facet normal 0 0 1
    outer loop
      vertex -0.481232 -8.01707 2
      vertex -0.501755 -8.05801 2
      vertex -0.481232 -8.0376 2
    endloop
  endfacet
  facet normal 0 0 1
    outer loop
      vertex -0.399338 -6.97267 2
      vertex -2.52907 -2.20134 2
      vertex -0.501755 -8.05801 2
    endloop
  endfacet
  facet normal 0 0 1
    outer loop
      vertex -0.501755 -8.8362 2
      vertex -1.49072 -18.9414 2
      vertex -0.745936 -18.9854 2
    endloop
  endfacet
  facet normal 0 0 1
    outer loop
      vertex -0.501755 -8.05801 2
      vertex -2.52907 -2.20134 2
      vertex -0.501755 -8.8362 2
    endloop
  endfacet
  facet normal 0 0 1
    outer loop
      vertex -0.501755 -8.8362 2
      vertex -2.23321 -18.8683 2
      vertex -1.49072 -18.9414 2
    endloop
  endfacet
  facet normal 0 0 1
    outer loop
      vertex -0.501755 -8.8362 2
      vertex -2.52907 -2.20134 2
      vertex -3.70672 -18.6349 2
    endloop
  endfacet
  facet normal 0 0 1
    outer loop
      vertex -0.501755 -8.8362 2
      vertex -2.97225 -18.7661 2
      vertex -2.23321 -18.8683 2
    endloop
  endfacet
  facet normal 0 0 1
    outer loop
      vertex -3.70672 -18.6349 2
      vertex -2.52907 -2.20134 2
      vertex -3.08191 -1.32083 2
    endloop
  endfacet
  facet normal 0 0 1
    outer loop
      vertex -3.70672 -18.6349 2
      vertex -3.08191 -1.32083 2
      vertex -3.3481 -0.030777 2
    endloop
  endfacet
  facet normal 0 0 1
    outer loop
      vertex -0.501755 -8.8362 2
      vertex -3.70672 -18.6349 2
      vertex -2.97225 -18.7661 2
    endloop
  endfacet
  facet normal 0 0 1
    outer loop
      vertex 16.2002 9.92747 2
      vertex 16.3756 9.61803 2
      vertex 16.3863 9.60991 2
    endloop
  endfacet
  facet normal 0 0 1
    outer loop
      vertex 16.2002 9.92747 2
      vertex 16.3111 9.66293 2
      vertex 16.3756 9.61803 2
    endloop
  endfacet
  facet normal 0 0 1
    outer loop
      vertex 16.2002 9.92747 2
      vertex 16.245 9.70528 2
      vertex 16.3111 9.66293 2
    endloop
  endfacet
  facet normal 0 0 1
    outer loop
      vertex 16.2002 9.92747 2
      vertex 16.1772 9.74498 2
      vertex 16.245 9.70528 2
    endloop
  endfacet
  facet normal 0 0 1
    outer loop
      vertex 16.2002 9.92747 2
      vertex 16.108 9.78201 2
      vertex 16.1772 9.74498 2
    endloop
  endfacet
  facet normal 0 0 1
    outer loop
      vertex 16.2002 9.92747 2
      vertex 16.0373 9.81628 2
      vertex 16.108 9.78201 2
    endloop
  endfacet
  facet normal 0 0 1
    outer loop
      vertex 16.2002 9.92747 2
      vertex 15.9654 9.84775 2
      vertex 16.0373 9.81628 2
    endloop
  endfacet
  facet normal 0 0 1
    outer loop
      vertex 16.2002 9.92747 2
      vertex 15.8922 9.87637 2
      vertex 15.9654 9.84775 2
    endloop
  endfacet
  facet normal 0 0 1
    outer loop
      vertex 15.7979 10.5558 2
      vertex 15.8922 9.87637 2
      vertex 16.2002 9.92747 2
    endloop
  endfacet
  facet normal 0 0 1
    outer loop
      vertex 15.8922 9.87637 2
      vertex 15.7979 10.5558 2
      vertex 15.818 9.9021 2
    endloop
  endfacet
  facet normal 0 0 1
    outer loop
      vertex 15.7979 10.5558 2
      vertex 15.7429 9.9249 2
      vertex 15.818 9.9021 2
    endloop
  endfacet
  facet normal 0 0 1
    outer loop
      vertex 15.7979 10.5558 2
      vertex 15.6669 9.94473 2
      vertex 15.7429 9.9249 2
    endloop
  endfacet
  facet normal 0 0 1
    outer loop
      vertex 15.7979 10.5558 2
      vertex 15.5902 9.96156 2
      vertex 15.6669 9.94473 2
    endloop
  endfacet
  facet normal 0 0 1
    outer loop
      vertex 15.7979 10.5558 2
      vertex 15.5129 9.97537 2
      vertex 15.5902 9.96156 2
    endloop
  endfacet
  facet normal 0 0 1
    outer loop
      vertex 15.7979 10.5558 2
      vertex 15.4351 9.98613 2
      vertex 15.5129 9.97537 2
    endloop
  endfacet
  facet normal 0 0 1
    outer loop
      vertex 15.2 10 2
      vertex 15.7979 10.5558 2
      vertex 15.3713 11.1679 2
    endloop
  endfacet
  facet normal 0 0 1
    outer loop
      vertex 15.7979 10.5558 2
      vertex 15.3569 9.99382 2
      vertex 15.4351 9.98613 2
    endloop
  endfacet
  facet normal 0 0 1
    outer loop
      vertex 15.7979 10.5558 2
      vertex 15.2785 9.99844 2
      vertex 15.3569 9.99382 2
    endloop
  endfacet
  facet normal 0 0 1
    outer loop
      vertex 15.7979 10.5558 2
      vertex 15.2 10 2
      vertex 15.2785 9.99844 2
    endloop
  endfacet
  facet normal 0 0 1
    outer loop
      vertex 14.921 11.7628 2
      vertex 15.2 10 2
      vertex 15.3713 11.1679 2
    endloop
  endfacet
  facet normal 0 0 1
    outer loop
      vertex 11.2 10 2
      vertex 14.921 11.7628 2
      vertex 14.4477 12.3395 2
    endloop
  endfacet
  facet normal 0 0 1
    outer loop
      vertex 11.2 10 2
      vertex 14.4477 12.3395 2
      vertex 13.9521 12.8972 2
    endloop
  endfacet
  facet normal 0 0 1
    outer loop
      vertex 11.2 10 2
      vertex 13.9521 12.8972 2
      vertex 13.435 13.435 2
    endloop
  endfacet
  facet normal 0 0 1
    outer loop
      vertex 11.2 10 2
      vertex 13.435 13.435 2
      vertex 12.8972 13.9521 2
    endloop
  endfacet
  facet normal 0 0 1
    outer loop
      vertex 11.1215 9.99844 2
      vertex 12.8972 13.9521 2
      vertex 12.3395 14.4477 2
    endloop
  endfacet
  facet normal 0 0 1
    outer loop
      vertex 10.8871 9.97537 2
      vertex 12.3395 14.4477 2
      vertex 11.7628 14.921 2
    endloop
  endfacet
  facet normal 0 0 1
    outer loop
      vertex 14.921 11.7628 2
      vertex 11.2 10 2
      vertex 15.2 10 2
    endloop
  endfacet
  facet normal 0 0 1
    outer loop
      vertex 10.582 9.9021 2
      vertex 11.7628 14.921 2
      vertex 11.1679 15.3713 2
    endloop
  endfacet
  facet normal 0 0 1
    outer loop
      vertex 12.8972 13.9521 2
      vertex 11.1215 9.99844 2
      vertex 11.2 10 2
    endloop
  endfacet
  facet normal 0 0 1
    outer loop
      vertex 12.3395 14.4477 2
      vertex 11.0431 9.99382 2
      vertex 11.1215 9.99844 2
    endloop
  endfacet
  facet normal 0 0 1
    outer loop
      vertex 12.3395 14.4477 2
      vertex 10.9649 9.98613 2
      vertex 11.0431 9.99382 2
    endloop
  endfacet
  facet normal 0 0 1
    outer loop
      vertex 12.3395 14.4477 2
      vertex 10.8871 9.97537 2
      vertex 10.9649 9.98613 2
    endloop
  endfacet
  facet normal 0 0 1
    outer loop
      vertex 11.7628 14.921 2
      vertex 10.8098 9.96156 2
      vertex 10.8871 9.97537 2
    endloop
  endfacet
  facet normal 0 0 1
    outer loop
      vertex 11.7628 14.921 2
      vertex 10.7331 9.94473 2
      vertex 10.8098 9.96156 2
    endloop
  endfacet
  facet normal 0 0 1
    outer loop
      vertex 11.7628 14.921 2
      vertex 10.6571 9.9249 2
      vertex 10.7331 9.94473 2
    endloop
  endfacet
  facet normal 0 0 1
    outer loop
      vertex 11.7628 14.921 2
      vertex 10.582 9.9021 2
      vertex 10.6571 9.9249 2
    endloop
  endfacet
  facet normal 0 0 1
    outer loop
      vertex 10.3627 9.81628 2
      vertex 11.1679 15.3713 2
      vertex 10.5558 15.7979 2
    endloop
  endfacet
  facet normal 0 0 1
    outer loop
      vertex 11.1679 15.3713 2
      vertex 10.5078 9.87637 2
      vertex 10.582 9.9021 2
    endloop
  endfacet
  facet normal 0 0 1
    outer loop
      vertex 11.1679 15.3713 2
      vertex 10.4346 9.84775 2
      vertex 10.5078 9.87637 2
    endloop
  endfacet
  facet normal 0 0 1
    outer loop
      vertex 11.1679 15.3713 2
      vertex 10.3627 9.81628 2
      vertex 10.4346 9.84775 2
    endloop
  endfacet
  facet normal 0 0 1
    outer loop
      vertex 10.5558 15.7979 2
      vertex 10.292 9.78201 2
      vertex 10.3627 9.81628 2
    endloop
  endfacet
  facet normal 0 0 1
    outer loop
      vertex 10.5558 15.7979 2
      vertex 10.2228 9.74498 2
      vertex 10.292 9.78201 2
    endloop
  endfacet
  facet normal 0 0 1
    outer loop
      vertex 10.5558 15.7979 2
      vertex 10.155 9.70528 2
      vertex 10.2228 9.74498 2
    endloop
  endfacet
  facet normal 0 0 1
    outer loop
      vertex 9.92747 16.2002 2
      vertex 10.155 9.70528 2
      vertex 10.5558 15.7979 2
    endloop
  endfacet
  facet normal 0 0 1
    outer loop
      vertex 10.155 9.70528 2
      vertex 9.92747 16.2002 2
      vertex 10.0889 9.66293 2
    endloop
  endfacet
  facet normal 0 0 1
    outer loop
      vertex 10.0889 9.66293 2
      vertex 9.92747 16.2002 2
      vertex 10.0244 9.61803 2
    endloop
  endfacet
  facet normal 0 0 1
    outer loop
      vertex 10.0244 9.61803 2
      vertex 9.92747 16.2002 2
      vertex 9.96183 9.57063 2
    endloop
  endfacet
  facet normal 0 0 1
    outer loop
      vertex 9.2838 16.5774 2
      vertex 9.96183 9.57063 2
      vertex 9.92747 16.2002 2
    endloop
  endfacet
  facet normal 0 0 1
    outer loop
      vertex 9.96183 9.57063 2
      vertex 9.2838 16.5774 2
      vertex 9.90111 9.5208 2
    endloop
  endfacet
  facet normal 0 0 1
    outer loop
      vertex 9.90111 9.5208 2
      vertex 9.2838 16.5774 2
      vertex 9.84241 9.46864 2
    endloop
  endfacet
  facet normal 0 0 1
    outer loop
      vertex 8.62582 16.9291 2
      vertex 9.84241 9.46864 2
      vertex 9.2838 16.5774 2
    endloop
  endfacet
  facet normal 0 0 1
    outer loop
      vertex 9.84241 9.46864 2
      vertex 8.62582 16.9291 2
      vertex 9.7858 9.4142 2
    endloop
  endfacet
  facet normal 0 0 1
    outer loop
      vertex 9.7858 9.4142 2
      vertex 8.62582 16.9291 2
      vertex 9.73136 9.35759 2
    endloop
  endfacet
  facet normal 0 0 1
    outer loop
      vertex 7.95453 17.2547 2
      vertex 9.73136 9.35759 2
      vertex 8.62582 16.9291 2
    endloop
  endfacet
  facet normal 0 0 1
    outer loop
      vertex 9.73136 9.35759 2
      vertex 7.95453 17.2547 2
      vertex 9.6792 9.29889 2
    endloop
  endfacet
  facet normal 0 0 1
    outer loop
      vertex 4.33102 7.91464 2
      vertex 9.6792 9.29889 2
      vertex 7.95453 17.2547 2
    endloop
  endfacet
  facet normal 0 0 1
    outer loop
      vertex 9.6792 9.29889 2
      vertex 4.33102 7.91464 2
      vertex 9.62937 9.23817 2
    endloop
  endfacet
  facet normal 0 0 1
    outer loop
      vertex 9.62937 9.23817 2
      vertex 4.33102 7.91464 2
      vertex 9.58197 9.17557 2
    endloop
  endfacet
  facet normal 0 0 1
    outer loop
      vertex 9.58197 9.17557 2
      vertex 4.33102 7.91464 2
      vertex 9.53707 9.11113 2
    endloop
  endfacet
  facet normal 0 0 1
    outer loop
      vertex 9.53707 9.11113 2
      vertex 4.33102 7.91464 2
      vertex 9.49472 9.04498 2
    endloop
  endfacet
  facet normal 0 0 1
    outer loop
      vertex 9.49472 9.04498 2
      vertex 4.33102 7.91464 2
      vertex 9.45502 8.97723 2
    endloop
  endfacet
  facet normal 0 0 1
    outer loop
      vertex 9.41799 8.90797 2
      vertex 4.33102 7.91464 2
      vertex 9.38372 8.83731 2
    endloop
  endfacet
  facet normal 0 0 1
    outer loop
      vertex 9.38372 8.83731 2
      vertex 4.33102 7.91464 2
      vertex 9.35225 8.76537 2
    endloop
  endfacet
  facet normal 0 0 1
    outer loop
      vertex 9.35225 8.76537 2
      vertex 4.33102 7.91464 2
      vertex 9.32363 8.69223 2
    endloop
  endfacet
  facet normal 0 -0 1
    outer loop
      vertex 5.8054 6.91121 2
      vertex 9.32363 8.69223 2
      vertex 4.33102 7.91464 2
    endloop
  endfacet
  facet normal 0 0 1
    outer loop
      vertex 9.32363 8.69223 2
      vertex 5.8054 6.91121 2
      vertex 9.2979 8.61803 2
    endloop
  endfacet
  facet normal 0 0 1
    outer loop
      vertex 9.2979 8.61803 2
      vertex 5.8054 6.91121 2
      vertex 9.2751 8.54288 2
    endloop
  endfacet
  facet normal 0 0 1
    outer loop
      vertex 9.2751 8.54288 2
      vertex 5.8054 6.91121 2
      vertex 9.25527 8.46689 2
    endloop
  endfacet
  facet normal 0 0 1
    outer loop
      vertex 9.25527 8.46689 2
      vertex 5.8054 6.91121 2
      vertex 9.23844 8.39017 2
    endloop
  endfacet
  facet normal 0 0 1
    outer loop
      vertex 9.23844 8.39017 2
      vertex 5.8054 6.91121 2
      vertex 9.22463 8.31287 2
    endloop
  endfacet
  facet normal 0 0 1
    outer loop
      vertex 9.21387 8.23506 2
      vertex 5.8054 6.91121 2
      vertex 9.20618 8.15691 2
    endloop
  endfacet
  facet normal 0 0 1
    outer loop
      vertex 9.2 8 2
      vertex 8.97952 0.972641 2
      vertex 9.2 -8 2
    endloop
  endfacet
  facet normal 0 0 1
    outer loop
      vertex 9.20618 8.15691 2
      vertex 5.8054 6.91121 2
      vertex 9.20156 8.07851 2
    endloop
  endfacet
  facet normal 0 0 1
    outer loop
      vertex 9.2 8 2
      vertex 8.63142 2.67227 2
      vertex 8.97952 0.972641 2
    endloop
  endfacet
  facet normal 0 0 1
    outer loop
      vertex 9.22463 8.31287 2
      vertex 5.8054 6.91121 2
      vertex 9.21387 8.23506 2
    endloop
  endfacet
  facet normal 0 0 1
    outer loop
      vertex 9.2 8 2
      vertex 7.95566 4.26959 2
      vertex 8.63142 2.67227 2
    endloop
  endfacet
  facet normal 0 0 1
    outer loop
      vertex 9.45502 8.97723 2
      vertex 4.33102 7.91464 2
      vertex 9.41799 8.90797 2
    endloop
  endfacet
  facet normal 0 0 1
    outer loop
      vertex 4.33102 7.91464 2
      vertex 7.95453 17.2547 2
      vertex 7.27098 17.5537 2
    endloop
  endfacet
  facet normal 0 0 1
    outer loop
      vertex 9.2 8 2
      vertex 6.95221 5.76451 2
      vertex 7.95566 4.26959 2
    endloop
  endfacet
  facet normal 0 0 1
    outer loop
      vertex 2.75423 8.59042 2
      vertex 7.27098 17.5537 2
      vertex 6.57622 17.8256 2
    endloop
  endfacet
  facet normal 0 0 1
    outer loop
      vertex 2.75423 8.59042 2
      vertex 6.57622 17.8256 2
      vertex 5.87132 18.0701 2
    endloop
  endfacet
  facet normal 0 0 1
    outer loop
      vertex 9.2 8 2
      vertex 5.8054 6.91121 2
      vertex 6.95221 5.76451 2
    endloop
  endfacet
  facet normal 0 0 1
    outer loop
      vertex 2.75423 8.59042 2
      vertex 5.87132 18.0701 2
      vertex 5.15737 18.2866 2
    endloop
  endfacet
  facet normal 0 0 1
    outer loop
      vertex 2.75423 8.59042 2
      vertex 5.15737 18.2866 2
      vertex 4.43546 18.475 2
    endloop
  endfacet
  facet normal 0 0 1
    outer loop
      vertex 9.20156 8.07851 2
      vertex 5.8054 6.91121 2
      vertex 9.2 8 2
    endloop
  endfacet
  facet normal 0 0 1
    outer loop
      vertex 2.75423 8.59042 2
      vertex 4.43546 18.475 2
      vertex 3.70672 18.6349 2
    endloop
  endfacet
  facet normal 0 0 1
    outer loop
      vertex 1.03407 8.95903 2
      vertex 3.70672 18.6349 2
      vertex 2.97225 18.7661 2
    endloop
  endfacet
  facet normal 0 0 1
    outer loop
      vertex 7.27098 17.5537 2
      vertex 2.75423 8.59042 2
      vertex 4.33102 7.91464 2
    endloop
  endfacet
  facet normal 0 0 1
    outer loop
      vertex 1.03407 8.95903 2
      vertex 2.97225 18.7661 2
      vertex 2.23321 18.8683 2
    endloop
  endfacet
  facet normal 0 0 1
    outer loop
      vertex 1.03407 8.95903 2
      vertex 2.23321 18.8683 2
      vertex 1.49072 18.9414 2
    endloop
  endfacet
  facet normal 0 0 1
    outer loop
      vertex 3.70672 18.6349 2
      vertex 1.03407 8.95903 2
      vertex 2.75423 8.59042 2
    endloop
  endfacet
  facet normal 0 0 1
    outer loop
      vertex 0.745936 18.9854 2
      vertex 1.03407 8.95903 2
      vertex 1.49072 18.9414 2
    endloop
  endfacet
  facet normal 0 0 1
    outer loop
      vertex -0.542709 9 2
      vertex 0.745936 18.9854 2
      vertex 0 19 2
    endloop
  endfacet
  facet normal 0 0 1
    outer loop
      vertex 0.745936 18.9854 2
      vertex -0.542709 9 2
      vertex 1.03407 8.95903 2
    endloop
  endfacet
  facet normal -0 0 1
    outer loop
      vertex -0.745936 18.9854 2
      vertex -0.542709 9 2
      vertex 0 19 2
    endloop
  endfacet
  facet normal -0 0 1
    outer loop
      vertex -1.49072 18.9414 2
      vertex -0.542709 9 2
      vertex -0.745936 18.9854 2
    endloop
  endfacet
  facet normal -0 0 1
    outer loop
      vertex -2.23321 18.8683 2
      vertex -0.542709 9 2
      vertex -1.49072 18.9414 2
    endloop
  endfacet
  facet normal -0 0 1
    outer loop
      vertex -2.97225 18.7661 2
      vertex -0.542709 9 2
      vertex -2.23321 18.8683 2
    endloop
  endfacet
  facet normal 0 0 1
    outer loop
      vertex -0.542709 9 2
      vertex -2.97225 18.7661 2
      vertex -2.46761 8.67232 2
    endloop
  endfacet
  facet normal -0 0 1
    outer loop
      vertex -3.70672 18.6349 2
      vertex -2.46761 8.67232 2
      vertex -2.97225 18.7661 2
    endloop
  endfacet
  facet normal -0 0 1
    outer loop
      vertex -4.43546 18.475 2
      vertex -2.46761 8.67232 2
      vertex -3.70672 18.6349 2
    endloop
  endfacet
  facet normal -0 0 1
    outer loop
      vertex -5.15737 18.2866 2
      vertex -2.46761 8.67232 2
      vertex -4.43546 18.475 2
    endloop
  endfacet
  facet normal -0 0 1
    outer loop
      vertex -5.87132 18.0701 2
      vertex -2.46761 8.67232 2
      vertex -5.15737 18.2866 2
    endloop
  endfacet
  facet normal -0 0 1
    outer loop
      vertex -6.57622 17.8256 2
      vertex -2.46761 8.67232 2
      vertex -5.87132 18.0701 2
    endloop
  endfacet
  facet normal -0 0 1
    outer loop
      vertex -7.27098 17.5537 2
      vertex -2.46761 8.67232 2
      vertex -6.57622 17.8256 2
    endloop
  endfacet
  facet normal -0 0 1
    outer loop
      vertex -7.95453 17.2547 2
      vertex -2.46761 8.67232 2
      vertex -7.27098 17.5537 2
    endloop
  endfacet
  facet normal 0 0 1
    outer loop
      vertex -2.46761 8.67232 2
      vertex -7.95453 17.2547 2
      vertex -5.04784 7.46414 2
    endloop
  endfacet
  facet normal -0 0 1
    outer loop
      vertex -8.62582 16.9291 2
      vertex -5.04784 7.46414 2
      vertex -7.95453 17.2547 2
    endloop
  endfacet
  facet normal -0 0 1
    outer loop
      vertex -9.2838 16.5774 2
      vertex -5.04784 7.46414 2
      vertex -8.62582 16.9291 2
    endloop
  endfacet
  facet normal -0 0 1
    outer loop
      vertex -9.92747 16.2002 2
      vertex -5.04784 7.46414 2
      vertex -9.2838 16.5774 2
    endloop
  endfacet
  facet normal -0 0 1
    outer loop
      vertex -10.5558 15.7979 2
      vertex -5.04784 7.46414 2
      vertex -9.92747 16.2002 2
    endloop
  endfacet
  facet normal -0 0 1
    outer loop
      vertex -11.1679 15.3713 2
      vertex -5.04784 7.46414 2
      vertex -10.5558 15.7979 2
    endloop
  endfacet
  facet normal -0 0 1
    outer loop
      vertex 16.3756 -9.61803 2
      vertex 16.2002 -9.92747 2
      vertex 16.3863 -9.60991 2
    endloop
  endfacet
  facet normal -0 0 1
    outer loop
      vertex 16.3111 -9.66293 2
      vertex 16.2002 -9.92747 2
      vertex 16.3756 -9.61803 2
    endloop
  endfacet
  facet normal -0 0 1
    outer loop
      vertex 16.245 -9.70528 2
      vertex 16.2002 -9.92747 2
      vertex 16.3111 -9.66293 2
    endloop
  endfacet
  facet normal -0 0 1
    outer loop
      vertex 16.1772 -9.74498 2
      vertex 16.2002 -9.92747 2
      vertex 16.245 -9.70528 2
    endloop
  endfacet
  facet normal -0 0 1
    outer loop
      vertex 16.108 -9.78201 2
      vertex 16.2002 -9.92747 2
      vertex 16.1772 -9.74498 2
    endloop
  endfacet
  facet normal -0 0 1
    outer loop
      vertex 16.0373 -9.81628 2
      vertex 16.2002 -9.92747 2
      vertex 16.108 -9.78201 2
    endloop
  endfacet
  facet normal -0 0 1
    outer loop
      vertex 15.9654 -9.84775 2
      vertex 16.2002 -9.92747 2
      vertex 16.0373 -9.81628 2
    endloop
  endfacet
  facet normal -0 0 1
    outer loop
      vertex 15.8922 -9.87637 2
      vertex 16.2002 -9.92747 2
      vertex 15.9654 -9.84775 2
    endloop
  endfacet
  facet normal 0 0 1
    outer loop
      vertex 15.7979 -10.5558 2
      vertex 15.8922 -9.87637 2
      vertex 15.818 -9.9021 2
    endloop
  endfacet
  facet normal 0 0 1
    outer loop
      vertex 15.8922 -9.87637 2
      vertex 15.7979 -10.5558 2
      vertex 16.2002 -9.92747 2
    endloop
  endfacet
  facet normal -0 0 1
    outer loop
      vertex 15.7429 -9.9249 2
      vertex 15.7979 -10.5558 2
      vertex 15.818 -9.9021 2
    endloop
  endfacet
  facet normal -0 0 1
    outer loop
      vertex 15.6669 -9.94473 2
      vertex 15.7979 -10.5558 2
      vertex 15.7429 -9.9249 2
    endloop
  endfacet
  facet normal -0 0 1
    outer loop
      vertex 15.5902 -9.96156 2
      vertex 15.7979 -10.5558 2
      vertex 15.6669 -9.94473 2
    endloop
  endfacet
  facet normal -0 0 1
    outer loop
      vertex 15.5129 -9.97537 2
      vertex 15.7979 -10.5558 2
      vertex 15.5902 -9.96156 2
    endloop
  endfacet
  facet normal -0 0 1
    outer loop
      vertex 15.4351 -9.98613 2
      vertex 15.7979 -10.5558 2
      vertex 15.5129 -9.97537 2
    endloop
  endfacet
  facet normal -0 0 1
    outer loop
      vertex 15.3569 -9.99382 2
      vertex 15.7979 -10.5558 2
      vertex 15.4351 -9.98613 2
    endloop
  endfacet
  facet normal -0 0 1
    outer loop
      vertex 15.2785 -9.99844 2
      vertex 15.7979 -10.5558 2
      vertex 15.3569 -9.99382 2
    endloop
  endfacet
  facet normal -0 0 1
    outer loop
      vertex 15.2 -10 2
      vertex 15.7979 -10.5558 2
      vertex 15.2785 -9.99844 2
    endloop
  endfacet
  facet normal 0 0 1
    outer loop
      vertex 15.7979 -10.5558 2
      vertex 15.2 -10 2
      vertex 15.3713 -11.1679 2
    endloop
  endfacet
  facet normal 0 0 1
    outer loop
      vertex 15.2 -10 2
      vertex 14.921 -11.7628 2
      vertex 15.3713 -11.1679 2
    endloop
  endfacet
  facet normal -0 0 1
    outer loop
      vertex 11.2 -10 2
      vertex 14.921 -11.7628 2
      vertex 15.2 -10 2
    endloop
  endfacet
  facet normal 0 0 1
    outer loop
      vertex 14.921 -11.7628 2
      vertex 11.2 -10 2
      vertex 14.4477 -12.3395 2
    endloop
  endfacet
  facet normal 0 0 1
    outer loop
      vertex 14.4477 -12.3395 2
      vertex 11.2 -10 2
      vertex 13.9521 -12.8972 2
    endloop
  endfacet
  facet normal 0 0 1
    outer loop
      vertex 13.9521 -12.8972 2
      vertex 11.2 -10 2
      vertex 13.435 -13.435 2
    endloop
  endfacet
  facet normal 0 0 1
    outer loop
      vertex 13.435 -13.435 2
      vertex 11.2 -10 2
      vertex 12.8972 -13.9521 2
    endloop
  endfacet
  facet normal 0 0 1
    outer loop
      vertex 11.1215 -9.99844 2
      vertex 12.8972 -13.9521 2
      vertex 11.2 -10 2
    endloop
  endfacet
  facet normal 0 0 1
    outer loop
      vertex 12.8972 -13.9521 2
      vertex 11.1215 -9.99844 2
      vertex 12.3395 -14.4477 2
    endloop
  endfacet
  facet normal 0 0 1
    outer loop
      vertex 11.0431 -9.99382 2
      vertex 12.3395 -14.4477 2
      vertex 11.1215 -9.99844 2
    endloop
  endfacet
  facet normal 0 0 1
    outer loop
      vertex 10.9649 -9.98613 2
      vertex 12.3395 -14.4477 2
      vertex 11.0431 -9.99382 2
    endloop
  endfacet
  facet normal 0 0 1
    outer loop
      vertex 10.8871 -9.97537 2
      vertex 12.3395 -14.4477 2
      vertex 10.9649 -9.98613 2
    endloop
  endfacet
  facet normal 0 0 1
    outer loop
      vertex 12.3395 -14.4477 2
      vertex 10.8871 -9.97537 2
      vertex 11.7628 -14.921 2
    endloop
  endfacet
  facet normal 0 0 1
    outer loop
      vertex 10.8098 -9.96156 2
      vertex 11.7628 -14.921 2
      vertex 10.8871 -9.97537 2
    endloop
  endfacet
  facet normal 0 0 1
    outer loop
      vertex 10.7331 -9.94473 2
      vertex 11.7628 -14.921 2
      vertex 10.8098 -9.96156 2
    endloop
  endfacet
  facet normal 0 0 1
    outer loop
      vertex 10.6571 -9.9249 2
      vertex 11.7628 -14.921 2
      vertex 10.7331 -9.94473 2
    endloop
  endfacet
  facet normal 0 0 1
    outer loop
      vertex 10.582 -9.9021 2
      vertex 11.7628 -14.921 2
      vertex 10.6571 -9.9249 2
    endloop
  endfacet
  facet normal 0 0 1
    outer loop
      vertex 11.7628 -14.921 2
      vertex 10.582 -9.9021 2
      vertex 11.1679 -15.3713 2
    endloop
  endfacet
  facet normal 0 0 1
    outer loop
      vertex 10.5078 -9.87637 2
      vertex 11.1679 -15.3713 2
      vertex 10.582 -9.9021 2
    endloop
  endfacet
  facet normal 0 0 1
    outer loop
      vertex 10.4346 -9.84775 2
      vertex 11.1679 -15.3713 2
      vertex 10.5078 -9.87637 2
    endloop
  endfacet
  facet normal 0 0 1
    outer loop
      vertex 10.3627 -9.81628 2
      vertex 11.1679 -15.3713 2
      vertex 10.4346 -9.84775 2
    endloop
  endfacet
  facet normal 0 0 1
    outer loop
      vertex 11.1679 -15.3713 2
      vertex 10.3627 -9.81628 2
      vertex 10.5558 -15.7979 2
    endloop
  endfacet
  facet normal 0 0 1
    outer loop
      vertex 10.292 -9.78201 2
      vertex 10.5558 -15.7979 2
      vertex 10.3627 -9.81628 2
    endloop
  endfacet
  facet normal 0 0 1
    outer loop
      vertex 10.2228 -9.74498 2
      vertex 10.5558 -15.7979 2
      vertex 10.292 -9.78201 2
    endloop
  endfacet
  facet normal 0 0 1
    outer loop
      vertex 10.155 -9.70528 2
      vertex 10.5558 -15.7979 2
      vertex 10.2228 -9.74498 2
    endloop
  endfacet
  facet normal 0 0 1
    outer loop
      vertex 9.92747 -16.2002 2
      vertex 10.155 -9.70528 2
      vertex 10.0889 -9.66293 2
    endloop
  endfacet
  facet normal 0 0 1
    outer loop
      vertex 9.92747 -16.2002 2
      vertex 10.0889 -9.66293 2
      vertex 10.0244 -9.61803 2
    endloop
  endfacet
  facet normal 0 0 1
    outer loop
      vertex 9.92747 -16.2002 2
      vertex 10.0244 -9.61803 2
      vertex 9.96183 -9.57063 2
    endloop
  endfacet
  facet normal 0 0 1
    outer loop
      vertex 10.155 -9.70528 2
      vertex 9.92747 -16.2002 2
      vertex 10.5558 -15.7979 2
    endloop
  endfacet
  facet normal 0 0 1
    outer loop
      vertex 9.2838 -16.5774 2
      vertex 9.96183 -9.57063 2
      vertex 9.90111 -9.5208 2
    endloop
  endfacet
  facet normal 0 0 1
    outer loop
      vertex 9.2838 -16.5774 2
      vertex 9.90111 -9.5208 2
      vertex 9.84241 -9.46864 2
    endloop
  endfacet
  facet normal 0 0 1
    outer loop
      vertex 8.62582 -16.9291 2
      vertex 9.84241 -9.46864 2
      vertex 9.7858 -9.4142 2
    endloop
  endfacet
  facet normal 0 0 1
    outer loop
      vertex 8.62582 -16.9291 2
      vertex 9.7858 -9.4142 2
      vertex 9.73136 -9.35759 2
    endloop
  endfacet
  facet normal 0 0 1
    outer loop
      vertex 7.95453 -17.2547 2
      vertex 9.73136 -9.35759 2
      vertex 9.6792 -9.29889 2
    endloop
  endfacet
  facet normal 0 0 1
    outer loop
      vertex 4.16724 -8.01707 2
      vertex 9.6792 -9.29889 2
      vertex 9.62937 -9.23817 2
    endloop
  endfacet
  facet normal 0 0 1
    outer loop
      vertex 4.16724 -8.01707 2
      vertex 9.62937 -9.23817 2
      vertex 9.58197 -9.17557 2
    endloop
  endfacet
  facet normal 0 0 1
    outer loop
      vertex 4.16724 -8.01707 2
      vertex 9.58197 -9.17557 2
      vertex 9.53707 -9.11113 2
    endloop
  endfacet
  facet normal 0 0 1
    outer loop
      vertex 4.16724 -8.01707 2
      vertex 9.53707 -9.11113 2
      vertex 9.49472 -9.04498 2
    endloop
  endfacet
  facet normal 0 0 1
    outer loop
      vertex 4.16724 -8.01707 2
      vertex 9.49472 -9.04498 2
      vertex 9.45502 -8.97723 2
    endloop
  endfacet
  facet normal 0 0 1
    outer loop
      vertex 4.16724 -8.01707 2
      vertex 9.45502 -8.97723 2
      vertex 9.41799 -8.90797 2
    endloop
  endfacet
  facet normal 0 0 1
    outer loop
      vertex 4.16724 -8.01707 2
      vertex 9.41799 -8.90797 2
      vertex 9.38372 -8.83731 2
    endloop
  endfacet
  facet normal 0 0 1
    outer loop
      vertex 4.16724 -8.01707 2
      vertex 9.38372 -8.83731 2
      vertex 9.35225 -8.76537 2
    endloop
  endfacet
  facet normal 0 0 1
    outer loop
      vertex 4.16724 -8.01707 2
      vertex 9.35225 -8.76537 2
      vertex 9.32363 -8.69223 2
    endloop
  endfacet
  facet normal 0 0 1
    outer loop
      vertex 4.16724 -8.01707 2
      vertex 9.32363 -8.69223 2
      vertex 9.2979 -8.61803 2
    endloop
  endfacet
  facet normal 0 0 1
    outer loop
      vertex 9.96183 -9.57063 2
      vertex 9.2838 -16.5774 2
      vertex 9.92747 -16.2002 2
    endloop
  endfacet
  facet normal 0 0 1
    outer loop
      vertex 5.96928 -6.78847 2
      vertex 9.2979 -8.61803 2
      vertex 9.2751 -8.54288 2
    endloop
  endfacet
  facet normal 0 0 1
    outer loop
      vertex 5.96928 -6.78847 2
      vertex 9.2751 -8.54288 2
      vertex 9.25527 -8.46689 2
    endloop
  endfacet
  facet normal 0 0 1
    outer loop
      vertex 5.96928 -6.78847 2
      vertex 9.25527 -8.46689 2
      vertex 9.23844 -8.39017 2
    endloop
  endfacet
  facet normal 0 0 1
    outer loop
      vertex 5.96928 -6.78847 2
      vertex 9.23844 -8.39017 2
      vertex 9.22463 -8.31287 2
    endloop
  endfacet
  facet normal 0 0 1
    outer loop
      vertex 5.96928 -6.78847 2
      vertex 9.22463 -8.31287 2
      vertex 9.21387 -8.23506 2
    endloop
  endfacet
  facet normal 0 0 1
    outer loop
      vertex 5.96928 -6.78847 2
      vertex 9.21387 -8.23506 2
      vertex 9.20618 -8.15691 2
    endloop
  endfacet
  facet normal 0 0 1
    outer loop
      vertex 5.96928 -6.78847 2
      vertex 9.20618 -8.15691 2
      vertex 9.20156 -8.07851 2
    endloop
  endfacet
  facet normal 0 0 1
    outer loop
      vertex 5.96928 -6.78847 2
      vertex 9.20156 -8.07851 2
      vertex 9.2 -8 2
    endloop
  endfacet
  facet normal -0 0 1
    outer loop
      vertex 8.97952 -0.993164 2
      vertex 9.2 -8 2
      vertex 8.97952 0.972641 2
    endloop
  endfacet
  facet normal -0 0 1
    outer loop
      vertex 8.63142 -2.67238 2
      vertex 9.2 -8 2
      vertex 8.97952 -0.993164 2
    endloop
  endfacet
  facet normal -0 0 1
    outer loop
      vertex 8.01701 -4.16728 2
      vertex 9.2 -8 2
      vertex 8.63142 -2.67238 2
    endloop
  endfacet
  facet normal -0 0 1
    outer loop
      vertex 7.13651 -5.53925 2
      vertex 9.2 -8 2
      vertex 8.01701 -4.16728 2
    endloop
  endfacet
  facet normal -0 0 1
    outer loop
      vertex 5.96928 -6.78847 2
      vertex 9.2 -8 2
      vertex 7.13651 -5.53925 2
    endloop
  endfacet
  facet normal 0 0 1
    outer loop
      vertex 9.2979 -8.61803 2
      vertex 5.96928 -6.78847 2
      vertex 4.16724 -8.01707 2
    endloop
  endfacet
  facet normal 0 0 1
    outer loop
      vertex 9.6792 -9.29889 2
      vertex 4.16724 -8.01707 2
      vertex 7.95453 -17.2547 2
    endloop
  endfacet
  facet normal 0 0 1
    outer loop
      vertex 9.84241 -9.46864 2
      vertex 8.62582 -16.9291 2
      vertex 9.2838 -16.5774 2
    endloop
  endfacet
  facet normal 0 0 1
    outer loop
      vertex 9.73136 -9.35759 2
      vertex 7.95453 -17.2547 2
      vertex 8.62582 -16.9291 2
    endloop
  endfacet
  facet normal 0 0 1
    outer loop
      vertex 7.95453 -17.2547 2
      vertex 4.16724 -8.01707 2
      vertex 7.27098 -17.5537 2
    endloop
  endfacet
  facet normal -0 0 1
    outer loop
      vertex 2.52896 -8.67241 2
      vertex 7.27098 -17.5537 2
      vertex 4.16724 -8.01707 2
    endloop
  endfacet
  facet normal 0 0 1
    outer loop
      vertex 7.27098 -17.5537 2
      vertex 2.52896 -8.67241 2
      vertex 6.57622 -17.8256 2
    endloop
  endfacet
  facet normal 0 0 1
    outer loop
      vertex 6.57622 -17.8256 2
      vertex 2.52896 -8.67241 2
      vertex 5.87132 -18.0701 2
    endloop
  endfacet
  facet normal 0 0 1
    outer loop
      vertex 5.87132 -18.0701 2
      vertex 2.52896 -8.67241 2
      vertex 5.15737 -18.2866 2
    endloop
  endfacet
  facet normal 0 0 1
    outer loop
      vertex 5.15737 -18.2866 2
      vertex 2.52896 -8.67241 2
      vertex 4.43546 -18.475 2
    endloop
  endfacet
  facet normal 0 0 1
    outer loop
      vertex 4.43546 -18.475 2
      vertex 2.52896 -8.67241 2
      vertex 3.70672 -18.6349 2
    endloop
  endfacet
  facet normal 0 0 1
    outer loop
      vertex 3.70672 -18.6349 2
      vertex 2.52896 -8.67241 2
      vertex 2.97225 -18.7661 2
    endloop
  endfacet
  facet normal 0 0 1
    outer loop
      vertex 2.52896 -8.67241 2
      vertex 2.23321 -18.8683 2
      vertex 2.97225 -18.7661 2
    endloop
  endfacet
  facet normal 0 0 1
    outer loop
      vertex 1.49072 -18.9414 2
      vertex 2.52896 -8.67241 2
      vertex 1.87372 -8.4881 2
    endloop
  endfacet
  facet normal 0 0 1
    outer loop
      vertex 2.52896 -8.67241 2
      vertex 1.49072 -18.9414 2
      vertex 2.23321 -18.8683 2
    endloop
  endfacet
  facet normal 0 0 1
    outer loop
      vertex 1.87372 -8.4881 2
      vertex 0.522171 -8.85674 2
      vertex 0.501663 -8.89767 2
    endloop
  endfacet
  facet normal 0 0 1
    outer loop
      vertex 0.522171 -8.85674 2
      vertex 0.542603 -8.79526 2
      vertex 0.522171 -8.81578 2
    endloop
  endfacet
  facet normal 0 0 1
    outer loop
      vertex 0.440186 -8.95903 2
      vertex 1.87372 -8.4881 2
      vertex 0.501663 -8.89767 2
    endloop
  endfacet
  facet normal 0 0 1
    outer loop
      vertex 0.501663 -8.89767 2
      vertex 0.522171 -8.85674 2
      vertex 0.501663 -8.87714 2
    endloop
  endfacet
  facet normal 0 0 1
    outer loop
      vertex 1.87372 -8.4881 2
      vertex 0.440186 -8.95903 2
      vertex 1.49072 -18.9414 2
    endloop
  endfacet
  facet normal -0 0 1
    outer loop
      vertex 0.399231 -8.97957 2
      vertex 1.49072 -18.9414 2
      vertex 0.440186 -8.95903 2
    endloop
  endfacet
  facet normal 0 0 1
    outer loop
      vertex 0.399231 -8.97957 2
      vertex 0.440186 -8.95903 2
      vertex 0.419769 -8.95903 2
    endloop
  endfacet
  facet normal -0 0 1
    outer loop
      vertex 0.337875 -9 2
      vertex 1.49072 -18.9414 2
      vertex 0.399231 -8.97957 2
    endloop
  endfacet
  facet normal 0 0 1
    outer loop
      vertex 0.337875 -9 2
      vertex 0.399231 -8.97957 2
      vertex 0.358292 -8.97957 2
    endloop
  endfacet
  facet normal 0 0 1
    outer loop
      vertex 1.49072 -18.9414 2
      vertex 0.337875 -9 2
      vertex 0.745936 -18.9854 2
    endloop
  endfacet
  facet normal 0 0 1
    outer loop
      vertex 0.337875 -9 2
      vertex 0 -19 2
      vertex 0.745936 -18.9854 2
    endloop
  endfacet
  facet normal -0 0 1
    outer loop
      vertex -0.296921 -9 2
      vertex 0 -19 2
      vertex 0.337875 -9 2
    endloop
  endfacet
  facet normal -0 0 1
    outer loop
      vertex -0.378815 -8.97957 2
      vertex -0.296921 -9 2
      vertex -0.317444 -8.97957 2
    endloop
  endfacet
  facet normal 0 0 1
    outer loop
      vertex -0.296921 -9 2
      vertex -0.378815 -8.97957 2
      vertex -0.745936 -18.9854 2
    endloop
  endfacet
  facet normal 0 0 1
    outer loop
      vertex -0.745936 -18.9854 2
      vertex -0.378815 -8.97957 2
      vertex -0.481232 -8.87714 2
    endloop
  endfacet
  facet normal 0 0 1
    outer loop
      vertex -0.745936 -18.9854 2
      vertex -0.481232 -8.87714 2
      vertex -0.501755 -8.8362 2
    endloop
  endfacet
  facet normal 0 0 1
    outer loop
      vertex -0.296921 -9 2
      vertex -0.745936 -18.9854 2
      vertex 0 -19 2
    endloop
  endfacet
  facet normal 0 0 1
    outer loop
      vertex 0.542603 -8.07854 2
      vertex 0.522171 -8.0376 2
      vertex 0.522171 -8.05801 2
    endloop
  endfacet
  facet normal 0 0 1
    outer loop
      vertex 0.522171 -8.0376 2
      vertex 0.501663 -7.99666 2
      vertex 0.501663 -8.01707 2
    endloop
  endfacet
  facet normal 0 0 -1
    outer loop
      vertex 16.9291 -8.62582 2
      vertex 17.1984 -8.07851 2
      vertex 17.1938 -8.15691 2
    endloop
  endfacet
  facet normal 0 0 -1
    outer loop
      vertex 16.9291 -8.62582 2
      vertex 17.1938 -8.15691 2
      vertex 17.1861 -8.23506 2
    endloop
  endfacet
  facet normal 0 0 -1
    outer loop
      vertex 16.9291 -8.62582 2
      vertex 17.1861 -8.23506 2
      vertex 17.1754 -8.31287 2
    endloop
  endfacet
  facet normal 0 0 -1
    outer loop
      vertex 16.9291 -8.62582 2
      vertex 17.1754 -8.31287 2
      vertex 17.1616 -8.39017 2
    endloop
  endfacet
  facet normal 0 0 -1
    outer loop
      vertex 16.9291 -8.62582 2
      vertex 17.1616 -8.39017 2
      vertex 17.1447 -8.46689 2
    endloop
  endfacet
  facet normal 0 0 -1
    outer loop
      vertex 16.9291 -8.62582 2
      vertex 17.1447 -8.46689 2
      vertex 17.1249 -8.54288 2
    endloop
  endfacet
  facet normal 0 0 -1
    outer loop
      vertex 16.9291 -8.62582 2
      vertex 17.1249 -8.54288 2
      vertex 17.1021 -8.61803 2
    endloop
  endfacet
  facet normal 0 0 -1
    outer loop
      vertex 16.9291 -8.62582 2
      vertex 17.1021 -8.61803 2
      vertex 17.0764 -8.69223 2
    endloop
  endfacet
  facet normal 0 0 -1
    outer loop
      vertex 16.9291 -8.62582 2
      vertex 17.0764 -8.69223 2
      vertex 17.0477 -8.76537 2
    endloop
  endfacet
  facet normal 0 0 -1
    outer loop
      vertex 16.9291 -8.62582 2
      vertex 17.0477 -8.76537 2
      vertex 17.0163 -8.83731 2
    endloop
  endfacet
  facet normal 0 0 -1
    outer loop
      vertex 16.9291 -8.62582 2
      vertex 17.0163 -8.83731 2
      vertex 16.982 -8.90797 2
    endloop
  endfacet
  facet normal 0 0 -1
    outer loop
      vertex 16.9291 -8.62582 2
      vertex 16.982 -8.90797 2
      vertex 16.945 -8.97723 2
    endloop
  endfacet
  facet normal -0 0 -1
    outer loop
      vertex 17.1984 -8.07851 2
      vertex 16.9291 -8.62582 2
      vertex 17.1986 -8.07022 2
    endloop
  endfacet
  facet normal 0 0 -1
    outer loop
      vertex 16.9053 -9.04498 2
      vertex 16.9291 -8.62582 2
      vertex 16.945 -8.97723 2
    endloop
  endfacet
  facet normal 0 0 -1
    outer loop
      vertex 16.5774 -9.2838 2
      vertex 16.9053 -9.04498 2
      vertex 16.8629 -9.11113 2
    endloop
  endfacet
  facet normal 0 0 -1
    outer loop
      vertex 16.5774 -9.2838 2
      vertex 16.8629 -9.11113 2
      vertex 16.818 -9.17557 2
    endloop
  endfacet
  facet normal 0 0 -1
    outer loop
      vertex 16.5774 -9.2838 2
      vertex 16.818 -9.17557 2
      vertex 16.7706 -9.23817 2
    endloop
  endfacet
  facet normal 0 0 -1
    outer loop
      vertex 16.5774 -9.2838 2
      vertex 16.7706 -9.23817 2
      vertex 16.7208 -9.29889 2
    endloop
  endfacet
  facet normal 0 0 -1
    outer loop
      vertex 16.5774 -9.2838 2
      vertex 16.7208 -9.29889 2
      vertex 16.6686 -9.35759 2
    endloop
  endfacet
  facet normal 0 0 -1
    outer loop
      vertex 16.5774 -9.2838 2
      vertex 16.6686 -9.35759 2
      vertex 16.6142 -9.4142 2
    endloop
  endfacet
  facet normal -0 0 -1
    outer loop
      vertex 16.9053 -9.04498 2
      vertex 16.5774 -9.2838 2
      vertex 16.9291 -8.62582 2
    endloop
  endfacet
  facet normal 0 0 -1
    outer loop
      vertex 16.5576 -9.46864 2
      vertex 16.5774 -9.2838 2
      vertex 16.6142 -9.4142 2
    endloop
  endfacet
  facet normal 0 0 -1
    outer loop
      vertex 16.4989 -9.5208 2
      vertex 16.5774 -9.2838 2
      vertex 16.5576 -9.46864 2
    endloop
  endfacet
  facet normal 0 0 -1
    outer loop
      vertex 16.4382 -9.57063 2
      vertex 16.5774 -9.2838 2
      vertex 16.4989 -9.5208 2
    endloop
  endfacet
  facet normal 0 0 -1
    outer loop
      vertex 16.5774 -9.2838 2
      vertex 16.4382 -9.57063 2
      vertex 16.3863 -9.60991 2
    endloop
  endfacet
  facet normal 0 0 -1
    outer loop
      vertex 16.9291 8.62582 2
      vertex 17.1984 8.07851 2
      vertex 17.1986 8.07022 2
    endloop
  endfacet
  facet normal 0 0 -1
    outer loop
      vertex 17.1984 8.07851 2
      vertex 16.9291 8.62582 2
      vertex 17.1938 8.15691 2
    endloop
  endfacet
  facet normal 0 0 -1
    outer loop
      vertex 17.1938 8.15691 2
      vertex 16.9291 8.62582 2
      vertex 17.1861 8.23506 2
    endloop
  endfacet
  facet normal 0 0 -1
    outer loop
      vertex 17.1861 8.23506 2
      vertex 16.9291 8.62582 2
      vertex 17.1754 8.31287 2
    endloop
  endfacet
  facet normal 0 0 -1
    outer loop
      vertex 17.1754 8.31287 2
      vertex 16.9291 8.62582 2
      vertex 17.1616 8.39017 2
    endloop
  endfacet
  facet normal 0 0 -1
    outer loop
      vertex 17.1616 8.39017 2
      vertex 16.9291 8.62582 2
      vertex 17.1447 8.46689 2
    endloop
  endfacet
  facet normal 0 0 -1
    outer loop
      vertex 17.1447 8.46689 2
      vertex 16.9291 8.62582 2
      vertex 17.1249 8.54288 2
    endloop
  endfacet
  facet normal 0 0 -1
    outer loop
      vertex 17.1249 8.54288 2
      vertex 16.9291 8.62582 2
      vertex 17.1021 8.61803 2
    endloop
  endfacet
  facet normal 0 0 -1
    outer loop
      vertex 17.1021 8.61803 2
      vertex 16.9291 8.62582 2
      vertex 17.0764 8.69223 2
    endloop
  endfacet
  facet normal -0 0 -1
    outer loop
      vertex 17.0764 8.69223 2
      vertex 16.9291 8.62582 2
      vertex 17.0477 8.76537 2
    endloop
  endfacet
  facet normal -0 0 -1
    outer loop
      vertex 17.0477 8.76537 2
      vertex 16.9291 8.62582 2
      vertex 17.0163 8.83731 2
    endloop
  endfacet
  facet normal -0 0 -1
    outer loop
      vertex 17.0163 8.83731 2
      vertex 16.9291 8.62582 2
      vertex 16.982 8.90797 2
    endloop
  endfacet
  facet normal -0 0 -1
    outer loop
      vertex 16.982 8.90797 2
      vertex 16.9291 8.62582 2
      vertex 16.945 8.97723 2
    endloop
  endfacet
  facet normal 0 0 -1
    outer loop
      vertex 16.9291 8.62582 2
      vertex 16.9053 9.04498 2
      vertex 16.945 8.97723 2
    endloop
  endfacet
  facet normal 0 0 -1
    outer loop
      vertex 16.5774 9.2838 2
      vertex 16.9053 9.04498 2
      vertex 16.9291 8.62582 2
    endloop
  endfacet
  facet normal 0 0 -1
    outer loop
      vertex 16.9053 9.04498 2
      vertex 16.5774 9.2838 2
      vertex 16.8629 9.11113 2
    endloop
  endfacet
  facet normal 0 0 -1
    outer loop
      vertex 16.8629 9.11113 2
      vertex 16.5774 9.2838 2
      vertex 16.818 9.17557 2
    endloop
  endfacet
  facet normal 0 0 -1
    outer loop
      vertex 16.818 9.17557 2
      vertex 16.5774 9.2838 2
      vertex 16.7706 9.23817 2
    endloop
  endfacet
  facet normal 0 0 -1
    outer loop
      vertex 16.7706 9.23817 2
      vertex 16.5774 9.2838 2
      vertex 16.7208 9.29889 2
    endloop
  endfacet
  facet normal -0 0 -1
    outer loop
      vertex 16.7208 9.29889 2
      vertex 16.5774 9.2838 2
      vertex 16.6686 9.35759 2
    endloop
  endfacet
  facet normal -0 0 -1
    outer loop
      vertex 16.6686 9.35759 2
      vertex 16.5774 9.2838 2
      vertex 16.6142 9.4142 2
    endloop
  endfacet
  facet normal 0 0 -1
    outer loop
      vertex 16.5774 9.2838 2
      vertex 16.5576 9.46864 2
      vertex 16.6142 9.4142 2
    endloop
  endfacet
  facet normal 0 0 -1
    outer loop
      vertex 16.5774 9.2838 2
      vertex 16.4989 9.5208 2
      vertex 16.5576 9.46864 2
    endloop
  endfacet
  facet normal 0 0 -1
    outer loop
      vertex 16.5774 9.2838 2
      vertex 16.4382 9.57063 2
      vertex 16.4989 9.5208 2
    endloop
  endfacet
  facet normal -0 -0 -1
    outer loop
      vertex 16.4382 9.57063 2
      vertex 16.5774 9.2838 2
      vertex 16.3863 9.60991 2
    endloop
  endfacet
  facet normal 0 0 1
    outer loop
      vertex 18.9854 0.745936 2
      vertex 18.9854 -0.745936 2
      vertex 19 0 2
    endloop
  endfacet
  facet normal 0 0 1
    outer loop
      vertex 18.9414 1.49072 2
      vertex 18.9854 -0.745936 2
      vertex 18.9854 0.745936 2
    endloop
  endfacet
  facet normal 0 0 1
    outer loop
      vertex 18.9414 1.49072 2
      vertex 18.9414 -1.49072 2
      vertex 18.9854 -0.745936 2
    endloop
  endfacet
  facet normal 0 0 1
    outer loop
      vertex 18.8683 2.23321 2
      vertex 18.9414 -1.49072 2
      vertex 18.9414 1.49072 2
    endloop
  endfacet
  facet normal 0 0 1
    outer loop
      vertex 18.8683 2.23321 2
      vertex 18.8683 -2.23321 2
      vertex 18.9414 -1.49072 2
    endloop
  endfacet
  facet normal 0 0 1
    outer loop
      vertex 18.7661 2.97225 2
      vertex 18.8683 -2.23321 2
      vertex 18.8683 2.23321 2
    endloop
  endfacet
  facet normal 0 0 1
    outer loop
      vertex 18.7661 2.97225 2
      vertex 18.7661 -2.97225 2
      vertex 18.8683 -2.23321 2
    endloop
  endfacet
  facet normal 0 0 1
    outer loop
      vertex 18.6349 3.70672 2
      vertex 18.7661 -2.97225 2
      vertex 18.7661 2.97225 2
    endloop
  endfacet
  facet normal 0 0 1
    outer loop
      vertex 18.6349 3.70672 2
      vertex 18.6349 -3.70672 2
      vertex 18.7661 -2.97225 2
    endloop
  endfacet
  facet normal 0 0 1
    outer loop
      vertex 18.475 4.43546 2
      vertex 18.6349 -3.70672 2
      vertex 18.6349 3.70672 2
    endloop
  endfacet
  facet normal 0 0 1
    outer loop
      vertex 18.475 4.43546 2
      vertex 18.475 -4.43546 2
      vertex 18.6349 -3.70672 2
    endloop
  endfacet
  facet normal 0 0 1
    outer loop
      vertex 18.2866 5.15737 2
      vertex 18.475 -4.43546 2
      vertex 18.475 4.43546 2
    endloop
  endfacet
  facet normal 0 0 1
    outer loop
      vertex 18.2866 5.15737 2
      vertex 18.2866 -5.15737 2
      vertex 18.475 -4.43546 2
    endloop
  endfacet
  facet normal 0 0 1
    outer loop
      vertex 17.2 8 2
      vertex 18.2866 5.15737 2
      vertex 18.0701 5.87132 2
    endloop
  endfacet
  facet normal 0 0 1
    outer loop
      vertex 18.2866 5.15737 2
      vertex 17.2 8 2
      vertex 18.2866 -5.15737 2
    endloop
  endfacet
  facet normal 0 0 1
    outer loop
      vertex 17.2 8 2
      vertex 18.0701 5.87132 2
      vertex 17.8256 6.57622 2
    endloop
  endfacet
  facet normal 0 0 1
    outer loop
      vertex 17.2 -8 2
      vertex 18.2866 -5.15737 2
      vertex 17.2 8 2
    endloop
  endfacet
  facet normal 0 0 1
    outer loop
      vertex 17.2 8 2
      vertex 17.8256 6.57622 2
      vertex 17.5537 7.27098 2
    endloop
  endfacet
  facet normal 0 0 1
    outer loop
      vertex 18.2866 -5.15737 2
      vertex 17.2 -8 2
      vertex 18.0701 -5.87132 2
    endloop
  endfacet
  facet normal 0 0 1
    outer loop
      vertex 17.2 8 2
      vertex 17.5537 7.27098 2
      vertex 17.2547 7.95453 2
    endloop
  endfacet
  facet normal 0 0 1
    outer loop
      vertex 18.0701 -5.87132 2
      vertex 17.2 -8 2
      vertex 17.8256 -6.57622 2
    endloop
  endfacet
  facet normal 0 0 1
    outer loop
      vertex 17.8256 -6.57622 2
      vertex 17.2 -8 2
      vertex 17.5537 -7.27098 2
    endloop
  endfacet
  facet normal -0 -0 1
    outer loop
      vertex 17.2 8 2
      vertex 17.2547 7.95453 2
      vertex 17.1986 8.07022 2
    endloop
  endfacet
  facet normal 0 0 1
    outer loop
      vertex 17.5537 -7.27098 2
      vertex 17.2 -8 2
      vertex 17.2547 -7.95453 2
    endloop
  endfacet
  facet normal 0 0 1
    outer loop
      vertex 17.2547 -7.95453 2
      vertex 17.2 -8 2
      vertex 17.1986 -8.07022 2
    endloop
  endfacet
  facet normal 0 0 1
    outer loop
      vertex 14.9336 16.1551 2
      vertex 13.7118 14.8333 2
      vertex 14.0492 14.5089 2
    endloop
  endfacet
  facet normal 0 0 1
    outer loop
      vertex 13.1188 15.3602 2
      vertex 14.2879 16.7289 2
      vertex 13.6201 17.277 2
    endloop
  endfacet
  facet normal 0 0 1
    outer loop
      vertex 14.2879 16.7289 2
      vertex 13.1188 15.3602 2
      vertex 13.7118 14.8333 2
    endloop
  endfacet
  facet normal 0 0 1
    outer loop
      vertex 12.5057 15.8634 2
      vertex 13.6201 17.277 2
      vertex 12.9313 17.7984 2
    endloop
  endfacet
  facet normal 0 0 1
    outer loop
      vertex 13.6201 17.277 2
      vertex 12.5057 15.8634 2
      vertex 13.1188 15.3602 2
    endloop
  endfacet
  facet normal 0 0 1
    outer loop
      vertex 11.8733 16.3421 2
      vertex 12.9313 17.7984 2
      vertex 12.2225 18.2923 2
    endloop
  endfacet
  facet normal 0 0 1
    outer loop
      vertex 12.9313 17.7984 2
      vertex 11.8733 16.3421 2
      vertex 12.5057 15.8634 2
    endloop
  endfacet
  facet normal 0 0 1
    outer loop
      vertex 11.2225 16.7957 2
      vertex 12.2225 18.2923 2
      vertex 11.495 18.7581 2
    endloop
  endfacet
  facet normal 0 0 1
    outer loop
      vertex 12.2225 18.2923 2
      vertex 11.2225 16.7957 2
      vertex 11.8733 16.3421 2
    endloop
  endfacet
  facet normal 0 0 1
    outer loop
      vertex 10.5545 17.2233 2
      vertex 11.495 18.7581 2
      vertex 10.7497 19.1949 2
    endloop
  endfacet
  facet normal 0 0 1
    outer loop
      vertex 11.495 18.7581 2
      vertex 10.5545 17.2233 2
      vertex 11.2225 16.7957 2
    endloop
  endfacet
  facet normal 0 0 1
    outer loop
      vertex 9.87015 17.6244 2
      vertex 10.7497 19.1949 2
      vertex 9.98779 19.6021 2
    endloop
  endfacet
  facet normal 0 0 1
    outer loop
      vertex 10.7497 19.1949 2
      vertex 9.87015 17.6244 2
      vertex 10.5545 17.2233 2
    endloop
  endfacet
  facet normal 0 0 1
    outer loop
      vertex 9.17061 17.9983 2
      vertex 9.98779 19.6021 2
      vertex 9.21051 19.9791 2
    endloop
  endfacet
  facet normal 0 0 1
    outer loop
      vertex 9.98779 19.6021 2
      vertex 9.17061 17.9983 2
      vertex 9.87015 17.6244 2
    endloop
  endfacet
  facet normal 0 0 1
    outer loop
      vertex 9.21051 19.9791 2
      vertex 8.45693 18.3445 2
      vertex 9.17061 17.9983 2
    endloop
  endfacet
  facet normal 0 0 1
    outer loop
      vertex 8.41903 20.3253 2
      vertex 8.45693 18.3445 2
      vertex 9.21051 19.9791 2
    endloop
  endfacet
  facet normal 0 0 1
    outer loop
      vertex 8.41903 20.3253 2
      vertex 7.7302 18.6624 2
      vertex 8.45693 18.3445 2
    endloop
  endfacet
  facet normal 0 0 1
    outer loop
      vertex 7.61457 20.6402 2
      vertex 7.7302 18.6624 2
      vertex 8.41903 20.3253 2
    endloop
  endfacet
  facet normal 0 0 1
    outer loop
      vertex 7.61457 20.6402 2
      vertex 6.99156 18.9515 2
      vertex 7.7302 18.6624 2
    endloop
  endfacet
  facet normal 0 0 1
    outer loop
      vertex 6.79837 20.9232 2
      vertex 6.99156 18.9515 2
      vertex 7.61457 20.6402 2
    endloop
  endfacet
  facet normal 0 0 1
    outer loop
      vertex 6.79837 20.9232 2
      vertex 6.24214 19.2113 2
      vertex 6.99156 18.9515 2
    endloop
  endfacet
  facet normal 0 0 1
    outer loop
      vertex 5.97169 21.174 2
      vertex 6.24214 19.2113 2
      vertex 6.79837 20.9232 2
    endloop
  endfacet
  facet normal 0 0 1
    outer loop
      vertex 5.97169 21.174 2
      vertex 5.4831 19.4416 2
      vertex 6.24214 19.2113 2
    endloop
  endfacet
  facet normal 0 0 1
    outer loop
      vertex 5.1358 21.3921 2
      vertex 5.4831 19.4416 2
      vertex 5.97169 21.174 2
    endloop
  endfacet
  facet normal 0 0 1
    outer loop
      vertex 5.1358 21.3921 2
      vertex 4.7156 19.6419 2
      vertex 5.4831 19.4416 2
    endloop
  endfacet
  facet normal 0 0 1
    outer loop
      vertex 4.29199 21.5773 2
      vertex 4.7156 19.6419 2
      vertex 5.1358 21.3921 2
    endloop
  endfacet
  facet normal 0 0 1
    outer loop
      vertex 4.29199 21.5773 2
      vertex 3.94082 19.8119 2
      vertex 4.7156 19.6419 2
    endloop
  endfacet
  facet normal 0 0 1
    outer loop
      vertex 3.44156 21.7291 2
      vertex 3.94082 19.8119 2
      vertex 4.29199 21.5773 2
    endloop
  endfacet
  facet normal 0 0 1
    outer loop
      vertex 3.44156 21.7291 2
      vertex 3.15998 19.9513 2
      vertex 3.94082 19.8119 2
    endloop
  endfacet
  facet normal 0 0 1
    outer loop
      vertex 2.58582 21.8475 2
      vertex 3.15998 19.9513 2
      vertex 3.44156 21.7291 2
    endloop
  endfacet
  facet normal 0 0 1
    outer loop
      vertex 2.58582 21.8475 2
      vertex 2.37426 20.06 2
      vertex 3.15998 19.9513 2
    endloop
  endfacet
  facet normal 0 0 1
    outer loop
      vertex 1.7261 21.9322 2
      vertex 2.37426 20.06 2
      vertex 2.58582 21.8475 2
    endloop
  endfacet
  facet normal 0 0 1
    outer loop
      vertex 1.7261 21.9322 2
      vertex 1.58487 20.1377 2
      vertex 2.37426 20.06 2
    endloop
  endfacet
  facet normal 0 0 1
    outer loop
      vertex 0.863715 21.983 2
      vertex 1.58487 20.1377 2
      vertex 1.7261 21.9322 2
    endloop
  endfacet
  facet normal 0 0 1
    outer loop
      vertex 0.863715 21.983 2
      vertex 0.793048 20.1844 2
      vertex 1.58487 20.1377 2
    endloop
  endfacet
  facet normal 0 0 1
    outer loop
      vertex 0 22 2
      vertex 0.793048 20.1844 2
      vertex 0.863715 21.983 2
    endloop
  endfacet
  facet normal 0 0 1
    outer loop
      vertex 0 22 2
      vertex 0 20.2 2
      vertex 0.793048 20.1844 2
    endloop
  endfacet
  facet normal 0 0 1
    outer loop
      vertex 0 22 2
      vertex -0.793048 20.1844 2
      vertex 0 20.2 2
    endloop
  endfacet
  facet normal -0 0 1
    outer loop
      vertex -0.863715 21.983 2
      vertex -0.793048 20.1844 2
      vertex 0 22 2
    endloop
  endfacet
  facet normal 0 0 1
    outer loop
      vertex -0.863715 21.983 2
      vertex -1.58487 20.1377 2
      vertex -0.793048 20.1844 2
    endloop
  endfacet
  facet normal -0 0 1
    outer loop
      vertex -1.7261 21.9322 2
      vertex -1.58487 20.1377 2
      vertex -0.863715 21.983 2
    endloop
  endfacet
  facet normal 0 0 1
    outer loop
      vertex -1.7261 21.9322 2
      vertex -2.37426 20.06 2
      vertex -1.58487 20.1377 2
    endloop
  endfacet
  facet normal -0 0 1
    outer loop
      vertex -2.58582 21.8475 2
      vertex -2.37426 20.06 2
      vertex -1.7261 21.9322 2
    endloop
  endfacet
  facet normal 0 0 1
    outer loop
      vertex -2.58582 21.8475 2
      vertex -3.15998 19.9513 2
      vertex -2.37426 20.06 2
    endloop
  endfacet
  facet normal -0 0 1
    outer loop
      vertex -3.44156 21.7291 2
      vertex -3.15998 19.9513 2
      vertex -2.58582 21.8475 2
    endloop
  endfacet
  facet normal 0 0 1
    outer loop
      vertex -3.44156 21.7291 2
      vertex -3.94082 19.8119 2
      vertex -3.15998 19.9513 2
    endloop
  endfacet
  facet normal -0 0 1
    outer loop
      vertex -4.29199 21.5773 2
      vertex -3.94082 19.8119 2
      vertex -3.44156 21.7291 2
    endloop
  endfacet
  facet normal 0 0 1
    outer loop
      vertex -4.29199 21.5773 2
      vertex -4.7156 19.6419 2
      vertex -3.94082 19.8119 2
    endloop
  endfacet
  facet normal -0 0 1
    outer loop
      vertex -5.1358 21.3921 2
      vertex -4.7156 19.6419 2
      vertex -4.29199 21.5773 2
    endloop
  endfacet
  facet normal 0 0 1
    outer loop
      vertex -5.1358 21.3921 2
      vertex -5.4831 19.4416 2
      vertex -4.7156 19.6419 2
    endloop
  endfacet
  facet normal -0 0 1
    outer loop
      vertex -5.97169 21.174 2
      vertex -5.4831 19.4416 2
      vertex -5.1358 21.3921 2
    endloop
  endfacet
  facet normal 0 0 1
    outer loop
      vertex -5.97169 21.174 2
      vertex -6.24214 19.2113 2
      vertex -5.4831 19.4416 2
    endloop
  endfacet
  facet normal -0 0 1
    outer loop
      vertex -6.79837 20.9232 2
      vertex -6.24214 19.2113 2
      vertex -5.97169 21.174 2
    endloop
  endfacet
  facet normal 0 0 1
    outer loop
      vertex -6.79837 20.9232 2
      vertex -6.99156 18.9515 2
      vertex -6.24214 19.2113 2
    endloop
  endfacet
  facet normal -0 0 1
    outer loop
      vertex -7.61457 20.6402 2
      vertex -6.99156 18.9515 2
      vertex -6.79837 20.9232 2
    endloop
  endfacet
  facet normal 0 0 1
    outer loop
      vertex -7.61457 20.6402 2
      vertex -7.7302 18.6624 2
      vertex -6.99156 18.9515 2
    endloop
  endfacet
  facet normal -0 0 1
    outer loop
      vertex -8.41903 20.3253 2
      vertex -7.7302 18.6624 2
      vertex -7.61457 20.6402 2
    endloop
  endfacet
  facet normal 0 0 1
    outer loop
      vertex -8.41903 20.3253 2
      vertex -8.45693 18.3445 2
      vertex -7.7302 18.6624 2
    endloop
  endfacet
  facet normal -0 0 1
    outer loop
      vertex -9.21051 19.9791 2
      vertex -8.45693 18.3445 2
      vertex -8.41903 20.3253 2
    endloop
  endfacet
  facet normal 0 0 1
    outer loop
      vertex -8.45693 18.3445 2
      vertex -9.21051 19.9791 2
      vertex -9.17061 17.9983 2
    endloop
  endfacet
  facet normal -0 0 1
    outer loop
      vertex -9.98779 19.6021 2
      vertex -9.17061 17.9983 2
      vertex -9.21051 19.9791 2
    endloop
  endfacet
  facet normal 0 0 1
    outer loop
      vertex -9.17061 17.9983 2
      vertex -9.98779 19.6021 2
      vertex -9.87015 17.6244 2
    endloop
  endfacet
  facet normal -0 0 1
    outer loop
      vertex -10.7497 19.1949 2
      vertex -9.87015 17.6244 2
      vertex -9.98779 19.6021 2
    endloop
  endfacet
  facet normal 0 0 1
    outer loop
      vertex -9.87015 17.6244 2
      vertex -10.7497 19.1949 2
      vertex -10.5545 17.2233 2
    endloop
  endfacet
  facet normal -0 0 1
    outer loop
      vertex -11.495 18.7581 2
      vertex -10.5545 17.2233 2
      vertex -10.7497 19.1949 2
    endloop
  endfacet
  facet normal 0 0 1
    outer loop
      vertex -10.5545 17.2233 2
      vertex -11.495 18.7581 2
      vertex -11.2225 16.7957 2
    endloop
  endfacet
  facet normal -0 0 1
    outer loop
      vertex -12.2225 18.2923 2
      vertex -11.2225 16.7957 2
      vertex -11.495 18.7581 2
    endloop
  endfacet
  facet normal 0 0 1
    outer loop
      vertex -11.2225 16.7957 2
      vertex -12.2225 18.2923 2
      vertex -11.8733 16.3421 2
    endloop
  endfacet
  facet normal -0 0 1
    outer loop
      vertex -12.9313 17.7984 2
      vertex -11.8733 16.3421 2
      vertex -12.2225 18.2923 2
    endloop
  endfacet
  facet normal 0 0 1
    outer loop
      vertex -11.8733 16.3421 2
      vertex -12.9313 17.7984 2
      vertex -12.5057 15.8634 2
    endloop
  endfacet
  facet normal -0 0 1
    outer loop
      vertex -13.6201 17.277 2
      vertex -12.5057 15.8634 2
      vertex -12.9313 17.7984 2
    endloop
  endfacet
  facet normal 0 0 1
    outer loop
      vertex -12.5057 15.8634 2
      vertex -13.6201 17.277 2
      vertex -13.1188 15.3602 2
    endloop
  endfacet
  facet normal -0 0 1
    outer loop
      vertex -14.2879 16.7289 2
      vertex -13.1188 15.3602 2
      vertex -13.6201 17.277 2
    endloop
  endfacet
  facet normal 0 0 1
    outer loop
      vertex -13.1188 15.3602 2
      vertex -14.2879 16.7289 2
      vertex -13.7118 14.8333 2
    endloop
  endfacet
  facet normal -0 0 1
    outer loop
      vertex -14.9336 16.1551 2
      vertex -13.7118 14.8333 2
      vertex -14.2879 16.7289 2
    endloop
  endfacet
  facet normal 0 0 1
    outer loop
      vertex 20.2 0 2
      vertex 22 0 2
      vertex 21.983 0.863715 2
    endloop
  endfacet
  facet normal 0 0 1
    outer loop
      vertex 20.1844 0.793048 2
      vertex 21.983 0.863715 2
      vertex 21.9322 1.7261 2
    endloop
  endfacet
  facet normal 0 0 1
    outer loop
      vertex 22 0 2
      vertex 20.2 0 2
      vertex 21.983 -0.863715 2
    endloop
  endfacet
  facet normal 0 0 1
    outer loop
      vertex 20.1377 1.58487 2
      vertex 21.9322 1.7261 2
      vertex 21.8475 2.58582 2
    endloop
  endfacet
  facet normal -0 0 1
    outer loop
      vertex 20.1844 -0.793048 2
      vertex 21.983 -0.863715 2
      vertex 20.2 0 2
    endloop
  endfacet
  facet normal 0 0 1
    outer loop
      vertex 20.06 2.37426 2
      vertex 21.8475 2.58582 2
      vertex 21.7291 3.44156 2
    endloop
  endfacet
  facet normal 0 0 1
    outer loop
      vertex 21.983 -0.863715 2
      vertex 20.1844 -0.793048 2
      vertex 21.9322 -1.7261 2
    endloop
  endfacet
  facet normal 0 0 1
    outer loop
      vertex 19.9513 3.15998 2
      vertex 21.7291 3.44156 2
      vertex 21.5773 4.29199 2
    endloop
  endfacet
  facet normal -0 0 1
    outer loop
      vertex 20.1377 -1.58487 2
      vertex 21.9322 -1.7261 2
      vertex 20.1844 -0.793048 2
    endloop
  endfacet
  facet normal 0 0 1
    outer loop
      vertex 19.8119 3.94082 2
      vertex 21.5773 4.29199 2
      vertex 21.3921 5.1358 2
    endloop
  endfacet
  facet normal 0 0 1
    outer loop
      vertex 21.9322 -1.7261 2
      vertex 20.1377 -1.58487 2
      vertex 21.8475 -2.58582 2
    endloop
  endfacet
  facet normal 0 0 1
    outer loop
      vertex 19.6419 4.7156 2
      vertex 21.3921 5.1358 2
      vertex 21.174 5.97169 2
    endloop
  endfacet
  facet normal -0 0 1
    outer loop
      vertex 20.06 -2.37426 2
      vertex 21.8475 -2.58582 2
      vertex 20.1377 -1.58487 2
    endloop
  endfacet
  facet normal 0 0 1
    outer loop
      vertex 19.4416 5.4831 2
      vertex 21.174 5.97169 2
      vertex 20.9232 6.79837 2
    endloop
  endfacet
  facet normal 0 0 1
    outer loop
      vertex 21.8475 -2.58582 2
      vertex 20.06 -2.37426 2
      vertex 21.7291 -3.44156 2
    endloop
  endfacet
  facet normal 0 0 1
    outer loop
      vertex 19.2113 6.24214 2
      vertex 20.9232 6.79837 2
      vertex 20.6402 7.61457 2
    endloop
  endfacet
  facet normal -0 0 1
    outer loop
      vertex 19.9513 -3.15998 2
      vertex 21.7291 -3.44156 2
      vertex 20.06 -2.37426 2
    endloop
  endfacet
  facet normal 0 0 1
    outer loop
      vertex 18.9515 6.99156 2
      vertex 20.6402 7.61457 2
      vertex 20.3253 8.41903 2
    endloop
  endfacet
  facet normal 0 0 1
    outer loop
      vertex 21.7291 -3.44156 2
      vertex 19.9513 -3.15998 2
      vertex 21.5773 -4.29199 2
    endloop
  endfacet
  facet normal -0 0 1
    outer loop
      vertex 19.8119 -3.94082 2
      vertex 21.5773 -4.29199 2
      vertex 19.9513 -3.15998 2
    endloop
  endfacet
  facet normal 0 0 1
    outer loop
      vertex 21.983 0.863715 2
      vertex 20.1844 0.793048 2
      vertex 20.2 0 2
    endloop
  endfacet
  facet normal 0 0 1
    outer loop
      vertex 21.9322 1.7261 2
      vertex 20.1377 1.58487 2
      vertex 20.1844 0.793048 2
    endloop
  endfacet
  facet normal 0 0 1
    outer loop
      vertex 21.8475 2.58582 2
      vertex 20.06 2.37426 2
      vertex 20.1377 1.58487 2
    endloop
  endfacet
  facet normal 0 0 1
    outer loop
      vertex 18.6624 7.7302 2
      vertex 20.3253 8.41903 2
      vertex 19.9791 9.21051 2
    endloop
  endfacet
  facet normal 0 0 1
    outer loop
      vertex 21.7291 3.44156 2
      vertex 19.9513 3.15998 2
      vertex 20.06 2.37426 2
    endloop
  endfacet
  facet normal 0 0 1
    outer loop
      vertex 21.5773 4.29199 2
      vertex 19.8119 3.94082 2
      vertex 19.9513 3.15998 2
    endloop
  endfacet
  facet normal 0 0 1
    outer loop
      vertex 21.3921 5.1358 2
      vertex 19.6419 4.7156 2
      vertex 19.8119 3.94082 2
    endloop
  endfacet
  facet normal 0 0 1
    outer loop
      vertex 18.3445 8.45693 2
      vertex 19.9791 9.21051 2
      vertex 19.6021 9.98779 2
    endloop
  endfacet
  facet normal 0 0 1
    outer loop
      vertex 21.174 5.97169 2
      vertex 19.4416 5.4831 2
      vertex 19.6419 4.7156 2
    endloop
  endfacet
  facet normal 0 0 1
    outer loop
      vertex 20.9232 6.79837 2
      vertex 19.2113 6.24214 2
      vertex 19.4416 5.4831 2
    endloop
  endfacet
  facet normal 0 0 1
    outer loop
      vertex 17.9983 9.17061 2
      vertex 19.6021 9.98779 2
      vertex 19.1949 10.7497 2
    endloop
  endfacet
  facet normal 0 0 1
    outer loop
      vertex 20.6402 7.61457 2
      vertex 18.9515 6.99156 2
      vertex 19.2113 6.24214 2
    endloop
  endfacet
  facet normal 0 0 1
    outer loop
      vertex 17.6244 9.87015 2
      vertex 19.1949 10.7497 2
      vertex 18.7581 11.495 2
    endloop
  endfacet
  facet normal 0 0 1
    outer loop
      vertex 20.3253 8.41903 2
      vertex 18.6624 7.7302 2
      vertex 18.9515 6.99156 2
    endloop
  endfacet
  facet normal 0 0 1
    outer loop
      vertex 19.9791 9.21051 2
      vertex 18.3445 8.45693 2
      vertex 18.6624 7.7302 2
    endloop
  endfacet
  facet normal 0 0 1
    outer loop
      vertex 17.2233 10.5545 2
      vertex 18.7581 11.495 2
      vertex 18.2923 12.2225 2
    endloop
  endfacet
  facet normal 0 0 1
    outer loop
      vertex 19.6021 9.98779 2
      vertex 17.9983 9.17061 2
      vertex 18.3445 8.45693 2
    endloop
  endfacet
  facet normal 0 0 1
    outer loop
      vertex 16.7957 11.2225 2
      vertex 18.2923 12.2225 2
      vertex 17.7984 12.9313 2
    endloop
  endfacet
  facet normal 0 0 1
    outer loop
      vertex 19.1949 10.7497 2
      vertex 17.6244 9.87015 2
      vertex 17.9983 9.17061 2
    endloop
  endfacet
  facet normal 0 0 1
    outer loop
      vertex 16.3421 11.8733 2
      vertex 17.7984 12.9313 2
      vertex 17.277 13.6201 2
    endloop
  endfacet
  facet normal 0 0 1
    outer loop
      vertex 18.7581 11.495 2
      vertex 17.2233 10.5545 2
      vertex 17.6244 9.87015 2
    endloop
  endfacet
  facet normal 0 0 1
    outer loop
      vertex 18.2923 12.2225 2
      vertex 16.7957 11.2225 2
      vertex 17.2233 10.5545 2
    endloop
  endfacet
  facet normal 0 0 1
    outer loop
      vertex 15.8634 12.5057 2
      vertex 17.277 13.6201 2
      vertex 16.7289 14.2879 2
    endloop
  endfacet
  facet normal 0 0 1
    outer loop
      vertex 17.7984 12.9313 2
      vertex 16.3421 11.8733 2
      vertex 16.7957 11.2225 2
    endloop
  endfacet
  facet normal 0 0 1
    outer loop
      vertex 15.3602 13.1188 2
      vertex 16.7289 14.2879 2
      vertex 16.1551 14.9336 2
    endloop
  endfacet
  facet normal 0 0 1
    outer loop
      vertex 17.277 13.6201 2
      vertex 15.8634 12.5057 2
      vertex 16.3421 11.8733 2
    endloop
  endfacet
  facet normal 0 0 1
    outer loop
      vertex 14.5089 14.0492 2
      vertex 16.1551 14.9336 2
      vertex 15.5563 15.5563 2
    endloop
  endfacet
  facet normal 0 0 1
    outer loop
      vertex 16.7289 14.2879 2
      vertex 15.3602 13.1188 2
      vertex 15.8634 12.5057 2
    endloop
  endfacet
  facet normal 0 0 1
    outer loop
      vertex 14.0492 14.5089 2
      vertex 15.5563 15.5563 2
      vertex 14.9336 16.1551 2
    endloop
  endfacet
  facet normal 0 0 1
    outer loop
      vertex 16.1551 14.9336 2
      vertex 14.8333 13.7118 2
      vertex 15.3602 13.1188 2
    endloop
  endfacet
  facet normal 0 0 1
    outer loop
      vertex 16.1551 14.9336 2
      vertex 14.5089 14.0492 2
      vertex 14.8333 13.7118 2
    endloop
  endfacet
  facet normal 0 0 1
    outer loop
      vertex 13.7118 14.8333 2
      vertex 14.9336 16.1551 2
      vertex 14.2879 16.7289 2
    endloop
  endfacet
  facet normal 0 0 1
    outer loop
      vertex 15.5563 15.5563 2
      vertex 14.0492 14.5089 2
      vertex 14.5089 14.0492 2
    endloop
  endfacet
  facet normal 0 0 1
    outer loop
      vertex 14.0492 14.5089 2
      vertex 13.8063 13.3466 2
      vertex 14.5089 14.0492 2
    endloop
  endfacet
  facet normal 0 -0 1
    outer loop
      vertex 13.8063 13.3466 2
      vertex 14.0492 14.5089 2
      vertex 13.3466 13.8063 2
    endloop
  endfacet
  facet normal 0 0 1
    outer loop
      vertex 21.5773 -4.29199 2
      vertex 19.8119 -3.94082 2
      vertex 21.3921 -5.1358 2
    endloop
  endfacet
  facet normal -0 0 1
    outer loop
      vertex 19.6419 -4.7156 2
      vertex 21.3921 -5.1358 2
      vertex 19.8119 -3.94082 2
    endloop
  endfacet
  facet normal 0 0 1
    outer loop
      vertex 21.3921 -5.1358 2
      vertex 19.6419 -4.7156 2
      vertex 21.174 -5.97169 2
    endloop
  endfacet
  facet normal -0 0 1
    outer loop
      vertex 19.4416 -5.4831 2
      vertex 21.174 -5.97169 2
      vertex 19.6419 -4.7156 2
    endloop
  endfacet
  facet normal 0 0 1
    outer loop
      vertex 21.174 -5.97169 2
      vertex 19.4416 -5.4831 2
      vertex 20.9232 -6.79837 2
    endloop
  endfacet
  facet normal -0 0 1
    outer loop
      vertex 19.2113 -6.24214 2
      vertex 20.9232 -6.79837 2
      vertex 19.4416 -5.4831 2
    endloop
  endfacet
  facet normal 0 0 1
    outer loop
      vertex 20.9232 -6.79837 2
      vertex 19.2113 -6.24214 2
      vertex 20.6402 -7.61457 2
    endloop
  endfacet
  facet normal -0 0 1
    outer loop
      vertex 18.9515 -6.99156 2
      vertex 20.6402 -7.61457 2
      vertex 19.2113 -6.24214 2
    endloop
  endfacet
  facet normal 0 0 1
    outer loop
      vertex 20.6402 -7.61457 2
      vertex 18.9515 -6.99156 2
      vertex 20.3253 -8.41903 2
    endloop
  endfacet
  facet normal -0 0 1
    outer loop
      vertex 18.6624 -7.7302 2
      vertex 20.3253 -8.41903 2
      vertex 18.9515 -6.99156 2
    endloop
  endfacet
  facet normal 0 0 1
    outer loop
      vertex 20.3253 -8.41903 2
      vertex 18.6624 -7.7302 2
      vertex 19.9791 -9.21051 2
    endloop
  endfacet
  facet normal -0 0 1
    outer loop
      vertex 18.3445 -8.45693 2
      vertex 19.9791 -9.21051 2
      vertex 18.6624 -7.7302 2
    endloop
  endfacet
  facet normal 0 0 1
    outer loop
      vertex 19.9791 -9.21051 2
      vertex 18.3445 -8.45693 2
      vertex 19.6021 -9.98779 2
    endloop
  endfacet
  facet normal -0 0 1
    outer loop
      vertex 17.9983 -9.17061 2
      vertex 19.6021 -9.98779 2
      vertex 18.3445 -8.45693 2
    endloop
  endfacet
  facet normal 0 0 1
    outer loop
      vertex 19.6021 -9.98779 2
      vertex 17.9983 -9.17061 2
      vertex 19.1949 -10.7497 2
    endloop
  endfacet
  facet normal -0 0 1
    outer loop
      vertex 17.6244 -9.87015 2
      vertex 19.1949 -10.7497 2
      vertex 17.9983 -9.17061 2
    endloop
  endfacet
  facet normal 0 0 1
    outer loop
      vertex 19.1949 -10.7497 2
      vertex 17.6244 -9.87015 2
      vertex 18.7581 -11.495 2
    endloop
  endfacet
  facet normal -0 0 1
    outer loop
      vertex 17.2233 -10.5545 2
      vertex 18.7581 -11.495 2
      vertex 17.6244 -9.87015 2
    endloop
  endfacet
  facet normal 0 0 1
    outer loop
      vertex 18.7581 -11.495 2
      vertex 17.2233 -10.5545 2
      vertex 18.2923 -12.2225 2
    endloop
  endfacet
  facet normal -0 0 1
    outer loop
      vertex 16.7957 -11.2225 2
      vertex 18.2923 -12.2225 2
      vertex 17.2233 -10.5545 2
    endloop
  endfacet
  facet normal 0 0 1
    outer loop
      vertex 18.2923 -12.2225 2
      vertex 16.7957 -11.2225 2
      vertex 17.7984 -12.9313 2
    endloop
  endfacet
  facet normal -0 0 1
    outer loop
      vertex 16.3421 -11.8733 2
      vertex 17.7984 -12.9313 2
      vertex 16.7957 -11.2225 2
    endloop
  endfacet
  facet normal 0 0 1
    outer loop
      vertex 17.7984 -12.9313 2
      vertex 16.3421 -11.8733 2
      vertex 17.277 -13.6201 2
    endloop
  endfacet
  facet normal -0 0 1
    outer loop
      vertex 15.8634 -12.5057 2
      vertex 17.277 -13.6201 2
      vertex 16.3421 -11.8733 2
    endloop
  endfacet
  facet normal 0 0 1
    outer loop
      vertex 17.277 -13.6201 2
      vertex 15.8634 -12.5057 2
      vertex 16.7289 -14.2879 2
    endloop
  endfacet
  facet normal -0 0 1
    outer loop
      vertex 15.3602 -13.1188 2
      vertex 16.7289 -14.2879 2
      vertex 15.8634 -12.5057 2
    endloop
  endfacet
  facet normal 0 0 1
    outer loop
      vertex 16.7289 -14.2879 2
      vertex 15.3602 -13.1188 2
      vertex 16.1551 -14.9336 2
    endloop
  endfacet
  facet normal -0 0 1
    outer loop
      vertex 14.8333 -13.7118 2
      vertex 16.1551 -14.9336 2
      vertex 15.3602 -13.1188 2
    endloop
  endfacet
  facet normal -0 0 1
    outer loop
      vertex 14.5089 -14.0492 2
      vertex 16.1551 -14.9336 2
      vertex 14.8333 -13.7118 2
    endloop
  endfacet
  facet normal 0 0 1
    outer loop
      vertex 16.1551 -14.9336 2
      vertex 14.5089 -14.0492 2
      vertex 15.5563 -15.5563 2
    endloop
  endfacet
  facet normal -0 0 1
    outer loop
      vertex 14.0492 -14.5089 2
      vertex 15.5563 -15.5563 2
      vertex 14.5089 -14.0492 2
    endloop
  endfacet
  facet normal 0 0 1
    outer loop
      vertex 15.5563 -15.5563 2
      vertex 14.0492 -14.5089 2
      vertex 14.9336 -16.1551 2
    endloop
  endfacet
  facet normal -0 0 1
    outer loop
      vertex 13.7118 -14.8333 2
      vertex 14.9336 -16.1551 2
      vertex 14.0492 -14.5089 2
    endloop
  endfacet
  facet normal 0 0 1
    outer loop
      vertex 13.8063 -13.3466 2
      vertex 14.0492 -14.5089 2
      vertex 14.5089 -14.0492 2
    endloop
  endfacet
  facet normal 0 0 1
    outer loop
      vertex 14.0492 -14.5089 2
      vertex 13.8063 -13.3466 2
      vertex 13.3466 -13.8063 2
    endloop
  endfacet
  facet normal 0 0 1
    outer loop
      vertex 14.9336 -16.1551 2
      vertex 13.7118 -14.8333 2
      vertex 14.2879 -16.7289 2
    endloop
  endfacet
  facet normal -0 0 1
    outer loop
      vertex 13.1188 -15.3602 2
      vertex 14.2879 -16.7289 2
      vertex 13.7118 -14.8333 2
    endloop
  endfacet
  facet normal 0 0 1
    outer loop
      vertex 14.2879 -16.7289 2
      vertex 13.1188 -15.3602 2
      vertex 13.6201 -17.277 2
    endloop
  endfacet
  facet normal -0 0 1
    outer loop
      vertex 12.5057 -15.8634 2
      vertex 13.6201 -17.277 2
      vertex 13.1188 -15.3602 2
    endloop
  endfacet
  facet normal 0 0 1
    outer loop
      vertex 13.6201 -17.277 2
      vertex 12.5057 -15.8634 2
      vertex 12.9313 -17.7984 2
    endloop
  endfacet
  facet normal -0 0 1
    outer loop
      vertex 11.8733 -16.3421 2
      vertex 12.9313 -17.7984 2
      vertex 12.5057 -15.8634 2
    endloop
  endfacet
  facet normal 0 0 1
    outer loop
      vertex 12.9313 -17.7984 2
      vertex 11.8733 -16.3421 2
      vertex 12.2225 -18.2923 2
    endloop
  endfacet
  facet normal -0 0 1
    outer loop
      vertex 11.2225 -16.7957 2
      vertex 12.2225 -18.2923 2
      vertex 11.8733 -16.3421 2
    endloop
  endfacet
  facet normal 0 0 1
    outer loop
      vertex 12.2225 -18.2923 2
      vertex 11.2225 -16.7957 2
      vertex 11.495 -18.7581 2
    endloop
  endfacet
  facet normal -0 0 1
    outer loop
      vertex 10.5545 -17.2233 2
      vertex 11.495 -18.7581 2
      vertex 11.2225 -16.7957 2
    endloop
  endfacet
  facet normal 0 0 1
    outer loop
      vertex 11.495 -18.7581 2
      vertex 10.5545 -17.2233 2
      vertex 10.7497 -19.1949 2
    endloop
  endfacet
  facet normal -0 0 1
    outer loop
      vertex 9.87015 -17.6244 2
      vertex 10.7497 -19.1949 2
      vertex 10.5545 -17.2233 2
    endloop
  endfacet
  facet normal 0 0 1
    outer loop
      vertex 10.7497 -19.1949 2
      vertex 9.87015 -17.6244 2
      vertex 9.98779 -19.6021 2
    endloop
  endfacet
  facet normal -0 0 1
    outer loop
      vertex 9.17061 -17.9983 2
      vertex 9.98779 -19.6021 2
      vertex 9.87015 -17.6244 2
    endloop
  endfacet
  facet normal 0 0 1
    outer loop
      vertex 9.98779 -19.6021 2
      vertex 9.17061 -17.9983 2
      vertex 9.21051 -19.9791 2
    endloop
  endfacet
  facet normal -0 0 1
    outer loop
      vertex 8.45693 -18.3445 2
      vertex 9.21051 -19.9791 2
      vertex 9.17061 -17.9983 2
    endloop
  endfacet
  facet normal 0 0 1
    outer loop
      vertex 8.45693 -18.3445 2
      vertex 8.41903 -20.3253 2
      vertex 9.21051 -19.9791 2
    endloop
  endfacet
  facet normal -0 0 1
    outer loop
      vertex 7.7302 -18.6624 2
      vertex 8.41903 -20.3253 2
      vertex 8.45693 -18.3445 2
    endloop
  endfacet
  facet normal 0 0 1
    outer loop
      vertex 7.7302 -18.6624 2
      vertex 7.61457 -20.6402 2
      vertex 8.41903 -20.3253 2
    endloop
  endfacet
  facet normal -0 0 1
    outer loop
      vertex 6.99156 -18.9515 2
      vertex 7.61457 -20.6402 2
      vertex 7.7302 -18.6624 2
    endloop
  endfacet
  facet normal 0 0 1
    outer loop
      vertex 6.99156 -18.9515 2
      vertex 6.79837 -20.9232 2
      vertex 7.61457 -20.6402 2
    endloop
  endfacet
  facet normal -0 0 1
    outer loop
      vertex 6.24214 -19.2113 2
      vertex 6.79837 -20.9232 2
      vertex 6.99156 -18.9515 2
    endloop
  endfacet
  facet normal 0 0 1
    outer loop
      vertex 6.24214 -19.2113 2
      vertex 5.97169 -21.174 2
      vertex 6.79837 -20.9232 2
    endloop
  endfacet
  facet normal -0 0 1
    outer loop
      vertex 5.4831 -19.4416 2
      vertex 5.97169 -21.174 2
      vertex 6.24214 -19.2113 2
    endloop
  endfacet
  facet normal 0 0 1
    outer loop
      vertex 5.4831 -19.4416 2
      vertex 5.1358 -21.3921 2
      vertex 5.97169 -21.174 2
    endloop
  endfacet
  facet normal -0 0 1
    outer loop
      vertex 4.7156 -19.6419 2
      vertex 5.1358 -21.3921 2
      vertex 5.4831 -19.4416 2
    endloop
  endfacet
  facet normal 0 0 1
    outer loop
      vertex 4.7156 -19.6419 2
      vertex 4.29199 -21.5773 2
      vertex 5.1358 -21.3921 2
    endloop
  endfacet
  facet normal -0 0 1
    outer loop
      vertex 3.94082 -19.8119 2
      vertex 4.29199 -21.5773 2
      vertex 4.7156 -19.6419 2
    endloop
  endfacet
  facet normal 0 0 1
    outer loop
      vertex 3.94082 -19.8119 2
      vertex 3.44156 -21.7291 2
      vertex 4.29199 -21.5773 2
    endloop
  endfacet
  facet normal -0 0 1
    outer loop
      vertex 3.15998 -19.9513 2
      vertex 3.44156 -21.7291 2
      vertex 3.94082 -19.8119 2
    endloop
  endfacet
  facet normal 0 0 1
    outer loop
      vertex 3.15998 -19.9513 2
      vertex 2.58582 -21.8475 2
      vertex 3.44156 -21.7291 2
    endloop
  endfacet
  facet normal -0 0 1
    outer loop
      vertex 2.37426 -20.06 2
      vertex 2.58582 -21.8475 2
      vertex 3.15998 -19.9513 2
    endloop
  endfacet
  facet normal 0 0 1
    outer loop
      vertex 2.37426 -20.06 2
      vertex 1.7261 -21.9322 2
      vertex 2.58582 -21.8475 2
    endloop
  endfacet
  facet normal -0 0 1
    outer loop
      vertex 1.58487 -20.1377 2
      vertex 1.7261 -21.9322 2
      vertex 2.37426 -20.06 2
    endloop
  endfacet
  facet normal 0 0 1
    outer loop
      vertex 1.58487 -20.1377 2
      vertex 0.863715 -21.983 2
      vertex 1.7261 -21.9322 2
    endloop
  endfacet
  facet normal -0 0 1
    outer loop
      vertex 0.793048 -20.1844 2
      vertex 0.863715 -21.983 2
      vertex 1.58487 -20.1377 2
    endloop
  endfacet
  facet normal -0 0 1
    outer loop
      vertex 0 -20.2 2
      vertex 0.863715 -21.983 2
      vertex 0.793048 -20.1844 2
    endloop
  endfacet
  facet normal 0 0 1
    outer loop
      vertex 0 -20.2 2
      vertex 0 -22 2
      vertex 0.863715 -21.983 2
    endloop
  endfacet
  facet normal 0 0 1
    outer loop
      vertex -0.793048 -20.1844 2
      vertex 0 -22 2
      vertex 0 -20.2 2
    endloop
  endfacet
  facet normal 0 0 1
    outer loop
      vertex -0.793048 -20.1844 2
      vertex -0.863715 -21.983 2
      vertex 0 -22 2
    endloop
  endfacet
  facet normal 0 0 1
    outer loop
      vertex -1.58487 -20.1377 2
      vertex -0.863715 -21.983 2
      vertex -0.793048 -20.1844 2
    endloop
  endfacet
  facet normal 0 0 1
    outer loop
      vertex -1.58487 -20.1377 2
      vertex -1.7261 -21.9322 2
      vertex -0.863715 -21.983 2
    endloop
  endfacet
  facet normal 0 0 1
    outer loop
      vertex -2.37426 -20.06 2
      vertex -1.7261 -21.9322 2
      vertex -1.58487 -20.1377 2
    endloop
  endfacet
  facet normal 0 0 1
    outer loop
      vertex -2.37426 -20.06 2
      vertex -2.58582 -21.8475 2
      vertex -1.7261 -21.9322 2
    endloop
  endfacet
  facet normal 0 0 1
    outer loop
      vertex -3.15998 -19.9513 2
      vertex -2.58582 -21.8475 2
      vertex -2.37426 -20.06 2
    endloop
  endfacet
  facet normal 0 0 1
    outer loop
      vertex -3.15998 -19.9513 2
      vertex -3.44156 -21.7291 2
      vertex -2.58582 -21.8475 2
    endloop
  endfacet
  facet normal 0 0 1
    outer loop
      vertex -3.94082 -19.8119 2
      vertex -3.44156 -21.7291 2
      vertex -3.15998 -19.9513 2
    endloop
  endfacet
  facet normal 0 0 1
    outer loop
      vertex -3.94082 -19.8119 2
      vertex -4.29199 -21.5773 2
      vertex -3.44156 -21.7291 2
    endloop
  endfacet
  facet normal 0 0 1
    outer loop
      vertex -4.7156 -19.6419 2
      vertex -4.29199 -21.5773 2
      vertex -3.94082 -19.8119 2
    endloop
  endfacet
  facet normal 0 0 1
    outer loop
      vertex -4.7156 -19.6419 2
      vertex -5.1358 -21.3921 2
      vertex -4.29199 -21.5773 2
    endloop
  endfacet
  facet normal 0 0 1
    outer loop
      vertex -5.4831 -19.4416 2
      vertex -5.1358 -21.3921 2
      vertex -4.7156 -19.6419 2
    endloop
  endfacet
  facet normal 0 0 1
    outer loop
      vertex -5.4831 -19.4416 2
      vertex -5.97169 -21.174 2
      vertex -5.1358 -21.3921 2
    endloop
  endfacet
  facet normal 0 0 1
    outer loop
      vertex -6.24214 -19.2113 2
      vertex -5.97169 -21.174 2
      vertex -5.4831 -19.4416 2
    endloop
  endfacet
  facet normal 0 0 1
    outer loop
      vertex -6.24214 -19.2113 2
      vertex -6.79837 -20.9232 2
      vertex -5.97169 -21.174 2
    endloop
  endfacet
  facet normal 0 0 1
    outer loop
      vertex -6.99156 -18.9515 2
      vertex -6.79837 -20.9232 2
      vertex -6.24214 -19.2113 2
    endloop
  endfacet
  facet normal 0 0 1
    outer loop
      vertex -6.99156 -18.9515 2
      vertex -7.61457 -20.6402 2
      vertex -6.79837 -20.9232 2
    endloop
  endfacet
  facet normal 0 0 1
    outer loop
      vertex -7.7302 -18.6624 2
      vertex -7.61457 -20.6402 2
      vertex -6.99156 -18.9515 2
    endloop
  endfacet
  facet normal 0 0 1
    outer loop
      vertex -7.7302 -18.6624 2
      vertex -8.41903 -20.3253 2
      vertex -7.61457 -20.6402 2
    endloop
  endfacet
  facet normal 0 0 1
    outer loop
      vertex -8.45693 -18.3445 2
      vertex -8.41903 -20.3253 2
      vertex -7.7302 -18.6624 2
    endloop
  endfacet
  facet normal 0 0 1
    outer loop
      vertex -9.21051 -19.9791 2
      vertex -8.45693 -18.3445 2
      vertex -9.17061 -17.9983 2
    endloop
  endfacet
  facet normal 0 0 1
    outer loop
      vertex -8.45693 -18.3445 2
      vertex -9.21051 -19.9791 2
      vertex -8.41903 -20.3253 2
    endloop
  endfacet
  facet normal 0 0 1
    outer loop
      vertex -9.98779 -19.6021 2
      vertex -9.17061 -17.9983 2
      vertex -9.87015 -17.6244 2
    endloop
  endfacet
  facet normal 0 0 1
    outer loop
      vertex -9.17061 -17.9983 2
      vertex -9.98779 -19.6021 2
      vertex -9.21051 -19.9791 2
    endloop
  endfacet
  facet normal 0 0 1
    outer loop
      vertex -10.7497 -19.1949 2
      vertex -9.87015 -17.6244 2
      vertex -10.5545 -17.2233 2
    endloop
  endfacet
  facet normal 0 0 1
    outer loop
      vertex -9.87015 -17.6244 2
      vertex -10.7497 -19.1949 2
      vertex -9.98779 -19.6021 2
    endloop
  endfacet
  facet normal 0 0 1
    outer loop
      vertex -11.495 -18.7581 2
      vertex -10.5545 -17.2233 2
      vertex -11.2225 -16.7957 2
    endloop
  endfacet
  facet normal 0 0 1
    outer loop
      vertex -10.5545 -17.2233 2
      vertex -11.495 -18.7581 2
      vertex -10.7497 -19.1949 2
    endloop
  endfacet
  facet normal 0 0 1
    outer loop
      vertex -12.2225 -18.2923 2
      vertex -11.2225 -16.7957 2
      vertex -11.8733 -16.3421 2
    endloop
  endfacet
  facet normal 0 0 1
    outer loop
      vertex -11.2225 -16.7957 2
      vertex -12.2225 -18.2923 2
      vertex -11.495 -18.7581 2
    endloop
  endfacet
  facet normal 0 0 1
    outer loop
      vertex -12.9313 -17.7984 2
      vertex -11.8733 -16.3421 2
      vertex -12.5057 -15.8634 2
    endloop
  endfacet
  facet normal 0 0 1
    outer loop
      vertex -11.8733 -16.3421 2
      vertex -12.9313 -17.7984 2
      vertex -12.2225 -18.2923 2
    endloop
  endfacet
  facet normal 0 0 1
    outer loop
      vertex -13.6201 -17.277 2
      vertex -12.5057 -15.8634 2
      vertex -13.1188 -15.3602 2
    endloop
  endfacet
  facet normal 0 0 1
    outer loop
      vertex -12.5057 -15.8634 2
      vertex -13.6201 -17.277 2
      vertex -12.9313 -17.7984 2
    endloop
  endfacet
  facet normal 0 0 1
    outer loop
      vertex -14.2879 -16.7289 2
      vertex -13.1188 -15.3602 2
      vertex -13.7118 -14.8333 2
    endloop
  endfacet
  facet normal 0 0 1
    outer loop
      vertex -14.9336 -16.1551 2
      vertex -13.7118 -14.8333 2
      vertex -14.0492 -14.5089 2
    endloop
  endfacet
  facet normal 0 0 1
    outer loop
      vertex -13.1188 -15.3602 2
      vertex -14.2879 -16.7289 2
      vertex -13.6201 -17.277 2
    endloop
  endfacet
  facet normal 0 0 1
    outer loop
      vertex -14.0492 14.5089 2
      vertex -13.8063 13.3466 2
      vertex -13.3466 13.8063 2
    endloop
  endfacet
  facet normal 0 0 1
    outer loop
      vertex -14.0492 14.5089 2
      vertex -14.5089 14.0492 2
      vertex -13.8063 13.3466 2
    endloop
  endfacet
  facet normal 0 0 1
    outer loop
      vertex -13.7118 14.8333 2
      vertex -14.9336 16.1551 2
      vertex -14.0492 14.5089 2
    endloop
  endfacet
  facet normal -0 0 1
    outer loop
      vertex -15.5563 15.5563 2
      vertex -14.0492 14.5089 2
      vertex -14.9336 16.1551 2
    endloop
  endfacet
  facet normal 0 0 1
    outer loop
      vertex -14.0492 14.5089 2
      vertex -15.5563 15.5563 2
      vertex -14.5089 14.0492 2
    endloop
  endfacet
  facet normal -0 0 1
    outer loop
      vertex -16.1551 14.9336 2
      vertex -14.5089 14.0492 2
      vertex -15.5563 15.5563 2
    endloop
  endfacet
  facet normal 0 0 1
    outer loop
      vertex -14.5089 14.0492 2
      vertex -16.1551 14.9336 2
      vertex -14.8333 13.7118 2
    endloop
  endfacet
  facet normal 0 0 1
    outer loop
      vertex -14.8333 13.7118 2
      vertex -16.1551 14.9336 2
      vertex -15.3602 13.1188 2
    endloop
  endfacet
  facet normal -0 0 1
    outer loop
      vertex -16.7289 14.2879 2
      vertex -15.3602 13.1188 2
      vertex -16.1551 14.9336 2
    endloop
  endfacet
  facet normal 0 0 1
    outer loop
      vertex -15.3602 13.1188 2
      vertex -16.7289 14.2879 2
      vertex -15.8634 12.5057 2
    endloop
  endfacet
  facet normal -0 0 1
    outer loop
      vertex -17.277 13.6201 2
      vertex -15.8634 12.5057 2
      vertex -16.7289 14.2879 2
    endloop
  endfacet
  facet normal 0 0 1
    outer loop
      vertex -15.8634 12.5057 2
      vertex -17.277 13.6201 2
      vertex -16.3421 11.8733 2
    endloop
  endfacet
  facet normal -0 0 1
    outer loop
      vertex -17.7984 12.9313 2
      vertex -16.3421 11.8733 2
      vertex -17.277 13.6201 2
    endloop
  endfacet
  facet normal 0 0 1
    outer loop
      vertex -16.3421 11.8733 2
      vertex -17.7984 12.9313 2
      vertex -16.7957 11.2225 2
    endloop
  endfacet
  facet normal -0 0 1
    outer loop
      vertex -18.2923 12.2225 2
      vertex -16.7957 11.2225 2
      vertex -17.7984 12.9313 2
    endloop
  endfacet
  facet normal 0 0 1
    outer loop
      vertex -16.7957 11.2225 2
      vertex -18.2923 12.2225 2
      vertex -17.2233 10.5545 2
    endloop
  endfacet
  facet normal -0 0 1
    outer loop
      vertex -18.7581 11.495 2
      vertex -17.2233 10.5545 2
      vertex -18.2923 12.2225 2
    endloop
  endfacet
  facet normal 0 0 1
    outer loop
      vertex -17.2233 10.5545 2
      vertex -18.7581 11.495 2
      vertex -17.6244 9.87015 2
    endloop
  endfacet
  facet normal -0 0 1
    outer loop
      vertex -19.1949 10.7497 2
      vertex -17.6244 9.87015 2
      vertex -18.7581 11.495 2
    endloop
  endfacet
  facet normal 0 0 1
    outer loop
      vertex -17.6244 9.87015 2
      vertex -19.1949 10.7497 2
      vertex -17.9983 9.17061 2
    endloop
  endfacet
  facet normal -0 0 1
    outer loop
      vertex -19.6021 9.98779 2
      vertex -17.9983 9.17061 2
      vertex -19.1949 10.7497 2
    endloop
  endfacet
  facet normal 0 0 1
    outer loop
      vertex -17.9983 9.17061 2
      vertex -19.6021 9.98779 2
      vertex -18.3445 8.45693 2
    endloop
  endfacet
  facet normal -0 0 1
    outer loop
      vertex -19.9791 9.21051 2
      vertex -18.3445 8.45693 2
      vertex -19.6021 9.98779 2
    endloop
  endfacet
  facet normal 0 0 1
    outer loop
      vertex -18.3445 8.45693 2
      vertex -19.9791 9.21051 2
      vertex -18.6624 7.7302 2
    endloop
  endfacet
  facet normal -0 0 1
    outer loop
      vertex -20.3253 8.41903 2
      vertex -18.6624 7.7302 2
      vertex -19.9791 9.21051 2
    endloop
  endfacet
  facet normal 0 0 1
    outer loop
      vertex -18.6624 7.7302 2
      vertex -20.3253 8.41903 2
      vertex -18.9515 6.99156 2
    endloop
  endfacet
  facet normal -0 0 1
    outer loop
      vertex -20.6402 7.61457 2
      vertex -18.9515 6.99156 2
      vertex -20.3253 8.41903 2
    endloop
  endfacet
  facet normal 0 0 1
    outer loop
      vertex -18.9515 6.99156 2
      vertex -20.6402 7.61457 2
      vertex -19.2113 6.24214 2
    endloop
  endfacet
  facet normal -0 0 1
    outer loop
      vertex -20.9232 6.79837 2
      vertex -19.2113 6.24214 2
      vertex -20.6402 7.61457 2
    endloop
  endfacet
  facet normal 0 0 1
    outer loop
      vertex -19.2113 6.24214 2
      vertex -20.9232 6.79837 2
      vertex -19.4416 5.4831 2
    endloop
  endfacet
  facet normal -0 0 1
    outer loop
      vertex -21.174 5.97169 2
      vertex -19.4416 5.4831 2
      vertex -20.9232 6.79837 2
    endloop
  endfacet
  facet normal 0 0 1
    outer loop
      vertex -19.4416 5.4831 2
      vertex -21.174 5.97169 2
      vertex -19.6419 4.7156 2
    endloop
  endfacet
  facet normal -0 0 1
    outer loop
      vertex -21.3921 5.1358 2
      vertex -19.6419 4.7156 2
      vertex -21.174 5.97169 2
    endloop
  endfacet
  facet normal -0 0 1
    outer loop
      vertex -21.5773 4.29199 2
      vertex -19.8119 3.94082 2
      vertex -21.3921 5.1358 2
    endloop
  endfacet
  facet normal 0 0 1
    outer loop
      vertex -19.6419 4.7156 2
      vertex -21.3921 5.1358 2
      vertex -19.8119 3.94082 2
    endloop
  endfacet
  facet normal 0 0 1
    outer loop
      vertex -13.8063 -13.3466 2
      vertex -14.0492 -14.5089 2
      vertex -13.3466 -13.8063 2
    endloop
  endfacet
  facet normal -0 0 1
    outer loop
      vertex -14.5089 -14.0492 2
      vertex -14.0492 -14.5089 2
      vertex -13.8063 -13.3466 2
    endloop
  endfacet
  facet normal 0 0 1
    outer loop
      vertex -15.5563 -15.5563 2
      vertex -14.0492 -14.5089 2
      vertex -14.5089 -14.0492 2
    endloop
  endfacet
  facet normal 0 0 1
    outer loop
      vertex -16.1551 -14.9336 2
      vertex -14.5089 -14.0492 2
      vertex -14.8333 -13.7118 2
    endloop
  endfacet
  facet normal 0 0 1
    outer loop
      vertex -13.7118 -14.8333 2
      vertex -14.9336 -16.1551 2
      vertex -14.2879 -16.7289 2
    endloop
  endfacet
  facet normal 0 0 1
    outer loop
      vertex -16.1551 -14.9336 2
      vertex -14.8333 -13.7118 2
      vertex -15.3602 -13.1188 2
    endloop
  endfacet
  facet normal 0 0 1
    outer loop
      vertex -14.0492 -14.5089 2
      vertex -15.5563 -15.5563 2
      vertex -14.9336 -16.1551 2
    endloop
  endfacet
  facet normal 0 0 1
    outer loop
      vertex -16.7289 -14.2879 2
      vertex -15.3602 -13.1188 2
      vertex -15.8634 -12.5057 2
    endloop
  endfacet
  facet normal 0 0 1
    outer loop
      vertex -14.5089 -14.0492 2
      vertex -16.1551 -14.9336 2
      vertex -15.5563 -15.5563 2
    endloop
  endfacet
  facet normal 0 0 1
    outer loop
      vertex -17.277 -13.6201 2
      vertex -15.8634 -12.5057 2
      vertex -16.3421 -11.8733 2
    endloop
  endfacet
  facet normal 0 0 1
    outer loop
      vertex -15.3602 -13.1188 2
      vertex -16.7289 -14.2879 2
      vertex -16.1551 -14.9336 2
    endloop
  endfacet
  facet normal 0 0 1
    outer loop
      vertex -17.7984 -12.9313 2
      vertex -16.3421 -11.8733 2
      vertex -16.7957 -11.2225 2
    endloop
  endfacet
  facet normal 0 0 1
    outer loop
      vertex -18.2923 -12.2225 2
      vertex -16.7957 -11.2225 2
      vertex -17.2233 -10.5545 2
    endloop
  endfacet
  facet normal 0 0 1
    outer loop
      vertex -15.8634 -12.5057 2
      vertex -17.277 -13.6201 2
      vertex -16.7289 -14.2879 2
    endloop
  endfacet
  facet normal 0 0 1
    outer loop
      vertex -18.7581 -11.495 2
      vertex -17.2233 -10.5545 2
      vertex -17.6244 -9.87015 2
    endloop
  endfacet
  facet normal 0 0 1
    outer loop
      vertex -16.3421 -11.8733 2
      vertex -17.7984 -12.9313 2
      vertex -17.277 -13.6201 2
    endloop
  endfacet
  facet normal 0 0 1
    outer loop
      vertex -19.1949 -10.7497 2
      vertex -17.6244 -9.87015 2
      vertex -17.9983 -9.17061 2
    endloop
  endfacet
  facet normal 0 0 1
    outer loop
      vertex -16.7957 -11.2225 2
      vertex -18.2923 -12.2225 2
      vertex -17.7984 -12.9313 2
    endloop
  endfacet
  facet normal 0 0 1
    outer loop
      vertex -19.6021 -9.98779 2
      vertex -17.9983 -9.17061 2
      vertex -18.3445 -8.45693 2
    endloop
  endfacet
  facet normal 0 0 1
    outer loop
      vertex -19.9791 -9.21051 2
      vertex -18.3445 -8.45693 2
      vertex -18.6624 -7.7302 2
    endloop
  endfacet
  facet normal 0 0 1
    outer loop
      vertex -17.2233 -10.5545 2
      vertex -18.7581 -11.495 2
      vertex -18.2923 -12.2225 2
    endloop
  endfacet
  facet normal 0 0 1
    outer loop
      vertex -20.3253 -8.41903 2
      vertex -18.6624 -7.7302 2
      vertex -18.9515 -6.99156 2
    endloop
  endfacet
  facet normal 0 0 1
    outer loop
      vertex -17.6244 -9.87015 2
      vertex -19.1949 -10.7497 2
      vertex -18.7581 -11.495 2
    endloop
  endfacet
  facet normal 0 0 1
    outer loop
      vertex -20.6402 -7.61457 2
      vertex -18.9515 -6.99156 2
      vertex -19.2113 -6.24214 2
    endloop
  endfacet
  facet normal 0 0 1
    outer loop
      vertex -20.9232 -6.79837 2
      vertex -19.2113 -6.24214 2
      vertex -19.4416 -5.4831 2
    endloop
  endfacet
  facet normal 0 0 1
    outer loop
      vertex -17.9983 -9.17061 2
      vertex -19.6021 -9.98779 2
      vertex -19.1949 -10.7497 2
    endloop
  endfacet
  facet normal 0 0 1
    outer loop
      vertex -21.174 -5.97169 2
      vertex -19.4416 -5.4831 2
      vertex -19.6419 -4.7156 2
    endloop
  endfacet
  facet normal 0 0 1
    outer loop
      vertex -21.3921 -5.1358 2
      vertex -19.6419 -4.7156 2
      vertex -19.8119 -3.94082 2
    endloop
  endfacet
  facet normal 0 0 1
    outer loop
      vertex -21.5773 -4.29199 2
      vertex -19.8119 -3.94082 2
      vertex -19.9513 -3.15998 2
    endloop
  endfacet
  facet normal 0 0 1
    outer loop
      vertex -18.3445 -8.45693 2
      vertex -19.9791 -9.21051 2
      vertex -19.6021 -9.98779 2
    endloop
  endfacet
  facet normal 0 0 1
    outer loop
      vertex -21.7291 -3.44156 2
      vertex -19.9513 -3.15998 2
      vertex -20.06 -2.37426 2
    endloop
  endfacet
  facet normal 0 0 1
    outer loop
      vertex -21.8475 -2.58582 2
      vertex -20.06 -2.37426 2
      vertex -20.1377 -1.58487 2
    endloop
  endfacet
  facet normal 0 0 1
    outer loop
      vertex -21.9322 -1.7261 2
      vertex -20.1377 -1.58487 2
      vertex -20.1844 -0.793048 2
    endloop
  endfacet
  facet normal 0 0 1
    outer loop
      vertex -18.6624 -7.7302 2
      vertex -20.3253 -8.41903 2
      vertex -19.9791 -9.21051 2
    endloop
  endfacet
  facet normal 0 0 1
    outer loop
      vertex -21.983 -0.863715 2
      vertex -20.1844 -0.793048 2
      vertex -20.2 0 2
    endloop
  endfacet
  facet normal 0 0 1
    outer loop
      vertex -19.8119 3.94082 2
      vertex -21.5773 4.29199 2
      vertex -19.9513 3.15998 2
    endloop
  endfacet
  facet normal -0 0 1
    outer loop
      vertex -21.7291 3.44156 2
      vertex -19.9513 3.15998 2
      vertex -21.5773 4.29199 2
    endloop
  endfacet
  facet normal 0 0 1
    outer loop
      vertex -18.9515 -6.99156 2
      vertex -20.6402 -7.61457 2
      vertex -20.3253 -8.41903 2
    endloop
  endfacet
  facet normal 0 0 1
    outer loop
      vertex -19.9513 3.15998 2
      vertex -21.7291 3.44156 2
      vertex -20.06 2.37426 2
    endloop
  endfacet
  facet normal 0 0 1
    outer loop
      vertex -19.2113 -6.24214 2
      vertex -20.9232 -6.79837 2
      vertex -20.6402 -7.61457 2
    endloop
  endfacet
  facet normal -0 0 1
    outer loop
      vertex -21.8475 2.58582 2
      vertex -20.06 2.37426 2
      vertex -21.7291 3.44156 2
    endloop
  endfacet
  facet normal 0 0 1
    outer loop
      vertex -19.4416 -5.4831 2
      vertex -21.174 -5.97169 2
      vertex -20.9232 -6.79837 2
    endloop
  endfacet
  facet normal 0 0 1
    outer loop
      vertex -20.06 2.37426 2
      vertex -21.8475 2.58582 2
      vertex -20.1377 1.58487 2
    endloop
  endfacet
  facet normal 0 0 1
    outer loop
      vertex -19.6419 -4.7156 2
      vertex -21.3921 -5.1358 2
      vertex -21.174 -5.97169 2
    endloop
  endfacet
  facet normal -0 0 1
    outer loop
      vertex -21.9322 1.7261 2
      vertex -20.1377 1.58487 2
      vertex -21.8475 2.58582 2
    endloop
  endfacet
  facet normal 0 0 1
    outer loop
      vertex -19.8119 -3.94082 2
      vertex -21.5773 -4.29199 2
      vertex -21.3921 -5.1358 2
    endloop
  endfacet
  facet normal 0 0 1
    outer loop
      vertex -20.1377 1.58487 2
      vertex -21.9322 1.7261 2
      vertex -20.1844 0.793048 2
    endloop
  endfacet
  facet normal 0 0 1
    outer loop
      vertex -19.9513 -3.15998 2
      vertex -21.7291 -3.44156 2
      vertex -21.5773 -4.29199 2
    endloop
  endfacet
  facet normal -0 0 1
    outer loop
      vertex -21.983 0.863715 2
      vertex -20.1844 0.793048 2
      vertex -21.9322 1.7261 2
    endloop
  endfacet
  facet normal 0 0 1
    outer loop
      vertex -20.06 -2.37426 2
      vertex -21.8475 -2.58582 2
      vertex -21.7291 -3.44156 2
    endloop
  endfacet
  facet normal 0 0 1
    outer loop
      vertex -20.1844 0.793048 2
      vertex -21.983 0.863715 2
      vertex -20.2 0 2
    endloop
  endfacet
  facet normal 0 0 1
    outer loop
      vertex -20.1377 -1.58487 2
      vertex -21.9322 -1.7261 2
      vertex -21.8475 -2.58582 2
    endloop
  endfacet
  facet normal 0 0 1
    outer loop
      vertex -22 0 2
      vertex -20.2 0 2
      vertex -21.983 0.863715 2
    endloop
  endfacet
  facet normal 0 0 1
    outer loop
      vertex -20.1844 -0.793048 2
      vertex -21.983 -0.863715 2
      vertex -21.9322 -1.7261 2
    endloop
  endfacet
  facet normal 0 0 1
    outer loop
      vertex -20.2 0 2
      vertex -22 0 2
      vertex -21.983 -0.863715 2
    endloop
  endfacet
  facet normal -0.862748 0.505633 0
    outer loop
      vertex -19.1949 10.7497 0
      vertex -18.7581 11.495 2
      vertex -18.7581 11.495 0
    endloop
  endfacet
  facet normal -0.862748 0.505633 0
    outer loop
      vertex -18.7581 11.495 2
      vertex -19.1949 10.7497 0
      vertex -19.1949 10.7497 2
    endloop
  endfacet
  facet normal -0.916188 0.400748 0
    outer loop
      vertex -20.3253 8.41903 0
      vertex -19.9791 9.21051 2
      vertex -19.9791 9.21051 0
    endloop
  endfacet
  facet normal -0.916188 0.400748 0
    outer loop
      vertex -19.9791 9.21051 2
      vertex -20.3253 8.41903 0
      vertex -20.3253 8.41903 2
    endloop
  endfacet
  facet normal -0.747499 0.664263 0
    outer loop
      vertex -16.7289 14.2879 0
      vertex -16.1551 14.9336 2
      vertex -16.1551 14.9336 0
    endloop
  endfacet
  facet normal -0.747499 0.664263 0
    outer loop
      vertex -16.1551 14.9336 2
      vertex -16.7289 14.2879 0
      vertex -16.7289 14.2879 2
    endloop
  endfacet
  facet normal -0.820459 0.571705 0
    outer loop
      vertex -18.2923 12.2225 0
      vertex -17.7984 12.9313 2
      vertex -17.7984 12.9313 0
    endloop
  endfacet
  facet normal -0.820459 0.571705 0
    outer loop
      vertex -17.7984 12.9313 2
      vertex -18.2923 12.2225 0
      vertex -18.2923 12.2225 2
    endloop
  endfacet
  facet normal 0.995182 -0.0980458 0
    outer loop
      vertex 21.8475 -2.58582 2
      vertex 21.9322 -1.7261 0
      vertex 21.9322 -1.7261 2
    endloop
  endfacet
  facet normal 0.995182 -0.0980458 0
    outer loop
      vertex 21.9322 -1.7261 0
      vertex 21.8475 -2.58582 2
      vertex 21.8475 -2.58582 0
    endloop
  endfacet
  facet normal 0.99827 -0.0588045 0
    outer loop
      vertex 21.9322 -1.7261 2
      vertex 21.983 -0.863715 0
      vertex 21.983 -0.863715 2
    endloop
  endfacet
  facet normal 0.99827 -0.0588045 0
    outer loop
      vertex 21.983 -0.863715 0
      vertex 21.9322 -1.7261 2
      vertex 21.9322 -1.7261 0
    endloop
  endfacet
  facet normal 0.956931 -0.290316 0
    outer loop
      vertex 20.9232 -6.79837 2
      vertex 21.174 -5.97169 0
      vertex 21.174 -5.97169 2
    endloop
  endfacet
  facet normal 0.956931 -0.290316 0
    outer loop
      vertex 21.174 -5.97169 0
      vertex 20.9232 -6.79837 2
      vertex 20.9232 -6.79837 0
    endloop
  endfacet
  facet normal 0.881945 -0.471352 0
    outer loop
      vertex 19.1949 -10.7497 2
      vertex 19.6021 -9.98779 0
      vertex 19.6021 -9.98779 2
    endloop
  endfacet
  facet normal 0.881945 -0.471352 0
    outer loop
      vertex 19.6021 -9.98779 0
      vertex 19.1949 -10.7497 2
      vertex 19.1949 -10.7497 0
    endloop
  endfacet
  facet normal 0.60355 -0.797325 0
    outer loop
      vertex 12.9313 -17.7984 0
      vertex 13.6201 -17.277 2
      vertex 12.9313 -17.7984 2
    endloop
  endfacet
  facet normal 0.60355 -0.797325 0
    outer loop
      vertex 13.6201 -17.277 2
      vertex 12.9313 -17.7984 0
      vertex 13.6201 -17.277 0
    endloop
  endfacet
  facet normal 0.634428 -0.772982 0
    outer loop
      vertex 13.6201 -17.277 0
      vertex 14.2879 -16.7289 2
      vertex 13.6201 -17.277 2
    endloop
  endfacet
  facet normal 0.634428 -0.772982 0
    outer loop
      vertex 14.2879 -16.7289 2
      vertex 13.6201 -17.277 0
      vertex 14.2879 -16.7289 0
    endloop
  endfacet
  facet normal 0.471352 -0.881945 0
    outer loop
      vertex 9.98779 -19.6021 0
      vertex 10.7497 -19.1949 2
      vertex 9.98779 -19.6021 2
    endloop
  endfacet
  facet normal 0.471352 -0.881945 0
    outer loop
      vertex 10.7497 -19.1949 2
      vertex 9.98779 -19.6021 0
      vertex 10.7497 -19.1949 0
    endloop
  endfacet
  facet normal 0.436402 -0.899752 0
    outer loop
      vertex 9.21051 -19.9791 0
      vertex 9.98779 -19.6021 2
      vertex 9.21051 -19.9791 2
    endloop
  endfacet
  facet normal 0.436402 -0.899752 0
    outer loop
      vertex 9.98779 -19.6021 2
      vertex 9.21051 -19.9791 0
      vertex 9.98779 -19.6021 0
    endloop
  endfacet
  facet normal 0.0588045 -0.99827 0
    outer loop
      vertex 0.863715 -21.983 0
      vertex 1.7261 -21.9322 2
      vertex 0.863715 -21.983 2
    endloop
  endfacet
  facet normal 0.0588045 -0.99827 0
    outer loop
      vertex 1.7261 -21.9322 2
      vertex 0.863715 -21.983 0
      vertex 1.7261 -21.9322 0
    endloop
  endfacet
  facet normal 0.327596 -0.944818 0
    outer loop
      vertex 6.79837 -20.9232 0
      vertex 7.61457 -20.6402 2
      vertex 6.79837 -20.9232 2
    endloop
  endfacet
  facet normal 0.327596 -0.944818 0
    outer loop
      vertex 7.61457 -20.6402 2
      vertex 6.79837 -20.9232 0
      vertex 7.61457 -20.6402 0
    endloop
  endfacet
  facet normal -0.99827 -0.0588045 0
    outer loop
      vertex -21.9322 -1.7261 0
      vertex -21.983 -0.863715 2
      vertex -21.983 -0.863715 0
    endloop
  endfacet
  facet normal -0.99827 -0.0588045 0
    outer loop
      vertex -21.983 -0.863715 2
      vertex -21.9322 -1.7261 0
      vertex -21.9322 -1.7261 2
    endloop
  endfacet
  facet normal -0.944818 -0.327596 0
    outer loop
      vertex -20.6402 -7.61457 0
      vertex -20.9232 -6.79837 2
      vertex -20.9232 -6.79837 0
    endloop
  endfacet
  facet normal -0.944818 -0.327596 0
    outer loop
      vertex -20.9232 -6.79837 2
      vertex -20.6402 -7.61457 0
      vertex -20.6402 -7.61457 2
    endloop
  endfacet
  facet normal -0.881945 -0.471352 0
    outer loop
      vertex -19.1949 -10.7497 0
      vertex -19.6021 -9.98779 2
      vertex -19.6021 -9.98779 0
    endloop
  endfacet
  facet normal -0.881945 -0.471352 0
    outer loop
      vertex -19.6021 -9.98779 2
      vertex -19.1949 -10.7497 0
      vertex -19.1949 -10.7497 2
    endloop
  endfacet
  facet normal -0.899752 -0.436402 0
    outer loop
      vertex -19.6021 -9.98779 0
      vertex -19.9791 -9.21051 2
      vertex -19.9791 -9.21051 0
    endloop
  endfacet
  facet normal -0.899752 -0.436402 0
    outer loop
      vertex -19.9791 -9.21051 2
      vertex -19.6021 -9.98779 0
      vertex -19.6021 -9.98779 2
    endloop
  endfacet
  facet normal -0.772982 -0.634428 0
    outer loop
      vertex -16.7289 -14.2879 0
      vertex -17.277 -13.6201 2
      vertex -17.277 -13.6201 0
    endloop
  endfacet
  facet normal -0.772982 -0.634428 0
    outer loop
      vertex -17.277 -13.6201 2
      vertex -16.7289 -14.2879 0
      vertex -16.7289 -14.2879 2
    endloop
  endfacet
  facet normal -0.797325 -0.60355 0
    outer loop
      vertex -17.277 -13.6201 0
      vertex -17.7984 -12.9313 2
      vertex -17.7984 -12.9313 0
    endloop
  endfacet
  facet normal -0.797325 -0.60355 0
    outer loop
      vertex -17.7984 -12.9313 2
      vertex -17.277 -13.6201 0
      vertex -17.277 -13.6201 2
    endloop
  endfacet
  facet normal -0.290316 -0.956931 0
    outer loop
      vertex -6.79837 -20.9232 0
      vertex -5.97169 -21.174 2
      vertex -6.79837 -20.9232 2
    endloop
  endfacet
  facet normal -0.290316 -0.956931 -0
    outer loop
      vertex -5.97169 -21.174 2
      vertex -6.79837 -20.9232 0
      vertex -5.97169 -21.174 0
    endloop
  endfacet
  facet normal -0.327596 -0.944818 0
    outer loop
      vertex -7.61457 -20.6402 0
      vertex -6.79837 -20.9232 2
      vertex -7.61457 -20.6402 2
    endloop
  endfacet
  facet normal -0.327596 -0.944818 -0
    outer loop
      vertex -6.79837 -20.9232 2
      vertex -7.61457 -20.6402 0
      vertex -6.79837 -20.9232 0
    endloop
  endfacet
  facet normal -0.0196786 -0.999806 0
    outer loop
      vertex -0.863715 -21.983 0
      vertex 0 -22 2
      vertex -0.863715 -21.983 2
    endloop
  endfacet
  facet normal -0.0196786 -0.999806 -0
    outer loop
      vertex 0 -22 2
      vertex -0.863715 -21.983 0
      vertex 0 -22 0
    endloop
  endfacet
  facet normal -0.436402 -0.899752 0
    outer loop
      vertex -9.98779 -19.6021 0
      vertex -9.21051 -19.9791 2
      vertex -9.98779 -19.6021 2
    endloop
  endfacet
  facet normal -0.436402 -0.899752 -0
    outer loop
      vertex -9.21051 -19.9791 2
      vertex -9.98779 -19.6021 0
      vertex -9.21051 -19.9791 0
    endloop
  endfacet
  facet normal -0.60355 -0.797325 0
    outer loop
      vertex -13.6201 -17.277 0
      vertex -12.9313 -17.7984 2
      vertex -13.6201 -17.277 2
    endloop
  endfacet
  facet normal -0.60355 -0.797325 -0
    outer loop
      vertex -12.9313 -17.7984 2
      vertex -13.6201 -17.277 0
      vertex -12.9313 -17.7984 0
    endloop
  endfacet
  facet normal 0.99827 0.0588045 0
    outer loop
      vertex 21.983 0.863715 2
      vertex 21.9322 1.7261 0
      vertex 21.9322 1.7261 2
    endloop
  endfacet
  facet normal 0.99827 0.0588045 0
    outer loop
      vertex 21.9322 1.7261 0
      vertex 21.983 0.863715 2
      vertex 21.983 0.863715 0
    endloop
  endfacet
  facet normal 0.0196786 0.999806 -0
    outer loop
      vertex 0.863715 21.983 0
      vertex 0 22 2
      vertex 0.863715 21.983 2
    endloop
  endfacet
  facet normal 0.0196786 0.999806 0
    outer loop
      vertex 0 22 2
      vertex 0.863715 21.983 0
      vertex 0 22 0
    endloop
  endfacet
  facet normal 0.967605 0.252467 0
    outer loop
      vertex 21.3921 5.1358 2
      vertex 21.174 5.97169 0
      vertex 21.174 5.97169 2
    endloop
  endfacet
  facet normal 0.967605 0.252467 0
    outer loop
      vertex 21.174 5.97169 0
      vertex 21.3921 5.1358 2
      vertex 21.3921 5.1358 0
    endloop
  endfacet
  facet normal 0.944818 0.327596 0
    outer loop
      vertex 20.9232 6.79837 2
      vertex 20.6402 7.61457 0
      vertex 20.6402 7.61457 2
    endloop
  endfacet
  facet normal 0.944818 0.327596 0
    outer loop
      vertex 20.6402 7.61457 0
      vertex 20.9232 6.79837 2
      vertex 20.9232 6.79837 0
    endloop
  endfacet
  facet normal 0.881945 0.471352 0
    outer loop
      vertex 19.6021 9.98779 2
      vertex 19.1949 10.7497 0
      vertex 19.1949 10.7497 2
    endloop
  endfacet
  facet normal 0.881945 0.471352 0
    outer loop
      vertex 19.1949 10.7497 0
      vertex 19.6021 9.98779 2
      vertex 19.6021 9.98779 0
    endloop
  endfacet
  facet normal 0.0980458 0.995182 -0
    outer loop
      vertex 2.58582 21.8475 0
      vertex 1.7261 21.9322 2
      vertex 2.58582 21.8475 2
    endloop
  endfacet
  facet normal 0.0980458 0.995182 0
    outer loop
      vertex 1.7261 21.9322 2
      vertex 2.58582 21.8475 0
      vertex 1.7261 21.9322 0
    endloop
  endfacet
  facet normal 0.175721 0.98444 -0
    outer loop
      vertex 4.29199 21.5773 0
      vertex 3.44156 21.7291 2
      vertex 4.29199 21.5773 2
    endloop
  endfacet
  facet normal 0.175721 0.98444 0
    outer loop
      vertex 3.44156 21.7291 2
      vertex 4.29199 21.5773 0
      vertex 3.44156 21.7291 0
    endloop
  endfacet
  facet normal 0.290316 0.956931 -0
    outer loop
      vertex 6.79837 20.9232 0
      vertex 5.97169 21.174 2
      vertex 6.79837 20.9232 2
    endloop
  endfacet
  facet normal 0.290316 0.956931 0
    outer loop
      vertex 5.97169 21.174 2
      vertex 6.79837 20.9232 0
      vertex 5.97169 21.174 0
    endloop
  endfacet
  facet normal 0.364511 0.931199 -0
    outer loop
      vertex 8.41903 20.3253 0
      vertex 7.61457 20.6402 2
      vertex 8.41903 20.3253 2
    endloop
  endfacet
  facet normal 0.364511 0.931199 0
    outer loop
      vertex 7.61457 20.6402 2
      vertex 8.41903 20.3253 0
      vertex 7.61457 20.6402 0
    endloop
  endfacet
  facet normal 0.252467 0.967605 -0
    outer loop
      vertex 5.97169 21.174 0
      vertex 5.1358 21.3921 2
      vertex 5.97169 21.174 2
    endloop
  endfacet
  facet normal 0.252467 0.967605 0
    outer loop
      vertex 5.1358 21.3921 2
      vertex 5.97169 21.174 0
      vertex 5.1358 21.3921 0
    endloop
  endfacet
  facet normal 0.60355 0.797325 -0
    outer loop
      vertex 13.6201 17.277 0
      vertex 12.9313 17.7984 2
      vertex 13.6201 17.277 2
    endloop
  endfacet
  facet normal 0.60355 0.797325 0
    outer loop
      vertex 12.9313 17.7984 2
      vertex 13.6201 17.277 0
      vertex 12.9313 17.7984 0
    endloop
  endfacet
  facet normal 0.436402 0.899752 -0
    outer loop
      vertex 9.98779 19.6021 0
      vertex 9.21051 19.9791 2
      vertex 9.98779 19.6021 2
    endloop
  endfacet
  facet normal 0.436402 0.899752 0
    outer loop
      vertex 9.21051 19.9791 2
      vertex 9.98779 19.6021 0
      vertex 9.21051 19.9791 0
    endloop
  endfacet
  facet normal -0.137054 0.990564 0
    outer loop
      vertex -2.58582 21.8475 0
      vertex -3.44156 21.7291 2
      vertex -2.58582 21.8475 2
    endloop
  endfacet
  facet normal -0.137054 0.990564 0
    outer loop
      vertex -3.44156 21.7291 2
      vertex -2.58582 21.8475 0
      vertex -3.44156 21.7291 0
    endloop
  endfacet
  facet normal -0.0588045 0.99827 0
    outer loop
      vertex -0.863715 21.983 0
      vertex -1.7261 21.9322 2
      vertex -0.863715 21.983 2
    endloop
  endfacet
  facet normal -0.0588045 0.99827 0
    outer loop
      vertex -1.7261 21.9322 2
      vertex -0.863715 21.983 0
      vertex -1.7261 21.9322 0
    endloop
  endfacet
  facet normal -0.327596 0.944818 0
    outer loop
      vertex -6.79837 20.9232 0
      vertex -7.61457 20.6402 2
      vertex -6.79837 20.9232 2
    endloop
  endfacet
  facet normal -0.327596 0.944818 0
    outer loop
      vertex -7.61457 20.6402 2
      vertex -6.79837 20.9232 0
      vertex -7.61457 20.6402 0
    endloop
  endfacet
  facet normal -0.214378 0.976751 0
    outer loop
      vertex -4.29199 21.5773 0
      vertex -5.1358 21.3921 2
      vertex -4.29199 21.5773 2
    endloop
  endfacet
  facet normal -0.214378 0.976751 0
    outer loop
      vertex -5.1358 21.3921 2
      vertex -4.29199 21.5773 0
      vertex -5.1358 21.3921 0
    endloop
  endfacet
  facet normal -0.505633 0.862748 0
    outer loop
      vertex -10.7497 19.1949 0
      vertex -11.495 18.7581 2
      vertex -10.7497 19.1949 2
    endloop
  endfacet
  facet normal -0.505633 0.862748 0
    outer loop
      vertex -11.495 18.7581 2
      vertex -10.7497 19.1949 0
      vertex -11.495 18.7581 0
    endloop
  endfacet
  facet normal -0.471352 0.881945 0
    outer loop
      vertex -9.98779 19.6021 0
      vertex -10.7497 19.1949 2
      vertex -9.98779 19.6021 2
    endloop
  endfacet
  facet normal -0.471352 0.881945 0
    outer loop
      vertex -10.7497 19.1949 2
      vertex -9.98779 19.6021 0
      vertex -10.7497 19.1949 0
    endloop
  endfacet
  facet normal -0.664263 0.747499 0
    outer loop
      vertex -14.2879 16.7289 0
      vertex -14.9336 16.1551 2
      vertex -14.2879 16.7289 2
    endloop
  endfacet
  facet normal -0.664263 0.747499 0
    outer loop
      vertex -14.9336 16.1551 2
      vertex -14.2879 16.7289 0
      vertex -14.9336 16.1551 0
    endloop
  endfacet
  facet normal -0.634428 0.772982 0
    outer loop
      vertex -13.6201 17.277 0
      vertex -14.2879 16.7289 2
      vertex -13.6201 17.277 2
    endloop
  endfacet
  facet normal -0.634428 0.772982 0
    outer loop
      vertex -14.2879 16.7289 2
      vertex -13.6201 17.277 0
      vertex -14.2879 16.7289 0
    endloop
  endfacet
  facet normal -0.571705 0.820459 0
    outer loop
      vertex -12.2225 18.2923 0
      vertex -12.9313 17.7984 2
      vertex -12.2225 18.2923 2
    endloop
  endfacet
  facet normal -0.571705 0.820459 0
    outer loop
      vertex -12.9313 17.7984 2
      vertex -12.2225 18.2923 0
      vertex -12.9313 17.7984 0
    endloop
  endfacet
  facet normal -0.967605 0.252467 0
    outer loop
      vertex -21.3921 5.1358 0
      vertex -21.174 5.97169 2
      vertex -21.174 5.97169 0
    endloop
  endfacet
  facet normal -0.967605 0.252467 0
    outer loop
      vertex -21.174 5.97169 2
      vertex -21.3921 5.1358 0
      vertex -21.3921 5.1358 2
    endloop
  endfacet
  facet normal -0.956931 0.290316 0
    outer loop
      vertex -21.174 5.97169 0
      vertex -20.9232 6.79837 2
      vertex -20.9232 6.79837 0
    endloop
  endfacet
  facet normal -0.956931 0.290316 0
    outer loop
      vertex -20.9232 6.79837 2
      vertex -21.174 5.97169 0
      vertex -21.174 5.97169 2
    endloop
  endfacet
  facet normal -0.931199 0.364511 0
    outer loop
      vertex -20.6402 7.61457 0
      vertex -20.3253 8.41903 2
      vertex -20.3253 8.41903 0
    endloop
  endfacet
  facet normal -0.931199 0.364511 0
    outer loop
      vertex -20.3253 8.41903 2
      vertex -20.6402 7.61457 0
      vertex -20.6402 7.61457 2
    endloop
  endfacet
  facet normal -0.995182 0.0980458 0
    outer loop
      vertex -21.9322 1.7261 0
      vertex -21.8475 2.58582 2
      vertex -21.8475 2.58582 0
    endloop
  endfacet
  facet normal -0.995182 0.0980458 0
    outer loop
      vertex -21.8475 2.58582 2
      vertex -21.9322 1.7261 0
      vertex -21.9322 1.7261 2
    endloop
  endfacet
  facet normal -0.999806 0.0196786 0
    outer loop
      vertex -22 0 0
      vertex -21.983 0.863715 2
      vertex -21.983 0.863715 0
    endloop
  endfacet
  facet normal -0.999806 0.0196786 0
    outer loop
      vertex -21.983 0.863715 2
      vertex -22 0 0
      vertex -22 0 2
    endloop
  endfacet
  facet normal -0.842166 0.539218 0
    outer loop
      vertex -18.7581 11.495 0
      vertex -18.2923 12.2225 2
      vertex -18.2923 12.2225 0
    endloop
  endfacet
  facet normal -0.842166 0.539218 0
    outer loop
      vertex -18.2923 12.2225 2
      vertex -18.7581 11.495 0
      vertex -18.7581 11.495 2
    endloop
  endfacet
  facet normal -0.899752 0.436402 0
    outer loop
      vertex -19.9791 9.21051 0
      vertex -19.6021 9.98779 2
      vertex -19.6021 9.98779 0
    endloop
  endfacet
  facet normal -0.899752 0.436402 0
    outer loop
      vertex -19.6021 9.98779 2
      vertex -19.9791 9.21051 0
      vertex -19.9791 9.21051 2
    endloop
  endfacet
  facet normal -0.797325 0.60355 0
    outer loop
      vertex -17.7984 12.9313 0
      vertex -17.277 13.6201 2
      vertex -17.277 13.6201 0
    endloop
  endfacet
  facet normal -0.797325 0.60355 0
    outer loop
      vertex -17.277 13.6201 2
      vertex -17.7984 12.9313 0
      vertex -17.7984 12.9313 2
    endloop
  endfacet
  facet normal -0.720804 0.693139 0
    outer loop
      vertex -16.1551 14.9336 0
      vertex -15.5563 15.5563 2
      vertex -15.5563 15.5563 0
    endloop
  endfacet
  facet normal -0.720804 0.693139 0
    outer loop
      vertex -15.5563 15.5563 2
      vertex -16.1551 14.9336 0
      vertex -16.1551 14.9336 2
    endloop
  endfacet
  facet normal 0.995182 0.0980458 0
    outer loop
      vertex 21.9322 1.7261 2
      vertex 21.8475 2.58582 0
      vertex 21.8475 2.58582 2
    endloop
  endfacet
  facet normal 0.995182 0.0980458 0
    outer loop
      vertex 21.8475 2.58582 0
      vertex 21.9322 1.7261 2
      vertex 21.9322 1.7261 0
    endloop
  endfacet
  facet normal 0.976751 0.214378 0
    outer loop
      vertex 21.5773 4.29199 2
      vertex 21.3921 5.1358 0
      vertex 21.3921 5.1358 2
    endloop
  endfacet
  facet normal 0.976751 0.214378 0
    outer loop
      vertex 21.3921 5.1358 0
      vertex 21.5773 4.29199 2
      vertex 21.5773 4.29199 0
    endloop
  endfacet
  facet normal 0.916188 0.400748 0
    outer loop
      vertex 20.3253 8.41903 2
      vertex 19.9791 9.21051 0
      vertex 19.9791 9.21051 2
    endloop
  endfacet
  facet normal 0.916188 0.400748 0
    outer loop
      vertex 19.9791 9.21051 0
      vertex 20.3253 8.41903 2
      vertex 20.3253 8.41903 0
    endloop
  endfacet
  facet normal 0.747499 0.664263 0
    outer loop
      vertex 16.7289 14.2879 2
      vertex 16.1551 14.9336 0
      vertex 16.1551 14.9336 2
    endloop
  endfacet
  facet normal 0.747499 0.664263 0
    outer loop
      vertex 16.1551 14.9336 0
      vertex 16.7289 14.2879 2
      vertex 16.7289 14.2879 0
    endloop
  endfacet
  facet normal 0.720804 0.693139 0
    outer loop
      vertex 16.1551 14.9336 2
      vertex 15.5563 15.5563 0
      vertex 15.5563 15.5563 2
    endloop
  endfacet
  facet normal 0.720804 0.693139 0
    outer loop
      vertex 15.5563 15.5563 0
      vertex 16.1551 14.9336 2
      vertex 16.1551 14.9336 0
    endloop
  endfacet
  facet normal 0.772982 0.634428 0
    outer loop
      vertex 17.277 13.6201 2
      vertex 16.7289 14.2879 0
      vertex 16.7289 14.2879 2
    endloop
  endfacet
  facet normal 0.772982 0.634428 0
    outer loop
      vertex 16.7289 14.2879 0
      vertex 17.277 13.6201 2
      vertex 17.277 13.6201 0
    endloop
  endfacet
  facet normal 0.820459 0.571705 0
    outer loop
      vertex 18.2923 12.2225 2
      vertex 17.7984 12.9313 0
      vertex 17.7984 12.9313 2
    endloop
  endfacet
  facet normal 0.820459 0.571705 0
    outer loop
      vertex 17.7984 12.9313 0
      vertex 18.2923 12.2225 2
      vertex 18.2923 12.2225 0
    endloop
  endfacet
  facet normal 0.0588045 0.99827 -0
    outer loop
      vertex 1.7261 21.9322 0
      vertex 0.863715 21.983 2
      vertex 1.7261 21.9322 2
    endloop
  endfacet
  facet normal 0.0588045 0.99827 0
    outer loop
      vertex 0.863715 21.983 2
      vertex 1.7261 21.9322 0
      vertex 0.863715 21.983 0
    endloop
  endfacet
  facet normal 0.327596 0.944818 -0
    outer loop
      vertex 7.61457 20.6402 0
      vertex 6.79837 20.9232 2
      vertex 7.61457 20.6402 2
    endloop
  endfacet
  facet normal 0.327596 0.944818 0
    outer loop
      vertex 6.79837 20.9232 2
      vertex 7.61457 20.6402 0
      vertex 6.79837 20.9232 0
    endloop
  endfacet
  facet normal 0.634428 0.772982 -0
    outer loop
      vertex 14.2879 16.7289 0
      vertex 13.6201 17.277 2
      vertex 14.2879 16.7289 2
    endloop
  endfacet
  facet normal 0.634428 0.772982 0
    outer loop
      vertex 13.6201 17.277 2
      vertex 14.2879 16.7289 0
      vertex 13.6201 17.277 0
    endloop
  endfacet
  facet normal 0.471352 0.881945 -0
    outer loop
      vertex 10.7497 19.1949 0
      vertex 9.98779 19.6021 2
      vertex 10.7497 19.1949 2
    endloop
  endfacet
  facet normal 0.471352 0.881945 0
    outer loop
      vertex 9.98779 19.6021 2
      vertex 10.7497 19.1949 0
      vertex 9.98779 19.6021 0
    endloop
  endfacet
  facet normal -0.0196786 0.999806 0
    outer loop
      vertex 0 22 0
      vertex -0.863715 21.983 2
      vertex 0 22 2
    endloop
  endfacet
  facet normal -0.0196786 0.999806 0
    outer loop
      vertex -0.863715 21.983 2
      vertex 0 22 0
      vertex -0.863715 21.983 0
    endloop
  endfacet
  facet normal -0.290316 0.956931 0
    outer loop
      vertex -5.97169 21.174 0
      vertex -6.79837 20.9232 2
      vertex -5.97169 21.174 2
    endloop
  endfacet
  facet normal -0.290316 0.956931 0
    outer loop
      vertex -6.79837 20.9232 2
      vertex -5.97169 21.174 0
      vertex -6.79837 20.9232 0
    endloop
  endfacet
  facet normal -0.436402 0.899752 0
    outer loop
      vertex -9.21051 19.9791 0
      vertex -9.98779 19.6021 2
      vertex -9.21051 19.9791 2
    endloop
  endfacet
  facet normal -0.436402 0.899752 0
    outer loop
      vertex -9.98779 19.6021 2
      vertex -9.21051 19.9791 0
      vertex -9.98779 19.6021 0
    endloop
  endfacet
  facet normal -0.60355 0.797325 0
    outer loop
      vertex -12.9313 17.7984 0
      vertex -13.6201 17.277 2
      vertex -12.9313 17.7984 2
    endloop
  endfacet
  facet normal -0.60355 0.797325 0
    outer loop
      vertex -13.6201 17.277 2
      vertex -12.9313 17.7984 0
      vertex -13.6201 17.277 0
    endloop
  endfacet
  facet normal -0.944818 0.327596 0
    outer loop
      vertex -20.9232 6.79837 0
      vertex -20.6402 7.61457 2
      vertex -20.6402 7.61457 0
    endloop
  endfacet
  facet normal -0.944818 0.327596 0
    outer loop
      vertex -20.6402 7.61457 2
      vertex -20.9232 6.79837 0
      vertex -20.9232 6.79837 2
    endloop
  endfacet
  facet normal -0.99827 0.0588045 0
    outer loop
      vertex -21.983 0.863715 0
      vertex -21.9322 1.7261 2
      vertex -21.9322 1.7261 0
    endloop
  endfacet
  facet normal -0.99827 0.0588045 0
    outer loop
      vertex -21.9322 1.7261 2
      vertex -21.983 0.863715 0
      vertex -21.983 0.863715 2
    endloop
  endfacet
  facet normal -0 0 -1
    outer loop
      vertex -0.481232 -8.0376 0
      vertex -0.501755 -8.05801 0
      vertex -0.481232 -8.01707 0
    endloop
  endfacet
  facet normal -0 0 -1
    outer loop
      vertex -0.460815 -7.99666 0
      vertex -0.481232 -8.01707 0
      vertex -0.460815 -7.97612 0
    endloop
  endfacet
  facet normal 0 0 -1
    outer loop
      vertex 1.87372 -8.4881 0
      vertex 0.522171 -8.85674 0
      vertex 0.542603 -8.79526 0
    endloop
  endfacet
  facet normal 0 0 -1
    outer loop
      vertex 1.7261 -21.9322 0
      vertex 0.501663 -8.89767 0
      vertex 0.522171 -8.85674 0
    endloop
  endfacet
  facet normal 0 0 -1
    outer loop
      vertex 1.7261 -21.9322 0
      vertex 0.440186 -8.95903 0
      vertex 0.501663 -8.89767 0
    endloop
  endfacet
  facet normal 0 0 -1
    outer loop
      vertex 1.7261 -21.9322 0
      vertex 0.399231 -8.97957 0
      vertex 0.440186 -8.95903 0
    endloop
  endfacet
  facet normal -0 0 -1
    outer loop
      vertex 0.440186 -8.95903 0
      vertex 0.399231 -8.97957 0
      vertex 0.419769 -8.95903 0
    endloop
  endfacet
  facet normal 0 0 -1
    outer loop
      vertex 1.7261 -21.9322 0
      vertex 0.337875 -9 0
      vertex 0.399231 -8.97957 0
    endloop
  endfacet
  facet normal -0 0 -1
    outer loop
      vertex 0.399231 -8.97957 0
      vertex 0.337875 -9 0
      vertex 0.358292 -8.97957 0
    endloop
  endfacet
  facet normal 0 0 -1
    outer loop
      vertex 0 -22 0
      vertex 0.337875 -9 0
      vertex 0.863715 -21.983 0
    endloop
  endfacet
  facet normal 0 0 -1
    outer loop
      vertex 0 -22 0
      vertex -0.296921 -9 0
      vertex 0.337875 -9 0
    endloop
  endfacet
  facet normal 0 0 -1
    outer loop
      vertex -0.863715 -21.983 0
      vertex -0.296921 -9 0
      vertex 0 -22 0
    endloop
  endfacet
  facet normal 0 0 -1
    outer loop
      vertex -0.296921 -9 0
      vertex -0.378815 -8.97957 0
      vertex -0.317444 -8.97957 0
    endloop
  endfacet
  facet normal 0 0 -1
    outer loop
      vertex -1.7261 -21.9322 0
      vertex -0.296921 -9 0
      vertex -0.863715 -21.983 0
    endloop
  endfacet
  facet normal 0 0 -1
    outer loop
      vertex -0.481232 -8.87714 0
      vertex -0.501755 -8.8362 0
      vertex -0.481232 -8.85674 0
    endloop
  endfacet
  facet normal 0 0 -1
    outer loop
      vertex -2.58582 -21.8475 0
      vertex -0.296921 -9 0
      vertex -1.7261 -21.9322 0
    endloop
  endfacet
  facet normal 0 0 -1
    outer loop
      vertex -8.54953 -0.563187 0
      vertex -0.501755 -8.05801 0
      vertex -0.501755 -8.8362 0
    endloop
  endfacet
  facet normal -0 0 -1
    outer loop
      vertex -0.296921 -9 0
      vertex -2.58582 -21.8475 0
      vertex -0.378815 -8.97957 0
    endloop
  endfacet
  facet normal 0 0 -1
    outer loop
      vertex -3.44156 -21.7291 0
      vertex -0.378815 -8.97957 0
      vertex -2.58582 -21.8475 0
    endloop
  endfacet
  facet normal 0 0 -1
    outer loop
      vertex -4.29199 -21.5773 0
      vertex -0.378815 -8.97957 0
      vertex -3.44156 -21.7291 0
    endloop
  endfacet
  facet normal 0 0 -1
    outer loop
      vertex -5.1358 -21.3921 0
      vertex -0.378815 -8.97957 0
      vertex -4.29199 -21.5773 0
    endloop
  endfacet
  facet normal 0 0 -1
    outer loop
      vertex -5.97169 -21.174 0
      vertex -0.378815 -8.97957 0
      vertex -5.1358 -21.3921 0
    endloop
  endfacet
  facet normal 0 0 -1
    outer loop
      vertex -6.79837 -20.9232 0
      vertex -0.378815 -8.97957 0
      vertex -5.97169 -21.174 0
    endloop
  endfacet
  facet normal 0 0 -1
    outer loop
      vertex -7.61457 -20.6402 0
      vertex -0.378815 -8.97957 0
      vertex -6.79837 -20.9232 0
    endloop
  endfacet
  facet normal -0 0 -1
    outer loop
      vertex -0.378815 -8.97957 0
      vertex -7.61457 -20.6402 0
      vertex -0.481232 -8.87714 0
    endloop
  endfacet
  facet normal 0 0 -1
    outer loop
      vertex -8.41903 -20.3253 0
      vertex -0.481232 -8.87714 0
      vertex -7.61457 -20.6402 0
    endloop
  endfacet
  facet normal 0 0 -1
    outer loop
      vertex 0.542603 -8.79526 0
      vertex 0.522171 -8.85674 0
      vertex 0.522171 -8.81578 0
    endloop
  endfacet
  facet normal 0 0 -1
    outer loop
      vertex 0.522171 -8.85674 0
      vertex 0.501663 -8.89767 0
      vertex 0.501663 -8.87714 0
    endloop
  endfacet
  facet normal 0 0 -1
    outer loop
      vertex 8.97952 -0.993164 0
      vertex 22 0 0
      vertex 21.983 -0.863715 0
    endloop
  endfacet
  facet normal 0 0 -1
    outer loop
      vertex 8.97952 -0.993164 0
      vertex 21.983 -0.863715 0
      vertex 21.9322 -1.7261 0
    endloop
  endfacet
  facet normal 0 0 -1
    outer loop
      vertex 8.97952 0.972641 0
      vertex 22 0 0
      vertex 8.97952 -0.993164 0
    endloop
  endfacet
  facet normal 0 0 -1
    outer loop
      vertex 8.97952 -0.993164 0
      vertex 21.9322 -1.7261 0
      vertex 21.8475 -2.58582 0
    endloop
  endfacet
  facet normal 0 0 -1
    outer loop
      vertex 22 0 0
      vertex 8.97952 0.972641 0
      vertex 21.983 0.863715 0
    endloop
  endfacet
  facet normal 0 0 -1
    outer loop
      vertex 8.97952 -0.993164 0
      vertex 21.8475 -2.58582 0
      vertex 21.7291 -3.44156 0
    endloop
  endfacet
  facet normal 0 0 -1
    outer loop
      vertex 21.983 0.863715 0
      vertex 8.97952 0.972641 0
      vertex 21.9322 1.7261 0
    endloop
  endfacet
  facet normal 0 0 -1
    outer loop
      vertex 8.97952 -0.993164 0
      vertex 21.7291 -3.44156 0
      vertex 21.5773 -4.29199 0
    endloop
  endfacet
  facet normal -0 0 -1
    outer loop
      vertex 21.9322 1.7261 0
      vertex 8.97952 0.972641 0
      vertex 21.8475 2.58582 0
    endloop
  endfacet
  facet normal 0 0 -1
    outer loop
      vertex 8.63142 -2.67238 0
      vertex 21.5773 -4.29199 0
      vertex 21.3921 -5.1358 0
    endloop
  endfacet
  facet normal -0 0 -1
    outer loop
      vertex 21.8475 2.58582 0
      vertex 8.97952 0.972641 0
      vertex 21.7291 3.44156 0
    endloop
  endfacet
  facet normal 0 0 -1
    outer loop
      vertex 8.63142 -2.67238 0
      vertex 21.3921 -5.1358 0
      vertex 21.174 -5.97169 0
    endloop
  endfacet
  facet normal -0 0 -1
    outer loop
      vertex 21.7291 3.44156 0
      vertex 8.97952 0.972641 0
      vertex 21.5773 4.29199 0
    endloop
  endfacet
  facet normal 0 0 -1
    outer loop
      vertex 8.63142 -2.67238 0
      vertex 21.174 -5.97169 0
      vertex 20.9232 -6.79837 0
    endloop
  endfacet
  facet normal 0 0 -1
    outer loop
      vertex 8.63142 2.67227 0
      vertex 21.5773 4.29199 0
      vertex 8.97952 0.972641 0
    endloop
  endfacet
  facet normal 0 0 -1
    outer loop
      vertex 8.63142 -2.67238 0
      vertex 20.9232 -6.79837 0
      vertex 20.6402 -7.61457 0
    endloop
  endfacet
  facet normal -0 0 -1
    outer loop
      vertex 21.5773 4.29199 0
      vertex 8.63142 2.67227 0
      vertex 21.3921 5.1358 0
    endloop
  endfacet
  facet normal 0 0 -1
    outer loop
      vertex 8.63142 -2.67238 0
      vertex 20.6402 -7.61457 0
      vertex 20.3253 -8.41903 0
    endloop
  endfacet
  facet normal -0 0 -1
    outer loop
      vertex 21.3921 5.1358 0
      vertex 8.63142 2.67227 0
      vertex 21.174 5.97169 0
    endloop
  endfacet
  facet normal 0 0 -1
    outer loop
      vertex 8.01701 -4.16728 0
      vertex 20.3253 -8.41903 0
      vertex 19.9791 -9.21051 0
    endloop
  endfacet
  facet normal -0 0 -1
    outer loop
      vertex 21.174 5.97169 0
      vertex 8.63142 2.67227 0
      vertex 20.9232 6.79837 0
    endloop
  endfacet
  facet normal 0 0 -1
    outer loop
      vertex 8.01701 -4.16728 0
      vertex 19.9791 -9.21051 0
      vertex 19.6021 -9.98779 0
    endloop
  endfacet
  facet normal -0 0 -1
    outer loop
      vertex 20.9232 6.79837 0
      vertex 8.63142 2.67227 0
      vertex 20.6402 7.61457 0
    endloop
  endfacet
  facet normal 0 0 -1
    outer loop
      vertex 8.01701 -4.16728 0
      vertex 19.6021 -9.98779 0
      vertex 19.1949 -10.7497 0
    endloop
  endfacet
  facet normal -0 0 -1
    outer loop
      vertex 20.6402 7.61457 0
      vertex 8.63142 2.67227 0
      vertex 20.3253 8.41903 0
    endloop
  endfacet
  facet normal 0 0 -1
    outer loop
      vertex 8.01701 -4.16728 0
      vertex 19.1949 -10.7497 0
      vertex 18.7581 -11.495 0
    endloop
  endfacet
  facet normal 0 0 -1
    outer loop
      vertex 7.95566 4.26959 0
      vertex 20.3253 8.41903 0
      vertex 8.63142 2.67227 0
    endloop
  endfacet
  facet normal 0 0 -1
    outer loop
      vertex 8.01701 -4.16728 0
      vertex 18.7581 -11.495 0
      vertex 18.2923 -12.2225 0
    endloop
  endfacet
  facet normal -0 0 -1
    outer loop
      vertex 20.3253 8.41903 0
      vertex 7.95566 4.26959 0
      vertex 19.9791 9.21051 0
    endloop
  endfacet
  facet normal 0 0 -1
    outer loop
      vertex 7.13651 -5.53925 0
      vertex 18.2923 -12.2225 0
      vertex 17.7984 -12.9313 0
    endloop
  endfacet
  facet normal -0 0 -1
    outer loop
      vertex 19.9791 9.21051 0
      vertex 7.95566 4.26959 0
      vertex 19.6021 9.98779 0
    endloop
  endfacet
  facet normal 0 0 -1
    outer loop
      vertex 7.13651 -5.53925 0
      vertex 17.7984 -12.9313 0
      vertex 17.277 -13.6201 0
    endloop
  endfacet
  facet normal -0 0 -1
    outer loop
      vertex 19.6021 9.98779 0
      vertex 7.95566 4.26959 0
      vertex 19.1949 10.7497 0
    endloop
  endfacet
  facet normal 0 0 -1
    outer loop
      vertex 7.13651 -5.53925 0
      vertex 17.277 -13.6201 0
      vertex 16.7289 -14.2879 0
    endloop
  endfacet
  facet normal -0 0 -1
    outer loop
      vertex 19.1949 10.7497 0
      vertex 7.95566 4.26959 0
      vertex 18.7581 11.495 0
    endloop
  endfacet
  facet normal 0 0 -1
    outer loop
      vertex 7.13651 -5.53925 0
      vertex 16.7289 -14.2879 0
      vertex 16.1551 -14.9336 0
    endloop
  endfacet
  facet normal -0 0 -1
    outer loop
      vertex 18.7581 11.495 0
      vertex 7.95566 4.26959 0
      vertex 18.2923 12.2225 0
    endloop
  endfacet
  facet normal 0 0 -1
    outer loop
      vertex 5.96928 -6.78847 0
      vertex 16.1551 -14.9336 0
      vertex 15.5563 -15.5563 0
    endloop
  endfacet
  facet normal 0 0 -1
    outer loop
      vertex 6.95221 5.76451 0
      vertex 18.2923 12.2225 0
      vertex 7.95566 4.26959 0
    endloop
  endfacet
  facet normal 0 0 -1
    outer loop
      vertex 5.96928 -6.78847 0
      vertex 15.5563 -15.5563 0
      vertex 14.9336 -16.1551 0
    endloop
  endfacet
  facet normal -0 0 -1
    outer loop
      vertex 18.2923 12.2225 0
      vertex 6.95221 5.76451 0
      vertex 17.7984 12.9313 0
    endloop
  endfacet
  facet normal 0 0 -1
    outer loop
      vertex 5.96928 -6.78847 0
      vertex 14.9336 -16.1551 0
      vertex 14.2879 -16.7289 0
    endloop
  endfacet
  facet normal -0 0 -1
    outer loop
      vertex 17.7984 12.9313 0
      vertex 6.95221 5.76451 0
      vertex 17.277 13.6201 0
    endloop
  endfacet
  facet normal 0 0 -1
    outer loop
      vertex 5.96928 -6.78847 0
      vertex 14.2879 -16.7289 0
      vertex 13.6201 -17.277 0
    endloop
  endfacet
  facet normal -0 0 -1
    outer loop
      vertex 17.277 13.6201 0
      vertex 6.95221 5.76451 0
      vertex 16.7289 14.2879 0
    endloop
  endfacet
  facet normal 0 0 -1
    outer loop
      vertex 5.96928 -6.78847 0
      vertex 13.6201 -17.277 0
      vertex 12.9313 -17.7984 0
    endloop
  endfacet
  facet normal -0 0 -1
    outer loop
      vertex 16.7289 14.2879 0
      vertex 6.95221 5.76451 0
      vertex 16.1551 14.9336 0
    endloop
  endfacet
  facet normal 0 0 -1
    outer loop
      vertex 5.96928 -6.78847 0
      vertex 12.9313 -17.7984 0
      vertex 12.2225 -18.2923 0
    endloop
  endfacet
  facet normal -0 0 -1
    outer loop
      vertex 16.1551 14.9336 0
      vertex 6.95221 5.76451 0
      vertex 15.5563 15.5563 0
    endloop
  endfacet
  facet normal 0 0 -1
    outer loop
      vertex 4.16724 -8.01707 0
      vertex 12.2225 -18.2923 0
      vertex 11.495 -18.7581 0
    endloop
  endfacet
  facet normal 0 0 -1
    outer loop
      vertex 5.8054 6.91121 0
      vertex 15.5563 15.5563 0
      vertex 6.95221 5.76451 0
    endloop
  endfacet
  facet normal 0 0 -1
    outer loop
      vertex 4.16724 -8.01707 0
      vertex 11.495 -18.7581 0
      vertex 10.7497 -19.1949 0
    endloop
  endfacet
  facet normal -0 0 -1
    outer loop
      vertex 15.5563 15.5563 0
      vertex 5.8054 6.91121 0
      vertex 14.9336 16.1551 0
    endloop
  endfacet
  facet normal 0 0 -1
    outer loop
      vertex 4.16724 -8.01707 0
      vertex 10.7497 -19.1949 0
      vertex 9.98779 -19.6021 0
    endloop
  endfacet
  facet normal -0 0 -1
    outer loop
      vertex 14.9336 16.1551 0
      vertex 5.8054 6.91121 0
      vertex 14.2879 16.7289 0
    endloop
  endfacet
  facet normal 0 0 -1
    outer loop
      vertex 4.16724 -8.01707 0
      vertex 9.98779 -19.6021 0
      vertex 9.21051 -19.9791 0
    endloop
  endfacet
  facet normal -0 0 -1
    outer loop
      vertex 14.2879 16.7289 0
      vertex 5.8054 6.91121 0
      vertex 13.6201 17.277 0
    endloop
  endfacet
  facet normal -0 0 -1
    outer loop
      vertex 13.6201 17.277 0
      vertex 5.8054 6.91121 0
      vertex 12.9313 17.7984 0
    endloop
  endfacet
  facet normal 0 0 -1
    outer loop
      vertex 21.5773 -4.29199 0
      vertex 8.63142 -2.67238 0
      vertex 8.97952 -0.993164 0
    endloop
  endfacet
  facet normal 0 0 -1
    outer loop
      vertex 4.16724 -8.01707 0
      vertex 9.21051 -19.9791 0
      vertex 8.41903 -20.3253 0
    endloop
  endfacet
  facet normal 0 0 -1
    outer loop
      vertex 20.3253 -8.41903 0
      vertex 8.01701 -4.16728 0
      vertex 8.63142 -2.67238 0
    endloop
  endfacet
  facet normal 0 0 -1
    outer loop
      vertex 2.52896 -8.67241 0
      vertex 8.41903 -20.3253 0
      vertex 7.61457 -20.6402 0
    endloop
  endfacet
  facet normal 0 0 -1
    outer loop
      vertex 18.2923 -12.2225 0
      vertex 7.13651 -5.53925 0
      vertex 8.01701 -4.16728 0
    endloop
  endfacet
  facet normal 0 0 -1
    outer loop
      vertex 2.52896 -8.67241 0
      vertex 7.61457 -20.6402 0
      vertex 6.79837 -20.9232 0
    endloop
  endfacet
  facet normal 0 0 -1
    outer loop
      vertex 2.52896 -8.67241 0
      vertex 6.79837 -20.9232 0
      vertex 5.97169 -21.174 0
    endloop
  endfacet
  facet normal 0 0 -1
    outer loop
      vertex 16.1551 -14.9336 0
      vertex 5.96928 -6.78847 0
      vertex 7.13651 -5.53925 0
    endloop
  endfacet
  facet normal 0 0 -1
    outer loop
      vertex 2.52896 -8.67241 0
      vertex 5.97169 -21.174 0
      vertex 5.1358 -21.3921 0
    endloop
  endfacet
  facet normal 0 0 -1
    outer loop
      vertex 2.52896 -8.67241 0
      vertex 5.1358 -21.3921 0
      vertex 4.29199 -21.5773 0
    endloop
  endfacet
  facet normal 0 0 -1
    outer loop
      vertex 12.2225 -18.2923 0
      vertex 4.16724 -8.01707 0
      vertex 5.96928 -6.78847 0
    endloop
  endfacet
  facet normal 0 0 -1
    outer loop
      vertex 2.52896 -8.67241 0
      vertex 4.29199 -21.5773 0
      vertex 3.44156 -21.7291 0
    endloop
  endfacet
  facet normal 0 0 -1
    outer loop
      vertex 2.52896 -8.67241 0
      vertex 3.44156 -21.7291 0
      vertex 2.58582 -21.8475 0
    endloop
  endfacet
  facet normal 0 0 -1
    outer loop
      vertex 8.41903 -20.3253 0
      vertex 2.52896 -8.67241 0
      vertex 4.16724 -8.01707 0
    endloop
  endfacet
  facet normal 0 0 -1
    outer loop
      vertex 0.522171 -8.85674 0
      vertex 2.52896 -8.67241 0
      vertex 2.58582 -21.8475 0
    endloop
  endfacet
  facet normal 0 0 -1
    outer loop
      vertex 0.522171 -8.85674 0
      vertex 1.87372 -8.4881 0
      vertex 2.52896 -8.67241 0
    endloop
  endfacet
  facet normal 0 0 -1
    outer loop
      vertex 0.522171 -8.85674 0
      vertex 2.58582 -21.8475 0
      vertex 1.7261 -21.9322 0
    endloop
  endfacet
  facet normal -0 0 -1
    outer loop
      vertex 12.9313 17.7984 0
      vertex 5.8054 6.91121 0
      vertex 12.2225 18.2923 0
    endloop
  endfacet
  facet normal 0 0 -1
    outer loop
      vertex 4.33102 7.91464 0
      vertex 12.2225 18.2923 0
      vertex 5.8054 6.91121 0
    endloop
  endfacet
  facet normal -0 0 -1
    outer loop
      vertex 12.2225 18.2923 0
      vertex 4.33102 7.91464 0
      vertex 11.495 18.7581 0
    endloop
  endfacet
  facet normal -0 0 -1
    outer loop
      vertex 11.495 18.7581 0
      vertex 4.33102 7.91464 0
      vertex 10.7497 19.1949 0
    endloop
  endfacet
  facet normal -0 0 -1
    outer loop
      vertex 10.7497 19.1949 0
      vertex 4.33102 7.91464 0
      vertex 9.98779 19.6021 0
    endloop
  endfacet
  facet normal -0 0 -1
    outer loop
      vertex 9.98779 19.6021 0
      vertex 4.33102 7.91464 0
      vertex 9.21051 19.9791 0
    endloop
  endfacet
  facet normal -0 0 -1
    outer loop
      vertex 9.21051 19.9791 0
      vertex 4.33102 7.91464 0
      vertex 8.41903 20.3253 0
    endloop
  endfacet
  facet normal 0 0 -1
    outer loop
      vertex 2.75423 8.59042 0
      vertex 8.41903 20.3253 0
      vertex 4.33102 7.91464 0
    endloop
  endfacet
  facet normal -0 0 -1
    outer loop
      vertex 8.41903 20.3253 0
      vertex 2.75423 8.59042 0
      vertex 7.61457 20.6402 0
    endloop
  endfacet
  facet normal -0 0 -1
    outer loop
      vertex 7.61457 20.6402 0
      vertex 2.75423 8.59042 0
      vertex 6.79837 20.9232 0
    endloop
  endfacet
  facet normal -0 0 -1
    outer loop
      vertex 6.79837 20.9232 0
      vertex 2.75423 8.59042 0
      vertex 5.97169 21.174 0
    endloop
  endfacet
  facet normal -0 0 -1
    outer loop
      vertex 5.97169 21.174 0
      vertex 2.75423 8.59042 0
      vertex 5.1358 21.3921 0
    endloop
  endfacet
  facet normal -0 0 -1
    outer loop
      vertex 5.1358 21.3921 0
      vertex 2.75423 8.59042 0
      vertex 4.29199 21.5773 0
    endloop
  endfacet
  facet normal 0 0 -1
    outer loop
      vertex 1.03407 8.95903 0
      vertex 4.29199 21.5773 0
      vertex 2.75423 8.59042 0
    endloop
  endfacet
  facet normal -0 0 -1
    outer loop
      vertex 4.29199 21.5773 0
      vertex 1.03407 8.95903 0
      vertex 3.44156 21.7291 0
    endloop
  endfacet
  facet normal -0 0 -1
    outer loop
      vertex 3.44156 21.7291 0
      vertex 1.03407 8.95903 0
      vertex 2.58582 21.8475 0
    endloop
  endfacet
  facet normal -0 0 -1
    outer loop
      vertex 2.58582 21.8475 0
      vertex 1.03407 8.95903 0
      vertex 1.7261 21.9322 0
    endloop
  endfacet
  facet normal 0 0 -1
    outer loop
      vertex 1.03407 8.95903 0
      vertex 0.863715 21.983 0
      vertex 1.7261 21.9322 0
    endloop
  endfacet
  facet normal 0 0 -1
    outer loop
      vertex -0.542709 9 0
      vertex 0.863715 21.983 0
      vertex 1.03407 8.95903 0
    endloop
  endfacet
  facet normal -0 0 -1
    outer loop
      vertex 0.863715 21.983 0
      vertex -0.542709 9 0
      vertex 0 22 0
    endloop
  endfacet
  facet normal 0 0 -1
    outer loop
      vertex -0.542709 9 0
      vertex -0.863715 21.983 0
      vertex 0 22 0
    endloop
  endfacet
  facet normal 0 0 -1
    outer loop
      vertex -0.542709 9 0
      vertex -1.7261 21.9322 0
      vertex -0.863715 21.983 0
    endloop
  endfacet
  facet normal 0 0 -1
    outer loop
      vertex -3.44156 21.7291 0
      vertex -0.542709 9 0
      vertex -2.46761 8.67232 0
    endloop
  endfacet
  facet normal 0 0 -1
    outer loop
      vertex -0.542709 9 0
      vertex -2.58582 21.8475 0
      vertex -1.7261 21.9322 0
    endloop
  endfacet
  facet normal 0 0 -1
    outer loop
      vertex -0.542709 9 0
      vertex -3.44156 21.7291 0
      vertex -2.58582 21.8475 0
    endloop
  endfacet
  facet normal 0 0 -1
    outer loop
      vertex -2.46761 8.67232 0
      vertex -4.29199 21.5773 0
      vertex -3.44156 21.7291 0
    endloop
  endfacet
  facet normal 0 0 -1
    outer loop
      vertex -9.21051 19.9791 0
      vertex -2.46761 8.67232 0
      vertex -5.04784 7.46414 0
    endloop
  endfacet
  facet normal 0 0 -1
    outer loop
      vertex -2.46761 8.67232 0
      vertex -5.1358 21.3921 0
      vertex -4.29199 21.5773 0
    endloop
  endfacet
  facet normal 0 0 -1
    outer loop
      vertex -2.46761 8.67232 0
      vertex -5.97169 21.174 0
      vertex -5.1358 21.3921 0
    endloop
  endfacet
  facet normal 0 0 -1
    outer loop
      vertex -2.46761 8.67232 0
      vertex -6.79837 20.9232 0
      vertex -5.97169 21.174 0
    endloop
  endfacet
  facet normal 0 0 -1
    outer loop
      vertex -14.9336 16.1551 0
      vertex -5.04784 7.46414 0
      vertex -7.13651 5.49829 0
    endloop
  endfacet
  facet normal 0 0 -1
    outer loop
      vertex -2.46761 8.67232 0
      vertex -7.61457 20.6402 0
      vertex -6.79837 20.9232 0
    endloop
  endfacet
  facet normal 0 0 -1
    outer loop
      vertex -2.46761 8.67232 0
      vertex -8.41903 20.3253 0
      vertex -7.61457 20.6402 0
    endloop
  endfacet
  facet normal 0 0 -1
    outer loop
      vertex -19.1949 10.7497 0
      vertex -7.13651 5.49829 0
      vertex -8.54953 2.83617 0
    endloop
  endfacet
  facet normal 0 0 -1
    outer loop
      vertex -21.7291 3.44156 0
      vertex -8.54953 2.83617 0
      vertex -8.97952 -0.19455 0
    endloop
  endfacet
  facet normal 0 0 -1
    outer loop
      vertex -2.46761 8.67232 0
      vertex -9.21051 19.9791 0
      vertex -8.41903 20.3253 0
    endloop
  endfacet
  facet normal 0 0 -1
    outer loop
      vertex -14.2879 -16.7289 0
      vertex -0.501755 -8.8362 0
      vertex -13.6201 -17.277 0
    endloop
  endfacet
  facet normal 0 -0 -1
    outer loop
      vertex -6.15359 -0.440231 0
      vertex -2.52907 -2.20134 0
      vertex -8.54953 -0.563187 0
    endloop
  endfacet
  facet normal 0 0 -1
    outer loop
      vertex -5.04784 7.46414 0
      vertex -9.98779 19.6021 0
      vertex -9.21051 19.9791 0
    endloop
  endfacet
  facet normal 0 0 -1
    outer loop
      vertex -2.52907 -2.20134 0
      vertex -6.15359 -0.440231 0
      vertex -3.08191 -1.32083 0
    endloop
  endfacet
  facet normal 0 0 -1
    outer loop
      vertex -5.04784 7.46414 0
      vertex -10.7497 19.1949 0
      vertex -9.98779 19.6021 0
    endloop
  endfacet
  facet normal 0 0 -1
    outer loop
      vertex -0.501755 -8.05801 0
      vertex -8.54953 -0.563187 0
      vertex -2.52907 -2.20134 0
    endloop
  endfacet
  facet normal 0 0 -1
    outer loop
      vertex -5.04784 7.46414 0
      vertex -11.495 18.7581 0
      vertex -10.7497 19.1949 0
    endloop
  endfacet
  facet normal 0 0 -1
    outer loop
      vertex -0.501755 -8.05801 0
      vertex -2.52907 -2.20134 0
      vertex -1.62804 -2.93858 0
    endloop
  endfacet
  facet normal 0 0 -1
    outer loop
      vertex -5.04784 7.46414 0
      vertex -12.2225 18.2923 0
      vertex -11.495 18.7581 0
    endloop
  endfacet
  facet normal 0 0 -1
    outer loop
      vertex -14.9336 -16.1551 0
      vertex -0.501755 -8.8362 0
      vertex -14.2879 -16.7289 0
    endloop
  endfacet
  facet normal 0 0 -1
    outer loop
      vertex -5.04784 7.46414 0
      vertex -12.9313 17.7984 0
      vertex -12.2225 18.2923 0
    endloop
  endfacet
  facet normal 0 0 -1
    outer loop
      vertex -15.5563 -15.5563 0
      vertex -0.501755 -8.8362 0
      vertex -14.9336 -16.1551 0
    endloop
  endfacet
  facet normal 0 0 -1
    outer loop
      vertex -5.04784 7.46414 0
      vertex -13.6201 17.277 0
      vertex -12.9313 17.7984 0
    endloop
  endfacet
  facet normal -0 0 -1
    outer loop
      vertex -0.501755 -8.8362 0
      vertex -15.5563 -15.5563 0
      vertex -8.54953 -0.563187 0
    endloop
  endfacet
  facet normal 0 0 -1
    outer loop
      vertex -5.04784 7.46414 0
      vertex -14.2879 16.7289 0
      vertex -13.6201 17.277 0
    endloop
  endfacet
  facet normal 0 0 -1
    outer loop
      vertex -16.1551 -14.9336 0
      vertex -8.54953 -0.563187 0
      vertex -15.5563 -15.5563 0
    endloop
  endfacet
  facet normal 0 0 -1
    outer loop
      vertex -5.04784 7.46414 0
      vertex -14.9336 16.1551 0
      vertex -14.2879 16.7289 0
    endloop
  endfacet
  facet normal 0 0 -1
    outer loop
      vertex -16.7289 -14.2879 0
      vertex -8.54953 -0.563187 0
      vertex -16.1551 -14.9336 0
    endloop
  endfacet
  facet normal 0 0 -1
    outer loop
      vertex -7.13651 5.49829 0
      vertex -15.5563 15.5563 0
      vertex -14.9336 16.1551 0
    endloop
  endfacet
  facet normal 0 0 -1
    outer loop
      vertex -17.277 -13.6201 0
      vertex -8.54953 -0.563187 0
      vertex -16.7289 -14.2879 0
    endloop
  endfacet
  facet normal 0 0 -1
    outer loop
      vertex -7.13651 5.49829 0
      vertex -16.1551 14.9336 0
      vertex -15.5563 15.5563 0
    endloop
  endfacet
  facet normal 0 0 -1
    outer loop
      vertex -17.7984 -12.9313 0
      vertex -8.54953 -0.563187 0
      vertex -17.277 -13.6201 0
    endloop
  endfacet
  facet normal 0 0 -1
    outer loop
      vertex -7.13651 5.49829 0
      vertex -16.7289 14.2879 0
      vertex -16.1551 14.9336 0
    endloop
  endfacet
  facet normal 0 0 -1
    outer loop
      vertex -18.2923 -12.2225 0
      vertex -8.54953 -0.563187 0
      vertex -17.7984 -12.9313 0
    endloop
  endfacet
  facet normal 0 0 -1
    outer loop
      vertex -7.13651 5.49829 0
      vertex -17.277 13.6201 0
      vertex -16.7289 14.2879 0
    endloop
  endfacet
  facet normal 0 0 -1
    outer loop
      vertex -18.7581 -11.495 0
      vertex -8.54953 -0.563187 0
      vertex -18.2923 -12.2225 0
    endloop
  endfacet
  facet normal 0 0 -1
    outer loop
      vertex -7.13651 5.49829 0
      vertex -17.7984 12.9313 0
      vertex -17.277 13.6201 0
    endloop
  endfacet
  facet normal 0 0 -1
    outer loop
      vertex -19.1949 -10.7497 0
      vertex -8.54953 -0.563187 0
      vertex -18.7581 -11.495 0
    endloop
  endfacet
  facet normal 0 0 -1
    outer loop
      vertex -7.13651 5.49829 0
      vertex -18.2923 12.2225 0
      vertex -17.7984 12.9313 0
    endloop
  endfacet
  facet normal 0 0 -1
    outer loop
      vertex -19.6021 -9.98779 0
      vertex -8.54953 -0.563187 0
      vertex -19.1949 -10.7497 0
    endloop
  endfacet
  facet normal 0 0 -1
    outer loop
      vertex -7.13651 5.49829 0
      vertex -18.7581 11.495 0
      vertex -18.2923 12.2225 0
    endloop
  endfacet
  facet normal 0 0 -1
    outer loop
      vertex -19.9791 -9.21051 0
      vertex -8.54953 -0.563187 0
      vertex -19.6021 -9.98779 0
    endloop
  endfacet
  facet normal 0 0 -1
    outer loop
      vertex -7.13651 5.49829 0
      vertex -19.1949 10.7497 0
      vertex -18.7581 11.495 0
    endloop
  endfacet
  facet normal -0 0 -1
    outer loop
      vertex -8.54953 -0.563187 0
      vertex -19.9791 -9.21051 0
      vertex -8.97952 -0.19455 0
    endloop
  endfacet
  facet normal 0 0 -1
    outer loop
      vertex -8.54953 2.83617 0
      vertex -19.6021 9.98779 0
      vertex -19.1949 10.7497 0
    endloop
  endfacet
  facet normal 0 0 -1
    outer loop
      vertex -20.3253 -8.41903 0
      vertex -8.97952 -0.19455 0
      vertex -19.9791 -9.21051 0
    endloop
  endfacet
  facet normal 0 0 -1
    outer loop
      vertex -8.54953 2.83617 0
      vertex -19.9791 9.21051 0
      vertex -19.6021 9.98779 0
    endloop
  endfacet
  facet normal 0 0 -1
    outer loop
      vertex -20.6402 -7.61457 0
      vertex -8.97952 -0.19455 0
      vertex -20.3253 -8.41903 0
    endloop
  endfacet
  facet normal 0 0 -1
    outer loop
      vertex -8.54953 2.83617 0
      vertex -20.3253 8.41903 0
      vertex -19.9791 9.21051 0
    endloop
  endfacet
  facet normal 0 0 -1
    outer loop
      vertex -20.9232 -6.79837 0
      vertex -8.97952 -0.19455 0
      vertex -20.6402 -7.61457 0
    endloop
  endfacet
  facet normal 0 0 -1
    outer loop
      vertex -8.54953 2.83617 0
      vertex -20.6402 7.61457 0
      vertex -20.3253 8.41903 0
    endloop
  endfacet
  facet normal 0 0 -1
    outer loop
      vertex -21.174 -5.97169 0
      vertex -8.97952 -0.19455 0
      vertex -20.9232 -6.79837 0
    endloop
  endfacet
  facet normal 0 0 -1
    outer loop
      vertex -8.54953 2.83617 0
      vertex -20.9232 6.79837 0
      vertex -20.6402 7.61457 0
    endloop
  endfacet
  facet normal 0 0 -1
    outer loop
      vertex -21.3921 -5.1358 0
      vertex -8.97952 -0.19455 0
      vertex -21.174 -5.97169 0
    endloop
  endfacet
  facet normal 0 0 -1
    outer loop
      vertex -8.54953 2.83617 0
      vertex -21.174 5.97169 0
      vertex -20.9232 6.79837 0
    endloop
  endfacet
  facet normal 0 0 -1
    outer loop
      vertex -21.5773 -4.29199 0
      vertex -8.97952 -0.19455 0
      vertex -21.3921 -5.1358 0
    endloop
  endfacet
  facet normal 0 0 -1
    outer loop
      vertex -8.54953 2.83617 0
      vertex -21.3921 5.1358 0
      vertex -21.174 5.97169 0
    endloop
  endfacet
  facet normal 0 0 -1
    outer loop
      vertex -21.7291 -3.44156 0
      vertex -8.97952 -0.19455 0
      vertex -21.5773 -4.29199 0
    endloop
  endfacet
  facet normal 0 0 -1
    outer loop
      vertex -8.54953 2.83617 0
      vertex -21.5773 4.29199 0
      vertex -21.3921 5.1358 0
    endloop
  endfacet
  facet normal 0 0 -1
    outer loop
      vertex -21.8475 -2.58582 0
      vertex -8.97952 -0.19455 0
      vertex -21.7291 -3.44156 0
    endloop
  endfacet
  facet normal 0 0 -1
    outer loop
      vertex -8.54953 2.83617 0
      vertex -21.7291 3.44156 0
      vertex -21.5773 4.29199 0
    endloop
  endfacet
  facet normal 0 0 -1
    outer loop
      vertex -21.9322 -1.7261 0
      vertex -8.97952 -0.19455 0
      vertex -21.8475 -2.58582 0
    endloop
  endfacet
  facet normal 0 0 -1
    outer loop
      vertex -8.97952 -0.19455 0
      vertex -21.8475 2.58582 0
      vertex -21.7291 3.44156 0
    endloop
  endfacet
  facet normal 0 0 -1
    outer loop
      vertex -21.983 -0.863715 0
      vertex -8.97952 -0.19455 0
      vertex -21.9322 -1.7261 0
    endloop
  endfacet
  facet normal 0 0 -1
    outer loop
      vertex -8.97952 -0.19455 0
      vertex -21.9322 1.7261 0
      vertex -21.8475 2.58582 0
    endloop
  endfacet
  facet normal 0 0 -1
    outer loop
      vertex -22 0 0
      vertex -8.97952 -0.19455 0
      vertex -21.983 -0.863715 0
    endloop
  endfacet
  facet normal 0 0 -1
    outer loop
      vertex -8.97952 -0.19455 0
      vertex -21.983 0.863715 0
      vertex -21.9322 1.7261 0
    endloop
  endfacet
  facet normal 0 0 -1
    outer loop
      vertex -8.97952 -0.19455 0
      vertex -22 0 0
      vertex -21.983 0.863715 0
    endloop
  endfacet
  facet normal -0 0 -1
    outer loop
      vertex 7.87364 -0.911285 0
      vertex 6.74736 -2.42661 0
      vertex 7.13651 -0.645081 0
    endloop
  endfacet
  facet normal -0 0 -1
    outer loop
      vertex 7.25937 -3.18436 0
      vertex 5.94876 -4.00339 0
      vertex 6.74736 -2.42661 0
    endloop
  endfacet
  facet normal 0 0 -1
    outer loop
      vertex 5.90782 -5.27304 0
      vertex 5.94876 -4.00339 0
      vertex 7.25937 -3.18436 0
    endloop
  endfacet
  facet normal -0 0 -1
    outer loop
      vertex 5.90782 -5.27304 0
      vertex 4.72006 -5.39587 0
      vertex 5.94876 -4.00339 0
    endloop
  endfacet
  facet normal 0 0 -1
    outer loop
      vertex 4.04428 -6.8089 0
      vertex 4.72006 -5.39587 0
      vertex 5.90782 -5.27304 0
    endloop
  endfacet
  facet normal 0 0 -1
    outer loop
      vertex 4.04428 -6.8089 0
      vertex 2.93854 -6.54269 0
      vertex 4.72006 -5.39587 0
    endloop
  endfacet
  facet normal 0 0 -1
    outer loop
      vertex 1.87372 -7.79181 0
      vertex 2.93854 -6.54269 0
      vertex 4.04428 -6.8089 0
    endloop
  endfacet
  facet normal 0 0 -1
    outer loop
      vertex 1.87372 -7.79181 0
      vertex 1.157 -7.0751 0
      vertex 2.93854 -6.54269 0
    endloop
  endfacet
  facet normal 0 0 -1
    outer loop
      vertex 0.542603 -8.07854 0
      vertex 1.87372 -8.4881 0
      vertex 0.542603 -8.79526 0
    endloop
  endfacet
  facet normal 0 0 -1
    outer loop
      vertex 0.337875 -9 0
      vertex 1.7261 -21.9322 0
      vertex 0.863715 -21.983 0
    endloop
  endfacet
  facet normal 0 0 -1
    outer loop
      vertex 1.87372 -8.4881 0
      vertex 0.542603 -8.07854 0
      vertex 1.87372 -7.79181 0
    endloop
  endfacet
  facet normal -0 0 -1
    outer loop
      vertex 1.87372 -7.79181 0
      vertex 0.542603 -8.07854 0
      vertex 1.157 -7.0751 0
    endloop
  endfacet
  facet normal 0 0 -1
    outer loop
      vertex 0.522171 -8.0376 0
      vertex 0.542603 -8.07854 0
      vertex 0.522171 -8.05801 0
    endloop
  endfacet
  facet normal 0 0 -1
    outer loop
      vertex 0.542603 -8.07854 0
      vertex 0.522171 -8.0376 0
      vertex 1.157 -7.0751 0
    endloop
  endfacet
  facet normal 0 0 -1
    outer loop
      vertex 0.501663 -7.99666 0
      vertex 0.522171 -8.0376 0
      vertex 0.501663 -8.01707 0
    endloop
  endfacet
  facet normal 0 0 -1
    outer loop
      vertex 0.522171 -8.0376 0
      vertex 0.501663 -7.99666 0
      vertex 1.157 -7.0751 0
    endloop
  endfacet
  facet normal 0 0 -1
    outer loop
      vertex 0.419769 -7.91475 0
      vertex 1.157 -7.0751 0
      vertex 0.501663 -7.99666 0
    endloop
  endfacet
  facet normal 0 0 -1
    outer loop
      vertex 0.358292 -7.89423 0
      vertex 0.419769 -7.91475 0
      vertex 0.378815 -7.91475 0
    endloop
  endfacet
  facet normal 0 0 -1
    outer loop
      vertex 0.419769 -7.91475 0
      vertex 0.358292 -7.89423 0
      vertex 1.157 -7.0751 0
    endloop
  endfacet
  facet normal 0 0 -1
    outer loop
      vertex 0.358292 -7.89423 0
      vertex -0.051239 -7.157 0
      vertex 1.157 -7.0751 0
    endloop
  endfacet
  facet normal 0 0 -1
    outer loop
      vertex -0.337875 -7.89423 0
      vertex -0.051239 -7.157 0
      vertex 0.358292 -7.89423 0
    endloop
  endfacet
  facet normal 0 0 -1
    outer loop
      vertex -0.378815 -7.91475 0
      vertex -0.337875 -7.89423 0
      vertex -0.358383 -7.91475 0
    endloop
  endfacet
  facet normal 0 0 -1
    outer loop
      vertex -0.399338 -6.97267 0
      vertex -0.337875 -7.89423 0
      vertex -0.378815 -7.91475 0
    endloop
  endfacet
  facet normal 0 0 -1
    outer loop
      vertex -0.419769 -7.93518 0
      vertex -0.378815 -7.91475 0
      vertex -0.399338 -7.93518 0
    endloop
  endfacet
  facet normal 0 -0 -1
    outer loop
      vertex -0.399338 -6.97267 0
      vertex -0.378815 -7.91475 0
      vertex -0.419769 -7.93518 0
    endloop
  endfacet
  facet normal 0 0 -1
    outer loop
      vertex -0.337875 -7.89423 0
      vertex -0.399338 -6.97267 0
      vertex -0.051239 -7.157 0
    endloop
  endfacet
  facet normal 0 0 -1
    outer loop
      vertex -0.460815 -7.97612 0
      vertex -0.399338 -6.97267 0
      vertex -0.419769 -7.93518 0
    endloop
  endfacet
  facet normal 0 0 -1
    outer loop
      vertex -0.481232 -8.01707 0
      vertex -0.399338 -6.97267 0
      vertex -0.460815 -7.97612 0
    endloop
  endfacet
  facet normal 0 0 -1
    outer loop
      vertex -0.501755 -8.05801 0
      vertex -0.399338 -6.97267 0
      vertex -0.481232 -8.01707 0
    endloop
  endfacet
  facet normal -0 0 -1
    outer loop
      vertex -0.399338 -6.97267 0
      vertex -0.501755 -8.05801 0
      vertex -0.501755 -3.3891 0
    endloop
  endfacet
  facet normal 0 0 -1
    outer loop
      vertex 7.13651 -0.645081 0
      vertex 7.81229 1.36179 0
      vertex 7.87364 -0.911285 0
    endloop
  endfacet
  facet normal 0 0 -1
    outer loop
      vertex 6.74736 -2.42661 0
      vertex 7.87364 -0.911285 0
      vertex 7.25937 -3.18436 0
    endloop
  endfacet
  facet normal -0 0 -1
    outer loop
      vertex 7.81229 1.36179 0
      vertex 7.13651 -0.645081 0
      vertex 7.0341 1.38222 0
    endloop
  endfacet
  facet normal 0 0 -1
    outer loop
      vertex 7.81229 1.36179 0
      vertex 7.0341 1.38222 0
      vertex 7.27988 3.14331 0
    endloop
  endfacet
  facet normal 0 0 -1
    outer loop
      vertex 6.50169 3.02048 0
      vertex 7.27988 3.14331 0
      vertex 7.0341 1.38222 0
    endloop
  endfacet
  facet normal 0 0 -1
    outer loop
      vertex 6.50169 3.02048 0
      vertex 6.21497 4.90443 0
      vertex 7.27988 3.14331 0
    endloop
  endfacet
  facet normal 0 0 -1
    outer loop
      vertex 5.41635 4.67917 0
      vertex 6.21497 4.90443 0
      vertex 6.50169 3.02048 0
    endloop
  endfacet
  facet normal 0 0 -1
    outer loop
      vertex 5.41635 4.67917 0
      vertex 4.5768 6.46069 0
      vertex 6.21497 4.90443 0
    endloop
  endfacet
  facet normal 0 0 -1
    outer loop
      vertex 3.98293 5.94882 0
      vertex 4.5768 6.46069 0
      vertex 5.41635 4.67917 0
    endloop
  endfacet
  facet normal 0 0 -1
    outer loop
      vertex 3.98293 5.94882 0
      vertex 2.8157 7.40266 0
      vertex 4.5768 6.46069 0
    endloop
  endfacet
  facet normal 0 0 -1
    outer loop
      vertex 2.34467 6.76794 0
      vertex 2.8157 7.40266 0
      vertex 3.98293 5.94882 0
    endloop
  endfacet
  facet normal 0 0 -1
    outer loop
      vertex 2.34467 6.76794 0
      vertex 1.01364 7.85318 0
      vertex 2.8157 7.40266 0
    endloop
  endfacet
  facet normal 0 0 -1
    outer loop
      vertex 0.747437 7.11604 0
      vertex 1.01364 7.85318 0
      vertex 2.34467 6.76794 0
    endloop
  endfacet
  facet normal 0 0 -1
    outer loop
      vertex -1.11606 7.83275 0
      vertex 0.747437 7.11604 0
      vertex -1.03416 7.0751 0
    endloop
  endfacet
  facet normal 0 0 -1
    outer loop
      vertex 0.747437 7.11604 0
      vertex -1.11606 7.83275 0
      vertex 1.01364 7.85318 0
    endloop
  endfacet
  facet normal 0 0 -1
    outer loop
      vertex -2.79527 6.58363 0
      vertex -1.11606 7.83275 0
      vertex -1.03416 7.0751 0
    endloop
  endfacet
  facet normal 0 0 -1
    outer loop
      vertex -2.79527 6.58363 0
      vertex -3.12285 7.25941 0
      vertex -1.11606 7.83275 0
    endloop
  endfacet
  facet normal 0 0 -1
    outer loop
      vertex -4.94542 6.15355 0
      vertex -2.79527 6.58363 0
      vertex -4.53584 5.51872 0
    endloop
  endfacet
  facet normal -0 0 -1
    outer loop
      vertex -2.79527 6.58363 0
      vertex -4.94542 6.15355 0
      vertex -3.12285 7.25941 0
    endloop
  endfacet
  facet normal 0 0 -1
    outer loop
      vertex -6.29697 4.76106 0
      vertex -4.53584 5.51872 0
      vertex -5.78497 4.1877 0
    endloop
  endfacet
  facet normal -0 0 -1
    outer loop
      vertex -4.53584 5.51872 0
      vertex -6.29697 4.76106 0
      vertex -4.94542 6.15355 0
    endloop
  endfacet
  facet normal 0 0 -1
    outer loop
      vertex -7.30042 2.99994 0
      vertex -5.78497 4.1877 0
      vertex -6.74747 2.34471 0
    endloop
  endfacet
  facet normal 0 0 -1
    outer loop
      vertex -7.81229 0.583603 0
      vertex -6.74747 2.34471 0
      vertex -7.11609 0.604034 0
    endloop
  endfacet
  facet normal -0 0 -1
    outer loop
      vertex -5.78497 4.1877 0
      vertex -7.30042 2.99994 0
      vertex -6.29697 4.76106 0
    endloop
  endfacet
  facet normal -0 0 -1
    outer loop
      vertex -6.74747 2.34471 0
      vertex -7.81229 0.583603 0
      vertex -7.30042 2.99994 0
    endloop
  endfacet
  facet normal 0 0 -1
    outer loop
      vertex 6.03065 -0.68602 0
      vertex 3.20474 -0.19455 0
      vertex 3.36852 0.276443 0
    endloop
  endfacet
  facet normal 0 0 -1
    outer loop
      vertex 4.90437 -3.57339 0
      vertex 0.501663 -2.50859 0
      vertex 3.20474 -0.19455 0
    endloop
  endfacet
  facet normal 0 0 -1
    outer loop
      vertex 0.501663 -2.50859 0
      vertex 3.90103 -4.63823 0
      vertex 2.1194 -5.68262 0
    endloop
  endfacet
  facet normal -0 0 -1
    outer loop
      vertex 3.20474 -0.19455 0
      vertex 0.501663 -2.50859 0
      vertex 2.44707 -0.112671 0
    endloop
  endfacet
  facet normal 0 0 -1
    outer loop
      vertex -1.19795 -1.99661 0
      vertex 2.44707 -0.112671 0
      vertex 0.501663 -2.50859 0
    endloop
  endfacet
  facet normal 0 0 -1
    outer loop
      vertex 0.501663 -2.50859 0
      vertex 2.1194 -5.68262 0
      vertex 0.563141 -5.98976 0
    endloop
  endfacet
  facet normal -0 0 -1
    outer loop
      vertex 2.44707 -0.112671 0
      vertex -1.19795 -1.99661 0
      vertex 2.07846 1.09547 0
    endloop
  endfacet
  facet normal -0 0 -1
    outer loop
      vertex 2.07846 1.09547 0
      vertex -1.19795 -1.99661 0
      vertex 1.32079 1.93513 0
    endloop
  endfacet
  facet normal -0 0 -1
    outer loop
      vertex 1.32079 1.93513 0
      vertex -1.19795 -1.99661 0
      vertex -0.23555 2.32419 0
    endloop
  endfacet
  facet normal 0 0 -1
    outer loop
      vertex -0.23555 2.32419 0
      vertex -1.19795 -1.99661 0
      vertex -1.157 2.01703 0
    endloop
  endfacet
  facet normal 0 0 -1
    outer loop
      vertex -1.19795 -1.99661 0
      vertex -1.89424 1.34126 0
      vertex -1.157 2.01703 0
    endloop
  endfacet
  facet normal 0 0 -1
    outer loop
      vertex -2.2014 -0.747482 0
      vertex -1.89424 1.34126 0
      vertex -1.19795 -1.99661 0
    endloop
  endfacet
  facet normal 0 0 -1
    outer loop
      vertex -1.89424 1.34126 0
      vertex -2.2014 -0.747482 0
      vertex -2.28328 0.419708 0
    endloop
  endfacet
  facet normal 0 0 -1
    outer loop
      vertex 3.36852 0.276443 0
      vertex 6.03065 0.68602 0
      vertex 6.03065 -0.68602 0
    endloop
  endfacet
  facet normal 0 0 -1
    outer loop
      vertex 3.20474 -0.19455 0
      vertex 6.03065 -0.68602 0
      vertex 5.64162 -2.24229 0
    endloop
  endfacet
  facet normal -0 0 -1
    outer loop
      vertex 6.03065 0.68602 0
      vertex 3.36852 0.276443 0
      vertex 5.70308 2.07851 0
    endloop
  endfacet
  facet normal 0 0 -1
    outer loop
      vertex 3.20474 -0.19455 0
      vertex 5.64162 -2.24229 0
      vertex 4.90437 -3.57339 0
    endloop
  endfacet
  facet normal 0 0 -1
    outer loop
      vertex 3.02043 1.50505 0
      vertex 5.70308 2.07851 0
      vertex 3.36852 0.276443 0
    endloop
  endfacet
  facet normal 0 0 -1
    outer loop
      vertex 0.501663 -2.50859 0
      vertex 4.90437 -3.57339 0
      vertex 3.90103 -4.63823 0
    endloop
  endfacet
  facet normal -0 0 -1
    outer loop
      vertex 5.70308 2.07851 0
      vertex 3.02043 1.50505 0
      vertex 5.08867 3.3071 0
    endloop
  endfacet
  facet normal -0 0 -1
    outer loop
      vertex 5.08867 3.3071 0
      vertex 3.02043 1.50505 0
      vertex 4.02386 4.5358 0
    endloop
  endfacet
  facet normal 0 0 -1
    outer loop
      vertex 1.70982 2.89754 0
      vertex 4.02386 4.5358 0
      vertex 3.02043 1.50505 0
    endloop
  endfacet
  facet normal -0 0 -1
    outer loop
      vertex 4.02386 4.5358 0
      vertex 1.70982 2.89754 0
      vertex 2.918 5.31398 0
    endloop
  endfacet
  facet normal 0 0 -1
    outer loop
      vertex 1.70982 2.89754 0
      vertex 1.52551 5.86693 0
      vertex 2.918 5.31398 0
    endloop
  endfacet
  facet normal 0 0 -1
    outer loop
      vertex 0.317337 3.34804 0
      vertex 1.52551 5.86693 0
      vertex 1.70982 2.89754 0
    endloop
  endfacet
  facet normal 0 0 -1
    outer loop
      vertex 0.317337 3.34804 0
      vertex 0.194504 6.05112 0
      vertex 1.52551 5.86693 0
    endloop
  endfacet
  facet normal 0 0 -1
    outer loop
      vertex -0.76796 3.26614 0
      vertex 0.194504 6.05112 0
      vertex 0.317337 3.34804 0
    endloop
  endfacet
  facet normal 0 0 -1
    outer loop
      vertex -0.76796 3.26614 0
      vertex -1.23889 5.92828 0
      vertex 0.194504 6.05112 0
    endloop
  endfacet
  facet normal 0 0 -1
    outer loop
      vertex -2.65192 5.43683 0
      vertex -0.76796 3.26614 0
      vertex -1.64847 2.91806 0
    endloop
  endfacet
  facet normal 0 0 -1
    outer loop
      vertex -0.76796 3.26614 0
      vertex -2.65192 5.43683 0
      vertex -1.23889 5.92828 0
    endloop
  endfacet
  facet normal 0 0 -1
    outer loop
      vertex -4.10587 4.4334 0
      vertex -1.64847 2.91806 0
      vertex -2.93863 1.60747 0
    endloop
  endfacet
  facet normal 0 0 -1
    outer loop
      vertex -5.84645 1.50505 0
      vertex -2.93863 1.60747 0
      vertex -3.3481 -0.030777 0
    endloop
  endfacet
  facet normal 0 0 -1
    outer loop
      vertex -1.64847 2.91806 0
      vertex -4.10587 4.4334 0
      vertex -2.65192 5.43683 0
    endloop
  endfacet
  facet normal 0 0 -1
    outer loop
      vertex -9.21051 -19.9791 0
      vertex -0.481232 -8.87714 0
      vertex -8.41903 -20.3253 0
    endloop
  endfacet
  facet normal 0 0 -1
    outer loop
      vertex -0.501755 -8.05801 0
      vertex -1.62804 -2.93858 0
      vertex -0.501755 -3.3891 0
    endloop
  endfacet
  facet normal 0 0 -1
    outer loop
      vertex -9.98779 -19.6021 0
      vertex -0.481232 -8.87714 0
      vertex -9.21051 -19.9791 0
    endloop
  endfacet
  facet normal 0 -0 -1
    outer loop
      vertex -5.84645 1.50505 0
      vertex -3.3481 -0.030777 0
      vertex -6.15359 -0.440231 0
    endloop
  endfacet
  facet normal -0 0 -1
    outer loop
      vertex -2.93863 1.60747 0
      vertex -5.84645 1.50505 0
      vertex -5.23215 3.02048 0
    endloop
  endfacet
  facet normal 0 0 -1
    outer loop
      vertex -3.08191 -1.32083 0
      vertex -6.15359 -0.440231 0
      vertex -3.3481 -0.030777 0
    endloop
  endfacet
  facet normal 0 0 -1
    outer loop
      vertex -2.93863 1.60747 0
      vertex -5.23215 3.02048 0
      vertex -4.10587 4.4334 0
    endloop
  endfacet
  facet normal 0 0 -1
    outer loop
      vertex -10.7497 -19.1949 0
      vertex -0.481232 -8.87714 0
      vertex -9.98779 -19.6021 0
    endloop
  endfacet
  facet normal 0 0 -1
    outer loop
      vertex -11.495 -18.7581 0
      vertex -0.481232 -8.87714 0
      vertex -10.7497 -19.1949 0
    endloop
  endfacet
  facet normal -0 0 -1
    outer loop
      vertex -0.481232 -8.87714 0
      vertex -11.495 -18.7581 0
      vertex -0.501755 -8.8362 0
    endloop
  endfacet
  facet normal 0 0 -1
    outer loop
      vertex -12.2225 -18.2923 0
      vertex -0.501755 -8.8362 0
      vertex -11.495 -18.7581 0
    endloop
  endfacet
  facet normal 0 0 -1
    outer loop
      vertex -12.9313 -17.7984 0
      vertex -0.501755 -8.8362 0
      vertex -12.2225 -18.2923 0
    endloop
  endfacet
  facet normal 0 0 -1
    outer loop
      vertex -13.6201 -17.277 0
      vertex -0.501755 -8.8362 0
      vertex -12.9313 -17.7984 0
    endloop
  endfacet
  facet normal -0.881945 0.471352 0
    outer loop
      vertex -19.6021 9.98779 0
      vertex -19.1949 10.7497 2
      vertex -19.1949 10.7497 0
    endloop
  endfacet
  facet normal -0.881945 0.471352 0
    outer loop
      vertex -19.1949 10.7497 2
      vertex -19.6021 9.98779 0
      vertex -19.6021 9.98779 2
    endloop
  endfacet
  facet normal -0.772982 0.634428 0
    outer loop
      vertex -17.277 13.6201 0
      vertex -16.7289 14.2879 2
      vertex -16.7289 14.2879 0
    endloop
  endfacet
  facet normal -0.772982 0.634428 0
    outer loop
      vertex -16.7289 14.2879 2
      vertex -17.277 13.6201 0
      vertex -17.277 13.6201 2
    endloop
  endfacet
  facet normal 0.98444 0.175721 0
    outer loop
      vertex 21.7291 3.44156 2
      vertex 21.5773 4.29199 0
      vertex 21.5773 4.29199 2
    endloop
  endfacet
  facet normal 0.98444 0.175721 0
    outer loop
      vertex 21.5773 4.29199 0
      vertex 21.7291 3.44156 2
      vertex 21.7291 3.44156 0
    endloop
  endfacet
  facet normal 0.862748 0.505633 0
    outer loop
      vertex 19.1949 10.7497 2
      vertex 18.7581 11.495 0
      vertex 18.7581 11.495 2
    endloop
  endfacet
  facet normal 0.862748 0.505633 0
    outer loop
      vertex 18.7581 11.495 0
      vertex 19.1949 10.7497 2
      vertex 19.1949 10.7497 0
    endloop
  endfacet
  facet normal 0.842166 0.539218 0
    outer loop
      vertex 18.7581 11.495 2
      vertex 18.2923 12.2225 0
      vertex 18.2923 12.2225 2
    endloop
  endfacet
  facet normal 0.842166 0.539218 0
    outer loop
      vertex 18.2923 12.2225 0
      vertex 18.7581 11.495 2
      vertex 18.7581 11.495 0
    endloop
  endfacet
  facet normal 0.899752 0.436402 0
    outer loop
      vertex 19.9791 9.21051 2
      vertex 19.6021 9.98779 0
      vertex 19.6021 9.98779 2
    endloop
  endfacet
  facet normal 0.899752 0.436402 0
    outer loop
      vertex 19.6021 9.98779 0
      vertex 19.9791 9.21051 2
      vertex 19.9791 9.21051 0
    endloop
  endfacet
  facet normal 0.797325 0.60355 0
    outer loop
      vertex 17.7984 12.9313 2
      vertex 17.277 13.6201 0
      vertex 17.277 13.6201 2
    endloop
  endfacet
  facet normal 0.797325 0.60355 0
    outer loop
      vertex 17.277 13.6201 0
      vertex 17.7984 12.9313 2
      vertex 17.7984 12.9313 0
    endloop
  endfacet
  facet normal 0 -1 0
    outer loop
      vertex 0.378815 -7.91475 0
      vertex 0.419769 -7.91475 2
      vertex 0.378815 -7.91475 2
    endloop
  endfacet
  facet normal 0 -1 -0
    outer loop
      vertex 0.419769 -7.91475 2
      vertex 0.378815 -7.91475 0
      vertex 0.419769 -7.91475 0
    endloop
  endfacet
  facet normal -0.707176 -0.707038 0
    outer loop
      vertex 0.501663 -7.99666 0
      vertex 0.419769 -7.91475 2
      vertex 0.419769 -7.91475 0
    endloop
  endfacet
  facet normal -0.707176 -0.707038 0
    outer loop
      vertex 0.419769 -7.91475 2
      vertex 0.501663 -7.99666 0
      vertex 0.501663 -7.99666 2
    endloop
  endfacet
  facet normal -1 0 0
    outer loop
      vertex 0.501663 -8.01707 0
      vertex 0.501663 -7.99666 2
      vertex 0.501663 -7.99666 0
    endloop
  endfacet
  facet normal -1 -0 0
    outer loop
      vertex 0.501663 -7.99666 2
      vertex 0.501663 -8.01707 0
      vertex 0.501663 -8.01707 2
    endloop
  endfacet
  facet normal -0.707486 -0.706728 0
    outer loop
      vertex 0.522171 -8.0376 0
      vertex 0.501663 -8.01707 2
      vertex 0.501663 -8.01707 0
    endloop
  endfacet
  facet normal -0.707486 -0.706728 0
    outer loop
      vertex 0.501663 -8.01707 2
      vertex 0.522171 -8.0376 0
      vertex 0.522171 -8.0376 2
    endloop
  endfacet
  facet normal -1 0 0
    outer loop
      vertex 0.522171 -8.05801 0
      vertex 0.522171 -8.0376 2
      vertex 0.522171 -8.0376 0
    endloop
  endfacet
  facet normal -1 -0 0
    outer loop
      vertex 0.522171 -8.0376 2
      vertex 0.522171 -8.05801 0
      vertex 0.522171 -8.05801 2
    endloop
  endfacet
  facet normal -0.708796 -0.705413 0
    outer loop
      vertex 0.542603 -8.07854 0
      vertex 0.522171 -8.05801 2
      vertex 0.522171 -8.05801 0
    endloop
  endfacet
  facet normal -0.708796 -0.705413 0
    outer loop
      vertex 0.522171 -8.05801 2
      vertex 0.542603 -8.07854 0
      vertex 0.542603 -8.07854 2
    endloop
  endfacet
  facet normal -1 0 0
    outer loop
      vertex 0.542603 -8.79526 0
      vertex 0.542603 -8.07854 2
      vertex 0.542603 -8.07854 0
    endloop
  endfacet
  facet normal -1 -0 0
    outer loop
      vertex 0.542603 -8.07854 2
      vertex 0.542603 -8.79526 0
      vertex 0.542603 -8.79526 2
    endloop
  endfacet
  facet normal -0.708625 0.705586 0
    outer loop
      vertex 0.522171 -8.81578 0
      vertex 0.542603 -8.79526 2
      vertex 0.542603 -8.79526 0
    endloop
  endfacet
  facet normal -0.708625 0.705586 0
    outer loop
      vertex 0.542603 -8.79526 2
      vertex 0.522171 -8.81578 0
      vertex 0.522171 -8.81578 2
    endloop
  endfacet
  facet normal -1 0 0
    outer loop
      vertex 0.522171 -8.85674 0
      vertex 0.522171 -8.81578 2
      vertex 0.522171 -8.81578 0
    endloop
  endfacet
  facet normal -1 -0 0
    outer loop
      vertex 0.522171 -8.81578 2
      vertex 0.522171 -8.85674 0
      vertex 0.522171 -8.85674 2
    endloop
  endfacet
  facet normal -0.705238 0.708971 0
    outer loop
      vertex 0.522171 -8.85674 0
      vertex 0.501663 -8.87714 2
      vertex 0.522171 -8.85674 2
    endloop
  endfacet
  facet normal -0.705238 0.708971 0
    outer loop
      vertex 0.501663 -8.87714 2
      vertex 0.522171 -8.85674 0
      vertex 0.501663 -8.87714 0
    endloop
  endfacet
  facet normal -1 0 0
    outer loop
      vertex 0.501663 -8.89767 0
      vertex 0.501663 -8.87714 2
      vertex 0.501663 -8.87714 0
    endloop
  endfacet
  facet normal -1 -0 0
    outer loop
      vertex 0.501663 -8.87714 2
      vertex 0.501663 -8.89767 0
      vertex 0.501663 -8.89767 2
    endloop
  endfacet
  facet normal -0.706433 0.70778 0
    outer loop
      vertex 0.501663 -8.89767 0
      vertex 0.440186 -8.95903 2
      vertex 0.501663 -8.89767 2
    endloop
  endfacet
  facet normal -0.706433 0.70778 0
    outer loop
      vertex 0.440186 -8.95903 2
      vertex 0.501663 -8.89767 0
      vertex 0.440186 -8.95903 0
    endloop
  endfacet
  facet normal 0 1 -0
    outer loop
      vertex 0.440186 -8.95903 0
      vertex 0.419769 -8.95903 2
      vertex 0.440186 -8.95903 2
    endloop
  endfacet
  facet normal 0 1 0
    outer loop
      vertex 0.419769 -8.95903 2
      vertex 0.440186 -8.95903 0
      vertex 0.419769 -8.95903 0
    endloop
  endfacet
  facet normal -0.707141 0.707072 0
    outer loop
      vertex 0.399231 -8.97957 0
      vertex 0.419769 -8.95903 2
      vertex 0.419769 -8.95903 0
    endloop
  endfacet
  facet normal -0.707141 0.707072 0
    outer loop
      vertex 0.419769 -8.95903 2
      vertex 0.399231 -8.97957 0
      vertex 0.399231 -8.97957 2
    endloop
  endfacet
  facet normal 0 1 -0
    outer loop
      vertex 0.399231 -8.97957 0
      vertex 0.358292 -8.97957 2
      vertex 0.399231 -8.97957 2
    endloop
  endfacet
  facet normal 0 1 0
    outer loop
      vertex 0.358292 -8.97957 2
      vertex 0.399231 -8.97957 0
      vertex 0.358292 -8.97957 0
    endloop
  endfacet
  facet normal -0.707332 0.706882 0
    outer loop
      vertex 0.337875 -9 0
      vertex 0.358292 -8.97957 2
      vertex 0.358292 -8.97957 0
    endloop
  endfacet
  facet normal -0.707332 0.706882 0
    outer loop
      vertex 0.358292 -8.97957 2
      vertex 0.337875 -9 0
      vertex 0.337875 -9 2
    endloop
  endfacet
  facet normal 0 1 -0
    outer loop
      vertex 0.337875 -9 0
      vertex -0.296921 -9 2
      vertex 0.337875 -9 2
    endloop
  endfacet
  facet normal 0 1 0
    outer loop
      vertex -0.296921 -9 2
      vertex 0.337875 -9 0
      vertex -0.296921 -9 0
    endloop
  endfacet
  facet normal 0.705499 0.708711 -0
    outer loop
      vertex -0.296921 -9 0
      vertex -0.317444 -8.97957 2
      vertex -0.296921 -9 2
    endloop
  endfacet
  facet normal 0.705499 0.708711 0
    outer loop
      vertex -0.317444 -8.97957 2
      vertex -0.296921 -9 0
      vertex -0.317444 -8.97957 0
    endloop
  endfacet
  facet normal 0 1 -0
    outer loop
      vertex -0.317444 -8.97957 0
      vertex -0.378815 -8.97957 2
      vertex -0.317444 -8.97957 2
    endloop
  endfacet
  facet normal 0 1 0
    outer loop
      vertex -0.378815 -8.97957 2
      vertex -0.317444 -8.97957 0
      vertex -0.378815 -8.97957 0
    endloop
  endfacet
  facet normal 0.707152 0.707062 0
    outer loop
      vertex -0.378815 -8.97957 2
      vertex -0.481232 -8.87714 0
      vertex -0.481232 -8.87714 2
    endloop
  endfacet
  facet normal 0.707152 0.707062 0
    outer loop
      vertex -0.481232 -8.87714 0
      vertex -0.378815 -8.97957 2
      vertex -0.378815 -8.97957 0
    endloop
  endfacet
  facet normal 1 -0 0
    outer loop
      vertex -0.481232 -8.87714 2
      vertex -0.481232 -8.85674 0
      vertex -0.481232 -8.85674 2
    endloop
  endfacet
  facet normal 1 0 0
    outer loop
      vertex -0.481232 -8.85674 0
      vertex -0.481232 -8.87714 2
      vertex -0.481232 -8.87714 0
    endloop
  endfacet
  facet normal 0.707399 0.706814 0
    outer loop
      vertex -0.481232 -8.85674 2
      vertex -0.501755 -8.8362 0
      vertex -0.501755 -8.8362 2
    endloop
  endfacet
  facet normal 0.707399 0.706814 0
    outer loop
      vertex -0.501755 -8.8362 0
      vertex -0.481232 -8.85674 2
      vertex -0.481232 -8.85674 0
    endloop
  endfacet
  facet normal 1 -0 0
    outer loop
      vertex -0.501755 -8.8362 2
      vertex -0.501755 -8.05801 0
      vertex -0.501755 -8.05801 2
    endloop
  endfacet
  facet normal 1 0 0
    outer loop
      vertex -0.501755 -8.05801 0
      vertex -0.501755 -8.8362 2
      vertex -0.501755 -8.8362 0
    endloop
  endfacet
  facet normal 0.705152 -0.709056 0
    outer loop
      vertex -0.501755 -8.05801 0
      vertex -0.481232 -8.0376 2
      vertex -0.501755 -8.05801 2
    endloop
  endfacet
  facet normal 0.705152 -0.709056 0
    outer loop
      vertex -0.481232 -8.0376 2
      vertex -0.501755 -8.05801 0
      vertex -0.481232 -8.0376 0
    endloop
  endfacet
  facet normal 1 -0 0
    outer loop
      vertex -0.481232 -8.0376 2
      vertex -0.481232 -8.01707 0
      vertex -0.481232 -8.01707 2
    endloop
  endfacet
  facet normal 1 0 0
    outer loop
      vertex -0.481232 -8.01707 0
      vertex -0.481232 -8.0376 2
      vertex -0.481232 -8.0376 0
    endloop
  endfacet
  facet normal 0.706986 -0.707228 0
    outer loop
      vertex -0.481232 -8.01707 2
      vertex -0.460815 -7.99666 0
      vertex -0.460815 -7.99666 2
    endloop
  endfacet
  facet normal 0.706986 -0.707228 0
    outer loop
      vertex -0.460815 -7.99666 0
      vertex -0.481232 -8.01707 2
      vertex -0.481232 -8.01707 0
    endloop
  endfacet
  facet normal 1 -0 0
    outer loop
      vertex -0.460815 -7.99666 2
      vertex -0.460815 -7.97612 0
      vertex -0.460815 -7.97612 2
    endloop
  endfacet
  facet normal 1 0 0
    outer loop
      vertex -0.460815 -7.97612 0
      vertex -0.460815 -7.99666 2
      vertex -0.460815 -7.99666 0
    endloop
  endfacet
  facet normal 0.706192 -0.70802 0
    outer loop
      vertex -0.460815 -7.97612 0
      vertex -0.419769 -7.93518 2
      vertex -0.460815 -7.97612 2
    endloop
  endfacet
  facet normal 0.706192 -0.70802 0
    outer loop
      vertex -0.419769 -7.93518 2
      vertex -0.460815 -7.97612 0
      vertex -0.419769 -7.93518 0
    endloop
  endfacet
  facet normal 0 -1 0
    outer loop
      vertex -0.419769 -7.93518 0
      vertex -0.399338 -7.93518 2
      vertex -0.419769 -7.93518 2
    endloop
  endfacet
  facet normal 0 -1 -0
    outer loop
      vertex -0.399338 -7.93518 2
      vertex -0.419769 -7.93518 0
      vertex -0.399338 -7.93518 0
    endloop
  endfacet
  facet normal 0.705499 -0.708711 0
    outer loop
      vertex -0.399338 -7.93518 0
      vertex -0.378815 -7.91475 2
      vertex -0.399338 -7.93518 2
    endloop
  endfacet
  facet normal 0.705499 -0.708711 0
    outer loop
      vertex -0.378815 -7.91475 2
      vertex -0.399338 -7.93518 0
      vertex -0.378815 -7.91475 0
    endloop
  endfacet
  facet normal 0 -1 0
    outer loop
      vertex -0.378815 -7.91475 0
      vertex -0.358383 -7.91475 2
      vertex -0.378815 -7.91475 2
    endloop
  endfacet
  facet normal 0 -1 -0
    outer loop
      vertex -0.358383 -7.91475 2
      vertex -0.378815 -7.91475 0
      vertex -0.358383 -7.91475 0
    endloop
  endfacet
  facet normal 0.707314 -0.7069 0
    outer loop
      vertex -0.358383 -7.91475 2
      vertex -0.337875 -7.89423 0
      vertex -0.337875 -7.89423 2
    endloop
  endfacet
  facet normal 0.707314 -0.7069 0
    outer loop
      vertex -0.337875 -7.89423 0
      vertex -0.358383 -7.91475 2
      vertex -0.358383 -7.91475 0
    endloop
  endfacet
  facet normal 0 -1 0
    outer loop
      vertex -0.337875 -7.89423 0
      vertex 0.358292 -7.89423 2
      vertex -0.337875 -7.89423 2
    endloop
  endfacet
  facet normal 0 -1 -0
    outer loop
      vertex 0.358292 -7.89423 2
      vertex -0.337875 -7.89423 0
      vertex 0.358292 -7.89423 0
    endloop
  endfacet
  facet normal -0.707055 -0.707158 0
    outer loop
      vertex 0.378815 -7.91475 0
      vertex 0.358292 -7.89423 2
      vertex 0.358292 -7.89423 0
    endloop
  endfacet
  facet normal -0.707055 -0.707158 0
    outer loop
      vertex 0.358292 -7.89423 2
      vertex 0.378815 -7.91475 0
      vertex 0.378815 -7.91475 2
    endloop
  endfacet
  facet normal -0.209531 -0.977802 0
    outer loop
      vertex 1.03407 8.95903 0
      vertex 2.75423 8.59042 2
      vertex 1.03407 8.95903 2
    endloop
  endfacet
  facet normal -0.209531 -0.977802 -0
    outer loop
      vertex 2.75423 8.59042 2
      vertex 1.03407 8.95903 0
      vertex 2.75423 8.59042 0
    endloop
  endfacet
  facet normal -0.393926 -0.919142 0
    outer loop
      vertex 2.75423 8.59042 0
      vertex 4.33102 7.91464 2
      vertex 2.75423 8.59042 2
    endloop
  endfacet
  facet normal -0.393926 -0.919142 -0
    outer loop
      vertex 4.33102 7.91464 2
      vertex 2.75423 8.59042 0
      vertex 4.33102 7.91464 0
    endloop
  endfacet
  facet normal -0.562636 -0.826704 0
    outer loop
      vertex 4.33102 7.91464 0
      vertex 5.8054 6.91121 2
      vertex 4.33102 7.91464 2
    endloop
  endfacet
  facet normal -0.562636 -0.826704 -0
    outer loop
      vertex 5.8054 6.91121 2
      vertex 4.33102 7.91464 0
      vertex 5.8054 6.91121 0
    endloop
  endfacet
  facet normal -0.707073 -0.707141 0
    outer loop
      vertex 5.8054 6.91121 0
      vertex 6.95221 5.76451 2
      vertex 5.8054 6.91121 2
    endloop
  endfacet
  facet normal -0.707073 -0.707141 -0
    outer loop
      vertex 6.95221 5.76451 2
      vertex 5.8054 6.91121 0
      vertex 6.95221 5.76451 0
    endloop
  endfacet
  facet normal -0.830294 -0.557326 0
    outer loop
      vertex 7.95566 4.26959 0
      vertex 6.95221 5.76451 2
      vertex 6.95221 5.76451 0
    endloop
  endfacet
  facet normal -0.830294 -0.557326 0
    outer loop
      vertex 6.95221 5.76451 2
      vertex 7.95566 4.26959 0
      vertex 7.95566 4.26959 2
    endloop
  endfacet
  facet normal -0.920973 -0.389626 0
    outer loop
      vertex 8.63142 2.67227 0
      vertex 7.95566 4.26959 2
      vertex 7.95566 4.26959 0
    endloop
  endfacet
  facet normal -0.920973 -0.389626 0
    outer loop
      vertex 7.95566 4.26959 2
      vertex 8.63142 2.67227 0
      vertex 8.63142 2.67227 2
    endloop
  endfacet
  facet normal -0.979664 -0.200644 0
    outer loop
      vertex 8.97952 0.972641 0
      vertex 8.63142 2.67227 2
      vertex 8.63142 2.67227 0
    endloop
  endfacet
  facet normal -0.979664 -0.200644 0
    outer loop
      vertex 8.63142 2.67227 2
      vertex 8.97952 0.972641 0
      vertex 8.97952 0.972641 2
    endloop
  endfacet
  facet normal -1 0 0
    outer loop
      vertex 8.97952 -0.993164 0
      vertex 8.97952 0.972641 2
      vertex 8.97952 0.972641 0
    endloop
  endfacet
  facet normal -1 -0 0
    outer loop
      vertex 8.97952 0.972641 2
      vertex 8.97952 -0.993164 0
      vertex 8.97952 -0.993164 2
    endloop
  endfacet
  facet normal -0.979182 0.202984 0
    outer loop
      vertex 8.63142 -2.67238 0
      vertex 8.97952 -0.993164 2
      vertex 8.97952 -0.993164 0
    endloop
  endfacet
  facet normal -0.979182 0.202984 0
    outer loop
      vertex 8.97952 -0.993164 2
      vertex 8.63142 -2.67238 0
      vertex 8.63142 -2.67238 2
    endloop
  endfacet
  facet normal -0.924926 0.380148 0
    outer loop
      vertex 8.01701 -4.16728 0
      vertex 8.63142 -2.67238 2
      vertex 8.63142 -2.67238 0
    endloop
  endfacet
  facet normal -0.924926 0.380148 0
    outer loop
      vertex 8.63142 -2.67238 2
      vertex 8.01701 -4.16728 0
      vertex 8.01701 -4.16728 2
    endloop
  endfacet
  facet normal -0.841591 0.540115 0
    outer loop
      vertex 7.13651 -5.53925 0
      vertex 8.01701 -4.16728 2
      vertex 8.01701 -4.16728 0
    endloop
  endfacet
  facet normal -0.841591 0.540115 0
    outer loop
      vertex 8.01701 -4.16728 2
      vertex 7.13651 -5.53925 0
      vertex 7.13651 -5.53925 2
    endloop
  endfacet
  facet normal -0.730678 0.682722 0
    outer loop
      vertex 5.96928 -6.78847 0
      vertex 7.13651 -5.53925 2
      vertex 7.13651 -5.53925 0
    endloop
  endfacet
  facet normal -0.730678 0.682722 0
    outer loop
      vertex 7.13651 -5.53925 2
      vertex 5.96928 -6.78847 0
      vertex 5.96928 -6.78847 2
    endloop
  endfacet
  facet normal -0.563317 0.826241 0
    outer loop
      vertex 5.96928 -6.78847 0
      vertex 4.16724 -8.01707 2
      vertex 5.96928 -6.78847 2
    endloop
  endfacet
  facet normal -0.563317 0.826241 0
    outer loop
      vertex 4.16724 -8.01707 2
      vertex 5.96928 -6.78847 0
      vertex 4.16724 -8.01707 0
    endloop
  endfacet
  facet normal -0.371404 0.928471 0
    outer loop
      vertex 4.16724 -8.01707 0
      vertex 2.52896 -8.67241 2
      vertex 4.16724 -8.01707 2
    endloop
  endfacet
  facet normal -0.371404 0.928471 0
    outer loop
      vertex 2.52896 -8.67241 2
      vertex 4.16724 -8.01707 0
      vertex 2.52896 -8.67241 0
    endloop
  endfacet
  facet normal 0.270778 0.962642 -0
    outer loop
      vertex 2.52896 -8.67241 0
      vertex 1.87372 -8.4881 2
      vertex 2.52896 -8.67241 2
    endloop
  endfacet
  facet normal 0.270778 0.962642 0
    outer loop
      vertex 1.87372 -8.4881 2
      vertex 2.52896 -8.67241 0
      vertex 1.87372 -8.4881 0
    endloop
  endfacet
  facet normal 1 -0 0
    outer loop
      vertex 1.87372 -8.4881 2
      vertex 1.87372 -7.79181 0
      vertex 1.87372 -7.79181 2
    endloop
  endfacet
  facet normal 1 0 0
    outer loop
      vertex 1.87372 -7.79181 0
      vertex 1.87372 -8.4881 2
      vertex 1.87372 -8.4881 0
    endloop
  endfacet
  facet normal 0.412513 -0.910952 0
    outer loop
      vertex 1.87372 -7.79181 0
      vertex 4.04428 -6.8089 2
      vertex 1.87372 -7.79181 2
    endloop
  endfacet
  facet normal 0.412513 -0.910952 0
    outer loop
      vertex 4.04428 -6.8089 2
      vertex 1.87372 -7.79181 0
      vertex 4.04428 -6.8089 0
    endloop
  endfacet
  facet normal 0.635998 -0.77169 0
    outer loop
      vertex 4.04428 -6.8089 0
      vertex 5.90782 -5.27304 2
      vertex 4.04428 -6.8089 2
    endloop
  endfacet
  facet normal 0.635998 -0.77169 0
    outer loop
      vertex 5.90782 -5.27304 2
      vertex 4.04428 -6.8089 0
      vertex 5.90782 -5.27304 0
    endloop
  endfacet
  facet normal 0.839561 -0.543266 0
    outer loop
      vertex 5.90782 -5.27304 2
      vertex 7.25937 -3.18436 0
      vertex 7.25937 -3.18436 2
    endloop
  endfacet
  facet normal 0.839561 -0.543266 0
    outer loop
      vertex 7.25937 -3.18436 0
      vertex 5.90782 -5.27304 2
      vertex 5.90782 -5.27304 0
    endloop
  endfacet
  facet normal 0.965371 -0.26088 0
    outer loop
      vertex 7.25937 -3.18436 2
      vertex 7.87364 -0.911285 0
      vertex 7.87364 -0.911285 2
    endloop
  endfacet
  facet normal 0.965371 -0.26088 0
    outer loop
      vertex 7.87364 -0.911285 0
      vertex 7.25937 -3.18436 2
      vertex 7.25937 -3.18436 0
    endloop
  endfacet
  facet normal 0.999636 0.02698 0
    outer loop
      vertex 7.87364 -0.911285 2
      vertex 7.81229 1.36179 0
      vertex 7.81229 1.36179 2
    endloop
  endfacet
  facet normal 0.999636 0.02698 0
    outer loop
      vertex 7.81229 1.36179 0
      vertex 7.87364 -0.911285 2
      vertex 7.87364 -0.911285 0
    endloop
  endfacet
  facet normal 0.958129 0.286338 0
    outer loop
      vertex 7.81229 1.36179 2
      vertex 7.27988 3.14331 0
      vertex 7.27988 3.14331 2
    endloop
  endfacet
  facet normal 0.958129 0.286338 0
    outer loop
      vertex 7.27988 3.14331 0
      vertex 7.81229 1.36179 2
      vertex 7.81229 1.36179 0
    endloop
  endfacet
  facet normal 0.855722 0.517436 0
    outer loop
      vertex 7.27988 3.14331 2
      vertex 6.21497 4.90443 0
      vertex 6.21497 4.90443 2
    endloop
  endfacet
  facet normal 0.855722 0.517436 0
    outer loop
      vertex 6.21497 4.90443 0
      vertex 7.27988 3.14331 2
      vertex 7.27988 3.14331 0
    endloop
  endfacet
  facet normal 0.688749 0.725 -0
    outer loop
      vertex 6.21497 4.90443 0
      vertex 4.5768 6.46069 2
      vertex 6.21497 4.90443 2
    endloop
  endfacet
  facet normal 0.688749 0.725 0
    outer loop
      vertex 4.5768 6.46069 2
      vertex 6.21497 4.90443 0
      vertex 4.5768 6.46069 0
    endloop
  endfacet
  facet normal 0.471647 0.881787 -0
    outer loop
      vertex 4.5768 6.46069 0
      vertex 2.8157 7.40266 2
      vertex 4.5768 6.46069 2
    endloop
  endfacet
  facet normal 0.471647 0.881787 0
    outer loop
      vertex 2.8157 7.40266 2
      vertex 4.5768 6.46069 0
      vertex 2.8157 7.40266 0
    endloop
  endfacet
  facet normal 0.242538 0.970142 -0
    outer loop
      vertex 2.8157 7.40266 0
      vertex 1.01364 7.85318 2
      vertex 2.8157 7.40266 2
    endloop
  endfacet
  facet normal 0.242538 0.970142 0
    outer loop
      vertex 1.01364 7.85318 2
      vertex 2.8157 7.40266 0
      vertex 1.01364 7.85318 0
    endloop
  endfacet
  facet normal -0.00959246 0.999954 0
    outer loop
      vertex 1.01364 7.85318 0
      vertex -1.11606 7.83275 2
      vertex 1.01364 7.85318 2
    endloop
  endfacet
  facet normal -0.00959246 0.999954 0
    outer loop
      vertex -1.11606 7.83275 2
      vertex 1.01364 7.85318 0
      vertex -1.11606 7.83275 0
    endloop
  endfacet
  facet normal -0.274708 0.961528 0
    outer loop
      vertex -1.11606 7.83275 0
      vertex -3.12285 7.25941 2
      vertex -1.11606 7.83275 2
    endloop
  endfacet
  facet normal -0.274708 0.961528 0
    outer loop
      vertex -3.12285 7.25941 2
      vertex -1.11606 7.83275 0
      vertex -3.12285 7.25941 0
    endloop
  endfacet
  facet normal -0.518738 0.854933 0
    outer loop
      vertex -3.12285 7.25941 0
      vertex -4.94542 6.15355 2
      vertex -3.12285 7.25941 2
    endloop
  endfacet
  facet normal -0.518738 0.854933 0
    outer loop
      vertex -4.94542 6.15355 2
      vertex -3.12285 7.25941 0
      vertex -4.94542 6.15355 0
    endloop
  endfacet
  facet normal -0.717577 0.69648 0
    outer loop
      vertex -6.29697 4.76106 0
      vertex -4.94542 6.15355 2
      vertex -4.94542 6.15355 0
    endloop
  endfacet
  facet normal -0.717577 0.69648 0
    outer loop
      vertex -4.94542 6.15355 2
      vertex -6.29697 4.76106 0
      vertex -6.29697 4.76106 2
    endloop
  endfacet
  facet normal -0.86886 0.495058 0
    outer loop
      vertex -7.30042 2.99994 0
      vertex -6.29697 4.76106 2
      vertex -6.29697 4.76106 0
    endloop
  endfacet
  facet normal -0.86886 0.495058 0
    outer loop
      vertex -6.29697 4.76106 2
      vertex -7.30042 2.99994 0
      vertex -7.30042 2.99994 2
    endloop
  endfacet
  facet normal -0.97829 0.207238 0
    outer loop
      vertex -7.81229 0.583603 0
      vertex -7.30042 2.99994 2
      vertex -7.30042 2.99994 0
    endloop
  endfacet
  facet normal -0.97829 0.207238 0
    outer loop
      vertex -7.30042 2.99994 2
      vertex -7.81229 0.583603 0
      vertex -7.81229 0.583603 2
    endloop
  endfacet
  facet normal 0.0293338 -0.99957 0
    outer loop
      vertex -7.81229 0.583603 0
      vertex -7.11609 0.604034 2
      vertex -7.81229 0.583603 2
    endloop
  endfacet
  facet normal 0.0293338 -0.99957 0
    outer loop
      vertex -7.11609 0.604034 2
      vertex -7.81229 0.583603 0
      vertex -7.11609 0.604034 0
    endloop
  endfacet
  facet normal 0.978304 -0.207174 0
    outer loop
      vertex -7.11609 0.604034 2
      vertex -6.74747 2.34471 0
      vertex -6.74747 2.34471 2
    endloop
  endfacet
  facet normal 0.978304 -0.207174 0
    outer loop
      vertex -6.74747 2.34471 0
      vertex -7.11609 0.604034 2
      vertex -7.11609 0.604034 0
    endloop
  endfacet
  facet normal 0.886399 -0.462921 0
    outer loop
      vertex -6.74747 2.34471 2
      vertex -5.78497 4.1877 0
      vertex -5.78497 4.1877 2
    endloop
  endfacet
  facet normal 0.886399 -0.462921 0
    outer loop
      vertex -5.78497 4.1877 0
      vertex -6.74747 2.34471 2
      vertex -6.74747 2.34471 0
    endloop
  endfacet
  facet normal 0.729182 -0.68432 0
    outer loop
      vertex -5.78497 4.1877 2
      vertex -4.53584 5.51872 0
      vertex -4.53584 5.51872 2
    endloop
  endfacet
  facet normal 0.729182 -0.68432 0
    outer loop
      vertex -4.53584 5.51872 0
      vertex -5.78497 4.1877 2
      vertex -5.78497 4.1877 0
    endloop
  endfacet
  facet normal 0.521888 -0.853014 0
    outer loop
      vertex -4.53584 5.51872 0
      vertex -2.79527 6.58363 2
      vertex -4.53584 5.51872 2
    endloop
  endfacet
  facet normal 0.521888 -0.853014 0
    outer loop
      vertex -2.79527 6.58363 2
      vertex -4.53584 5.51872 0
      vertex -2.79527 6.58363 0
    endloop
  endfacet
  facet normal 0.268798 -0.963197 0
    outer loop
      vertex -2.79527 6.58363 0
      vertex -1.03416 7.0751 2
      vertex -2.79527 6.58363 2
    endloop
  endfacet
  facet normal 0.268798 -0.963197 0
    outer loop
      vertex -1.03416 7.0751 2
      vertex -2.79527 6.58363 0
      vertex -1.03416 7.0751 0
    endloop
  endfacet
  facet normal 0.0229733 -0.999736 0
    outer loop
      vertex -1.03416 7.0751 0
      vertex 0.747437 7.11604 2
      vertex -1.03416 7.0751 2
    endloop
  endfacet
  facet normal 0.0229733 -0.999736 0
    outer loop
      vertex 0.747437 7.11604 2
      vertex -1.03416 7.0751 0
      vertex 0.747437 7.11604 0
    endloop
  endfacet
  facet normal -0.212941 -0.977065 0
    outer loop
      vertex 0.747437 7.11604 0
      vertex 2.34467 6.76794 2
      vertex 0.747437 7.11604 2
    endloop
  endfacet
  facet normal -0.212941 -0.977065 -0
    outer loop
      vertex 2.34467 6.76794 2
      vertex 0.747437 7.11604 0
      vertex 2.34467 6.76794 0
    endloop
  endfacet
  facet normal -0.447209 -0.894429 0
    outer loop
      vertex 2.34467 6.76794 0
      vertex 3.98293 5.94882 2
      vertex 2.34467 6.76794 2
    endloop
  endfacet
  facet normal -0.447209 -0.894429 -0
    outer loop
      vertex 3.98293 5.94882 2
      vertex 2.34467 6.76794 0
      vertex 3.98293 5.94882 0
    endloop
  endfacet
  facet normal -0.66305 -0.748575 0
    outer loop
      vertex 3.98293 5.94882 0
      vertex 5.41635 4.67917 2
      vertex 3.98293 5.94882 2
    endloop
  endfacet
  facet normal -0.66305 -0.748575 -0
    outer loop
      vertex 5.41635 4.67917 2
      vertex 3.98293 5.94882 0
      vertex 5.41635 4.67917 0
    endloop
  endfacet
  facet normal -0.836782 -0.547536 0
    outer loop
      vertex 6.50169 3.02048 0
      vertex 5.41635 4.67917 2
      vertex 5.41635 4.67917 0
    endloop
  endfacet
  facet normal -0.836782 -0.547536 0
    outer loop
      vertex 5.41635 4.67917 2
      vertex 6.50169 3.02048 0
      vertex 6.50169 3.02048 2
    endloop
  endfacet
  facet normal -0.951038 -0.309073 0
    outer loop
      vertex 7.0341 1.38222 0
      vertex 6.50169 3.02048 2
      vertex 6.50169 3.02048 0
    endloop
  endfacet
  facet normal -0.951038 -0.309073 0
    outer loop
      vertex 6.50169 3.02048 2
      vertex 7.0341 1.38222 0
      vertex 7.0341 1.38222 2
    endloop
  endfacet
  facet normal -0.998727 -0.0504511 0
    outer loop
      vertex 7.13651 -0.645081 0
      vertex 7.0341 1.38222 2
      vertex 7.0341 1.38222 0
    endloop
  endfacet
  facet normal -0.998727 -0.0504511 0
    outer loop
      vertex 7.0341 1.38222 2
      vertex 7.13651 -0.645081 0
      vertex 7.13651 -0.645081 2
    endloop
  endfacet
  facet normal -0.976964 0.213404 0
    outer loop
      vertex 6.74736 -2.42661 0
      vertex 7.13651 -0.645081 2
      vertex 7.13651 -0.645081 0
    endloop
  endfacet
  facet normal -0.976964 0.213404 0
    outer loop
      vertex 7.13651 -0.645081 2
      vertex 6.74736 -2.42661 0
      vertex 6.74736 -2.42661 2
    endloop
  endfacet
  facet normal -0.892105 0.451829 0
    outer loop
      vertex 5.94876 -4.00339 0
      vertex 6.74736 -2.42661 2
      vertex 6.74736 -2.42661 0
    endloop
  endfacet
  facet normal -0.892105 0.451829 0
    outer loop
      vertex 6.74736 -2.42661 2
      vertex 5.94876 -4.00339 0
      vertex 5.94876 -4.00339 2
    endloop
  endfacet
  facet normal -0.749827 0.661634 0
    outer loop
      vertex 4.72006 -5.39587 0
      vertex 5.94876 -4.00339 2
      vertex 5.94876 -4.00339 0
    endloop
  endfacet
  facet normal -0.749827 0.661634 0
    outer loop
      vertex 5.94876 -4.00339 2
      vertex 4.72006 -5.39587 0
      vertex 4.72006 -5.39587 2
    endloop
  endfacet
  facet normal -0.541278 0.840844 0
    outer loop
      vertex 4.72006 -5.39587 0
      vertex 2.93854 -6.54269 2
      vertex 4.72006 -5.39587 2
    endloop
  endfacet
  facet normal -0.541278 0.840844 0
    outer loop
      vertex 2.93854 -6.54269 2
      vertex 4.72006 -5.39587 0
      vertex 2.93854 -6.54269 0
    endloop
  endfacet
  facet normal -0.286335 0.958129 0
    outer loop
      vertex 2.93854 -6.54269 0
      vertex 1.157 -7.0751 2
      vertex 2.93854 -6.54269 2
    endloop
  endfacet
  facet normal -0.286335 0.958129 0
    outer loop
      vertex 1.157 -7.0751 2
      vertex 2.93854 -6.54269 0
      vertex 1.157 -7.0751 0
    endloop
  endfacet
  facet normal -0.0676294 0.997711 0
    outer loop
      vertex 1.157 -7.0751 0
      vertex -0.051239 -7.157 2
      vertex 1.157 -7.0751 2
    endloop
  endfacet
  facet normal -0.0676294 0.997711 0
    outer loop
      vertex -0.051239 -7.157 2
      vertex 1.157 -7.0751 0
      vertex -0.051239 -7.157 0
    endloop
  endfacet
  facet normal 0.467972 0.883744 -0
    outer loop
      vertex -0.051239 -7.157 0
      vertex -0.399338 -6.97267 2
      vertex -0.051239 -7.157 2
    endloop
  endfacet
  facet normal 0.467972 0.883744 0
    outer loop
      vertex -0.399338 -6.97267 2
      vertex -0.051239 -7.157 0
      vertex -0.399338 -6.97267 0
    endloop
  endfacet
  facet normal 0.999592 0.0285679 0
    outer loop
      vertex -0.399338 -6.97267 2
      vertex -0.501755 -3.3891 0
      vertex -0.501755 -3.3891 2
    endloop
  endfacet
  facet normal 0.999592 0.0285679 0
    outer loop
      vertex -0.501755 -3.3891 0
      vertex -0.399338 -6.97267 2
      vertex -0.399338 -6.97267 0
    endloop
  endfacet
  facet normal 0.371395 0.928475 -0
    outer loop
      vertex -0.501755 -3.3891 0
      vertex -1.62804 -2.93858 2
      vertex -0.501755 -3.3891 2
    endloop
  endfacet
  facet normal 0.371395 0.928475 0
    outer loop
      vertex -1.62804 -2.93858 2
      vertex -0.501755 -3.3891 0
      vertex -1.62804 -2.93858 0
    endloop
  endfacet
  facet normal 0.633255 0.773943 -0
    outer loop
      vertex -1.62804 -2.93858 0
      vertex -2.52907 -2.20134 2
      vertex -1.62804 -2.93858 2
    endloop
  endfacet
  facet normal 0.633255 0.773943 0
    outer loop
      vertex -2.52907 -2.20134 2
      vertex -1.62804 -2.93858 0
      vertex -2.52907 -2.20134 0
    endloop
  endfacet
  facet normal 0.846907 0.531742 0
    outer loop
      vertex -2.52907 -2.20134 2
      vertex -3.08191 -1.32083 0
      vertex -3.08191 -1.32083 2
    endloop
  endfacet
  facet normal 0.846907 0.531742 0
    outer loop
      vertex -3.08191 -1.32083 0
      vertex -2.52907 -2.20134 2
      vertex -2.52907 -2.20134 0
    endloop
  endfacet
  facet normal 0.979368 0.202083 0
    outer loop
      vertex -3.08191 -1.32083 2
      vertex -3.3481 -0.030777 0
      vertex -3.3481 -0.030777 2
    endloop
  endfacet
  facet normal 0.979368 0.202083 0
    outer loop
      vertex -3.3481 -0.030777 0
      vertex -3.08191 -1.32083 2
      vertex -3.08191 -1.32083 0
    endloop
  endfacet
  facet normal 0.970155 -0.242484 0
    outer loop
      vertex -3.3481 -0.030777 2
      vertex -2.93863 1.60747 0
      vertex -2.93863 1.60747 2
    endloop
  endfacet
  facet normal 0.970155 -0.242484 0
    outer loop
      vertex -2.93863 1.60747 0
      vertex -3.3481 -0.030777 2
      vertex -3.3481 -0.030777 0
    endloop
  endfacet
  facet normal 0.712639 -0.701531 0
    outer loop
      vertex -2.93863 1.60747 2
      vertex -1.64847 2.91806 0
      vertex -1.64847 2.91806 2
    endloop
  endfacet
  facet normal 0.712639 -0.701531 0
    outer loop
      vertex -1.64847 2.91806 0
      vertex -2.93863 1.60747 2
      vertex -2.93863 1.60747 0
    endloop
  endfacet
  facet normal 0.367633 -0.929971 0
    outer loop
      vertex -1.64847 2.91806 0
      vertex -0.76796 3.26614 2
      vertex -1.64847 2.91806 2
    endloop
  endfacet
  facet normal 0.367633 -0.929971 0
    outer loop
      vertex -0.76796 3.26614 2
      vertex -1.64847 2.91806 0
      vertex -0.76796 3.26614 0
    endloop
  endfacet
  facet normal 0.0752493 -0.997165 0
    outer loop
      vertex -0.76796 3.26614 0
      vertex 0.317337 3.34804 2
      vertex -0.76796 3.26614 2
    endloop
  endfacet
  facet normal 0.0752493 -0.997165 0
    outer loop
      vertex 0.317337 3.34804 2
      vertex -0.76796 3.26614 0
      vertex 0.317337 3.34804 0
    endloop
  endfacet
  facet normal -0.307815 -0.951446 0
    outer loop
      vertex 0.317337 3.34804 0
      vertex 1.70982 2.89754 2
      vertex 0.317337 3.34804 2
    endloop
  endfacet
  facet normal -0.307815 -0.951446 -0
    outer loop
      vertex 1.70982 2.89754 2
      vertex 0.317337 3.34804 0
      vertex 1.70982 2.89754 0
    endloop
  endfacet
  facet normal -0.728192 -0.685373 0
    outer loop
      vertex 3.02043 1.50505 0
      vertex 1.70982 2.89754 2
      vertex 1.70982 2.89754 0
    endloop
  endfacet
  facet normal -0.728192 -0.685373 0
    outer loop
      vertex 1.70982 2.89754 2
      vertex 3.02043 1.50505 0
      vertex 3.02043 1.50505 2
    endloop
  endfacet
  facet normal -0.96213 -0.272591 0
    outer loop
      vertex 3.36852 0.276443 0
      vertex 3.02043 1.50505 2
      vertex 3.02043 1.50505 0
    endloop
  endfacet
  facet normal -0.96213 -0.272591 0
    outer loop
      vertex 3.02043 1.50505 2
      vertex 3.36852 0.276443 0
      vertex 3.36852 0.276443 2
    endloop
  endfacet
  facet normal -0.944524 0.328443 0
    outer loop
      vertex 3.20474 -0.19455 0
      vertex 3.36852 0.276443 2
      vertex 3.36852 0.276443 0
    endloop
  endfacet
  facet normal -0.944524 0.328443 0
    outer loop
      vertex 3.36852 0.276443 2
      vertex 3.20474 -0.19455 0
      vertex 3.20474 -0.19455 2
    endloop
  endfacet
  facet normal 0.107441 0.994211 -0
    outer loop
      vertex 3.20474 -0.19455 0
      vertex 2.44707 -0.112671 2
      vertex 3.20474 -0.19455 2
    endloop
  endfacet
  facet normal 0.107441 0.994211 0
    outer loop
      vertex 2.44707 -0.112671 2
      vertex 3.20474 -0.19455 0
      vertex 2.44707 -0.112671 0
    endloop
  endfacet
  facet normal 0.956472 0.291824 0
    outer loop
      vertex 2.44707 -0.112671 2
      vertex 2.07846 1.09547 0
      vertex 2.07846 1.09547 2
    endloop
  endfacet
  facet normal 0.956472 0.291824 0
    outer loop
      vertex 2.07846 1.09547 0
      vertex 2.44707 -0.112671 2
      vertex 2.44707 -0.112671 0
    endloop
  endfacet
  facet normal 0.742425 0.669929 0
    outer loop
      vertex 2.07846 1.09547 2
      vertex 1.32079 1.93513 0
      vertex 1.32079 1.93513 2
    endloop
  endfacet
  facet normal 0.742425 0.669929 0
    outer loop
      vertex 1.32079 1.93513 0
      vertex 2.07846 1.09547 2
      vertex 2.07846 1.09547 0
    endloop
  endfacet
  facet normal 0.242521 0.970146 -0
    outer loop
      vertex 1.32079 1.93513 0
      vertex -0.23555 2.32419 2
      vertex 1.32079 1.93513 2
    endloop
  endfacet
  facet normal 0.242521 0.970146 0
    outer loop
      vertex -0.23555 2.32419 2
      vertex 1.32079 1.93513 0
      vertex -0.23555 2.32419 0
    endloop
  endfacet
  facet normal -0.316237 0.94868 0
    outer loop
      vertex -0.23555 2.32419 0
      vertex -1.157 2.01703 2
      vertex -0.23555 2.32419 2
    endloop
  endfacet
  facet normal -0.316237 0.94868 0
    outer loop
      vertex -1.157 2.01703 2
      vertex -0.23555 2.32419 0
      vertex -1.157 2.01703 0
    endloop
  endfacet
  facet normal -0.675707 0.737171 0
    outer loop
      vertex -1.157 2.01703 0
      vertex -1.89424 1.34126 2
      vertex -1.157 2.01703 2
    endloop
  endfacet
  facet normal -0.675707 0.737171 0
    outer loop
      vertex -1.89424 1.34126 2
      vertex -1.157 2.01703 0
      vertex -1.89424 1.34126 0
    endloop
  endfacet
  facet normal -0.921271 0.388921 0
    outer loop
      vertex -2.28328 0.419708 0
      vertex -1.89424 1.34126 2
      vertex -1.89424 1.34126 0
    endloop
  endfacet
  facet normal -0.921271 0.388921 0
    outer loop
      vertex -1.89424 1.34126 2
      vertex -2.28328 0.419708 0
      vertex -2.28328 0.419708 2
    endloop
  endfacet
  facet normal -0.997548 -0.0699794 0
    outer loop
      vertex -2.2014 -0.747482 0
      vertex -2.28328 0.419708 2
      vertex -2.28328 0.419708 0
    endloop
  endfacet
  facet normal -0.997548 -0.0699794 0
    outer loop
      vertex -2.28328 0.419708 2
      vertex -2.2014 -0.747482 0
      vertex -2.2014 -0.747482 2
    endloop
  endfacet
  facet normal -0.779604 -0.626272 0
    outer loop
      vertex -1.19795 -1.99661 0
      vertex -2.2014 -0.747482 2
      vertex -2.2014 -0.747482 0
    endloop
  endfacet
  facet normal -0.779604 -0.626272 0
    outer loop
      vertex -2.2014 -0.747482 2
      vertex -1.19795 -1.99661 0
      vertex -1.19795 -1.99661 2
    endloop
  endfacet
  facet normal -0.288431 -0.957501 0
    outer loop
      vertex -1.19795 -1.99661 0
      vertex 0.501663 -2.50859 2
      vertex -1.19795 -1.99661 2
    endloop
  endfacet
  facet normal -0.288431 -0.957501 -0
    outer loop
      vertex 0.501663 -2.50859 2
      vertex -1.19795 -1.99661 0
      vertex 0.501663 -2.50859 0
    endloop
  endfacet
  facet normal -0.999844 -0.0176574 0
    outer loop
      vertex 0.563141 -5.98976 0
      vertex 0.501663 -2.50859 2
      vertex 0.501663 -2.50859 0
    endloop
  endfacet
  facet normal -0.999844 -0.0176574 0
    outer loop
      vertex 0.501663 -2.50859 2
      vertex 0.563141 -5.98976 0
      vertex 0.563141 -5.98976 2
    endloop
  endfacet
  facet normal 0.193623 -0.981076 0
    outer loop
      vertex 0.563141 -5.98976 0
      vertex 2.1194 -5.68262 2
      vertex 0.563141 -5.98976 2
    endloop
  endfacet
  facet normal 0.193623 -0.981076 0
    outer loop
      vertex 2.1194 -5.68262 2
      vertex 0.563141 -5.98976 0
      vertex 2.1194 -5.68262 0
    endloop
  endfacet
  facet normal 0.505715 -0.862701 0
    outer loop
      vertex 2.1194 -5.68262 0
      vertex 3.90103 -4.63823 2
      vertex 2.1194 -5.68262 2
    endloop
  endfacet
  facet normal 0.505715 -0.862701 0
    outer loop
      vertex 3.90103 -4.63823 2
      vertex 2.1194 -5.68262 0
      vertex 3.90103 -4.63823 0
    endloop
  endfacet
  facet normal 0.727812 -0.685777 0
    outer loop
      vertex 3.90103 -4.63823 2
      vertex 4.90437 -3.57339 0
      vertex 4.90437 -3.57339 2
    endloop
  endfacet
  facet normal 0.727812 -0.685777 0
    outer loop
      vertex 4.90437 -3.57339 0
      vertex 3.90103 -4.63823 2
      vertex 3.90103 -4.63823 0
    endloop
  endfacet
  facet normal 0.874784 -0.484513 0
    outer loop
      vertex 4.90437 -3.57339 2
      vertex 5.64162 -2.24229 0
      vertex 5.64162 -2.24229 2
    endloop
  endfacet
  facet normal 0.874784 -0.484513 0
    outer loop
      vertex 5.64162 -2.24229 0
      vertex 4.90437 -3.57339 2
      vertex 4.90437 -3.57339 0
    endloop
  endfacet
  facet normal 0.970148 -0.242514 0
    outer loop
      vertex 5.64162 -2.24229 2
      vertex 6.03065 -0.68602 0
      vertex 6.03065 -0.68602 2
    endloop
  endfacet
  facet normal 0.970148 -0.242514 0
    outer loop
      vertex 6.03065 -0.68602 0
      vertex 5.64162 -2.24229 2
      vertex 5.64162 -2.24229 0
    endloop
  endfacet
  facet normal 1 -0 0
    outer loop
      vertex 6.03065 -0.68602 2
      vertex 6.03065 0.68602 0
      vertex 6.03065 0.68602 2
    endloop
  endfacet
  facet normal 1 0 0
    outer loop
      vertex 6.03065 0.68602 0
      vertex 6.03065 -0.68602 2
      vertex 6.03065 -0.68602 0
    endloop
  endfacet
  facet normal 0.973429 0.22899 0
    outer loop
      vertex 6.03065 0.68602 2
      vertex 5.70308 2.07851 0
      vertex 5.70308 2.07851 2
    endloop
  endfacet
  facet normal 0.973429 0.22899 0
    outer loop
      vertex 5.70308 2.07851 0
      vertex 6.03065 0.68602 2
      vertex 6.03065 0.68602 0
    endloop
  endfacet
  facet normal 0.894394 0.447281 0
    outer loop
      vertex 5.70308 2.07851 2
      vertex 5.08867 3.3071 0
      vertex 5.08867 3.3071 2
    endloop
  endfacet
  facet normal 0.894394 0.447281 0
    outer loop
      vertex 5.08867 3.3071 0
      vertex 5.70308 2.07851 2
      vertex 5.70308 2.07851 0
    endloop
  endfacet
  facet normal 0.755708 0.654908 0
    outer loop
      vertex 5.08867 3.3071 2
      vertex 4.02386 4.5358 0
      vertex 4.02386 4.5358 2
    endloop
  endfacet
  facet normal 0.755708 0.654908 0
    outer loop
      vertex 4.02386 4.5358 0
      vertex 5.08867 3.3071 2
      vertex 5.08867 3.3071 0
    endloop
  endfacet
  facet normal 0.575485 0.817813 -0
    outer loop
      vertex 4.02386 4.5358 0
      vertex 2.918 5.31398 2
      vertex 4.02386 4.5358 2
    endloop
  endfacet
  facet normal 0.575485 0.817813 0
    outer loop
      vertex 2.918 5.31398 2
      vertex 4.02386 4.5358 0
      vertex 2.918 5.31398 0
    endloop
  endfacet
  facet normal 0.369062 0.929405 -0
    outer loop
      vertex 2.918 5.31398 0
      vertex 1.52551 5.86693 2
      vertex 2.918 5.31398 2
    endloop
  endfacet
  facet normal 0.369062 0.929405 0
    outer loop
      vertex 1.52551 5.86693 2
      vertex 2.918 5.31398 0
      vertex 1.52551 5.86693 0
    endloop
  endfacet
  facet normal 0.137078 0.99056 -0
    outer loop
      vertex 1.52551 5.86693 0
      vertex 0.194504 6.05112 2
      vertex 1.52551 5.86693 2
    endloop
  endfacet
  facet normal 0.137078 0.99056 0
    outer loop
      vertex 0.194504 6.05112 2
      vertex 1.52551 5.86693 0
      vertex 0.194504 6.05112 0
    endloop
  endfacet
  facet normal -0.0853857 0.996348 0
    outer loop
      vertex 0.194504 6.05112 0
      vertex -1.23889 5.92828 2
      vertex 0.194504 6.05112 2
    endloop
  endfacet
  facet normal -0.0853857 0.996348 0
    outer loop
      vertex -1.23889 5.92828 2
      vertex 0.194504 6.05112 0
      vertex -1.23889 5.92828 0
    endloop
  endfacet
  facet normal -0.328498 0.944505 0
    outer loop
      vertex -1.23889 5.92828 0
      vertex -2.65192 5.43683 2
      vertex -1.23889 5.92828 2
    endloop
  endfacet
  facet normal -0.328498 0.944505 0
    outer loop
      vertex -2.65192 5.43683 2
      vertex -1.23889 5.92828 0
      vertex -2.65192 5.43683 0
    endloop
  endfacet
  facet normal -0.568004 0.823026 0
    outer loop
      vertex -2.65192 5.43683 0
      vertex -4.10587 4.4334 2
      vertex -2.65192 5.43683 2
    endloop
  endfacet
  facet normal -0.568004 0.823026 0
    outer loop
      vertex -4.10587 4.4334 2
      vertex -2.65192 5.43683 0
      vertex -4.10587 4.4334 0
    endloop
  endfacet
  facet normal -0.781963 0.623325 0
    outer loop
      vertex -5.23215 3.02048 0
      vertex -4.10587 4.4334 2
      vertex -4.10587 4.4334 0
    endloop
  endfacet
  facet normal -0.781963 0.623325 0
    outer loop
      vertex -4.10587 4.4334 2
      vertex -5.23215 3.02048 0
      vertex -5.23215 3.02048 2
    endloop
  endfacet
  facet normal -0.926753 0.375672 0
    outer loop
      vertex -5.84645 1.50505 0
      vertex -5.23215 3.02048 2
      vertex -5.23215 3.02048 0
    endloop
  endfacet
  facet normal -0.926753 0.375672 0
    outer loop
      vertex -5.23215 3.02048 2
      vertex -5.84645 1.50505 0
      vertex -5.84645 1.50505 2
    endloop
  endfacet
  facet normal -0.987764 0.155958 0
    outer loop
      vertex -6.15359 -0.440231 0
      vertex -5.84645 1.50505 2
      vertex -5.84645 1.50505 0
    endloop
  endfacet
  facet normal -0.987764 0.155958 0
    outer loop
      vertex -5.84645 1.50505 2
      vertex -6.15359 -0.440231 0
      vertex -6.15359 -0.440231 2
    endloop
  endfacet
  facet normal -0.051251 0.998686 0
    outer loop
      vertex -6.15359 -0.440231 0
      vertex -8.54953 -0.563187 2
      vertex -6.15359 -0.440231 2
    endloop
  endfacet
  facet normal -0.051251 0.998686 0
    outer loop
      vertex -8.54953 -0.563187 2
      vertex -6.15359 -0.440231 0
      vertex -8.54953 -0.563187 0
    endloop
  endfacet
  facet normal 0.650867 0.759192 -0
    outer loop
      vertex -8.54953 -0.563187 0
      vertex -8.97952 -0.19455 2
      vertex -8.54953 -0.563187 2
    endloop
  endfacet
  facet normal 0.650867 0.759192 0
    outer loop
      vertex -8.97952 -0.19455 2
      vertex -8.54953 -0.563187 0
      vertex -8.97952 -0.19455 0
    endloop
  endfacet
  facet normal 0.990085 -0.14047 0
    outer loop
      vertex -8.97952 -0.19455 2
      vertex -8.54953 2.83617 0
      vertex -8.54953 2.83617 2
    endloop
  endfacet
  facet normal 0.990085 -0.14047 0
    outer loop
      vertex -8.54953 2.83617 0
      vertex -8.97952 -0.19455 2
      vertex -8.97952 -0.19455 0
    endloop
  endfacet
  facet normal 0.883285 -0.468837 0
    outer loop
      vertex -8.54953 2.83617 2
      vertex -7.13651 5.49829 0
      vertex -7.13651 5.49829 2
    endloop
  endfacet
  facet normal 0.883285 -0.468837 0
    outer loop
      vertex -7.13651 5.49829 0
      vertex -8.54953 2.83617 2
      vertex -8.54953 2.83617 0
    endloop
  endfacet
  facet normal 0.685373 -0.728193 0
    outer loop
      vertex -7.13651 5.49829 0
      vertex -5.04784 7.46414 2
      vertex -7.13651 5.49829 2
    endloop
  endfacet
  facet normal 0.685373 -0.728193 0
    outer loop
      vertex -5.04784 7.46414 2
      vertex -7.13651 5.49829 0
      vertex -5.04784 7.46414 0
    endloop
  endfacet
  facet normal 0.424059 -0.905635 0
    outer loop
      vertex -5.04784 7.46414 0
      vertex -2.46761 8.67232 2
      vertex -5.04784 7.46414 2
    endloop
  endfacet
  facet normal 0.424059 -0.905635 0
    outer loop
      vertex -2.46761 8.67232 2
      vertex -5.04784 7.46414 0
      vertex -2.46761 8.67232 0
    endloop
  endfacet
  facet normal 0.167818 -0.985818 0
    outer loop
      vertex -2.46761 8.67232 0
      vertex -0.542709 9 2
      vertex -2.46761 8.67232 2
    endloop
  endfacet
  facet normal 0.167818 -0.985818 0
    outer loop
      vertex -0.542709 9 2
      vertex -2.46761 8.67232 0
      vertex -0.542709 9 0
    endloop
  endfacet
  facet normal -0.0259746 -0.999663 0
    outer loop
      vertex -0.542709 9 0
      vertex 1.03407 8.95903 2
      vertex -0.542709 9 2
    endloop
  endfacet
  facet normal -0.0259746 -0.999663 -0
    outer loop
      vertex 1.03407 8.95903 2
      vertex -0.542709 9 0
      vertex 1.03407 8.95903 0
    endloop
  endfacet
  facet normal 0.984413 -0.17587 0
    outer loop
      vertex 9.22463 8.31287 2
      vertex 9.23844 8.39017 1.45
      vertex 9.23844 8.39017 2
    endloop
  endfacet
  facet normal 0.984413 -0.17587 0
    outer loop
      vertex 9.23844 8.39017 1.45
      vertex 9.22463 8.31287 2
      vertex 9.22463 8.31287 1.45
    endloop
  endfacet
  facet normal 0.990574 -0.136982 0
    outer loop
      vertex 9.21387 8.23506 2
      vertex 9.22463 8.31287 1.45
      vertex 9.22463 8.31287 2
    endloop
  endfacet
  facet normal 0.990574 -0.136982 0
    outer loop
      vertex 9.22463 8.31287 1.45
      vertex 9.21387 8.23506 2
      vertex 9.21387 8.23506 1.45
    endloop
  endfacet
  facet normal -0.916502 -0.40003 0
    outer loop
      vertex 17.0477 8.76537 1.45
      vertex 17.0163 8.83731 2
      vertex 17.0163 8.83731 1.45
    endloop
  endfacet
  facet normal -0.916502 -0.40003 0
    outer loop
      vertex 17.0163 8.83731 2
      vertex 17.0477 8.76537 1.45
      vertex 17.0477 8.76537 2
    endloop
  endfacet
  facet normal 0.990574 0.136982 0
    outer loop
      vertex 9.22463 -8.31287 2
      vertex 9.21387 -8.23506 1.45
      vertex 9.21387 -8.23506 2
    endloop
  endfacet
  facet normal 0.990574 0.136982 0
    outer loop
      vertex 9.21387 -8.23506 1.45
      vertex 9.22463 -8.31287 2
      vertex 9.22463 -8.31287 1.45
    endloop
  endfacet
  facet normal -0.0198687 0.999803 0
    outer loop
      vertex 15.2785 -9.99844 1.45
      vertex 15.2 -10 2
      vertex 15.2785 -9.99844 2
    endloop
  endfacet
  facet normal -0.0198687 0.999803 0
    outer loop
      vertex 15.2 -10 2
      vertex 15.2785 -9.99844 1.45
      vertex 15.2 -10 1.45
    endloop
  endfacet
  facet normal 1 -0 0
    outer loop
      vertex 9.2 -8 2
      vertex 9.2 8 1.45
      vertex 9.2 8 2
    endloop
  endfacet
  facet normal 1 0 0
    outer loop
      vertex 9.2 8 1.45
      vertex 9.2 -8 2
      vertex 9.2 -8 1.45
    endloop
  endfacet
  facet normal -1 0 0
    outer loop
      vertex 17.2 -8 1.45
      vertex 17.2 8 2
      vertex 17.2 8 1.45
    endloop
  endfacet
  facet normal -1 -0 0
    outer loop
      vertex 17.2 8 2
      vertex 17.2 -8 1.45
      vertex 17.2 -8 2
    endloop
  endfacet
  facet normal 0.995194 -0.0979276 0
    outer loop
      vertex 9.20618 8.15691 2
      vertex 9.21387 8.23506 1.45
      vertex 9.21387 8.23506 2
    endloop
  endfacet
  facet normal 0.995194 -0.0979276 0
    outer loop
      vertex 9.21387 8.23506 1.45
      vertex 9.20618 8.15691 2
      vertex 9.20618 8.15691 1.45
    endloop
  endfacet
  facet normal 0.17587 0.984413 -0
    outer loop
      vertex 10.8871 -9.97537 1.45
      vertex 10.8098 -9.96156 2
      vertex 10.8871 -9.97537 2
    endloop
  endfacet
  facet normal 0.17587 0.984413 0
    outer loop
      vertex 10.8098 -9.96156 2
      vertex 10.8871 -9.97537 1.45
      vertex 10.8098 -9.96156 1.45
    endloop
  endfacet
  facet normal 0 0 1
    outer loop
      vertex 15.2 10 1.45
      vertex 17.2 8 1.45
      vertex 17.1984 8.07851 1.45
    endloop
  endfacet
  facet normal 0 0 1
    outer loop
      vertex 17.2 8 1.45
      vertex 9.2 8 1.45
      vertex 17.2 -8 1.45
    endloop
  endfacet
  facet normal 0 0 1
    outer loop
      vertex 15.2 10 1.45
      vertex 17.1984 8.07851 1.45
      vertex 17.1938 8.15691 1.45
    endloop
  endfacet
  facet normal 0 0 1
    outer loop
      vertex 9.2 -8 1.45
      vertex 17.2 -8 1.45
      vertex 9.2 8 1.45
    endloop
  endfacet
  facet normal 0 0 1
    outer loop
      vertex 15.2 10 1.45
      vertex 17.1938 8.15691 1.45
      vertex 17.1861 8.23506 1.45
    endloop
  endfacet
  facet normal 0 -0 1
    outer loop
      vertex 15.2 -10 1.45
      vertex 17.2 -8 1.45
      vertex 9.2 -8 1.45
    endloop
  endfacet
  facet normal 0 0 1
    outer loop
      vertex 15.2 10 1.45
      vertex 17.1861 8.23506 1.45
      vertex 17.1754 8.31287 1.45
    endloop
  endfacet
  facet normal 0 0 1
    outer loop
      vertex 17.2 -8 1.45
      vertex 15.2 -10 1.45
      vertex 17.1984 -8.07851 1.45
    endloop
  endfacet
  facet normal 0 0 1
    outer loop
      vertex 15.2 10 1.45
      vertex 17.1754 8.31287 1.45
      vertex 17.1616 8.39017 1.45
    endloop
  endfacet
  facet normal 0 0 1
    outer loop
      vertex 17.1984 -8.07851 1.45
      vertex 15.2 -10 1.45
      vertex 17.1938 -8.15691 1.45
    endloop
  endfacet
  facet normal 0 0 1
    outer loop
      vertex 15.2 10 1.45
      vertex 17.1616 8.39017 1.45
      vertex 17.1447 8.46689 1.45
    endloop
  endfacet
  facet normal 0 0 1
    outer loop
      vertex 17.1938 -8.15691 1.45
      vertex 15.2 -10 1.45
      vertex 17.1861 -8.23506 1.45
    endloop
  endfacet
  facet normal 0 0 1
    outer loop
      vertex 15.2 10 1.45
      vertex 17.1447 8.46689 1.45
      vertex 17.1249 8.54288 1.45
    endloop
  endfacet
  facet normal 0 0 1
    outer loop
      vertex 17.1861 -8.23506 1.45
      vertex 15.2 -10 1.45
      vertex 17.1754 -8.31287 1.45
    endloop
  endfacet
  facet normal 0 0 1
    outer loop
      vertex 15.2 10 1.45
      vertex 17.1249 8.54288 1.45
      vertex 17.1021 8.61803 1.45
    endloop
  endfacet
  facet normal 0 0 1
    outer loop
      vertex 17.1754 -8.31287 1.45
      vertex 15.2 -10 1.45
      vertex 17.1616 -8.39017 1.45
    endloop
  endfacet
  facet normal 0 0 1
    outer loop
      vertex 15.2 10 1.45
      vertex 17.1021 8.61803 1.45
      vertex 17.0764 8.69223 1.45
    endloop
  endfacet
  facet normal 0 0 1
    outer loop
      vertex 17.1616 -8.39017 1.45
      vertex 15.2 -10 1.45
      vertex 17.1447 -8.46689 1.45
    endloop
  endfacet
  facet normal 0 0 1
    outer loop
      vertex 15.2 10 1.45
      vertex 17.0764 8.69223 1.45
      vertex 17.0477 8.76537 1.45
    endloop
  endfacet
  facet normal 0 0 1
    outer loop
      vertex 17.1447 -8.46689 1.45
      vertex 15.2 -10 1.45
      vertex 17.1249 -8.54288 1.45
    endloop
  endfacet
  facet normal 0 0 1
    outer loop
      vertex 15.2 10 1.45
      vertex 17.0477 8.76537 1.45
      vertex 17.0163 8.83731 1.45
    endloop
  endfacet
  facet normal 0 0 1
    outer loop
      vertex 17.1249 -8.54288 1.45
      vertex 15.2 -10 1.45
      vertex 17.1021 -8.61803 1.45
    endloop
  endfacet
  facet normal 0 0 1
    outer loop
      vertex 15.2 10 1.45
      vertex 17.0163 8.83731 1.45
      vertex 16.982 8.90797 1.45
    endloop
  endfacet
  facet normal 0 0 1
    outer loop
      vertex 17.1021 -8.61803 1.45
      vertex 15.2 -10 1.45
      vertex 17.0764 -8.69223 1.45
    endloop
  endfacet
  facet normal 0 0 1
    outer loop
      vertex 15.2 10 1.45
      vertex 16.982 8.90797 1.45
      vertex 16.945 8.97723 1.45
    endloop
  endfacet
  facet normal 0 0 1
    outer loop
      vertex 17.0764 -8.69223 1.45
      vertex 15.2 -10 1.45
      vertex 17.0477 -8.76537 1.45
    endloop
  endfacet
  facet normal 0 0 1
    outer loop
      vertex 15.2 10 1.45
      vertex 16.945 8.97723 1.45
      vertex 16.9053 9.04498 1.45
    endloop
  endfacet
  facet normal 0 0 1
    outer loop
      vertex 17.0477 -8.76537 1.45
      vertex 15.2 -10 1.45
      vertex 17.0163 -8.83731 1.45
    endloop
  endfacet
  facet normal 0 0 1
    outer loop
      vertex 15.2 10 1.45
      vertex 16.9053 9.04498 1.45
      vertex 16.8629 9.11113 1.45
    endloop
  endfacet
  facet normal 0 0 1
    outer loop
      vertex 17.0163 -8.83731 1.45
      vertex 15.2 -10 1.45
      vertex 16.982 -8.90797 1.45
    endloop
  endfacet
  facet normal 0 0 1
    outer loop
      vertex 15.2 10 1.45
      vertex 16.8629 9.11113 1.45
      vertex 16.818 9.17557 1.45
    endloop
  endfacet
  facet normal 0 0 1
    outer loop
      vertex 16.982 -8.90797 1.45
      vertex 15.2 -10 1.45
      vertex 16.945 -8.97723 1.45
    endloop
  endfacet
  facet normal 0 0 1
    outer loop
      vertex 15.2 10 1.45
      vertex 16.818 9.17557 1.45
      vertex 16.7706 9.23817 1.45
    endloop
  endfacet
  facet normal 0 0 1
    outer loop
      vertex 16.945 -8.97723 1.45
      vertex 15.2 -10 1.45
      vertex 16.9053 -9.04498 1.45
    endloop
  endfacet
  facet normal 0 0 1
    outer loop
      vertex 15.2 10 1.45
      vertex 16.7706 9.23817 1.45
      vertex 16.7208 9.29889 1.45
    endloop
  endfacet
  facet normal 0 0 1
    outer loop
      vertex 16.9053 -9.04498 1.45
      vertex 15.2 -10 1.45
      vertex 16.8629 -9.11113 1.45
    endloop
  endfacet
  facet normal 0 0 1
    outer loop
      vertex 15.2 10 1.45
      vertex 16.7208 9.29889 1.45
      vertex 16.6686 9.35759 1.45
    endloop
  endfacet
  facet normal 0 0 1
    outer loop
      vertex 16.8629 -9.11113 1.45
      vertex 15.2 -10 1.45
      vertex 16.818 -9.17557 1.45
    endloop
  endfacet
  facet normal 0 0 1
    outer loop
      vertex 15.2 10 1.45
      vertex 16.6686 9.35759 1.45
      vertex 16.6142 9.4142 1.45
    endloop
  endfacet
  facet normal 0 0 1
    outer loop
      vertex 16.818 -9.17557 1.45
      vertex 15.2 -10 1.45
      vertex 16.7706 -9.23817 1.45
    endloop
  endfacet
  facet normal 0 0 1
    outer loop
      vertex 15.2 10 1.45
      vertex 16.6142 9.4142 1.45
      vertex 16.5576 9.46864 1.45
    endloop
  endfacet
  facet normal 0 0 1
    outer loop
      vertex 16.7706 -9.23817 1.45
      vertex 15.2 -10 1.45
      vertex 16.7208 -9.29889 1.45
    endloop
  endfacet
  facet normal 0 0 1
    outer loop
      vertex 15.2 10 1.45
      vertex 16.5576 9.46864 1.45
      vertex 16.4989 9.5208 1.45
    endloop
  endfacet
  facet normal 0 0 1
    outer loop
      vertex 16.7208 -9.29889 1.45
      vertex 15.2 -10 1.45
      vertex 16.6686 -9.35759 1.45
    endloop
  endfacet
  facet normal 0 0 1
    outer loop
      vertex 15.2 10 1.45
      vertex 16.4989 9.5208 1.45
      vertex 16.4382 9.57063 1.45
    endloop
  endfacet
  facet normal 0 0 1
    outer loop
      vertex 16.6686 -9.35759 1.45
      vertex 15.2 -10 1.45
      vertex 16.6142 -9.4142 1.45
    endloop
  endfacet
  facet normal 0 0 1
    outer loop
      vertex 15.2 10 1.45
      vertex 16.4382 9.57063 1.45
      vertex 16.3756 9.61803 1.45
    endloop
  endfacet
  facet normal 0 0 1
    outer loop
      vertex 16.6142 -9.4142 1.45
      vertex 15.2 -10 1.45
      vertex 16.5576 -9.46864 1.45
    endloop
  endfacet
  facet normal 0 0 1
    outer loop
      vertex 15.2 10 1.45
      vertex 16.3756 9.61803 1.45
      vertex 16.3111 9.66293 1.45
    endloop
  endfacet
  facet normal 0 0 1
    outer loop
      vertex 16.5576 -9.46864 1.45
      vertex 15.2 -10 1.45
      vertex 16.4989 -9.5208 1.45
    endloop
  endfacet
  facet normal 0 0 1
    outer loop
      vertex 15.2 10 1.45
      vertex 16.3111 9.66293 1.45
      vertex 16.245 9.70528 1.45
    endloop
  endfacet
  facet normal 0 0 1
    outer loop
      vertex 16.4989 -9.5208 1.45
      vertex 15.2 -10 1.45
      vertex 16.4382 -9.57063 1.45
    endloop
  endfacet
  facet normal 0 0 1
    outer loop
      vertex 15.2 10 1.45
      vertex 16.245 9.70528 1.45
      vertex 16.1772 9.74498 1.45
    endloop
  endfacet
  facet normal 0 0 1
    outer loop
      vertex 16.4382 -9.57063 1.45
      vertex 15.2 -10 1.45
      vertex 16.3756 -9.61803 1.45
    endloop
  endfacet
  facet normal 0 0 1
    outer loop
      vertex 15.2 10 1.45
      vertex 16.1772 9.74498 1.45
      vertex 16.108 9.78201 1.45
    endloop
  endfacet
  facet normal 0 0 1
    outer loop
      vertex 16.3756 -9.61803 1.45
      vertex 15.2 -10 1.45
      vertex 16.3111 -9.66293 1.45
    endloop
  endfacet
  facet normal 0 0 1
    outer loop
      vertex 15.2 10 1.45
      vertex 16.108 9.78201 1.45
      vertex 16.0373 9.81628 1.45
    endloop
  endfacet
  facet normal 0 0 1
    outer loop
      vertex 16.3111 -9.66293 1.45
      vertex 15.2 -10 1.45
      vertex 16.245 -9.70528 1.45
    endloop
  endfacet
  facet normal 0 0 1
    outer loop
      vertex 15.2 10 1.45
      vertex 16.0373 9.81628 1.45
      vertex 15.9654 9.84775 1.45
    endloop
  endfacet
  facet normal 0 0 1
    outer loop
      vertex 16.245 -9.70528 1.45
      vertex 15.2 -10 1.45
      vertex 16.1772 -9.74498 1.45
    endloop
  endfacet
  facet normal 0 0 1
    outer loop
      vertex 15.2 10 1.45
      vertex 15.9654 9.84775 1.45
      vertex 15.8922 9.87637 1.45
    endloop
  endfacet
  facet normal 0 0 1
    outer loop
      vertex 16.1772 -9.74498 1.45
      vertex 15.2 -10 1.45
      vertex 16.108 -9.78201 1.45
    endloop
  endfacet
  facet normal 0 0 1
    outer loop
      vertex 15.2 10 1.45
      vertex 15.8922 9.87637 1.45
      vertex 15.818 9.9021 1.45
    endloop
  endfacet
  facet normal 0 0 1
    outer loop
      vertex 16.108 -9.78201 1.45
      vertex 15.2 -10 1.45
      vertex 16.0373 -9.81628 1.45
    endloop
  endfacet
  facet normal 0 0 1
    outer loop
      vertex 15.2 10 1.45
      vertex 15.818 9.9021 1.45
      vertex 15.7429 9.9249 1.45
    endloop
  endfacet
  facet normal 0 0 1
    outer loop
      vertex 16.0373 -9.81628 1.45
      vertex 15.2 -10 1.45
      vertex 15.9654 -9.84775 1.45
    endloop
  endfacet
  facet normal 0 0 1
    outer loop
      vertex 15.2 10 1.45
      vertex 15.7429 9.9249 1.45
      vertex 15.6669 9.94473 1.45
    endloop
  endfacet
  facet normal 0 0 1
    outer loop
      vertex 15.9654 -9.84775 1.45
      vertex 15.2 -10 1.45
      vertex 15.8922 -9.87637 1.45
    endloop
  endfacet
  facet normal 0 0 1
    outer loop
      vertex 15.2 10 1.45
      vertex 15.6669 9.94473 1.45
      vertex 15.5902 9.96156 1.45
    endloop
  endfacet
  facet normal 0 0 1
    outer loop
      vertex 15.8922 -9.87637 1.45
      vertex 15.2 -10 1.45
      vertex 15.818 -9.9021 1.45
    endloop
  endfacet
  facet normal 0 0 1
    outer loop
      vertex 15.2 10 1.45
      vertex 15.5902 9.96156 1.45
      vertex 15.5129 9.97537 1.45
    endloop
  endfacet
  facet normal 0 0 1
    outer loop
      vertex 15.818 -9.9021 1.45
      vertex 15.2 -10 1.45
      vertex 15.7429 -9.9249 1.45
    endloop
  endfacet
  facet normal 0 0 1
    outer loop
      vertex 15.2 10 1.45
      vertex 15.5129 9.97537 1.45
      vertex 15.4351 9.98613 1.45
    endloop
  endfacet
  facet normal 0 0 1
    outer loop
      vertex 15.7429 -9.9249 1.45
      vertex 15.2 -10 1.45
      vertex 15.6669 -9.94473 1.45
    endloop
  endfacet
  facet normal 0 0 1
    outer loop
      vertex 15.2 10 1.45
      vertex 15.4351 9.98613 1.45
      vertex 15.3569 9.99382 1.45
    endloop
  endfacet
  facet normal 0 0 1
    outer loop
      vertex 15.6669 -9.94473 1.45
      vertex 15.2 -10 1.45
      vertex 15.5902 -9.96156 1.45
    endloop
  endfacet
  facet normal 0 0 1
    outer loop
      vertex 15.2 10 1.45
      vertex 15.3569 9.99382 1.45
      vertex 15.2785 9.99844 1.45
    endloop
  endfacet
  facet normal 0 0 1
    outer loop
      vertex 15.5902 -9.96156 1.45
      vertex 15.2 -10 1.45
      vertex 15.5129 -9.97537 1.45
    endloop
  endfacet
  facet normal 0 0 1
    outer loop
      vertex 17.2 8 1.45
      vertex 15.2 10 1.45
      vertex 9.2 8 1.45
    endloop
  endfacet
  facet normal 0 0 1
    outer loop
      vertex 15.5129 -9.97537 1.45
      vertex 15.2 -10 1.45
      vertex 15.4351 -9.98613 1.45
    endloop
  endfacet
  facet normal 0 0 1
    outer loop
      vertex 9.2 8 1.45
      vertex 15.2 10 1.45
      vertex 11.2 10 1.45
    endloop
  endfacet
  facet normal 0 0 1
    outer loop
      vertex 15.4351 -9.98613 1.45
      vertex 15.2 -10 1.45
      vertex 15.3569 -9.99382 1.45
    endloop
  endfacet
  facet normal 0 0 1
    outer loop
      vertex 9.2 8 1.45
      vertex 11.2 10 1.45
      vertex 11.1215 9.99844 1.45
    endloop
  endfacet
  facet normal 0 0 1
    outer loop
      vertex 15.3569 -9.99382 1.45
      vertex 15.2 -10 1.45
      vertex 15.2785 -9.99844 1.45
    endloop
  endfacet
  facet normal 0 0 1
    outer loop
      vertex 9.2 8 1.45
      vertex 11.1215 9.99844 1.45
      vertex 11.0431 9.99382 1.45
    endloop
  endfacet
  facet normal 0 0 1
    outer loop
      vertex 15.2 -10 1.45
      vertex 9.2 -8 1.45
      vertex 11.2 -10 1.45
    endloop
  endfacet
  facet normal 0 0 1
    outer loop
      vertex 9.2 8 1.45
      vertex 11.0431 9.99382 1.45
      vertex 10.9649 9.98613 1.45
    endloop
  endfacet
  facet normal 0 0 1
    outer loop
      vertex 11.2 -10 1.45
      vertex 9.2 -8 1.45
      vertex 11.1215 -9.99844 1.45
    endloop
  endfacet
  facet normal 0 0 1
    outer loop
      vertex 9.2 8 1.45
      vertex 10.9649 9.98613 1.45
      vertex 10.8871 9.97537 1.45
    endloop
  endfacet
  facet normal 0 0 1
    outer loop
      vertex 11.1215 -9.99844 1.45
      vertex 9.2 -8 1.45
      vertex 11.0431 -9.99382 1.45
    endloop
  endfacet
  facet normal 0 0 1
    outer loop
      vertex 9.2 8 1.45
      vertex 10.8871 9.97537 1.45
      vertex 10.8098 9.96156 1.45
    endloop
  endfacet
  facet normal 0 0 1
    outer loop
      vertex 11.0431 -9.99382 1.45
      vertex 9.2 -8 1.45
      vertex 10.9649 -9.98613 1.45
    endloop
  endfacet
  facet normal 0 0 1
    outer loop
      vertex 9.2 8 1.45
      vertex 10.8098 9.96156 1.45
      vertex 10.7331 9.94473 1.45
    endloop
  endfacet
  facet normal 0 0 1
    outer loop
      vertex 10.9649 -9.98613 1.45
      vertex 9.2 -8 1.45
      vertex 10.8871 -9.97537 1.45
    endloop
  endfacet
  facet normal 0 0 1
    outer loop
      vertex 9.2 8 1.45
      vertex 10.7331 9.94473 1.45
      vertex 10.6571 9.9249 1.45
    endloop
  endfacet
  facet normal 0 0 1
    outer loop
      vertex 10.8871 -9.97537 1.45
      vertex 9.2 -8 1.45
      vertex 10.8098 -9.96156 1.45
    endloop
  endfacet
  facet normal 0 0 1
    outer loop
      vertex 9.2 8 1.45
      vertex 10.6571 9.9249 1.45
      vertex 10.582 9.9021 1.45
    endloop
  endfacet
  facet normal 0 0 1
    outer loop
      vertex 10.8098 -9.96156 1.45
      vertex 9.2 -8 1.45
      vertex 10.7331 -9.94473 1.45
    endloop
  endfacet
  facet normal 0 0 1
    outer loop
      vertex 9.2 8 1.45
      vertex 10.582 9.9021 1.45
      vertex 10.5078 9.87637 1.45
    endloop
  endfacet
  facet normal 0 0 1
    outer loop
      vertex 10.7331 -9.94473 1.45
      vertex 9.2 -8 1.45
      vertex 10.6571 -9.9249 1.45
    endloop
  endfacet
  facet normal 0 0 1
    outer loop
      vertex 9.2 8 1.45
      vertex 10.5078 9.87637 1.45
      vertex 10.4346 9.84775 1.45
    endloop
  endfacet
  facet normal 0 0 1
    outer loop
      vertex 10.6571 -9.9249 1.45
      vertex 9.2 -8 1.45
      vertex 10.582 -9.9021 1.45
    endloop
  endfacet
  facet normal 0 0 1
    outer loop
      vertex 9.2 8 1.45
      vertex 10.4346 9.84775 1.45
      vertex 10.3627 9.81628 1.45
    endloop
  endfacet
  facet normal 0 0 1
    outer loop
      vertex 10.582 -9.9021 1.45
      vertex 9.2 -8 1.45
      vertex 10.5078 -9.87637 1.45
    endloop
  endfacet
  facet normal 0 0 1
    outer loop
      vertex 9.2 8 1.45
      vertex 10.3627 9.81628 1.45
      vertex 10.292 9.78201 1.45
    endloop
  endfacet
  facet normal 0 0 1
    outer loop
      vertex 10.5078 -9.87637 1.45
      vertex 9.2 -8 1.45
      vertex 10.4346 -9.84775 1.45
    endloop
  endfacet
  facet normal 0 0 1
    outer loop
      vertex 9.2 8 1.45
      vertex 10.292 9.78201 1.45
      vertex 10.2228 9.74498 1.45
    endloop
  endfacet
  facet normal 0 0 1
    outer loop
      vertex 10.4346 -9.84775 1.45
      vertex 9.2 -8 1.45
      vertex 10.3627 -9.81628 1.45
    endloop
  endfacet
  facet normal 0 0 1
    outer loop
      vertex 9.2 8 1.45
      vertex 10.2228 9.74498 1.45
      vertex 10.155 9.70528 1.45
    endloop
  endfacet
  facet normal 0 0 1
    outer loop
      vertex 10.3627 -9.81628 1.45
      vertex 9.2 -8 1.45
      vertex 10.292 -9.78201 1.45
    endloop
  endfacet
  facet normal 0 0 1
    outer loop
      vertex 9.2 8 1.45
      vertex 10.155 9.70528 1.45
      vertex 10.0889 9.66293 1.45
    endloop
  endfacet
  facet normal 0 0 1
    outer loop
      vertex 10.292 -9.78201 1.45
      vertex 9.2 -8 1.45
      vertex 10.2228 -9.74498 1.45
    endloop
  endfacet
  facet normal 0 0 1
    outer loop
      vertex 9.2 8 1.45
      vertex 10.0889 9.66293 1.45
      vertex 10.0244 9.61803 1.45
    endloop
  endfacet
  facet normal 0 0 1
    outer loop
      vertex 10.2228 -9.74498 1.45
      vertex 9.2 -8 1.45
      vertex 10.155 -9.70528 1.45
    endloop
  endfacet
  facet normal 0 0 1
    outer loop
      vertex 9.2 8 1.45
      vertex 10.0244 9.61803 1.45
      vertex 9.96183 9.57063 1.45
    endloop
  endfacet
  facet normal 0 0 1
    outer loop
      vertex 10.155 -9.70528 1.45
      vertex 9.2 -8 1.45
      vertex 10.0889 -9.66293 1.45
    endloop
  endfacet
  facet normal 0 0 1
    outer loop
      vertex 9.2 8 1.45
      vertex 9.96183 9.57063 1.45
      vertex 9.90111 9.5208 1.45
    endloop
  endfacet
  facet normal 0 0 1
    outer loop
      vertex 10.0889 -9.66293 1.45
      vertex 9.2 -8 1.45
      vertex 10.0244 -9.61803 1.45
    endloop
  endfacet
  facet normal 0 0 1
    outer loop
      vertex 9.2 8 1.45
      vertex 9.90111 9.5208 1.45
      vertex 9.84241 9.46864 1.45
    endloop
  endfacet
  facet normal 0 0 1
    outer loop
      vertex 10.0244 -9.61803 1.45
      vertex 9.2 -8 1.45
      vertex 9.96183 -9.57063 1.45
    endloop
  endfacet
  facet normal 0 0 1
    outer loop
      vertex 9.2 8 1.45
      vertex 9.84241 9.46864 1.45
      vertex 9.7858 9.4142 1.45
    endloop
  endfacet
  facet normal 0 0 1
    outer loop
      vertex 9.96183 -9.57063 1.45
      vertex 9.2 -8 1.45
      vertex 9.90111 -9.5208 1.45
    endloop
  endfacet
  facet normal 0 0 1
    outer loop
      vertex 9.2 8 1.45
      vertex 9.7858 9.4142 1.45
      vertex 9.73136 9.35759 1.45
    endloop
  endfacet
  facet normal 0 0 1
    outer loop
      vertex 9.90111 -9.5208 1.45
      vertex 9.2 -8 1.45
      vertex 9.84241 -9.46864 1.45
    endloop
  endfacet
  facet normal 0 0 1
    outer loop
      vertex 9.2 8 1.45
      vertex 9.73136 9.35759 1.45
      vertex 9.6792 9.29889 1.45
    endloop
  endfacet
  facet normal 0 0 1
    outer loop
      vertex 9.84241 -9.46864 1.45
      vertex 9.2 -8 1.45
      vertex 9.7858 -9.4142 1.45
    endloop
  endfacet
  facet normal 0 0 1
    outer loop
      vertex 9.2 8 1.45
      vertex 9.6792 9.29889 1.45
      vertex 9.62937 9.23817 1.45
    endloop
  endfacet
  facet normal 0 0 1
    outer loop
      vertex 9.7858 -9.4142 1.45
      vertex 9.2 -8 1.45
      vertex 9.73136 -9.35759 1.45
    endloop
  endfacet
  facet normal 0 0 1
    outer loop
      vertex 9.2 8 1.45
      vertex 9.62937 9.23817 1.45
      vertex 9.58197 9.17557 1.45
    endloop
  endfacet
  facet normal 0 0 1
    outer loop
      vertex 9.73136 -9.35759 1.45
      vertex 9.2 -8 1.45
      vertex 9.6792 -9.29889 1.45
    endloop
  endfacet
  facet normal 0 0 1
    outer loop
      vertex 9.2 8 1.45
      vertex 9.58197 9.17557 1.45
      vertex 9.53707 9.11113 1.45
    endloop
  endfacet
  facet normal 0 0 1
    outer loop
      vertex 9.6792 -9.29889 1.45
      vertex 9.2 -8 1.45
      vertex 9.62937 -9.23817 1.45
    endloop
  endfacet
  facet normal 0 0 1
    outer loop
      vertex 9.2 8 1.45
      vertex 9.53707 9.11113 1.45
      vertex 9.49472 9.04498 1.45
    endloop
  endfacet
  facet normal 0 0 1
    outer loop
      vertex 9.62937 -9.23817 1.45
      vertex 9.2 -8 1.45
      vertex 9.58197 -9.17557 1.45
    endloop
  endfacet
  facet normal 0 0 1
    outer loop
      vertex 9.2 8 1.45
      vertex 9.49472 9.04498 1.45
      vertex 9.45502 8.97723 1.45
    endloop
  endfacet
  facet normal 0 0 1
    outer loop
      vertex 9.58197 -9.17557 1.45
      vertex 9.2 -8 1.45
      vertex 9.53707 -9.11113 1.45
    endloop
  endfacet
  facet normal 0 0 1
    outer loop
      vertex 9.2 8 1.45
      vertex 9.45502 8.97723 1.45
      vertex 9.41799 8.90797 1.45
    endloop
  endfacet
  facet normal 0 0 1
    outer loop
      vertex 9.53707 -9.11113 1.45
      vertex 9.2 -8 1.45
      vertex 9.49472 -9.04498 1.45
    endloop
  endfacet
  facet normal 0 0 1
    outer loop
      vertex 9.2 8 1.45
      vertex 9.41799 8.90797 1.45
      vertex 9.38372 8.83731 1.45
    endloop
  endfacet
  facet normal 0 0 1
    outer loop
      vertex 9.49472 -9.04498 1.45
      vertex 9.2 -8 1.45
      vertex 9.45502 -8.97723 1.45
    endloop
  endfacet
  facet normal 0 0 1
    outer loop
      vertex 9.2 8 1.45
      vertex 9.38372 8.83731 1.45
      vertex 9.35225 8.76537 1.45
    endloop
  endfacet
  facet normal 0 0 1
    outer loop
      vertex 9.45502 -8.97723 1.45
      vertex 9.2 -8 1.45
      vertex 9.41799 -8.90797 1.45
    endloop
  endfacet
  facet normal 0 0 1
    outer loop
      vertex 9.2 8 1.45
      vertex 9.35225 8.76537 1.45
      vertex 9.32363 8.69223 1.45
    endloop
  endfacet
  facet normal 0 0 1
    outer loop
      vertex 9.41799 -8.90797 1.45
      vertex 9.2 -8 1.45
      vertex 9.38372 -8.83731 1.45
    endloop
  endfacet
  facet normal 0 0 1
    outer loop
      vertex 9.2 8 1.45
      vertex 9.32363 8.69223 1.45
      vertex 9.2979 8.61803 1.45
    endloop
  endfacet
  facet normal 0 0 1
    outer loop
      vertex 9.38372 -8.83731 1.45
      vertex 9.2 -8 1.45
      vertex 9.35225 -8.76537 1.45
    endloop
  endfacet
  facet normal 0 0 1
    outer loop
      vertex 9.2 8 1.45
      vertex 9.2979 8.61803 1.45
      vertex 9.2751 8.54288 1.45
    endloop
  endfacet
  facet normal 0 0 1
    outer loop
      vertex 9.35225 -8.76537 1.45
      vertex 9.2 -8 1.45
      vertex 9.32363 -8.69223 1.45
    endloop
  endfacet
  facet normal 0 0 1
    outer loop
      vertex 9.2 8 1.45
      vertex 9.2751 8.54288 1.45
      vertex 9.25527 8.46689 1.45
    endloop
  endfacet
  facet normal 0 0 1
    outer loop
      vertex 9.32363 -8.69223 1.45
      vertex 9.2 -8 1.45
      vertex 9.2979 -8.61803 1.45
    endloop
  endfacet
  facet normal 0 0 1
    outer loop
      vertex 9.2 8 1.45
      vertex 9.25527 8.46689 1.45
      vertex 9.23844 8.39017 1.45
    endloop
  endfacet
  facet normal 0 0 1
    outer loop
      vertex 9.2979 -8.61803 1.45
      vertex 9.2 -8 1.45
      vertex 9.2751 -8.54288 1.45
    endloop
  endfacet
  facet normal 0 0 1
    outer loop
      vertex 9.2 8 1.45
      vertex 9.23844 8.39017 1.45
      vertex 9.22463 8.31287 1.45
    endloop
  endfacet
  facet normal 0 0 1
    outer loop
      vertex 9.2751 -8.54288 1.45
      vertex 9.2 -8 1.45
      vertex 9.25527 -8.46689 1.45
    endloop
  endfacet
  facet normal 0 0 1
    outer loop
      vertex 9.2 8 1.45
      vertex 9.22463 8.31287 1.45
      vertex 9.21387 8.23506 1.45
    endloop
  endfacet
  facet normal 0 0 1
    outer loop
      vertex 9.25527 -8.46689 1.45
      vertex 9.2 -8 1.45
      vertex 9.23844 -8.39017 1.45
    endloop
  endfacet
  facet normal 0 0 1
    outer loop
      vertex 9.2 8 1.45
      vertex 9.21387 8.23506 1.45
      vertex 9.20618 8.15691 1.45
    endloop
  endfacet
  facet normal 0 0 1
    outer loop
      vertex 9.23844 -8.39017 1.45
      vertex 9.2 -8 1.45
      vertex 9.22463 -8.31287 1.45
    endloop
  endfacet
  facet normal 0 0 1
    outer loop
      vertex 9.2 8 1.45
      vertex 9.20618 8.15691 1.45
      vertex 9.20156 8.07851 1.45
    endloop
  endfacet
  facet normal 0 0 1
    outer loop
      vertex 9.22463 -8.31287 1.45
      vertex 9.2 -8 1.45
      vertex 9.21387 -8.23506 1.45
    endloop
  endfacet
  facet normal 0 0 1
    outer loop
      vertex 9.21387 -8.23506 1.45
      vertex 9.2 -8 1.45
      vertex 9.20618 -8.15691 1.45
    endloop
  endfacet
  facet normal 0 0 1
    outer loop
      vertex 9.20618 -8.15691 1.45
      vertex 9.2 -8 1.45
      vertex 9.20156 -8.07851 1.45
    endloop
  endfacet
  facet normal 0.967597 0.2525 0
    outer loop
      vertex 9.2751 -8.54288 2
      vertex 9.25527 -8.46689 1.45
      vertex 9.25527 -8.46689 2
    endloop
  endfacet
  facet normal 0.967597 0.2525 0
    outer loop
      vertex 9.25527 -8.46689 1.45
      vertex 9.2751 -8.54288 2
      vertex 9.2751 -8.54288 1.45
    endloop
  endfacet
  facet normal -0.995181 0.0980537 0
    outer loop
      vertex 17.1861 -8.23506 1.45
      vertex 17.1938 -8.15691 2
      vertex 17.1938 -8.15691 1.45
    endloop
  endfacet
  facet normal -0.995181 0.0980537 0
    outer loop
      vertex 17.1938 -8.15691 2
      vertex 17.1861 -8.23506 1.45
      vertex 17.1861 -8.23506 2
    endloop
  endfacet
  facet normal -0.693221 0.720725 0
    outer loop
      vertex 16.6142 -9.4142 1.45
      vertex 16.5576 -9.46864 2
      vertex 16.6142 -9.4142 2
    endloop
  endfacet
  facet normal -0.693221 0.720725 0
    outer loop
      vertex 16.5576 -9.46864 2
      vertex 16.6142 -9.4142 1.45
      vertex 16.5576 -9.46864 1.45
    endloop
  endfacet
  facet normal 0 1 -0
    outer loop
      vertex 15.2 -10 1.45
      vertex 11.2 -10 2
      vertex 15.2 -10 2
    endloop
  endfacet
  facet normal 0 1 0
    outer loop
      vertex 11.2 -10 2
      vertex 15.2 -10 1.45
      vertex 11.2 -10 1.45
    endloop
  endfacet
  facet normal 0.436183 0.899858 -0
    outer loop
      vertex 10.3627 -9.81628 1.45
      vertex 10.292 -9.78201 2
      vertex 10.3627 -9.81628 2
    endloop
  endfacet
  facet normal 0.436183 0.899858 0
    outer loop
      vertex 10.292 -9.78201 2
      vertex 10.3627 -9.81628 1.45
      vertex 10.292 -9.78201 1.45
    endloop
  endfacet
  facet normal 0.916175 0.400779 0
    outer loop
      vertex 9.38372 -8.83731 2
      vertex 9.35225 -8.76537 1.45
      vertex 9.35225 -8.76537 2
    endloop
  endfacet
  facet normal 0.916175 0.400779 0
    outer loop
      vertex 9.35225 -8.76537 1.45
      vertex 9.38372 -8.83731 2
      vertex 9.38372 -8.83731 1.45
    endloop
  endfacet
  facet normal 0.999803 -0.0198662 0
    outer loop
      vertex 9.2 8 2
      vertex 9.20156 8.07851 1.45
      vertex 9.20156 8.07851 2
    endloop
  endfacet
  facet normal 0.999803 -0.0198662 0
    outer loop
      vertex 9.20156 8.07851 1.45
      vertex 9.2 8 2
      vertex 9.2 8 1.45
    endloop
  endfacet
  facet normal 0.931243 0.364399 0
    outer loop
      vertex 9.35225 -8.76537 2
      vertex 9.32363 -8.69223 1.45
      vertex 9.32363 -8.69223 2
    endloop
  endfacet
  facet normal 0.931243 0.364399 0
    outer loop
      vertex 9.32363 -8.69223 1.45
      vertex 9.35225 -8.76537 2
      vertex 9.35225 -8.76537 1.45
    endloop
  endfacet
  facet normal 0.944807 0.327627 0
    outer loop
      vertex 9.32363 -8.69223 2
      vertex 9.2979 -8.61803 1.45
      vertex 9.2979 -8.61803 2
    endloop
  endfacet
  facet normal 0.944807 0.327627 0
    outer loop
      vertex 9.2979 -8.61803 1.45
      vertex 9.32363 -8.69223 2
      vertex 9.32363 -8.69223 1.45
    endloop
  endfacet
  facet normal 0.995194 0.0979276 0
    outer loop
      vertex 9.21387 -8.23506 2
      vertex 9.20618 -8.15691 1.45
      vertex 9.20618 -8.15691 2
    endloop
  endfacet
  facet normal 0.995194 0.0979276 0
    outer loop
      vertex 9.20618 -8.15691 1.45
      vertex 9.21387 -8.23506 2
      vertex 9.21387 -8.23506 1.45
    endloop
  endfacet
  facet normal 0.976774 0.214274 0
    outer loop
      vertex 9.25527 -8.46689 2
      vertex 9.23844 -8.39017 1.45
      vertex 9.23844 -8.39017 2
    endloop
  endfacet
  facet normal 0.976774 0.214274 0
    outer loop
      vertex 9.23844 -8.39017 1.45
      vertex 9.25527 -8.46689 2
      vertex 9.25527 -8.46689 1.45
    endloop
  endfacet
  facet normal -0.990677 0.136232 0
    outer loop
      vertex 17.1754 -8.31287 1.45
      vertex 17.1861 -8.23506 2
      vertex 17.1861 -8.23506 1.45
    endloop
  endfacet
  facet normal -0.990677 0.136232 0
    outer loop
      vertex 17.1861 -8.23506 2
      vertex 17.1754 -8.31287 1.45
      vertex 17.1754 -8.31287 2
    endloop
  endfacet
  facet normal -0.96769 -0.252142 0
    outer loop
      vertex 17.1447 8.46689 1.45
      vertex 17.1249 8.54288 2
      vertex 17.1249 8.54288 1.45
    endloop
  endfacet
  facet normal -0.96769 -0.252142 0
    outer loop
      vertex 17.1249 8.54288 2
      vertex 17.1447 8.46689 1.45
      vertex 17.1447 8.46689 2
    endloop
  endfacet
  facet normal -0.944925 -0.327286 0
    outer loop
      vertex 17.1021 8.61803 1.45
      vertex 17.0764 8.69223 2
      vertex 17.0764 8.69223 1.45
    endloop
  endfacet
  facet normal -0.944925 -0.327286 0
    outer loop
      vertex 17.0764 8.69223 2
      vertex 17.1021 8.61803 1.45
      vertex 17.1021 8.61803 2
    endloop
  endfacet
  facet normal -0.995181 -0.0980537 0
    outer loop
      vertex 17.1938 8.15691 1.45
      vertex 17.1861 8.23506 2
      vertex 17.1861 8.23506 1.45
    endloop
  endfacet
  facet normal -0.995181 -0.0980537 0
    outer loop
      vertex 17.1861 8.23506 2
      vertex 17.1938 8.15691 1.45
      vertex 17.1938 8.15691 2
    endloop
  endfacet
  facet normal -0.999709 -0.0241184 0
    outer loop
      vertex 17.1984 8.07851 1.45
      vertex 17.1986 8.07022 2
      vertex 17.1984 8.07851 2
    endloop
  endfacet
  facet normal -0.999792 -0.0203753 5.64489e-05
    outer loop
      vertex 17.2 8 1.45
      vertex 17.1986 8.07022 2
      vertex 17.1984 8.07851 1.45
    endloop
  endfacet
  facet normal -0.999801 -0.0199334 0
    outer loop
      vertex 17.1986 8.07022 2
      vertex 17.2 8 1.45
      vertex 17.2 8 2
    endloop
  endfacet
  facet normal -0.976587 -0.215124 0
    outer loop
      vertex 17.1616 8.39017 1.45
      vertex 17.1447 8.46689 2
      vertex 17.1447 8.46689 1.45
    endloop
  endfacet
  facet normal -0.976587 -0.215124 0
    outer loop
      vertex 17.1447 8.46689 2
      vertex 17.1616 8.39017 1.45
      vertex 17.1616 8.39017 2
    endloop
  endfacet
  facet normal -0.999801 0.0199334 0
    outer loop
      vertex 17.2 -8 1.45
      vertex 17.1986 -8.07022 2
      vertex 17.2 -8 2
    endloop
  endfacet
  facet normal -0.999792 0.0203753 5.64489e-05
    outer loop
      vertex 17.1984 -8.07851 1.45
      vertex 17.1986 -8.07022 2
      vertex 17.2 -8 1.45
    endloop
  endfacet
  facet normal -0.999709 0.0241184 0
    outer loop
      vertex 17.1986 -8.07022 2
      vertex 17.1984 -8.07851 1.45
      vertex 17.1984 -8.07851 2
    endloop
  endfacet
  facet normal -0.998283 0.0585727 0
    outer loop
      vertex 17.1938 -8.15691 1.45
      vertex 17.1984 -8.07851 2
      vertex 17.1984 -8.07851 1.45
    endloop
  endfacet
  facet normal -0.998283 0.0585727 0
    outer loop
      vertex 17.1984 -8.07851 2
      vertex 17.1938 -8.15691 1.45
      vertex 17.1938 -8.15691 2
    endloop
  endfacet
  facet normal 0.505295 -0.862947 0
    outer loop
      vertex 10.155 9.70528 1.45
      vertex 10.2228 9.74498 2
      vertex 10.155 9.70528 2
    endloop
  endfacet
  facet normal 0.505295 -0.862947 0
    outer loop
      vertex 10.2228 9.74498 2
      vertex 10.155 9.70528 1.45
      vertex 10.2228 9.74498 1.45
    endloop
  endfacet
  facet normal 0.0978655 -0.9952 0
    outer loop
      vertex 10.9649 9.98613 1.45
      vertex 11.0431 9.99382 2
      vertex 10.9649 9.98613 2
    endloop
  endfacet
  facet normal 0.0978655 -0.9952 0
    outer loop
      vertex 11.0431 9.99382 2
      vertex 10.9649 9.98613 1.45
      vertex 11.0431 9.99382 1.45
    endloop
  endfacet
  facet normal 0.88187 -0.471493 0
    outer loop
      vertex 9.41799 8.90797 2
      vertex 9.45502 8.97723 1.45
      vertex 9.45502 8.97723 2
    endloop
  endfacet
  facet normal 0.88187 -0.471493 0
    outer loop
      vertex 9.45502 8.97723 1.45
      vertex 9.41799 8.90797 2
      vertex 9.41799 8.90797 1.45
    endloop
  endfacet
  facet normal 0.693157 -0.720787 0
    outer loop
      vertex 9.7858 9.4142 1.45
      vertex 9.84241 9.46864 2
      vertex 9.7858 9.4142 2
    endloop
  endfacet
  facet normal 0.693157 -0.720787 0
    outer loop
      vertex 9.84241 9.46864 2
      vertex 9.7858 9.4142 1.45
      vertex 9.84241 9.46864 1.45
    endloop
  endfacet
  facet normal -0.17587 -0.984413 0
    outer loop
      vertex 15.5129 9.97537 1.45
      vertex 15.5902 9.96156 2
      vertex 15.5129 9.97537 2
    endloop
  endfacet
  facet normal -0.17587 -0.984413 -0
    outer loop
      vertex 15.5902 9.96156 2
      vertex 15.5129 9.97537 1.45
      vertex 15.5902 9.96156 1.45
    endloop
  endfacet
  facet normal 0.0198687 -0.999803 0
    outer loop
      vertex 11.1215 9.99844 1.45
      vertex 11.2 10 2
      vertex 11.1215 9.99844 2
    endloop
  endfacet
  facet normal 0.0198687 -0.999803 0
    outer loop
      vertex 11.2 10 2
      vertex 11.1215 9.99844 1.45
      vertex 11.2 10 1.45
    endloop
  endfacet
  facet normal -0.797241 -0.603662 0
    outer loop
      vertex 16.818 9.17557 1.45
      vertex 16.7706 9.23817 2
      vertex 16.7706 9.23817 1.45
    endloop
  endfacet
  facet normal -0.797241 -0.603662 0
    outer loop
      vertex 16.7706 9.23817 2
      vertex 16.818 9.17557 1.45
      vertex 16.818 9.17557 2
    endloop
  endfacet
  facet normal -0.976587 0.215124 0
    outer loop
      vertex 17.1447 -8.46689 1.45
      vertex 17.1616 -8.39017 2
      vertex 17.1616 -8.39017 1.45
    endloop
  endfacet
  facet normal -0.976587 0.215124 0
    outer loop
      vertex 17.1616 -8.39017 2
      vertex 17.1447 -8.46689 1.45
      vertex 17.1447 -8.46689 2
    endloop
  endfacet
  facet normal -0.820474 0.571684 0
    outer loop
      vertex 16.818 -9.17557 1.45
      vertex 16.8629 -9.11113 2
      vertex 16.8629 -9.11113 1.45
    endloop
  endfacet
  facet normal -0.820474 0.571684 0
    outer loop
      vertex 16.8629 -9.11113 2
      vertex 16.818 -9.17557 1.45
      vertex 16.818 -9.17557 2
    endloop
  endfacet
  facet normal 0.0588265 0.998268 -0
    outer loop
      vertex 11.1215 -9.99844 1.45
      vertex 11.0431 -9.99382 2
      vertex 11.1215 -9.99844 2
    endloop
  endfacet
  facet normal 0.0588265 0.998268 0
    outer loop
      vertex 11.0431 -9.99382 2
      vertex 11.1215 -9.99844 1.45
      vertex 11.0431 -9.99382 1.45
    endloop
  endfacet
  facet normal 0.136999 0.990571 -0
    outer loop
      vertex 10.9649 -9.98613 1.45
      vertex 10.8871 -9.97537 2
      vertex 10.9649 -9.98613 2
    endloop
  endfacet
  facet normal 0.136999 0.990571 0
    outer loop
      vertex 10.8871 -9.97537 2
      vertex 10.9649 -9.98613 1.45
      vertex 10.8871 -9.97537 1.45
    endloop
  endfacet
  facet normal 0.0978655 0.9952 -0
    outer loop
      vertex 11.0431 -9.99382 1.45
      vertex 10.9649 -9.98613 2
      vertex 11.0431 -9.99382 2
    endloop
  endfacet
  facet normal 0.0978655 0.9952 0
    outer loop
      vertex 10.9649 -9.98613 2
      vertex 11.0431 -9.99382 1.45
      vertex 10.9649 -9.98613 1.45
    endloop
  endfacet
  facet normal 0.84219 0.53918 0
    outer loop
      vertex 9.53707 -9.11113 2
      vertex 9.49472 -9.04498 1.45
      vertex 9.49472 -9.04498 2
    endloop
  endfacet
  facet normal 0.84219 0.53918 0
    outer loop
      vertex 9.49472 -9.04498 1.45
      vertex 9.53707 -9.11113 2
      vertex 9.53707 -9.11113 1.45
    endloop
  endfacet
  facet normal 0.998268 -0.0588265 0
    outer loop
      vertex 9.20156 8.07851 2
      vertex 9.20618 8.15691 1.45
      vertex 9.20618 8.15691 2
    endloop
  endfacet
  facet normal 0.998268 -0.0588265 0
    outer loop
      vertex 9.20618 8.15691 1.45
      vertex 9.20156 8.07851 2
      vertex 9.20156 8.07851 1.45
    endloop
  endfacet
  facet normal 0.956928 0.290325 0
    outer loop
      vertex 9.2979 -8.61803 2
      vertex 9.2751 -8.54288 1.45
      vertex 9.2751 -8.54288 2
    endloop
  endfacet
  facet normal 0.956928 0.290325 0
    outer loop
      vertex 9.2751 -8.54288 1.45
      vertex 9.2979 -8.61803 2
      vertex 9.2979 -8.61803 1.45
    endloop
  endfacet
  facet normal 0.999803 0.0198662 0
    outer loop
      vertex 9.20156 -8.07851 2
      vertex 9.2 -8 1.45
      vertex 9.2 -8 2
    endloop
  endfacet
  facet normal 0.999803 0.0198662 0
    outer loop
      vertex 9.2 -8 1.45
      vertex 9.20156 -8.07851 2
      vertex 9.20156 -8.07851 1.45
    endloop
  endfacet
  facet normal 0.984413 0.17587 0
    outer loop
      vertex 9.23844 -8.39017 2
      vertex 9.22463 -8.31287 1.45
      vertex 9.22463 -8.31287 2
    endloop
  endfacet
  facet normal 0.984413 0.17587 0
    outer loop
      vertex 9.22463 -8.31287 1.45
      vertex 9.23844 -8.39017 2
      vertex 9.23844 -8.39017 1.45
    endloop
  endfacet
  facet normal -0.930897 -0.365282 0
    outer loop
      vertex 17.0764 8.69223 1.45
      vertex 17.0477 8.76537 2
      vertex 17.0477 8.76537 1.45
    endloop
  endfacet
  facet normal -0.930897 -0.365282 0
    outer loop
      vertex 17.0477 8.76537 2
      vertex 17.0764 8.69223 1.45
      vertex 17.0764 8.69223 2
    endloop
  endfacet
  facet normal -0.956928 -0.290325 0
    outer loop
      vertex 17.1249 8.54288 1.45
      vertex 17.1021 8.61803 2
      vertex 17.1021 8.61803 1.45
    endloop
  endfacet
  facet normal -0.956928 -0.290325 0
    outer loop
      vertex 17.1021 8.61803 2
      vertex 17.1249 8.54288 1.45
      vertex 17.1249 8.54288 2
    endloop
  endfacet
  facet normal -0.998283 -0.0585727 0
    outer loop
      vertex 17.1984 8.07851 1.45
      vertex 17.1938 8.15691 2
      vertex 17.1938 8.15691 1.45
    endloop
  endfacet
  facet normal -0.998283 -0.0585727 0
    outer loop
      vertex 17.1938 8.15691 2
      vertex 17.1984 8.07851 1.45
      vertex 17.1984 8.07851 2
    endloop
  endfacet
  facet normal -0.990677 -0.136232 0
    outer loop
      vertex 17.1861 8.23506 1.45
      vertex 17.1754 8.31287 2
      vertex 17.1754 8.31287 1.45
    endloop
  endfacet
  facet normal -0.990677 -0.136232 0
    outer loop
      vertex 17.1754 8.31287 2
      vertex 17.1861 8.23506 1.45
      vertex 17.1861 8.23506 2
    endloop
  endfacet
  facet normal -0.984435 -0.175747 0
    outer loop
      vertex 17.1754 8.31287 1.45
      vertex 17.1616 8.39017 2
      vertex 17.1616 8.39017 1.45
    endloop
  endfacet
  facet normal -0.984435 -0.175747 0
    outer loop
      vertex 17.1616 8.39017 2
      vertex 17.1754 8.31287 1.45
      vertex 17.1754 8.31287 2
    endloop
  endfacet
  facet normal -0.0978655 -0.9952 0
    outer loop
      vertex 15.3569 9.99382 1.45
      vertex 15.4351 9.98613 2
      vertex 15.3569 9.99382 2
    endloop
  endfacet
  facet normal -0.0978655 -0.9952 -0
    outer loop
      vertex 15.4351 9.98613 2
      vertex 15.3569 9.99382 1.45
      vertex 15.4351 9.98613 1.45
    endloop
  endfacet
  facet normal -0.136999 -0.990571 0
    outer loop
      vertex 15.4351 9.98613 1.45
      vertex 15.5129 9.97537 2
      vertex 15.4351 9.98613 2
    endloop
  endfacet
  facet normal -0.136999 -0.990571 -0
    outer loop
      vertex 15.5129 9.97537 2
      vertex 15.4351 9.98613 1.45
      vertex 15.5129 9.97537 1.45
    endloop
  endfacet
  facet normal 0 -1 0
    outer loop
      vertex 11.2 10 1.45
      vertex 15.2 10 2
      vertex 11.2 10 2
    endloop
  endfacet
  facet normal 0 -1 -0
    outer loop
      vertex 15.2 10 2
      vertex 11.2 10 1.45
      vertex 15.2 10 1.45
    endloop
  endfacet
  facet normal -0.290502 -0.956874 0
    outer loop
      vertex 15.7429 9.9249 1.45
      vertex 15.818 9.9021 2
      vertex 15.7429 9.9249 2
    endloop
  endfacet
  facet normal -0.290502 -0.956874 -0
    outer loop
      vertex 15.818 9.9021 2
      vertex 15.7429 9.9249 1.45
      vertex 15.818 9.9021 1.45
    endloop
  endfacet
  facet normal -0.505295 -0.862947 0
    outer loop
      vertex 16.1772 9.74498 1.45
      vertex 16.245 9.70528 2
      vertex 16.1772 9.74498 2
    endloop
  endfacet
  facet normal -0.505295 -0.862947 -0
    outer loop
      vertex 16.245 9.70528 2
      vertex 16.1772 9.74498 1.45
      vertex 16.245 9.70528 1.45
    endloop
  endfacet
  facet normal -0.956928 0.290325 0
    outer loop
      vertex 17.1021 -8.61803 1.45
      vertex 17.1249 -8.54288 2
      vertex 17.1249 -8.54288 1.45
    endloop
  endfacet
  facet normal -0.956928 0.290325 0
    outer loop
      vertex 17.1249 -8.54288 2
      vertex 17.1021 -8.61803 1.45
      vertex 17.1021 -8.61803 2
    endloop
  endfacet
  facet normal -0.916502 0.40003 0
    outer loop
      vertex 17.0163 -8.83731 1.45
      vertex 17.0477 -8.76537 2
      vertex 17.0477 -8.76537 1.45
    endloop
  endfacet
  facet normal -0.916502 0.40003 0
    outer loop
      vertex 17.0477 -8.76537 2
      vertex 17.0163 -8.83731 1.45
      vertex 17.0163 -8.83731 2
    endloop
  endfacet
  facet normal -0.96769 0.252142 0
    outer loop
      vertex 17.1249 -8.54288 1.45
      vertex 17.1447 -8.46689 2
      vertex 17.1447 -8.46689 1.45
    endloop
  endfacet
  facet normal -0.96769 0.252142 0
    outer loop
      vertex 17.1447 -8.46689 2
      vertex 17.1249 -8.54288 1.45
      vertex 17.1249 -8.54288 2
    endloop
  endfacet
  facet normal -0.984435 0.175747 0
    outer loop
      vertex 17.1616 -8.39017 1.45
      vertex 17.1754 -8.31287 2
      vertex 17.1754 -8.31287 1.45
    endloop
  endfacet
  facet normal -0.984435 0.175747 0
    outer loop
      vertex 17.1754 -8.31287 2
      vertex 17.1616 -8.39017 1.45
      vertex 17.1616 -8.39017 2
    endloop
  endfacet
  facet normal -0.436183 0.899858 0
    outer loop
      vertex 16.108 -9.78201 1.45
      vertex 16.0373 -9.81628 2
      vertex 16.108 -9.78201 2
    endloop
  endfacet
  facet normal -0.436183 0.899858 0
    outer loop
      vertex 16.0373 -9.81628 2
      vertex 16.108 -9.78201 1.45
      vertex 16.0373 -9.81628 1.45
    endloop
  endfacet
  facet normal -0.400966 0.916093 0
    outer loop
      vertex 16.0373 -9.81628 1.45
      vertex 15.9654 -9.84775 2
      vertex 16.0373 -9.81628 2
    endloop
  endfacet
  facet normal -0.400966 0.916093 0
    outer loop
      vertex 15.9654 -9.84775 2
      vertex 16.0373 -9.81628 1.45
      vertex 15.9654 -9.84775 1.45
    endloop
  endfacet
  facet normal 0.899761 0.436383 0
    outer loop
      vertex 9.41799 -8.90797 2
      vertex 9.38372 -8.83731 1.45
      vertex 9.38372 -8.83731 2
    endloop
  endfacet
  facet normal 0.899761 0.436383 0
    outer loop
      vertex 9.38372 -8.83731 1.45
      vertex 9.41799 -8.90797 2
      vertex 9.41799 -8.90797 1.45
    endloop
  endfacet
  facet normal -0.0588265 0.998268 0
    outer loop
      vertex 15.3569 -9.99382 1.45
      vertex 15.2785 -9.99844 2
      vertex 15.3569 -9.99382 2
    endloop
  endfacet
  facet normal -0.0588265 0.998268 0
    outer loop
      vertex 15.2785 -9.99844 2
      vertex 15.3569 -9.99382 1.45
      vertex 15.2785 -9.99844 1.45
    endloop
  endfacet
  facet normal 0.0198687 0.999803 -0
    outer loop
      vertex 11.2 -10 1.45
      vertex 11.1215 -9.99844 2
      vertex 11.2 -10 2
    endloop
  endfacet
  facet normal 0.0198687 0.999803 0
    outer loop
      vertex 11.1215 -9.99844 2
      vertex 11.2 -10 1.45
      vertex 11.1215 -9.99844 1.45
    endloop
  endfacet
  facet normal 0.214327 0.976762 -0
    outer loop
      vertex 10.8098 -9.96156 1.45
      vertex 10.7331 -9.94473 2
      vertex 10.8098 -9.96156 2
    endloop
  endfacet
  facet normal 0.214327 0.976762 0
    outer loop
      vertex 10.7331 -9.94473 2
      vertex 10.8098 -9.96156 1.45
      vertex 10.7331 -9.94473 1.45
    endloop
  endfacet
  facet normal 0.693157 0.720787 -0
    outer loop
      vertex 9.84241 -9.46864 1.45
      vertex 9.7858 -9.4142 2
      vertex 9.84241 -9.46864 2
    endloop
  endfacet
  facet normal 0.693157 0.720787 0
    outer loop
      vertex 9.7858 -9.4142 2
      vertex 9.84241 -9.46864 1.45
      vertex 9.7858 -9.4142 1.45
    endloop
  endfacet
  facet normal 0.720787 0.693157 0
    outer loop
      vertex 9.7858 -9.4142 2
      vertex 9.73136 -9.35759 1.45
      vertex 9.73136 -9.35759 2
    endloop
  endfacet
  facet normal 0.720787 0.693157 0
    outer loop
      vertex 9.73136 -9.35759 1.45
      vertex 9.7858 -9.4142 2
      vertex 9.7858 -9.4142 1.45
    endloop
  endfacet
  facet normal 0.797241 0.603662 0
    outer loop
      vertex 9.62937 -9.23817 2
      vertex 9.58197 -9.17557 1.45
      vertex 9.58197 -9.17557 2
    endloop
  endfacet
  facet normal 0.797241 0.603662 0
    outer loop
      vertex 9.58197 -9.17557 1.45
      vertex 9.62937 -9.23817 2
      vertex 9.62937 -9.23817 1.45
    endloop
  endfacet
  facet normal 0.505295 0.862947 -0
    outer loop
      vertex 10.2228 -9.74498 1.45
      vertex 10.155 -9.70528 2
      vertex 10.2228 -9.74498 2
    endloop
  endfacet
  facet normal 0.505295 0.862947 0
    outer loop
      vertex 10.155 -9.70528 2
      vertex 10.2228 -9.74498 1.45
      vertex 10.155 -9.70528 1.45
    endloop
  endfacet
  facet normal 0.603845 0.797101 -0
    outer loop
      vertex 10.0244 -9.61803 1.45
      vertex 9.96183 -9.57063 2
      vertex 10.0244 -9.61803 2
    endloop
  endfacet
  facet normal 0.603845 0.797101 0
    outer loop
      vertex 9.96183 -9.57063 2
      vertex 10.0244 -9.61803 1.45
      vertex 9.96183 -9.57063 1.45
    endloop
  endfacet
  facet normal 0.998268 0.0588265 0
    outer loop
      vertex 9.20618 -8.15691 2
      vertex 9.20156 -8.07851 1.45
      vertex 9.20156 -8.07851 2
    endloop
  endfacet
  facet normal 0.998268 0.0588265 0
    outer loop
      vertex 9.20156 -8.07851 1.45
      vertex 9.20618 -8.15691 2
      vertex 9.20618 -8.15691 1.45
    endloop
  endfacet
  facet normal 0.634381 -0.773021 0
    outer loop
      vertex 9.90111 9.5208 1.45
      vertex 9.96183 9.57063 2
      vertex 9.90111 9.5208 2
    endloop
  endfacet
  facet normal 0.634381 -0.773021 0
    outer loop
      vertex 9.96183 9.57063 2
      vertex 9.90111 9.5208 1.45
      vertex 9.96183 9.57063 1.45
    endloop
  endfacet
  facet normal 0.571325 -0.820724 0
    outer loop
      vertex 10.0244 9.61803 1.45
      vertex 10.0889 9.66293 2
      vertex 10.0244 9.61803 2
    endloop
  endfacet
  facet normal 0.571325 -0.820724 0
    outer loop
      vertex 10.0889 9.66293 2
      vertex 10.0244 9.61803 1.45
      vertex 10.0889 9.66293 1.45
    endloop
  endfacet
  facet normal 0.36414 -0.931344 0
    outer loop
      vertex 10.4346 9.84775 1.45
      vertex 10.5078 9.87637 2
      vertex 10.4346 9.84775 2
    endloop
  endfacet
  facet normal 0.36414 -0.931344 0
    outer loop
      vertex 10.5078 9.87637 2
      vertex 10.4346 9.84775 1.45
      vertex 10.5078 9.87637 1.45
    endloop
  endfacet
  facet normal 0.436183 -0.899858 0
    outer loop
      vertex 10.292 9.78201 1.45
      vertex 10.3627 9.81628 2
      vertex 10.292 9.78201 2
    endloop
  endfacet
  facet normal 0.436183 -0.899858 0
    outer loop
      vertex 10.3627 9.81628 2
      vertex 10.292 9.78201 1.45
      vertex 10.3627 9.81628 1.45
    endloop
  endfacet
  facet normal 0.327627 -0.944807 0
    outer loop
      vertex 10.5078 9.87637 1.45
      vertex 10.582 9.9021 2
      vertex 10.5078 9.87637 2
    endloop
  endfacet
  facet normal 0.327627 -0.944807 0
    outer loop
      vertex 10.582 9.9021 2
      vertex 10.5078 9.87637 1.45
      vertex 10.582 9.9021 1.45
    endloop
  endfacet
  facet normal 0.252469 -0.967605 0
    outer loop
      vertex 10.6571 9.9249 1.45
      vertex 10.7331 9.94473 2
      vertex 10.6571 9.9249 2
    endloop
  endfacet
  facet normal 0.252469 -0.967605 0
    outer loop
      vertex 10.7331 9.94473 2
      vertex 10.6571 9.9249 1.45
      vertex 10.7331 9.94473 1.45
    endloop
  endfacet
  facet normal 0.17587 -0.984413 0
    outer loop
      vertex 10.8098 9.96156 1.45
      vertex 10.8871 9.97537 2
      vertex 10.8098 9.96156 2
    endloop
  endfacet
  facet normal 0.17587 -0.984413 0
    outer loop
      vertex 10.8871 9.97537 2
      vertex 10.8098 9.96156 1.45
      vertex 10.8871 9.97537 1.45
    endloop
  endfacet
  facet normal 0.84219 -0.53918 0
    outer loop
      vertex 9.49472 9.04498 2
      vertex 9.53707 9.11113 1.45
      vertex 9.53707 9.11113 2
    endloop
  endfacet
  facet normal 0.84219 -0.53918 0
    outer loop
      vertex 9.53707 9.11113 1.45
      vertex 9.49472 9.04498 2
      vertex 9.49472 9.04498 1.45
    endloop
  endfacet
  facet normal 0.797241 -0.603662 0
    outer loop
      vertex 9.58197 9.17557 2
      vertex 9.62937 9.23817 1.45
      vertex 9.62937 9.23817 2
    endloop
  endfacet
  facet normal 0.797241 -0.603662 0
    outer loop
      vertex 9.62937 9.23817 1.45
      vertex 9.58197 9.17557 2
      vertex 9.58197 9.17557 1.45
    endloop
  endfacet
  facet normal 0.747522 -0.664237 0
    outer loop
      vertex 9.6792 9.29889 2
      vertex 9.73136 9.35759 1.45
      vertex 9.73136 9.35759 2
    endloop
  endfacet
  facet normal 0.747522 -0.664237 0
    outer loop
      vertex 9.73136 9.35759 1.45
      vertex 9.6792 9.29889 2
      vertex 9.6792 9.29889 1.45
    endloop
  endfacet
  facet normal 0.931243 -0.364399 0
    outer loop
      vertex 9.32363 8.69223 2
      vertex 9.35225 8.76537 1.45
      vertex 9.35225 8.76537 2
    endloop
  endfacet
  facet normal 0.931243 -0.364399 0
    outer loop
      vertex 9.35225 8.76537 1.45
      vertex 9.32363 8.69223 2
      vertex 9.32363 8.69223 1.45
    endloop
  endfacet
  facet normal 0.956928 -0.290325 0
    outer loop
      vertex 9.2751 8.54288 2
      vertex 9.2979 8.61803 1.45
      vertex 9.2979 8.61803 2
    endloop
  endfacet
  facet normal 0.956928 -0.290325 0
    outer loop
      vertex 9.2979 8.61803 1.45
      vertex 9.2751 8.54288 2
      vertex 9.2751 8.54288 1.45
    endloop
  endfacet
  facet normal 0.976774 -0.214274 0
    outer loop
      vertex 9.23844 8.39017 2
      vertex 9.25527 8.46689 1.45
      vertex 9.25527 8.46689 2
    endloop
  endfacet
  facet normal 0.976774 -0.214274 0
    outer loop
      vertex 9.25527 8.46689 1.45
      vertex 9.23844 8.39017 2
      vertex 9.23844 8.39017 1.45
    endloop
  endfacet
  facet normal -0.0198687 -0.999803 0
    outer loop
      vertex 15.2 10 1.45
      vertex 15.2785 9.99844 2
      vertex 15.2 10 2
    endloop
  endfacet
  facet normal -0.0198687 -0.999803 -0
    outer loop
      vertex 15.2785 9.99844 2
      vertex 15.2 10 1.45
      vertex 15.2785 9.99844 1.45
    endloop
  endfacet
  facet normal -0.436183 -0.899858 0
    outer loop
      vertex 16.0373 9.81628 1.45
      vertex 16.108 9.78201 2
      vertex 16.0373 9.81628 2
    endloop
  endfacet
  facet normal -0.436183 -0.899858 -0
    outer loop
      vertex 16.108 9.78201 2
      vertex 16.0373 9.81628 1.45
      vertex 16.108 9.78201 1.45
    endloop
  endfacet
  facet normal -0.327627 -0.944807 0
    outer loop
      vertex 15.818 9.9021 1.45
      vertex 15.8922 9.87637 2
      vertex 15.818 9.9021 2
    endloop
  endfacet
  facet normal -0.327627 -0.944807 -0
    outer loop
      vertex 15.8922 9.87637 2
      vertex 15.818 9.9021 1.45
      vertex 15.8922 9.87637 1.45
    endloop
  endfacet
  facet normal -0.214327 -0.976762 0
    outer loop
      vertex 15.5902 9.96156 1.45
      vertex 15.6669 9.94473 2
      vertex 15.5902 9.96156 2
    endloop
  endfacet
  facet normal -0.214327 -0.976762 -0
    outer loop
      vertex 15.6669 9.94473 2
      vertex 15.5902 9.96156 1.45
      vertex 15.6669 9.94473 1.45
    endloop
  endfacet
  facet normal -0.721041 -0.692892 0
    outer loop
      vertex 16.6686 9.35759 1.45
      vertex 16.6142 9.4142 2
      vertex 16.6142 9.4142 1.45
    endloop
  endfacet
  facet normal -0.721041 -0.692892 0
    outer loop
      vertex 16.6142 9.4142 2
      vertex 16.6686 9.35759 1.45
      vertex 16.6686 9.35759 2
    endloop
  endfacet
  facet normal -0.899611 0.436692 0
    outer loop
      vertex 16.982 -8.90797 1.45
      vertex 17.0163 -8.83731 2
      vertex 17.0163 -8.83731 1.45
    endloop
  endfacet
  facet normal -0.899611 0.436692 0
    outer loop
      vertex 17.0163 -8.83731 2
      vertex 16.982 -8.90797 1.45
      vertex 16.982 -8.90797 2
    endloop
  endfacet
  facet normal -0.471811 0.8817 0
    outer loop
      vertex 16.1772 -9.74498 1.45
      vertex 16.108 -9.78201 2
      vertex 16.1772 -9.74498 2
    endloop
  endfacet
  facet normal -0.471811 0.8817 0
    outer loop
      vertex 16.108 -9.78201 2
      vertex 16.1772 -9.74498 1.45
      vertex 16.108 -9.78201 1.45
    endloop
  endfacet
  facet normal -0.36414 0.931344 0
    outer loop
      vertex 15.9654 -9.84775 1.45
      vertex 15.8922 -9.87637 2
      vertex 15.9654 -9.84775 2
    endloop
  endfacet
  facet normal -0.36414 0.931344 0
    outer loop
      vertex 15.8922 -9.87637 2
      vertex 15.9654 -9.84775 1.45
      vertex 15.8922 -9.87637 1.45
    endloop
  endfacet
  facet normal -0.327627 0.944807 0
    outer loop
      vertex 15.8922 -9.87637 1.45
      vertex 15.818 -9.9021 2
      vertex 15.8922 -9.87637 2
    endloop
  endfacet
  facet normal -0.327627 0.944807 0
    outer loop
      vertex 15.818 -9.9021 2
      vertex 15.8922 -9.87637 1.45
      vertex 15.818 -9.9021 1.45
    endloop
  endfacet
  facet normal -0.252469 0.967605 0
    outer loop
      vertex 15.7429 -9.9249 1.45
      vertex 15.6669 -9.94473 2
      vertex 15.7429 -9.9249 2
    endloop
  endfacet
  facet normal -0.252469 0.967605 0
    outer loop
      vertex 15.6669 -9.94473 2
      vertex 15.7429 -9.9249 1.45
      vertex 15.6669 -9.94473 1.45
    endloop
  endfacet
  facet normal -0.0978655 0.9952 0
    outer loop
      vertex 15.4351 -9.98613 1.45
      vertex 15.3569 -9.99382 2
      vertex 15.4351 -9.98613 2
    endloop
  endfacet
  facet normal -0.0978655 0.9952 0
    outer loop
      vertex 15.3569 -9.99382 2
      vertex 15.4351 -9.98613 1.45
      vertex 15.3569 -9.99382 1.45
    endloop
  endfacet
  facet normal -0.136999 0.990571 0
    outer loop
      vertex 15.5129 -9.97537 1.45
      vertex 15.4351 -9.98613 2
      vertex 15.5129 -9.97537 2
    endloop
  endfacet
  facet normal -0.136999 0.990571 0
    outer loop
      vertex 15.4351 -9.98613 2
      vertex 15.5129 -9.97537 1.45
      vertex 15.4351 -9.98613 1.45
    endloop
  endfacet
  facet normal -0.17587 0.984413 0
    outer loop
      vertex 15.5902 -9.96156 1.45
      vertex 15.5129 -9.97537 2
      vertex 15.5902 -9.96156 2
    endloop
  endfacet
  facet normal -0.17587 0.984413 0
    outer loop
      vertex 15.5129 -9.97537 2
      vertex 15.5902 -9.96156 1.45
      vertex 15.5129 -9.97537 1.45
    endloop
  endfacet
  facet normal -0.214327 0.976762 0
    outer loop
      vertex 15.6669 -9.94473 1.45
      vertex 15.5902 -9.96156 2
      vertex 15.6669 -9.94473 2
    endloop
  endfacet
  facet normal -0.214327 0.976762 0
    outer loop
      vertex 15.5902 -9.96156 2
      vertex 15.6669 -9.94473 1.45
      vertex 15.5902 -9.96156 1.45
    endloop
  endfacet
  facet normal -0.539469 0.842005 0
    outer loop
      vertex 16.3111 -9.66293 1.45
      vertex 16.245 -9.70528 2
      vertex 16.3111 -9.66293 2
    endloop
  endfacet
  facet normal -0.539469 0.842005 0
    outer loop
      vertex 16.245 -9.70528 2
      vertex 16.3111 -9.66293 1.45
      vertex 16.245 -9.70528 1.45
    endloop
  endfacet
  facet normal -0.571325 0.820724 0
    outer loop
      vertex 16.3756 -9.61803 1.45
      vertex 16.3111 -9.66293 2
      vertex 16.3756 -9.61803 2
    endloop
  endfacet
  facet normal -0.571325 0.820724 0
    outer loop
      vertex 16.3111 -9.66293 2
      vertex 16.3756 -9.61803 1.45
      vertex 16.3111 -9.66293 1.45
    endloop
  endfacet
  facet normal -0.664237 0.747522 0
    outer loop
      vertex 16.5576 -9.46864 1.45
      vertex 16.4989 -9.5208 2
      vertex 16.5576 -9.46864 2
    endloop
  endfacet
  facet normal -0.664237 0.747522 0
    outer loop
      vertex 16.4989 -9.5208 2
      vertex 16.5576 -9.46864 1.45
      vertex 16.4989 -9.5208 1.45
    endloop
  endfacet
  facet normal -0.634506 0.772918 0
    outer loop
      vertex 16.4989 -9.5208 1.45
      vertex 16.4382 -9.57063 2
      vertex 16.4989 -9.5208 2
    endloop
  endfacet
  facet normal -0.634506 0.772918 0
    outer loop
      vertex 16.4382 -9.57063 2
      vertex 16.4989 -9.5208 1.45
      vertex 16.4382 -9.57063 1.45
    endloop
  endfacet
  facet normal -0.841901 0.539631 0
    outer loop
      vertex 16.8629 -9.11113 1.45
      vertex 16.9053 -9.04498 2
      vertex 16.9053 -9.04498 1.45
    endloop
  endfacet
  facet normal -0.841901 0.539631 0
    outer loop
      vertex 16.9053 -9.04498 2
      vertex 16.8629 -9.11113 1.45
      vertex 16.8629 -9.11113 2
    endloop
  endfacet
  facet normal 0.664237 0.747522 -0
    outer loop
      vertex 9.90111 -9.5208 1.45
      vertex 9.84241 -9.46864 2
      vertex 9.90111 -9.5208 2
    endloop
  endfacet
  facet normal 0.664237 0.747522 0
    outer loop
      vertex 9.84241 -9.46864 2
      vertex 9.90111 -9.5208 1.45
      vertex 9.84241 -9.46864 1.45
    endloop
  endfacet
  facet normal 0.634381 0.773021 -0
    outer loop
      vertex 9.96183 -9.57063 1.45
      vertex 9.90111 -9.5208 2
      vertex 9.96183 -9.57063 2
    endloop
  endfacet
  facet normal 0.634381 0.773021 0
    outer loop
      vertex 9.90111 -9.5208 2
      vertex 9.96183 -9.57063 1.45
      vertex 9.90111 -9.5208 1.45
    endloop
  endfacet
  facet normal 0.862784 0.505572 0
    outer loop
      vertex 9.49472 -9.04498 2
      vertex 9.45502 -8.97723 1.45
      vertex 9.45502 -8.97723 2
    endloop
  endfacet
  facet normal 0.862784 0.505572 0
    outer loop
      vertex 9.45502 -8.97723 1.45
      vertex 9.49472 -9.04498 2
      vertex 9.49472 -9.04498 1.45
    endloop
  endfacet
  facet normal 0.88187 0.471493 0
    outer loop
      vertex 9.45502 -8.97723 2
      vertex 9.41799 -8.90797 1.45
      vertex 9.41799 -8.90797 2
    endloop
  endfacet
  facet normal 0.88187 0.471493 0
    outer loop
      vertex 9.41799 -8.90797 1.45
      vertex 9.45502 -8.97723 2
      vertex 9.45502 -8.97723 1.45
    endloop
  endfacet
  facet normal 0.773021 0.634381 0
    outer loop
      vertex 9.6792 -9.29889 2
      vertex 9.62937 -9.23817 1.45
      vertex 9.62937 -9.23817 2
    endloop
  endfacet
  facet normal 0.773021 0.634381 0
    outer loop
      vertex 9.62937 -9.23817 1.45
      vertex 9.6792 -9.29889 2
      vertex 9.6792 -9.29889 1.45
    endloop
  endfacet
  facet normal 0.747522 0.664237 0
    outer loop
      vertex 9.73136 -9.35759 2
      vertex 9.6792 -9.29889 1.45
      vertex 9.6792 -9.29889 2
    endloop
  endfacet
  facet normal 0.747522 0.664237 0
    outer loop
      vertex 9.6792 -9.29889 1.45
      vertex 9.73136 -9.35759 2
      vertex 9.73136 -9.35759 1.45
    endloop
  endfacet
  facet normal 0.820474 0.571684 0
    outer loop
      vertex 9.58197 -9.17557 2
      vertex 9.53707 -9.11113 1.45
      vertex 9.53707 -9.11113 2
    endloop
  endfacet
  facet normal 0.820474 0.571684 0
    outer loop
      vertex 9.53707 -9.11113 1.45
      vertex 9.58197 -9.17557 2
      vertex 9.58197 -9.17557 1.45
    endloop
  endfacet
  facet normal 0.327627 0.944807 -0
    outer loop
      vertex 10.582 -9.9021 1.45
      vertex 10.5078 -9.87637 2
      vertex 10.582 -9.9021 2
    endloop
  endfacet
  facet normal 0.327627 0.944807 0
    outer loop
      vertex 10.5078 -9.87637 2
      vertex 10.582 -9.9021 1.45
      vertex 10.5078 -9.87637 1.45
    endloop
  endfacet
  facet normal 0.400966 0.916093 -0
    outer loop
      vertex 10.4346 -9.84775 1.45
      vertex 10.3627 -9.81628 2
      vertex 10.4346 -9.84775 2
    endloop
  endfacet
  facet normal 0.400966 0.916093 0
    outer loop
      vertex 10.3627 -9.81628 2
      vertex 10.4346 -9.84775 1.45
      vertex 10.3627 -9.81628 1.45
    endloop
  endfacet
  facet normal 0.290502 0.956874 -0
    outer loop
      vertex 10.6571 -9.9249 1.45
      vertex 10.582 -9.9021 2
      vertex 10.6571 -9.9249 2
    endloop
  endfacet
  facet normal 0.290502 0.956874 0
    outer loop
      vertex 10.582 -9.9021 2
      vertex 10.6571 -9.9249 1.45
      vertex 10.582 -9.9021 1.45
    endloop
  endfacet
  facet normal 0.471811 0.8817 -0
    outer loop
      vertex 10.292 -9.78201 1.45
      vertex 10.2228 -9.74498 2
      vertex 10.292 -9.78201 2
    endloop
  endfacet
  facet normal 0.471811 0.8817 0
    outer loop
      vertex 10.2228 -9.74498 2
      vertex 10.292 -9.78201 1.45
      vertex 10.2228 -9.74498 1.45
    endloop
  endfacet
  facet normal 0.539469 0.842005 -0
    outer loop
      vertex 10.155 -9.70528 1.45
      vertex 10.0889 -9.66293 2
      vertex 10.155 -9.70528 2
    endloop
  endfacet
  facet normal 0.539469 0.842005 0
    outer loop
      vertex 10.0889 -9.66293 2
      vertex 10.155 -9.70528 1.45
      vertex 10.0889 -9.66293 1.45
    endloop
  endfacet
  facet normal 0.571325 0.820724 -0
    outer loop
      vertex 10.0889 -9.66293 1.45
      vertex 10.0244 -9.61803 2
      vertex 10.0889 -9.66293 2
    endloop
  endfacet
  facet normal 0.571325 0.820724 0
    outer loop
      vertex 10.0244 -9.61803 2
      vertex 10.0889 -9.66293 1.45
      vertex 10.0244 -9.61803 1.45
    endloop
  endfacet
  facet normal 0.539469 -0.842005 0
    outer loop
      vertex 10.0889 9.66293 1.45
      vertex 10.155 9.70528 2
      vertex 10.0889 9.66293 2
    endloop
  endfacet
  facet normal 0.539469 -0.842005 0
    outer loop
      vertex 10.155 9.70528 2
      vertex 10.0889 9.66293 1.45
      vertex 10.155 9.70528 1.45
    endloop
  endfacet
  facet normal 0.603845 -0.797101 0
    outer loop
      vertex 9.96183 9.57063 1.45
      vertex 10.0244 9.61803 2
      vertex 9.96183 9.57063 2
    endloop
  endfacet
  facet normal 0.603845 -0.797101 0
    outer loop
      vertex 10.0244 9.61803 2
      vertex 9.96183 9.57063 1.45
      vertex 10.0244 9.61803 1.45
    endloop
  endfacet
  facet normal 0.471811 -0.8817 0
    outer loop
      vertex 10.2228 9.74498 1.45
      vertex 10.292 9.78201 2
      vertex 10.2228 9.74498 2
    endloop
  endfacet
  facet normal 0.471811 -0.8817 0
    outer loop
      vertex 10.292 9.78201 2
      vertex 10.2228 9.74498 1.45
      vertex 10.292 9.78201 1.45
    endloop
  endfacet
  facet normal 0.400966 -0.916093 0
    outer loop
      vertex 10.3627 9.81628 1.45
      vertex 10.4346 9.84775 2
      vertex 10.3627 9.81628 2
    endloop
  endfacet
  facet normal 0.400966 -0.916093 0
    outer loop
      vertex 10.4346 9.84775 2
      vertex 10.3627 9.81628 1.45
      vertex 10.4346 9.84775 1.45
    endloop
  endfacet
  facet normal 0.0588265 -0.998268 0
    outer loop
      vertex 11.0431 9.99382 1.45
      vertex 11.1215 9.99844 2
      vertex 11.0431 9.99382 2
    endloop
  endfacet
  facet normal 0.0588265 -0.998268 0
    outer loop
      vertex 11.1215 9.99844 2
      vertex 11.0431 9.99382 1.45
      vertex 11.1215 9.99844 1.45
    endloop
  endfacet
  facet normal 0.290502 -0.956874 0
    outer loop
      vertex 10.582 9.9021 1.45
      vertex 10.6571 9.9249 2
      vertex 10.582 9.9021 2
    endloop
  endfacet
  facet normal 0.290502 -0.956874 0
    outer loop
      vertex 10.6571 9.9249 2
      vertex 10.582 9.9021 1.45
      vertex 10.6571 9.9249 1.45
    endloop
  endfacet
  facet normal 0.214327 -0.976762 0
    outer loop
      vertex 10.7331 9.94473 1.45
      vertex 10.8098 9.96156 2
      vertex 10.7331 9.94473 2
    endloop
  endfacet
  facet normal 0.214327 -0.976762 0
    outer loop
      vertex 10.8098 9.96156 2
      vertex 10.7331 9.94473 1.45
      vertex 10.8098 9.96156 1.45
    endloop
  endfacet
  facet normal 0.136999 -0.990571 0
    outer loop
      vertex 10.8871 9.97537 1.45
      vertex 10.9649 9.98613 2
      vertex 10.8871 9.97537 2
    endloop
  endfacet
  facet normal 0.136999 -0.990571 0
    outer loop
      vertex 10.9649 9.98613 2
      vertex 10.8871 9.97537 1.45
      vertex 10.9649 9.98613 1.45
    endloop
  endfacet
  facet normal 0.664237 -0.747522 0
    outer loop
      vertex 9.84241 9.46864 1.45
      vertex 9.90111 9.5208 2
      vertex 9.84241 9.46864 2
    endloop
  endfacet
  facet normal 0.664237 -0.747522 0
    outer loop
      vertex 9.90111 9.5208 2
      vertex 9.84241 9.46864 1.45
      vertex 9.90111 9.5208 1.45
    endloop
  endfacet
  facet normal 0.820474 -0.571684 0
    outer loop
      vertex 9.53707 9.11113 2
      vertex 9.58197 9.17557 1.45
      vertex 9.58197 9.17557 2
    endloop
  endfacet
  facet normal 0.820474 -0.571684 0
    outer loop
      vertex 9.58197 9.17557 1.45
      vertex 9.53707 9.11113 2
      vertex 9.53707 9.11113 1.45
    endloop
  endfacet
  facet normal 0.773021 -0.634381 0
    outer loop
      vertex 9.62937 9.23817 2
      vertex 9.6792 9.29889 1.45
      vertex 9.6792 9.29889 2
    endloop
  endfacet
  facet normal 0.773021 -0.634381 0
    outer loop
      vertex 9.6792 9.29889 1.45
      vertex 9.62937 9.23817 2
      vertex 9.62937 9.23817 1.45
    endloop
  endfacet
  facet normal 0.720787 -0.693157 0
    outer loop
      vertex 9.73136 9.35759 2
      vertex 9.7858 9.4142 1.45
      vertex 9.7858 9.4142 2
    endloop
  endfacet
  facet normal 0.720787 -0.693157 0
    outer loop
      vertex 9.7858 9.4142 1.45
      vertex 9.73136 9.35759 2
      vertex 9.73136 9.35759 1.45
    endloop
  endfacet
  facet normal 0.862784 -0.505572 0
    outer loop
      vertex 9.45502 8.97723 2
      vertex 9.49472 9.04498 1.45
      vertex 9.49472 9.04498 2
    endloop
  endfacet
  facet normal 0.862784 -0.505572 0
    outer loop
      vertex 9.49472 9.04498 1.45
      vertex 9.45502 8.97723 2
      vertex 9.45502 8.97723 1.45
    endloop
  endfacet
  facet normal 0.899761 -0.436383 0
    outer loop
      vertex 9.38372 8.83731 2
      vertex 9.41799 8.90797 1.45
      vertex 9.41799 8.90797 2
    endloop
  endfacet
  facet normal 0.899761 -0.436383 0
    outer loop
      vertex 9.41799 8.90797 1.45
      vertex 9.38372 8.83731 2
      vertex 9.38372 8.83731 1.45
    endloop
  endfacet
  facet normal 0.967597 -0.2525 0
    outer loop
      vertex 9.25527 8.46689 2
      vertex 9.2751 8.54288 1.45
      vertex 9.2751 8.54288 2
    endloop
  endfacet
  facet normal 0.967597 -0.2525 0
    outer loop
      vertex 9.2751 8.54288 1.45
      vertex 9.25527 8.46689 2
      vertex 9.25527 8.46689 1.45
    endloop
  endfacet
  facet normal 0.944807 -0.327627 0
    outer loop
      vertex 9.2979 8.61803 2
      vertex 9.32363 8.69223 1.45
      vertex 9.32363 8.69223 2
    endloop
  endfacet
  facet normal 0.944807 -0.327627 0
    outer loop
      vertex 9.32363 8.69223 1.45
      vertex 9.2979 8.61803 2
      vertex 9.2979 8.61803 1.45
    endloop
  endfacet
  facet normal -0.0588265 -0.998268 0
    outer loop
      vertex 15.2785 9.99844 1.45
      vertex 15.3569 9.99382 2
      vertex 15.2785 9.99844 2
    endloop
  endfacet
  facet normal -0.0588265 -0.998268 -0
    outer loop
      vertex 15.3569 9.99382 2
      vertex 15.2785 9.99844 1.45
      vertex 15.3569 9.99382 1.45
    endloop
  endfacet
  facet normal -0.539469 -0.842005 0
    outer loop
      vertex 16.245 9.70528 1.45
      vertex 16.3111 9.66293 2
      vertex 16.245 9.70528 2
    endloop
  endfacet
  facet normal -0.539469 -0.842005 -0
    outer loop
      vertex 16.3111 9.66293 2
      vertex 16.245 9.70528 1.45
      vertex 16.3111 9.66293 1.45
    endloop
  endfacet
  facet normal -0.604517 -0.796592 0
    outer loop
      vertex 16.3756 9.61803 1.45
      vertex 16.3863 9.60991 2
      vertex 16.3756 9.61803 2
    endloop
  endfacet
  facet normal -0.603662 -0.797241 -2.62119e-05
    outer loop
      vertex 16.4382 9.57063 1.45
      vertex 16.3863 9.60991 2
      vertex 16.3756 9.61803 1.45
    endloop
  endfacet
  facet normal -0.603485 -0.797374 0
    outer loop
      vertex 16.3863 9.60991 2
      vertex 16.4382 9.57063 1.45
      vertex 16.4382 9.57063 2
    endloop
  endfacet
  facet normal -0.471811 -0.8817 0
    outer loop
      vertex 16.108 9.78201 1.45
      vertex 16.1772 9.74498 2
      vertex 16.108 9.78201 2
    endloop
  endfacet
  facet normal -0.471811 -0.8817 -0
    outer loop
      vertex 16.1772 9.74498 2
      vertex 16.108 9.78201 1.45
      vertex 16.1772 9.74498 1.45
    endloop
  endfacet
  facet normal -0.252469 -0.967605 0
    outer loop
      vertex 15.6669 9.94473 1.45
      vertex 15.7429 9.9249 2
      vertex 15.6669 9.94473 2
    endloop
  endfacet
  facet normal -0.252469 -0.967605 -0
    outer loop
      vertex 15.7429 9.9249 2
      vertex 15.6669 9.94473 1.45
      vertex 15.7429 9.9249 1.45
    endloop
  endfacet
  facet normal -0.36414 -0.931344 0
    outer loop
      vertex 15.8922 9.87637 1.45
      vertex 15.9654 9.84775 2
      vertex 15.8922 9.87637 2
    endloop
  endfacet
  facet normal -0.36414 -0.931344 -0
    outer loop
      vertex 15.9654 9.84775 2
      vertex 15.8922 9.87637 1.45
      vertex 15.9654 9.84775 1.45
    endloop
  endfacet
  facet normal -0.693221 -0.720725 0
    outer loop
      vertex 16.5576 9.46864 1.45
      vertex 16.6142 9.4142 2
      vertex 16.5576 9.46864 2
    endloop
  endfacet
  facet normal -0.693221 -0.720725 -0
    outer loop
      vertex 16.6142 9.4142 2
      vertex 16.5576 9.46864 1.45
      vertex 16.6142 9.4142 1.45
    endloop
  endfacet
  facet normal -0.634506 -0.772918 0
    outer loop
      vertex 16.4382 9.57063 1.45
      vertex 16.4989 9.5208 2
      vertex 16.4382 9.57063 2
    endloop
  endfacet
  facet normal -0.634506 -0.772918 -0
    outer loop
      vertex 16.4989 9.5208 2
      vertex 16.4382 9.57063 1.45
      vertex 16.4989 9.5208 1.45
    endloop
  endfacet
  facet normal -0.747269 -0.664522 0
    outer loop
      vertex 16.7208 9.29889 1.45
      vertex 16.6686 9.35759 2
      vertex 16.6686 9.35759 1.45
    endloop
  endfacet
  facet normal -0.747269 -0.664522 0
    outer loop
      vertex 16.6686 9.35759 2
      vertex 16.7208 9.29889 1.45
      vertex 16.7208 9.29889 2
    endloop
  endfacet
  facet normal -0.773208 -0.634153 0
    outer loop
      vertex 16.7706 9.23817 1.45
      vertex 16.7208 9.29889 2
      vertex 16.7208 9.29889 1.45
    endloop
  endfacet
  facet normal -0.773208 -0.634153 0
    outer loop
      vertex 16.7208 9.29889 2
      vertex 16.7706 9.23817 1.45
      vertex 16.7706 9.23817 2
    endloop
  endfacet
  facet normal -0.820474 -0.571684 0
    outer loop
      vertex 16.8629 9.11113 1.45
      vertex 16.818 9.17557 2
      vertex 16.818 9.17557 1.45
    endloop
  endfacet
  facet normal -0.820474 -0.571684 0
    outer loop
      vertex 16.818 9.17557 2
      vertex 16.8629 9.11113 1.45
      vertex 16.8629 9.11113 2
    endloop
  endfacet
  facet normal -0.862784 -0.505572 0
    outer loop
      vertex 16.945 8.97723 1.45
      vertex 16.9053 9.04498 2
      vertex 16.9053 9.04498 1.45
    endloop
  endfacet
  facet normal -0.862784 -0.505572 0
    outer loop
      vertex 16.9053 9.04498 2
      vertex 16.945 8.97723 1.45
      vertex 16.945 8.97723 2
    endloop
  endfacet
  facet normal -0.899611 -0.436692 0
    outer loop
      vertex 17.0163 8.83731 1.45
      vertex 16.982 8.90797 2
      vertex 16.982 8.90797 1.45
    endloop
  endfacet
  facet normal -0.899611 -0.436692 0
    outer loop
      vertex 16.982 8.90797 2
      vertex 17.0163 8.83731 1.45
      vertex 17.0163 8.83731 2
    endloop
  endfacet
  facet normal -0.944925 0.327286 0
    outer loop
      vertex 17.0764 -8.69223 1.45
      vertex 17.1021 -8.61803 2
      vertex 17.1021 -8.61803 1.45
    endloop
  endfacet
  facet normal -0.944925 0.327286 0
    outer loop
      vertex 17.1021 -8.61803 2
      vertex 17.0764 -8.69223 1.45
      vertex 17.0764 -8.69223 2
    endloop
  endfacet
  facet normal -0.290502 0.956874 0
    outer loop
      vertex 15.818 -9.9021 1.45
      vertex 15.7429 -9.9249 2
      vertex 15.818 -9.9021 2
    endloop
  endfacet
  facet normal -0.290502 0.956874 0
    outer loop
      vertex 15.7429 -9.9249 2
      vertex 15.818 -9.9021 1.45
      vertex 15.7429 -9.9249 1.45
    endloop
  endfacet
  facet normal -0.603485 0.797374 0
    outer loop
      vertex 16.4382 -9.57063 1.45
      vertex 16.3863 -9.60991 2
      vertex 16.4382 -9.57063 2
    endloop
  endfacet
  facet normal -0.603662 0.797241 -2.62119e-05
    outer loop
      vertex 16.3756 -9.61803 1.45
      vertex 16.3863 -9.60991 2
      vertex 16.4382 -9.57063 1.45
    endloop
  endfacet
  facet normal -0.604517 0.796592 0
    outer loop
      vertex 16.3863 -9.60991 2
      vertex 16.3756 -9.61803 1.45
      vertex 16.3756 -9.61803 2
    endloop
  endfacet
  facet normal -0.721041 0.692892 0
    outer loop
      vertex 16.6142 -9.4142 1.45
      vertex 16.6686 -9.35759 2
      vertex 16.6686 -9.35759 1.45
    endloop
  endfacet
  facet normal -0.721041 0.692892 0
    outer loop
      vertex 16.6686 -9.35759 2
      vertex 16.6142 -9.4142 1.45
      vertex 16.6142 -9.4142 2
    endloop
  endfacet
  facet normal -0.747269 0.664522 0
    outer loop
      vertex 16.6686 -9.35759 1.45
      vertex 16.7208 -9.29889 2
      vertex 16.7208 -9.29889 1.45
    endloop
  endfacet
  facet normal -0.747269 0.664522 0
    outer loop
      vertex 16.7208 -9.29889 2
      vertex 16.6686 -9.35759 1.45
      vertex 16.6686 -9.35759 2
    endloop
  endfacet
  facet normal -0.797241 0.603662 0
    outer loop
      vertex 16.7706 -9.23817 1.45
      vertex 16.818 -9.17557 2
      vertex 16.818 -9.17557 1.45
    endloop
  endfacet
  facet normal -0.797241 0.603662 0
    outer loop
      vertex 16.818 -9.17557 2
      vertex 16.7706 -9.23817 1.45
      vertex 16.7706 -9.23817 2
    endloop
  endfacet
  facet normal -0.862784 0.505572 0
    outer loop
      vertex 16.9053 -9.04498 1.45
      vertex 16.945 -8.97723 2
      vertex 16.945 -8.97723 1.45
    endloop
  endfacet
  facet normal -0.862784 0.505572 0
    outer loop
      vertex 16.945 -8.97723 2
      vertex 16.9053 -9.04498 1.45
      vertex 16.9053 -9.04498 2
    endloop
  endfacet
  facet normal -0.882028 0.471196 0
    outer loop
      vertex 16.945 -8.97723 1.45
      vertex 16.982 -8.90797 2
      vertex 16.982 -8.90797 1.45
    endloop
  endfacet
  facet normal -0.882028 0.471196 0
    outer loop
      vertex 16.982 -8.90797 2
      vertex 16.945 -8.97723 1.45
      vertex 16.945 -8.97723 2
    endloop
  endfacet
  facet normal 0.36414 0.931344 -0
    outer loop
      vertex 10.5078 -9.87637 1.45
      vertex 10.4346 -9.84775 2
      vertex 10.5078 -9.87637 2
    endloop
  endfacet
  facet normal 0.36414 0.931344 0
    outer loop
      vertex 10.4346 -9.84775 2
      vertex 10.5078 -9.87637 1.45
      vertex 10.4346 -9.84775 1.45
    endloop
  endfacet
  facet normal 0.252469 0.967605 -0
    outer loop
      vertex 10.7331 -9.94473 1.45
      vertex 10.6571 -9.9249 2
      vertex 10.7331 -9.94473 2
    endloop
  endfacet
  facet normal 0.252469 0.967605 0
    outer loop
      vertex 10.6571 -9.9249 2
      vertex 10.7331 -9.94473 1.45
      vertex 10.6571 -9.9249 1.45
    endloop
  endfacet
  facet normal 0.916175 -0.400779 0
    outer loop
      vertex 9.35225 8.76537 2
      vertex 9.38372 8.83731 1.45
      vertex 9.38372 8.83731 2
    endloop
  endfacet
  facet normal 0.916175 -0.400779 0
    outer loop
      vertex 9.38372 8.83731 1.45
      vertex 9.35225 8.76537 2
      vertex 9.35225 8.76537 1.45
    endloop
  endfacet
  facet normal -0.571325 -0.820724 0
    outer loop
      vertex 16.3111 9.66293 1.45
      vertex 16.3756 9.61803 2
      vertex 16.3111 9.66293 2
    endloop
  endfacet
  facet normal -0.571325 -0.820724 -0
    outer loop
      vertex 16.3756 9.61803 2
      vertex 16.3111 9.66293 1.45
      vertex 16.3756 9.61803 1.45
    endloop
  endfacet
  facet normal -0.400966 -0.916093 0
    outer loop
      vertex 15.9654 9.84775 1.45
      vertex 16.0373 9.81628 2
      vertex 15.9654 9.84775 2
    endloop
  endfacet
  facet normal -0.400966 -0.916093 -0
    outer loop
      vertex 16.0373 9.81628 2
      vertex 15.9654 9.84775 1.45
      vertex 16.0373 9.81628 1.45
    endloop
  endfacet
  facet normal -0.664237 -0.747522 0
    outer loop
      vertex 16.4989 9.5208 1.45
      vertex 16.5576 9.46864 2
      vertex 16.4989 9.5208 2
    endloop
  endfacet
  facet normal -0.664237 -0.747522 -0
    outer loop
      vertex 16.5576 9.46864 2
      vertex 16.4989 9.5208 1.45
      vertex 16.5576 9.46864 1.45
    endloop
  endfacet
  facet normal -0.841901 -0.539631 0
    outer loop
      vertex 16.9053 9.04498 1.45
      vertex 16.8629 9.11113 2
      vertex 16.8629 9.11113 1.45
    endloop
  endfacet
  facet normal -0.841901 -0.539631 0
    outer loop
      vertex 16.8629 9.11113 2
      vertex 16.9053 9.04498 1.45
      vertex 16.9053 9.04498 2
    endloop
  endfacet
  facet normal -0.882028 -0.471196 0
    outer loop
      vertex 16.982 8.90797 1.45
      vertex 16.945 8.97723 2
      vertex 16.945 8.97723 1.45
    endloop
  endfacet
  facet normal -0.882028 -0.471196 0
    outer loop
      vertex 16.945 8.97723 2
      vertex 16.982 8.90797 1.45
      vertex 16.982 8.90797 2
    endloop
  endfacet
  facet normal -0.930897 0.365282 0
    outer loop
      vertex 17.0477 -8.76537 1.45
      vertex 17.0764 -8.69223 2
      vertex 17.0764 -8.69223 1.45
    endloop
  endfacet
  facet normal -0.930897 0.365282 0
    outer loop
      vertex 17.0764 -8.69223 2
      vertex 17.0477 -8.76537 1.45
      vertex 17.0477 -8.76537 2
    endloop
  endfacet
  facet normal -0.505295 0.862947 0
    outer loop
      vertex 16.245 -9.70528 1.45
      vertex 16.1772 -9.74498 2
      vertex 16.245 -9.70528 2
    endloop
  endfacet
  facet normal -0.505295 0.862947 0
    outer loop
      vertex 16.1772 -9.74498 2
      vertex 16.245 -9.70528 1.45
      vertex 16.1772 -9.74498 1.45
    endloop
  endfacet
  facet normal -0.773208 0.634153 0
    outer loop
      vertex 16.7208 -9.29889 1.45
      vertex 16.7706 -9.23817 2
      vertex 16.7706 -9.23817 1.45
    endloop
  endfacet
  facet normal -0.773208 0.634153 0
    outer loop
      vertex 16.7706 -9.23817 2
      vertex 16.7208 -9.29889 1.45
      vertex 16.7208 -9.29889 2
    endloop
  endfacet
  facet normal 0.707107 0.707107 0
    outer loop
      vertex 14.0492 -14.5089 4.5
      vertex 13.3466 -13.8063 2
      vertex 13.3466 -13.8063 4.5
    endloop
  endfacet
  facet normal 0.707107 0.707107 0
    outer loop
      vertex 13.3466 -13.8063 2
      vertex 14.0492 -14.5089 4.5
      vertex 14.0492 -14.5089 2
    endloop
  endfacet
  facet normal 0.707107 -0.707107 0
    outer loop
      vertex 13.3466 -13.8063 4.5
      vertex 13.8063 -13.3466 2
      vertex 13.8063 -13.3466 4.5
    endloop
  endfacet
  facet normal 0.707107 -0.707107 0
    outer loop
      vertex 13.8063 -13.3466 2
      vertex 13.3466 -13.8063 4.5
      vertex 13.3466 -13.8063 2
    endloop
  endfacet
  facet normal -0.707107 -0.707107 0
    outer loop
      vertex 14.5089 -14.0492 2
      vertex 13.8063 -13.3466 4.5
      vertex 13.8063 -13.3466 2
    endloop
  endfacet
  facet normal -0.707107 -0.707107 0
    outer loop
      vertex 13.8063 -13.3466 4.5
      vertex 14.5089 -14.0492 2
      vertex 14.5089 -14.0492 4.5
    endloop
  endfacet
  facet normal -0.707107 0.707107 0
    outer loop
      vertex -14.0492 -14.5089 2
      vertex -13.3466 -13.8063 4.5
      vertex -13.3466 -13.8063 2
    endloop
  endfacet
  facet normal -0.707107 0.707107 0
    outer loop
      vertex -13.3466 -13.8063 4.5
      vertex -14.0492 -14.5089 2
      vertex -14.0492 -14.5089 4.5
    endloop
  endfacet
  facet normal -0.707107 -0.707107 0
    outer loop
      vertex -13.3466 -13.8063 2
      vertex -13.8063 -13.3466 4.5
      vertex -13.8063 -13.3466 2
    endloop
  endfacet
  facet normal -0.707107 -0.707107 0
    outer loop
      vertex -13.8063 -13.3466 4.5
      vertex -13.3466 -13.8063 2
      vertex -13.3466 -13.8063 4.5
    endloop
  endfacet
  facet normal 0.707107 -0.707107 0
    outer loop
      vertex -14.5089 -14.0492 4.5
      vertex -13.8063 -13.3466 2
      vertex -13.8063 -13.3466 4.5
    endloop
  endfacet
  facet normal 0.707107 -0.707107 0
    outer loop
      vertex -13.8063 -13.3466 2
      vertex -14.5089 -14.0492 4.5
      vertex -14.5089 -14.0492 2
    endloop
  endfacet
  facet normal -0.707107 0.707107 0
    outer loop
      vertex -13.8063 13.3466 2
      vertex -13.3466 13.8063 4.5
      vertex -13.3466 13.8063 2
    endloop
  endfacet
  facet normal -0.707107 0.707107 0
    outer loop
      vertex -13.3466 13.8063 4.5
      vertex -13.8063 13.3466 2
      vertex -13.8063 13.3466 4.5
    endloop
  endfacet
  facet normal 0.707107 0.707107 0
    outer loop
      vertex -13.8063 13.3466 4.5
      vertex -14.5089 14.0492 2
      vertex -14.5089 14.0492 4.5
    endloop
  endfacet
  facet normal 0.707107 0.707107 0
    outer loop
      vertex -14.5089 14.0492 2
      vertex -13.8063 13.3466 4.5
      vertex -13.8063 13.3466 2
    endloop
  endfacet
  facet normal -0.707107 -0.707107 0
    outer loop
      vertex -13.3466 13.8063 2
      vertex -14.0492 14.5089 4.5
      vertex -14.0492 14.5089 2
    endloop
  endfacet
  facet normal -0.707107 -0.707107 0
    outer loop
      vertex -14.0492 14.5089 4.5
      vertex -13.3466 13.8063 2
      vertex -13.3466 13.8063 4.5
    endloop
  endfacet
  facet normal 0.707107 0.707107 0
    outer loop
      vertex 13.8063 13.3466 4.5
      vertex 13.3466 13.8063 2
      vertex 13.3466 13.8063 4.5
    endloop
  endfacet
  facet normal 0.707107 0.707107 0
    outer loop
      vertex 13.3466 13.8063 2
      vertex 13.8063 13.3466 4.5
      vertex 13.8063 13.3466 2
    endloop
  endfacet
  facet normal 0.707107 -0.707107 0
    outer loop
      vertex 13.3466 13.8063 4.5
      vertex 14.0492 14.5089 2
      vertex 14.0492 14.5089 4.5
    endloop
  endfacet
  facet normal 0.707107 -0.707107 0
    outer loop
      vertex 14.0492 14.5089 2
      vertex 13.3466 13.8063 4.5
      vertex 13.3466 13.8063 2
    endloop
  endfacet
  facet normal -0.707107 0.707107 0
    outer loop
      vertex 13.8063 13.3466 2
      vertex 14.5089 14.0492 4.5
      vertex 14.5089 14.0492 2
    endloop
  endfacet
  facet normal -0.707107 0.707107 0
    outer loop
      vertex 14.5089 14.0492 4.5
      vertex 13.8063 13.3466 2
      vertex 13.8063 13.3466 4.5
    endloop
  endfacet
  facet normal 0.999807 -0.0196671 0
    outer loop
      vertex 20.1844 -0.793048 4.5
      vertex 20.2 0 2
      vertex 20.2 0 4.5
    endloop
  endfacet
  facet normal 0.999807 -0.0196671 0
    outer loop
      vertex 20.2 0 2
      vertex 20.1844 -0.793048 4.5
      vertex 20.1844 -0.793048 2
    endloop
  endfacet
  facet normal -0.999807 -0.0196671 0
    outer loop
      vertex -20.1844 -0.793048 2
      vertex -20.2 0 4.5
      vertex -20.2 0 2
    endloop
  endfacet
  facet normal -0.999807 -0.0196671 0
    outer loop
      vertex -20.2 0 4.5
      vertex -20.1844 -0.793048 2
      vertex -20.1844 -0.793048 4.5
    endloop
  endfacet
  facet normal 0.0196671 -0.999807 0
    outer loop
      vertex 0 -20.2 2
      vertex 0.793048 -20.1844 4.5
      vertex 0 -20.2 4.5
    endloop
  endfacet
  facet normal 0.0196671 -0.999807 0
    outer loop
      vertex 0.793048 -20.1844 4.5
      vertex 0 -20.2 2
      vertex 0.793048 -20.1844 2
    endloop
  endfacet
  facet normal 0.720858 -0.693083 0
    outer loop
      vertex 14.5089 -14.0492 4.5
      vertex 14.8333 -13.7118 2
      vertex 14.8333 -13.7118 4.5
    endloop
  endfacet
  facet normal 0.720858 -0.693083 0
    outer loop
      vertex 14.8333 -13.7118 2
      vertex 14.5089 -14.0492 4.5
      vertex 14.5089 -14.0492 2
    endloop
  endfacet
  facet normal -0.693083 -0.720858 0
    outer loop
      vertex -14.0492 -14.5089 2
      vertex -13.7118 -14.8333 4.5
      vertex -14.0492 -14.5089 4.5
    endloop
  endfacet
  facet normal -0.693083 -0.720858 -0
    outer loop
      vertex -13.7118 -14.8333 4.5
      vertex -14.0492 -14.5089 2
      vertex -13.7118 -14.8333 2
    endloop
  endfacet
  facet normal 0.916178 -0.400772 0
    outer loop
      vertex 18.3445 -8.45693 4.5
      vertex 18.6624 -7.7302 2
      vertex 18.6624 -7.7302 4.5
    endloop
  endfacet
  facet normal 0.916178 -0.400772 0
    outer loop
      vertex 18.6624 -7.7302 2
      vertex 18.3445 -8.45693 4.5
      vertex 18.3445 -8.45693 2
    endloop
  endfacet
  facet normal -0.797329 -0.603545 0
    outer loop
      vertex -15.8634 -12.5057 2
      vertex -16.3421 -11.8733 4.5
      vertex -16.3421 -11.8733 2
    endloop
  endfacet
  facet normal -0.797329 -0.603545 0
    outer loop
      vertex -16.3421 -11.8733 4.5
      vertex -15.8634 -12.5057 2
      vertex -15.8634 -12.5057 4.5
    endloop
  endfacet
  facet normal 0.842226 0.539125 0
    outer loop
      vertex 17.2233 10.5545 4.5
      vertex 16.7957 11.2225 2
      vertex 16.7957 11.2225 4.5
    endloop
  endfacet
  facet normal 0.842226 0.539125 0
    outer loop
      vertex 16.7957 11.2225 2
      vertex 17.2233 10.5545 4.5
      vertex 17.2233 10.5545 2
    endloop
  endfacet
  facet normal 0.214319 0.976764 -0
    outer loop
      vertex 4.7156 19.6419 2
      vertex 3.94082 19.8119 4.5
      vertex 4.7156 19.6419 4.5
    endloop
  endfacet
  facet normal 0.214319 0.976764 0
    outer loop
      vertex 3.94082 19.8119 4.5
      vertex 4.7156 19.6419 2
      vertex 3.94082 19.8119 2
    endloop
  endfacet
  facet normal 0.693083 0.720858 -0
    outer loop
      vertex 14.0492 14.5089 2
      vertex 13.7118 14.8333 4.5
      vertex 14.0492 14.5089 4.5
    endloop
  endfacet
  facet normal 0.693083 0.720858 0
    outer loop
      vertex 13.7118 14.8333 4.5
      vertex 14.0492 14.5089 2
      vertex 13.7118 14.8333 2
    endloop
  endfacet
  facet normal -0.364473 0.931214 0
    outer loop
      vertex -6.99156 18.9515 2
      vertex -7.7302 18.6624 4.5
      vertex -6.99156 18.9515 4.5
    endloop
  endfacet
  facet normal -0.364473 0.931214 0
    outer loop
      vertex -7.7302 18.6624 4.5
      vertex -6.99156 18.9515 2
      vertex -7.7302 18.6624 2
    endloop
  endfacet
  facet normal 0.984435 -0.175747 0
    outer loop
      vertex 19.8119 -3.94082 4.5
      vertex 19.9513 -3.15998 2
      vertex 19.9513 -3.15998 4.5
    endloop
  endfacet
  facet normal 0.984435 -0.175747 0
    outer loop
      vertex 19.9513 -3.15998 2
      vertex 19.8119 -3.94082 4.5
      vertex 19.8119 -3.94082 2
    endloop
  endfacet
  facet normal 0.252519 -0.967592 0
    outer loop
      vertex 4.7156 -19.6419 2
      vertex 5.4831 -19.4416 4.5
      vertex 4.7156 -19.6419 4.5
    endloop
  endfacet
  facet normal 0.252519 -0.967592 0
    outer loop
      vertex 5.4831 -19.4416 4.5
      vertex 4.7156 -19.6419 2
      vertex 5.4831 -19.4416 2
    endloop
  endfacet
  facet normal -0.967592 -0.252519 0
    outer loop
      vertex -19.4416 -5.4831 2
      vertex -19.6419 -4.7156 4.5
      vertex -19.6419 -4.7156 2
    endloop
  endfacet
  facet normal -0.967592 -0.252519 0
    outer loop
      vertex -19.6419 -4.7156 4.5
      vertex -19.4416 -5.4831 2
      vertex -19.4416 -5.4831 4.5
    endloop
  endfacet
  facet normal -0.862737 -0.505653 0
    outer loop
      vertex -17.2233 -10.5545 2
      vertex -17.6244 -9.87015 4.5
      vertex -17.6244 -9.87015 2
    endloop
  endfacet
  facet normal -0.862737 -0.505653 0
    outer loop
      vertex -17.6244 -9.87015 4.5
      vertex -17.2233 -10.5545 2
      vertex -17.2233 -10.5545 4.5
    endloop
  endfacet
  facet normal -0.505653 -0.862737 0
    outer loop
      vertex -10.5545 -17.2233 2
      vertex -9.87015 -17.6244 4.5
      vertex -10.5545 -17.2233 4.5
    endloop
  endfacet
  facet normal -0.505653 -0.862737 -0
    outer loop
      vertex -9.87015 -17.6244 4.5
      vertex -10.5545 -17.2233 2
      vertex -9.87015 -17.6244 2
    endloop
  endfacet
  facet normal 0.137039 0.990566 -0
    outer loop
      vertex 3.15998 19.9513 2
      vertex 2.37426 20.06 4.5
      vertex 3.15998 19.9513 4.5
    endloop
  endfacet
  facet normal 0.137039 0.990566 0
    outer loop
      vertex 2.37426 20.06 4.5
      vertex 3.15998 19.9513 2
      vertex 2.37426 20.06 2
    endloop
  endfacet
  facet normal 0.471385 0.881928 -0
    outer loop
      vertex 9.87015 17.6244 2
      vertex 9.17061 17.9983 4.5
      vertex 9.87015 17.6244 4.5
    endloop
  endfacet
  facet normal 0.471385 0.881928 0
    outer loop
      vertex 9.17061 17.9983 4.5
      vertex 9.87015 17.6244 2
      vertex 9.17061 17.9983 2
    endloop
  endfacet
  facet normal 0.990566 0.137039 0
    outer loop
      vertex 20.06 2.37426 4.5
      vertex 19.9513 3.15998 2
      vertex 19.9513 3.15998 4.5
    endloop
  endfacet
  facet normal 0.990566 0.137039 0
    outer loop
      vertex 19.9513 3.15998 2
      vertex 20.06 2.37426 4.5
      vertex 20.06 2.37426 2
    endloop
  endfacet
  facet normal -0.175747 0.984435 0
    outer loop
      vertex -3.15998 19.9513 2
      vertex -3.94082 19.8119 4.5
      vertex -3.15998 19.9513 4.5
    endloop
  endfacet
  facet normal -0.175747 0.984435 0
    outer loop
      vertex -3.94082 19.8119 4.5
      vertex -3.15998 19.9513 2
      vertex -3.94082 19.8119 2
    endloop
  endfacet
  facet normal 0.976764 -0.214319 0
    outer loop
      vertex 19.6419 -4.7156 4.5
      vertex 19.8119 -3.94082 2
      vertex 19.8119 -3.94082 4.5
    endloop
  endfacet
  facet normal 0.976764 -0.214319 0
    outer loop
      vertex 19.8119 -3.94082 2
      vertex 19.6419 -4.7156 4.5
      vertex 19.6419 -4.7156 2
    endloop
  endfacet
  facet normal 0.967592 -0.252519 0
    outer loop
      vertex 19.4416 -5.4831 4.5
      vertex 19.6419 -4.7156 2
      vertex 19.6419 -4.7156 4.5
    endloop
  endfacet
  facet normal 0.967592 -0.252519 0
    outer loop
      vertex 19.6419 -4.7156 2
      vertex 19.4416 -5.4831 4.5
      vertex 19.4416 -5.4831 2
    endloop
  endfacet
  facet normal 0.797329 -0.603545 0
    outer loop
      vertex 15.8634 -12.5057 4.5
      vertex 16.3421 -11.8733 2
      vertex 16.3421 -11.8733 4.5
    endloop
  endfacet
  facet normal 0.797329 -0.603545 0
    outer loop
      vertex 16.3421 -11.8733 2
      vertex 15.8634 -12.5057 4.5
      vertex 15.8634 -12.5057 2
    endloop
  endfacet
  facet normal 0.772985 -0.634425 0
    outer loop
      vertex 15.3602 -13.1188 4.5
      vertex 15.8634 -12.5057 2
      vertex 15.8634 -12.5057 4.5
    endloop
  endfacet
  facet normal 0.772985 -0.634425 0
    outer loop
      vertex 15.8634 -12.5057 2
      vertex 15.3602 -13.1188 4.5
      vertex 15.3602 -13.1188 2
    endloop
  endfacet
  facet normal 0.820391 -0.571803 0
    outer loop
      vertex 16.3421 -11.8733 4.5
      vertex 16.7957 -11.2225 2
      vertex 16.7957 -11.2225 4.5
    endloop
  endfacet
  facet normal 0.820391 -0.571803 0
    outer loop
      vertex 16.7957 -11.2225 2
      vertex 16.3421 -11.8733 4.5
      vertex 16.3421 -11.8733 2
    endloop
  endfacet
  facet normal 0.899728 -0.43645 0
    outer loop
      vertex 17.9983 -9.17061 4.5
      vertex 18.3445 -8.45693 2
      vertex 18.3445 -8.45693 4.5
    endloop
  endfacet
  facet normal 0.899728 -0.43645 0
    outer loop
      vertex 18.3445 -8.45693 2
      vertex 17.9983 -9.17061 4.5
      vertex 17.9983 -9.17061 2
    endloop
  endfacet
  facet normal 0.842226 -0.539125 0
    outer loop
      vertex 16.7957 -11.2225 4.5
      vertex 17.2233 -10.5545 2
      vertex 17.2233 -10.5545 4.5
    endloop
  endfacet
  facet normal 0.842226 -0.539125 0
    outer loop
      vertex 17.2233 -10.5545 2
      vertex 16.7957 -11.2225 4.5
      vertex 16.7957 -11.2225 2
    endloop
  endfacet
  facet normal 0.881928 -0.471385 0
    outer loop
      vertex 17.6244 -9.87015 4.5
      vertex 17.9983 -9.17061 2
      vertex 17.9983 -9.17061 4.5
    endloop
  endfacet
  facet normal 0.881928 -0.471385 0
    outer loop
      vertex 17.9983 -9.17061 2
      vertex 17.6244 -9.87015 4.5
      vertex 17.6244 -9.87015 2
    endloop
  endfacet
  facet normal 0.214319 -0.976764 0
    outer loop
      vertex 3.94082 -19.8119 2
      vertex 4.7156 -19.6419 4.5
      vertex 3.94082 -19.8119 4.5
    endloop
  endfacet
  facet normal 0.214319 -0.976764 0
    outer loop
      vertex 4.7156 -19.6419 4.5
      vertex 3.94082 -19.8119 2
      vertex 4.7156 -19.6419 2
    endloop
  endfacet
  facet normal 0.175747 -0.984435 0
    outer loop
      vertex 3.15998 -19.9513 2
      vertex 3.94082 -19.8119 4.5
      vertex 3.15998 -19.9513 4.5
    endloop
  endfacet
  facet normal 0.175747 -0.984435 0
    outer loop
      vertex 3.94082 -19.8119 4.5
      vertex 3.15998 -19.9513 2
      vertex 3.94082 -19.8119 2
    endloop
  endfacet
  facet normal 0.137039 -0.990566 0
    outer loop
      vertex 2.37426 -20.06 2
      vertex 3.15998 -19.9513 4.5
      vertex 2.37426 -20.06 4.5
    endloop
  endfacet
  facet normal 0.137039 -0.990566 0
    outer loop
      vertex 3.15998 -19.9513 4.5
      vertex 2.37426 -20.06 2
      vertex 3.15998 -19.9513 2
    endloop
  endfacet
  facet normal 0.0588756 -0.998265 0
    outer loop
      vertex 0.793048 -20.1844 2
      vertex 1.58487 -20.1377 4.5
      vertex 0.793048 -20.1844 4.5
    endloop
  endfacet
  facet normal 0.0588756 -0.998265 0
    outer loop
      vertex 1.58487 -20.1377 4.5
      vertex 0.793048 -20.1844 2
      vertex 1.58487 -20.1377 2
    endloop
  endfacet
  facet normal 0.400772 -0.916178 0
    outer loop
      vertex 7.7302 -18.6624 2
      vertex 8.45693 -18.3445 4.5
      vertex 7.7302 -18.6624 4.5
    endloop
  endfacet
  facet normal 0.400772 -0.916178 0
    outer loop
      vertex 8.45693 -18.3445 4.5
      vertex 7.7302 -18.6624 2
      vertex 8.45693 -18.3445 2
    endloop
  endfacet
  facet normal 0.539125 -0.842226 0
    outer loop
      vertex 10.5545 -17.2233 2
      vertex 11.2225 -16.7957 4.5
      vertex 10.5545 -17.2233 4.5
    endloop
  endfacet
  facet normal 0.539125 -0.842226 0
    outer loop
      vertex 11.2225 -16.7957 4.5
      vertex 10.5545 -17.2233 2
      vertex 11.2225 -16.7957 2
    endloop
  endfacet
  facet normal 0.43645 -0.899728 0
    outer loop
      vertex 8.45693 -18.3445 2
      vertex 9.17061 -17.9983 4.5
      vertex 8.45693 -18.3445 4.5
    endloop
  endfacet
  facet normal 0.43645 -0.899728 0
    outer loop
      vertex 9.17061 -17.9983 4.5
      vertex 8.45693 -18.3445 2
      vertex 9.17061 -17.9983 2
    endloop
  endfacet
  facet normal 0.505653 -0.862737 0
    outer loop
      vertex 9.87015 -17.6244 2
      vertex 10.5545 -17.2233 4.5
      vertex 9.87015 -17.6244 4.5
    endloop
  endfacet
  facet normal 0.505653 -0.862737 0
    outer loop
      vertex 10.5545 -17.2233 4.5
      vertex 9.87015 -17.6244 2
      vertex 10.5545 -17.2233 2
    endloop
  endfacet
  facet normal 0.571803 -0.820391 0
    outer loop
      vertex 11.2225 -16.7957 2
      vertex 11.8733 -16.3421 4.5
      vertex 11.2225 -16.7957 4.5
    endloop
  endfacet
  facet normal 0.571803 -0.820391 0
    outer loop
      vertex 11.8733 -16.3421 4.5
      vertex 11.2225 -16.7957 2
      vertex 11.8733 -16.3421 2
    endloop
  endfacet
  facet normal 0.693083 -0.720858 0
    outer loop
      vertex 13.7118 -14.8333 2
      vertex 14.0492 -14.5089 4.5
      vertex 13.7118 -14.8333 4.5
    endloop
  endfacet
  facet normal 0.693083 -0.720858 0
    outer loop
      vertex 14.0492 -14.5089 4.5
      vertex 13.7118 -14.8333 2
      vertex 14.0492 -14.5089 2
    endloop
  endfacet
  facet normal -0.720858 -0.693083 0
    outer loop
      vertex -14.5089 -14.0492 2
      vertex -14.8333 -13.7118 4.5
      vertex -14.8333 -13.7118 2
    endloop
  endfacet
  facet normal -0.720858 -0.693083 0
    outer loop
      vertex -14.8333 -13.7118 4.5
      vertex -14.5089 -14.0492 2
      vertex -14.5089 -14.0492 4.5
    endloop
  endfacet
  facet normal -0.747541 -0.664215 0
    outer loop
      vertex -14.8333 -13.7118 2
      vertex -15.3602 -13.1188 4.5
      vertex -15.3602 -13.1188 2
    endloop
  endfacet
  facet normal -0.747541 -0.664215 0
    outer loop
      vertex -15.3602 -13.1188 4.5
      vertex -14.8333 -13.7118 2
      vertex -14.8333 -13.7118 4.5
    endloop
  endfacet
  facet normal -0.916178 -0.400772 0
    outer loop
      vertex -18.3445 -8.45693 2
      vertex -18.6624 -7.7302 4.5
      vertex -18.6624 -7.7302 2
    endloop
  endfacet
  facet normal -0.916178 -0.400772 0
    outer loop
      vertex -18.6624 -7.7302 4.5
      vertex -18.3445 -8.45693 2
      vertex -18.3445 -8.45693 4.5
    endloop
  endfacet
  facet normal -0.931214 -0.364473 0
    outer loop
      vertex -18.6624 -7.7302 2
      vertex -18.9515 -6.99156 4.5
      vertex -18.9515 -6.99156 2
    endloop
  endfacet
  facet normal -0.931214 -0.364473 0
    outer loop
      vertex -18.9515 -6.99156 4.5
      vertex -18.6624 -7.7302 2
      vertex -18.6624 -7.7302 4.5
    endloop
  endfacet
  facet normal -0.976764 -0.214319 0
    outer loop
      vertex -19.6419 -4.7156 2
      vertex -19.8119 -3.94082 4.5
      vertex -19.8119 -3.94082 2
    endloop
  endfacet
  facet normal -0.976764 -0.214319 0
    outer loop
      vertex -19.8119 -3.94082 4.5
      vertex -19.6419 -4.7156 2
      vertex -19.6419 -4.7156 4.5
    endloop
  endfacet
  facet normal -0.990566 -0.137039 0
    outer loop
      vertex -19.9513 -3.15998 2
      vertex -20.06 -2.37426 4.5
      vertex -20.06 -2.37426 2
    endloop
  endfacet
  facet normal -0.990566 -0.137039 0
    outer loop
      vertex -20.06 -2.37426 4.5
      vertex -19.9513 -3.15998 2
      vertex -19.9513 -3.15998 4.5
    endloop
  endfacet
  facet normal -0.998265 -0.0588756 0
    outer loop
      vertex -20.1377 -1.58487 2
      vertex -20.1844 -0.793048 4.5
      vertex -20.1844 -0.793048 2
    endloop
  endfacet
  facet normal -0.998265 -0.0588756 0
    outer loop
      vertex -20.1844 -0.793048 4.5
      vertex -20.1377 -1.58487 2
      vertex -20.1377 -1.58487 4.5
    endloop
  endfacet
  facet normal -0.400772 -0.916178 0
    outer loop
      vertex -8.45693 -18.3445 2
      vertex -7.7302 -18.6624 4.5
      vertex -8.45693 -18.3445 4.5
    endloop
  endfacet
  facet normal -0.400772 -0.916178 -0
    outer loop
      vertex -7.7302 -18.6624 4.5
      vertex -8.45693 -18.3445 2
      vertex -7.7302 -18.6624 2
    endloop
  endfacet
  facet normal -0.571803 -0.820391 0
    outer loop
      vertex -11.8733 -16.3421 2
      vertex -11.2225 -16.7957 4.5
      vertex -11.8733 -16.3421 4.5
    endloop
  endfacet
  facet normal -0.571803 -0.820391 -0
    outer loop
      vertex -11.2225 -16.7957 4.5
      vertex -11.8733 -16.3421 2
      vertex -11.2225 -16.7957 2
    endloop
  endfacet
  facet normal -0.664215 -0.747541 0
    outer loop
      vertex -13.7118 -14.8333 2
      vertex -13.1188 -15.3602 4.5
      vertex -13.7118 -14.8333 4.5
    endloop
  endfacet
  facet normal -0.664215 -0.747541 -0
    outer loop
      vertex -13.1188 -15.3602 4.5
      vertex -13.7118 -14.8333 2
      vertex -13.1188 -15.3602 2
    endloop
  endfacet
  facet normal -0.539125 -0.842226 0
    outer loop
      vertex -11.2225 -16.7957 2
      vertex -10.5545 -17.2233 4.5
      vertex -11.2225 -16.7957 4.5
    endloop
  endfacet
  facet normal -0.539125 -0.842226 -0
    outer loop
      vertex -10.5545 -17.2233 4.5
      vertex -11.2225 -16.7957 2
      vertex -10.5545 -17.2233 2
    endloop
  endfacet
  facet normal -0.603545 -0.797329 0
    outer loop
      vertex -12.5057 -15.8634 2
      vertex -11.8733 -16.3421 4.5
      vertex -12.5057 -15.8634 4.5
    endloop
  endfacet
  facet normal -0.603545 -0.797329 -0
    outer loop
      vertex -11.8733 -16.3421 4.5
      vertex -12.5057 -15.8634 2
      vertex -11.8733 -16.3421 2
    endloop
  endfacet
  facet normal -0.364473 -0.931214 0
    outer loop
      vertex -7.7302 -18.6624 2
      vertex -6.99156 -18.9515 4.5
      vertex -7.7302 -18.6624 4.5
    endloop
  endfacet
  facet normal -0.364473 -0.931214 -0
    outer loop
      vertex -6.99156 -18.9515 4.5
      vertex -7.7302 -18.6624 2
      vertex -6.99156 -18.9515 2
    endloop
  endfacet
  facet normal -0.214319 -0.976764 0
    outer loop
      vertex -4.7156 -19.6419 2
      vertex -3.94082 -19.8119 4.5
      vertex -4.7156 -19.6419 4.5
    endloop
  endfacet
  facet normal -0.214319 -0.976764 -0
    outer loop
      vertex -3.94082 -19.8119 4.5
      vertex -4.7156 -19.6419 2
      vertex -3.94082 -19.8119 2
    endloop
  endfacet
  facet normal -0.252519 -0.967592 0
    outer loop
      vertex -5.4831 -19.4416 2
      vertex -4.7156 -19.6419 4.5
      vertex -5.4831 -19.4416 4.5
    endloop
  endfacet
  facet normal -0.252519 -0.967592 -0
    outer loop
      vertex -4.7156 -19.6419 4.5
      vertex -5.4831 -19.4416 2
      vertex -4.7156 -19.6419 2
    endloop
  endfacet
  facet normal -0.327544 -0.944836 0
    outer loop
      vertex -6.99156 -18.9515 2
      vertex -6.24214 -19.2113 4.5
      vertex -6.99156 -18.9515 4.5
    endloop
  endfacet
  facet normal -0.327544 -0.944836 -0
    outer loop
      vertex -6.24214 -19.2113 4.5
      vertex -6.99156 -18.9515 2
      vertex -6.24214 -19.2113 2
    endloop
  endfacet
  facet normal -0.175747 -0.984435 0
    outer loop
      vertex -3.94082 -19.8119 2
      vertex -3.15998 -19.9513 4.5
      vertex -3.94082 -19.8119 4.5
    endloop
  endfacet
  facet normal -0.175747 -0.984435 -0
    outer loop
      vertex -3.15998 -19.9513 4.5
      vertex -3.94082 -19.8119 2
      vertex -3.15998 -19.9513 2
    endloop
  endfacet
  facet normal -0.0196671 -0.999807 0
    outer loop
      vertex -0.793048 -20.1844 2
      vertex 0 -20.2 4.5
      vertex -0.793048 -20.1844 4.5
    endloop
  endfacet
  facet normal -0.0196671 -0.999807 -0
    outer loop
      vertex 0 -20.2 4.5
      vertex -0.793048 -20.1844 2
      vertex 0 -20.2 2
    endloop
  endfacet
  facet normal 0.999807 0.0196671 0
    outer loop
      vertex 20.2 0 4.5
      vertex 20.1844 0.793048 2
      vertex 20.1844 0.793048 4.5
    endloop
  endfacet
  facet normal 0.999807 0.0196671 0
    outer loop
      vertex 20.1844 0.793048 2
      vertex 20.2 0 4.5
      vertex 20.2 0 2
    endloop
  endfacet
  facet normal 0.0196671 0.999807 -0
    outer loop
      vertex 0.793048 20.1844 2
      vertex 0 20.2 4.5
      vertex 0.793048 20.1844 4.5
    endloop
  endfacet
  facet normal 0.0196671 0.999807 0
    outer loop
      vertex 0 20.2 4.5
      vertex 0.793048 20.1844 2
      vertex 0 20.2 2
    endloop
  endfacet
  facet normal 0.364473 0.931214 -0
    outer loop
      vertex 7.7302 18.6624 2
      vertex 6.99156 18.9515 4.5
      vertex 7.7302 18.6624 4.5
    endloop
  endfacet
  facet normal 0.364473 0.931214 0
    outer loop
      vertex 6.99156 18.9515 4.5
      vertex 7.7302 18.6624 2
      vertex 6.99156 18.9515 2
    endloop
  endfacet
  facet normal 0.252519 0.967592 -0
    outer loop
      vertex 5.4831 19.4416 2
      vertex 4.7156 19.6419 4.5
      vertex 5.4831 19.4416 4.5
    endloop
  endfacet
  facet normal 0.252519 0.967592 0
    outer loop
      vertex 4.7156 19.6419 4.5
      vertex 5.4831 19.4416 2
      vertex 4.7156 19.6419 2
    endloop
  endfacet
  facet normal 0.571803 0.820391 -0
    outer loop
      vertex 11.8733 16.3421 2
      vertex 11.2225 16.7957 4.5
      vertex 11.8733 16.3421 4.5
    endloop
  endfacet
  facet normal 0.571803 0.820391 0
    outer loop
      vertex 11.2225 16.7957 4.5
      vertex 11.8733 16.3421 2
      vertex 11.2225 16.7957 2
    endloop
  endfacet
  facet normal 0.505653 0.862737 -0
    outer loop
      vertex 10.5545 17.2233 2
      vertex 9.87015 17.6244 4.5
      vertex 10.5545 17.2233 4.5
    endloop
  endfacet
  facet normal 0.505653 0.862737 0
    outer loop
      vertex 9.87015 17.6244 4.5
      vertex 10.5545 17.2233 2
      vertex 9.87015 17.6244 2
    endloop
  endfacet
  facet normal 0.400772 0.916178 -0
    outer loop
      vertex 8.45693 18.3445 2
      vertex 7.7302 18.6624 4.5
      vertex 8.45693 18.3445 4.5
    endloop
  endfacet
  facet normal 0.400772 0.916178 0
    outer loop
      vertex 7.7302 18.6624 4.5
      vertex 8.45693 18.3445 2
      vertex 7.7302 18.6624 2
    endloop
  endfacet
  facet normal 0.539125 0.842226 -0
    outer loop
      vertex 11.2225 16.7957 2
      vertex 10.5545 17.2233 4.5
      vertex 11.2225 16.7957 4.5
    endloop
  endfacet
  facet normal 0.539125 0.842226 0
    outer loop
      vertex 10.5545 17.2233 4.5
      vertex 11.2225 16.7957 2
      vertex 10.5545 17.2233 2
    endloop
  endfacet
  facet normal 0.797329 0.603545 0
    outer loop
      vertex 16.3421 11.8733 4.5
      vertex 15.8634 12.5057 2
      vertex 15.8634 12.5057 4.5
    endloop
  endfacet
  facet normal 0.797329 0.603545 0
    outer loop
      vertex 15.8634 12.5057 2
      vertex 16.3421 11.8733 4.5
      vertex 16.3421 11.8733 2
    endloop
  endfacet
  facet normal 0.720858 0.693083 0
    outer loop
      vertex 14.8333 13.7118 4.5
      vertex 14.5089 14.0492 2
      vertex 14.5089 14.0492 4.5
    endloop
  endfacet
  facet normal 0.720858 0.693083 0
    outer loop
      vertex 14.5089 14.0492 2
      vertex 14.8333 13.7118 4.5
      vertex 14.8333 13.7118 2
    endloop
  endfacet
  facet normal 0.899728 0.43645 0
    outer loop
      vertex 18.3445 8.45693 4.5
      vertex 17.9983 9.17061 2
      vertex 17.9983 9.17061 4.5
    endloop
  endfacet
  facet normal 0.899728 0.43645 0
    outer loop
      vertex 17.9983 9.17061 2
      vertex 18.3445 8.45693 4.5
      vertex 18.3445 8.45693 2
    endloop
  endfacet
  facet normal 0.916178 0.400772 0
    outer loop
      vertex 18.6624 7.7302 4.5
      vertex 18.3445 8.45693 2
      vertex 18.3445 8.45693 4.5
    endloop
  endfacet
  facet normal 0.916178 0.400772 0
    outer loop
      vertex 18.3445 8.45693 2
      vertex 18.6624 7.7302 4.5
      vertex 18.6624 7.7302 2
    endloop
  endfacet
  facet normal 0.944836 0.327544 0
    outer loop
      vertex 19.2113 6.24214 4.5
      vertex 18.9515 6.99156 2
      vertex 18.9515 6.99156 4.5
    endloop
  endfacet
  facet normal 0.944836 0.327544 0
    outer loop
      vertex 18.9515 6.99156 2
      vertex 19.2113 6.24214 4.5
      vertex 19.2113 6.24214 2
    endloop
  endfacet
  facet normal 0.956924 0.29034 0
    outer loop
      vertex 19.4416 5.4831 4.5
      vertex 19.2113 6.24214 2
      vertex 19.2113 6.24214 4.5
    endloop
  endfacet
  facet normal 0.956924 0.29034 0
    outer loop
      vertex 19.2113 6.24214 2
      vertex 19.4416 5.4831 4.5
      vertex 19.4416 5.4831 2
    endloop
  endfacet
  facet normal 0.967592 0.252519 0
    outer loop
      vertex 19.6419 4.7156 4.5
      vertex 19.4416 5.4831 2
      vertex 19.4416 5.4831 4.5
    endloop
  endfacet
  facet normal 0.967592 0.252519 0
    outer loop
      vertex 19.4416 5.4831 2
      vertex 19.6419 4.7156 4.5
      vertex 19.6419 4.7156 2
    endloop
  endfacet
  facet normal -0.693083 0.720858 0
    outer loop
      vertex -13.7118 14.8333 2
      vertex -14.0492 14.5089 4.5
      vertex -13.7118 14.8333 4.5
    endloop
  endfacet
  facet normal -0.693083 0.720858 0
    outer loop
      vertex -14.0492 14.5089 4.5
      vertex -13.7118 14.8333 2
      vertex -14.0492 14.5089 2
    endloop
  endfacet
  facet normal -0.634425 0.772985 0
    outer loop
      vertex -12.5057 15.8634 2
      vertex -13.1188 15.3602 4.5
      vertex -12.5057 15.8634 4.5
    endloop
  endfacet
  facet normal -0.634425 0.772985 0
    outer loop
      vertex -13.1188 15.3602 4.5
      vertex -12.5057 15.8634 2
      vertex -13.1188 15.3602 2
    endloop
  endfacet
  facet normal -0.603545 0.797329 0
    outer loop
      vertex -11.8733 16.3421 2
      vertex -12.5057 15.8634 4.5
      vertex -11.8733 16.3421 4.5
    endloop
  endfacet
  facet normal -0.603545 0.797329 0
    outer loop
      vertex -12.5057 15.8634 4.5
      vertex -11.8733 16.3421 2
      vertex -12.5057 15.8634 2
    endloop
  endfacet
  facet normal -0.539125 0.842226 0
    outer loop
      vertex -10.5545 17.2233 2
      vertex -11.2225 16.7957 4.5
      vertex -10.5545 17.2233 4.5
    endloop
  endfacet
  facet normal -0.539125 0.842226 0
    outer loop
      vertex -11.2225 16.7957 4.5
      vertex -10.5545 17.2233 2
      vertex -11.2225 16.7957 2
    endloop
  endfacet
  facet normal -0.252519 0.967592 0
    outer loop
      vertex -4.7156 19.6419 2
      vertex -5.4831 19.4416 4.5
      vertex -4.7156 19.6419 4.5
    endloop
  endfacet
  facet normal -0.252519 0.967592 0
    outer loop
      vertex -5.4831 19.4416 4.5
      vertex -4.7156 19.6419 2
      vertex -5.4831 19.4416 2
    endloop
  endfacet
  facet normal -0.720858 0.693083 0
    outer loop
      vertex -14.8333 13.7118 2
      vertex -14.5089 14.0492 4.5
      vertex -14.5089 14.0492 2
    endloop
  endfacet
  facet normal -0.720858 0.693083 0
    outer loop
      vertex -14.5089 14.0492 4.5
      vertex -14.8333 13.7118 2
      vertex -14.8333 13.7118 4.5
    endloop
  endfacet
  facet normal -0.916178 0.400772 0
    outer loop
      vertex -18.6624 7.7302 2
      vertex -18.3445 8.45693 4.5
      vertex -18.3445 8.45693 2
    endloop
  endfacet
  facet normal -0.916178 0.400772 0
    outer loop
      vertex -18.3445 8.45693 4.5
      vertex -18.6624 7.7302 2
      vertex -18.6624 7.7302 4.5
    endloop
  endfacet
  facet normal -0.862737 0.505653 0
    outer loop
      vertex -17.6244 9.87015 2
      vertex -17.2233 10.5545 4.5
      vertex -17.2233 10.5545 2
    endloop
  endfacet
  facet normal -0.862737 0.505653 0
    outer loop
      vertex -17.2233 10.5545 4.5
      vertex -17.6244 9.87015 2
      vertex -17.6244 9.87015 4.5
    endloop
  endfacet
  facet normal -0.820391 0.571803 0
    outer loop
      vertex -16.7957 11.2225 2
      vertex -16.3421 11.8733 4.5
      vertex -16.3421 11.8733 2
    endloop
  endfacet
  facet normal -0.820391 0.571803 0
    outer loop
      vertex -16.3421 11.8733 4.5
      vertex -16.7957 11.2225 2
      vertex -16.7957 11.2225 4.5
    endloop
  endfacet
  facet normal -0.976764 0.214319 0
    outer loop
      vertex -19.8119 3.94082 2
      vertex -19.6419 4.7156 4.5
      vertex -19.6419 4.7156 2
    endloop
  endfacet
  facet normal -0.976764 0.214319 0
    outer loop
      vertex -19.6419 4.7156 4.5
      vertex -19.8119 3.94082 2
      vertex -19.8119 3.94082 4.5
    endloop
  endfacet
  facet normal -0.990566 0.137039 0
    outer loop
      vertex -20.06 2.37426 2
      vertex -19.9513 3.15998 4.5
      vertex -19.9513 3.15998 2
    endloop
  endfacet
  facet normal -0.990566 0.137039 0
    outer loop
      vertex -19.9513 3.15998 4.5
      vertex -20.06 2.37426 2
      vertex -20.06 2.37426 4.5
    endloop
  endfacet
  facet normal -0.999807 0.0196671 0
    outer loop
      vertex -20.2 0 2
      vertex -20.1844 0.793048 4.5
      vertex -20.1844 0.793048 2
    endloop
  endfacet
  facet normal -0.999807 0.0196671 0
    outer loop
      vertex -20.1844 0.793048 4.5
      vertex -20.2 0 2
      vertex -20.2 0 4.5
    endloop
  endfacet
  facet normal 0 0 1
    outer loop
      vertex 13.7118 14.8333 4.5
      vertex 13.3466 13.8063 4.5
      vertex 14.0492 14.5089 4.5
    endloop
  endfacet
  facet normal 0 0 1
    outer loop
      vertex 12.8972 13.9521 4.5
      vertex 13.7118 14.8333 4.5
      vertex 13.1188 15.3602 4.5
    endloop
  endfacet
  facet normal 0 0 1
    outer loop
      vertex 19 0 4.5
      vertex 20.2 0 4.5
      vertex 20.1844 0.793048 4.5
    endloop
  endfacet
  facet normal 0 0 1
    outer loop
      vertex 18.9854 0.745936 4.5
      vertex 20.1844 0.793048 4.5
      vertex 20.1377 1.58487 4.5
    endloop
  endfacet
  facet normal 0 0 1
    outer loop
      vertex 20.2 0 4.5
      vertex 19 0 4.5
      vertex 20.1844 -0.793048 4.5
    endloop
  endfacet
  facet normal 0 0 1
    outer loop
      vertex 18.9414 1.49072 4.5
      vertex 20.1377 1.58487 4.5
      vertex 20.06 2.37426 4.5
    endloop
  endfacet
  facet normal -0 0 1
    outer loop
      vertex 18.9854 -0.745936 4.5
      vertex 20.1844 -0.793048 4.5
      vertex 19 0 4.5
    endloop
  endfacet
  facet normal 0 0 1
    outer loop
      vertex 18.8683 2.23321 4.5
      vertex 20.06 2.37426 4.5
      vertex 19.9513 3.15998 4.5
    endloop
  endfacet
  facet normal 0 0 1
    outer loop
      vertex 20.1844 -0.793048 4.5
      vertex 18.9854 -0.745936 4.5
      vertex 20.1377 -1.58487 4.5
    endloop
  endfacet
  facet normal 0 0 1
    outer loop
      vertex 18.7661 2.97225 4.5
      vertex 19.9513 3.15998 4.5
      vertex 19.8119 3.94082 4.5
    endloop
  endfacet
  facet normal -0 0 1
    outer loop
      vertex 18.9414 -1.49072 4.5
      vertex 20.1377 -1.58487 4.5
      vertex 18.9854 -0.745936 4.5
    endloop
  endfacet
  facet normal 0 0 1
    outer loop
      vertex 18.6349 3.70672 4.5
      vertex 19.8119 3.94082 4.5
      vertex 19.6419 4.7156 4.5
    endloop
  endfacet
  facet normal 0 0 1
    outer loop
      vertex 20.1377 -1.58487 4.5
      vertex 18.9414 -1.49072 4.5
      vertex 20.06 -2.37426 4.5
    endloop
  endfacet
  facet normal 0 0 1
    outer loop
      vertex 18.475 4.43546 4.5
      vertex 19.6419 4.7156 4.5
      vertex 19.4416 5.4831 4.5
    endloop
  endfacet
  facet normal -0 0 1
    outer loop
      vertex 18.8683 -2.23321 4.5
      vertex 20.06 -2.37426 4.5
      vertex 18.9414 -1.49072 4.5
    endloop
  endfacet
  facet normal 0 0 1
    outer loop
      vertex 18.2866 5.15737 4.5
      vertex 19.4416 5.4831 4.5
      vertex 19.2113 6.24214 4.5
    endloop
  endfacet
  facet normal 0 0 1
    outer loop
      vertex 20.06 -2.37426 4.5
      vertex 18.8683 -2.23321 4.5
      vertex 19.9513 -3.15998 4.5
    endloop
  endfacet
  facet normal -0 0 1
    outer loop
      vertex 18.7661 -2.97225 4.5
      vertex 19.9513 -3.15998 4.5
      vertex 18.8683 -2.23321 4.5
    endloop
  endfacet
  facet normal 0 0 1
    outer loop
      vertex 20.1844 0.793048 4.5
      vertex 18.9854 0.745936 4.5
      vertex 19 0 4.5
    endloop
  endfacet
  facet normal 0 0 1
    outer loop
      vertex 18.0701 5.87132 4.5
      vertex 19.2113 6.24214 4.5
      vertex 18.9515 6.99156 4.5
    endloop
  endfacet
  facet normal 0 0 1
    outer loop
      vertex 20.1377 1.58487 4.5
      vertex 18.9414 1.49072 4.5
      vertex 18.9854 0.745936 4.5
    endloop
  endfacet
  facet normal 0 0 1
    outer loop
      vertex 20.06 2.37426 4.5
      vertex 18.8683 2.23321 4.5
      vertex 18.9414 1.49072 4.5
    endloop
  endfacet
  facet normal 0 0 1
    outer loop
      vertex 19.9513 3.15998 4.5
      vertex 18.7661 2.97225 4.5
      vertex 18.8683 2.23321 4.5
    endloop
  endfacet
  facet normal 0 0 1
    outer loop
      vertex 17.8256 6.57622 4.5
      vertex 18.9515 6.99156 4.5
      vertex 18.6624 7.7302 4.5
    endloop
  endfacet
  facet normal 0 0 1
    outer loop
      vertex 19.8119 3.94082 4.5
      vertex 18.6349 3.70672 4.5
      vertex 18.7661 2.97225 4.5
    endloop
  endfacet
  facet normal 0 0 1
    outer loop
      vertex 19.6419 4.7156 4.5
      vertex 18.475 4.43546 4.5
      vertex 18.6349 3.70672 4.5
    endloop
  endfacet
  facet normal 0 0 1
    outer loop
      vertex 17.5537 7.27098 4.5
      vertex 18.6624 7.7302 4.5
      vertex 18.3445 8.45693 4.5
    endloop
  endfacet
  facet normal 0 0 1
    outer loop
      vertex 19.4416 5.4831 4.5
      vertex 18.2866 5.15737 4.5
      vertex 18.475 4.43546 4.5
    endloop
  endfacet
  facet normal 0 0 1
    outer loop
      vertex 19.2113 6.24214 4.5
      vertex 18.0701 5.87132 4.5
      vertex 18.2866 5.15737 4.5
    endloop
  endfacet
  facet normal 0 0 1
    outer loop
      vertex 17.2547 7.95453 4.5
      vertex 18.3445 8.45693 4.5
      vertex 17.9983 9.17061 4.5
    endloop
  endfacet
  facet normal 0 0 1
    outer loop
      vertex 18.9515 6.99156 4.5
      vertex 17.8256 6.57622 4.5
      vertex 18.0701 5.87132 4.5
    endloop
  endfacet
  facet normal 0 0 1
    outer loop
      vertex 16.9291 8.62582 4.5
      vertex 17.9983 9.17061 4.5
      vertex 17.6244 9.87015 4.5
    endloop
  endfacet
  facet normal 0 0 1
    outer loop
      vertex 18.6624 7.7302 4.5
      vertex 17.5537 7.27098 4.5
      vertex 17.8256 6.57622 4.5
    endloop
  endfacet
  facet normal 0 0 1
    outer loop
      vertex 18.3445 8.45693 4.5
      vertex 17.2547 7.95453 4.5
      vertex 17.5537 7.27098 4.5
    endloop
  endfacet
  facet normal 0 0 1
    outer loop
      vertex 16.5774 9.2838 4.5
      vertex 17.6244 9.87015 4.5
      vertex 17.2233 10.5545 4.5
    endloop
  endfacet
  facet normal 0 0 1
    outer loop
      vertex 17.9983 9.17061 4.5
      vertex 16.9291 8.62582 4.5
      vertex 17.2547 7.95453 4.5
    endloop
  endfacet
  facet normal 0 0 1
    outer loop
      vertex 16.2002 9.92747 4.5
      vertex 17.2233 10.5545 4.5
      vertex 16.7957 11.2225 4.5
    endloop
  endfacet
  facet normal 0 0 1
    outer loop
      vertex 17.6244 9.87015 4.5
      vertex 16.5774 9.2838 4.5
      vertex 16.9291 8.62582 4.5
    endloop
  endfacet
  facet normal 0 0 1
    outer loop
      vertex 15.7979 10.5558 4.5
      vertex 16.7957 11.2225 4.5
      vertex 16.3421 11.8733 4.5
    endloop
  endfacet
  facet normal 0 0 1
    outer loop
      vertex 17.2233 10.5545 4.5
      vertex 16.2002 9.92747 4.5
      vertex 16.5774 9.2838 4.5
    endloop
  endfacet
  facet normal 0 0 1
    outer loop
      vertex 15.3713 11.1679 4.5
      vertex 16.3421 11.8733 4.5
      vertex 15.8634 12.5057 4.5
    endloop
  endfacet
  facet normal 0 0 1
    outer loop
      vertex 16.7957 11.2225 4.5
      vertex 15.7979 10.5558 4.5
      vertex 16.2002 9.92747 4.5
    endloop
  endfacet
  facet normal 0 0 1
    outer loop
      vertex 16.3421 11.8733 4.5
      vertex 15.3713 11.1679 4.5
      vertex 15.7979 10.5558 4.5
    endloop
  endfacet
  facet normal 0 0 1
    outer loop
      vertex 14.921 11.7628 4.5
      vertex 15.8634 12.5057 4.5
      vertex 15.3602 13.1188 4.5
    endloop
  endfacet
  facet normal 0 0 1
    outer loop
      vertex 15.8634 12.5057 4.5
      vertex 14.921 11.7628 4.5
      vertex 15.3713 11.1679 4.5
    endloop
  endfacet
  facet normal 0 0 1
    outer loop
      vertex 14.4477 12.3395 4.5
      vertex 15.3602 13.1188 4.5
      vertex 14.8333 13.7118 4.5
    endloop
  endfacet
  facet normal 0 0 1
    outer loop
      vertex 13.8063 13.3466 4.5
      vertex 14.8333 13.7118 4.5
      vertex 14.5089 14.0492 4.5
    endloop
  endfacet
  facet normal 0 0 1
    outer loop
      vertex 15.3602 13.1188 4.5
      vertex 14.4477 12.3395 4.5
      vertex 14.921 11.7628 4.5
    endloop
  endfacet
  facet normal 0 0 1
    outer loop
      vertex 14.8333 13.7118 4.5
      vertex 13.9521 12.8972 4.5
      vertex 14.4477 12.3395 4.5
    endloop
  endfacet
  facet normal 0 0 1
    outer loop
      vertex 14.8333 13.7118 4.5
      vertex 13.8063 13.3466 4.5
      vertex 13.9521 12.8972 4.5
    endloop
  endfacet
  facet normal 0 0 1
    outer loop
      vertex 13.8063 13.3466 4.5
      vertex 13.435 13.435 4.5
      vertex 13.9521 12.8972 4.5
    endloop
  endfacet
  facet normal 0 0 1
    outer loop
      vertex 13.3466 13.8063 4.5
      vertex 13.435 13.435 4.5
      vertex 13.8063 13.3466 4.5
    endloop
  endfacet
  facet normal 0 0 1
    outer loop
      vertex 13.3466 13.8063 4.5
      vertex 12.8972 13.9521 4.5
      vertex 13.435 13.435 4.5
    endloop
  endfacet
  facet normal 0 0 1
    outer loop
      vertex 13.7118 14.8333 4.5
      vertex 12.8972 13.9521 4.5
      vertex 13.3466 13.8063 4.5
    endloop
  endfacet
  facet normal 0 0 1
    outer loop
      vertex 12.3395 14.4477 4.5
      vertex 13.1188 15.3602 4.5
      vertex 12.5057 15.8634 4.5
    endloop
  endfacet
  facet normal 0 0 1
    outer loop
      vertex 13.1188 15.3602 4.5
      vertex 12.3395 14.4477 4.5
      vertex 12.8972 13.9521 4.5
    endloop
  endfacet
  facet normal 0 0 1
    outer loop
      vertex 11.7628 14.921 4.5
      vertex 12.5057 15.8634 4.5
      vertex 11.8733 16.3421 4.5
    endloop
  endfacet
  facet normal 0 0 1
    outer loop
      vertex 12.5057 15.8634 4.5
      vertex 11.7628 14.921 4.5
      vertex 12.3395 14.4477 4.5
    endloop
  endfacet
  facet normal 0 0 1
    outer loop
      vertex 11.1679 15.3713 4.5
      vertex 11.8733 16.3421 4.5
      vertex 11.2225 16.7957 4.5
    endloop
  endfacet
  facet normal 0 0 1
    outer loop
      vertex 11.8733 16.3421 4.5
      vertex 11.1679 15.3713 4.5
      vertex 11.7628 14.921 4.5
    endloop
  endfacet
  facet normal 0 0 1
    outer loop
      vertex 11.2225 16.7957 4.5
      vertex 10.5558 15.7979 4.5
      vertex 11.1679 15.3713 4.5
    endloop
  endfacet
  facet normal 0 0 1
    outer loop
      vertex 10.5545 17.2233 4.5
      vertex 10.5558 15.7979 4.5
      vertex 11.2225 16.7957 4.5
    endloop
  endfacet
  facet normal 0 0 1
    outer loop
      vertex 10.5545 17.2233 4.5
      vertex 9.92747 16.2002 4.5
      vertex 10.5558 15.7979 4.5
    endloop
  endfacet
  facet normal 0 0 1
    outer loop
      vertex 9.87015 17.6244 4.5
      vertex 9.92747 16.2002 4.5
      vertex 10.5545 17.2233 4.5
    endloop
  endfacet
  facet normal 0 0 1
    outer loop
      vertex 9.87015 17.6244 4.5
      vertex 9.2838 16.5774 4.5
      vertex 9.92747 16.2002 4.5
    endloop
  endfacet
  facet normal 0 0 1
    outer loop
      vertex 9.17061 17.9983 4.5
      vertex 9.2838 16.5774 4.5
      vertex 9.87015 17.6244 4.5
    endloop
  endfacet
  facet normal 0 0 1
    outer loop
      vertex 9.17061 17.9983 4.5
      vertex 8.62582 16.9291 4.5
      vertex 9.2838 16.5774 4.5
    endloop
  endfacet
  facet normal 0 0 1
    outer loop
      vertex 8.45693 18.3445 4.5
      vertex 8.62582 16.9291 4.5
      vertex 9.17061 17.9983 4.5
    endloop
  endfacet
  facet normal 0 0 1
    outer loop
      vertex 8.45693 18.3445 4.5
      vertex 7.95453 17.2547 4.5
      vertex 8.62582 16.9291 4.5
    endloop
  endfacet
  facet normal 0 0 1
    outer loop
      vertex 7.7302 18.6624 4.5
      vertex 7.95453 17.2547 4.5
      vertex 8.45693 18.3445 4.5
    endloop
  endfacet
  facet normal 0 0 1
    outer loop
      vertex 7.7302 18.6624 4.5
      vertex 7.27098 17.5537 4.5
      vertex 7.95453 17.2547 4.5
    endloop
  endfacet
  facet normal 0 0 1
    outer loop
      vertex 6.99156 18.9515 4.5
      vertex 7.27098 17.5537 4.5
      vertex 7.7302 18.6624 4.5
    endloop
  endfacet
  facet normal 0 0 1
    outer loop
      vertex 6.99156 18.9515 4.5
      vertex 6.57622 17.8256 4.5
      vertex 7.27098 17.5537 4.5
    endloop
  endfacet
  facet normal 0 0 1
    outer loop
      vertex 6.24214 19.2113 4.5
      vertex 6.57622 17.8256 4.5
      vertex 6.99156 18.9515 4.5
    endloop
  endfacet
  facet normal 0 0 1
    outer loop
      vertex 6.24214 19.2113 4.5
      vertex 5.87132 18.0701 4.5
      vertex 6.57622 17.8256 4.5
    endloop
  endfacet
  facet normal 0 0 1
    outer loop
      vertex 5.4831 19.4416 4.5
      vertex 5.87132 18.0701 4.5
      vertex 6.24214 19.2113 4.5
    endloop
  endfacet
  facet normal 0 0 1
    outer loop
      vertex 5.4831 19.4416 4.5
      vertex 5.15737 18.2866 4.5
      vertex 5.87132 18.0701 4.5
    endloop
  endfacet
  facet normal 0 0 1
    outer loop
      vertex 4.7156 19.6419 4.5
      vertex 5.15737 18.2866 4.5
      vertex 5.4831 19.4416 4.5
    endloop
  endfacet
  facet normal 0 0 1
    outer loop
      vertex 4.7156 19.6419 4.5
      vertex 4.43546 18.475 4.5
      vertex 5.15737 18.2866 4.5
    endloop
  endfacet
  facet normal 0 0 1
    outer loop
      vertex 3.94082 19.8119 4.5
      vertex 4.43546 18.475 4.5
      vertex 4.7156 19.6419 4.5
    endloop
  endfacet
  facet normal 0 0 1
    outer loop
      vertex 3.94082 19.8119 4.5
      vertex 3.70672 18.6349 4.5
      vertex 4.43546 18.475 4.5
    endloop
  endfacet
  facet normal 0 0 1
    outer loop
      vertex 3.15998 19.9513 4.5
      vertex 3.70672 18.6349 4.5
      vertex 3.94082 19.8119 4.5
    endloop
  endfacet
  facet normal 0 0 1
    outer loop
      vertex 3.15998 19.9513 4.5
      vertex 2.97225 18.7661 4.5
      vertex 3.70672 18.6349 4.5
    endloop
  endfacet
  facet normal 0 0 1
    outer loop
      vertex 2.37426 20.06 4.5
      vertex 2.97225 18.7661 4.5
      vertex 3.15998 19.9513 4.5
    endloop
  endfacet
  facet normal 0 0 1
    outer loop
      vertex 2.37426 20.06 4.5
      vertex 2.23321 18.8683 4.5
      vertex 2.97225 18.7661 4.5
    endloop
  endfacet
  facet normal 0 0 1
    outer loop
      vertex 1.58487 20.1377 4.5
      vertex 2.23321 18.8683 4.5
      vertex 2.37426 20.06 4.5
    endloop
  endfacet
  facet normal 0 0 1
    outer loop
      vertex 1.58487 20.1377 4.5
      vertex 1.49072 18.9414 4.5
      vertex 2.23321 18.8683 4.5
    endloop
  endfacet
  facet normal 0 0 1
    outer loop
      vertex 0.793048 20.1844 4.5
      vertex 1.49072 18.9414 4.5
      vertex 1.58487 20.1377 4.5
    endloop
  endfacet
  facet normal 0 0 1
    outer loop
      vertex 0.793048 20.1844 4.5
      vertex 0.745936 18.9854 4.5
      vertex 1.49072 18.9414 4.5
    endloop
  endfacet
  facet normal 0 0 1
    outer loop
      vertex 0 20.2 4.5
      vertex 0.745936 18.9854 4.5
      vertex 0.793048 20.1844 4.5
    endloop
  endfacet
  facet normal 0 0 1
    outer loop
      vertex 0 20.2 4.5
      vertex 0 19 4.5
      vertex 0.745936 18.9854 4.5
    endloop
  endfacet
  facet normal 0 0 1
    outer loop
      vertex 0 20.2 4.5
      vertex -0.745936 18.9854 4.5
      vertex 0 19 4.5
    endloop
  endfacet
  facet normal -0 0 1
    outer loop
      vertex -0.793048 20.1844 4.5
      vertex -0.745936 18.9854 4.5
      vertex 0 20.2 4.5
    endloop
  endfacet
  facet normal 0 0 1
    outer loop
      vertex -0.793048 20.1844 4.5
      vertex -1.49072 18.9414 4.5
      vertex -0.745936 18.9854 4.5
    endloop
  endfacet
  facet normal -0 0 1
    outer loop
      vertex -1.58487 20.1377 4.5
      vertex -1.49072 18.9414 4.5
      vertex -0.793048 20.1844 4.5
    endloop
  endfacet
  facet normal 0 0 1
    outer loop
      vertex -1.58487 20.1377 4.5
      vertex -2.23321 18.8683 4.5
      vertex -1.49072 18.9414 4.5
    endloop
  endfacet
  facet normal -0 0 1
    outer loop
      vertex -2.37426 20.06 4.5
      vertex -2.23321 18.8683 4.5
      vertex -1.58487 20.1377 4.5
    endloop
  endfacet
  facet normal 0 0 1
    outer loop
      vertex -2.37426 20.06 4.5
      vertex -2.97225 18.7661 4.5
      vertex -2.23321 18.8683 4.5
    endloop
  endfacet
  facet normal -0 0 1
    outer loop
      vertex -3.15998 19.9513 4.5
      vertex -2.97225 18.7661 4.5
      vertex -2.37426 20.06 4.5
    endloop
  endfacet
  facet normal 0 0 1
    outer loop
      vertex -3.15998 19.9513 4.5
      vertex -3.70672 18.6349 4.5
      vertex -2.97225 18.7661 4.5
    endloop
  endfacet
  facet normal -0 0 1
    outer loop
      vertex -3.94082 19.8119 4.5
      vertex -3.70672 18.6349 4.5
      vertex -3.15998 19.9513 4.5
    endloop
  endfacet
  facet normal 0 0 1
    outer loop
      vertex -3.94082 19.8119 4.5
      vertex -4.43546 18.475 4.5
      vertex -3.70672 18.6349 4.5
    endloop
  endfacet
  facet normal -0 0 1
    outer loop
      vertex -4.7156 19.6419 4.5
      vertex -4.43546 18.475 4.5
      vertex -3.94082 19.8119 4.5
    endloop
  endfacet
  facet normal 0 0 1
    outer loop
      vertex -4.7156 19.6419 4.5
      vertex -5.15737 18.2866 4.5
      vertex -4.43546 18.475 4.5
    endloop
  endfacet
  facet normal -0 0 1
    outer loop
      vertex -5.4831 19.4416 4.5
      vertex -5.15737 18.2866 4.5
      vertex -4.7156 19.6419 4.5
    endloop
  endfacet
  facet normal 0 0 1
    outer loop
      vertex -5.4831 19.4416 4.5
      vertex -5.87132 18.0701 4.5
      vertex -5.15737 18.2866 4.5
    endloop
  endfacet
  facet normal -0 0 1
    outer loop
      vertex -6.24214 19.2113 4.5
      vertex -5.87132 18.0701 4.5
      vertex -5.4831 19.4416 4.5
    endloop
  endfacet
  facet normal 0 0 1
    outer loop
      vertex -6.24214 19.2113 4.5
      vertex -6.57622 17.8256 4.5
      vertex -5.87132 18.0701 4.5
    endloop
  endfacet
  facet normal -0 0 1
    outer loop
      vertex -6.99156 18.9515 4.5
      vertex -6.57622 17.8256 4.5
      vertex -6.24214 19.2113 4.5
    endloop
  endfacet
  facet normal 0 0 1
    outer loop
      vertex -6.99156 18.9515 4.5
      vertex -7.27098 17.5537 4.5
      vertex -6.57622 17.8256 4.5
    endloop
  endfacet
  facet normal -0 0 1
    outer loop
      vertex -7.7302 18.6624 4.5
      vertex -7.27098 17.5537 4.5
      vertex -6.99156 18.9515 4.5
    endloop
  endfacet
  facet normal 0 0 1
    outer loop
      vertex -7.7302 18.6624 4.5
      vertex -7.95453 17.2547 4.5
      vertex -7.27098 17.5537 4.5
    endloop
  endfacet
  facet normal -0 0 1
    outer loop
      vertex -8.45693 18.3445 4.5
      vertex -7.95453 17.2547 4.5
      vertex -7.7302 18.6624 4.5
    endloop
  endfacet
  facet normal 0 0 1
    outer loop
      vertex -8.45693 18.3445 4.5
      vertex -8.62582 16.9291 4.5
      vertex -7.95453 17.2547 4.5
    endloop
  endfacet
  facet normal -0 0 1
    outer loop
      vertex -9.17061 17.9983 4.5
      vertex -8.62582 16.9291 4.5
      vertex -8.45693 18.3445 4.5
    endloop
  endfacet
  facet normal 0 0 1
    outer loop
      vertex -9.17061 17.9983 4.5
      vertex -9.2838 16.5774 4.5
      vertex -8.62582 16.9291 4.5
    endloop
  endfacet
  facet normal -0 0 1
    outer loop
      vertex -9.87015 17.6244 4.5
      vertex -9.2838 16.5774 4.5
      vertex -9.17061 17.9983 4.5
    endloop
  endfacet
  facet normal 0 0 1
    outer loop
      vertex -9.87015 17.6244 4.5
      vertex -9.92747 16.2002 4.5
      vertex -9.2838 16.5774 4.5
    endloop
  endfacet
  facet normal -0 0 1
    outer loop
      vertex -10.5545 17.2233 4.5
      vertex -9.92747 16.2002 4.5
      vertex -9.87015 17.6244 4.5
    endloop
  endfacet
  facet normal 0 0 1
    outer loop
      vertex -10.5545 17.2233 4.5
      vertex -10.5558 15.7979 4.5
      vertex -9.92747 16.2002 4.5
    endloop
  endfacet
  facet normal -0 0 1
    outer loop
      vertex -11.2225 16.7957 4.5
      vertex -10.5558 15.7979 4.5
      vertex -10.5545 17.2233 4.5
    endloop
  endfacet
  facet normal 0 0 1
    outer loop
      vertex -10.5558 15.7979 4.5
      vertex -11.2225 16.7957 4.5
      vertex -11.1679 15.3713 4.5
    endloop
  endfacet
  facet normal -0 0 1
    outer loop
      vertex -11.8733 16.3421 4.5
      vertex -11.1679 15.3713 4.5
      vertex -11.2225 16.7957 4.5
    endloop
  endfacet
  facet normal 0 0 1
    outer loop
      vertex -11.1679 15.3713 4.5
      vertex -11.8733 16.3421 4.5
      vertex -11.7628 14.921 4.5
    endloop
  endfacet
  facet normal -0 0 1
    outer loop
      vertex -12.5057 15.8634 4.5
      vertex -11.7628 14.921 4.5
      vertex -11.8733 16.3421 4.5
    endloop
  endfacet
  facet normal 0 0 1
    outer loop
      vertex -11.7628 14.921 4.5
      vertex -12.5057 15.8634 4.5
      vertex -12.3395 14.4477 4.5
    endloop
  endfacet
  facet normal -0 0 1
    outer loop
      vertex -13.1188 15.3602 4.5
      vertex -12.3395 14.4477 4.5
      vertex -12.5057 15.8634 4.5
    endloop
  endfacet
  facet normal 0 0 1
    outer loop
      vertex -12.3395 14.4477 4.5
      vertex -13.1188 15.3602 4.5
      vertex -12.8972 13.9521 4.5
    endloop
  endfacet
  facet normal -0 0 1
    outer loop
      vertex -13.7118 14.8333 4.5
      vertex -12.8972 13.9521 4.5
      vertex -13.1188 15.3602 4.5
    endloop
  endfacet
  facet normal -0 0 1
    outer loop
      vertex -13.3466 13.8063 4.5
      vertex -13.435 13.435 4.5
      vertex -12.8972 13.9521 4.5
    endloop
  endfacet
  facet normal 0 0 1
    outer loop
      vertex -13.8063 13.3466 4.5
      vertex -13.435 13.435 4.5
      vertex -13.3466 13.8063 4.5
    endloop
  endfacet
  facet normal -0 0 1
    outer loop
      vertex -13.8063 13.3466 4.5
      vertex -13.9521 12.8972 4.5
      vertex -13.435 13.435 4.5
    endloop
  endfacet
  facet normal 0 0 1
    outer loop
      vertex -14.8333 13.7118 4.5
      vertex -13.9521 12.8972 4.5
      vertex -13.8063 13.3466 4.5
    endloop
  endfacet
  facet normal -0 0 1
    outer loop
      vertex -14.8333 13.7118 4.5
      vertex -13.8063 13.3466 4.5
      vertex -14.5089 14.0492 4.5
    endloop
  endfacet
  facet normal 0 0 1
    outer loop
      vertex -13.9521 12.8972 4.5
      vertex -14.8333 13.7118 4.5
      vertex -14.4477 12.3395 4.5
    endloop
  endfacet
  facet normal -0 0 1
    outer loop
      vertex -15.3602 13.1188 4.5
      vertex -14.4477 12.3395 4.5
      vertex -14.8333 13.7118 4.5
    endloop
  endfacet
  facet normal 0 0 1
    outer loop
      vertex -14.4477 12.3395 4.5
      vertex -15.3602 13.1188 4.5
      vertex -14.921 11.7628 4.5
    endloop
  endfacet
  facet normal -0 0 1
    outer loop
      vertex -15.8634 12.5057 4.5
      vertex -14.921 11.7628 4.5
      vertex -15.3602 13.1188 4.5
    endloop
  endfacet
  facet normal 0 0 1
    outer loop
      vertex -14.921 11.7628 4.5
      vertex -15.8634 12.5057 4.5
      vertex -15.3713 11.1679 4.5
    endloop
  endfacet
  facet normal -0 0 1
    outer loop
      vertex -16.3421 11.8733 4.5
      vertex -15.3713 11.1679 4.5
      vertex -15.8634 12.5057 4.5
    endloop
  endfacet
  facet normal 0 0 1
    outer loop
      vertex -15.3713 11.1679 4.5
      vertex -16.3421 11.8733 4.5
      vertex -15.7979 10.5558 4.5
    endloop
  endfacet
  facet normal -0 0 1
    outer loop
      vertex -16.7957 11.2225 4.5
      vertex -15.7979 10.5558 4.5
      vertex -16.3421 11.8733 4.5
    endloop
  endfacet
  facet normal 0 0 1
    outer loop
      vertex -15.7979 10.5558 4.5
      vertex -16.7957 11.2225 4.5
      vertex -16.2002 9.92747 4.5
    endloop
  endfacet
  facet normal -0 0 1
    outer loop
      vertex -17.2233 10.5545 4.5
      vertex -16.2002 9.92747 4.5
      vertex -16.7957 11.2225 4.5
    endloop
  endfacet
  facet normal 0 0 1
    outer loop
      vertex -16.2002 9.92747 4.5
      vertex -17.2233 10.5545 4.5
      vertex -16.5774 9.2838 4.5
    endloop
  endfacet
  facet normal -0 0 1
    outer loop
      vertex -17.6244 9.87015 4.5
      vertex -16.5774 9.2838 4.5
      vertex -17.2233 10.5545 4.5
    endloop
  endfacet
  facet normal 0 0 1
    outer loop
      vertex -16.5774 9.2838 4.5
      vertex -17.6244 9.87015 4.5
      vertex -16.9291 8.62582 4.5
    endloop
  endfacet
  facet normal -0 0 1
    outer loop
      vertex -17.9983 9.17061 4.5
      vertex -16.9291 8.62582 4.5
      vertex -17.6244 9.87015 4.5
    endloop
  endfacet
  facet normal 0 0 1
    outer loop
      vertex -16.9291 8.62582 4.5
      vertex -17.9983 9.17061 4.5
      vertex -17.2547 7.95453 4.5
    endloop
  endfacet
  facet normal -0 0 1
    outer loop
      vertex -18.3445 8.45693 4.5
      vertex -17.2547 7.95453 4.5
      vertex -17.9983 9.17061 4.5
    endloop
  endfacet
  facet normal 0 0 1
    outer loop
      vertex -17.2547 7.95453 4.5
      vertex -18.3445 8.45693 4.5
      vertex -17.5537 7.27098 4.5
    endloop
  endfacet
  facet normal -0 0 1
    outer loop
      vertex -18.6624 7.7302 4.5
      vertex -17.5537 7.27098 4.5
      vertex -18.3445 8.45693 4.5
    endloop
  endfacet
  facet normal 0 0 1
    outer loop
      vertex -17.5537 7.27098 4.5
      vertex -18.6624 7.7302 4.5
      vertex -17.8256 6.57622 4.5
    endloop
  endfacet
  facet normal -0 0 1
    outer loop
      vertex -18.9515 6.99156 4.5
      vertex -17.8256 6.57622 4.5
      vertex -18.6624 7.7302 4.5
    endloop
  endfacet
  facet normal 0 0 1
    outer loop
      vertex -17.8256 6.57622 4.5
      vertex -18.9515 6.99156 4.5
      vertex -18.0701 5.87132 4.5
    endloop
  endfacet
  facet normal -0 0 1
    outer loop
      vertex -19.2113 6.24214 4.5
      vertex -18.0701 5.87132 4.5
      vertex -18.9515 6.99156 4.5
    endloop
  endfacet
  facet normal 0 0 1
    outer loop
      vertex -18.0701 5.87132 4.5
      vertex -19.2113 6.24214 4.5
      vertex -18.2866 5.15737 4.5
    endloop
  endfacet
  facet normal -0 0 1
    outer loop
      vertex -19.4416 5.4831 4.5
      vertex -18.2866 5.15737 4.5
      vertex -19.2113 6.24214 4.5
    endloop
  endfacet
  facet normal 0 0 1
    outer loop
      vertex -18.2866 5.15737 4.5
      vertex -19.4416 5.4831 4.5
      vertex -18.475 4.43546 4.5
    endloop
  endfacet
  facet normal -0 0 1
    outer loop
      vertex -19.6419 4.7156 4.5
      vertex -18.475 4.43546 4.5
      vertex -19.4416 5.4831 4.5
    endloop
  endfacet
  facet normal 0 0 1
    outer loop
      vertex -18.475 4.43546 4.5
      vertex -19.6419 4.7156 4.5
      vertex -18.6349 3.70672 4.5
    endloop
  endfacet
  facet normal -0 0 1
    outer loop
      vertex -19.8119 3.94082 4.5
      vertex -18.6349 3.70672 4.5
      vertex -19.6419 4.7156 4.5
    endloop
  endfacet
  facet normal 0 0 1
    outer loop
      vertex -18.6349 3.70672 4.5
      vertex -19.8119 3.94082 4.5
      vertex -18.7661 2.97225 4.5
    endloop
  endfacet
  facet normal -0 0 1
    outer loop
      vertex -19.9513 3.15998 4.5
      vertex -18.7661 2.97225 4.5
      vertex -19.8119 3.94082 4.5
    endloop
  endfacet
  facet normal 0 0 1
    outer loop
      vertex 19.9513 -3.15998 4.5
      vertex 18.7661 -2.97225 4.5
      vertex 19.8119 -3.94082 4.5
    endloop
  endfacet
  facet normal -0 0 1
    outer loop
      vertex 18.6349 -3.70672 4.5
      vertex 19.8119 -3.94082 4.5
      vertex 18.7661 -2.97225 4.5
    endloop
  endfacet
  facet normal 0 0 1
    outer loop
      vertex 19.8119 -3.94082 4.5
      vertex 18.6349 -3.70672 4.5
      vertex 19.6419 -4.7156 4.5
    endloop
  endfacet
  facet normal -0 0 1
    outer loop
      vertex 18.475 -4.43546 4.5
      vertex 19.6419 -4.7156 4.5
      vertex 18.6349 -3.70672 4.5
    endloop
  endfacet
  facet normal 0 0 1
    outer loop
      vertex 19.6419 -4.7156 4.5
      vertex 18.475 -4.43546 4.5
      vertex 19.4416 -5.4831 4.5
    endloop
  endfacet
  facet normal -0 0 1
    outer loop
      vertex 18.2866 -5.15737 4.5
      vertex 19.4416 -5.4831 4.5
      vertex 18.475 -4.43546 4.5
    endloop
  endfacet
  facet normal 0 0 1
    outer loop
      vertex 19.4416 -5.4831 4.5
      vertex 18.2866 -5.15737 4.5
      vertex 19.2113 -6.24214 4.5
    endloop
  endfacet
  facet normal -0 0 1
    outer loop
      vertex 18.0701 -5.87132 4.5
      vertex 19.2113 -6.24214 4.5
      vertex 18.2866 -5.15737 4.5
    endloop
  endfacet
  facet normal 0 0 1
    outer loop
      vertex 19.2113 -6.24214 4.5
      vertex 18.0701 -5.87132 4.5
      vertex 18.9515 -6.99156 4.5
    endloop
  endfacet
  facet normal -0 0 1
    outer loop
      vertex 17.8256 -6.57622 4.5
      vertex 18.9515 -6.99156 4.5
      vertex 18.0701 -5.87132 4.5
    endloop
  endfacet
  facet normal 0 0 1
    outer loop
      vertex 18.9515 -6.99156 4.5
      vertex 17.8256 -6.57622 4.5
      vertex 18.6624 -7.7302 4.5
    endloop
  endfacet
  facet normal -0 0 1
    outer loop
      vertex 17.5537 -7.27098 4.5
      vertex 18.6624 -7.7302 4.5
      vertex 17.8256 -6.57622 4.5
    endloop
  endfacet
  facet normal 0 0 1
    outer loop
      vertex 18.6624 -7.7302 4.5
      vertex 17.5537 -7.27098 4.5
      vertex 18.3445 -8.45693 4.5
    endloop
  endfacet
  facet normal -0 0 1
    outer loop
      vertex 17.2547 -7.95453 4.5
      vertex 18.3445 -8.45693 4.5
      vertex 17.5537 -7.27098 4.5
    endloop
  endfacet
  facet normal 0 0 1
    outer loop
      vertex 18.3445 -8.45693 4.5
      vertex 17.2547 -7.95453 4.5
      vertex 17.9983 -9.17061 4.5
    endloop
  endfacet
  facet normal -0 0 1
    outer loop
      vertex 16.9291 -8.62582 4.5
      vertex 17.9983 -9.17061 4.5
      vertex 17.2547 -7.95453 4.5
    endloop
  endfacet
  facet normal 0 0 1
    outer loop
      vertex 17.9983 -9.17061 4.5
      vertex 16.9291 -8.62582 4.5
      vertex 17.6244 -9.87015 4.5
    endloop
  endfacet
  facet normal -0 0 1
    outer loop
      vertex 16.5774 -9.2838 4.5
      vertex 17.6244 -9.87015 4.5
      vertex 16.9291 -8.62582 4.5
    endloop
  endfacet
  facet normal 0 0 1
    outer loop
      vertex 17.6244 -9.87015 4.5
      vertex 16.5774 -9.2838 4.5
      vertex 17.2233 -10.5545 4.5
    endloop
  endfacet
  facet normal -0 0 1
    outer loop
      vertex 16.2002 -9.92747 4.5
      vertex 17.2233 -10.5545 4.5
      vertex 16.5774 -9.2838 4.5
    endloop
  endfacet
  facet normal 0 0 1
    outer loop
      vertex 17.2233 -10.5545 4.5
      vertex 16.2002 -9.92747 4.5
      vertex 16.7957 -11.2225 4.5
    endloop
  endfacet
  facet normal -0 0 1
    outer loop
      vertex 15.7979 -10.5558 4.5
      vertex 16.7957 -11.2225 4.5
      vertex 16.2002 -9.92747 4.5
    endloop
  endfacet
  facet normal 0 0 1
    outer loop
      vertex 16.7957 -11.2225 4.5
      vertex 15.7979 -10.5558 4.5
      vertex 16.3421 -11.8733 4.5
    endloop
  endfacet
  facet normal -0 0 1
    outer loop
      vertex 15.3713 -11.1679 4.5
      vertex 16.3421 -11.8733 4.5
      vertex 15.7979 -10.5558 4.5
    endloop
  endfacet
  facet normal 0 0 1
    outer loop
      vertex 16.3421 -11.8733 4.5
      vertex 15.3713 -11.1679 4.5
      vertex 15.8634 -12.5057 4.5
    endloop
  endfacet
  facet normal -0 0 1
    outer loop
      vertex 14.921 -11.7628 4.5
      vertex 15.8634 -12.5057 4.5
      vertex 15.3713 -11.1679 4.5
    endloop
  endfacet
  facet normal 0 0 1
    outer loop
      vertex 15.8634 -12.5057 4.5
      vertex 14.921 -11.7628 4.5
      vertex 15.3602 -13.1188 4.5
    endloop
  endfacet
  facet normal -0 0 1
    outer loop
      vertex 14.4477 -12.3395 4.5
      vertex 15.3602 -13.1188 4.5
      vertex 14.921 -11.7628 4.5
    endloop
  endfacet
  facet normal 0 0 1
    outer loop
      vertex 15.3602 -13.1188 4.5
      vertex 14.4477 -12.3395 4.5
      vertex 14.8333 -13.7118 4.5
    endloop
  endfacet
  facet normal -0 0 1
    outer loop
      vertex 13.9521 -12.8972 4.5
      vertex 14.8333 -13.7118 4.5
      vertex 14.4477 -12.3395 4.5
    endloop
  endfacet
  facet normal -0 0 1
    outer loop
      vertex 13.8063 -13.3466 4.5
      vertex 14.8333 -13.7118 4.5
      vertex 13.9521 -12.8972 4.5
    endloop
  endfacet
  facet normal 0 0 1
    outer loop
      vertex 14.8333 -13.7118 4.5
      vertex 13.8063 -13.3466 4.5
      vertex 14.5089 -14.0492 4.5
    endloop
  endfacet
  facet normal 0 0 1
    outer loop
      vertex 13.435 -13.435 4.5
      vertex 13.8063 -13.3466 4.5
      vertex 13.9521 -12.8972 4.5
    endloop
  endfacet
  facet normal -0 0 1
    outer loop
      vertex 13.435 -13.435 4.5
      vertex 13.3466 -13.8063 4.5
      vertex 13.8063 -13.3466 4.5
    endloop
  endfacet
  facet normal 0 0 1
    outer loop
      vertex 12.8972 -13.9521 4.5
      vertex 13.3466 -13.8063 4.5
      vertex 13.435 -13.435 4.5
    endloop
  endfacet
  facet normal 0 0 1
    outer loop
      vertex 13.7118 -14.8333 4.5
      vertex 12.8972 -13.9521 4.5
      vertex 13.1188 -15.3602 4.5
    endloop
  endfacet
  facet normal -0 0 1
    outer loop
      vertex 12.3395 -14.4477 4.5
      vertex 13.1188 -15.3602 4.5
      vertex 12.8972 -13.9521 4.5
    endloop
  endfacet
  facet normal 0 0 1
    outer loop
      vertex 13.1188 -15.3602 4.5
      vertex 12.3395 -14.4477 4.5
      vertex 12.5057 -15.8634 4.5
    endloop
  endfacet
  facet normal -0 0 1
    outer loop
      vertex 11.7628 -14.921 4.5
      vertex 12.5057 -15.8634 4.5
      vertex 12.3395 -14.4477 4.5
    endloop
  endfacet
  facet normal 0 0 1
    outer loop
      vertex 12.5057 -15.8634 4.5
      vertex 11.7628 -14.921 4.5
      vertex 11.8733 -16.3421 4.5
    endloop
  endfacet
  facet normal -0 0 1
    outer loop
      vertex 11.1679 -15.3713 4.5
      vertex 11.8733 -16.3421 4.5
      vertex 11.7628 -14.921 4.5
    endloop
  endfacet
  facet normal 0 0 1
    outer loop
      vertex 11.8733 -16.3421 4.5
      vertex 11.1679 -15.3713 4.5
      vertex 11.2225 -16.7957 4.5
    endloop
  endfacet
  facet normal -0 0 1
    outer loop
      vertex 10.5558 -15.7979 4.5
      vertex 11.2225 -16.7957 4.5
      vertex 11.1679 -15.3713 4.5
    endloop
  endfacet
  facet normal 0 0 1
    outer loop
      vertex 10.5558 -15.7979 4.5
      vertex 10.5545 -17.2233 4.5
      vertex 11.2225 -16.7957 4.5
    endloop
  endfacet
  facet normal -0 0 1
    outer loop
      vertex 9.92747 -16.2002 4.5
      vertex 10.5545 -17.2233 4.5
      vertex 10.5558 -15.7979 4.5
    endloop
  endfacet
  facet normal 0 0 1
    outer loop
      vertex 9.92747 -16.2002 4.5
      vertex 9.87015 -17.6244 4.5
      vertex 10.5545 -17.2233 4.5
    endloop
  endfacet
  facet normal -0 0 1
    outer loop
      vertex 9.2838 -16.5774 4.5
      vertex 9.87015 -17.6244 4.5
      vertex 9.92747 -16.2002 4.5
    endloop
  endfacet
  facet normal 0 0 1
    outer loop
      vertex 9.2838 -16.5774 4.5
      vertex 9.17061 -17.9983 4.5
      vertex 9.87015 -17.6244 4.5
    endloop
  endfacet
  facet normal -0 0 1
    outer loop
      vertex 8.62582 -16.9291 4.5
      vertex 9.17061 -17.9983 4.5
      vertex 9.2838 -16.5774 4.5
    endloop
  endfacet
  facet normal 0 0 1
    outer loop
      vertex 8.62582 -16.9291 4.5
      vertex 8.45693 -18.3445 4.5
      vertex 9.17061 -17.9983 4.5
    endloop
  endfacet
  facet normal -0 0 1
    outer loop
      vertex 7.95453 -17.2547 4.5
      vertex 8.45693 -18.3445 4.5
      vertex 8.62582 -16.9291 4.5
    endloop
  endfacet
  facet normal 0 0 1
    outer loop
      vertex 7.95453 -17.2547 4.5
      vertex 7.7302 -18.6624 4.5
      vertex 8.45693 -18.3445 4.5
    endloop
  endfacet
  facet normal -0 0 1
    outer loop
      vertex 7.27098 -17.5537 4.5
      vertex 7.7302 -18.6624 4.5
      vertex 7.95453 -17.2547 4.5
    endloop
  endfacet
  facet normal 0 0 1
    outer loop
      vertex 7.27098 -17.5537 4.5
      vertex 6.99156 -18.9515 4.5
      vertex 7.7302 -18.6624 4.5
    endloop
  endfacet
  facet normal -0 0 1
    outer loop
      vertex 6.57622 -17.8256 4.5
      vertex 6.99156 -18.9515 4.5
      vertex 7.27098 -17.5537 4.5
    endloop
  endfacet
  facet normal 0 0 1
    outer loop
      vertex 6.57622 -17.8256 4.5
      vertex 6.24214 -19.2113 4.5
      vertex 6.99156 -18.9515 4.5
    endloop
  endfacet
  facet normal -0 0 1
    outer loop
      vertex 5.87132 -18.0701 4.5
      vertex 6.24214 -19.2113 4.5
      vertex 6.57622 -17.8256 4.5
    endloop
  endfacet
  facet normal 0 0 1
    outer loop
      vertex 5.87132 -18.0701 4.5
      vertex 5.4831 -19.4416 4.5
      vertex 6.24214 -19.2113 4.5
    endloop
  endfacet
  facet normal -0 0 1
    outer loop
      vertex 5.15737 -18.2866 4.5
      vertex 5.4831 -19.4416 4.5
      vertex 5.87132 -18.0701 4.5
    endloop
  endfacet
  facet normal 0 0 1
    outer loop
      vertex 5.15737 -18.2866 4.5
      vertex 4.7156 -19.6419 4.5
      vertex 5.4831 -19.4416 4.5
    endloop
  endfacet
  facet normal -0 0 1
    outer loop
      vertex 4.43546 -18.475 4.5
      vertex 4.7156 -19.6419 4.5
      vertex 5.15737 -18.2866 4.5
    endloop
  endfacet
  facet normal 0 0 1
    outer loop
      vertex 4.43546 -18.475 4.5
      vertex 3.94082 -19.8119 4.5
      vertex 4.7156 -19.6419 4.5
    endloop
  endfacet
  facet normal -0 0 1
    outer loop
      vertex 3.70672 -18.6349 4.5
      vertex 3.94082 -19.8119 4.5
      vertex 4.43546 -18.475 4.5
    endloop
  endfacet
  facet normal 0 0 1
    outer loop
      vertex 3.70672 -18.6349 4.5
      vertex 3.15998 -19.9513 4.5
      vertex 3.94082 -19.8119 4.5
    endloop
  endfacet
  facet normal -0 0 1
    outer loop
      vertex 2.97225 -18.7661 4.5
      vertex 3.15998 -19.9513 4.5
      vertex 3.70672 -18.6349 4.5
    endloop
  endfacet
  facet normal 0 0 1
    outer loop
      vertex 2.97225 -18.7661 4.5
      vertex 2.37426 -20.06 4.5
      vertex 3.15998 -19.9513 4.5
    endloop
  endfacet
  facet normal -0 0 1
    outer loop
      vertex 2.23321 -18.8683 4.5
      vertex 2.37426 -20.06 4.5
      vertex 2.97225 -18.7661 4.5
    endloop
  endfacet
  facet normal 0 0 1
    outer loop
      vertex 2.23321 -18.8683 4.5
      vertex 1.58487 -20.1377 4.5
      vertex 2.37426 -20.06 4.5
    endloop
  endfacet
  facet normal -0 0 1
    outer loop
      vertex 1.49072 -18.9414 4.5
      vertex 1.58487 -20.1377 4.5
      vertex 2.23321 -18.8683 4.5
    endloop
  endfacet
  facet normal 0 0 1
    outer loop
      vertex 1.49072 -18.9414 4.5
      vertex 0.793048 -20.1844 4.5
      vertex 1.58487 -20.1377 4.5
    endloop
  endfacet
  facet normal -0 0 1
    outer loop
      vertex 0.745936 -18.9854 4.5
      vertex 0.793048 -20.1844 4.5
      vertex 1.49072 -18.9414 4.5
    endloop
  endfacet
  facet normal -0 0 1
    outer loop
      vertex 0 -19 4.5
      vertex 0.793048 -20.1844 4.5
      vertex 0.745936 -18.9854 4.5
    endloop
  endfacet
  facet normal 0 0 1
    outer loop
      vertex 0 -19 4.5
      vertex 0 -20.2 4.5
      vertex 0.793048 -20.1844 4.5
    endloop
  endfacet
  facet normal 0 0 1
    outer loop
      vertex -0.745936 -18.9854 4.5
      vertex 0 -20.2 4.5
      vertex 0 -19 4.5
    endloop
  endfacet
  facet normal 0 0 1
    outer loop
      vertex -0.745936 -18.9854 4.5
      vertex -0.793048 -20.1844 4.5
      vertex 0 -20.2 4.5
    endloop
  endfacet
  facet normal 0 0 1
    outer loop
      vertex -1.49072 -18.9414 4.5
      vertex -0.793048 -20.1844 4.5
      vertex -0.745936 -18.9854 4.5
    endloop
  endfacet
  facet normal 0 0 1
    outer loop
      vertex -1.49072 -18.9414 4.5
      vertex -1.58487 -20.1377 4.5
      vertex -0.793048 -20.1844 4.5
    endloop
  endfacet
  facet normal 0 0 1
    outer loop
      vertex -2.23321 -18.8683 4.5
      vertex -1.58487 -20.1377 4.5
      vertex -1.49072 -18.9414 4.5
    endloop
  endfacet
  facet normal 0 0 1
    outer loop
      vertex -2.23321 -18.8683 4.5
      vertex -2.37426 -20.06 4.5
      vertex -1.58487 -20.1377 4.5
    endloop
  endfacet
  facet normal 0 0 1
    outer loop
      vertex -2.97225 -18.7661 4.5
      vertex -2.37426 -20.06 4.5
      vertex -2.23321 -18.8683 4.5
    endloop
  endfacet
  facet normal 0 0 1
    outer loop
      vertex -2.97225 -18.7661 4.5
      vertex -3.15998 -19.9513 4.5
      vertex -2.37426 -20.06 4.5
    endloop
  endfacet
  facet normal 0 0 1
    outer loop
      vertex -3.70672 -18.6349 4.5
      vertex -3.15998 -19.9513 4.5
      vertex -2.97225 -18.7661 4.5
    endloop
  endfacet
  facet normal 0 0 1
    outer loop
      vertex -3.70672 -18.6349 4.5
      vertex -3.94082 -19.8119 4.5
      vertex -3.15998 -19.9513 4.5
    endloop
  endfacet
  facet normal 0 0 1
    outer loop
      vertex -4.43546 -18.475 4.5
      vertex -3.94082 -19.8119 4.5
      vertex -3.70672 -18.6349 4.5
    endloop
  endfacet
  facet normal 0 0 1
    outer loop
      vertex -4.43546 -18.475 4.5
      vertex -4.7156 -19.6419 4.5
      vertex -3.94082 -19.8119 4.5
    endloop
  endfacet
  facet normal 0 0 1
    outer loop
      vertex -5.15737 -18.2866 4.5
      vertex -4.7156 -19.6419 4.5
      vertex -4.43546 -18.475 4.5
    endloop
  endfacet
  facet normal 0 0 1
    outer loop
      vertex -5.15737 -18.2866 4.5
      vertex -5.4831 -19.4416 4.5
      vertex -4.7156 -19.6419 4.5
    endloop
  endfacet
  facet normal 0 0 1
    outer loop
      vertex -5.87132 -18.0701 4.5
      vertex -5.4831 -19.4416 4.5
      vertex -5.15737 -18.2866 4.5
    endloop
  endfacet
  facet normal 0 0 1
    outer loop
      vertex -5.87132 -18.0701 4.5
      vertex -6.24214 -19.2113 4.5
      vertex -5.4831 -19.4416 4.5
    endloop
  endfacet
  facet normal 0 0 1
    outer loop
      vertex -6.57622 -17.8256 4.5
      vertex -6.24214 -19.2113 4.5
      vertex -5.87132 -18.0701 4.5
    endloop
  endfacet
  facet normal 0 0 1
    outer loop
      vertex -6.57622 -17.8256 4.5
      vertex -6.99156 -18.9515 4.5
      vertex -6.24214 -19.2113 4.5
    endloop
  endfacet
  facet normal 0 0 1
    outer loop
      vertex -7.27098 -17.5537 4.5
      vertex -6.99156 -18.9515 4.5
      vertex -6.57622 -17.8256 4.5
    endloop
  endfacet
  facet normal 0 0 1
    outer loop
      vertex -7.27098 -17.5537 4.5
      vertex -7.7302 -18.6624 4.5
      vertex -6.99156 -18.9515 4.5
    endloop
  endfacet
  facet normal 0 0 1
    outer loop
      vertex -7.95453 -17.2547 4.5
      vertex -7.7302 -18.6624 4.5
      vertex -7.27098 -17.5537 4.5
    endloop
  endfacet
  facet normal 0 0 1
    outer loop
      vertex -7.95453 -17.2547 4.5
      vertex -8.45693 -18.3445 4.5
      vertex -7.7302 -18.6624 4.5
    endloop
  endfacet
  facet normal 0 0 1
    outer loop
      vertex -8.62582 -16.9291 4.5
      vertex -8.45693 -18.3445 4.5
      vertex -7.95453 -17.2547 4.5
    endloop
  endfacet
  facet normal 0 0 1
    outer loop
      vertex -8.62582 -16.9291 4.5
      vertex -9.17061 -17.9983 4.5
      vertex -8.45693 -18.3445 4.5
    endloop
  endfacet
  facet normal 0 0 1
    outer loop
      vertex -9.2838 -16.5774 4.5
      vertex -9.17061 -17.9983 4.5
      vertex -8.62582 -16.9291 4.5
    endloop
  endfacet
  facet normal 0 0 1
    outer loop
      vertex -9.2838 -16.5774 4.5
      vertex -9.87015 -17.6244 4.5
      vertex -9.17061 -17.9983 4.5
    endloop
  endfacet
  facet normal 0 0 1
    outer loop
      vertex -9.92747 -16.2002 4.5
      vertex -9.87015 -17.6244 4.5
      vertex -9.2838 -16.5774 4.5
    endloop
  endfacet
  facet normal 0 0 1
    outer loop
      vertex -9.92747 -16.2002 4.5
      vertex -10.5545 -17.2233 4.5
      vertex -9.87015 -17.6244 4.5
    endloop
  endfacet
  facet normal 0 0 1
    outer loop
      vertex -10.5558 -15.7979 4.5
      vertex -10.5545 -17.2233 4.5
      vertex -9.92747 -16.2002 4.5
    endloop
  endfacet
  facet normal 0 0 1
    outer loop
      vertex -11.2225 -16.7957 4.5
      vertex -10.5558 -15.7979 4.5
      vertex -11.1679 -15.3713 4.5
    endloop
  endfacet
  facet normal 0 0 1
    outer loop
      vertex -10.5558 -15.7979 4.5
      vertex -11.2225 -16.7957 4.5
      vertex -10.5545 -17.2233 4.5
    endloop
  endfacet
  facet normal 0 0 1
    outer loop
      vertex -11.8733 -16.3421 4.5
      vertex -11.1679 -15.3713 4.5
      vertex -11.7628 -14.921 4.5
    endloop
  endfacet
  facet normal 0 0 1
    outer loop
      vertex -11.1679 -15.3713 4.5
      vertex -11.8733 -16.3421 4.5
      vertex -11.2225 -16.7957 4.5
    endloop
  endfacet
  facet normal 0 0 1
    outer loop
      vertex -12.5057 -15.8634 4.5
      vertex -11.7628 -14.921 4.5
      vertex -12.3395 -14.4477 4.5
    endloop
  endfacet
  facet normal 0 0 1
    outer loop
      vertex -11.7628 -14.921 4.5
      vertex -12.5057 -15.8634 4.5
      vertex -11.8733 -16.3421 4.5
    endloop
  endfacet
  facet normal 0 0 1
    outer loop
      vertex -13.1188 -15.3602 4.5
      vertex -12.3395 -14.4477 4.5
      vertex -12.8972 -13.9521 4.5
    endloop
  endfacet
  facet normal 0 0 1
    outer loop
      vertex -12.3395 -14.4477 4.5
      vertex -13.1188 -15.3602 4.5
      vertex -12.5057 -15.8634 4.5
    endloop
  endfacet
  facet normal 0 0 1
    outer loop
      vertex -13.7118 -14.8333 4.5
      vertex -12.8972 -13.9521 4.5
      vertex -13.3466 -13.8063 4.5
    endloop
  endfacet
  facet normal 0 0 1
    outer loop
      vertex -13.435 -13.435 4.5
      vertex -13.3466 -13.8063 4.5
      vertex -12.8972 -13.9521 4.5
    endloop
  endfacet
  facet normal 0 0 1
    outer loop
      vertex -13.435 -13.435 4.5
      vertex -13.8063 -13.3466 4.5
      vertex -13.3466 -13.8063 4.5
    endloop
  endfacet
  facet normal 0 0 1
    outer loop
      vertex -13.9521 -12.8972 4.5
      vertex -13.8063 -13.3466 4.5
      vertex -13.435 -13.435 4.5
    endloop
  endfacet
  facet normal 0 0 1
    outer loop
      vertex -14.8333 -13.7118 4.5
      vertex -13.9521 -12.8972 4.5
      vertex -14.4477 -12.3395 4.5
    endloop
  endfacet
  facet normal 0 0 1
    outer loop
      vertex -13.9521 -12.8972 4.5
      vertex -14.8333 -13.7118 4.5
      vertex -13.8063 -13.3466 4.5
    endloop
  endfacet
  facet normal 0 0 1
    outer loop
      vertex -13.8063 -13.3466 4.5
      vertex -14.8333 -13.7118 4.5
      vertex -14.5089 -14.0492 4.5
    endloop
  endfacet
  facet normal 0 0 1
    outer loop
      vertex -15.3602 -13.1188 4.5
      vertex -14.4477 -12.3395 4.5
      vertex -14.921 -11.7628 4.5
    endloop
  endfacet
  facet normal 0 0 1
    outer loop
      vertex -14.4477 -12.3395 4.5
      vertex -15.3602 -13.1188 4.5
      vertex -14.8333 -13.7118 4.5
    endloop
  endfacet
  facet normal 0 0 1
    outer loop
      vertex -15.8634 -12.5057 4.5
      vertex -14.921 -11.7628 4.5
      vertex -15.3713 -11.1679 4.5
    endloop
  endfacet
  facet normal 0 0 1
    outer loop
      vertex -16.3421 -11.8733 4.5
      vertex -15.3713 -11.1679 4.5
      vertex -15.7979 -10.5558 4.5
    endloop
  endfacet
  facet normal 0 0 1
    outer loop
      vertex -14.921 -11.7628 4.5
      vertex -15.8634 -12.5057 4.5
      vertex -15.3602 -13.1188 4.5
    endloop
  endfacet
  facet normal 0 0 1
    outer loop
      vertex -16.7957 -11.2225 4.5
      vertex -15.7979 -10.5558 4.5
      vertex -16.2002 -9.92747 4.5
    endloop
  endfacet
  facet normal 0 0 1
    outer loop
      vertex -15.3713 -11.1679 4.5
      vertex -16.3421 -11.8733 4.5
      vertex -15.8634 -12.5057 4.5
    endloop
  endfacet
  facet normal 0 0 1
    outer loop
      vertex -17.2233 -10.5545 4.5
      vertex -16.2002 -9.92747 4.5
      vertex -16.5774 -9.2838 4.5
    endloop
  endfacet
  facet normal 0 0 1
    outer loop
      vertex -15.7979 -10.5558 4.5
      vertex -16.7957 -11.2225 4.5
      vertex -16.3421 -11.8733 4.5
    endloop
  endfacet
  facet normal 0 0 1
    outer loop
      vertex -17.6244 -9.87015 4.5
      vertex -16.5774 -9.2838 4.5
      vertex -16.9291 -8.62582 4.5
    endloop
  endfacet
  facet normal 0 0 1
    outer loop
      vertex -16.2002 -9.92747 4.5
      vertex -17.2233 -10.5545 4.5
      vertex -16.7957 -11.2225 4.5
    endloop
  endfacet
  facet normal 0 0 1
    outer loop
      vertex -17.9983 -9.17061 4.5
      vertex -16.9291 -8.62582 4.5
      vertex -17.2547 -7.95453 4.5
    endloop
  endfacet
  facet normal 0 0 1
    outer loop
      vertex -18.3445 -8.45693 4.5
      vertex -17.2547 -7.95453 4.5
      vertex -17.5537 -7.27098 4.5
    endloop
  endfacet
  facet normal 0 0 1
    outer loop
      vertex -16.5774 -9.2838 4.5
      vertex -17.6244 -9.87015 4.5
      vertex -17.2233 -10.5545 4.5
    endloop
  endfacet
  facet normal 0 0 1
    outer loop
      vertex -18.6624 -7.7302 4.5
      vertex -17.5537 -7.27098 4.5
      vertex -17.8256 -6.57622 4.5
    endloop
  endfacet
  facet normal 0 0 1
    outer loop
      vertex -16.9291 -8.62582 4.5
      vertex -17.9983 -9.17061 4.5
      vertex -17.6244 -9.87015 4.5
    endloop
  endfacet
  facet normal 0 0 1
    outer loop
      vertex -18.9515 -6.99156 4.5
      vertex -17.8256 -6.57622 4.5
      vertex -18.0701 -5.87132 4.5
    endloop
  endfacet
  facet normal 0 0 1
    outer loop
      vertex -19.2113 -6.24214 4.5
      vertex -18.0701 -5.87132 4.5
      vertex -18.2866 -5.15737 4.5
    endloop
  endfacet
  facet normal 0 0 1
    outer loop
      vertex -17.2547 -7.95453 4.5
      vertex -18.3445 -8.45693 4.5
      vertex -17.9983 -9.17061 4.5
    endloop
  endfacet
  facet normal 0 0 1
    outer loop
      vertex -19.4416 -5.4831 4.5
      vertex -18.2866 -5.15737 4.5
      vertex -18.475 -4.43546 4.5
    endloop
  endfacet
  facet normal 0 0 1
    outer loop
      vertex -19.6419 -4.7156 4.5
      vertex -18.475 -4.43546 4.5
      vertex -18.6349 -3.70672 4.5
    endloop
  endfacet
  facet normal 0 0 1
    outer loop
      vertex -17.5537 -7.27098 4.5
      vertex -18.6624 -7.7302 4.5
      vertex -18.3445 -8.45693 4.5
    endloop
  endfacet
  facet normal 0 0 1
    outer loop
      vertex -19.8119 -3.94082 4.5
      vertex -18.6349 -3.70672 4.5
      vertex -18.7661 -2.97225 4.5
    endloop
  endfacet
  facet normal 0 0 1
    outer loop
      vertex -19.9513 -3.15998 4.5
      vertex -18.7661 -2.97225 4.5
      vertex -18.8683 -2.23321 4.5
    endloop
  endfacet
  facet normal 0 0 1
    outer loop
      vertex -20.06 -2.37426 4.5
      vertex -18.8683 -2.23321 4.5
      vertex -18.9414 -1.49072 4.5
    endloop
  endfacet
  facet normal 0 0 1
    outer loop
      vertex -17.8256 -6.57622 4.5
      vertex -18.9515 -6.99156 4.5
      vertex -18.6624 -7.7302 4.5
    endloop
  endfacet
  facet normal 0 0 1
    outer loop
      vertex -20.1377 -1.58487 4.5
      vertex -18.9414 -1.49072 4.5
      vertex -18.9854 -0.745936 4.5
    endloop
  endfacet
  facet normal 0 0 1
    outer loop
      vertex -20.1844 -0.793048 4.5
      vertex -18.9854 -0.745936 4.5
      vertex -19 0 4.5
    endloop
  endfacet
  facet normal 0 0 1
    outer loop
      vertex -18.7661 2.97225 4.5
      vertex -19.9513 3.15998 4.5
      vertex -18.8683 2.23321 4.5
    endloop
  endfacet
  facet normal 0 0 1
    outer loop
      vertex -18.0701 -5.87132 4.5
      vertex -19.2113 -6.24214 4.5
      vertex -18.9515 -6.99156 4.5
    endloop
  endfacet
  facet normal -0 0 1
    outer loop
      vertex -20.06 2.37426 4.5
      vertex -18.8683 2.23321 4.5
      vertex -19.9513 3.15998 4.5
    endloop
  endfacet
  facet normal 0 0 1
    outer loop
      vertex -18.2866 -5.15737 4.5
      vertex -19.4416 -5.4831 4.5
      vertex -19.2113 -6.24214 4.5
    endloop
  endfacet
  facet normal 0 0 1
    outer loop
      vertex -18.8683 2.23321 4.5
      vertex -20.06 2.37426 4.5
      vertex -18.9414 1.49072 4.5
    endloop
  endfacet
  facet normal 0 0 1
    outer loop
      vertex -18.475 -4.43546 4.5
      vertex -19.6419 -4.7156 4.5
      vertex -19.4416 -5.4831 4.5
    endloop
  endfacet
  facet normal -0 0 1
    outer loop
      vertex -20.1377 1.58487 4.5
      vertex -18.9414 1.49072 4.5
      vertex -20.06 2.37426 4.5
    endloop
  endfacet
  facet normal 0 0 1
    outer loop
      vertex -18.6349 -3.70672 4.5
      vertex -19.8119 -3.94082 4.5
      vertex -19.6419 -4.7156 4.5
    endloop
  endfacet
  facet normal 0 0 1
    outer loop
      vertex -18.9414 1.49072 4.5
      vertex -20.1377 1.58487 4.5
      vertex -18.9854 0.745936 4.5
    endloop
  endfacet
  facet normal 0 0 1
    outer loop
      vertex -18.7661 -2.97225 4.5
      vertex -19.9513 -3.15998 4.5
      vertex -19.8119 -3.94082 4.5
    endloop
  endfacet
  facet normal -0 0 1
    outer loop
      vertex -20.1844 0.793048 4.5
      vertex -18.9854 0.745936 4.5
      vertex -20.1377 1.58487 4.5
    endloop
  endfacet
  facet normal 0 0 1
    outer loop
      vertex -18.8683 -2.23321 4.5
      vertex -20.06 -2.37426 4.5
      vertex -19.9513 -3.15998 4.5
    endloop
  endfacet
  facet normal 0 0 1
    outer loop
      vertex -18.9854 0.745936 4.5
      vertex -20.1844 0.793048 4.5
      vertex -19 0 4.5
    endloop
  endfacet
  facet normal 0 0 1
    outer loop
      vertex -18.9414 -1.49072 4.5
      vertex -20.1377 -1.58487 4.5
      vertex -20.06 -2.37426 4.5
    endloop
  endfacet
  facet normal 0 0 1
    outer loop
      vertex -20.2 0 4.5
      vertex -19 0 4.5
      vertex -20.1844 0.793048 4.5
    endloop
  endfacet
  facet normal 0 0 1
    outer loop
      vertex -18.9854 -0.745936 4.5
      vertex -20.1844 -0.793048 4.5
      vertex -20.1377 -1.58487 4.5
    endloop
  endfacet
  facet normal 0 0 1
    outer loop
      vertex -19 0 4.5
      vertex -20.2 0 4.5
      vertex -20.1844 -0.793048 4.5
    endloop
  endfacet
  facet normal 0 0 1
    outer loop
      vertex -12.8972 13.9521 4.5
      vertex -13.7118 14.8333 4.5
      vertex -13.3466 13.8063 4.5
    endloop
  endfacet
  facet normal 0 0 1
    outer loop
      vertex -13.3466 13.8063 4.5
      vertex -13.7118 14.8333 4.5
      vertex -14.0492 14.5089 4.5
    endloop
  endfacet
  facet normal 0 0 1
    outer loop
      vertex 13.3466 -13.8063 4.5
      vertex 13.7118 -14.8333 4.5
      vertex 14.0492 -14.5089 4.5
    endloop
  endfacet
  facet normal -0 0 1
    outer loop
      vertex 12.8972 -13.9521 4.5
      vertex 13.7118 -14.8333 4.5
      vertex 13.3466 -13.8063 4.5
    endloop
  endfacet
  facet normal 0 0 1
    outer loop
      vertex -12.8972 -13.9521 4.5
      vertex -13.7118 -14.8333 4.5
      vertex -13.1188 -15.3602 4.5
    endloop
  endfacet
  facet normal 0 -0 1
    outer loop
      vertex -13.7118 -14.8333 4.5
      vertex -13.3466 -13.8063 4.5
      vertex -14.0492 -14.5089 4.5
    endloop
  endfacet
  facet normal 0.931214 -0.364473 0
    outer loop
      vertex 18.6624 -7.7302 4.5
      vertex 18.9515 -6.99156 2
      vertex 18.9515 -6.99156 4.5
    endloop
  endfacet
  facet normal 0.931214 -0.364473 0
    outer loop
      vertex 18.9515 -6.99156 2
      vertex 18.6624 -7.7302 4.5
      vertex 18.6624 -7.7302 2
    endloop
  endfacet
  facet normal 0.956924 -0.29034 0
    outer loop
      vertex 19.2113 -6.24214 4.5
      vertex 19.4416 -5.4831 2
      vertex 19.4416 -5.4831 4.5
    endloop
  endfacet
  facet normal 0.956924 -0.29034 0
    outer loop
      vertex 19.4416 -5.4831 2
      vertex 19.2113 -6.24214 4.5
      vertex 19.2113 -6.24214 2
    endloop
  endfacet
  facet normal 0.944836 -0.327544 0
    outer loop
      vertex 18.9515 -6.99156 4.5
      vertex 19.2113 -6.24214 2
      vertex 19.2113 -6.24214 4.5
    endloop
  endfacet
  facet normal 0.944836 -0.327544 0
    outer loop
      vertex 19.2113 -6.24214 2
      vertex 18.9515 -6.99156 4.5
      vertex 18.9515 -6.99156 2
    endloop
  endfacet
  facet normal 0.747541 -0.664215 0
    outer loop
      vertex 14.8333 -13.7118 4.5
      vertex 15.3602 -13.1188 2
      vertex 15.3602 -13.1188 4.5
    endloop
  endfacet
  facet normal 0.747541 -0.664215 0
    outer loop
      vertex 15.3602 -13.1188 2
      vertex 14.8333 -13.7118 4.5
      vertex 14.8333 -13.7118 2
    endloop
  endfacet
  facet normal 0.862737 -0.505653 0
    outer loop
      vertex 17.2233 -10.5545 4.5
      vertex 17.6244 -9.87015 2
      vertex 17.6244 -9.87015 4.5
    endloop
  endfacet
  facet normal 0.862737 -0.505653 0
    outer loop
      vertex 17.6244 -9.87015 2
      vertex 17.2233 -10.5545 4.5
      vertex 17.2233 -10.5545 2
    endloop
  endfacet
  facet normal 0.097957 -0.995191 0
    outer loop
      vertex 1.58487 -20.1377 2
      vertex 2.37426 -20.06 4.5
      vertex 1.58487 -20.1377 4.5
    endloop
  endfacet
  facet normal 0.097957 -0.995191 0
    outer loop
      vertex 2.37426 -20.06 4.5
      vertex 1.58487 -20.1377 2
      vertex 2.37426 -20.06 2
    endloop
  endfacet
  facet normal 0.471385 -0.881928 0
    outer loop
      vertex 9.17061 -17.9983 2
      vertex 9.87015 -17.6244 4.5
      vertex 9.17061 -17.9983 4.5
    endloop
  endfacet
  facet normal 0.471385 -0.881928 0
    outer loop
      vertex 9.87015 -17.6244 4.5
      vertex 9.17061 -17.9983 2
      vertex 9.87015 -17.6244 2
    endloop
  endfacet
  facet normal 0.603545 -0.797329 0
    outer loop
      vertex 11.8733 -16.3421 2
      vertex 12.5057 -15.8634 4.5
      vertex 11.8733 -16.3421 4.5
    endloop
  endfacet
  facet normal 0.603545 -0.797329 0
    outer loop
      vertex 12.5057 -15.8634 4.5
      vertex 11.8733 -16.3421 2
      vertex 12.5057 -15.8634 2
    endloop
  endfacet
  facet normal 0.664215 -0.747541 0
    outer loop
      vertex 13.1188 -15.3602 2
      vertex 13.7118 -14.8333 4.5
      vertex 13.1188 -15.3602 4.5
    endloop
  endfacet
  facet normal 0.664215 -0.747541 0
    outer loop
      vertex 13.7118 -14.8333 4.5
      vertex 13.1188 -15.3602 2
      vertex 13.7118 -14.8333 2
    endloop
  endfacet
  facet normal 0.634425 -0.772985 0
    outer loop
      vertex 12.5057 -15.8634 2
      vertex 13.1188 -15.3602 4.5
      vertex 12.5057 -15.8634 4.5
    endloop
  endfacet
  facet normal 0.634425 -0.772985 0
    outer loop
      vertex 13.1188 -15.3602 4.5
      vertex 12.5057 -15.8634 2
      vertex 13.1188 -15.3602 2
    endloop
  endfacet
  facet normal -0.772985 -0.634425 0
    outer loop
      vertex -15.3602 -13.1188 2
      vertex -15.8634 -12.5057 4.5
      vertex -15.8634 -12.5057 2
    endloop
  endfacet
  facet normal -0.772985 -0.634425 0
    outer loop
      vertex -15.8634 -12.5057 4.5
      vertex -15.3602 -13.1188 2
      vertex -15.3602 -13.1188 4.5
    endloop
  endfacet
  facet normal -0.820391 -0.571803 0
    outer loop
      vertex -16.3421 -11.8733 2
      vertex -16.7957 -11.2225 4.5
      vertex -16.7957 -11.2225 2
    endloop
  endfacet
  facet normal -0.820391 -0.571803 0
    outer loop
      vertex -16.7957 -11.2225 4.5
      vertex -16.3421 -11.8733 2
      vertex -16.3421 -11.8733 4.5
    endloop
  endfacet
  facet normal -0.881928 -0.471385 0
    outer loop
      vertex -17.6244 -9.87015 2
      vertex -17.9983 -9.17061 4.5
      vertex -17.9983 -9.17061 2
    endloop
  endfacet
  facet normal -0.881928 -0.471385 0
    outer loop
      vertex -17.9983 -9.17061 4.5
      vertex -17.6244 -9.87015 2
      vertex -17.6244 -9.87015 4.5
    endloop
  endfacet
  facet normal -0.899728 -0.43645 0
    outer loop
      vertex -17.9983 -9.17061 2
      vertex -18.3445 -8.45693 4.5
      vertex -18.3445 -8.45693 2
    endloop
  endfacet
  facet normal -0.899728 -0.43645 0
    outer loop
      vertex -18.3445 -8.45693 4.5
      vertex -17.9983 -9.17061 2
      vertex -17.9983 -9.17061 4.5
    endloop
  endfacet
  facet normal -0.842226 -0.539125 0
    outer loop
      vertex -16.7957 -11.2225 2
      vertex -17.2233 -10.5545 4.5
      vertex -17.2233 -10.5545 2
    endloop
  endfacet
  facet normal -0.842226 -0.539125 0
    outer loop
      vertex -17.2233 -10.5545 4.5
      vertex -16.7957 -11.2225 2
      vertex -16.7957 -11.2225 4.5
    endloop
  endfacet
  facet normal -0.984435 -0.175747 0
    outer loop
      vertex -19.8119 -3.94082 2
      vertex -19.9513 -3.15998 4.5
      vertex -19.9513 -3.15998 2
    endloop
  endfacet
  facet normal -0.984435 -0.175747 0
    outer loop
      vertex -19.9513 -3.15998 4.5
      vertex -19.8119 -3.94082 2
      vertex -19.8119 -3.94082 4.5
    endloop
  endfacet
  facet normal -0.995191 -0.097957 0
    outer loop
      vertex -20.06 -2.37426 2
      vertex -20.1377 -1.58487 4.5
      vertex -20.1377 -1.58487 2
    endloop
  endfacet
  facet normal -0.995191 -0.097957 0
    outer loop
      vertex -20.1377 -1.58487 4.5
      vertex -20.06 -2.37426 2
      vertex -20.06 -2.37426 4.5
    endloop
  endfacet
  facet normal -0.634425 -0.772985 0
    outer loop
      vertex -13.1188 -15.3602 2
      vertex -12.5057 -15.8634 4.5
      vertex -13.1188 -15.3602 4.5
    endloop
  endfacet
  facet normal -0.634425 -0.772985 -0
    outer loop
      vertex -12.5057 -15.8634 4.5
      vertex -13.1188 -15.3602 2
      vertex -12.5057 -15.8634 2
    endloop
  endfacet
  facet normal -0.29034 -0.956924 0
    outer loop
      vertex -6.24214 -19.2113 2
      vertex -5.4831 -19.4416 4.5
      vertex -6.24214 -19.2113 4.5
    endloop
  endfacet
  facet normal -0.29034 -0.956924 -0
    outer loop
      vertex -5.4831 -19.4416 4.5
      vertex -6.24214 -19.2113 2
      vertex -5.4831 -19.4416 2
    endloop
  endfacet
  facet normal -0.137039 -0.990566 0
    outer loop
      vertex -3.15998 -19.9513 2
      vertex -2.37426 -20.06 4.5
      vertex -3.15998 -19.9513 4.5
    endloop
  endfacet
  facet normal -0.137039 -0.990566 -0
    outer loop
      vertex -2.37426 -20.06 4.5
      vertex -3.15998 -19.9513 2
      vertex -2.37426 -20.06 2
    endloop
  endfacet
  facet normal -0.0588756 -0.998265 0
    outer loop
      vertex -1.58487 -20.1377 2
      vertex -0.793048 -20.1844 4.5
      vertex -1.58487 -20.1377 4.5
    endloop
  endfacet
  facet normal -0.0588756 -0.998265 -0
    outer loop
      vertex -0.793048 -20.1844 4.5
      vertex -1.58487 -20.1377 2
      vertex -0.793048 -20.1844 2
    endloop
  endfacet
  facet normal -0.097957 -0.995191 0
    outer loop
      vertex -2.37426 -20.06 2
      vertex -1.58487 -20.1377 4.5
      vertex -2.37426 -20.06 4.5
    endloop
  endfacet
  facet normal -0.097957 -0.995191 -0
    outer loop
      vertex -1.58487 -20.1377 4.5
      vertex -2.37426 -20.06 2
      vertex -1.58487 -20.1377 2
    endloop
  endfacet
  facet normal 0.0588756 0.998265 -0
    outer loop
      vertex 1.58487 20.1377 2
      vertex 0.793048 20.1844 4.5
      vertex 1.58487 20.1377 4.5
    endloop
  endfacet
  facet normal 0.0588756 0.998265 0
    outer loop
      vertex 0.793048 20.1844 4.5
      vertex 1.58487 20.1377 2
      vertex 0.793048 20.1844 2
    endloop
  endfacet
  facet normal 0.175747 0.984435 -0
    outer loop
      vertex 3.94082 19.8119 2
      vertex 3.15998 19.9513 4.5
      vertex 3.94082 19.8119 4.5
    endloop
  endfacet
  facet normal 0.175747 0.984435 0
    outer loop
      vertex 3.15998 19.9513 4.5
      vertex 3.94082 19.8119 2
      vertex 3.15998 19.9513 2
    endloop
  endfacet
  facet normal 0.29034 0.956924 -0
    outer loop
      vertex 6.24214 19.2113 2
      vertex 5.4831 19.4416 4.5
      vertex 6.24214 19.2113 4.5
    endloop
  endfacet
  facet normal 0.29034 0.956924 0
    outer loop
      vertex 5.4831 19.4416 4.5
      vertex 6.24214 19.2113 2
      vertex 5.4831 19.4416 2
    endloop
  endfacet
  facet normal 0.634425 0.772985 -0
    outer loop
      vertex 13.1188 15.3602 2
      vertex 12.5057 15.8634 4.5
      vertex 13.1188 15.3602 4.5
    endloop
  endfacet
  facet normal 0.634425 0.772985 0
    outer loop
      vertex 12.5057 15.8634 4.5
      vertex 13.1188 15.3602 2
      vertex 12.5057 15.8634 2
    endloop
  endfacet
  facet normal 0.603545 0.797329 -0
    outer loop
      vertex 12.5057 15.8634 2
      vertex 11.8733 16.3421 4.5
      vertex 12.5057 15.8634 4.5
    endloop
  endfacet
  facet normal 0.603545 0.797329 0
    outer loop
      vertex 11.8733 16.3421 4.5
      vertex 12.5057 15.8634 2
      vertex 11.8733 16.3421 2
    endloop
  endfacet
  facet normal 0.43645 0.899728 -0
    outer loop
      vertex 9.17061 17.9983 2
      vertex 8.45693 18.3445 4.5
      vertex 9.17061 17.9983 4.5
    endloop
  endfacet
  facet normal 0.43645 0.899728 0
    outer loop
      vertex 8.45693 18.3445 4.5
      vertex 9.17061 17.9983 2
      vertex 8.45693 18.3445 2
    endloop
  endfacet
  facet normal 0.747541 0.664215 0
    outer loop
      vertex 15.3602 13.1188 4.5
      vertex 14.8333 13.7118 2
      vertex 14.8333 13.7118 4.5
    endloop
  endfacet
  facet normal 0.747541 0.664215 0
    outer loop
      vertex 14.8333 13.7118 2
      vertex 15.3602 13.1188 4.5
      vertex 15.3602 13.1188 2
    endloop
  endfacet
  facet normal 0.820391 0.571803 0
    outer loop
      vertex 16.7957 11.2225 4.5
      vertex 16.3421 11.8733 2
      vertex 16.3421 11.8733 4.5
    endloop
  endfacet
  facet normal 0.820391 0.571803 0
    outer loop
      vertex 16.3421 11.8733 2
      vertex 16.7957 11.2225 4.5
      vertex 16.7957 11.2225 2
    endloop
  endfacet
  facet normal 0.931214 0.364473 0
    outer loop
      vertex 18.9515 6.99156 4.5
      vertex 18.6624 7.7302 2
      vertex 18.6624 7.7302 4.5
    endloop
  endfacet
  facet normal 0.931214 0.364473 0
    outer loop
      vertex 18.6624 7.7302 2
      vertex 18.9515 6.99156 4.5
      vertex 18.9515 6.99156 2
    endloop
  endfacet
  facet normal 0.881928 0.471385 0
    outer loop
      vertex 17.9983 9.17061 4.5
      vertex 17.6244 9.87015 2
      vertex 17.6244 9.87015 4.5
    endloop
  endfacet
  facet normal 0.881928 0.471385 0
    outer loop
      vertex 17.6244 9.87015 2
      vertex 17.9983 9.17061 4.5
      vertex 17.9983 9.17061 2
    endloop
  endfacet
  facet normal 0.976764 0.214319 0
    outer loop
      vertex 19.8119 3.94082 4.5
      vertex 19.6419 4.7156 2
      vertex 19.6419 4.7156 4.5
    endloop
  endfacet
  facet normal 0.976764 0.214319 0
    outer loop
      vertex 19.6419 4.7156 2
      vertex 19.8119 3.94082 4.5
      vertex 19.8119 3.94082 2
    endloop
  endfacet
  facet normal 0.998265 0.0588756 0
    outer loop
      vertex 20.1844 0.793048 4.5
      vertex 20.1377 1.58487 2
      vertex 20.1377 1.58487 4.5
    endloop
  endfacet
  facet normal 0.998265 0.0588756 0
    outer loop
      vertex 20.1377 1.58487 2
      vertex 20.1844 0.793048 4.5
      vertex 20.1844 0.793048 2
    endloop
  endfacet
  facet normal -0.664215 0.747541 0
    outer loop
      vertex -13.1188 15.3602 2
      vertex -13.7118 14.8333 4.5
      vertex -13.1188 15.3602 4.5
    endloop
  endfacet
  facet normal -0.664215 0.747541 0
    outer loop
      vertex -13.7118 14.8333 4.5
      vertex -13.1188 15.3602 2
      vertex -13.7118 14.8333 2
    endloop
  endfacet
  facet normal -0.571803 0.820391 0
    outer loop
      vertex -11.2225 16.7957 2
      vertex -11.8733 16.3421 4.5
      vertex -11.2225 16.7957 4.5
    endloop
  endfacet
  facet normal -0.571803 0.820391 0
    outer loop
      vertex -11.8733 16.3421 4.5
      vertex -11.2225 16.7957 2
      vertex -11.8733 16.3421 2
    endloop
  endfacet
  facet normal -0.471385 0.881928 0
    outer loop
      vertex -9.17061 17.9983 2
      vertex -9.87015 17.6244 4.5
      vertex -9.17061 17.9983 4.5
    endloop
  endfacet
  facet normal -0.471385 0.881928 0
    outer loop
      vertex -9.87015 17.6244 4.5
      vertex -9.17061 17.9983 2
      vertex -9.87015 17.6244 2
    endloop
  endfacet
  facet normal -0.400772 0.916178 0
    outer loop
      vertex -7.7302 18.6624 2
      vertex -8.45693 18.3445 4.5
      vertex -7.7302 18.6624 4.5
    endloop
  endfacet
  facet normal -0.400772 0.916178 0
    outer loop
      vertex -8.45693 18.3445 4.5
      vertex -7.7302 18.6624 2
      vertex -8.45693 18.3445 2
    endloop
  endfacet
  facet normal -0.505653 0.862737 0
    outer loop
      vertex -9.87015 17.6244 2
      vertex -10.5545 17.2233 4.5
      vertex -9.87015 17.6244 4.5
    endloop
  endfacet
  facet normal -0.505653 0.862737 0
    outer loop
      vertex -10.5545 17.2233 4.5
      vertex -9.87015 17.6244 2
      vertex -10.5545 17.2233 2
    endloop
  endfacet
  facet normal -0.327544 0.944836 0
    outer loop
      vertex -6.24214 19.2113 2
      vertex -6.99156 18.9515 4.5
      vertex -6.24214 19.2113 4.5
    endloop
  endfacet
  facet normal -0.327544 0.944836 0
    outer loop
      vertex -6.99156 18.9515 4.5
      vertex -6.24214 19.2113 2
      vertex -6.99156 18.9515 2
    endloop
  endfacet
  facet normal -0.214319 0.976764 0
    outer loop
      vertex -3.94082 19.8119 2
      vertex -4.7156 19.6419 4.5
      vertex -3.94082 19.8119 4.5
    endloop
  endfacet
  facet normal -0.214319 0.976764 0
    outer loop
      vertex -4.7156 19.6419 4.5
      vertex -3.94082 19.8119 2
      vertex -4.7156 19.6419 2
    endloop
  endfacet
  facet normal -0.137039 0.990566 0
    outer loop
      vertex -2.37426 20.06 2
      vertex -3.15998 19.9513 4.5
      vertex -2.37426 20.06 4.5
    endloop
  endfacet
  facet normal -0.137039 0.990566 0
    outer loop
      vertex -3.15998 19.9513 4.5
      vertex -2.37426 20.06 2
      vertex -3.15998 19.9513 2
    endloop
  endfacet
  facet normal -0.097957 0.995191 0
    outer loop
      vertex -1.58487 20.1377 2
      vertex -2.37426 20.06 4.5
      vertex -1.58487 20.1377 4.5
    endloop
  endfacet
  facet normal -0.097957 0.995191 0
    outer loop
      vertex -2.37426 20.06 4.5
      vertex -1.58487 20.1377 2
      vertex -2.37426 20.06 2
    endloop
  endfacet
  facet normal -0.0196671 0.999807 0
    outer loop
      vertex 0 20.2 2
      vertex -0.793048 20.1844 4.5
      vertex 0 20.2 4.5
    endloop
  endfacet
  facet normal -0.0196671 0.999807 0
    outer loop
      vertex -0.793048 20.1844 4.5
      vertex 0 20.2 2
      vertex -0.793048 20.1844 2
    endloop
  endfacet
  facet normal -0.772985 0.634425 0
    outer loop
      vertex -15.8634 12.5057 2
      vertex -15.3602 13.1188 4.5
      vertex -15.3602 13.1188 2
    endloop
  endfacet
  facet normal -0.772985 0.634425 0
    outer loop
      vertex -15.3602 13.1188 4.5
      vertex -15.8634 12.5057 2
      vertex -15.8634 12.5057 4.5
    endloop
  endfacet
  facet normal -0.899728 0.43645 0
    outer loop
      vertex -18.3445 8.45693 2
      vertex -17.9983 9.17061 4.5
      vertex -17.9983 9.17061 2
    endloop
  endfacet
  facet normal -0.899728 0.43645 0
    outer loop
      vertex -17.9983 9.17061 4.5
      vertex -18.3445 8.45693 2
      vertex -18.3445 8.45693 4.5
    endloop
  endfacet
  facet normal -0.842226 0.539125 0
    outer loop
      vertex -17.2233 10.5545 2
      vertex -16.7957 11.2225 4.5
      vertex -16.7957 11.2225 2
    endloop
  endfacet
  facet normal -0.842226 0.539125 0
    outer loop
      vertex -16.7957 11.2225 4.5
      vertex -17.2233 10.5545 2
      vertex -17.2233 10.5545 4.5
    endloop
  endfacet
  facet normal -0.797329 0.603545 0
    outer loop
      vertex -16.3421 11.8733 2
      vertex -15.8634 12.5057 4.5
      vertex -15.8634 12.5057 2
    endloop
  endfacet
  facet normal -0.797329 0.603545 0
    outer loop
      vertex -15.8634 12.5057 4.5
      vertex -16.3421 11.8733 2
      vertex -16.3421 11.8733 4.5
    endloop
  endfacet
  facet normal -0.967592 0.252519 0
    outer loop
      vertex -19.6419 4.7156 2
      vertex -19.4416 5.4831 4.5
      vertex -19.4416 5.4831 2
    endloop
  endfacet
  facet normal -0.967592 0.252519 0
    outer loop
      vertex -19.4416 5.4831 4.5
      vertex -19.6419 4.7156 2
      vertex -19.6419 4.7156 4.5
    endloop
  endfacet
  facet normal -0.998265 0.0588756 0
    outer loop
      vertex -20.1844 0.793048 2
      vertex -20.1377 1.58487 4.5
      vertex -20.1377 1.58487 2
    endloop
  endfacet
  facet normal -0.998265 0.0588756 0
    outer loop
      vertex -20.1377 1.58487 4.5
      vertex -20.1844 0.793048 2
      vertex -20.1844 0.793048 4.5
    endloop
  endfacet
  facet normal -0.984435 0.175747 0
    outer loop
      vertex -19.9513 3.15998 2
      vertex -19.8119 3.94082 4.5
      vertex -19.8119 3.94082 2
    endloop
  endfacet
  facet normal -0.984435 0.175747 0
    outer loop
      vertex -19.8119 3.94082 4.5
      vertex -19.9513 3.15998 2
      vertex -19.9513 3.15998 4.5
    endloop
  endfacet
  facet normal 0.990566 -0.137039 0
    outer loop
      vertex 19.9513 -3.15998 4.5
      vertex 20.06 -2.37426 2
      vertex 20.06 -2.37426 4.5
    endloop
  endfacet
  facet normal 0.990566 -0.137039 0
    outer loop
      vertex 20.06 -2.37426 2
      vertex 19.9513 -3.15998 4.5
      vertex 19.9513 -3.15998 2
    endloop
  endfacet
  facet normal 0.995191 -0.097957 0
    outer loop
      vertex 20.06 -2.37426 4.5
      vertex 20.1377 -1.58487 2
      vertex 20.1377 -1.58487 4.5
    endloop
  endfacet
  facet normal 0.995191 -0.097957 0
    outer loop
      vertex 20.1377 -1.58487 2
      vertex 20.06 -2.37426 4.5
      vertex 20.06 -2.37426 2
    endloop
  endfacet
  facet normal 0.998265 -0.0588756 0
    outer loop
      vertex 20.1377 -1.58487 4.5
      vertex 20.1844 -0.793048 2
      vertex 20.1844 -0.793048 4.5
    endloop
  endfacet
  facet normal 0.998265 -0.0588756 0
    outer loop
      vertex 20.1844 -0.793048 2
      vertex 20.1377 -1.58487 4.5
      vertex 20.1377 -1.58487 2
    endloop
  endfacet
  facet normal 0.29034 -0.956924 0
    outer loop
      vertex 5.4831 -19.4416 2
      vertex 6.24214 -19.2113 4.5
      vertex 5.4831 -19.4416 4.5
    endloop
  endfacet
  facet normal 0.29034 -0.956924 0
    outer loop
      vertex 6.24214 -19.2113 4.5
      vertex 5.4831 -19.4416 2
      vertex 6.24214 -19.2113 2
    endloop
  endfacet
  facet normal 0.327544 -0.944836 0
    outer loop
      vertex 6.24214 -19.2113 2
      vertex 6.99156 -18.9515 4.5
      vertex 6.24214 -19.2113 4.5
    endloop
  endfacet
  facet normal 0.327544 -0.944836 0
    outer loop
      vertex 6.99156 -18.9515 4.5
      vertex 6.24214 -19.2113 2
      vertex 6.99156 -18.9515 2
    endloop
  endfacet
  facet normal 0.364473 -0.931214 0
    outer loop
      vertex 6.99156 -18.9515 2
      vertex 7.7302 -18.6624 4.5
      vertex 6.99156 -18.9515 4.5
    endloop
  endfacet
  facet normal 0.364473 -0.931214 0
    outer loop
      vertex 7.7302 -18.6624 4.5
      vertex 6.99156 -18.9515 2
      vertex 7.7302 -18.6624 2
    endloop
  endfacet
  facet normal -0.956924 -0.29034 0
    outer loop
      vertex -19.2113 -6.24214 2
      vertex -19.4416 -5.4831 4.5
      vertex -19.4416 -5.4831 2
    endloop
  endfacet
  facet normal -0.956924 -0.29034 0
    outer loop
      vertex -19.4416 -5.4831 4.5
      vertex -19.2113 -6.24214 2
      vertex -19.2113 -6.24214 4.5
    endloop
  endfacet
  facet normal -0.944836 -0.327544 0
    outer loop
      vertex -18.9515 -6.99156 2
      vertex -19.2113 -6.24214 4.5
      vertex -19.2113 -6.24214 2
    endloop
  endfacet
  facet normal -0.944836 -0.327544 0
    outer loop
      vertex -19.2113 -6.24214 4.5
      vertex -18.9515 -6.99156 2
      vertex -18.9515 -6.99156 4.5
    endloop
  endfacet
  facet normal -0.471385 -0.881928 0
    outer loop
      vertex -9.87015 -17.6244 2
      vertex -9.17061 -17.9983 4.5
      vertex -9.87015 -17.6244 4.5
    endloop
  endfacet
  facet normal -0.471385 -0.881928 -0
    outer loop
      vertex -9.17061 -17.9983 4.5
      vertex -9.87015 -17.6244 2
      vertex -9.17061 -17.9983 2
    endloop
  endfacet
  facet normal -0.43645 -0.899728 0
    outer loop
      vertex -9.17061 -17.9983 2
      vertex -8.45693 -18.3445 4.5
      vertex -9.17061 -17.9983 4.5
    endloop
  endfacet
  facet normal -0.43645 -0.899728 -0
    outer loop
      vertex -8.45693 -18.3445 4.5
      vertex -9.17061 -17.9983 2
      vertex -8.45693 -18.3445 2
    endloop
  endfacet
  facet normal 0.097957 0.995191 -0
    outer loop
      vertex 2.37426 20.06 2
      vertex 1.58487 20.1377 4.5
      vertex 2.37426 20.06 4.5
    endloop
  endfacet
  facet normal 0.097957 0.995191 0
    outer loop
      vertex 1.58487 20.1377 4.5
      vertex 2.37426 20.06 2
      vertex 1.58487 20.1377 2
    endloop
  endfacet
  facet normal 0.327544 0.944836 -0
    outer loop
      vertex 6.99156 18.9515 2
      vertex 6.24214 19.2113 4.5
      vertex 6.99156 18.9515 4.5
    endloop
  endfacet
  facet normal 0.327544 0.944836 0
    outer loop
      vertex 6.24214 19.2113 4.5
      vertex 6.99156 18.9515 2
      vertex 6.24214 19.2113 2
    endloop
  endfacet
  facet normal 0.664215 0.747541 -0
    outer loop
      vertex 13.7118 14.8333 2
      vertex 13.1188 15.3602 4.5
      vertex 13.7118 14.8333 4.5
    endloop
  endfacet
  facet normal 0.664215 0.747541 0
    outer loop
      vertex 13.1188 15.3602 4.5
      vertex 13.7118 14.8333 2
      vertex 13.1188 15.3602 2
    endloop
  endfacet
  facet normal 0.772985 0.634425 0
    outer loop
      vertex 15.8634 12.5057 4.5
      vertex 15.3602 13.1188 2
      vertex 15.3602 13.1188 4.5
    endloop
  endfacet
  facet normal 0.772985 0.634425 0
    outer loop
      vertex 15.3602 13.1188 2
      vertex 15.8634 12.5057 4.5
      vertex 15.8634 12.5057 2
    endloop
  endfacet
  facet normal 0.862737 0.505653 0
    outer loop
      vertex 17.6244 9.87015 4.5
      vertex 17.2233 10.5545 2
      vertex 17.2233 10.5545 4.5
    endloop
  endfacet
  facet normal 0.862737 0.505653 0
    outer loop
      vertex 17.2233 10.5545 2
      vertex 17.6244 9.87015 4.5
      vertex 17.6244 9.87015 2
    endloop
  endfacet
  facet normal 0.984435 0.175747 0
    outer loop
      vertex 19.9513 3.15998 4.5
      vertex 19.8119 3.94082 2
      vertex 19.8119 3.94082 4.5
    endloop
  endfacet
  facet normal 0.984435 0.175747 0
    outer loop
      vertex 19.8119 3.94082 2
      vertex 19.9513 3.15998 4.5
      vertex 19.9513 3.15998 2
    endloop
  endfacet
  facet normal 0.995191 0.097957 0
    outer loop
      vertex 20.1377 1.58487 4.5
      vertex 20.06 2.37426 2
      vertex 20.06 2.37426 4.5
    endloop
  endfacet
  facet normal 0.995191 0.097957 0
    outer loop
      vertex 20.06 2.37426 2
      vertex 20.1377 1.58487 4.5
      vertex 20.1377 1.58487 2
    endloop
  endfacet
  facet normal -0.43645 0.899728 0
    outer loop
      vertex -8.45693 18.3445 2
      vertex -9.17061 17.9983 4.5
      vertex -8.45693 18.3445 4.5
    endloop
  endfacet
  facet normal -0.43645 0.899728 0
    outer loop
      vertex -9.17061 17.9983 4.5
      vertex -8.45693 18.3445 2
      vertex -9.17061 17.9983 2
    endloop
  endfacet
  facet normal -0.29034 0.956924 0
    outer loop
      vertex -5.4831 19.4416 2
      vertex -6.24214 19.2113 4.5
      vertex -5.4831 19.4416 4.5
    endloop
  endfacet
  facet normal -0.29034 0.956924 0
    outer loop
      vertex -6.24214 19.2113 4.5
      vertex -5.4831 19.4416 2
      vertex -6.24214 19.2113 2
    endloop
  endfacet
  facet normal -0.0588756 0.998265 0
    outer loop
      vertex -0.793048 20.1844 2
      vertex -1.58487 20.1377 4.5
      vertex -0.793048 20.1844 4.5
    endloop
  endfacet
  facet normal -0.0588756 0.998265 0
    outer loop
      vertex -1.58487 20.1377 4.5
      vertex -0.793048 20.1844 2
      vertex -1.58487 20.1377 2
    endloop
  endfacet
  facet normal -0.747541 0.664215 0
    outer loop
      vertex -15.3602 13.1188 2
      vertex -14.8333 13.7118 4.5
      vertex -14.8333 13.7118 2
    endloop
  endfacet
  facet normal -0.747541 0.664215 0
    outer loop
      vertex -14.8333 13.7118 4.5
      vertex -15.3602 13.1188 2
      vertex -15.3602 13.1188 4.5
    endloop
  endfacet
  facet normal -0.881928 0.471385 0
    outer loop
      vertex -17.9983 9.17061 2
      vertex -17.6244 9.87015 4.5
      vertex -17.6244 9.87015 2
    endloop
  endfacet
  facet normal -0.881928 0.471385 0
    outer loop
      vertex -17.6244 9.87015 4.5
      vertex -17.9983 9.17061 2
      vertex -17.9983 9.17061 4.5
    endloop
  endfacet
  facet normal -0.944836 0.327544 0
    outer loop
      vertex -19.2113 6.24214 2
      vertex -18.9515 6.99156 4.5
      vertex -18.9515 6.99156 2
    endloop
  endfacet
  facet normal -0.944836 0.327544 0
    outer loop
      vertex -18.9515 6.99156 4.5
      vertex -19.2113 6.24214 2
      vertex -19.2113 6.24214 4.5
    endloop
  endfacet
  facet normal -0.956924 0.29034 0
    outer loop
      vertex -19.4416 5.4831 2
      vertex -19.2113 6.24214 4.5
      vertex -19.2113 6.24214 2
    endloop
  endfacet
  facet normal -0.956924 0.29034 0
    outer loop
      vertex -19.2113 6.24214 4.5
      vertex -19.4416 5.4831 2
      vertex -19.4416 5.4831 4.5
    endloop
  endfacet
  facet normal -0.931214 0.364473 0
    outer loop
      vertex -18.9515 6.99156 2
      vertex -18.6624 7.7302 4.5
      vertex -18.6624 7.7302 2
    endloop
  endfacet
  facet normal -0.931214 0.364473 0
    outer loop
      vertex -18.6624 7.7302 4.5
      vertex -18.9515 6.99156 2
      vertex -18.9515 6.99156 4.5
    endloop
  endfacet
  facet normal -0.995191 0.097957 0
    outer loop
      vertex -20.1377 1.58487 2
      vertex -20.06 2.37426 4.5
      vertex -20.06 2.37426 2
    endloop
  endfacet
  facet normal -0.995191 0.097957 0
    outer loop
      vertex -20.06 2.37426 4.5
      vertex -20.1377 1.58487 2
      vertex -20.1377 1.58487 4.5
    endloop
  endfacet
  facet normal -0.995189 0.0979788 0
    outer loop
      vertex 18.8683 -2.23321 2
      vertex 18.9414 -1.49072 4.5
      vertex 18.9414 -1.49072 2
    endloop
  endfacet
  facet normal -0.995189 0.0979788 0
    outer loop
      vertex 18.9414 -1.49072 4.5
      vertex 18.8683 -2.23321 2
      vertex 18.8683 -2.23321 4.5
    endloop
  endfacet
  facet normal -0.999809 0.019569 0
    outer loop
      vertex 18.9854 -0.745936 2
      vertex 19 0 4.5
      vertex 19 0 2
    endloop
  endfacet
  facet normal -0.999809 0.019569 0
    outer loop
      vertex 19 0 4.5
      vertex 18.9854 -0.745936 2
      vertex 18.9854 -0.745936 4.5
    endloop
  endfacet
  facet normal 0.999809 0.019569 0
    outer loop
      vertex -18.9854 -0.745936 4.5
      vertex -19 0 2
      vertex -19 0 4.5
    endloop
  endfacet
  facet normal 0.999809 0.019569 0
    outer loop
      vertex -19 0 2
      vertex -18.9854 -0.745936 4.5
      vertex -18.9854 -0.745936 2
    endloop
  endfacet
  facet normal -0.019569 0.999809 0
    outer loop
      vertex 0.745936 -18.9854 2
      vertex 0 -19 4.5
      vertex 0.745936 -18.9854 4.5
    endloop
  endfacet
  facet normal -0.019569 0.999809 0
    outer loop
      vertex 0 -19 4.5
      vertex 0.745936 -18.9854 2
      vertex 0 -19 2
    endloop
  endfacet
  facet normal -0.693098 0.720843 0
    outer loop
      vertex 13.435 -13.435 2
      vertex 12.8972 -13.9521 4.5
      vertex 13.435 -13.435 4.5
    endloop
  endfacet
  facet normal -0.693098 0.720843 0
    outer loop
      vertex 12.8972 -13.9521 4.5
      vertex 13.435 -13.435 2
      vertex 12.8972 -13.9521 2
    endloop
  endfacet
  facet normal 0.693098 0.720843 -0
    outer loop
      vertex -12.8972 -13.9521 2
      vertex -13.435 -13.435 4.5
      vertex -12.8972 -13.9521 4.5
    endloop
  endfacet
  facet normal 0.693098 0.720843 0
    outer loop
      vertex -13.435 -13.435 4.5
      vertex -12.8972 -13.9521 2
      vertex -13.435 -13.435 2
    endloop
  endfacet
  facet normal -0.916183 0.400759 0
    outer loop
      vertex 17.2547 -7.95453 2
      vertex 17.5537 -7.27098 4.5
      vertex 17.5537 -7.27098 2
    endloop
  endfacet
  facet normal -0.916183 0.400759 0
    outer loop
      vertex 17.5537 -7.27098 4.5
      vertex 17.2547 -7.95453 2
      vertex 17.2547 -7.95453 4.5
    endloop
  endfacet
  facet normal -0.862764 -0.505607 0
    outer loop
      vertex 16.3863 9.60991 2
      vertex 16.2002 9.92747 4.5
      vertex 16.2002 9.92747 2
    endloop
  endfacet
  facet normal -0.862776 -0.505586 -0
    outer loop
      vertex 16.5774 9.2838 4.5
      vertex 16.3863 9.60991 2
      vertex 16.5774 9.2838 2
    endloop
  endfacet
  facet normal -0.86277 -0.505596 -1.79881e-06
    outer loop
      vertex 16.3863 9.60991 2
      vertex 16.5774 9.2838 4.5
      vertex 16.2002 9.92747 4.5
    endloop
  endfacet
  facet normal -0.214321 -0.976763 0
    outer loop
      vertex 3.70672 18.6349 2
      vertex 4.43546 18.475 4.5
      vertex 3.70672 18.6349 4.5
    endloop
  endfacet
  facet normal -0.214321 -0.976763 -0
    outer loop
      vertex 4.43546 18.475 4.5
      vertex 3.70672 18.6349 2
      vertex 4.43546 18.475 2
    endloop
  endfacet
  facet normal -0.720843 -0.693098 0
    outer loop
      vertex 13.9521 12.8972 2
      vertex 13.435 13.435 4.5
      vertex 13.435 13.435 2
    endloop
  endfacet
  facet normal -0.720843 -0.693098 0
    outer loop
      vertex 13.435 13.435 4.5
      vertex 13.9521 12.8972 2
      vertex 13.9521 12.8972 4.5
    endloop
  endfacet
  facet normal 0.364443 -0.931226 0
    outer loop
      vertex -7.27098 17.5537 2
      vertex -6.57622 17.8256 4.5
      vertex -7.27098 17.5537 4.5
    endloop
  endfacet
  facet normal 0.364443 -0.931226 0
    outer loop
      vertex -6.57622 17.8256 4.5
      vertex -7.27098 17.5537 2
      vertex -6.57622 17.8256 2
    endloop
  endfacet
  facet normal 0.94478 -0.327704 0
    outer loop
      vertex -18.0701 5.87132 4.5
      vertex -17.8256 6.57622 2
      vertex -17.8256 6.57622 4.5
    endloop
  endfacet
  facet normal 0.94478 -0.327704 0
    outer loop
      vertex -17.8256 6.57622 2
      vertex -18.0701 5.87132 4.5
      vertex -18.0701 5.87132 2
    endloop
  endfacet
  facet normal -0.990573 0.136984 0
    outer loop
      vertex 18.7661 -2.97225 2
      vertex 18.8683 -2.23321 4.5
      vertex 18.8683 -2.23321 2
    endloop
  endfacet
  facet normal -0.990573 0.136984 0
    outer loop
      vertex 18.8683 -2.23321 4.5
      vertex 18.7661 -2.97225 2
      vertex 18.7661 -2.97225 4.5
    endloop
  endfacet
  facet normal -0.842169 0.539214 0
    outer loop
      vertex 15.7979 -10.5558 2
      vertex 16.2002 -9.92747 4.5
      vertex 16.2002 -9.92747 2
    endloop
  endfacet
  facet normal -0.842169 0.539214 0
    outer loop
      vertex 16.2002 -9.92747 4.5
      vertex 15.7979 -10.5558 2
      vertex 15.7979 -10.5558 4.5
    endloop
  endfacet
  facet normal -0.290193 0.956968 0
    outer loop
      vertex 5.87132 -18.0701 2
      vertex 5.15737 -18.2866 4.5
      vertex 5.87132 -18.0701 4.5
    endloop
  endfacet
  facet normal -0.290193 0.956968 0
    outer loop
      vertex 5.15737 -18.2866 4.5
      vertex 5.87132 -18.0701 2
      vertex 5.15737 -18.2866 2
    endloop
  endfacet
  facet normal -0.327704 0.94478 0
    outer loop
      vertex 6.57622 -17.8256 2
      vertex 5.87132 -18.0701 4.5
      vertex 6.57622 -17.8256 4.5
    endloop
  endfacet
  facet normal -0.327704 0.94478 0
    outer loop
      vertex 5.87132 -18.0701 4.5
      vertex 6.57622 -17.8256 2
      vertex 5.87132 -18.0701 2
    endloop
  endfacet
  facet normal -0.571779 0.820408 0
    outer loop
      vertex 11.1679 -15.3713 2
      vertex 10.5558 -15.7979 4.5
      vertex 11.1679 -15.3713 4.5
    endloop
  endfacet
  facet normal -0.571779 0.820408 0
    outer loop
      vertex 10.5558 -15.7979 4.5
      vertex 11.1679 -15.3713 2
      vertex 10.5558 -15.7979 2
    endloop
  endfacet
  facet normal 0.956968 0.290193 0
    outer loop
      vertex -18.0701 -5.87132 4.5
      vertex -18.2866 -5.15737 2
      vertex -18.2866 -5.15737 4.5
    endloop
  endfacet
  facet normal 0.956968 0.290193 0
    outer loop
      vertex -18.2866 -5.15737 2
      vertex -18.0701 -5.87132 4.5
      vertex -18.0701 -5.87132 2
    endloop
  endfacet
  facet normal 0.797338 0.603532 0
    outer loop
      vertex -14.921 -11.7628 4.5
      vertex -15.3713 -11.1679 2
      vertex -15.3713 -11.1679 4.5
    endloop
  endfacet
  facet normal 0.797338 0.603532 0
    outer loop
      vertex -15.3713 -11.1679 2
      vertex -14.921 -11.7628 4.5
      vertex -14.921 -11.7628 2
    endloop
  endfacet
  facet normal 0.94478 0.327704 0
    outer loop
      vertex -17.8256 -6.57622 4.5
      vertex -18.0701 -5.87132 2
      vertex -18.0701 -5.87132 4.5
    endloop
  endfacet
  facet normal 0.94478 0.327704 0
    outer loop
      vertex -18.0701 -5.87132 2
      vertex -17.8256 -6.57622 4.5
      vertex -17.8256 -6.57622 2
    endloop
  endfacet
  facet normal 0.43641 0.899748 -0
    outer loop
      vertex -7.95453 -17.2547 2
      vertex -8.62582 -16.9291 4.5
      vertex -7.95453 -17.2547 4.5
    endloop
  endfacet
  facet normal 0.43641 0.899748 0
    outer loop
      vertex -8.62582 -16.9291 4.5
      vertex -7.95453 -17.2547 2
      vertex -8.62582 -16.9291 2
    endloop
  endfacet
  facet normal 0.471399 0.88192 -0
    outer loop
      vertex -8.62582 -16.9291 2
      vertex -9.2838 -16.5774 4.5
      vertex -8.62582 -16.9291 4.5
    endloop
  endfacet
  facet normal 0.471399 0.88192 0
    outer loop
      vertex -9.2838 -16.5774 4.5
      vertex -8.62582 -16.9291 2
      vertex -9.2838 -16.5774 2
    endloop
  endfacet
  facet normal 0.136984 0.990573 -0
    outer loop
      vertex -2.23321 -18.8683 2
      vertex -2.97225 -18.7661 4.5
      vertex -2.23321 -18.8683 4.5
    endloop
  endfacet
  facet normal 0.136984 0.990573 0
    outer loop
      vertex -2.97225 -18.7661 4.5
      vertex -2.23321 -18.8683 2
      vertex -2.97225 -18.7661 2
    endloop
  endfacet
  facet normal -0.976763 -0.214321 0
    outer loop
      vertex 18.6349 3.70672 2
      vertex 18.475 4.43546 4.5
      vertex 18.475 4.43546 2
    endloop
  endfacet
  facet normal -0.976763 -0.214321 0
    outer loop
      vertex 18.475 4.43546 4.5
      vertex 18.6349 3.70672 2
      vertex 18.6349 3.70672 4.5
    endloop
  endfacet
  facet normal -0.0979788 -0.995189 0
    outer loop
      vertex 1.49072 18.9414 2
      vertex 2.23321 18.8683 4.5
      vertex 1.49072 18.9414 4.5
    endloop
  endfacet
  facet normal -0.0979788 -0.995189 -0
    outer loop
      vertex 2.23321 18.8683 4.5
      vertex 1.49072 18.9414 2
      vertex 2.23321 18.8683 2
    endloop
  endfacet
  facet normal -0.505596 -0.86277 0
    outer loop
      vertex 9.2838 16.5774 2
      vertex 9.92747 16.2002 4.5
      vertex 9.2838 16.5774 4.5
    endloop
  endfacet
  facet normal -0.505596 -0.86277 -0
    outer loop
      vertex 9.92747 16.2002 4.5
      vertex 9.2838 16.5774 2
      vertex 9.92747 16.2002 2
    endloop
  endfacet
  facet normal -0.820408 -0.571779 0
    outer loop
      vertex 15.7979 10.5558 2
      vertex 15.3713 11.1679 4.5
      vertex 15.3713 11.1679 2
    endloop
  endfacet
  facet normal -0.820408 -0.571779 0
    outer loop
      vertex 15.3713 11.1679 4.5
      vertex 15.7979 10.5558 2
      vertex 15.7979 10.5558 4.5
    endloop
  endfacet
  facet normal 0.603532 -0.797338 0
    outer loop
      vertex -11.7628 14.921 2
      vertex -11.1679 15.3713 4.5
      vertex -11.7628 14.921 4.5
    endloop
  endfacet
  facet normal 0.603532 -0.797338 0
    outer loop
      vertex -11.1679 15.3713 4.5
      vertex -11.7628 14.921 2
      vertex -11.1679 15.3713 2
    endloop
  endfacet
  facet normal 0.400759 -0.916183 0
    outer loop
      vertex -7.95453 17.2547 2
      vertex -7.27098 17.5537 4.5
      vertex -7.95453 17.2547 4.5
    endloop
  endfacet
  facet normal 0.400759 -0.916183 0
    outer loop
      vertex -7.27098 17.5537 4.5
      vertex -7.95453 17.2547 2
      vertex -7.27098 17.5537 2
    endloop
  endfacet
  facet normal 0.175849 -0.984417 0
    outer loop
      vertex -3.70672 18.6349 2
      vertex -2.97225 18.7661 4.5
      vertex -3.70672 18.6349 4.5
    endloop
  endfacet
  facet normal 0.175849 -0.984417 0
    outer loop
      vertex -2.97225 18.7661 4.5
      vertex -3.70672 18.6349 2
      vertex -2.97225 18.7661 2
    endloop
  endfacet
  facet normal -0.976763 0.214321 0
    outer loop
      vertex 18.475 -4.43546 2
      vertex 18.6349 -3.70672 4.5
      vertex 18.6349 -3.70672 2
    endloop
  endfacet
  facet normal -0.976763 0.214321 0
    outer loop
      vertex 18.6349 -3.70672 4.5
      vertex 18.475 -4.43546 2
      vertex 18.475 -4.43546 4.5
    endloop
  endfacet
  facet normal -0.956968 0.290193 0
    outer loop
      vertex 18.0701 -5.87132 2
      vertex 18.2866 -5.15737 4.5
      vertex 18.2866 -5.15737 2
    endloop
  endfacet
  facet normal -0.956968 0.290193 0
    outer loop
      vertex 18.2866 -5.15737 4.5
      vertex 18.0701 -5.87132 2
      vertex 18.0701 -5.87132 4.5
    endloop
  endfacet
  facet normal -0.94478 0.327704 0
    outer loop
      vertex 17.8256 -6.57622 2
      vertex 18.0701 -5.87132 4.5
      vertex 18.0701 -5.87132 2
    endloop
  endfacet
  facet normal -0.94478 0.327704 0
    outer loop
      vertex 18.0701 -5.87132 4.5
      vertex 17.8256 -6.57622 2
      vertex 17.8256 -6.57622 4.5
    endloop
  endfacet
  facet normal -0.797338 0.603532 0
    outer loop
      vertex 14.921 -11.7628 2
      vertex 15.3713 -11.1679 4.5
      vertex 15.3713 -11.1679 2
    endloop
  endfacet
  facet normal -0.797338 0.603532 0
    outer loop
      vertex 15.3713 -11.1679 4.5
      vertex 14.921 -11.7628 2
      vertex 14.921 -11.7628 4.5
    endloop
  endfacet
  facet normal -0.89979 0.436323 0
    outer loop
      vertex 17.1986 -8.07022 2
      vertex 17.2547 -7.95453 4.5
      vertex 17.2547 -7.95453 2
    endloop
  endfacet
  facet normal -0.899739 0.436428 0
    outer loop
      vertex 16.9291 -8.62582 4.5
      vertex 17.1986 -8.07022 2
      vertex 16.9291 -8.62582 2
    endloop
  endfacet
  facet normal -0.899748 0.43641 -4.98333e-06
    outer loop
      vertex 17.1986 -8.07022 2
      vertex 16.9291 -8.62582 4.5
      vertex 17.2547 -7.95453 4.5
    endloop
  endfacet
  facet normal -0.862776 0.505586 0
    outer loop
      vertex 16.3863 -9.60991 2
      vertex 16.5774 -9.2838 4.5
      vertex 16.5774 -9.2838 2
    endloop
  endfacet
  facet normal -0.862764 0.505607 0
    outer loop
      vertex 16.2002 -9.92747 4.5
      vertex 16.3863 -9.60991 2
      vertex 16.2002 -9.92747 2
    endloop
  endfacet
  facet normal -0.86277 0.505596 -1.79881e-06
    outer loop
      vertex 16.3863 -9.60991 2
      vertex 16.2002 -9.92747 4.5
      vertex 16.5774 -9.2838 4.5
    endloop
  endfacet
  facet normal -0.88192 0.471399 0
    outer loop
      vertex 16.5774 -9.2838 2
      vertex 16.9291 -8.62582 4.5
      vertex 16.9291 -8.62582 2
    endloop
  endfacet
  facet normal -0.88192 0.471399 0
    outer loop
      vertex 16.9291 -8.62582 4.5
      vertex 16.5774 -9.2838 2
      vertex 16.5774 -9.2838 4.5
    endloop
  endfacet
  facet normal -0.214321 0.976763 0
    outer loop
      vertex 4.43546 -18.475 2
      vertex 3.70672 -18.6349 4.5
      vertex 4.43546 -18.475 4.5
    endloop
  endfacet
  facet normal -0.214321 0.976763 0
    outer loop
      vertex 3.70672 -18.6349 4.5
      vertex 4.43546 -18.475 2
      vertex 3.70672 -18.6349 2
    endloop
  endfacet
  facet normal -0.0979788 0.995189 0
    outer loop
      vertex 2.23321 -18.8683 2
      vertex 1.49072 -18.9414 4.5
      vertex 2.23321 -18.8683 4.5
    endloop
  endfacet
  facet normal -0.0979788 0.995189 0
    outer loop
      vertex 1.49072 -18.9414 4.5
      vertex 2.23321 -18.8683 2
      vertex 1.49072 -18.9414 2
    endloop
  endfacet
  facet normal -0.400759 0.916183 0
    outer loop
      vertex 7.95453 -17.2547 2
      vertex 7.27098 -17.5537 4.5
      vertex 7.95453 -17.2547 4.5
    endloop
  endfacet
  facet normal -0.400759 0.916183 0
    outer loop
      vertex 7.27098 -17.5537 4.5
      vertex 7.95453 -17.2547 2
      vertex 7.27098 -17.5537 2
    endloop
  endfacet
  facet normal -0.505596 0.86277 0
    outer loop
      vertex 9.92747 -16.2002 2
      vertex 9.2838 -16.5774 4.5
      vertex 9.92747 -16.2002 4.5
    endloop
  endfacet
  facet normal -0.505596 0.86277 0
    outer loop
      vertex 9.2838 -16.5774 4.5
      vertex 9.92747 -16.2002 2
      vertex 9.2838 -16.5774 2
    endloop
  endfacet
  facet normal -0.43641 0.899748 0
    outer loop
      vertex 8.62582 -16.9291 2
      vertex 7.95453 -17.2547 4.5
      vertex 8.62582 -16.9291 4.5
    endloop
  endfacet
  facet normal -0.43641 0.899748 0
    outer loop
      vertex 7.95453 -17.2547 4.5
      vertex 8.62582 -16.9291 2
      vertex 7.95453 -17.2547 2
    endloop
  endfacet
  facet normal -0.471399 0.88192 0
    outer loop
      vertex 9.2838 -16.5774 2
      vertex 8.62582 -16.9291 4.5
      vertex 9.2838 -16.5774 4.5
    endloop
  endfacet
  facet normal -0.471399 0.88192 0
    outer loop
      vertex 8.62582 -16.9291 4.5
      vertex 9.2838 -16.5774 2
      vertex 8.62582 -16.9291 2
    endloop
  endfacet
  facet normal -0.664264 0.747498 0
    outer loop
      vertex 12.8972 -13.9521 2
      vertex 12.3395 -14.4477 4.5
      vertex 12.8972 -13.9521 4.5
    endloop
  endfacet
  facet normal -0.664264 0.747498 0
    outer loop
      vertex 12.3395 -14.4477 4.5
      vertex 12.8972 -13.9521 2
      vertex 12.3395 -14.4477 2
    endloop
  endfacet
  facet normal -0.603532 0.797338 0
    outer loop
      vertex 11.7628 -14.921 2
      vertex 11.1679 -15.3713 4.5
      vertex 11.7628 -14.921 4.5
    endloop
  endfacet
  facet normal -0.603532 0.797338 0
    outer loop
      vertex 11.1679 -15.3713 4.5
      vertex 11.7628 -14.921 2
      vertex 11.1679 -15.3713 2
    endloop
  endfacet
  facet normal -0.634405 0.773001 0
    outer loop
      vertex 12.3395 -14.4477 2
      vertex 11.7628 -14.921 4.5
      vertex 12.3395 -14.4477 4.5
    endloop
  endfacet
  facet normal -0.634405 0.773001 0
    outer loop
      vertex 11.7628 -14.921 4.5
      vertex 12.3395 -14.4477 2
      vertex 11.7628 -14.921 2
    endloop
  endfacet
  facet normal 0.916183 0.400759 0
    outer loop
      vertex -17.2547 -7.95453 4.5
      vertex -17.5537 -7.27098 2
      vertex -17.5537 -7.27098 4.5
    endloop
  endfacet
  facet normal 0.916183 0.400759 0
    outer loop
      vertex -17.5537 -7.27098 2
      vertex -17.2547 -7.95453 4.5
      vertex -17.2547 -7.95453 2
    endloop
  endfacet
  facet normal 0.86277 0.505596 0
    outer loop
      vertex -16.2002 -9.92747 4.5
      vertex -16.5774 -9.2838 2
      vertex -16.5774 -9.2838 4.5
    endloop
  endfacet
  facet normal 0.86277 0.505596 0
    outer loop
      vertex -16.5774 -9.2838 2
      vertex -16.2002 -9.92747 4.5
      vertex -16.2002 -9.92747 2
    endloop
  endfacet
  facet normal 0.976763 0.214321 0
    outer loop
      vertex -18.475 -4.43546 4.5
      vertex -18.6349 -3.70672 2
      vertex -18.6349 -3.70672 4.5
    endloop
  endfacet
  facet normal 0.976763 0.214321 0
    outer loop
      vertex -18.6349 -3.70672 2
      vertex -18.475 -4.43546 4.5
      vertex -18.475 -4.43546 2
    endloop
  endfacet
  facet normal 0.995189 0.0979788 0
    outer loop
      vertex -18.8683 -2.23321 4.5
      vertex -18.9414 -1.49072 2
      vertex -18.9414 -1.49072 4.5
    endloop
  endfacet
  facet normal 0.995189 0.0979788 0
    outer loop
      vertex -18.9414 -1.49072 2
      vertex -18.8683 -2.23321 4.5
      vertex -18.8683 -2.23321 2
    endloop
  endfacet
  facet normal 0.400759 0.916183 -0
    outer loop
      vertex -7.27098 -17.5537 2
      vertex -7.95453 -17.2547 4.5
      vertex -7.27098 -17.5537 4.5
    endloop
  endfacet
  facet normal 0.400759 0.916183 0
    outer loop
      vertex -7.95453 -17.2547 4.5
      vertex -7.27098 -17.5537 2
      vertex -7.95453 -17.2547 2
    endloop
  endfacet
  facet normal 0.571779 0.820408 -0
    outer loop
      vertex -10.5558 -15.7979 2
      vertex -11.1679 -15.3713 4.5
      vertex -10.5558 -15.7979 4.5
    endloop
  endfacet
  facet normal 0.571779 0.820408 0
    outer loop
      vertex -11.1679 -15.3713 4.5
      vertex -10.5558 -15.7979 2
      vertex -11.1679 -15.3713 2
    endloop
  endfacet
  facet normal 0.664264 0.747498 -0
    outer loop
      vertex -12.3395 -14.4477 2
      vertex -12.8972 -13.9521 4.5
      vertex -12.3395 -14.4477 4.5
    endloop
  endfacet
  facet normal 0.664264 0.747498 0
    outer loop
      vertex -12.8972 -13.9521 4.5
      vertex -12.3395 -14.4477 2
      vertex -12.8972 -13.9521 2
    endloop
  endfacet
  facet normal 0.539214 0.842169 -0
    outer loop
      vertex -9.92747 -16.2002 2
      vertex -10.5558 -15.7979 4.5
      vertex -9.92747 -16.2002 4.5
    endloop
  endfacet
  facet normal 0.539214 0.842169 0
    outer loop
      vertex -10.5558 -15.7979 4.5
      vertex -9.92747 -16.2002 2
      vertex -10.5558 -15.7979 2
    endloop
  endfacet
  facet normal 0.603532 0.797338 -0
    outer loop
      vertex -11.1679 -15.3713 2
      vertex -11.7628 -14.921 4.5
      vertex -11.1679 -15.3713 4.5
    endloop
  endfacet
  facet normal 0.603532 0.797338 0
    outer loop
      vertex -11.7628 -14.921 4.5
      vertex -11.1679 -15.3713 2
      vertex -11.7628 -14.921 2
    endloop
  endfacet
  facet normal 0.364443 0.931226 -0
    outer loop
      vertex -6.57622 -17.8256 2
      vertex -7.27098 -17.5537 4.5
      vertex -6.57622 -17.8256 4.5
    endloop
  endfacet
  facet normal 0.364443 0.931226 0
    outer loop
      vertex -7.27098 -17.5537 4.5
      vertex -6.57622 -17.8256 2
      vertex -7.27098 -17.5537 2
    endloop
  endfacet
  facet normal 0.290193 0.956968 -0
    outer loop
      vertex -5.15737 -18.2866 2
      vertex -5.87132 -18.0701 4.5
      vertex -5.15737 -18.2866 4.5
    endloop
  endfacet
  facet normal 0.290193 0.956968 0
    outer loop
      vertex -5.87132 -18.0701 4.5
      vertex -5.15737 -18.2866 2
      vertex -5.87132 -18.0701 2
    endloop
  endfacet
  facet normal 0.214321 0.976763 -0
    outer loop
      vertex -3.70672 -18.6349 2
      vertex -4.43546 -18.475 4.5
      vertex -3.70672 -18.6349 4.5
    endloop
  endfacet
  facet normal 0.214321 0.976763 0
    outer loop
      vertex -4.43546 -18.475 4.5
      vertex -3.70672 -18.6349 2
      vertex -4.43546 -18.475 2
    endloop
  endfacet
  facet normal 0.327704 0.94478 -0
    outer loop
      vertex -5.87132 -18.0701 2
      vertex -6.57622 -17.8256 4.5
      vertex -5.87132 -18.0701 4.5
    endloop
  endfacet
  facet normal 0.327704 0.94478 0
    outer loop
      vertex -6.57622 -17.8256 4.5
      vertex -5.87132 -18.0701 2
      vertex -6.57622 -17.8256 2
    endloop
  endfacet
  facet normal 0.019569 0.999809 -0
    outer loop
      vertex 0 -19 2
      vertex -0.745936 -18.9854 4.5
      vertex 0 -19 4.5
    endloop
  endfacet
  facet normal 0.019569 0.999809 0
    outer loop
      vertex -0.745936 -18.9854 4.5
      vertex 0 -19 2
      vertex -0.745936 -18.9854 2
    endloop
  endfacet
  facet normal 0.0979788 0.995189 -0
    outer loop
      vertex -1.49072 -18.9414 2
      vertex -2.23321 -18.8683 4.5
      vertex -1.49072 -18.9414 4.5
    endloop
  endfacet
  facet normal 0.0979788 0.995189 0
    outer loop
      vertex -2.23321 -18.8683 4.5
      vertex -1.49072 -18.9414 2
      vertex -2.23321 -18.8683 2
    endloop
  endfacet
  facet normal 0.0589747 0.998259 -0
    outer loop
      vertex -0.745936 -18.9854 2
      vertex -1.49072 -18.9414 4.5
      vertex -0.745936 -18.9854 4.5
    endloop
  endfacet
  facet normal 0.0589747 0.998259 0
    outer loop
      vertex -1.49072 -18.9414 4.5
      vertex -0.745936 -18.9854 2
      vertex -1.49072 -18.9414 2
    endloop
  endfacet
  facet normal -0.999809 -0.019569 0
    outer loop
      vertex 19 0 2
      vertex 18.9854 0.745936 4.5
      vertex 18.9854 0.745936 2
    endloop
  endfacet
  facet normal -0.999809 -0.019569 0
    outer loop
      vertex 18.9854 0.745936 4.5
      vertex 19 0 2
      vertex 19 0 4.5
    endloop
  endfacet
  facet normal -0.019569 -0.999809 0
    outer loop
      vertex 0 19 2
      vertex 0.745936 18.9854 4.5
      vertex 0 19 4.5
    endloop
  endfacet
  facet normal -0.019569 -0.999809 -0
    outer loop
      vertex 0.745936 18.9854 4.5
      vertex 0 19 2
      vertex 0.745936 18.9854 2
    endloop
  endfacet
  facet normal -0.0589747 -0.998259 0
    outer loop
      vertex 0.745936 18.9854 2
      vertex 1.49072 18.9414 4.5
      vertex 0.745936 18.9854 4.5
    endloop
  endfacet
  facet normal -0.0589747 -0.998259 -0
    outer loop
      vertex 1.49072 18.9414 4.5
      vertex 0.745936 18.9854 2
      vertex 1.49072 18.9414 2
    endloop
  endfacet
  facet normal -0.327704 -0.94478 0
    outer loop
      vertex 5.87132 18.0701 2
      vertex 6.57622 17.8256 4.5
      vertex 5.87132 18.0701 4.5
    endloop
  endfacet
  facet normal -0.327704 -0.94478 -0
    outer loop
      vertex 6.57622 17.8256 4.5
      vertex 5.87132 18.0701 2
      vertex 6.57622 17.8256 2
    endloop
  endfacet
  facet normal -0.364443 -0.931226 0
    outer loop
      vertex 6.57622 17.8256 2
      vertex 7.27098 17.5537 4.5
      vertex 6.57622 17.8256 4.5
    endloop
  endfacet
  facet normal -0.364443 -0.931226 -0
    outer loop
      vertex 7.27098 17.5537 4.5
      vertex 6.57622 17.8256 2
      vertex 7.27098 17.5537 2
    endloop
  endfacet
  facet normal -0.252517 -0.967593 0
    outer loop
      vertex 4.43546 18.475 2
      vertex 5.15737 18.2866 4.5
      vertex 4.43546 18.475 4.5
    endloop
  endfacet
  facet normal -0.252517 -0.967593 -0
    outer loop
      vertex 5.15737 18.2866 4.5
      vertex 4.43546 18.475 2
      vertex 5.15737 18.2866 2
    endloop
  endfacet
  facet normal -0.603532 -0.797338 0
    outer loop
      vertex 11.1679 15.3713 2
      vertex 11.7628 14.921 4.5
      vertex 11.1679 15.3713 4.5
    endloop
  endfacet
  facet normal -0.603532 -0.797338 -0
    outer loop
      vertex 11.7628 14.921 4.5
      vertex 11.1679 15.3713 2
      vertex 11.7628 14.921 2
    endloop
  endfacet
  facet normal -0.693098 -0.720843 0
    outer loop
      vertex 12.8972 13.9521 2
      vertex 13.435 13.435 4.5
      vertex 12.8972 13.9521 4.5
    endloop
  endfacet
  facet normal -0.693098 -0.720843 -0
    outer loop
      vertex 13.435 13.435 4.5
      vertex 12.8972 13.9521 2
      vertex 13.435 13.435 2
    endloop
  endfacet
  facet normal -0.797338 -0.603532 0
    outer loop
      vertex 15.3713 11.1679 2
      vertex 14.921 11.7628 4.5
      vertex 14.921 11.7628 2
    endloop
  endfacet
  facet normal -0.797338 -0.603532 0
    outer loop
      vertex 14.921 11.7628 4.5
      vertex 15.3713 11.1679 2
      vertex 15.3713 11.1679 4.5
    endloop
  endfacet
  facet normal -0.747498 -0.664264 0
    outer loop
      vertex 14.4477 12.3395 2
      vertex 13.9521 12.8972 4.5
      vertex 13.9521 12.8972 2
    endloop
  endfacet
  facet normal -0.747498 -0.664264 0
    outer loop
      vertex 13.9521 12.8972 4.5
      vertex 14.4477 12.3395 2
      vertex 14.4477 12.3395 4.5
    endloop
  endfacet
  facet normal -0.931226 -0.364443 0
    outer loop
      vertex 17.8256 6.57622 2
      vertex 17.5537 7.27098 4.5
      vertex 17.5537 7.27098 2
    endloop
  endfacet
  facet normal -0.931226 -0.364443 0
    outer loop
      vertex 17.5537 7.27098 4.5
      vertex 17.8256 6.57622 2
      vertex 17.8256 6.57622 4.5
    endloop
  endfacet
  facet normal -0.88192 -0.471399 0
    outer loop
      vertex 16.9291 8.62582 2
      vertex 16.5774 9.2838 4.5
      vertex 16.5774 9.2838 2
    endloop
  endfacet
  facet normal -0.88192 -0.471399 0
    outer loop
      vertex 16.5774 9.2838 4.5
      vertex 16.9291 8.62582 2
      vertex 16.9291 8.62582 4.5
    endloop
  endfacet
  facet normal -0.94478 -0.327704 0
    outer loop
      vertex 18.0701 5.87132 2
      vertex 17.8256 6.57622 4.5
      vertex 17.8256 6.57622 2
    endloop
  endfacet
  facet normal -0.94478 -0.327704 0
    outer loop
      vertex 17.8256 6.57622 4.5
      vertex 18.0701 5.87132 2
      vertex 18.0701 5.87132 4.5
    endloop
  endfacet
  facet normal 0.0589747 -0.998259 0
    outer loop
      vertex -1.49072 18.9414 2
      vertex -0.745936 18.9854 4.5
      vertex -1.49072 18.9414 4.5
    endloop
  endfacet
  facet normal 0.0589747 -0.998259 0
    outer loop
      vertex -0.745936 18.9854 4.5
      vertex -1.49072 18.9414 2
      vertex -0.745936 18.9854 2
    endloop
  endfacet
  facet normal 0.693098 -0.720843 0
    outer loop
      vertex -13.435 13.435 2
      vertex -12.8972 13.9521 4.5
      vertex -13.435 13.435 4.5
    endloop
  endfacet
  facet normal 0.693098 -0.720843 0
    outer loop
      vertex -12.8972 13.9521 4.5
      vertex -13.435 13.435 2
      vertex -12.8972 13.9521 2
    endloop
  endfacet
  facet normal 0.539214 -0.842169 0
    outer loop
      vertex -10.5558 15.7979 2
      vertex -9.92747 16.2002 4.5
      vertex -10.5558 15.7979 4.5
    endloop
  endfacet
  facet normal 0.539214 -0.842169 0
    outer loop
      vertex -9.92747 16.2002 4.5
      vertex -10.5558 15.7979 2
      vertex -9.92747 16.2002 2
    endloop
  endfacet
  facet normal 0.43641 -0.899748 0
    outer loop
      vertex -8.62582 16.9291 2
      vertex -7.95453 17.2547 4.5
      vertex -8.62582 16.9291 4.5
    endloop
  endfacet
  facet normal 0.43641 -0.899748 0
    outer loop
      vertex -7.95453 17.2547 4.5
      vertex -8.62582 16.9291 2
      vertex -7.95453 17.2547 2
    endloop
  endfacet
  facet normal 0.327704 -0.94478 0
    outer loop
      vertex -6.57622 17.8256 2
      vertex -5.87132 18.0701 4.5
      vertex -6.57622 17.8256 4.5
    endloop
  endfacet
  facet normal 0.327704 -0.94478 0
    outer loop
      vertex -5.87132 18.0701 4.5
      vertex -6.57622 17.8256 2
      vertex -5.87132 18.0701 2
    endloop
  endfacet
  facet normal 0.290193 -0.956968 0
    outer loop
      vertex -5.87132 18.0701 2
      vertex -5.15737 18.2866 4.5
      vertex -5.87132 18.0701 4.5
    endloop
  endfacet
  facet normal 0.290193 -0.956968 0
    outer loop
      vertex -5.15737 18.2866 4.5
      vertex -5.87132 18.0701 2
      vertex -5.15737 18.2866 2
    endloop
  endfacet
  facet normal 0.720843 -0.693098 0
    outer loop
      vertex -13.9521 12.8972 4.5
      vertex -13.435 13.435 2
      vertex -13.435 13.435 4.5
    endloop
  endfacet
  facet normal 0.720843 -0.693098 0
    outer loop
      vertex -13.435 13.435 2
      vertex -13.9521 12.8972 4.5
      vertex -13.9521 12.8972 2
    endloop
  endfacet
  facet normal 0.916183 -0.400759 0
    outer loop
      vertex -17.5537 7.27098 4.5
      vertex -17.2547 7.95453 2
      vertex -17.2547 7.95453 4.5
    endloop
  endfacet
  facet normal 0.916183 -0.400759 0
    outer loop
      vertex -17.2547 7.95453 2
      vertex -17.5537 7.27098 4.5
      vertex -17.5537 7.27098 2
    endloop
  endfacet
  facet normal 0.899748 -0.43641 0
    outer loop
      vertex -17.2547 7.95453 4.5
      vertex -16.9291 8.62582 2
      vertex -16.9291 8.62582 4.5
    endloop
  endfacet
  facet normal 0.899748 -0.43641 0
    outer loop
      vertex -16.9291 8.62582 2
      vertex -17.2547 7.95453 4.5
      vertex -17.2547 7.95453 2
    endloop
  endfacet
  facet normal 0.820408 -0.571779 0
    outer loop
      vertex -15.7979 10.5558 4.5
      vertex -15.3713 11.1679 2
      vertex -15.3713 11.1679 4.5
    endloop
  endfacet
  facet normal 0.820408 -0.571779 0
    outer loop
      vertex -15.3713 11.1679 2
      vertex -15.7979 10.5558 4.5
      vertex -15.7979 10.5558 2
    endloop
  endfacet
  facet normal 0.931226 -0.364443 0
    outer loop
      vertex -17.8256 6.57622 4.5
      vertex -17.5537 7.27098 2
      vertex -17.5537 7.27098 4.5
    endloop
  endfacet
  facet normal 0.931226 -0.364443 0
    outer loop
      vertex -17.5537 7.27098 2
      vertex -17.8256 6.57622 4.5
      vertex -17.8256 6.57622 2
    endloop
  endfacet
  facet normal 0.976763 -0.214321 0
    outer loop
      vertex -18.6349 3.70672 4.5
      vertex -18.475 4.43546 2
      vertex -18.475 4.43546 4.5
    endloop
  endfacet
  facet normal 0.976763 -0.214321 0
    outer loop
      vertex -18.475 4.43546 2
      vertex -18.6349 3.70672 4.5
      vertex -18.6349 3.70672 2
    endloop
  endfacet
  facet normal 0.995189 -0.0979788 0
    outer loop
      vertex -18.9414 1.49072 4.5
      vertex -18.8683 2.23321 2
      vertex -18.8683 2.23321 4.5
    endloop
  endfacet
  facet normal 0.995189 -0.0979788 0
    outer loop
      vertex -18.8683 2.23321 2
      vertex -18.9414 1.49072 4.5
      vertex -18.9414 1.49072 2
    endloop
  endfacet
  facet normal 0.999809 -0.019569 0
    outer loop
      vertex -19 0 4.5
      vertex -18.9854 0.745936 2
      vertex -18.9854 0.745936 4.5
    endloop
  endfacet
  facet normal 0.999809 -0.019569 0
    outer loop
      vertex -18.9854 0.745936 2
      vertex -19 0 4.5
      vertex -19 0 2
    endloop
  endfacet
  facet normal -0.998259 0.0589747 0
    outer loop
      vertex 18.9414 -1.49072 2
      vertex 18.9854 -0.745936 4.5
      vertex 18.9854 -0.745936 2
    endloop
  endfacet
  facet normal -0.998259 0.0589747 0
    outer loop
      vertex 18.9854 -0.745936 4.5
      vertex 18.9414 -1.49072 2
      vertex 18.9414 -1.49072 4.5
    endloop
  endfacet
  facet normal -0.984417 0.175849 0
    outer loop
      vertex 18.6349 -3.70672 2
      vertex 18.7661 -2.97225 4.5
      vertex 18.7661 -2.97225 2
    endloop
  endfacet
  facet normal -0.984417 0.175849 0
    outer loop
      vertex 18.7661 -2.97225 4.5
      vertex 18.6349 -3.70672 2
      vertex 18.6349 -3.70672 4.5
    endloop
  endfacet
  facet normal -0.931226 0.364443 0
    outer loop
      vertex 17.5537 -7.27098 2
      vertex 17.8256 -6.57622 4.5
      vertex 17.8256 -6.57622 2
    endloop
  endfacet
  facet normal -0.931226 0.364443 0
    outer loop
      vertex 17.8256 -6.57622 4.5
      vertex 17.5537 -7.27098 2
      vertex 17.5537 -7.27098 4.5
    endloop
  endfacet
  facet normal -0.967593 0.252517 0
    outer loop
      vertex 18.2866 -5.15737 2
      vertex 18.475 -4.43546 4.5
      vertex 18.475 -4.43546 2
    endloop
  endfacet
  facet normal -0.967593 0.252517 0
    outer loop
      vertex 18.475 -4.43546 4.5
      vertex 18.2866 -5.15737 2
      vertex 18.2866 -5.15737 4.5
    endloop
  endfacet
  facet normal -0.720843 0.693098 0
    outer loop
      vertex 13.435 -13.435 2
      vertex 13.9521 -12.8972 4.5
      vertex 13.9521 -12.8972 2
    endloop
  endfacet
  facet normal -0.720843 0.693098 0
    outer loop
      vertex 13.9521 -12.8972 4.5
      vertex 13.435 -13.435 2
      vertex 13.435 -13.435 4.5
    endloop
  endfacet
  facet normal -0.773001 0.634405 0
    outer loop
      vertex 14.4477 -12.3395 2
      vertex 14.921 -11.7628 4.5
      vertex 14.921 -11.7628 2
    endloop
  endfacet
  facet normal -0.773001 0.634405 0
    outer loop
      vertex 14.921 -11.7628 4.5
      vertex 14.4477 -12.3395 2
      vertex 14.4477 -12.3395 4.5
    endloop
  endfacet
  facet normal -0.747498 0.664264 0
    outer loop
      vertex 13.9521 -12.8972 2
      vertex 14.4477 -12.3395 4.5
      vertex 14.4477 -12.3395 2
    endloop
  endfacet
  facet normal -0.747498 0.664264 0
    outer loop
      vertex 14.4477 -12.3395 4.5
      vertex 13.9521 -12.8972 2
      vertex 13.9521 -12.8972 4.5
    endloop
  endfacet
  facet normal -0.820408 0.571779 0
    outer loop
      vertex 15.3713 -11.1679 2
      vertex 15.7979 -10.5558 4.5
      vertex 15.7979 -10.5558 2
    endloop
  endfacet
  facet normal -0.820408 0.571779 0
    outer loop
      vertex 15.7979 -10.5558 4.5
      vertex 15.3713 -11.1679 2
      vertex 15.3713 -11.1679 4.5
    endloop
  endfacet
  facet normal -0.364443 0.931226 0
    outer loop
      vertex 7.27098 -17.5537 2
      vertex 6.57622 -17.8256 4.5
      vertex 7.27098 -17.5537 4.5
    endloop
  endfacet
  facet normal -0.364443 0.931226 0
    outer loop
      vertex 6.57622 -17.8256 4.5
      vertex 7.27098 -17.5537 2
      vertex 6.57622 -17.8256 2
    endloop
  endfacet
  facet normal -0.252517 0.967593 0
    outer loop
      vertex 5.15737 -18.2866 2
      vertex 4.43546 -18.475 4.5
      vertex 5.15737 -18.2866 4.5
    endloop
  endfacet
  facet normal -0.252517 0.967593 0
    outer loop
      vertex 4.43546 -18.475 4.5
      vertex 5.15737 -18.2866 2
      vertex 4.43546 -18.475 2
    endloop
  endfacet
  facet normal -0.175849 0.984417 0
    outer loop
      vertex 3.70672 -18.6349 2
      vertex 2.97225 -18.7661 4.5
      vertex 3.70672 -18.6349 4.5
    endloop
  endfacet
  facet normal -0.175849 0.984417 0
    outer loop
      vertex 2.97225 -18.7661 4.5
      vertex 3.70672 -18.6349 2
      vertex 2.97225 -18.7661 2
    endloop
  endfacet
  facet normal -0.0589747 0.998259 0
    outer loop
      vertex 1.49072 -18.9414 2
      vertex 0.745936 -18.9854 4.5
      vertex 1.49072 -18.9414 4.5
    endloop
  endfacet
  facet normal -0.0589747 0.998259 0
    outer loop
      vertex 0.745936 -18.9854 4.5
      vertex 1.49072 -18.9414 2
      vertex 0.745936 -18.9854 2
    endloop
  endfacet
  facet normal -0.136984 0.990573 0
    outer loop
      vertex 2.97225 -18.7661 2
      vertex 2.23321 -18.8683 4.5
      vertex 2.97225 -18.7661 4.5
    endloop
  endfacet
  facet normal -0.136984 0.990573 0
    outer loop
      vertex 2.23321 -18.8683 4.5
      vertex 2.97225 -18.7661 2
      vertex 2.23321 -18.8683 2
    endloop
  endfacet
  facet normal -0.539214 0.842169 0
    outer loop
      vertex 10.5558 -15.7979 2
      vertex 9.92747 -16.2002 4.5
      vertex 10.5558 -15.7979 4.5
    endloop
  endfacet
  facet normal -0.539214 0.842169 0
    outer loop
      vertex 9.92747 -16.2002 4.5
      vertex 10.5558 -15.7979 2
      vertex 9.92747 -16.2002 2
    endloop
  endfacet
  facet normal 0.820408 0.571779 0
    outer loop
      vertex -15.3713 -11.1679 4.5
      vertex -15.7979 -10.5558 2
      vertex -15.7979 -10.5558 4.5
    endloop
  endfacet
  facet normal 0.820408 0.571779 0
    outer loop
      vertex -15.7979 -10.5558 2
      vertex -15.3713 -11.1679 4.5
      vertex -15.3713 -11.1679 2
    endloop
  endfacet
  facet normal 0.88192 0.471399 0
    outer loop
      vertex -16.5774 -9.2838 4.5
      vertex -16.9291 -8.62582 2
      vertex -16.9291 -8.62582 4.5
    endloop
  endfacet
  facet normal 0.88192 0.471399 0
    outer loop
      vertex -16.9291 -8.62582 2
      vertex -16.5774 -9.2838 4.5
      vertex -16.5774 -9.2838 2
    endloop
  endfacet
  facet normal 0.899748 0.43641 0
    outer loop
      vertex -16.9291 -8.62582 4.5
      vertex -17.2547 -7.95453 2
      vertex -17.2547 -7.95453 4.5
    endloop
  endfacet
  facet normal 0.899748 0.43641 0
    outer loop
      vertex -17.2547 -7.95453 2
      vertex -16.9291 -8.62582 4.5
      vertex -16.9291 -8.62582 2
    endloop
  endfacet
  facet normal 0.842169 0.539214 0
    outer loop
      vertex -15.7979 -10.5558 4.5
      vertex -16.2002 -9.92747 2
      vertex -16.2002 -9.92747 4.5
    endloop
  endfacet
  facet normal 0.842169 0.539214 0
    outer loop
      vertex -16.2002 -9.92747 2
      vertex -15.7979 -10.5558 4.5
      vertex -15.7979 -10.5558 2
    endloop
  endfacet
  facet normal 0.931226 0.364443 0
    outer loop
      vertex -17.5537 -7.27098 4.5
      vertex -17.8256 -6.57622 2
      vertex -17.8256 -6.57622 4.5
    endloop
  endfacet
  facet normal 0.931226 0.364443 0
    outer loop
      vertex -17.8256 -6.57622 2
      vertex -17.5537 -7.27098 4.5
      vertex -17.5537 -7.27098 2
    endloop
  endfacet
  facet normal 0.967593 0.252517 0
    outer loop
      vertex -18.2866 -5.15737 4.5
      vertex -18.475 -4.43546 2
      vertex -18.475 -4.43546 4.5
    endloop
  endfacet
  facet normal 0.967593 0.252517 0
    outer loop
      vertex -18.475 -4.43546 2
      vertex -18.2866 -5.15737 4.5
      vertex -18.2866 -5.15737 2
    endloop
  endfacet
  facet normal 0.984417 0.175849 0
    outer loop
      vertex -18.6349 -3.70672 4.5
      vertex -18.7661 -2.97225 2
      vertex -18.7661 -2.97225 4.5
    endloop
  endfacet
  facet normal 0.984417 0.175849 0
    outer loop
      vertex -18.7661 -2.97225 2
      vertex -18.6349 -3.70672 4.5
      vertex -18.6349 -3.70672 2
    endloop
  endfacet
  facet normal 0.998259 0.0589747 0
    outer loop
      vertex -18.9414 -1.49072 4.5
      vertex -18.9854 -0.745936 2
      vertex -18.9854 -0.745936 4.5
    endloop
  endfacet
  facet normal 0.998259 0.0589747 0
    outer loop
      vertex -18.9854 -0.745936 2
      vertex -18.9414 -1.49072 4.5
      vertex -18.9414 -1.49072 2
    endloop
  endfacet
  facet normal 0.990573 0.136984 0
    outer loop
      vertex -18.7661 -2.97225 4.5
      vertex -18.8683 -2.23321 2
      vertex -18.8683 -2.23321 4.5
    endloop
  endfacet
  facet normal 0.990573 0.136984 0
    outer loop
      vertex -18.8683 -2.23321 2
      vertex -18.7661 -2.97225 4.5
      vertex -18.7661 -2.97225 2
    endloop
  endfacet
  facet normal 0.634405 0.773001 -0
    outer loop
      vertex -11.7628 -14.921 2
      vertex -12.3395 -14.4477 4.5
      vertex -11.7628 -14.921 4.5
    endloop
  endfacet
  facet normal 0.634405 0.773001 0
    outer loop
      vertex -12.3395 -14.4477 4.5
      vertex -11.7628 -14.921 2
      vertex -12.3395 -14.4477 2
    endloop
  endfacet
  facet normal 0.505596 0.86277 -0
    outer loop
      vertex -9.2838 -16.5774 2
      vertex -9.92747 -16.2002 4.5
      vertex -9.2838 -16.5774 4.5
    endloop
  endfacet
  facet normal 0.505596 0.86277 0
    outer loop
      vertex -9.92747 -16.2002 4.5
      vertex -9.2838 -16.5774 2
      vertex -9.92747 -16.2002 2
    endloop
  endfacet
  facet normal 0.252517 0.967593 -0
    outer loop
      vertex -4.43546 -18.475 2
      vertex -5.15737 -18.2866 4.5
      vertex -4.43546 -18.475 4.5
    endloop
  endfacet
  facet normal 0.252517 0.967593 0
    outer loop
      vertex -5.15737 -18.2866 4.5
      vertex -4.43546 -18.475 2
      vertex -5.15737 -18.2866 2
    endloop
  endfacet
  facet normal 0.175849 0.984417 -0
    outer loop
      vertex -2.97225 -18.7661 2
      vertex -3.70672 -18.6349 4.5
      vertex -2.97225 -18.7661 4.5
    endloop
  endfacet
  facet normal 0.175849 0.984417 0
    outer loop
      vertex -3.70672 -18.6349 4.5
      vertex -2.97225 -18.7661 2
      vertex -3.70672 -18.6349 2
    endloop
  endfacet
  facet normal -0.136984 -0.990573 0
    outer loop
      vertex 2.23321 18.8683 2
      vertex 2.97225 18.7661 4.5
      vertex 2.23321 18.8683 4.5
    endloop
  endfacet
  facet normal -0.136984 -0.990573 -0
    outer loop
      vertex 2.97225 18.7661 4.5
      vertex 2.23321 18.8683 2
      vertex 2.97225 18.7661 2
    endloop
  endfacet
  facet normal -0.634405 -0.773001 0
    outer loop
      vertex 11.7628 14.921 2
      vertex 12.3395 14.4477 4.5
      vertex 11.7628 14.921 4.5
    endloop
  endfacet
  facet normal -0.634405 -0.773001 -0
    outer loop
      vertex 12.3395 14.4477 4.5
      vertex 11.7628 14.921 2
      vertex 12.3395 14.4477 2
    endloop
  endfacet
  facet normal -0.664264 -0.747498 0
    outer loop
      vertex 12.3395 14.4477 2
      vertex 12.8972 13.9521 4.5
      vertex 12.3395 14.4477 4.5
    endloop
  endfacet
  facet normal -0.664264 -0.747498 -0
    outer loop
      vertex 12.8972 13.9521 4.5
      vertex 12.3395 14.4477 2
      vertex 12.8972 13.9521 2
    endloop
  endfacet
  facet normal -0.471399 -0.88192 0
    outer loop
      vertex 8.62582 16.9291 2
      vertex 9.2838 16.5774 4.5
      vertex 8.62582 16.9291 4.5
    endloop
  endfacet
  facet normal -0.471399 -0.88192 -0
    outer loop
      vertex 9.2838 16.5774 4.5
      vertex 8.62582 16.9291 2
      vertex 9.2838 16.5774 2
    endloop
  endfacet
  facet normal -0.400759 -0.916183 0
    outer loop
      vertex 7.27098 17.5537 2
      vertex 7.95453 17.2547 4.5
      vertex 7.27098 17.5537 4.5
    endloop
  endfacet
  facet normal -0.400759 -0.916183 -0
    outer loop
      vertex 7.95453 17.2547 4.5
      vertex 7.27098 17.5537 2
      vertex 7.95453 17.2547 2
    endloop
  endfacet
  facet normal -0.539214 -0.842169 0
    outer loop
      vertex 9.92747 16.2002 2
      vertex 10.5558 15.7979 4.5
      vertex 9.92747 16.2002 4.5
    endloop
  endfacet
  facet normal -0.539214 -0.842169 -0
    outer loop
      vertex 10.5558 15.7979 4.5
      vertex 9.92747 16.2002 2
      vertex 10.5558 15.7979 2
    endloop
  endfacet
  facet normal -0.842169 -0.539214 0
    outer loop
      vertex 16.2002 9.92747 2
      vertex 15.7979 10.5558 4.5
      vertex 15.7979 10.5558 2
    endloop
  endfacet
  facet normal -0.842169 -0.539214 0
    outer loop
      vertex 15.7979 10.5558 4.5
      vertex 16.2002 9.92747 2
      vertex 16.2002 9.92747 4.5
    endloop
  endfacet
  facet normal -0.773001 -0.634405 0
    outer loop
      vertex 14.921 11.7628 2
      vertex 14.4477 12.3395 4.5
      vertex 14.4477 12.3395 2
    endloop
  endfacet
  facet normal -0.773001 -0.634405 0
    outer loop
      vertex 14.4477 12.3395 4.5
      vertex 14.921 11.7628 2
      vertex 14.921 11.7628 4.5
    endloop
  endfacet
  facet normal -0.899739 -0.436428 0
    outer loop
      vertex 17.1986 8.07022 2
      vertex 16.9291 8.62582 4.5
      vertex 16.9291 8.62582 2
    endloop
  endfacet
  facet normal -0.89979 -0.436323 -0
    outer loop
      vertex 17.2547 7.95453 4.5
      vertex 17.1986 8.07022 2
      vertex 17.2547 7.95453 2
    endloop
  endfacet
  facet normal -0.899748 -0.43641 -4.98333e-06
    outer loop
      vertex 17.1986 8.07022 2
      vertex 17.2547 7.95453 4.5
      vertex 16.9291 8.62582 4.5
    endloop
  endfacet
  facet normal -0.956968 -0.290193 0
    outer loop
      vertex 18.2866 5.15737 2
      vertex 18.0701 5.87132 4.5
      vertex 18.0701 5.87132 2
    endloop
  endfacet
  facet normal -0.956968 -0.290193 0
    outer loop
      vertex 18.0701 5.87132 4.5
      vertex 18.2866 5.15737 2
      vertex 18.2866 5.15737 4.5
    endloop
  endfacet
  facet normal -0.984417 -0.175849 0
    outer loop
      vertex 18.7661 2.97225 2
      vertex 18.6349 3.70672 4.5
      vertex 18.6349 3.70672 2
    endloop
  endfacet
  facet normal -0.984417 -0.175849 0
    outer loop
      vertex 18.6349 3.70672 4.5
      vertex 18.7661 2.97225 2
      vertex 18.7661 2.97225 4.5
    endloop
  endfacet
  facet normal -0.998259 -0.0589747 0
    outer loop
      vertex 18.9854 0.745936 2
      vertex 18.9414 1.49072 4.5
      vertex 18.9414 1.49072 2
    endloop
  endfacet
  facet normal -0.998259 -0.0589747 0
    outer loop
      vertex 18.9414 1.49072 4.5
      vertex 18.9854 0.745936 2
      vertex 18.9854 0.745936 4.5
    endloop
  endfacet
  facet normal -0.990573 -0.136984 0
    outer loop
      vertex 18.8683 2.23321 2
      vertex 18.7661 2.97225 4.5
      vertex 18.7661 2.97225 2
    endloop
  endfacet
  facet normal -0.990573 -0.136984 0
    outer loop
      vertex 18.7661 2.97225 4.5
      vertex 18.8683 2.23321 2
      vertex 18.8683 2.23321 4.5
    endloop
  endfacet
  facet normal 0.664264 -0.747498 0
    outer loop
      vertex -12.8972 13.9521 2
      vertex -12.3395 14.4477 4.5
      vertex -12.8972 13.9521 4.5
    endloop
  endfacet
  facet normal 0.664264 -0.747498 0
    outer loop
      vertex -12.3395 14.4477 4.5
      vertex -12.8972 13.9521 2
      vertex -12.3395 14.4477 2
    endloop
  endfacet
  facet normal 0.571779 -0.820408 0
    outer loop
      vertex -11.1679 15.3713 2
      vertex -10.5558 15.7979 4.5
      vertex -11.1679 15.3713 4.5
    endloop
  endfacet
  facet normal 0.571779 -0.820408 0
    outer loop
      vertex -10.5558 15.7979 4.5
      vertex -11.1679 15.3713 2
      vertex -10.5558 15.7979 2
    endloop
  endfacet
  facet normal 0.505596 -0.86277 0
    outer loop
      vertex -9.92747 16.2002 2
      vertex -9.2838 16.5774 4.5
      vertex -9.92747 16.2002 4.5
    endloop
  endfacet
  facet normal 0.505596 -0.86277 0
    outer loop
      vertex -9.2838 16.5774 4.5
      vertex -9.92747 16.2002 2
      vertex -9.2838 16.5774 2
    endloop
  endfacet
  facet normal 0.471399 -0.88192 0
    outer loop
      vertex -9.2838 16.5774 2
      vertex -8.62582 16.9291 4.5
      vertex -9.2838 16.5774 4.5
    endloop
  endfacet
  facet normal 0.471399 -0.88192 0
    outer loop
      vertex -8.62582 16.9291 4.5
      vertex -9.2838 16.5774 2
      vertex -8.62582 16.9291 2
    endloop
  endfacet
  facet normal 0.214321 -0.976763 0
    outer loop
      vertex -4.43546 18.475 2
      vertex -3.70672 18.6349 4.5
      vertex -4.43546 18.475 4.5
    endloop
  endfacet
  facet normal 0.214321 -0.976763 0
    outer loop
      vertex -3.70672 18.6349 4.5
      vertex -4.43546 18.475 2
      vertex -3.70672 18.6349 2
    endloop
  endfacet
  facet normal 0.0979788 -0.995189 0
    outer loop
      vertex -2.23321 18.8683 2
      vertex -1.49072 18.9414 4.5
      vertex -2.23321 18.8683 4.5
    endloop
  endfacet
  facet normal 0.0979788 -0.995189 0
    outer loop
      vertex -1.49072 18.9414 4.5
      vertex -2.23321 18.8683 2
      vertex -1.49072 18.9414 2
    endloop
  endfacet
  facet normal 0.019569 -0.999809 0
    outer loop
      vertex -0.745936 18.9854 2
      vertex 0 19 4.5
      vertex -0.745936 18.9854 4.5
    endloop
  endfacet
  facet normal 0.019569 -0.999809 0
    outer loop
      vertex 0 19 4.5
      vertex -0.745936 18.9854 2
      vertex 0 19 2
    endloop
  endfacet
  facet normal 0.773001 -0.634405 0
    outer loop
      vertex -14.921 11.7628 4.5
      vertex -14.4477 12.3395 2
      vertex -14.4477 12.3395 4.5
    endloop
  endfacet
  facet normal 0.773001 -0.634405 0
    outer loop
      vertex -14.4477 12.3395 2
      vertex -14.921 11.7628 4.5
      vertex -14.921 11.7628 2
    endloop
  endfacet
  facet normal 0.842169 -0.539214 0
    outer loop
      vertex -16.2002 9.92747 4.5
      vertex -15.7979 10.5558 2
      vertex -15.7979 10.5558 4.5
    endloop
  endfacet
  facet normal 0.842169 -0.539214 0
    outer loop
      vertex -15.7979 10.5558 2
      vertex -16.2002 9.92747 4.5
      vertex -16.2002 9.92747 2
    endloop
  endfacet
  facet normal 0.88192 -0.471399 0
    outer loop
      vertex -16.9291 8.62582 4.5
      vertex -16.5774 9.2838 2
      vertex -16.5774 9.2838 4.5
    endloop
  endfacet
  facet normal 0.88192 -0.471399 0
    outer loop
      vertex -16.5774 9.2838 2
      vertex -16.9291 8.62582 4.5
      vertex -16.9291 8.62582 2
    endloop
  endfacet
  facet normal 0.797338 -0.603532 0
    outer loop
      vertex -15.3713 11.1679 4.5
      vertex -14.921 11.7628 2
      vertex -14.921 11.7628 4.5
    endloop
  endfacet
  facet normal 0.797338 -0.603532 0
    outer loop
      vertex -14.921 11.7628 2
      vertex -15.3713 11.1679 4.5
      vertex -15.3713 11.1679 2
    endloop
  endfacet
  facet normal 0.967593 -0.252517 0
    outer loop
      vertex -18.475 4.43546 4.5
      vertex -18.2866 5.15737 2
      vertex -18.2866 5.15737 4.5
    endloop
  endfacet
  facet normal 0.967593 -0.252517 0
    outer loop
      vertex -18.2866 5.15737 2
      vertex -18.475 4.43546 4.5
      vertex -18.475 4.43546 2
    endloop
  endfacet
  facet normal 0.998259 -0.0589747 0
    outer loop
      vertex -18.9854 0.745936 4.5
      vertex -18.9414 1.49072 2
      vertex -18.9414 1.49072 4.5
    endloop
  endfacet
  facet normal 0.998259 -0.0589747 0
    outer loop
      vertex -18.9414 1.49072 2
      vertex -18.9854 0.745936 4.5
      vertex -18.9854 0.745936 2
    endloop
  endfacet
  facet normal 0.990573 -0.136984 0
    outer loop
      vertex -18.8683 2.23321 4.5
      vertex -18.7661 2.97225 2
      vertex -18.7661 2.97225 4.5
    endloop
  endfacet
  facet normal 0.990573 -0.136984 0
    outer loop
      vertex -18.7661 2.97225 2
      vertex -18.8683 2.23321 4.5
      vertex -18.8683 2.23321 2
    endloop
  endfacet
  facet normal 0.773001 0.634405 0
    outer loop
      vertex -14.4477 -12.3395 4.5
      vertex -14.921 -11.7628 2
      vertex -14.921 -11.7628 4.5
    endloop
  endfacet
  facet normal 0.773001 0.634405 0
    outer loop
      vertex -14.921 -11.7628 2
      vertex -14.4477 -12.3395 4.5
      vertex -14.4477 -12.3395 2
    endloop
  endfacet
  facet normal 0.747498 0.664264 0
    outer loop
      vertex -13.9521 -12.8972 4.5
      vertex -14.4477 -12.3395 2
      vertex -14.4477 -12.3395 4.5
    endloop
  endfacet
  facet normal 0.747498 0.664264 0
    outer loop
      vertex -14.4477 -12.3395 2
      vertex -13.9521 -12.8972 4.5
      vertex -13.9521 -12.8972 2
    endloop
  endfacet
  facet normal 0.720843 0.693098 0
    outer loop
      vertex -13.435 -13.435 4.5
      vertex -13.9521 -12.8972 2
      vertex -13.9521 -12.8972 4.5
    endloop
  endfacet
  facet normal 0.720843 0.693098 0
    outer loop
      vertex -13.9521 -12.8972 2
      vertex -13.435 -13.435 4.5
      vertex -13.435 -13.435 2
    endloop
  endfacet
  facet normal -0.175849 -0.984417 0
    outer loop
      vertex 2.97225 18.7661 2
      vertex 3.70672 18.6349 4.5
      vertex 2.97225 18.7661 4.5
    endloop
  endfacet
  facet normal -0.175849 -0.984417 -0
    outer loop
      vertex 3.70672 18.6349 4.5
      vertex 2.97225 18.7661 2
      vertex 3.70672 18.6349 2
    endloop
  endfacet
  facet normal -0.290193 -0.956968 0
    outer loop
      vertex 5.15737 18.2866 2
      vertex 5.87132 18.0701 4.5
      vertex 5.15737 18.2866 4.5
    endloop
  endfacet
  facet normal -0.290193 -0.956968 -0
    outer loop
      vertex 5.87132 18.0701 4.5
      vertex 5.15737 18.2866 2
      vertex 5.87132 18.0701 2
    endloop
  endfacet
  facet normal -0.43641 -0.899748 0
    outer loop
      vertex 7.95453 17.2547 2
      vertex 8.62582 16.9291 4.5
      vertex 7.95453 17.2547 4.5
    endloop
  endfacet
  facet normal -0.43641 -0.899748 -0
    outer loop
      vertex 8.62582 16.9291 4.5
      vertex 7.95453 17.2547 2
      vertex 8.62582 16.9291 2
    endloop
  endfacet
  facet normal -0.571779 -0.820408 0
    outer loop
      vertex 10.5558 15.7979 2
      vertex 11.1679 15.3713 4.5
      vertex 10.5558 15.7979 4.5
    endloop
  endfacet
  facet normal -0.571779 -0.820408 -0
    outer loop
      vertex 11.1679 15.3713 4.5
      vertex 10.5558 15.7979 2
      vertex 11.1679 15.3713 2
    endloop
  endfacet
  facet normal -0.916183 -0.400759 0
    outer loop
      vertex 17.5537 7.27098 2
      vertex 17.2547 7.95453 4.5
      vertex 17.2547 7.95453 2
    endloop
  endfacet
  facet normal -0.916183 -0.400759 0
    outer loop
      vertex 17.2547 7.95453 4.5
      vertex 17.5537 7.27098 2
      vertex 17.5537 7.27098 4.5
    endloop
  endfacet
  facet normal -0.967593 -0.252517 0
    outer loop
      vertex 18.475 4.43546 2
      vertex 18.2866 5.15737 4.5
      vertex 18.2866 5.15737 2
    endloop
  endfacet
  facet normal -0.967593 -0.252517 0
    outer loop
      vertex 18.2866 5.15737 4.5
      vertex 18.475 4.43546 2
      vertex 18.475 4.43546 4.5
    endloop
  endfacet
  facet normal -0.995189 -0.0979788 0
    outer loop
      vertex 18.9414 1.49072 2
      vertex 18.8683 2.23321 4.5
      vertex 18.8683 2.23321 2
    endloop
  endfacet
  facet normal -0.995189 -0.0979788 0
    outer loop
      vertex 18.8683 2.23321 4.5
      vertex 18.9414 1.49072 2
      vertex 18.9414 1.49072 4.5
    endloop
  endfacet
  facet normal 0.634405 -0.773001 0
    outer loop
      vertex -12.3395 14.4477 2
      vertex -11.7628 14.921 4.5
      vertex -12.3395 14.4477 4.5
    endloop
  endfacet
  facet normal 0.634405 -0.773001 0
    outer loop
      vertex -11.7628 14.921 4.5
      vertex -12.3395 14.4477 2
      vertex -11.7628 14.921 2
    endloop
  endfacet
  facet normal 0.252517 -0.967593 0
    outer loop
      vertex -5.15737 18.2866 2
      vertex -4.43546 18.475 4.5
      vertex -5.15737 18.2866 4.5
    endloop
  endfacet
  facet normal 0.252517 -0.967593 0
    outer loop
      vertex -4.43546 18.475 4.5
      vertex -5.15737 18.2866 2
      vertex -4.43546 18.475 2
    endloop
  endfacet
  facet normal 0.136984 -0.990573 0
    outer loop
      vertex -2.97225 18.7661 2
      vertex -2.23321 18.8683 4.5
      vertex -2.97225 18.7661 4.5
    endloop
  endfacet
  facet normal 0.136984 -0.990573 0
    outer loop
      vertex -2.23321 18.8683 4.5
      vertex -2.97225 18.7661 2
      vertex -2.23321 18.8683 2
    endloop
  endfacet
  facet normal 0.747498 -0.664264 0
    outer loop
      vertex -14.4477 12.3395 4.5
      vertex -13.9521 12.8972 2
      vertex -13.9521 12.8972 4.5
    endloop
  endfacet
  facet normal 0.747498 -0.664264 0
    outer loop
      vertex -13.9521 12.8972 2
      vertex -14.4477 12.3395 4.5
      vertex -14.4477 12.3395 2
    endloop
  endfacet
  facet normal 0.86277 -0.505596 0
    outer loop
      vertex -16.5774 9.2838 4.5
      vertex -16.2002 9.92747 2
      vertex -16.2002 9.92747 4.5
    endloop
  endfacet
  facet normal 0.86277 -0.505596 0
    outer loop
      vertex -16.2002 9.92747 2
      vertex -16.5774 9.2838 4.5
      vertex -16.5774 9.2838 2
    endloop
  endfacet
  facet normal 0.956968 -0.290193 0
    outer loop
      vertex -18.2866 5.15737 4.5
      vertex -18.0701 5.87132 2
      vertex -18.0701 5.87132 4.5
    endloop
  endfacet
  facet normal 0.956968 -0.290193 0
    outer loop
      vertex -18.0701 5.87132 2
      vertex -18.2866 5.15737 4.5
      vertex -18.2866 5.15737 2
    endloop
  endfacet
  facet normal 0.984417 -0.175849 0
    outer loop
      vertex -18.7661 2.97225 4.5
      vertex -18.6349 3.70672 2
      vertex -18.6349 3.70672 4.5
    endloop
  endfacet
  facet normal 0.984417 -0.175849 0
    outer loop
      vertex -18.6349 3.70672 2
      vertex -18.7661 2.97225 4.5
      vertex -18.7661 2.97225 2
    endloop
  endfacet
endsolid OpenSCAD_Model
