solid OpenSCAD_Model
  facet normal 0.693157 -0.720787 0
    outer loop
      vertex 13.576 -14.6865 0
      vertex 14.1421 -14.1421 2
      vertex 13.576 -14.6865 2
    endloop
  endfacet
  facet normal 0.693157 -0.720787 0
    outer loop
      vertex 14.1421 -14.1421 2
      vertex 13.576 -14.6865 0
      vertex 14.1421 -14.1421 0
    endloop
  endfacet
  facet normal -0.36443 -0.931231 0
    outer loop
      vertex -7.65367 -18.4776 0
      vertex -6.92234 -18.7638 2
      vertex -7.65367 -18.4776 2
    endloop
  endfacet
  facet normal -0.36443 -0.931231 -0
    outer loop
      vertex -6.92234 -18.7638 2
      vertex -7.65367 -18.4776 0
      vertex -6.92234 -18.7638 0
    endloop
  endfacet
  facet normal -0.916199 -0.400723 0
    outer loop
      vertex -18.1629 -8.37319 0
      vertex -18.4776 -7.65367 2
      vertex -18.4776 -7.65367 0
    endloop
  endfacet
  facet normal -0.916199 -0.400723 0
    outer loop
      vertex -18.4776 -7.65367 2
      vertex -18.1629 -8.37319 0
      vertex -18.1629 -8.37319 2
    endloop
  endfacet
  facet normal 0.967597 -0.2525 0
    outer loop
      vertex 19.2491 -5.42881 2
      vertex 19.4474 -4.66891 0
      vertex 19.4474 -4.66891 2
    endloop
  endfacet
  facet normal 0.967597 -0.2525 0
    outer loop
      vertex 19.4474 -4.66891 0
      vertex 19.2491 -5.42881 2
      vertex 19.2491 -5.42881 0
    endloop
  endfacet
  facet normal 0.916199 -0.400723 0
    outer loop
      vertex 18.1629 -8.37319 2
      vertex 18.4776 -7.65367 0
      vertex 18.4776 -7.65367 2
    endloop
  endfacet
  facet normal 0.916199 -0.400723 0
    outer loop
      vertex 18.4776 -7.65367 0
      vertex 18.1629 -8.37319 2
      vertex 18.1629 -8.37319 0
    endloop
  endfacet
  facet normal 0.400723 -0.916199 0
    outer loop
      vertex 7.65367 -18.4776 0
      vertex 8.37319 -18.1629 2
      vertex 7.65367 -18.4776 2
    endloop
  endfacet
  facet normal 0.400723 -0.916199 0
    outer loop
      vertex 8.37319 -18.1629 2
      vertex 7.65367 -18.4776 0
      vertex 8.37319 -18.1629 0
    endloop
  endfacet
  facet normal -0.720787 -0.693157 0
    outer loop
      vertex -14.1421 -14.1421 0
      vertex -14.6865 -13.576 2
      vertex -14.6865 -13.576 0
    endloop
  endfacet
  facet normal -0.720787 -0.693157 0
    outer loop
      vertex -14.6865 -13.576 2
      vertex -14.1421 -14.1421 0
      vertex -14.1421 -14.1421 2
    endloop
  endfacet
  facet normal -0.175844 -0.984418 0
    outer loop
      vertex -3.90181 -19.6157 0
      vertex -3.12869 -19.7538 2
      vertex -3.90181 -19.6157 2
    endloop
  endfacet
  facet normal -0.175844 -0.984418 -0
    outer loop
      vertex -3.12869 -19.7538 2
      vertex -3.90181 -19.6157 0
      vertex -3.12869 -19.7538 0
    endloop
  endfacet
  facet normal 0.720787 0.693157 0
    outer loop
      vertex 14.6865 13.576 2
      vertex 14.1421 14.1421 0
      vertex 14.1421 14.1421 2
    endloop
  endfacet
  facet normal 0.720787 0.693157 0
    outer loop
      vertex 14.1421 14.1421 0
      vertex 14.6865 13.576 2
      vertex 14.6865 13.576 0
    endloop
  endfacet
  facet normal -0.693157 0.720787 0
    outer loop
      vertex -13.576 14.6865 0
      vertex -14.1421 14.1421 2
      vertex -13.576 14.6865 2
    endloop
  endfacet
  facet normal -0.693157 0.720787 0
    outer loop
      vertex -14.1421 14.1421 2
      vertex -13.576 14.6865 0
      vertex -14.1421 14.1421 0
    endloop
  endfacet
  facet normal 0.984418 -0.175844 0
    outer loop
      vertex 19.6157 -3.90181 2
      vertex 19.7538 -3.12869 0
      vertex 19.7538 -3.12869 2
    endloop
  endfacet
  facet normal 0.984418 -0.175844 0
    outer loop
      vertex 19.7538 -3.12869 0
      vertex 19.6157 -3.90181 2
      vertex 19.6157 -3.90181 0
    endloop
  endfacet
  facet normal 0.842211 -0.539148 0
    outer loop
      vertex 16.6294 -11.1114 2
      vertex 17.0528 -10.45 0
      vertex 17.0528 -10.45 2
    endloop
  endfacet
  facet normal 0.842211 -0.539148 0
    outer loop
      vertex 17.0528 -10.45 0
      vertex 16.6294 -11.1114 2
      vertex 16.6294 -11.1114 0
    endloop
  endfacet
  facet normal 0.571829 -0.820373 0
    outer loop
      vertex 11.1114 -16.6294 0
      vertex 11.7557 -16.1803 2
      vertex 11.1114 -16.6294 2
    endloop
  endfacet
  facet normal 0.571829 -0.820373 0
    outer loop
      vertex 11.7557 -16.1803 2
      vertex 11.1114 -16.6294 0
      vertex 11.7557 -16.1803 0
    endloop
  endfacet
  facet normal 0.0196092 -0.999808 0
    outer loop
      vertex 0 -20 0
      vertex 0.785196 -19.9846 2
      vertex 0 -20 2
    endloop
  endfacet
  facet normal 0.0196092 -0.999808 0
    outer loop
      vertex 0.785196 -19.9846 2
      vertex 0 -20 0
      vertex 0.785196 -19.9846 0
    endloop
  endfacet
  facet normal 0.214301 -0.976768 0
    outer loop
      vertex 3.90181 -19.6157 0
      vertex 4.66891 -19.4474 2
      vertex 3.90181 -19.6157 2
    endloop
  endfacet
  facet normal 0.214301 -0.976768 0
    outer loop
      vertex 4.66891 -19.4474 2
      vertex 3.90181 -19.6157 0
      vertex 4.66891 -19.4474 0
    endloop
  endfacet
  facet normal -0.999808 -0.0196092 0
    outer loop
      vertex -19.9846 -0.785196 0
      vertex -20 0 2
      vertex -20 0 0
    endloop
  endfacet
  facet normal -0.999808 -0.0196092 0
    outer loop
      vertex -20 0 2
      vertex -19.9846 -0.785196 0
      vertex -19.9846 -0.785196 2
    endloop
  endfacet
  facet normal -0.976768 -0.214301 0
    outer loop
      vertex -19.4474 -4.66891 0
      vertex -19.6157 -3.90181 2
      vertex -19.6157 -3.90181 0
    endloop
  endfacet
  facet normal -0.976768 -0.214301 0
    outer loop
      vertex -19.6157 -3.90181 2
      vertex -19.4474 -4.66891 0
      vertex -19.4474 -4.66891 2
    endloop
  endfacet
  facet normal -0.820373 -0.571829 0
    outer loop
      vertex -16.1803 -11.7557 0
      vertex -16.6294 -11.1114 2
      vertex -16.6294 -11.1114 0
    endloop
  endfacet
  facet normal -0.820373 -0.571829 0
    outer loop
      vertex -16.6294 -11.1114 2
      vertex -16.1803 -11.7557 0
      vertex -16.1803 -11.7557 2
    endloop
  endfacet
  facet normal -0.0979189 -0.995194 0
    outer loop
      vertex -2.35075 -19.8614 0
      vertex -1.56918 -19.9383 2
      vertex -2.35075 -19.8614 2
    endloop
  endfacet
  facet normal -0.0979189 -0.995194 -0
    outer loop
      vertex -1.56918 -19.9383 2
      vertex -2.35075 -19.8614 0
      vertex -1.56918 -19.9383 0
    endloop
  endfacet
  facet normal -0.539148 -0.842211 0
    outer loop
      vertex -11.1114 -16.6294 0
      vertex -10.45 -17.0528 2
      vertex -11.1114 -16.6294 2
    endloop
  endfacet
  facet normal -0.539148 -0.842211 -0
    outer loop
      vertex -10.45 -17.0528 2
      vertex -11.1114 -16.6294 0
      vertex -10.45 -17.0528 0
    endloop
  endfacet
  facet normal -0.471389 -0.881925 0
    outer loop
      vertex -9.77242 -17.4499 0
      vertex -9.07981 -17.8201 2
      vertex -9.77242 -17.4499 2
    endloop
  endfacet
  facet normal -0.471389 -0.881925 -0
    outer loop
      vertex -9.07981 -17.8201 2
      vertex -9.77242 -17.4499 0
      vertex -9.07981 -17.8201 0
    endloop
  endfacet
  facet normal 0.999808 -0.0196092 0
    outer loop
      vertex 19.9846 -0.785196 2
      vertex 20 0 0
      vertex 20 0 2
    endloop
  endfacet
  facet normal 0.999808 -0.0196092 0
    outer loop
      vertex 20 0 0
      vertex 19.9846 -0.785196 2
      vertex 19.9846 -0.785196 0
    endloop
  endfacet
  facet normal 0 0 1
    outer loop
      vertex 11.82 13.8394 2
      vertex 12.989 15.2081 2
      vertex 12.3819 15.7063 2
    endloop
  endfacet
  facet normal 0 0 1
    outer loop
      vertex 12.989 15.2081 2
      vertex 12.3542 13.3647 2
      vertex 12.635 13.0946 2
    endloop
  endfacet
  facet normal 0 0 1
    outer loop
      vertex 12.989 15.2081 2
      vertex 11.82 13.8394 2
      vertex 12.3542 13.3647 2
    endloop
  endfacet
  facet normal 0 0 1
    outer loop
      vertex 11.2675 14.2928 2
      vertex 12.3819 15.7063 2
      vertex 11.7557 16.1803 2
    endloop
  endfacet
  facet normal 0 0 1
    outer loop
      vertex 12.3819 15.7063 2
      vertex 11.2675 14.2928 2
      vertex 11.82 13.8394 2
    endloop
  endfacet
  facet normal 0 0 1
    outer loop
      vertex 10.6977 14.7241 2
      vertex 11.7557 16.1803 2
      vertex 11.1114 16.6294 2
    endloop
  endfacet
  facet normal 0 0 1
    outer loop
      vertex 11.7557 16.1803 2
      vertex 10.6977 14.7241 2
      vertex 11.2675 14.2928 2
    endloop
  endfacet
  facet normal 0 0 1
    outer loop
      vertex 10.1114 15.1327 2
      vertex 11.1114 16.6294 2
      vertex 10.45 17.0528 2
    endloop
  endfacet
  facet normal 0 0 1
    outer loop
      vertex 11.1114 16.6294 2
      vertex 10.1114 15.1327 2
      vertex 10.6977 14.7241 2
    endloop
  endfacet
  facet normal 0 0 1
    outer loop
      vertex 9.50947 15.5181 2
      vertex 10.45 17.0528 2
      vertex 9.77242 17.4499 2
    endloop
  endfacet
  facet normal 0 0 1
    outer loop
      vertex 10.45 17.0528 2
      vertex 9.50947 15.5181 2
      vertex 10.1114 15.1327 2
    endloop
  endfacet
  facet normal 0 0 1
    outer loop
      vertex 8.89291 15.8794 2
      vertex 9.77242 17.4499 2
      vertex 9.07981 17.8201 2
    endloop
  endfacet
  facet normal 0 0 1
    outer loop
      vertex 9.77242 17.4499 2
      vertex 8.89291 15.8794 2
      vertex 9.50947 15.5181 2
    endloop
  endfacet
  facet normal 0 0 1
    outer loop
      vertex 8.26263 16.2163 2
      vertex 9.07981 17.8201 2
      vertex 8.37319 18.1629 2
    endloop
  endfacet
  facet normal 0 0 1
    outer loop
      vertex 9.07981 17.8201 2
      vertex 8.26263 16.2163 2
      vertex 8.89291 15.8794 2
    endloop
  endfacet
  facet normal 0 0 1
    outer loop
      vertex 7.61961 16.5282 2
      vertex 8.37319 18.1629 2
      vertex 7.65367 18.4776 2
    endloop
  endfacet
  facet normal 0 0 1
    outer loop
      vertex 8.37319 18.1629 2
      vertex 7.61961 16.5282 2
      vertex 8.26263 16.2163 2
    endloop
  endfacet
  facet normal 0 0 1
    outer loop
      vertex 7.65367 18.4776 2
      vertex 6.96484 16.8146 2
      vertex 7.61961 16.5282 2
    endloop
  endfacet
  facet normal 0 0 1
    outer loop
      vertex 6.92234 18.7638 2
      vertex 6.96484 16.8146 2
      vertex 7.65367 18.4776 2
    endloop
  endfacet
  facet normal 0 0 1
    outer loop
      vertex 6.92234 18.7638 2
      vertex 6.29933 17.0751 2
      vertex 6.96484 16.8146 2
    endloop
  endfacet
  facet normal 0 0 1
    outer loop
      vertex 6.18034 19.0211 2
      vertex 6.29933 17.0751 2
      vertex 6.92234 18.7638 2
    endloop
  endfacet
  facet normal 0 0 1
    outer loop
      vertex 6.18034 19.0211 2
      vertex 5.62411 17.3092 2
      vertex 6.29933 17.0751 2
    endloop
  endfacet
  facet normal 0 0 1
    outer loop
      vertex 5.42881 19.2491 2
      vertex 5.62411 17.3092 2
      vertex 6.18034 19.0211 2
    endloop
  endfacet
  facet normal 0 0 1
    outer loop
      vertex 5.42881 19.2491 2
      vertex 4.94022 17.5167 2
      vertex 5.62411 17.3092 2
    endloop
  endfacet
  facet normal 0 0 1
    outer loop
      vertex 4.66891 19.4474 2
      vertex 4.94022 17.5167 2
      vertex 5.42881 19.2491 2
    endloop
  endfacet
  facet normal 0 0 1
    outer loop
      vertex 4.66891 19.4474 2
      vertex 4.2487 17.6971 2
      vertex 4.94022 17.5167 2
    endloop
  endfacet
  facet normal 0 0 1
    outer loop
      vertex 3.90181 19.6157 2
      vertex 4.2487 17.6971 2
      vertex 4.66891 19.4474 2
    endloop
  endfacet
  facet normal 0 0 1
    outer loop
      vertex 3.90181 19.6157 2
      vertex 3.55064 17.8503 2
      vertex 4.2487 17.6971 2
    endloop
  endfacet
  facet normal 0 0 1
    outer loop
      vertex 3.12869 19.7538 2
      vertex 3.55064 17.8503 2
      vertex 3.90181 19.6157 2
    endloop
  endfacet
  facet normal 0 0 1
    outer loop
      vertex 3.12869 19.7538 2
      vertex 2.84711 17.9759 2
      vertex 3.55064 17.8503 2
    endloop
  endfacet
  facet normal 0 0 1
    outer loop
      vertex 2.35075 19.8614 2
      vertex 2.84711 17.9759 2
      vertex 3.12869 19.7538 2
    endloop
  endfacet
  facet normal 0 0 1
    outer loop
      vertex 2.35075 19.8614 2
      vertex 2.13918 18.0738 2
      vertex 2.84711 17.9759 2
    endloop
  endfacet
  facet normal 0 0 1
    outer loop
      vertex 1.56918 19.9383 2
      vertex 2.13918 18.0738 2
      vertex 2.35075 19.8614 2
    endloop
  endfacet
  facet normal 0 0 1
    outer loop
      vertex 1.56918 19.9383 2
      vertex 1.42795 18.1439 2
      vertex 2.13918 18.0738 2
    endloop
  endfacet
  facet normal 0 0 1
    outer loop
      vertex 0.785196 19.9846 2
      vertex 1.42795 18.1439 2
      vertex 1.56918 19.9383 2
    endloop
  endfacet
  facet normal 0 0 1
    outer loop
      vertex 0.785196 19.9846 2
      vertex 0.714528 18.186 2
      vertex 1.42795 18.1439 2
    endloop
  endfacet
  facet normal 0 0 1
    outer loop
      vertex 0 20 2
      vertex 0.714528 18.186 2
      vertex 0.785196 19.9846 2
    endloop
  endfacet
  facet normal 0 0 1
    outer loop
      vertex 0 20 2
      vertex 0 18.2 2
      vertex 0.714528 18.186 2
    endloop
  endfacet
  facet normal 0 0 1
    outer loop
      vertex 0 20 2
      vertex -0.714528 18.186 2
      vertex 0 18.2 2
    endloop
  endfacet
  facet normal -0 0 1
    outer loop
      vertex -0.785196 19.9846 2
      vertex -0.714528 18.186 2
      vertex 0 20 2
    endloop
  endfacet
  facet normal 0 0 1
    outer loop
      vertex -0.785196 19.9846 2
      vertex -1.42795 18.1439 2
      vertex -0.714528 18.186 2
    endloop
  endfacet
  facet normal -0 0 1
    outer loop
      vertex -1.56918 19.9383 2
      vertex -1.42795 18.1439 2
      vertex -0.785196 19.9846 2
    endloop
  endfacet
  facet normal 0 0 1
    outer loop
      vertex -1.56918 19.9383 2
      vertex -2.13918 18.0738 2
      vertex -1.42795 18.1439 2
    endloop
  endfacet
  facet normal -0 0 1
    outer loop
      vertex -2.35075 19.8614 2
      vertex -2.13918 18.0738 2
      vertex -1.56918 19.9383 2
    endloop
  endfacet
  facet normal 0 0 1
    outer loop
      vertex -2.35075 19.8614 2
      vertex -2.84711 17.9759 2
      vertex -2.13918 18.0738 2
    endloop
  endfacet
  facet normal -0 0 1
    outer loop
      vertex -3.12869 19.7538 2
      vertex -2.84711 17.9759 2
      vertex -2.35075 19.8614 2
    endloop
  endfacet
  facet normal 0 0 1
    outer loop
      vertex -3.12869 19.7538 2
      vertex -3.55064 17.8503 2
      vertex -2.84711 17.9759 2
    endloop
  endfacet
  facet normal -0 0 1
    outer loop
      vertex -3.90181 19.6157 2
      vertex -3.55064 17.8503 2
      vertex -3.12869 19.7538 2
    endloop
  endfacet
  facet normal 0 0 1
    outer loop
      vertex -3.90181 19.6157 2
      vertex -4.2487 17.6971 2
      vertex -3.55064 17.8503 2
    endloop
  endfacet
  facet normal -0 0 1
    outer loop
      vertex -4.66891 19.4474 2
      vertex -4.2487 17.6971 2
      vertex -3.90181 19.6157 2
    endloop
  endfacet
  facet normal 0 0 1
    outer loop
      vertex -4.66891 19.4474 2
      vertex -4.94022 17.5167 2
      vertex -4.2487 17.6971 2
    endloop
  endfacet
  facet normal -0 0 1
    outer loop
      vertex -5.42881 19.2491 2
      vertex -4.94022 17.5167 2
      vertex -4.66891 19.4474 2
    endloop
  endfacet
  facet normal 0 0 1
    outer loop
      vertex -5.42881 19.2491 2
      vertex -5.62411 17.3092 2
      vertex -4.94022 17.5167 2
    endloop
  endfacet
  facet normal -0 0 1
    outer loop
      vertex -6.18034 19.0211 2
      vertex -5.62411 17.3092 2
      vertex -5.42881 19.2491 2
    endloop
  endfacet
  facet normal 0 0 1
    outer loop
      vertex -6.18034 19.0211 2
      vertex -6.29933 17.0751 2
      vertex -5.62411 17.3092 2
    endloop
  endfacet
  facet normal -0 0 1
    outer loop
      vertex -6.92234 18.7638 2
      vertex -6.29933 17.0751 2
      vertex -6.18034 19.0211 2
    endloop
  endfacet
  facet normal 0 0 1
    outer loop
      vertex -6.92234 18.7638 2
      vertex -6.96484 16.8146 2
      vertex -6.29933 17.0751 2
    endloop
  endfacet
  facet normal -0 0 1
    outer loop
      vertex -7.65367 18.4776 2
      vertex -6.96484 16.8146 2
      vertex -6.92234 18.7638 2
    endloop
  endfacet
  facet normal 0 0 1
    outer loop
      vertex -6.96484 16.8146 2
      vertex -7.65367 18.4776 2
      vertex -7.61961 16.5282 2
    endloop
  endfacet
  facet normal -0 0 1
    outer loop
      vertex -8.37319 18.1629 2
      vertex -7.61961 16.5282 2
      vertex -7.65367 18.4776 2
    endloop
  endfacet
  facet normal 0 0 1
    outer loop
      vertex -7.61961 16.5282 2
      vertex -8.37319 18.1629 2
      vertex -8.26263 16.2163 2
    endloop
  endfacet
  facet normal -0 0 1
    outer loop
      vertex -9.07981 17.8201 2
      vertex -8.26263 16.2163 2
      vertex -8.37319 18.1629 2
    endloop
  endfacet
  facet normal 0 0 1
    outer loop
      vertex -8.26263 16.2163 2
      vertex -9.07981 17.8201 2
      vertex -8.89291 15.8794 2
    endloop
  endfacet
  facet normal -0 0 1
    outer loop
      vertex -9.77242 17.4499 2
      vertex -8.89291 15.8794 2
      vertex -9.07981 17.8201 2
    endloop
  endfacet
  facet normal 0 0 1
    outer loop
      vertex -8.89291 15.8794 2
      vertex -9.77242 17.4499 2
      vertex -9.50947 15.5181 2
    endloop
  endfacet
  facet normal -0 0 1
    outer loop
      vertex -10.45 17.0528 2
      vertex -9.50947 15.5181 2
      vertex -9.77242 17.4499 2
    endloop
  endfacet
  facet normal 0 0 1
    outer loop
      vertex -9.50947 15.5181 2
      vertex -10.45 17.0528 2
      vertex -10.1114 15.1327 2
    endloop
  endfacet
  facet normal -0 0 1
    outer loop
      vertex -11.1114 16.6294 2
      vertex -10.1114 15.1327 2
      vertex -10.45 17.0528 2
    endloop
  endfacet
  facet normal 0 0 1
    outer loop
      vertex -10.1114 15.1327 2
      vertex -11.1114 16.6294 2
      vertex -10.6977 14.7241 2
    endloop
  endfacet
  facet normal -0 0 1
    outer loop
      vertex -11.7557 16.1803 2
      vertex -10.6977 14.7241 2
      vertex -11.1114 16.6294 2
    endloop
  endfacet
  facet normal 0 0 1
    outer loop
      vertex -10.6977 14.7241 2
      vertex -11.7557 16.1803 2
      vertex -11.2675 14.2928 2
    endloop
  endfacet
  facet normal -0 0 1
    outer loop
      vertex -12.3819 15.7063 2
      vertex -11.2675 14.2928 2
      vertex -11.7557 16.1803 2
    endloop
  endfacet
  facet normal 0 0 1
    outer loop
      vertex -11.2675 14.2928 2
      vertex -12.3819 15.7063 2
      vertex -11.82 13.8394 2
    endloop
  endfacet
  facet normal -0 0 1
    outer loop
      vertex -12.989 15.2081 2
      vertex -11.82 13.8394 2
      vertex -12.3819 15.7063 2
    endloop
  endfacet
  facet normal 0 0 1
    outer loop
      vertex -11.82 13.8394 2
      vertex -12.989 15.2081 2
      vertex -12.3542 13.3647 2
    endloop
  endfacet
  facet normal -0 0 1
    outer loop
      vertex -13.576 14.6865 2
      vertex -12.3542 13.3647 2
      vertex -12.989 15.2081 2
    endloop
  endfacet
  facet normal 0 0 1
    outer loop
      vertex 18.2 0 2
      vertex 20 0 2
      vertex 19.9846 0.785196 2
    endloop
  endfacet
  facet normal 0 0 1
    outer loop
      vertex 18.186 0.714528 2
      vertex 19.9846 0.785196 2
      vertex 19.9383 1.56918 2
    endloop
  endfacet
  facet normal 0 0 1
    outer loop
      vertex 20 0 2
      vertex 18.2 0 2
      vertex 19.9846 -0.785196 2
    endloop
  endfacet
  facet normal 0 0 1
    outer loop
      vertex 18.1439 1.42795 2
      vertex 19.9383 1.56918 2
      vertex 19.8614 2.35075 2
    endloop
  endfacet
  facet normal -0 0 1
    outer loop
      vertex 18.186 -0.714528 2
      vertex 19.9846 -0.785196 2
      vertex 18.2 0 2
    endloop
  endfacet
  facet normal 0 0 1
    outer loop
      vertex 18.0738 2.13918 2
      vertex 19.8614 2.35075 2
      vertex 19.7538 3.12869 2
    endloop
  endfacet
  facet normal 0 0 1
    outer loop
      vertex 19.9846 -0.785196 2
      vertex 18.186 -0.714528 2
      vertex 19.9383 -1.56918 2
    endloop
  endfacet
  facet normal 0 0 1
    outer loop
      vertex 17.9759 2.84711 2
      vertex 19.7538 3.12869 2
      vertex 19.6157 3.90181 2
    endloop
  endfacet
  facet normal -0 0 1
    outer loop
      vertex 18.1439 -1.42795 2
      vertex 19.9383 -1.56918 2
      vertex 18.186 -0.714528 2
    endloop
  endfacet
  facet normal 0 0 1
    outer loop
      vertex 17.8503 3.55064 2
      vertex 19.6157 3.90181 2
      vertex 19.4474 4.66891 2
    endloop
  endfacet
  facet normal 0 0 1
    outer loop
      vertex 19.9383 -1.56918 2
      vertex 18.1439 -1.42795 2
      vertex 19.8614 -2.35075 2
    endloop
  endfacet
  facet normal 0 0 1
    outer loop
      vertex 17.6971 4.2487 2
      vertex 19.4474 4.66891 2
      vertex 19.2491 5.42881 2
    endloop
  endfacet
  facet normal -0 0 1
    outer loop
      vertex 18.0738 -2.13918 2
      vertex 19.8614 -2.35075 2
      vertex 18.1439 -1.42795 2
    endloop
  endfacet
  facet normal 0 0 1
    outer loop
      vertex 17.5167 4.94022 2
      vertex 19.2491 5.42881 2
      vertex 19.0211 6.18034 2
    endloop
  endfacet
  facet normal 0 0 1
    outer loop
      vertex 19.8614 -2.35075 2
      vertex 18.0738 -2.13918 2
      vertex 19.7538 -3.12869 2
    endloop
  endfacet
  facet normal 0 0 1
    outer loop
      vertex 17.3092 5.62411 2
      vertex 19.0211 6.18034 2
      vertex 18.7638 6.92234 2
    endloop
  endfacet
  facet normal -0 0 1
    outer loop
      vertex 17.9759 -2.84711 2
      vertex 19.7538 -3.12869 2
      vertex 18.0738 -2.13918 2
    endloop
  endfacet
  facet normal 0 0 1
    outer loop
      vertex 17.0751 6.29933 2
      vertex 18.7638 6.92234 2
      vertex 18.4776 7.65367 2
    endloop
  endfacet
  facet normal 0 0 1
    outer loop
      vertex 19.7538 -3.12869 2
      vertex 17.9759 -2.84711 2
      vertex 19.6157 -3.90181 2
    endloop
  endfacet
  facet normal -0 0 1
    outer loop
      vertex 17.8503 -3.55064 2
      vertex 19.6157 -3.90181 2
      vertex 17.9759 -2.84711 2
    endloop
  endfacet
  facet normal 0 0 1
    outer loop
      vertex 19.9846 0.785196 2
      vertex 18.186 0.714528 2
      vertex 18.2 0 2
    endloop
  endfacet
  facet normal 0 0 1
    outer loop
      vertex 16.8146 6.96484 2
      vertex 18.4776 7.65367 2
      vertex 18.1629 8.37319 2
    endloop
  endfacet
  facet normal 0 0 1
    outer loop
      vertex 19.9383 1.56918 2
      vertex 18.1439 1.42795 2
      vertex 18.186 0.714528 2
    endloop
  endfacet
  facet normal 0 0 1
    outer loop
      vertex 19.8614 2.35075 2
      vertex 18.0738 2.13918 2
      vertex 18.1439 1.42795 2
    endloop
  endfacet
  facet normal 0 0 1
    outer loop
      vertex 19.7538 3.12869 2
      vertex 17.9759 2.84711 2
      vertex 18.0738 2.13918 2
    endloop
  endfacet
  facet normal 0 0 1
    outer loop
      vertex 19.6157 3.90181 2
      vertex 17.8503 3.55064 2
      vertex 17.9759 2.84711 2
    endloop
  endfacet
  facet normal 0 0 1
    outer loop
      vertex 16.5282 7.61961 2
      vertex 18.1629 8.37319 2
      vertex 17.8201 9.07981 2
    endloop
  endfacet
  facet normal 0 0 1
    outer loop
      vertex 19.4474 4.66891 2
      vertex 17.6971 4.2487 2
      vertex 17.8503 3.55064 2
    endloop
  endfacet
  facet normal 0 0 1
    outer loop
      vertex 19.2491 5.42881 2
      vertex 17.5167 4.94022 2
      vertex 17.6971 4.2487 2
    endloop
  endfacet
  facet normal 0 0 1
    outer loop
      vertex 16.2163 8.26263 2
      vertex 17.8201 9.07981 2
      vertex 17.4499 9.77242 2
    endloop
  endfacet
  facet normal 0 0 1
    outer loop
      vertex 19.0211 6.18034 2
      vertex 17.3092 5.62411 2
      vertex 17.5167 4.94022 2
    endloop
  endfacet
  facet normal 0 0 1
    outer loop
      vertex 18.7638 6.92234 2
      vertex 17.0751 6.29933 2
      vertex 17.3092 5.62411 2
    endloop
  endfacet
  facet normal 0 0 1
    outer loop
      vertex 15.8794 8.89291 2
      vertex 17.4499 9.77242 2
      vertex 17.0528 10.45 2
    endloop
  endfacet
  facet normal 0 0 1
    outer loop
      vertex 18.4776 7.65367 2
      vertex 16.8146 6.96484 2
      vertex 17.0751 6.29933 2
    endloop
  endfacet
  facet normal 0 0 1
    outer loop
      vertex 15.5181 9.50947 2
      vertex 17.0528 10.45 2
      vertex 16.6294 11.1114 2
    endloop
  endfacet
  facet normal 0 0 1
    outer loop
      vertex 18.1629 8.37319 2
      vertex 16.5282 7.61961 2
      vertex 16.8146 6.96484 2
    endloop
  endfacet
  facet normal 0 0 1
    outer loop
      vertex 17.8201 9.07981 2
      vertex 16.2163 8.26263 2
      vertex 16.5282 7.61961 2
    endloop
  endfacet
  facet normal 0 0 1
    outer loop
      vertex 15.1327 10.1114 2
      vertex 16.6294 11.1114 2
      vertex 16.1803 11.7557 2
    endloop
  endfacet
  facet normal 0 0 1
    outer loop
      vertex 17.4499 9.77242 2
      vertex 15.8794 8.89291 2
      vertex 16.2163 8.26263 2
    endloop
  endfacet
  facet normal 0 0 1
    outer loop
      vertex 14.7241 10.6977 2
      vertex 16.1803 11.7557 2
      vertex 15.7063 12.3819 2
    endloop
  endfacet
  facet normal 0 0 1
    outer loop
      vertex 17.0528 10.45 2
      vertex 15.5181 9.50947 2
      vertex 15.8794 8.89291 2
    endloop
  endfacet
  facet normal 0 0 1
    outer loop
      vertex 14.2928 11.2675 2
      vertex 15.7063 12.3819 2
      vertex 15.2081 12.989 2
    endloop
  endfacet
  facet normal 0 0 1
    outer loop
      vertex 16.6294 11.1114 2
      vertex 15.1327 10.1114 2
      vertex 15.5181 9.50947 2
    endloop
  endfacet
  facet normal 0 0 1
    outer loop
      vertex 16.1803 11.7557 2
      vertex 14.7241 10.6977 2
      vertex 15.1327 10.1114 2
    endloop
  endfacet
  facet normal 0 0 1
    outer loop
      vertex 13.8394 11.82 2
      vertex 15.2081 12.989 2
      vertex 14.6865 13.576 2
    endloop
  endfacet
  facet normal 0 0 1
    outer loop
      vertex 15.7063 12.3819 2
      vertex 14.2928 11.2675 2
      vertex 14.7241 10.6977 2
    endloop
  endfacet
  facet normal 0 0 1
    outer loop
      vertex 13.0946 12.635 2
      vertex 14.6865 13.576 2
      vertex 14.1421 14.1421 2
    endloop
  endfacet
  facet normal 0 0 1
    outer loop
      vertex 15.2081 12.989 2
      vertex 13.8394 11.82 2
      vertex 14.2928 11.2675 2
    endloop
  endfacet
  facet normal 0 0 1
    outer loop
      vertex 12.635 13.0946 2
      vertex 14.1421 14.1421 2
      vertex 13.576 14.6865 2
    endloop
  endfacet
  facet normal 0 0 1
    outer loop
      vertex 14.6865 13.576 2
      vertex 13.3647 12.3542 2
      vertex 13.8394 11.82 2
    endloop
  endfacet
  facet normal 0 0 1
    outer loop
      vertex 14.6865 13.576 2
      vertex 13.0946 12.635 2
      vertex 13.3647 12.3542 2
    endloop
  endfacet
  facet normal 0 0 1
    outer loop
      vertex 12.635 13.0946 2
      vertex 13.576 14.6865 2
      vertex 12.989 15.2081 2
    endloop
  endfacet
  facet normal 0 0 1
    outer loop
      vertex 14.1421 14.1421 2
      vertex 12.635 13.0946 2
      vertex 13.0946 12.635 2
    endloop
  endfacet
  facet normal 0 0 1
    outer loop
      vertex 12.635 13.0946 2
      vertex 12.392 11.9324 2
      vertex 13.0946 12.635 2
    endloop
  endfacet
  facet normal 0 -0 1
    outer loop
      vertex 12.392 11.9324 2
      vertex 12.635 13.0946 2
      vertex 11.9324 12.392 2
    endloop
  endfacet
  facet normal 0 0 1
    outer loop
      vertex 19.6157 -3.90181 2
      vertex 17.8503 -3.55064 2
      vertex 19.4474 -4.66891 2
    endloop
  endfacet
  facet normal -0 0 1
    outer loop
      vertex 17.6971 -4.2487 2
      vertex 19.4474 -4.66891 2
      vertex 17.8503 -3.55064 2
    endloop
  endfacet
  facet normal 0 0 1
    outer loop
      vertex 19.4474 -4.66891 2
      vertex 17.6971 -4.2487 2
      vertex 19.2491 -5.42881 2
    endloop
  endfacet
  facet normal -0 0 1
    outer loop
      vertex 17.5167 -4.94022 2
      vertex 19.2491 -5.42881 2
      vertex 17.6971 -4.2487 2
    endloop
  endfacet
  facet normal 0 0 1
    outer loop
      vertex 19.2491 -5.42881 2
      vertex 17.5167 -4.94022 2
      vertex 19.0211 -6.18034 2
    endloop
  endfacet
  facet normal -0 0 1
    outer loop
      vertex 17.3092 -5.62411 2
      vertex 19.0211 -6.18034 2
      vertex 17.5167 -4.94022 2
    endloop
  endfacet
  facet normal 0 0 1
    outer loop
      vertex 19.0211 -6.18034 2
      vertex 17.3092 -5.62411 2
      vertex 18.7638 -6.92234 2
    endloop
  endfacet
  facet normal -0 0 1
    outer loop
      vertex 17.0751 -6.29933 2
      vertex 18.7638 -6.92234 2
      vertex 17.3092 -5.62411 2
    endloop
  endfacet
  facet normal 0 0 1
    outer loop
      vertex 18.7638 -6.92234 2
      vertex 17.0751 -6.29933 2
      vertex 18.4776 -7.65367 2
    endloop
  endfacet
  facet normal -0 0 1
    outer loop
      vertex 16.8146 -6.96484 2
      vertex 18.4776 -7.65367 2
      vertex 17.0751 -6.29933 2
    endloop
  endfacet
  facet normal 0 0 1
    outer loop
      vertex 18.4776 -7.65367 2
      vertex 16.8146 -6.96484 2
      vertex 18.1629 -8.37319 2
    endloop
  endfacet
  facet normal -0 0 1
    outer loop
      vertex 16.5282 -7.61961 2
      vertex 18.1629 -8.37319 2
      vertex 16.8146 -6.96484 2
    endloop
  endfacet
  facet normal 0 0 1
    outer loop
      vertex 18.1629 -8.37319 2
      vertex 16.5282 -7.61961 2
      vertex 17.8201 -9.07981 2
    endloop
  endfacet
  facet normal -0 0 1
    outer loop
      vertex 16.2163 -8.26263 2
      vertex 17.8201 -9.07981 2
      vertex 16.5282 -7.61961 2
    endloop
  endfacet
  facet normal 0 0 1
    outer loop
      vertex 17.8201 -9.07981 2
      vertex 16.2163 -8.26263 2
      vertex 17.4499 -9.77242 2
    endloop
  endfacet
  facet normal -0 0 1
    outer loop
      vertex 15.8794 -8.89291 2
      vertex 17.4499 -9.77242 2
      vertex 16.2163 -8.26263 2
    endloop
  endfacet
  facet normal 0 0 1
    outer loop
      vertex 17.4499 -9.77242 2
      vertex 15.8794 -8.89291 2
      vertex 17.0528 -10.45 2
    endloop
  endfacet
  facet normal -0 0 1
    outer loop
      vertex 15.5181 -9.50947 2
      vertex 17.0528 -10.45 2
      vertex 15.8794 -8.89291 2
    endloop
  endfacet
  facet normal 0 0 1
    outer loop
      vertex 17.0528 -10.45 2
      vertex 15.5181 -9.50947 2
      vertex 16.6294 -11.1114 2
    endloop
  endfacet
  facet normal -0 0 1
    outer loop
      vertex 15.1327 -10.1114 2
      vertex 16.6294 -11.1114 2
      vertex 15.5181 -9.50947 2
    endloop
  endfacet
  facet normal 0 0 1
    outer loop
      vertex 16.6294 -11.1114 2
      vertex 15.1327 -10.1114 2
      vertex 16.1803 -11.7557 2
    endloop
  endfacet
  facet normal -0 0 1
    outer loop
      vertex 14.7241 -10.6977 2
      vertex 16.1803 -11.7557 2
      vertex 15.1327 -10.1114 2
    endloop
  endfacet
  facet normal 0 0 1
    outer loop
      vertex 16.1803 -11.7557 2
      vertex 14.7241 -10.6977 2
      vertex 15.7063 -12.3819 2
    endloop
  endfacet
  facet normal -0 0 1
    outer loop
      vertex 14.2928 -11.2675 2
      vertex 15.7063 -12.3819 2
      vertex 14.7241 -10.6977 2
    endloop
  endfacet
  facet normal 0 0 1
    outer loop
      vertex 15.7063 -12.3819 2
      vertex 14.2928 -11.2675 2
      vertex 15.2081 -12.989 2
    endloop
  endfacet
  facet normal -0 0 1
    outer loop
      vertex 13.8394 -11.82 2
      vertex 15.2081 -12.989 2
      vertex 14.2928 -11.2675 2
    endloop
  endfacet
  facet normal 0 0 1
    outer loop
      vertex 15.2081 -12.989 2
      vertex 13.8394 -11.82 2
      vertex 14.6865 -13.576 2
    endloop
  endfacet
  facet normal -0 0 1
    outer loop
      vertex 13.3647 -12.3542 2
      vertex 14.6865 -13.576 2
      vertex 13.8394 -11.82 2
    endloop
  endfacet
  facet normal -0 0 1
    outer loop
      vertex 13.0946 -12.635 2
      vertex 14.6865 -13.576 2
      vertex 13.3647 -12.3542 2
    endloop
  endfacet
  facet normal 0 0 1
    outer loop
      vertex 14.6865 -13.576 2
      vertex 13.0946 -12.635 2
      vertex 14.1421 -14.1421 2
    endloop
  endfacet
  facet normal -0 0 1
    outer loop
      vertex 12.635 -13.0946 2
      vertex 14.1421 -14.1421 2
      vertex 13.0946 -12.635 2
    endloop
  endfacet
  facet normal 0 0 1
    outer loop
      vertex 14.1421 -14.1421 2
      vertex 12.635 -13.0946 2
      vertex 13.576 -14.6865 2
    endloop
  endfacet
  facet normal -0 0 1
    outer loop
      vertex 12.3542 -13.3647 2
      vertex 13.576 -14.6865 2
      vertex 12.635 -13.0946 2
    endloop
  endfacet
  facet normal 0 0 1
    outer loop
      vertex 12.392 -11.9324 2
      vertex 12.635 -13.0946 2
      vertex 13.0946 -12.635 2
    endloop
  endfacet
  facet normal 0 0 1
    outer loop
      vertex 12.635 -13.0946 2
      vertex 12.392 -11.9324 2
      vertex 11.9324 -12.392 2
    endloop
  endfacet
  facet normal 0 0 1
    outer loop
      vertex 13.576 -14.6865 2
      vertex 12.3542 -13.3647 2
      vertex 12.989 -15.2081 2
    endloop
  endfacet
  facet normal -0 0 1
    outer loop
      vertex 11.82 -13.8394 2
      vertex 12.989 -15.2081 2
      vertex 12.3542 -13.3647 2
    endloop
  endfacet
  facet normal 0 0 1
    outer loop
      vertex 12.989 -15.2081 2
      vertex 11.82 -13.8394 2
      vertex 12.3819 -15.7063 2
    endloop
  endfacet
  facet normal -0 0 1
    outer loop
      vertex 11.2675 -14.2928 2
      vertex 12.3819 -15.7063 2
      vertex 11.82 -13.8394 2
    endloop
  endfacet
  facet normal 0 0 1
    outer loop
      vertex 12.3819 -15.7063 2
      vertex 11.2675 -14.2928 2
      vertex 11.7557 -16.1803 2
    endloop
  endfacet
  facet normal -0 0 1
    outer loop
      vertex 10.6977 -14.7241 2
      vertex 11.7557 -16.1803 2
      vertex 11.2675 -14.2928 2
    endloop
  endfacet
  facet normal 0 0 1
    outer loop
      vertex 11.7557 -16.1803 2
      vertex 10.6977 -14.7241 2
      vertex 11.1114 -16.6294 2
    endloop
  endfacet
  facet normal -0 0 1
    outer loop
      vertex 10.1114 -15.1327 2
      vertex 11.1114 -16.6294 2
      vertex 10.6977 -14.7241 2
    endloop
  endfacet
  facet normal 0 0 1
    outer loop
      vertex 11.1114 -16.6294 2
      vertex 10.1114 -15.1327 2
      vertex 10.45 -17.0528 2
    endloop
  endfacet
  facet normal -0 0 1
    outer loop
      vertex 9.50947 -15.5181 2
      vertex 10.45 -17.0528 2
      vertex 10.1114 -15.1327 2
    endloop
  endfacet
  facet normal 0 0 1
    outer loop
      vertex 10.45 -17.0528 2
      vertex 9.50947 -15.5181 2
      vertex 9.77242 -17.4499 2
    endloop
  endfacet
  facet normal -0 0 1
    outer loop
      vertex 8.89291 -15.8794 2
      vertex 9.77242 -17.4499 2
      vertex 9.50947 -15.5181 2
    endloop
  endfacet
  facet normal 0 0 1
    outer loop
      vertex 9.77242 -17.4499 2
      vertex 8.89291 -15.8794 2
      vertex 9.07981 -17.8201 2
    endloop
  endfacet
  facet normal -0 0 1
    outer loop
      vertex 8.26263 -16.2163 2
      vertex 9.07981 -17.8201 2
      vertex 8.89291 -15.8794 2
    endloop
  endfacet
  facet normal 0 0 1
    outer loop
      vertex 9.07981 -17.8201 2
      vertex 8.26263 -16.2163 2
      vertex 8.37319 -18.1629 2
    endloop
  endfacet
  facet normal -0 0 1
    outer loop
      vertex 7.61961 -16.5282 2
      vertex 8.37319 -18.1629 2
      vertex 8.26263 -16.2163 2
    endloop
  endfacet
  facet normal 0 0 1
    outer loop
      vertex 8.37319 -18.1629 2
      vertex 7.61961 -16.5282 2
      vertex 7.65367 -18.4776 2
    endloop
  endfacet
  facet normal -0 0 1
    outer loop
      vertex 6.96484 -16.8146 2
      vertex 7.65367 -18.4776 2
      vertex 7.61961 -16.5282 2
    endloop
  endfacet
  facet normal 0 0 1
    outer loop
      vertex 6.96484 -16.8146 2
      vertex 6.92234 -18.7638 2
      vertex 7.65367 -18.4776 2
    endloop
  endfacet
  facet normal -0 0 1
    outer loop
      vertex 6.29933 -17.0751 2
      vertex 6.92234 -18.7638 2
      vertex 6.96484 -16.8146 2
    endloop
  endfacet
  facet normal 0 0 1
    outer loop
      vertex 6.29933 -17.0751 2
      vertex 6.18034 -19.0211 2
      vertex 6.92234 -18.7638 2
    endloop
  endfacet
  facet normal -0 0 1
    outer loop
      vertex 5.62411 -17.3092 2
      vertex 6.18034 -19.0211 2
      vertex 6.29933 -17.0751 2
    endloop
  endfacet
  facet normal 0 0 1
    outer loop
      vertex 5.62411 -17.3092 2
      vertex 5.42881 -19.2491 2
      vertex 6.18034 -19.0211 2
    endloop
  endfacet
  facet normal -0 0 1
    outer loop
      vertex 4.94022 -17.5167 2
      vertex 5.42881 -19.2491 2
      vertex 5.62411 -17.3092 2
    endloop
  endfacet
  facet normal 0 0 1
    outer loop
      vertex 4.94022 -17.5167 2
      vertex 4.66891 -19.4474 2
      vertex 5.42881 -19.2491 2
    endloop
  endfacet
  facet normal -0 0 1
    outer loop
      vertex 4.2487 -17.6971 2
      vertex 4.66891 -19.4474 2
      vertex 4.94022 -17.5167 2
    endloop
  endfacet
  facet normal 0 0 1
    outer loop
      vertex 4.2487 -17.6971 2
      vertex 3.90181 -19.6157 2
      vertex 4.66891 -19.4474 2
    endloop
  endfacet
  facet normal -0 0 1
    outer loop
      vertex 3.55064 -17.8503 2
      vertex 3.90181 -19.6157 2
      vertex 4.2487 -17.6971 2
    endloop
  endfacet
  facet normal 0 0 1
    outer loop
      vertex 3.55064 -17.8503 2
      vertex 3.12869 -19.7538 2
      vertex 3.90181 -19.6157 2
    endloop
  endfacet
  facet normal -0 0 1
    outer loop
      vertex 2.84711 -17.9759 2
      vertex 3.12869 -19.7538 2
      vertex 3.55064 -17.8503 2
    endloop
  endfacet
  facet normal 0 0 1
    outer loop
      vertex 2.84711 -17.9759 2
      vertex 2.35075 -19.8614 2
      vertex 3.12869 -19.7538 2
    endloop
  endfacet
  facet normal -0 0 1
    outer loop
      vertex 2.13918 -18.0738 2
      vertex 2.35075 -19.8614 2
      vertex 2.84711 -17.9759 2
    endloop
  endfacet
  facet normal 0 0 1
    outer loop
      vertex 2.13918 -18.0738 2
      vertex 1.56918 -19.9383 2
      vertex 2.35075 -19.8614 2
    endloop
  endfacet
  facet normal -0 0 1
    outer loop
      vertex 1.42795 -18.1439 2
      vertex 1.56918 -19.9383 2
      vertex 2.13918 -18.0738 2
    endloop
  endfacet
  facet normal 0 0 1
    outer loop
      vertex 1.42795 -18.1439 2
      vertex 0.785196 -19.9846 2
      vertex 1.56918 -19.9383 2
    endloop
  endfacet
  facet normal -0 0 1
    outer loop
      vertex 0.714528 -18.186 2
      vertex 0.785196 -19.9846 2
      vertex 1.42795 -18.1439 2
    endloop
  endfacet
  facet normal -0 0 1
    outer loop
      vertex 0 -18.2 2
      vertex 0.785196 -19.9846 2
      vertex 0.714528 -18.186 2
    endloop
  endfacet
  facet normal 0 0 1
    outer loop
      vertex 0 -18.2 2
      vertex 0 -20 2
      vertex 0.785196 -19.9846 2
    endloop
  endfacet
  facet normal 0 0 1
    outer loop
      vertex -0.714528 -18.186 2
      vertex 0 -20 2
      vertex 0 -18.2 2
    endloop
  endfacet
  facet normal 0 0 1
    outer loop
      vertex -0.714528 -18.186 2
      vertex -0.785196 -19.9846 2
      vertex 0 -20 2
    endloop
  endfacet
  facet normal 0 0 1
    outer loop
      vertex -1.42795 -18.1439 2
      vertex -0.785196 -19.9846 2
      vertex -0.714528 -18.186 2
    endloop
  endfacet
  facet normal 0 0 1
    outer loop
      vertex -1.42795 -18.1439 2
      vertex -1.56918 -19.9383 2
      vertex -0.785196 -19.9846 2
    endloop
  endfacet
  facet normal 0 0 1
    outer loop
      vertex -2.13918 -18.0738 2
      vertex -1.56918 -19.9383 2
      vertex -1.42795 -18.1439 2
    endloop
  endfacet
  facet normal 0 0 1
    outer loop
      vertex -2.13918 -18.0738 2
      vertex -2.35075 -19.8614 2
      vertex -1.56918 -19.9383 2
    endloop
  endfacet
  facet normal 0 0 1
    outer loop
      vertex -2.84711 -17.9759 2
      vertex -2.35075 -19.8614 2
      vertex -2.13918 -18.0738 2
    endloop
  endfacet
  facet normal 0 0 1
    outer loop
      vertex -2.84711 -17.9759 2
      vertex -3.12869 -19.7538 2
      vertex -2.35075 -19.8614 2
    endloop
  endfacet
  facet normal 0 0 1
    outer loop
      vertex -3.55064 -17.8503 2
      vertex -3.12869 -19.7538 2
      vertex -2.84711 -17.9759 2
    endloop
  endfacet
  facet normal 0 0 1
    outer loop
      vertex -3.55064 -17.8503 2
      vertex -3.90181 -19.6157 2
      vertex -3.12869 -19.7538 2
    endloop
  endfacet
  facet normal 0 0 1
    outer loop
      vertex -4.2487 -17.6971 2
      vertex -3.90181 -19.6157 2
      vertex -3.55064 -17.8503 2
    endloop
  endfacet
  facet normal 0 0 1
    outer loop
      vertex -4.2487 -17.6971 2
      vertex -4.66891 -19.4474 2
      vertex -3.90181 -19.6157 2
    endloop
  endfacet
  facet normal 0 0 1
    outer loop
      vertex -4.94022 -17.5167 2
      vertex -4.66891 -19.4474 2
      vertex -4.2487 -17.6971 2
    endloop
  endfacet
  facet normal 0 0 1
    outer loop
      vertex -4.94022 -17.5167 2
      vertex -5.42881 -19.2491 2
      vertex -4.66891 -19.4474 2
    endloop
  endfacet
  facet normal 0 0 1
    outer loop
      vertex -5.62411 -17.3092 2
      vertex -5.42881 -19.2491 2
      vertex -4.94022 -17.5167 2
    endloop
  endfacet
  facet normal 0 0 1
    outer loop
      vertex -5.62411 -17.3092 2
      vertex -6.18034 -19.0211 2
      vertex -5.42881 -19.2491 2
    endloop
  endfacet
  facet normal 0 0 1
    outer loop
      vertex -6.29933 -17.0751 2
      vertex -6.18034 -19.0211 2
      vertex -5.62411 -17.3092 2
    endloop
  endfacet
  facet normal 0 0 1
    outer loop
      vertex -6.29933 -17.0751 2
      vertex -6.92234 -18.7638 2
      vertex -6.18034 -19.0211 2
    endloop
  endfacet
  facet normal 0 0 1
    outer loop
      vertex -6.96484 -16.8146 2
      vertex -6.92234 -18.7638 2
      vertex -6.29933 -17.0751 2
    endloop
  endfacet
  facet normal 0 0 1
    outer loop
      vertex -7.65367 -18.4776 2
      vertex -6.96484 -16.8146 2
      vertex -7.61961 -16.5282 2
    endloop
  endfacet
  facet normal 0 0 1
    outer loop
      vertex -6.96484 -16.8146 2
      vertex -7.65367 -18.4776 2
      vertex -6.92234 -18.7638 2
    endloop
  endfacet
  facet normal 0 0 1
    outer loop
      vertex -8.37319 -18.1629 2
      vertex -7.61961 -16.5282 2
      vertex -8.26263 -16.2163 2
    endloop
  endfacet
  facet normal 0 0 1
    outer loop
      vertex -7.61961 -16.5282 2
      vertex -8.37319 -18.1629 2
      vertex -7.65367 -18.4776 2
    endloop
  endfacet
  facet normal 0 0 1
    outer loop
      vertex -9.07981 -17.8201 2
      vertex -8.26263 -16.2163 2
      vertex -8.89291 -15.8794 2
    endloop
  endfacet
  facet normal 0 0 1
    outer loop
      vertex -8.26263 -16.2163 2
      vertex -9.07981 -17.8201 2
      vertex -8.37319 -18.1629 2
    endloop
  endfacet
  facet normal 0 0 1
    outer loop
      vertex -9.77242 -17.4499 2
      vertex -8.89291 -15.8794 2
      vertex -9.50947 -15.5181 2
    endloop
  endfacet
  facet normal 0 0 1
    outer loop
      vertex -8.89291 -15.8794 2
      vertex -9.77242 -17.4499 2
      vertex -9.07981 -17.8201 2
    endloop
  endfacet
  facet normal 0 0 1
    outer loop
      vertex -10.45 -17.0528 2
      vertex -9.50947 -15.5181 2
      vertex -10.1114 -15.1327 2
    endloop
  endfacet
  facet normal 0 0 1
    outer loop
      vertex -9.50947 -15.5181 2
      vertex -10.45 -17.0528 2
      vertex -9.77242 -17.4499 2
    endloop
  endfacet
  facet normal 0 0 1
    outer loop
      vertex -11.1114 -16.6294 2
      vertex -10.1114 -15.1327 2
      vertex -10.6977 -14.7241 2
    endloop
  endfacet
  facet normal 0 0 1
    outer loop
      vertex -10.1114 -15.1327 2
      vertex -11.1114 -16.6294 2
      vertex -10.45 -17.0528 2
    endloop
  endfacet
  facet normal 0 0 1
    outer loop
      vertex -11.7557 -16.1803 2
      vertex -10.6977 -14.7241 2
      vertex -11.2675 -14.2928 2
    endloop
  endfacet
  facet normal 0 0 1
    outer loop
      vertex -10.6977 -14.7241 2
      vertex -11.7557 -16.1803 2
      vertex -11.1114 -16.6294 2
    endloop
  endfacet
  facet normal 0 0 1
    outer loop
      vertex -12.3819 -15.7063 2
      vertex -11.2675 -14.2928 2
      vertex -11.82 -13.8394 2
    endloop
  endfacet
  facet normal 0 0 1
    outer loop
      vertex -12.989 -15.2081 2
      vertex -11.82 -13.8394 2
      vertex -12.3542 -13.3647 2
    endloop
  endfacet
  facet normal 0 0 1
    outer loop
      vertex -11.2675 -14.2928 2
      vertex -12.3819 -15.7063 2
      vertex -11.7557 -16.1803 2
    endloop
  endfacet
  facet normal 0 0 1
    outer loop
      vertex -13.576 -14.6865 2
      vertex -12.3542 -13.3647 2
      vertex -12.635 -13.0946 2
    endloop
  endfacet
  facet normal 0 0 1
    outer loop
      vertex -11.82 -13.8394 2
      vertex -12.989 -15.2081 2
      vertex -12.3819 -15.7063 2
    endloop
  endfacet
  facet normal 0 0 1
    outer loop
      vertex -12.635 13.0946 2
      vertex -12.392 11.9324 2
      vertex -11.9324 12.392 2
    endloop
  endfacet
  facet normal 0 0 1
    outer loop
      vertex -12.635 13.0946 2
      vertex -13.0946 12.635 2
      vertex -12.392 11.9324 2
    endloop
  endfacet
  facet normal 0 0 1
    outer loop
      vertex -12.3542 13.3647 2
      vertex -13.576 14.6865 2
      vertex -12.635 13.0946 2
    endloop
  endfacet
  facet normal -0 0 1
    outer loop
      vertex -14.1421 14.1421 2
      vertex -12.635 13.0946 2
      vertex -13.576 14.6865 2
    endloop
  endfacet
  facet normal 0 0 1
    outer loop
      vertex -12.635 13.0946 2
      vertex -14.1421 14.1421 2
      vertex -13.0946 12.635 2
    endloop
  endfacet
  facet normal -0 0 1
    outer loop
      vertex -14.6865 13.576 2
      vertex -13.0946 12.635 2
      vertex -14.1421 14.1421 2
    endloop
  endfacet
  facet normal 0 0 1
    outer loop
      vertex -13.0946 12.635 2
      vertex -14.6865 13.576 2
      vertex -13.3647 12.3542 2
    endloop
  endfacet
  facet normal 0 0 1
    outer loop
      vertex -13.3647 12.3542 2
      vertex -14.6865 13.576 2
      vertex -13.8394 11.82 2
    endloop
  endfacet
  facet normal -0 0 1
    outer loop
      vertex -15.2081 12.989 2
      vertex -13.8394 11.82 2
      vertex -14.6865 13.576 2
    endloop
  endfacet
  facet normal 0 0 1
    outer loop
      vertex -13.8394 11.82 2
      vertex -15.2081 12.989 2
      vertex -14.2928 11.2675 2
    endloop
  endfacet
  facet normal -0 0 1
    outer loop
      vertex -15.7063 12.3819 2
      vertex -14.2928 11.2675 2
      vertex -15.2081 12.989 2
    endloop
  endfacet
  facet normal 0 0 1
    outer loop
      vertex -14.2928 11.2675 2
      vertex -15.7063 12.3819 2
      vertex -14.7241 10.6977 2
    endloop
  endfacet
  facet normal -0 0 1
    outer loop
      vertex -16.1803 11.7557 2
      vertex -14.7241 10.6977 2
      vertex -15.7063 12.3819 2
    endloop
  endfacet
  facet normal 0 0 1
    outer loop
      vertex -14.7241 10.6977 2
      vertex -16.1803 11.7557 2
      vertex -15.1327 10.1114 2
    endloop
  endfacet
  facet normal -0 0 1
    outer loop
      vertex -16.6294 11.1114 2
      vertex -15.1327 10.1114 2
      vertex -16.1803 11.7557 2
    endloop
  endfacet
  facet normal 0 0 1
    outer loop
      vertex -15.1327 10.1114 2
      vertex -16.6294 11.1114 2
      vertex -15.5181 9.50947 2
    endloop
  endfacet
  facet normal -0 0 1
    outer loop
      vertex -17.0528 10.45 2
      vertex -15.5181 9.50947 2
      vertex -16.6294 11.1114 2
    endloop
  endfacet
  facet normal 0 0 1
    outer loop
      vertex -15.5181 9.50947 2
      vertex -17.0528 10.45 2
      vertex -15.8794 8.89291 2
    endloop
  endfacet
  facet normal -0 0 1
    outer loop
      vertex -17.4499 9.77242 2
      vertex -15.8794 8.89291 2
      vertex -17.0528 10.45 2
    endloop
  endfacet
  facet normal 0 0 1
    outer loop
      vertex -15.8794 8.89291 2
      vertex -17.4499 9.77242 2
      vertex -16.2163 8.26263 2
    endloop
  endfacet
  facet normal -0 0 1
    outer loop
      vertex -17.8201 9.07981 2
      vertex -16.2163 8.26263 2
      vertex -17.4499 9.77242 2
    endloop
  endfacet
  facet normal 0 0 1
    outer loop
      vertex -16.2163 8.26263 2
      vertex -17.8201 9.07981 2
      vertex -16.5282 7.61961 2
    endloop
  endfacet
  facet normal -0 0 1
    outer loop
      vertex -18.1629 8.37319 2
      vertex -16.5282 7.61961 2
      vertex -17.8201 9.07981 2
    endloop
  endfacet
  facet normal 0 0 1
    outer loop
      vertex -16.5282 7.61961 2
      vertex -18.1629 8.37319 2
      vertex -16.8146 6.96484 2
    endloop
  endfacet
  facet normal -0 0 1
    outer loop
      vertex -18.4776 7.65367 2
      vertex -16.8146 6.96484 2
      vertex -18.1629 8.37319 2
    endloop
  endfacet
  facet normal 0 0 1
    outer loop
      vertex -16.8146 6.96484 2
      vertex -18.4776 7.65367 2
      vertex -17.0751 6.29933 2
    endloop
  endfacet
  facet normal -0 0 1
    outer loop
      vertex -18.7638 6.92234 2
      vertex -17.0751 6.29933 2
      vertex -18.4776 7.65367 2
    endloop
  endfacet
  facet normal 0 0 1
    outer loop
      vertex -17.0751 6.29933 2
      vertex -18.7638 6.92234 2
      vertex -17.3092 5.62411 2
    endloop
  endfacet
  facet normal -0 0 1
    outer loop
      vertex -19.0211 6.18034 2
      vertex -17.3092 5.62411 2
      vertex -18.7638 6.92234 2
    endloop
  endfacet
  facet normal 0 0 1
    outer loop
      vertex -17.3092 5.62411 2
      vertex -19.0211 6.18034 2
      vertex -17.5167 4.94022 2
    endloop
  endfacet
  facet normal -0 0 1
    outer loop
      vertex -19.2491 5.42881 2
      vertex -17.5167 4.94022 2
      vertex -19.0211 6.18034 2
    endloop
  endfacet
  facet normal 0 0 1
    outer loop
      vertex -17.5167 4.94022 2
      vertex -19.2491 5.42881 2
      vertex -17.6971 4.2487 2
    endloop
  endfacet
  facet normal -0 0 1
    outer loop
      vertex -19.4474 4.66891 2
      vertex -17.6971 4.2487 2
      vertex -19.2491 5.42881 2
    endloop
  endfacet
  facet normal 0 0 1
    outer loop
      vertex -17.6971 4.2487 2
      vertex -19.4474 4.66891 2
      vertex -17.8503 3.55064 2
    endloop
  endfacet
  facet normal -0 0 1
    outer loop
      vertex -19.6157 3.90181 2
      vertex -17.8503 3.55064 2
      vertex -19.4474 4.66891 2
    endloop
  endfacet
  facet normal 0 0 1
    outer loop
      vertex -12.392 -11.9324 2
      vertex -12.635 -13.0946 2
      vertex -11.9324 -12.392 2
    endloop
  endfacet
  facet normal -0 0 1
    outer loop
      vertex -13.0946 -12.635 2
      vertex -12.635 -13.0946 2
      vertex -12.392 -11.9324 2
    endloop
  endfacet
  facet normal 0 0 1
    outer loop
      vertex -14.1421 -14.1421 2
      vertex -12.635 -13.0946 2
      vertex -13.0946 -12.635 2
    endloop
  endfacet
  facet normal 0 0 1
    outer loop
      vertex -14.6865 -13.576 2
      vertex -13.0946 -12.635 2
      vertex -13.3647 -12.3542 2
    endloop
  endfacet
  facet normal 0 0 1
    outer loop
      vertex -12.3542 -13.3647 2
      vertex -13.576 -14.6865 2
      vertex -12.989 -15.2081 2
    endloop
  endfacet
  facet normal 0 0 1
    outer loop
      vertex -14.6865 -13.576 2
      vertex -13.3647 -12.3542 2
      vertex -13.8394 -11.82 2
    endloop
  endfacet
  facet normal 0 0 1
    outer loop
      vertex -12.635 -13.0946 2
      vertex -14.1421 -14.1421 2
      vertex -13.576 -14.6865 2
    endloop
  endfacet
  facet normal 0 0 1
    outer loop
      vertex -15.2081 -12.989 2
      vertex -13.8394 -11.82 2
      vertex -14.2928 -11.2675 2
    endloop
  endfacet
  facet normal 0 0 1
    outer loop
      vertex -13.0946 -12.635 2
      vertex -14.6865 -13.576 2
      vertex -14.1421 -14.1421 2
    endloop
  endfacet
  facet normal 0 0 1
    outer loop
      vertex -15.7063 -12.3819 2
      vertex -14.2928 -11.2675 2
      vertex -14.7241 -10.6977 2
    endloop
  endfacet
  facet normal 0 0 1
    outer loop
      vertex -16.1803 -11.7557 2
      vertex -14.7241 -10.6977 2
      vertex -15.1327 -10.1114 2
    endloop
  endfacet
  facet normal 0 0 1
    outer loop
      vertex -13.8394 -11.82 2
      vertex -15.2081 -12.989 2
      vertex -14.6865 -13.576 2
    endloop
  endfacet
  facet normal 0 0 1
    outer loop
      vertex -16.6294 -11.1114 2
      vertex -15.1327 -10.1114 2
      vertex -15.5181 -9.50947 2
    endloop
  endfacet
  facet normal 0 0 1
    outer loop
      vertex -14.2928 -11.2675 2
      vertex -15.7063 -12.3819 2
      vertex -15.2081 -12.989 2
    endloop
  endfacet
  facet normal 0 0 1
    outer loop
      vertex -17.0528 -10.45 2
      vertex -15.5181 -9.50947 2
      vertex -15.8794 -8.89291 2
    endloop
  endfacet
  facet normal 0 0 1
    outer loop
      vertex -14.7241 -10.6977 2
      vertex -16.1803 -11.7557 2
      vertex -15.7063 -12.3819 2
    endloop
  endfacet
  facet normal 0 0 1
    outer loop
      vertex -17.4499 -9.77242 2
      vertex -15.8794 -8.89291 2
      vertex -16.2163 -8.26263 2
    endloop
  endfacet
  facet normal 0 0 1
    outer loop
      vertex -17.8201 -9.07981 2
      vertex -16.2163 -8.26263 2
      vertex -16.5282 -7.61961 2
    endloop
  endfacet
  facet normal 0 0 1
    outer loop
      vertex -15.1327 -10.1114 2
      vertex -16.6294 -11.1114 2
      vertex -16.1803 -11.7557 2
    endloop
  endfacet
  facet normal 0 0 1
    outer loop
      vertex -18.1629 -8.37319 2
      vertex -16.5282 -7.61961 2
      vertex -16.8146 -6.96484 2
    endloop
  endfacet
  facet normal 0 0 1
    outer loop
      vertex -15.5181 -9.50947 2
      vertex -17.0528 -10.45 2
      vertex -16.6294 -11.1114 2
    endloop
  endfacet
  facet normal 0 0 1
    outer loop
      vertex -18.4776 -7.65367 2
      vertex -16.8146 -6.96484 2
      vertex -17.0751 -6.29933 2
    endloop
  endfacet
  facet normal 0 0 1
    outer loop
      vertex -18.7638 -6.92234 2
      vertex -17.0751 -6.29933 2
      vertex -17.3092 -5.62411 2
    endloop
  endfacet
  facet normal 0 0 1
    outer loop
      vertex -15.8794 -8.89291 2
      vertex -17.4499 -9.77242 2
      vertex -17.0528 -10.45 2
    endloop
  endfacet
  facet normal 0 0 1
    outer loop
      vertex -19.0211 -6.18034 2
      vertex -17.3092 -5.62411 2
      vertex -17.5167 -4.94022 2
    endloop
  endfacet
  facet normal 0 0 1
    outer loop
      vertex -19.2491 -5.42881 2
      vertex -17.5167 -4.94022 2
      vertex -17.6971 -4.2487 2
    endloop
  endfacet
  facet normal 0 0 1
    outer loop
      vertex -16.2163 -8.26263 2
      vertex -17.8201 -9.07981 2
      vertex -17.4499 -9.77242 2
    endloop
  endfacet
  facet normal 0 0 1
    outer loop
      vertex -19.4474 -4.66891 2
      vertex -17.6971 -4.2487 2
      vertex -17.8503 -3.55064 2
    endloop
  endfacet
  facet normal 0 0 1
    outer loop
      vertex -19.6157 -3.90181 2
      vertex -17.8503 -3.55064 2
      vertex -17.9759 -2.84711 2
    endloop
  endfacet
  facet normal 0 0 1
    outer loop
      vertex -19.7538 -3.12869 2
      vertex -17.9759 -2.84711 2
      vertex -18.0738 -2.13918 2
    endloop
  endfacet
  facet normal 0 0 1
    outer loop
      vertex -19.8614 -2.35075 2
      vertex -18.0738 -2.13918 2
      vertex -18.1439 -1.42795 2
    endloop
  endfacet
  facet normal 0 0 1
    outer loop
      vertex -16.5282 -7.61961 2
      vertex -18.1629 -8.37319 2
      vertex -17.8201 -9.07981 2
    endloop
  endfacet
  facet normal 0 0 1
    outer loop
      vertex -19.9383 -1.56918 2
      vertex -18.1439 -1.42795 2
      vertex -18.186 -0.714528 2
    endloop
  endfacet
  facet normal 0 0 1
    outer loop
      vertex -19.9846 -0.785196 2
      vertex -18.186 -0.714528 2
      vertex -18.2 0 2
    endloop
  endfacet
  facet normal 0 0 1
    outer loop
      vertex -17.8503 3.55064 2
      vertex -19.6157 3.90181 2
      vertex -17.9759 2.84711 2
    endloop
  endfacet
  facet normal 0 0 1
    outer loop
      vertex -16.8146 -6.96484 2
      vertex -18.4776 -7.65367 2
      vertex -18.1629 -8.37319 2
    endloop
  endfacet
  facet normal -0 0 1
    outer loop
      vertex -19.7538 3.12869 2
      vertex -17.9759 2.84711 2
      vertex -19.6157 3.90181 2
    endloop
  endfacet
  facet normal 0 0 1
    outer loop
      vertex -17.0751 -6.29933 2
      vertex -18.7638 -6.92234 2
      vertex -18.4776 -7.65367 2
    endloop
  endfacet
  facet normal 0 0 1
    outer loop
      vertex -17.9759 2.84711 2
      vertex -19.7538 3.12869 2
      vertex -18.0738 2.13918 2
    endloop
  endfacet
  facet normal 0 0 1
    outer loop
      vertex -17.3092 -5.62411 2
      vertex -19.0211 -6.18034 2
      vertex -18.7638 -6.92234 2
    endloop
  endfacet
  facet normal -0 0 1
    outer loop
      vertex -19.8614 2.35075 2
      vertex -18.0738 2.13918 2
      vertex -19.7538 3.12869 2
    endloop
  endfacet
  facet normal 0 0 1
    outer loop
      vertex -17.5167 -4.94022 2
      vertex -19.2491 -5.42881 2
      vertex -19.0211 -6.18034 2
    endloop
  endfacet
  facet normal 0 0 1
    outer loop
      vertex -18.0738 2.13918 2
      vertex -19.8614 2.35075 2
      vertex -18.1439 1.42795 2
    endloop
  endfacet
  facet normal 0 0 1
    outer loop
      vertex -17.6971 -4.2487 2
      vertex -19.4474 -4.66891 2
      vertex -19.2491 -5.42881 2
    endloop
  endfacet
  facet normal -0 0 1
    outer loop
      vertex -19.9383 1.56918 2
      vertex -18.1439 1.42795 2
      vertex -19.8614 2.35075 2
    endloop
  endfacet
  facet normal 0 0 1
    outer loop
      vertex -17.8503 -3.55064 2
      vertex -19.6157 -3.90181 2
      vertex -19.4474 -4.66891 2
    endloop
  endfacet
  facet normal 0 0 1
    outer loop
      vertex -18.1439 1.42795 2
      vertex -19.9383 1.56918 2
      vertex -18.186 0.714528 2
    endloop
  endfacet
  facet normal 0 0 1
    outer loop
      vertex -17.9759 -2.84711 2
      vertex -19.7538 -3.12869 2
      vertex -19.6157 -3.90181 2
    endloop
  endfacet
  facet normal -0 0 1
    outer loop
      vertex -19.9846 0.785196 2
      vertex -18.186 0.714528 2
      vertex -19.9383 1.56918 2
    endloop
  endfacet
  facet normal 0 0 1
    outer loop
      vertex -18.0738 -2.13918 2
      vertex -19.8614 -2.35075 2
      vertex -19.7538 -3.12869 2
    endloop
  endfacet
  facet normal 0 0 1
    outer loop
      vertex -18.186 0.714528 2
      vertex -19.9846 0.785196 2
      vertex -18.2 0 2
    endloop
  endfacet
  facet normal 0 0 1
    outer loop
      vertex -18.1439 -1.42795 2
      vertex -19.9383 -1.56918 2
      vertex -19.8614 -2.35075 2
    endloop
  endfacet
  facet normal 0 0 1
    outer loop
      vertex -20 0 2
      vertex -18.2 0 2
      vertex -19.9846 0.785196 2
    endloop
  endfacet
  facet normal 0 0 1
    outer loop
      vertex -18.186 -0.714528 2
      vertex -19.9846 -0.785196 2
      vertex -19.9383 -1.56918 2
    endloop
  endfacet
  facet normal 0 0 1
    outer loop
      vertex -18.2 0 2
      vertex -20 0 2
      vertex -19.9846 -0.785196 2
    endloop
  endfacet
  facet normal 0 0 1
    outer loop
      vertex 3.36852 0.276443 2
      vertex 6.03065 0.68602 2
      vertex 5.70308 2.07851 2
    endloop
  endfacet
  facet normal 0 0 1
    outer loop
      vertex 6.03065 0.68602 2
      vertex 3.36852 0.276443 2
      vertex 6.03065 -0.68602 2
    endloop
  endfacet
  facet normal 0 0 1
    outer loop
      vertex 3.02043 1.50505 2
      vertex 5.70308 2.07851 2
      vertex 5.08867 3.3071 2
    endloop
  endfacet
  facet normal -0 0 1
    outer loop
      vertex 3.20474 -0.19455 2
      vertex 6.03065 -0.68602 2
      vertex 3.36852 0.276443 2
    endloop
  endfacet
  facet normal 0 0 1
    outer loop
      vertex 3.02043 1.50505 2
      vertex 5.08867 3.3071 2
      vertex 4.02386 4.5358 2
    endloop
  endfacet
  facet normal 0 0 1
    outer loop
      vertex 6.03065 -0.68602 2
      vertex 3.20474 -0.19455 2
      vertex 5.64162 -2.24229 2
    endloop
  endfacet
  facet normal 0 0 1
    outer loop
      vertex 5.64162 -2.24229 2
      vertex 3.20474 -0.19455 2
      vertex 4.90437 -3.57339 2
    endloop
  endfacet
  facet normal 0 0 1
    outer loop
      vertex 5.70308 2.07851 2
      vertex 3.02043 1.50505 2
      vertex 3.36852 0.276443 2
    endloop
  endfacet
  facet normal 0 0 1
    outer loop
      vertex 1.70982 2.89754 2
      vertex 4.02386 4.5358 2
      vertex 2.918 5.31398 2
    endloop
  endfacet
  facet normal 0 0 1
    outer loop
      vertex 4.02386 4.5358 2
      vertex 1.70982 2.89754 2
      vertex 3.02043 1.50505 2
    endloop
  endfacet
  facet normal 0 0 1
    outer loop
      vertex 1.52551 5.86693 2
      vertex 1.70982 2.89754 2
      vertex 2.918 5.31398 2
    endloop
  endfacet
  facet normal 0 0 1
    outer loop
      vertex 1.52551 5.86693 2
      vertex 0.317337 3.34804 2
      vertex 1.70982 2.89754 2
    endloop
  endfacet
  facet normal 0 0 1
    outer loop
      vertex 0.194504 6.05112 2
      vertex 0.317337 3.34804 2
      vertex 1.52551 5.86693 2
    endloop
  endfacet
  facet normal 0 0 1
    outer loop
      vertex 0.194504 6.05112 2
      vertex -0.76796 3.26614 2
      vertex 0.317337 3.34804 2
    endloop
  endfacet
  facet normal -0 0 1
    outer loop
      vertex -1.23889 5.92828 2
      vertex -0.76796 3.26614 2
      vertex 0.194504 6.05112 2
    endloop
  endfacet
  facet normal -0 0 1
    outer loop
      vertex -2.65192 5.43683 2
      vertex -0.76796 3.26614 2
      vertex -1.23889 5.92828 2
    endloop
  endfacet
  facet normal 0 0 1
    outer loop
      vertex -0.76796 3.26614 2
      vertex -2.65192 5.43683 2
      vertex -1.64847 2.91806 2
    endloop
  endfacet
  facet normal -0 0 1
    outer loop
      vertex -4.10587 4.4334 2
      vertex -1.64847 2.91806 2
      vertex -2.65192 5.43683 2
    endloop
  endfacet
  facet normal 0 0 1
    outer loop
      vertex -1.64847 2.91806 2
      vertex -4.10587 4.4334 2
      vertex -2.93863 1.60747 2
    endloop
  endfacet
  facet normal -0 0 1
    outer loop
      vertex -5.23215 3.02048 2
      vertex -2.93863 1.60747 2
      vertex -4.10587 4.4334 2
    endloop
  endfacet
  facet normal 0 0 1
    outer loop
      vertex -5.84645 1.50505 2
      vertex -2.93863 1.60747 2
      vertex -5.23215 3.02048 2
    endloop
  endfacet
  facet normal 0 0 1
    outer loop
      vertex -6.50562 -15.706 2
      vertex -3.3481 -0.030777 2
      vertex -6.15359 -0.440231 2
    endloop
  endfacet
  facet normal 0 0 1
    outer loop
      vertex -2.93863 1.60747 2
      vertex -5.84645 1.50505 2
      vertex -3.3481 -0.030777 2
    endloop
  endfacet
  facet normal 0 0 1
    outer loop
      vertex -3.3481 -0.030777 2
      vertex -4.61449 -16.3617 2
      vertex -3.96857 -16.5303 2
    endloop
  endfacet
  facet normal 0 0 1
    outer loop
      vertex -3.3481 -0.030777 2
      vertex -5.84645 1.50505 2
      vertex -6.15359 -0.440231 2
    endloop
  endfacet
  facet normal 0 0 1
    outer loop
      vertex -3.3481 -0.030777 2
      vertex -5.25329 -16.168 2
      vertex -4.61449 -16.3617 2
    endloop
  endfacet
  facet normal 0 0 1
    outer loop
      vertex -3.3481 -0.030777 2
      vertex -5.88399 -15.9493 2
      vertex -5.25329 -16.168 2
    endloop
  endfacet
  facet normal 0 0 1
    outer loop
      vertex -3.3481 -0.030777 2
      vertex -6.50562 -15.706 2
      vertex -5.88399 -15.9493 2
    endloop
  endfacet
  facet normal 0 0 1
    outer loop
      vertex -6.15359 -0.440231 2
      vertex -7.11722 -15.4384 2
      vertex -6.50562 -15.706 2
    endloop
  endfacet
  facet normal 0 0 1
    outer loop
      vertex -6.15359 -0.440231 2
      vertex -7.71784 -15.1471 2
      vertex -7.11722 -15.4384 2
    endloop
  endfacet
  facet normal 0 0 1
    outer loop
      vertex -6.15359 -0.440231 2
      vertex -8.30656 -14.8324 2
      vertex -7.71784 -15.1471 2
    endloop
  endfacet
  facet normal 0 0 1
    outer loop
      vertex -11.5396 -12.4835 2
      vertex -6.15359 -0.440231 2
      vertex -8.54953 -0.563187 2
    endloop
  endfacet
  facet normal 0 0 1
    outer loop
      vertex -6.15359 -0.440231 2
      vertex -8.88247 -14.4949 2
      vertex -8.30656 -14.8324 2
    endloop
  endfacet
  facet normal 0 0 1
    outer loop
      vertex -16.168 -5.25329 2
      vertex -8.54953 -0.563187 2
      vertex -8.97952 -0.19455 2
    endloop
  endfacet
  facet normal -0 0 1
    outer loop
      vertex -11.5396 12.4835 2
      vertex -5.04784 7.46414 2
      vertex -11.0406 12.9269 2
    endloop
  endfacet
  facet normal 0 0 1
    outer loop
      vertex -6.15359 -0.440231 2
      vertex -9.44469 -14.135 2
      vertex -8.88247 -14.4949 2
    endloop
  endfacet
  facet normal 0 0 1
    outer loop
      vertex -5.04784 7.46414 2
      vertex -11.5396 12.4835 2
      vertex -7.13651 5.49829 2
    endloop
  endfacet
  facet normal 0 0 1
    outer loop
      vertex -6.15359 -0.440231 2
      vertex -9.99235 -13.7533 2
      vertex -9.44469 -14.135 2
    endloop
  endfacet
  facet normal -0 0 1
    outer loop
      vertex -12.0208 12.0208 2
      vertex -7.13651 5.49829 2
      vertex -11.5396 12.4835 2
    endloop
  endfacet
  facet normal 0 0 1
    outer loop
      vertex -6.15359 -0.440231 2
      vertex -10.5246 -13.3504 2
      vertex -9.99235 -13.7533 2
    endloop
  endfacet
  facet normal -0 0 1
    outer loop
      vertex -12.4835 11.5396 2
      vertex -7.13651 5.49829 2
      vertex -12.0208 12.0208 2
    endloop
  endfacet
  facet normal 0 0 1
    outer loop
      vertex -6.15359 -0.440231 2
      vertex -11.0406 -12.9269 2
      vertex -10.5246 -13.3504 2
    endloop
  endfacet
  facet normal -0 0 1
    outer loop
      vertex -12.9269 11.0406 2
      vertex -7.13651 5.49829 2
      vertex -12.4835 11.5396 2
    endloop
  endfacet
  facet normal 0 0 1
    outer loop
      vertex -6.15359 -0.440231 2
      vertex -11.5396 -12.4835 2
      vertex -11.0406 -12.9269 2
    endloop
  endfacet
  facet normal -0 0 1
    outer loop
      vertex -13.3504 10.5246 2
      vertex -7.13651 5.49829 2
      vertex -12.9269 11.0406 2
    endloop
  endfacet
  facet normal 0 0 1
    outer loop
      vertex -8.54953 -0.563187 2
      vertex -12.0208 -12.0208 2
      vertex -11.5396 -12.4835 2
    endloop
  endfacet
  facet normal -0 0 1
    outer loop
      vertex -13.7533 9.99235 2
      vertex -7.13651 5.49829 2
      vertex -13.3504 10.5246 2
    endloop
  endfacet
  facet normal 0 0 1
    outer loop
      vertex -8.54953 -0.563187 2
      vertex -12.4835 -11.5396 2
      vertex -12.0208 -12.0208 2
    endloop
  endfacet
  facet normal -0 0 1
    outer loop
      vertex -14.135 9.44469 2
      vertex -7.13651 5.49829 2
      vertex -13.7533 9.99235 2
    endloop
  endfacet
  facet normal 0 0 1
    outer loop
      vertex -8.54953 -0.563187 2
      vertex -12.9269 -11.0406 2
      vertex -12.4835 -11.5396 2
    endloop
  endfacet
  facet normal -0 0 1
    outer loop
      vertex -14.4949 8.88247 2
      vertex -7.13651 5.49829 2
      vertex -14.135 9.44469 2
    endloop
  endfacet
  facet normal 0 0 1
    outer loop
      vertex -8.54953 -0.563187 2
      vertex -13.3504 -10.5246 2
      vertex -12.9269 -11.0406 2
    endloop
  endfacet
  facet normal -0 0 1
    outer loop
      vertex -14.8324 8.30656 2
      vertex -7.13651 5.49829 2
      vertex -14.4949 8.88247 2
    endloop
  endfacet
  facet normal 0 0 1
    outer loop
      vertex -8.54953 -0.563187 2
      vertex -13.7533 -9.99235 2
      vertex -13.3504 -10.5246 2
    endloop
  endfacet
  facet normal 0 0 1
    outer loop
      vertex -7.13651 5.49829 2
      vertex -14.8324 8.30656 2
      vertex -8.54953 2.83617 2
    endloop
  endfacet
  facet normal 0 0 1
    outer loop
      vertex -8.54953 -0.563187 2
      vertex -14.135 -9.44469 2
      vertex -13.7533 -9.99235 2
    endloop
  endfacet
  facet normal -0 0 1
    outer loop
      vertex -15.1471 7.71784 2
      vertex -8.54953 2.83617 2
      vertex -14.8324 8.30656 2
    endloop
  endfacet
  facet normal 0 0 1
    outer loop
      vertex -8.54953 -0.563187 2
      vertex -14.4949 -8.88247 2
      vertex -14.135 -9.44469 2
    endloop
  endfacet
  facet normal -0 0 1
    outer loop
      vertex -15.4384 7.11722 2
      vertex -8.54953 2.83617 2
      vertex -15.1471 7.71784 2
    endloop
  endfacet
  facet normal 0 0 1
    outer loop
      vertex -8.54953 -0.563187 2
      vertex -14.8324 -8.30656 2
      vertex -14.4949 -8.88247 2
    endloop
  endfacet
  facet normal -0 0 1
    outer loop
      vertex -15.706 6.50562 2
      vertex -8.54953 2.83617 2
      vertex -15.4384 7.11722 2
    endloop
  endfacet
  facet normal 0 0 1
    outer loop
      vertex -8.54953 -0.563187 2
      vertex -15.1471 -7.71784 2
      vertex -14.8324 -8.30656 2
    endloop
  endfacet
  facet normal -0 0 1
    outer loop
      vertex -15.9493 5.88399 2
      vertex -8.54953 2.83617 2
      vertex -15.706 6.50562 2
    endloop
  endfacet
  facet normal 0 0 1
    outer loop
      vertex -8.54953 -0.563187 2
      vertex -15.4384 -7.11722 2
      vertex -15.1471 -7.71784 2
    endloop
  endfacet
  facet normal -0 0 1
    outer loop
      vertex -16.168 5.25329 2
      vertex -8.54953 2.83617 2
      vertex -15.9493 5.88399 2
    endloop
  endfacet
  facet normal 0 0 1
    outer loop
      vertex -8.54953 -0.563187 2
      vertex -15.706 -6.50562 2
      vertex -15.4384 -7.11722 2
    endloop
  endfacet
  facet normal -0 0 1
    outer loop
      vertex -16.3617 4.61449 2
      vertex -8.54953 2.83617 2
      vertex -16.168 5.25329 2
    endloop
  endfacet
  facet normal 0 0 1
    outer loop
      vertex -8.54953 -0.563187 2
      vertex -15.9493 -5.88399 2
      vertex -15.706 -6.50562 2
    endloop
  endfacet
  facet normal -0 0 1
    outer loop
      vertex -16.5303 3.96857 2
      vertex -8.54953 2.83617 2
      vertex -16.3617 4.61449 2
    endloop
  endfacet
  facet normal 0 0 1
    outer loop
      vertex -8.54953 -0.563187 2
      vertex -16.168 -5.25329 2
      vertex -15.9493 -5.88399 2
    endloop
  endfacet
  facet normal -0 0 1
    outer loop
      vertex -16.6733 3.31653 2
      vertex -8.54953 2.83617 2
      vertex -16.5303 3.96857 2
    endloop
  endfacet
  facet normal 0 0 1
    outer loop
      vertex -8.97952 -0.19455 2
      vertex -16.3617 -4.61449 2
      vertex -16.168 -5.25329 2
    endloop
  endfacet
  facet normal 0 0 1
    outer loop
      vertex -16.7907 2.65939 2
      vertex -8.54953 2.83617 2
      vertex -16.6733 3.31653 2
    endloop
  endfacet
  facet normal 0 0 1
    outer loop
      vertex -8.97952 -0.19455 2
      vertex -16.5303 -3.96857 2
      vertex -16.3617 -4.61449 2
    endloop
  endfacet
  facet normal 0 0 1
    outer loop
      vertex -8.54953 2.83617 2
      vertex -16.7907 2.65939 2
      vertex -8.97952 -0.19455 2
    endloop
  endfacet
  facet normal 0 0 1
    outer loop
      vertex -8.97952 -0.19455 2
      vertex -16.6733 -3.31653 2
      vertex -16.5303 -3.96857 2
    endloop
  endfacet
  facet normal -0 0 1
    outer loop
      vertex -16.8822 1.99814 2
      vertex -8.97952 -0.19455 2
      vertex -16.7907 2.65939 2
    endloop
  endfacet
  facet normal 0 0 1
    outer loop
      vertex -8.97952 -0.19455 2
      vertex -16.7907 -2.65939 2
      vertex -16.6733 -3.31653 2
    endloop
  endfacet
  facet normal -0 0 1
    outer loop
      vertex -16.9476 1.3338 2
      vertex -8.97952 -0.19455 2
      vertex -16.8822 1.99814 2
    endloop
  endfacet
  facet normal 0 0 1
    outer loop
      vertex -8.97952 -0.19455 2
      vertex -16.8822 -1.99814 2
      vertex -16.7907 -2.65939 2
    endloop
  endfacet
  facet normal -0 0 1
    outer loop
      vertex -16.9869 0.667417 2
      vertex -8.97952 -0.19455 2
      vertex -16.9476 1.3338 2
    endloop
  endfacet
  facet normal 0 0 1
    outer loop
      vertex -8.97952 -0.19455 2
      vertex -16.9476 -1.3338 2
      vertex -16.8822 -1.99814 2
    endloop
  endfacet
  facet normal -0 0 1
    outer loop
      vertex -17 0 2
      vertex -8.97952 -0.19455 2
      vertex -16.9869 0.667417 2
    endloop
  endfacet
  facet normal 0 0 1
    outer loop
      vertex -8.97952 -0.19455 2
      vertex -16.9869 -0.667417 2
      vertex -16.9476 -1.3338 2
    endloop
  endfacet
  facet normal 0 0 1
    outer loop
      vertex -8.97952 -0.19455 2
      vertex -17 0 2
      vertex -16.9869 -0.667417 2
    endloop
  endfacet
  facet normal -0 0 1
    outer loop
      vertex 0.501663 -2.50859 2
      vertex 4.90437 -3.57339 2
      vertex 3.20474 -0.19455 2
    endloop
  endfacet
  facet normal 0 0 1
    outer loop
      vertex 0.501663 -2.50859 2
      vertex 3.20474 -0.19455 2
      vertex 2.44707 -0.112671 2
    endloop
  endfacet
  facet normal 0 0 1
    outer loop
      vertex 4.90437 -3.57339 2
      vertex 0.501663 -2.50859 2
      vertex 3.90103 -4.63823 2
    endloop
  endfacet
  facet normal 0 0 1
    outer loop
      vertex -1.19795 -1.99661 2
      vertex 2.44707 -0.112671 2
      vertex 2.07846 1.09547 2
    endloop
  endfacet
  facet normal 0 0 1
    outer loop
      vertex -1.19795 -1.99661 2
      vertex 2.07846 1.09547 2
      vertex 1.32079 1.93513 2
    endloop
  endfacet
  facet normal 0 0 1
    outer loop
      vertex 3.90103 -4.63823 2
      vertex 0.501663 -2.50859 2
      vertex 2.1194 -5.68262 2
    endloop
  endfacet
  facet normal 0 0 1
    outer loop
      vertex 2.1194 -5.68262 2
      vertex 0.501663 -2.50859 2
      vertex 0.563141 -5.98976 2
    endloop
  endfacet
  facet normal 0 0 1
    outer loop
      vertex -1.19795 -1.99661 2
      vertex 1.32079 1.93513 2
      vertex -0.23555 2.32419 2
    endloop
  endfacet
  facet normal 0 0 1
    outer loop
      vertex -1.19795 -1.99661 2
      vertex -0.23555 2.32419 2
      vertex -1.157 2.01703 2
    endloop
  endfacet
  facet normal 0 0 1
    outer loop
      vertex 2.44707 -0.112671 2
      vertex -1.19795 -1.99661 2
      vertex 0.501663 -2.50859 2
    endloop
  endfacet
  facet normal -0 0 1
    outer loop
      vertex -1.89424 1.34126 2
      vertex -1.19795 -1.99661 2
      vertex -1.157 2.01703 2
    endloop
  endfacet
  facet normal 0 0 1
    outer loop
      vertex -1.89424 1.34126 2
      vertex -2.2014 -0.747482 2
      vertex -1.19795 -1.99661 2
    endloop
  endfacet
  facet normal 0 -0 1
    outer loop
      vertex -2.2014 -0.747482 2
      vertex -1.89424 1.34126 2
      vertex -2.28328 0.419708 2
    endloop
  endfacet
  facet normal 0 0 1
    outer loop
      vertex -0.481232 -8.85674 2
      vertex -0.501755 -8.8362 2
      vertex -0.481232 -8.87714 2
    endloop
  endfacet
  facet normal -0 0 1
    outer loop
      vertex 7.0341 1.38222 2
      vertex 7.81229 1.36179 2
      vertex 7.27988 3.14331 2
    endloop
  endfacet
  facet normal 0 -0 1
    outer loop
      vertex 7.13651 -0.645081 2
      vertex 7.81229 1.36179 2
      vertex 7.0341 1.38222 2
    endloop
  endfacet
  facet normal 0 0 1
    outer loop
      vertex 6.74736 -2.42661 2
      vertex 7.87364 -0.911285 2
      vertex 7.13651 -0.645081 2
    endloop
  endfacet
  facet normal 0 0 1
    outer loop
      vertex 7.81229 1.36179 2
      vertex 7.13651 -0.645081 2
      vertex 7.87364 -0.911285 2
    endloop
  endfacet
  facet normal 0 0 1
    outer loop
      vertex 7.27988 3.14331 2
      vertex 6.50169 3.02048 2
      vertex 7.0341 1.38222 2
    endloop
  endfacet
  facet normal 0 0 1
    outer loop
      vertex 6.21497 4.90443 2
      vertex 6.50169 3.02048 2
      vertex 7.27988 3.14331 2
    endloop
  endfacet
  facet normal 0 0 1
    outer loop
      vertex 6.21497 4.90443 2
      vertex 5.41635 4.67917 2
      vertex 6.50169 3.02048 2
    endloop
  endfacet
  facet normal 0 0 1
    outer loop
      vertex 4.5768 6.46069 2
      vertex 5.41635 4.67917 2
      vertex 6.21497 4.90443 2
    endloop
  endfacet
  facet normal 0 0 1
    outer loop
      vertex 4.5768 6.46069 2
      vertex 3.98293 5.94882 2
      vertex 5.41635 4.67917 2
    endloop
  endfacet
  facet normal 0 0 1
    outer loop
      vertex 2.8157 7.40266 2
      vertex 3.98293 5.94882 2
      vertex 4.5768 6.46069 2
    endloop
  endfacet
  facet normal 0 0 1
    outer loop
      vertex 2.8157 7.40266 2
      vertex 2.34467 6.76794 2
      vertex 3.98293 5.94882 2
    endloop
  endfacet
  facet normal 0 0 1
    outer loop
      vertex 1.01364 7.85318 2
      vertex 2.34467 6.76794 2
      vertex 2.8157 7.40266 2
    endloop
  endfacet
  facet normal 0 0 1
    outer loop
      vertex 1.01364 7.85318 2
      vertex 0.747437 7.11604 2
      vertex 2.34467 6.76794 2
    endloop
  endfacet
  facet normal -0 0 1
    outer loop
      vertex -1.11606 7.83275 2
      vertex 0.747437 7.11604 2
      vertex 1.01364 7.85318 2
    endloop
  endfacet
  facet normal 0 0 1
    outer loop
      vertex 0.747437 7.11604 2
      vertex -1.11606 7.83275 2
      vertex -1.03416 7.0751 2
    endloop
  endfacet
  facet normal 0 0 1
    outer loop
      vertex -1.11606 7.83275 2
      vertex -2.79527 6.58363 2
      vertex -1.03416 7.0751 2
    endloop
  endfacet
  facet normal -0 0 1
    outer loop
      vertex -3.12285 7.25941 2
      vertex -2.79527 6.58363 2
      vertex -1.11606 7.83275 2
    endloop
  endfacet
  facet normal 0 0 1
    outer loop
      vertex -4.94542 6.15355 2
      vertex -2.79527 6.58363 2
      vertex -3.12285 7.25941 2
    endloop
  endfacet
  facet normal 0 0 1
    outer loop
      vertex -2.79527 6.58363 2
      vertex -4.94542 6.15355 2
      vertex -4.53584 5.51872 2
    endloop
  endfacet
  facet normal 0 0 1
    outer loop
      vertex -6.29697 4.76106 2
      vertex -4.53584 5.51872 2
      vertex -4.94542 6.15355 2
    endloop
  endfacet
  facet normal 0 0 1
    outer loop
      vertex -4.53584 5.51872 2
      vertex -6.29697 4.76106 2
      vertex -5.78497 4.1877 2
    endloop
  endfacet
  facet normal 0 0 1
    outer loop
      vertex -7.30042 2.99994 2
      vertex -5.78497 4.1877 2
      vertex -6.29697 4.76106 2
    endloop
  endfacet
  facet normal 0 0 1
    outer loop
      vertex -5.78497 4.1877 2
      vertex -7.30042 2.99994 2
      vertex -6.74747 2.34471 2
    endloop
  endfacet
  facet normal 0 0 1
    outer loop
      vertex -7.81229 0.583603 2
      vertex -6.74747 2.34471 2
      vertex -7.30042 2.99994 2
    endloop
  endfacet
  facet normal 0 0 1
    outer loop
      vertex -6.74747 2.34471 2
      vertex -7.81229 0.583603 2
      vertex -7.11609 0.604034 2
    endloop
  endfacet
  facet normal 0 0 1
    outer loop
      vertex 7.87364 -0.911285 2
      vertex 6.74736 -2.42661 2
      vertex 7.25937 -3.18436 2
    endloop
  endfacet
  facet normal 0 0 1
    outer loop
      vertex 5.94876 -4.00339 2
      vertex 7.25937 -3.18436 2
      vertex 6.74736 -2.42661 2
    endloop
  endfacet
  facet normal -0 0 1
    outer loop
      vertex 5.94876 -4.00339 2
      vertex 5.90782 -5.27304 2
      vertex 7.25937 -3.18436 2
    endloop
  endfacet
  facet normal 0 0 1
    outer loop
      vertex 4.72006 -5.39587 2
      vertex 5.90782 -5.27304 2
      vertex 5.94876 -4.00339 2
    endloop
  endfacet
  facet normal -0 0 1
    outer loop
      vertex 4.72006 -5.39587 2
      vertex 4.04428 -6.8089 2
      vertex 5.90782 -5.27304 2
    endloop
  endfacet
  facet normal -0 0 1
    outer loop
      vertex 2.93854 -6.54269 2
      vertex 4.04428 -6.8089 2
      vertex 4.72006 -5.39587 2
    endloop
  endfacet
  facet normal 0 0 1
    outer loop
      vertex 2.93854 -6.54269 2
      vertex 1.87372 -7.79181 2
      vertex 4.04428 -6.8089 2
    endloop
  endfacet
  facet normal -0 0 1
    outer loop
      vertex 0.542603 -8.07854 2
      vertex 1.87372 -8.4881 2
      vertex 1.87372 -7.79181 2
    endloop
  endfacet
  facet normal -0 0 1
    outer loop
      vertex 1.157 -7.0751 2
      vertex 1.87372 -7.79181 2
      vertex 2.93854 -6.54269 2
    endloop
  endfacet
  facet normal 0 0 1
    outer loop
      vertex 0.542603 -8.07854 2
      vertex 1.87372 -7.79181 2
      vertex 1.157 -7.0751 2
    endloop
  endfacet
  facet normal 0 0 1
    outer loop
      vertex 1.87372 -8.4881 2
      vertex 0.542603 -8.79526 2
      vertex 0.522171 -8.85674 2
    endloop
  endfacet
  facet normal 0 0 1
    outer loop
      vertex 1.87372 -8.4881 2
      vertex 0.542603 -8.07854 2
      vertex 0.542603 -8.79526 2
    endloop
  endfacet
  facet normal 0 0 1
    outer loop
      vertex 1.157 -7.0751 2
      vertex 0.522171 -8.0376 2
      vertex 0.542603 -8.07854 2
    endloop
  endfacet
  facet normal 0 0 1
    outer loop
      vertex 1.157 -7.0751 2
      vertex 0.501663 -7.99666 2
      vertex 0.522171 -8.0376 2
    endloop
  endfacet
  facet normal 0 0 1
    outer loop
      vertex 1.157 -7.0751 2
      vertex 0.419769 -7.91475 2
      vertex 0.501663 -7.99666 2
    endloop
  endfacet
  facet normal -0 0 1
    outer loop
      vertex 0.358292 -7.89423 2
      vertex 0.419769 -7.91475 2
      vertex 1.157 -7.0751 2
    endloop
  endfacet
  facet normal 0 0 1
    outer loop
      vertex 0.419769 -7.91475 2
      vertex 0.358292 -7.89423 2
      vertex 0.378815 -7.91475 2
    endloop
  endfacet
  facet normal -0 0 1
    outer loop
      vertex -0.051239 -7.157 2
      vertex 0.358292 -7.89423 2
      vertex 1.157 -7.0751 2
    endloop
  endfacet
  facet normal 0 0 1
    outer loop
      vertex -0.051239 -7.157 2
      vertex -0.337875 -7.89423 2
      vertex 0.358292 -7.89423 2
    endloop
  endfacet
  facet normal 0 0 1
    outer loop
      vertex -0.399338 -6.97267 2
      vertex -0.337875 -7.89423 2
      vertex -0.051239 -7.157 2
    endloop
  endfacet
  facet normal 0 0 1
    outer loop
      vertex -0.337875 -7.89423 2
      vertex -0.378815 -7.91475 2
      vertex -0.358383 -7.91475 2
    endloop
  endfacet
  facet normal 0 0 1
    outer loop
      vertex -0.337875 -7.89423 2
      vertex -0.399338 -6.97267 2
      vertex -0.378815 -7.91475 2
    endloop
  endfacet
  facet normal 0 0 1
    outer loop
      vertex -0.419769 -7.93518 2
      vertex -0.378815 -7.91475 2
      vertex -0.399338 -6.97267 2
    endloop
  endfacet
  facet normal 0 0 1
    outer loop
      vertex -0.378815 -7.91475 2
      vertex -0.419769 -7.93518 2
      vertex -0.399338 -7.93518 2
    endloop
  endfacet
  facet normal 0 0 1
    outer loop
      vertex -0.399338 -6.97267 2
      vertex -0.460815 -7.97612 2
      vertex -0.419769 -7.93518 2
    endloop
  endfacet
  facet normal 0 0 1
    outer loop
      vertex -0.460815 -7.97612 2
      vertex -0.481232 -8.01707 2
      vertex -0.460815 -7.99666 2
    endloop
  endfacet
  facet normal 0 0 1
    outer loop
      vertex -0.399338 -6.97267 2
      vertex -0.481232 -8.01707 2
      vertex -0.460815 -7.97612 2
    endloop
  endfacet
  facet normal 0 0 1
    outer loop
      vertex -1.62804 -2.93858 2
      vertex -0.399338 -6.97267 2
      vertex -0.501755 -3.3891 2
    endloop
  endfacet
  facet normal 0 0 1
    outer loop
      vertex -2.52907 -2.20134 2
      vertex -0.399338 -6.97267 2
      vertex -1.62804 -2.93858 2
    endloop
  endfacet
  facet normal 0 0 1
    outer loop
      vertex -0.399338 -6.97267 2
      vertex -0.501755 -8.05801 2
      vertex -0.481232 -8.01707 2
    endloop
  endfacet
  facet normal 0 0 1
    outer loop
      vertex -0.481232 -8.01707 2
      vertex -0.501755 -8.05801 2
      vertex -0.481232 -8.0376 2
    endloop
  endfacet
  facet normal 0 0 1
    outer loop
      vertex -0.399338 -6.97267 2
      vertex -2.52907 -2.20134 2
      vertex -0.501755 -8.05801 2
    endloop
  endfacet
  facet normal 0 0 1
    outer loop
      vertex -0.501755 -8.8362 2
      vertex -1.3338 -16.9476 2
      vertex -0.667417 -16.9869 2
    endloop
  endfacet
  facet normal 0 0 1
    outer loop
      vertex -0.501755 -8.05801 2
      vertex -2.52907 -2.20134 2
      vertex -0.501755 -8.8362 2
    endloop
  endfacet
  facet normal 0 0 1
    outer loop
      vertex -0.501755 -8.8362 2
      vertex -1.99814 -16.8822 2
      vertex -1.3338 -16.9476 2
    endloop
  endfacet
  facet normal 0 0 1
    outer loop
      vertex -0.501755 -8.8362 2
      vertex -2.52907 -2.20134 2
      vertex -3.96857 -16.5303 2
    endloop
  endfacet
  facet normal 0 0 1
    outer loop
      vertex -0.501755 -8.8362 2
      vertex -2.65939 -16.7907 2
      vertex -1.99814 -16.8822 2
    endloop
  endfacet
  facet normal 0 0 1
    outer loop
      vertex -3.96857 -16.5303 2
      vertex -2.52907 -2.20134 2
      vertex -3.08191 -1.32083 2
    endloop
  endfacet
  facet normal 0 0 1
    outer loop
      vertex -0.501755 -8.8362 2
      vertex -3.31653 -16.6733 2
      vertex -2.65939 -16.7907 2
    endloop
  endfacet
  facet normal 0 0 1
    outer loop
      vertex -3.96857 -16.5303 2
      vertex -3.08191 -1.32083 2
      vertex -3.3481 -0.030777 2
    endloop
  endfacet
  facet normal 0 0 1
    outer loop
      vertex -0.501755 -8.8362 2
      vertex -3.96857 -16.5303 2
      vertex -3.31653 -16.6733 2
    endloop
  endfacet
  facet normal 0 0 1
    outer loop
      vertex 8.97952 0.972641 2
      vertex 17 0 2
      vertex 16.9869 0.667417 2
    endloop
  endfacet
  facet normal -0 0 1
    outer loop
      vertex 8.97952 0.972641 2
      vertex 16.9869 0.667417 2
      vertex 16.9476 1.3338 2
    endloop
  endfacet
  facet normal 0 0 1
    outer loop
      vertex 8.97952 -0.993164 2
      vertex 17 0 2
      vertex 8.97952 0.972641 2
    endloop
  endfacet
  facet normal 0 0 1
    outer loop
      vertex 8.97952 0.972641 2
      vertex 16.9476 1.3338 2
      vertex 16.8822 1.99814 2
    endloop
  endfacet
  facet normal 0 0 1
    outer loop
      vertex 17 0 2
      vertex 8.97952 -0.993164 2
      vertex 16.9869 -0.667417 2
    endloop
  endfacet
  facet normal 0 0 1
    outer loop
      vertex 8.97952 0.972641 2
      vertex 16.8822 1.99814 2
      vertex 16.7907 2.65939 2
    endloop
  endfacet
  facet normal 0 0 1
    outer loop
      vertex 16.9869 -0.667417 2
      vertex 8.97952 -0.993164 2
      vertex 16.9476 -1.3338 2
    endloop
  endfacet
  facet normal 0 0 1
    outer loop
      vertex 8.97952 0.972641 2
      vertex 16.7907 2.65939 2
      vertex 16.6733 3.31653 2
    endloop
  endfacet
  facet normal 0 0 1
    outer loop
      vertex 16.9476 -1.3338 2
      vertex 8.97952 -0.993164 2
      vertex 16.8822 -1.99814 2
    endloop
  endfacet
  facet normal 0 0 1
    outer loop
      vertex 8.63142 2.67227 2
      vertex 16.6733 3.31653 2
      vertex 16.5303 3.96857 2
    endloop
  endfacet
  facet normal 0 0 1
    outer loop
      vertex 16.8822 -1.99814 2
      vertex 8.97952 -0.993164 2
      vertex 16.7907 -2.65939 2
    endloop
  endfacet
  facet normal 0 0 1
    outer loop
      vertex 8.63142 2.67227 2
      vertex 16.5303 3.96857 2
      vertex 16.3617 4.61449 2
    endloop
  endfacet
  facet normal 0 0 1
    outer loop
      vertex 16.7907 -2.65939 2
      vertex 8.97952 -0.993164 2
      vertex 16.6733 -3.31653 2
    endloop
  endfacet
  facet normal 0 0 1
    outer loop
      vertex 8.63142 2.67227 2
      vertex 16.3617 4.61449 2
      vertex 16.168 5.25329 2
    endloop
  endfacet
  facet normal -0 0 1
    outer loop
      vertex 8.63142 -2.67238 2
      vertex 16.6733 -3.31653 2
      vertex 8.97952 -0.993164 2
    endloop
  endfacet
  facet normal 0 0 1
    outer loop
      vertex 8.63142 2.67227 2
      vertex 16.168 5.25329 2
      vertex 15.9493 5.88399 2
    endloop
  endfacet
  facet normal 0 0 1
    outer loop
      vertex 16.6733 -3.31653 2
      vertex 8.63142 -2.67238 2
      vertex 16.5303 -3.96857 2
    endloop
  endfacet
  facet normal 0 0 1
    outer loop
      vertex 8.63142 2.67227 2
      vertex 15.9493 5.88399 2
      vertex 15.706 6.50562 2
    endloop
  endfacet
  facet normal 0 0 1
    outer loop
      vertex 16.5303 -3.96857 2
      vertex 8.63142 -2.67238 2
      vertex 16.3617 -4.61449 2
    endloop
  endfacet
  facet normal 0 0 1
    outer loop
      vertex 7.95566 4.26959 2
      vertex 15.706 6.50562 2
      vertex 15.4384 7.11722 2
    endloop
  endfacet
  facet normal 0 0 1
    outer loop
      vertex 16.3617 -4.61449 2
      vertex 8.63142 -2.67238 2
      vertex 16.168 -5.25329 2
    endloop
  endfacet
  facet normal 0 0 1
    outer loop
      vertex 7.95566 4.26959 2
      vertex 15.4384 7.11722 2
      vertex 15.1471 7.71784 2
    endloop
  endfacet
  facet normal 0 0 1
    outer loop
      vertex 16.168 -5.25329 2
      vertex 8.63142 -2.67238 2
      vertex 15.9493 -5.88399 2
    endloop
  endfacet
  facet normal 0 0 1
    outer loop
      vertex 7.95566 4.26959 2
      vertex 15.1471 7.71784 2
      vertex 14.8324 8.30656 2
    endloop
  endfacet
  facet normal 0 0 1
    outer loop
      vertex 15.9493 -5.88399 2
      vertex 8.63142 -2.67238 2
      vertex 15.706 -6.50562 2
    endloop
  endfacet
  facet normal 0 0 1
    outer loop
      vertex 7.95566 4.26959 2
      vertex 14.8324 8.30656 2
      vertex 14.4949 8.88247 2
    endloop
  endfacet
  facet normal -0 0 1
    outer loop
      vertex 8.01701 -4.16728 2
      vertex 15.706 -6.50562 2
      vertex 8.63142 -2.67238 2
    endloop
  endfacet
  facet normal 0 0 1
    outer loop
      vertex 7.95566 4.26959 2
      vertex 14.4949 8.88247 2
      vertex 14.135 9.44469 2
    endloop
  endfacet
  facet normal 0 0 1
    outer loop
      vertex 15.706 -6.50562 2
      vertex 8.01701 -4.16728 2
      vertex 15.4384 -7.11722 2
    endloop
  endfacet
  facet normal 0 0 1
    outer loop
      vertex 6.95221 5.76451 2
      vertex 14.135 9.44469 2
      vertex 13.7533 9.99235 2
    endloop
  endfacet
  facet normal 0 0 1
    outer loop
      vertex 15.4384 -7.11722 2
      vertex 8.01701 -4.16728 2
      vertex 15.1471 -7.71784 2
    endloop
  endfacet
  facet normal 0 0 1
    outer loop
      vertex 6.95221 5.76451 2
      vertex 13.7533 9.99235 2
      vertex 13.3504 10.5246 2
    endloop
  endfacet
  facet normal 0 0 1
    outer loop
      vertex 15.1471 -7.71784 2
      vertex 8.01701 -4.16728 2
      vertex 14.8324 -8.30656 2
    endloop
  endfacet
  facet normal 0 0 1
    outer loop
      vertex 6.95221 5.76451 2
      vertex 13.3504 10.5246 2
      vertex 12.9269 11.0406 2
    endloop
  endfacet
  facet normal 0 0 1
    outer loop
      vertex 14.8324 -8.30656 2
      vertex 8.01701 -4.16728 2
      vertex 14.4949 -8.88247 2
    endloop
  endfacet
  facet normal 0 0 1
    outer loop
      vertex 6.95221 5.76451 2
      vertex 12.9269 11.0406 2
      vertex 12.4835 11.5396 2
    endloop
  endfacet
  facet normal 0 0 1
    outer loop
      vertex 14.4949 -8.88247 2
      vertex 8.01701 -4.16728 2
      vertex 14.135 -9.44469 2
    endloop
  endfacet
  facet normal 0 0 1
    outer loop
      vertex 6.95221 5.76451 2
      vertex 12.4835 11.5396 2
      vertex 12.0208 12.0208 2
    endloop
  endfacet
  facet normal -0 0 1
    outer loop
      vertex 7.13651 -5.53925 2
      vertex 14.135 -9.44469 2
      vertex 8.01701 -4.16728 2
    endloop
  endfacet
  facet normal 0 0 1
    outer loop
      vertex 5.8054 6.91121 2
      vertex 12.0208 12.0208 2
      vertex 11.5396 12.4835 2
    endloop
  endfacet
  facet normal 0 0 1
    outer loop
      vertex 14.135 -9.44469 2
      vertex 7.13651 -5.53925 2
      vertex 13.7533 -9.99235 2
    endloop
  endfacet
  facet normal 0 0 1
    outer loop
      vertex 5.8054 6.91121 2
      vertex 11.5396 12.4835 2
      vertex 11.0406 12.9269 2
    endloop
  endfacet
  facet normal 0 0 1
    outer loop
      vertex 13.7533 -9.99235 2
      vertex 7.13651 -5.53925 2
      vertex 13.3504 -10.5246 2
    endloop
  endfacet
  facet normal 0 0 1
    outer loop
      vertex 5.8054 6.91121 2
      vertex 11.0406 12.9269 2
      vertex 10.5246 13.3504 2
    endloop
  endfacet
  facet normal 0 0 1
    outer loop
      vertex 13.3504 -10.5246 2
      vertex 7.13651 -5.53925 2
      vertex 12.9269 -11.0406 2
    endloop
  endfacet
  facet normal 0 0 1
    outer loop
      vertex 5.8054 6.91121 2
      vertex 10.5246 13.3504 2
      vertex 9.99235 13.7533 2
    endloop
  endfacet
  facet normal 0 0 1
    outer loop
      vertex 12.9269 -11.0406 2
      vertex 7.13651 -5.53925 2
      vertex 12.4835 -11.5396 2
    endloop
  endfacet
  facet normal 0 0 1
    outer loop
      vertex 5.8054 6.91121 2
      vertex 9.99235 13.7533 2
      vertex 9.44469 14.135 2
    endloop
  endfacet
  facet normal -0 0 1
    outer loop
      vertex 5.96928 -6.78847 2
      vertex 12.4835 -11.5396 2
      vertex 7.13651 -5.53925 2
    endloop
  endfacet
  facet normal 0 0 1
    outer loop
      vertex 12.4835 -11.5396 2
      vertex 5.96928 -6.78847 2
      vertex 12.0208 -12.0208 2
    endloop
  endfacet
  facet normal 0 0 1
    outer loop
      vertex 4.33102 7.91464 2
      vertex 9.44469 14.135 2
      vertex 8.88247 14.4949 2
    endloop
  endfacet
  facet normal 0 0 1
    outer loop
      vertex 16.6733 3.31653 2
      vertex 8.63142 2.67227 2
      vertex 8.97952 0.972641 2
    endloop
  endfacet
  facet normal 0 0 1
    outer loop
      vertex 4.33102 7.91464 2
      vertex 8.88247 14.4949 2
      vertex 8.30656 14.8324 2
    endloop
  endfacet
  facet normal 0 0 1
    outer loop
      vertex 15.706 6.50562 2
      vertex 7.95566 4.26959 2
      vertex 8.63142 2.67227 2
    endloop
  endfacet
  facet normal 0 0 1
    outer loop
      vertex 4.33102 7.91464 2
      vertex 8.30656 14.8324 2
      vertex 7.71784 15.1471 2
    endloop
  endfacet
  facet normal 0 0 1
    outer loop
      vertex 4.33102 7.91464 2
      vertex 7.71784 15.1471 2
      vertex 7.11722 15.4384 2
    endloop
  endfacet
  facet normal 0 0 1
    outer loop
      vertex 14.135 9.44469 2
      vertex 6.95221 5.76451 2
      vertex 7.95566 4.26959 2
    endloop
  endfacet
  facet normal 0 0 1
    outer loop
      vertex 4.33102 7.91464 2
      vertex 7.11722 15.4384 2
      vertex 6.50562 15.706 2
    endloop
  endfacet
  facet normal 0 0 1
    outer loop
      vertex 2.75423 8.59042 2
      vertex 6.50562 15.706 2
      vertex 5.88399 15.9493 2
    endloop
  endfacet
  facet normal 0 0 1
    outer loop
      vertex 12.0208 12.0208 2
      vertex 5.8054 6.91121 2
      vertex 6.95221 5.76451 2
    endloop
  endfacet
  facet normal 0 0 1
    outer loop
      vertex 2.75423 8.59042 2
      vertex 5.88399 15.9493 2
      vertex 5.25329 16.168 2
    endloop
  endfacet
  facet normal 0 0 1
    outer loop
      vertex 2.75423 8.59042 2
      vertex 5.25329 16.168 2
      vertex 4.61449 16.3617 2
    endloop
  endfacet
  facet normal 0 0 1
    outer loop
      vertex 9.44469 14.135 2
      vertex 4.33102 7.91464 2
      vertex 5.8054 6.91121 2
    endloop
  endfacet
  facet normal 0 0 1
    outer loop
      vertex 2.75423 8.59042 2
      vertex 4.61449 16.3617 2
      vertex 3.96857 16.5303 2
    endloop
  endfacet
  facet normal 0 0 1
    outer loop
      vertex 2.75423 8.59042 2
      vertex 3.96857 16.5303 2
      vertex 3.31653 16.6733 2
    endloop
  endfacet
  facet normal 0 0 1
    outer loop
      vertex 6.50562 15.706 2
      vertex 2.75423 8.59042 2
      vertex 4.33102 7.91464 2
    endloop
  endfacet
  facet normal 0 0 1
    outer loop
      vertex 1.03407 8.95903 2
      vertex 3.31653 16.6733 2
      vertex 2.65939 16.7907 2
    endloop
  endfacet
  facet normal 0 0 1
    outer loop
      vertex 1.03407 8.95903 2
      vertex 2.65939 16.7907 2
      vertex 1.99814 16.8822 2
    endloop
  endfacet
  facet normal 0 0 1
    outer loop
      vertex 1.03407 8.95903 2
      vertex 1.99814 16.8822 2
      vertex 1.3338 16.9476 2
    endloop
  endfacet
  facet normal 0 0 1
    outer loop
      vertex 3.31653 16.6733 2
      vertex 1.03407 8.95903 2
      vertex 2.75423 8.59042 2
    endloop
  endfacet
  facet normal 0 0 1
    outer loop
      vertex 0.667417 16.9869 2
      vertex 1.03407 8.95903 2
      vertex 1.3338 16.9476 2
    endloop
  endfacet
  facet normal 0 0 1
    outer loop
      vertex -0.542709 9 2
      vertex 0.667417 16.9869 2
      vertex 0 17 2
    endloop
  endfacet
  facet normal 0 0 1
    outer loop
      vertex 0.667417 16.9869 2
      vertex -0.542709 9 2
      vertex 1.03407 8.95903 2
    endloop
  endfacet
  facet normal -0 0 1
    outer loop
      vertex -0.667417 16.9869 2
      vertex -0.542709 9 2
      vertex 0 17 2
    endloop
  endfacet
  facet normal -0 0 1
    outer loop
      vertex -1.3338 16.9476 2
      vertex -0.542709 9 2
      vertex -0.667417 16.9869 2
    endloop
  endfacet
  facet normal -0 0 1
    outer loop
      vertex -1.99814 16.8822 2
      vertex -0.542709 9 2
      vertex -1.3338 16.9476 2
    endloop
  endfacet
  facet normal -0 0 1
    outer loop
      vertex -2.65939 16.7907 2
      vertex -0.542709 9 2
      vertex -1.99814 16.8822 2
    endloop
  endfacet
  facet normal 0 0 1
    outer loop
      vertex -0.542709 9 2
      vertex -2.65939 16.7907 2
      vertex -2.46761 8.67232 2
    endloop
  endfacet
  facet normal -0 0 1
    outer loop
      vertex -3.31653 16.6733 2
      vertex -2.46761 8.67232 2
      vertex -2.65939 16.7907 2
    endloop
  endfacet
  facet normal -0 0 1
    outer loop
      vertex -3.96857 16.5303 2
      vertex -2.46761 8.67232 2
      vertex -3.31653 16.6733 2
    endloop
  endfacet
  facet normal -0 0 1
    outer loop
      vertex -4.61449 16.3617 2
      vertex -2.46761 8.67232 2
      vertex -3.96857 16.5303 2
    endloop
  endfacet
  facet normal -0 0 1
    outer loop
      vertex -5.25329 16.168 2
      vertex -2.46761 8.67232 2
      vertex -4.61449 16.3617 2
    endloop
  endfacet
  facet normal -0 0 1
    outer loop
      vertex -5.88399 15.9493 2
      vertex -2.46761 8.67232 2
      vertex -5.25329 16.168 2
    endloop
  endfacet
  facet normal -0 0 1
    outer loop
      vertex -6.50562 15.706 2
      vertex -2.46761 8.67232 2
      vertex -5.88399 15.9493 2
    endloop
  endfacet
  facet normal -0 0 1
    outer loop
      vertex -7.11722 15.4384 2
      vertex -2.46761 8.67232 2
      vertex -6.50562 15.706 2
    endloop
  endfacet
  facet normal 0 0 1
    outer loop
      vertex -2.46761 8.67232 2
      vertex -7.11722 15.4384 2
      vertex -5.04784 7.46414 2
    endloop
  endfacet
  facet normal -0 0 1
    outer loop
      vertex -7.71784 15.1471 2
      vertex -5.04784 7.46414 2
      vertex -7.11722 15.4384 2
    endloop
  endfacet
  facet normal -0 0 1
    outer loop
      vertex -8.30656 14.8324 2
      vertex -5.04784 7.46414 2
      vertex -7.71784 15.1471 2
    endloop
  endfacet
  facet normal -0 0 1
    outer loop
      vertex -8.88247 14.4949 2
      vertex -5.04784 7.46414 2
      vertex -8.30656 14.8324 2
    endloop
  endfacet
  facet normal -0 0 1
    outer loop
      vertex -9.44469 14.135 2
      vertex -5.04784 7.46414 2
      vertex -8.88247 14.4949 2
    endloop
  endfacet
  facet normal -0 0 1
    outer loop
      vertex -9.99235 13.7533 2
      vertex -5.04784 7.46414 2
      vertex -9.44469 14.135 2
    endloop
  endfacet
  facet normal -0 0 1
    outer loop
      vertex -10.5246 13.3504 2
      vertex -5.04784 7.46414 2
      vertex -9.99235 13.7533 2
    endloop
  endfacet
  facet normal -0 0 1
    outer loop
      vertex -11.0406 12.9269 2
      vertex -5.04784 7.46414 2
      vertex -10.5246 13.3504 2
    endloop
  endfacet
  facet normal 0 0 1
    outer loop
      vertex 12.0208 -12.0208 2
      vertex 5.96928 -6.78847 2
      vertex 11.5396 -12.4835 2
    endloop
  endfacet
  facet normal 0 0 1
    outer loop
      vertex 11.5396 -12.4835 2
      vertex 5.96928 -6.78847 2
      vertex 11.0406 -12.9269 2
    endloop
  endfacet
  facet normal 0 0 1
    outer loop
      vertex 11.0406 -12.9269 2
      vertex 5.96928 -6.78847 2
      vertex 10.5246 -13.3504 2
    endloop
  endfacet
  facet normal 0 0 1
    outer loop
      vertex 10.5246 -13.3504 2
      vertex 5.96928 -6.78847 2
      vertex 9.99235 -13.7533 2
    endloop
  endfacet
  facet normal 0 0 1
    outer loop
      vertex 9.99235 -13.7533 2
      vertex 5.96928 -6.78847 2
      vertex 9.44469 -14.135 2
    endloop
  endfacet
  facet normal -0 0 1
    outer loop
      vertex 4.16724 -8.01707 2
      vertex 9.44469 -14.135 2
      vertex 5.96928 -6.78847 2
    endloop
  endfacet
  facet normal 0 0 1
    outer loop
      vertex 9.44469 -14.135 2
      vertex 4.16724 -8.01707 2
      vertex 8.88247 -14.4949 2
    endloop
  endfacet
  facet normal 0 0 1
    outer loop
      vertex 8.88247 -14.4949 2
      vertex 4.16724 -8.01707 2
      vertex 8.30656 -14.8324 2
    endloop
  endfacet
  facet normal 0 0 1
    outer loop
      vertex 8.30656 -14.8324 2
      vertex 4.16724 -8.01707 2
      vertex 7.71784 -15.1471 2
    endloop
  endfacet
  facet normal 0 0 1
    outer loop
      vertex 7.71784 -15.1471 2
      vertex 4.16724 -8.01707 2
      vertex 7.11722 -15.4384 2
    endloop
  endfacet
  facet normal 0 0 1
    outer loop
      vertex 7.11722 -15.4384 2
      vertex 4.16724 -8.01707 2
      vertex 6.50562 -15.706 2
    endloop
  endfacet
  facet normal -0 0 1
    outer loop
      vertex 2.52896 -8.67241 2
      vertex 6.50562 -15.706 2
      vertex 4.16724 -8.01707 2
    endloop
  endfacet
  facet normal 0 0 1
    outer loop
      vertex 6.50562 -15.706 2
      vertex 2.52896 -8.67241 2
      vertex 5.88399 -15.9493 2
    endloop
  endfacet
  facet normal 0 0 1
    outer loop
      vertex 5.88399 -15.9493 2
      vertex 2.52896 -8.67241 2
      vertex 5.25329 -16.168 2
    endloop
  endfacet
  facet normal 0 0 1
    outer loop
      vertex 5.25329 -16.168 2
      vertex 2.52896 -8.67241 2
      vertex 4.61449 -16.3617 2
    endloop
  endfacet
  facet normal 0 0 1
    outer loop
      vertex 4.61449 -16.3617 2
      vertex 2.52896 -8.67241 2
      vertex 3.96857 -16.5303 2
    endloop
  endfacet
  facet normal 0 0 1
    outer loop
      vertex 3.96857 -16.5303 2
      vertex 2.52896 -8.67241 2
      vertex 3.31653 -16.6733 2
    endloop
  endfacet
  facet normal 0 0 1
    outer loop
      vertex 3.31653 -16.6733 2
      vertex 2.52896 -8.67241 2
      vertex 2.65939 -16.7907 2
    endloop
  endfacet
  facet normal 0 0 1
    outer loop
      vertex 2.52896 -8.67241 2
      vertex 1.99814 -16.8822 2
      vertex 2.65939 -16.7907 2
    endloop
  endfacet
  facet normal 0 0 1
    outer loop
      vertex 1.3338 -16.9476 2
      vertex 2.52896 -8.67241 2
      vertex 1.87372 -8.4881 2
    endloop
  endfacet
  facet normal 0 0 1
    outer loop
      vertex 2.52896 -8.67241 2
      vertex 1.3338 -16.9476 2
      vertex 1.99814 -16.8822 2
    endloop
  endfacet
  facet normal 0 0 1
    outer loop
      vertex 1.87372 -8.4881 2
      vertex 0.522171 -8.85674 2
      vertex 0.501663 -8.89767 2
    endloop
  endfacet
  facet normal 0 0 1
    outer loop
      vertex 0.522171 -8.85674 2
      vertex 0.542603 -8.79526 2
      vertex 0.522171 -8.81578 2
    endloop
  endfacet
  facet normal 0 0 1
    outer loop
      vertex 0.440186 -8.95903 2
      vertex 1.87372 -8.4881 2
      vertex 0.501663 -8.89767 2
    endloop
  endfacet
  facet normal 0 0 1
    outer loop
      vertex 0.501663 -8.89767 2
      vertex 0.522171 -8.85674 2
      vertex 0.501663 -8.87714 2
    endloop
  endfacet
  facet normal 0 0 1
    outer loop
      vertex 1.87372 -8.4881 2
      vertex 0.440186 -8.95903 2
      vertex 1.3338 -16.9476 2
    endloop
  endfacet
  facet normal -0 0 1
    outer loop
      vertex 0.399231 -8.97957 2
      vertex 1.3338 -16.9476 2
      vertex 0.440186 -8.95903 2
    endloop
  endfacet
  facet normal 0 0 1
    outer loop
      vertex 0.399231 -8.97957 2
      vertex 0.440186 -8.95903 2
      vertex 0.419769 -8.95903 2
    endloop
  endfacet
  facet normal -0 0 1
    outer loop
      vertex 0.337875 -9 2
      vertex 1.3338 -16.9476 2
      vertex 0.399231 -8.97957 2
    endloop
  endfacet
  facet normal 0 0 1
    outer loop
      vertex 0.337875 -9 2
      vertex 0.399231 -8.97957 2
      vertex 0.358292 -8.97957 2
    endloop
  endfacet
  facet normal 0 0 1
    outer loop
      vertex 1.3338 -16.9476 2
      vertex 0.337875 -9 2
      vertex 0.667417 -16.9869 2
    endloop
  endfacet
  facet normal 0 0 1
    outer loop
      vertex 0.337875 -9 2
      vertex 0 -17 2
      vertex 0.667417 -16.9869 2
    endloop
  endfacet
  facet normal -0 0 1
    outer loop
      vertex -0.296921 -9 2
      vertex 0 -17 2
      vertex 0.337875 -9 2
    endloop
  endfacet
  facet normal -0 0 1
    outer loop
      vertex -0.378815 -8.97957 2
      vertex -0.296921 -9 2
      vertex -0.317444 -8.97957 2
    endloop
  endfacet
  facet normal 0 0 1
    outer loop
      vertex -0.296921 -9 2
      vertex -0.378815 -8.97957 2
      vertex -0.667417 -16.9869 2
    endloop
  endfacet
  facet normal 0 0 1
    outer loop
      vertex -0.667417 -16.9869 2
      vertex -0.378815 -8.97957 2
      vertex -0.481232 -8.87714 2
    endloop
  endfacet
  facet normal 0 0 1
    outer loop
      vertex -0.667417 -16.9869 2
      vertex -0.481232 -8.87714 2
      vertex -0.501755 -8.8362 2
    endloop
  endfacet
  facet normal 0 0 1
    outer loop
      vertex -0.296921 -9 2
      vertex -0.667417 -16.9869 2
      vertex 0 -17 2
    endloop
  endfacet
  facet normal 0 0 1
    outer loop
      vertex 0.542603 -8.07854 2
      vertex 0.522171 -8.0376 2
      vertex 0.522171 -8.05801 2
    endloop
  endfacet
  facet normal 0 0 1
    outer loop
      vertex 0.522171 -8.0376 2
      vertex 0.501663 -7.99666 2
      vertex 0.501663 -8.01707 2
    endloop
  endfacet
  facet normal 0.995194 -0.0979189 0
    outer loop
      vertex 19.8614 -2.35075 2
      vertex 19.9383 -1.56918 0
      vertex 19.9383 -1.56918 2
    endloop
  endfacet
  facet normal 0.995194 -0.0979189 0
    outer loop
      vertex 19.9383 -1.56918 0
      vertex 19.8614 -2.35075 2
      vertex 19.8614 -2.35075 0
    endloop
  endfacet
  facet normal 0.998261 -0.0589546 0
    outer loop
      vertex 19.9383 -1.56918 2
      vertex 19.9846 -0.785196 0
      vertex 19.9846 -0.785196 2
    endloop
  endfacet
  facet normal 0.998261 -0.0589546 0
    outer loop
      vertex 19.9846 -0.785196 0
      vertex 19.9383 -1.56918 2
      vertex 19.9383 -1.56918 0
    endloop
  endfacet
  facet normal 0.99057 -0.13701 0
    outer loop
      vertex 19.7538 -3.12869 2
      vertex 19.8614 -2.35075 0
      vertex 19.8614 -2.35075 2
    endloop
  endfacet
  facet normal 0.99057 -0.13701 0
    outer loop
      vertex 19.8614 -2.35075 0
      vertex 19.7538 -3.12869 2
      vertex 19.7538 -3.12869 0
    endloop
  endfacet
  facet normal 0.931231 -0.36443 0
    outer loop
      vertex 18.4776 -7.65367 2
      vertex 18.7638 -6.92234 0
      vertex 18.7638 -6.92234 2
    endloop
  endfacet
  facet normal 0.931231 -0.36443 0
    outer loop
      vertex 18.7638 -6.92234 0
      vertex 18.4776 -7.65367 2
      vertex 18.4776 -7.65367 0
    endloop
  endfacet
  facet normal 0.976768 -0.214301 0
    outer loop
      vertex 19.4474 -4.66891 2
      vertex 19.6157 -3.90181 0
      vertex 19.6157 -3.90181 2
    endloop
  endfacet
  facet normal 0.976768 -0.214301 0
    outer loop
      vertex 19.6157 -3.90181 0
      vertex 19.4474 -4.66891 2
      vertex 19.4474 -4.66891 0
    endloop
  endfacet
  facet normal 0.881925 -0.471389 0
    outer loop
      vertex 17.4499 -9.77242 2
      vertex 17.8201 -9.07981 0
      vertex 17.8201 -9.07981 2
    endloop
  endfacet
  facet normal 0.881925 -0.471389 0
    outer loop
      vertex 17.8201 -9.07981 0
      vertex 17.4499 -9.77242 2
      vertex 17.4499 -9.77242 0
    endloop
  endfacet
  facet normal 0.862755 -0.505623 0
    outer loop
      vertex 17.0528 -10.45 2
      vertex 17.4499 -9.77242 0
      vertex 17.4499 -9.77242 2
    endloop
  endfacet
  facet normal 0.862755 -0.505623 0
    outer loop
      vertex 17.4499 -9.77242 0
      vertex 17.0528 -10.45 2
      vertex 17.0528 -10.45 0
    endloop
  endfacet
  facet normal 0.797334 -0.603539 0
    outer loop
      vertex 15.7063 -12.3819 2
      vertex 16.1803 -11.7557 0
      vertex 16.1803 -11.7557 2
    endloop
  endfacet
  facet normal 0.797334 -0.603539 0
    outer loop
      vertex 16.1803 -11.7557 0
      vertex 15.7063 -12.3819 2
      vertex 15.7063 -12.3819 0
    endloop
  endfacet
  facet normal 0.820373 -0.571829 0
    outer loop
      vertex 16.1803 -11.7557 2
      vertex 16.6294 -11.1114 0
      vertex 16.6294 -11.1114 2
    endloop
  endfacet
  facet normal 0.820373 -0.571829 0
    outer loop
      vertex 16.6294 -11.1114 0
      vertex 16.1803 -11.7557 2
      vertex 16.1803 -11.7557 0
    endloop
  endfacet
  facet normal 0.720787 -0.693157 0
    outer loop
      vertex 14.1421 -14.1421 2
      vertex 14.6865 -13.576 0
      vertex 14.6865 -13.576 2
    endloop
  endfacet
  facet normal 0.720787 -0.693157 0
    outer loop
      vertex 14.6865 -13.576 0
      vertex 14.1421 -14.1421 2
      vertex 14.1421 -14.1421 0
    endloop
  endfacet
  facet normal 0.634367 -0.773032 0
    outer loop
      vertex 12.3819 -15.7063 0
      vertex 12.989 -15.2081 2
      vertex 12.3819 -15.7063 2
    endloop
  endfacet
  facet normal 0.634367 -0.773032 0
    outer loop
      vertex 12.989 -15.2081 2
      vertex 12.3819 -15.7063 0
      vertex 12.989 -15.2081 0
    endloop
  endfacet
  facet normal 0.13701 -0.99057 0
    outer loop
      vertex 2.35075 -19.8614 0
      vertex 3.12869 -19.7538 2
      vertex 2.35075 -19.8614 2
    endloop
  endfacet
  facet normal 0.13701 -0.99057 0
    outer loop
      vertex 3.12869 -19.7538 2
      vertex 2.35075 -19.8614 0
      vertex 3.12869 -19.7538 0
    endloop
  endfacet
  facet normal 0.603539 -0.797334 0
    outer loop
      vertex 11.7557 -16.1803 0
      vertex 12.3819 -15.7063 2
      vertex 11.7557 -16.1803 2
    endloop
  endfacet
  facet normal 0.603539 -0.797334 0
    outer loop
      vertex 12.3819 -15.7063 2
      vertex 11.7557 -16.1803 0
      vertex 12.3819 -15.7063 0
    endloop
  endfacet
  facet normal 0.505623 -0.862755 0
    outer loop
      vertex 9.77242 -17.4499 0
      vertex 10.45 -17.0528 2
      vertex 9.77242 -17.4499 2
    endloop
  endfacet
  facet normal 0.505623 -0.862755 0
    outer loop
      vertex 10.45 -17.0528 2
      vertex 9.77242 -17.4499 0
      vertex 10.45 -17.0528 0
    endloop
  endfacet
  facet normal 0.471389 -0.881925 0
    outer loop
      vertex 9.07981 -17.8201 0
      vertex 9.77242 -17.4499 2
      vertex 9.07981 -17.8201 2
    endloop
  endfacet
  facet normal 0.471389 -0.881925 0
    outer loop
      vertex 9.77242 -17.4499 2
      vertex 9.07981 -17.8201 0
      vertex 9.77242 -17.4499 0
    endloop
  endfacet
  facet normal 0.539148 -0.842211 0
    outer loop
      vertex 10.45 -17.0528 0
      vertex 11.1114 -16.6294 2
      vertex 10.45 -17.0528 2
    endloop
  endfacet
  facet normal 0.539148 -0.842211 0
    outer loop
      vertex 11.1114 -16.6294 2
      vertex 10.45 -17.0528 0
      vertex 11.1114 -16.6294 0
    endloop
  endfacet
  facet normal 0.290315 -0.956931 0
    outer loop
      vertex 5.42881 -19.2491 0
      vertex 6.18034 -19.0211 2
      vertex 5.42881 -19.2491 2
    endloop
  endfacet
  facet normal 0.290315 -0.956931 0
    outer loop
      vertex 6.18034 -19.0211 2
      vertex 5.42881 -19.2491 0
      vertex 6.18034 -19.0211 0
    endloop
  endfacet
  facet normal 0.36443 -0.931231 0
    outer loop
      vertex 6.92234 -18.7638 0
      vertex 7.65367 -18.4776 2
      vertex 6.92234 -18.7638 2
    endloop
  endfacet
  facet normal 0.36443 -0.931231 0
    outer loop
      vertex 7.65367 -18.4776 2
      vertex 6.92234 -18.7638 0
      vertex 7.65367 -18.4776 0
    endloop
  endfacet
  facet normal 0.175844 -0.984418 0
    outer loop
      vertex 3.12869 -19.7538 0
      vertex 3.90181 -19.6157 2
      vertex 3.12869 -19.7538 2
    endloop
  endfacet
  facet normal 0.175844 -0.984418 0
    outer loop
      vertex 3.90181 -19.6157 2
      vertex 3.12869 -19.7538 0
      vertex 3.90181 -19.6157 0
    endloop
  endfacet
  facet normal 0.2525 -0.967597 0
    outer loop
      vertex 4.66891 -19.4474 0
      vertex 5.42881 -19.2491 2
      vertex 4.66891 -19.4474 2
    endloop
  endfacet
  facet normal 0.2525 -0.967597 0
    outer loop
      vertex 5.42881 -19.2491 2
      vertex 4.66891 -19.4474 0
      vertex 5.42881 -19.2491 0
    endloop
  endfacet
  facet normal -0.99057 -0.13701 0
    outer loop
      vertex -19.7538 -3.12869 0
      vertex -19.8614 -2.35075 2
      vertex -19.8614 -2.35075 0
    endloop
  endfacet
  facet normal -0.99057 -0.13701 0
    outer loop
      vertex -19.8614 -2.35075 2
      vertex -19.7538 -3.12869 0
      vertex -19.7538 -3.12869 2
    endloop
  endfacet
  facet normal -0.956931 -0.290315 0
    outer loop
      vertex -19.0211 -6.18034 0
      vertex -19.2491 -5.42881 2
      vertex -19.2491 -5.42881 0
    endloop
  endfacet
  facet normal -0.956931 -0.290315 0
    outer loop
      vertex -19.2491 -5.42881 2
      vertex -19.0211 -6.18034 0
      vertex -19.0211 -6.18034 2
    endloop
  endfacet
  facet normal -0.931231 -0.36443 0
    outer loop
      vertex -18.4776 -7.65367 0
      vertex -18.7638 -6.92234 2
      vertex -18.7638 -6.92234 0
    endloop
  endfacet
  facet normal -0.931231 -0.36443 0
    outer loop
      vertex -18.7638 -6.92234 2
      vertex -18.4776 -7.65367 0
      vertex -18.4776 -7.65367 2
    endloop
  endfacet
  facet normal -0.984418 -0.175844 0
    outer loop
      vertex -19.6157 -3.90181 0
      vertex -19.7538 -3.12869 2
      vertex -19.7538 -3.12869 0
    endloop
  endfacet
  facet normal -0.984418 -0.175844 0
    outer loop
      vertex -19.7538 -3.12869 2
      vertex -19.6157 -3.90181 0
      vertex -19.6157 -3.90181 2
    endloop
  endfacet
  facet normal -0 0 -1
    outer loop
      vertex -0.481232 -8.0376 0
      vertex -0.501755 -8.05801 0
      vertex -0.481232 -8.01707 0
    endloop
  endfacet
  facet normal -0 0 -1
    outer loop
      vertex -0.460815 -7.99666 0
      vertex -0.481232 -8.01707 0
      vertex -0.460815 -7.97612 0
    endloop
  endfacet
  facet normal 0 0 -1
    outer loop
      vertex 1.87372 -8.4881 0
      vertex 0.522171 -8.85674 0
      vertex 0.542603 -8.79526 0
    endloop
  endfacet
  facet normal 0 0 -1
    outer loop
      vertex 1.56918 -19.9383 0
      vertex 0.501663 -8.89767 0
      vertex 0.522171 -8.85674 0
    endloop
  endfacet
  facet normal 0 0 -1
    outer loop
      vertex 1.56918 -19.9383 0
      vertex 0.440186 -8.95903 0
      vertex 0.501663 -8.89767 0
    endloop
  endfacet
  facet normal 0 0 -1
    outer loop
      vertex 1.56918 -19.9383 0
      vertex 0.399231 -8.97957 0
      vertex 0.440186 -8.95903 0
    endloop
  endfacet
  facet normal -0 0 -1
    outer loop
      vertex 0.440186 -8.95903 0
      vertex 0.399231 -8.97957 0
      vertex 0.419769 -8.95903 0
    endloop
  endfacet
  facet normal 0 0 -1
    outer loop
      vertex 1.56918 -19.9383 0
      vertex 0.337875 -9 0
      vertex 0.399231 -8.97957 0
    endloop
  endfacet
  facet normal -0 0 -1
    outer loop
      vertex 0.399231 -8.97957 0
      vertex 0.337875 -9 0
      vertex 0.358292 -8.97957 0
    endloop
  endfacet
  facet normal 0 0 -1
    outer loop
      vertex 0 -20 0
      vertex 0.337875 -9 0
      vertex 0.785196 -19.9846 0
    endloop
  endfacet
  facet normal 0 0 -1
    outer loop
      vertex 0 -20 0
      vertex -0.296921 -9 0
      vertex 0.337875 -9 0
    endloop
  endfacet
  facet normal 0 0 -1
    outer loop
      vertex -0.785196 -19.9846 0
      vertex -0.296921 -9 0
      vertex 0 -20 0
    endloop
  endfacet
  facet normal 0 0 -1
    outer loop
      vertex -1.56918 -19.9383 0
      vertex -0.296921 -9 0
      vertex -0.785196 -19.9846 0
    endloop
  endfacet
  facet normal 0 0 -1
    outer loop
      vertex -0.296921 -9 0
      vertex -0.378815 -8.97957 0
      vertex -0.317444 -8.97957 0
    endloop
  endfacet
  facet normal 0 0 -1
    outer loop
      vertex -0.481232 -8.87714 0
      vertex -0.501755 -8.8362 0
      vertex -0.481232 -8.85674 0
    endloop
  endfacet
  facet normal 0 0 -1
    outer loop
      vertex -2.35075 -19.8614 0
      vertex -0.296921 -9 0
      vertex -1.56918 -19.9383 0
    endloop
  endfacet
  facet normal 0 0 -1
    outer loop
      vertex -8.54953 -0.563187 0
      vertex -0.501755 -8.05801 0
      vertex -0.501755 -8.8362 0
    endloop
  endfacet
  facet normal -0 0 -1
    outer loop
      vertex -0.296921 -9 0
      vertex -2.35075 -19.8614 0
      vertex -0.378815 -8.97957 0
    endloop
  endfacet
  facet normal 0 0 -1
    outer loop
      vertex -3.12869 -19.7538 0
      vertex -0.378815 -8.97957 0
      vertex -2.35075 -19.8614 0
    endloop
  endfacet
  facet normal 0 0 -1
    outer loop
      vertex -3.90181 -19.6157 0
      vertex -0.378815 -8.97957 0
      vertex -3.12869 -19.7538 0
    endloop
  endfacet
  facet normal 0 0 -1
    outer loop
      vertex -4.66891 -19.4474 0
      vertex -0.378815 -8.97957 0
      vertex -3.90181 -19.6157 0
    endloop
  endfacet
  facet normal 0 0 -1
    outer loop
      vertex -5.42881 -19.2491 0
      vertex -0.378815 -8.97957 0
      vertex -4.66891 -19.4474 0
    endloop
  endfacet
  facet normal 0 0 -1
    outer loop
      vertex -6.18034 -19.0211 0
      vertex -0.378815 -8.97957 0
      vertex -5.42881 -19.2491 0
    endloop
  endfacet
  facet normal 0 0 -1
    outer loop
      vertex -6.92234 -18.7638 0
      vertex -0.378815 -8.97957 0
      vertex -6.18034 -19.0211 0
    endloop
  endfacet
  facet normal -0 0 -1
    outer loop
      vertex -0.378815 -8.97957 0
      vertex -6.92234 -18.7638 0
      vertex -0.481232 -8.87714 0
    endloop
  endfacet
  facet normal 0 0 -1
    outer loop
      vertex -7.65367 -18.4776 0
      vertex -0.481232 -8.87714 0
      vertex -6.92234 -18.7638 0
    endloop
  endfacet
  facet normal 0 0 -1
    outer loop
      vertex -8.37319 -18.1629 0
      vertex -0.481232 -8.87714 0
      vertex -7.65367 -18.4776 0
    endloop
  endfacet
  facet normal 0 0 -1
    outer loop
      vertex 0.542603 -8.79526 0
      vertex 0.522171 -8.85674 0
      vertex 0.522171 -8.81578 0
    endloop
  endfacet
  facet normal 0 0 -1
    outer loop
      vertex 0.522171 -8.85674 0
      vertex 0.501663 -8.89767 0
      vertex 0.501663 -8.87714 0
    endloop
  endfacet
  facet normal 0 0 -1
    outer loop
      vertex 8.97952 -0.993164 0
      vertex 20 0 0
      vertex 19.9846 -0.785196 0
    endloop
  endfacet
  facet normal 0 0 -1
    outer loop
      vertex 8.97952 -0.993164 0
      vertex 19.9846 -0.785196 0
      vertex 19.9383 -1.56918 0
    endloop
  endfacet
  facet normal 0 0 -1
    outer loop
      vertex 8.97952 0.972641 0
      vertex 20 0 0
      vertex 8.97952 -0.993164 0
    endloop
  endfacet
  facet normal 0 0 -1
    outer loop
      vertex 8.97952 -0.993164 0
      vertex 19.9383 -1.56918 0
      vertex 19.8614 -2.35075 0
    endloop
  endfacet
  facet normal 0 0 -1
    outer loop
      vertex 20 0 0
      vertex 8.97952 0.972641 0
      vertex 19.9846 0.785196 0
    endloop
  endfacet
  facet normal 0 0 -1
    outer loop
      vertex 8.97952 -0.993164 0
      vertex 19.8614 -2.35075 0
      vertex 19.7538 -3.12869 0
    endloop
  endfacet
  facet normal 0 0 -1
    outer loop
      vertex 19.9846 0.785196 0
      vertex 8.97952 0.972641 0
      vertex 19.9383 1.56918 0
    endloop
  endfacet
  facet normal 0 0 -1
    outer loop
      vertex 8.97952 -0.993164 0
      vertex 19.7538 -3.12869 0
      vertex 19.6157 -3.90181 0
    endloop
  endfacet
  facet normal -0 0 -1
    outer loop
      vertex 19.9383 1.56918 0
      vertex 8.97952 0.972641 0
      vertex 19.8614 2.35075 0
    endloop
  endfacet
  facet normal 0 0 -1
    outer loop
      vertex 8.63142 -2.67238 0
      vertex 19.6157 -3.90181 0
      vertex 19.4474 -4.66891 0
    endloop
  endfacet
  facet normal -0 0 -1
    outer loop
      vertex 19.8614 2.35075 0
      vertex 8.97952 0.972641 0
      vertex 19.7538 3.12869 0
    endloop
  endfacet
  facet normal 0 0 -1
    outer loop
      vertex 8.63142 -2.67238 0
      vertex 19.4474 -4.66891 0
      vertex 19.2491 -5.42881 0
    endloop
  endfacet
  facet normal -0 0 -1
    outer loop
      vertex 19.7538 3.12869 0
      vertex 8.97952 0.972641 0
      vertex 19.6157 3.90181 0
    endloop
  endfacet
  facet normal 0 0 -1
    outer loop
      vertex 8.63142 -2.67238 0
      vertex 19.2491 -5.42881 0
      vertex 19.0211 -6.18034 0
    endloop
  endfacet
  facet normal 0 0 -1
    outer loop
      vertex 8.63142 2.67227 0
      vertex 19.6157 3.90181 0
      vertex 8.97952 0.972641 0
    endloop
  endfacet
  facet normal 0 0 -1
    outer loop
      vertex 8.63142 -2.67238 0
      vertex 19.0211 -6.18034 0
      vertex 18.7638 -6.92234 0
    endloop
  endfacet
  facet normal -0 0 -1
    outer loop
      vertex 19.6157 3.90181 0
      vertex 8.63142 2.67227 0
      vertex 19.4474 4.66891 0
    endloop
  endfacet
  facet normal 0 0 -1
    outer loop
      vertex 8.63142 -2.67238 0
      vertex 18.7638 -6.92234 0
      vertex 18.4776 -7.65367 0
    endloop
  endfacet
  facet normal -0 0 -1
    outer loop
      vertex 19.4474 4.66891 0
      vertex 8.63142 2.67227 0
      vertex 19.2491 5.42881 0
    endloop
  endfacet
  facet normal 0 0 -1
    outer loop
      vertex 8.01701 -4.16728 0
      vertex 18.4776 -7.65367 0
      vertex 18.1629 -8.37319 0
    endloop
  endfacet
  facet normal -0 0 -1
    outer loop
      vertex 19.2491 5.42881 0
      vertex 8.63142 2.67227 0
      vertex 19.0211 6.18034 0
    endloop
  endfacet
  facet normal 0 0 -1
    outer loop
      vertex 8.01701 -4.16728 0
      vertex 18.1629 -8.37319 0
      vertex 17.8201 -9.07981 0
    endloop
  endfacet
  facet normal -0 0 -1
    outer loop
      vertex 19.0211 6.18034 0
      vertex 8.63142 2.67227 0
      vertex 18.7638 6.92234 0
    endloop
  endfacet
  facet normal 0 0 -1
    outer loop
      vertex 8.01701 -4.16728 0
      vertex 17.8201 -9.07981 0
      vertex 17.4499 -9.77242 0
    endloop
  endfacet
  facet normal -0 0 -1
    outer loop
      vertex 18.7638 6.92234 0
      vertex 8.63142 2.67227 0
      vertex 18.4776 7.65367 0
    endloop
  endfacet
  facet normal 0 0 -1
    outer loop
      vertex 8.01701 -4.16728 0
      vertex 17.4499 -9.77242 0
      vertex 17.0528 -10.45 0
    endloop
  endfacet
  facet normal 0 0 -1
    outer loop
      vertex 7.95566 4.26959 0
      vertex 18.4776 7.65367 0
      vertex 8.63142 2.67227 0
    endloop
  endfacet
  facet normal 0 0 -1
    outer loop
      vertex 8.01701 -4.16728 0
      vertex 17.0528 -10.45 0
      vertex 16.6294 -11.1114 0
    endloop
  endfacet
  facet normal -0 0 -1
    outer loop
      vertex 18.4776 7.65367 0
      vertex 7.95566 4.26959 0
      vertex 18.1629 8.37319 0
    endloop
  endfacet
  facet normal 0 0 -1
    outer loop
      vertex 7.13651 -5.53925 0
      vertex 16.6294 -11.1114 0
      vertex 16.1803 -11.7557 0
    endloop
  endfacet
  facet normal -0 0 -1
    outer loop
      vertex 18.1629 8.37319 0
      vertex 7.95566 4.26959 0
      vertex 17.8201 9.07981 0
    endloop
  endfacet
  facet normal 0 0 -1
    outer loop
      vertex 7.13651 -5.53925 0
      vertex 16.1803 -11.7557 0
      vertex 15.7063 -12.3819 0
    endloop
  endfacet
  facet normal -0 0 -1
    outer loop
      vertex 17.8201 9.07981 0
      vertex 7.95566 4.26959 0
      vertex 17.4499 9.77242 0
    endloop
  endfacet
  facet normal 0 0 -1
    outer loop
      vertex 7.13651 -5.53925 0
      vertex 15.7063 -12.3819 0
      vertex 15.2081 -12.989 0
    endloop
  endfacet
  facet normal -0 0 -1
    outer loop
      vertex 17.4499 9.77242 0
      vertex 7.95566 4.26959 0
      vertex 17.0528 10.45 0
    endloop
  endfacet
  facet normal 0 0 -1
    outer loop
      vertex 7.13651 -5.53925 0
      vertex 15.2081 -12.989 0
      vertex 14.6865 -13.576 0
    endloop
  endfacet
  facet normal -0 0 -1
    outer loop
      vertex 17.0528 10.45 0
      vertex 7.95566 4.26959 0
      vertex 16.6294 11.1114 0
    endloop
  endfacet
  facet normal 0 0 -1
    outer loop
      vertex 5.96928 -6.78847 0
      vertex 14.6865 -13.576 0
      vertex 14.1421 -14.1421 0
    endloop
  endfacet
  facet normal 0 0 -1
    outer loop
      vertex 6.95221 5.76451 0
      vertex 16.6294 11.1114 0
      vertex 7.95566 4.26959 0
    endloop
  endfacet
  facet normal 0 0 -1
    outer loop
      vertex 5.96928 -6.78847 0
      vertex 14.1421 -14.1421 0
      vertex 13.576 -14.6865 0
    endloop
  endfacet
  facet normal -0 0 -1
    outer loop
      vertex 16.6294 11.1114 0
      vertex 6.95221 5.76451 0
      vertex 16.1803 11.7557 0
    endloop
  endfacet
  facet normal 0 0 -1
    outer loop
      vertex 5.96928 -6.78847 0
      vertex 13.576 -14.6865 0
      vertex 12.989 -15.2081 0
    endloop
  endfacet
  facet normal -0 0 -1
    outer loop
      vertex 16.1803 11.7557 0
      vertex 6.95221 5.76451 0
      vertex 15.7063 12.3819 0
    endloop
  endfacet
  facet normal 0 0 -1
    outer loop
      vertex 5.96928 -6.78847 0
      vertex 12.989 -15.2081 0
      vertex 12.3819 -15.7063 0
    endloop
  endfacet
  facet normal -0 0 -1
    outer loop
      vertex 15.7063 12.3819 0
      vertex 6.95221 5.76451 0
      vertex 15.2081 12.989 0
    endloop
  endfacet
  facet normal 0 0 -1
    outer loop
      vertex 5.96928 -6.78847 0
      vertex 12.3819 -15.7063 0
      vertex 11.7557 -16.1803 0
    endloop
  endfacet
  facet normal -0 0 -1
    outer loop
      vertex 15.2081 12.989 0
      vertex 6.95221 5.76451 0
      vertex 14.6865 13.576 0
    endloop
  endfacet
  facet normal 0 0 -1
    outer loop
      vertex 5.96928 -6.78847 0
      vertex 11.7557 -16.1803 0
      vertex 11.1114 -16.6294 0
    endloop
  endfacet
  facet normal -0 0 -1
    outer loop
      vertex 14.6865 13.576 0
      vertex 6.95221 5.76451 0
      vertex 14.1421 14.1421 0
    endloop
  endfacet
  facet normal 0 0 -1
    outer loop
      vertex 4.16724 -8.01707 0
      vertex 11.1114 -16.6294 0
      vertex 10.45 -17.0528 0
    endloop
  endfacet
  facet normal 0 0 -1
    outer loop
      vertex 5.8054 6.91121 0
      vertex 14.1421 14.1421 0
      vertex 6.95221 5.76451 0
    endloop
  endfacet
  facet normal 0 0 -1
    outer loop
      vertex 4.16724 -8.01707 0
      vertex 10.45 -17.0528 0
      vertex 9.77242 -17.4499 0
    endloop
  endfacet
  facet normal -0 0 -1
    outer loop
      vertex 14.1421 14.1421 0
      vertex 5.8054 6.91121 0
      vertex 13.576 14.6865 0
    endloop
  endfacet
  facet normal 0 0 -1
    outer loop
      vertex 4.16724 -8.01707 0
      vertex 9.77242 -17.4499 0
      vertex 9.07981 -17.8201 0
    endloop
  endfacet
  facet normal -0 0 -1
    outer loop
      vertex 13.576 14.6865 0
      vertex 5.8054 6.91121 0
      vertex 12.989 15.2081 0
    endloop
  endfacet
  facet normal -0 0 -1
    outer loop
      vertex 12.989 15.2081 0
      vertex 5.8054 6.91121 0
      vertex 12.3819 15.7063 0
    endloop
  endfacet
  facet normal 0 0 -1
    outer loop
      vertex 19.6157 -3.90181 0
      vertex 8.63142 -2.67238 0
      vertex 8.97952 -0.993164 0
    endloop
  endfacet
  facet normal 0 0 -1
    outer loop
      vertex 4.16724 -8.01707 0
      vertex 9.07981 -17.8201 0
      vertex 8.37319 -18.1629 0
    endloop
  endfacet
  facet normal 0 0 -1
    outer loop
      vertex 18.4776 -7.65367 0
      vertex 8.01701 -4.16728 0
      vertex 8.63142 -2.67238 0
    endloop
  endfacet
  facet normal 0 0 -1
    outer loop
      vertex 4.16724 -8.01707 0
      vertex 8.37319 -18.1629 0
      vertex 7.65367 -18.4776 0
    endloop
  endfacet
  facet normal 0 0 -1
    outer loop
      vertex 16.6294 -11.1114 0
      vertex 7.13651 -5.53925 0
      vertex 8.01701 -4.16728 0
    endloop
  endfacet
  facet normal 0 0 -1
    outer loop
      vertex 2.52896 -8.67241 0
      vertex 7.65367 -18.4776 0
      vertex 6.92234 -18.7638 0
    endloop
  endfacet
  facet normal 0 0 -1
    outer loop
      vertex 2.52896 -8.67241 0
      vertex 6.92234 -18.7638 0
      vertex 6.18034 -19.0211 0
    endloop
  endfacet
  facet normal 0 0 -1
    outer loop
      vertex 14.6865 -13.576 0
      vertex 5.96928 -6.78847 0
      vertex 7.13651 -5.53925 0
    endloop
  endfacet
  facet normal 0 0 -1
    outer loop
      vertex 2.52896 -8.67241 0
      vertex 6.18034 -19.0211 0
      vertex 5.42881 -19.2491 0
    endloop
  endfacet
  facet normal 0 0 -1
    outer loop
      vertex 2.52896 -8.67241 0
      vertex 5.42881 -19.2491 0
      vertex 4.66891 -19.4474 0
    endloop
  endfacet
  facet normal 0 0 -1
    outer loop
      vertex 11.1114 -16.6294 0
      vertex 4.16724 -8.01707 0
      vertex 5.96928 -6.78847 0
    endloop
  endfacet
  facet normal 0 0 -1
    outer loop
      vertex 2.52896 -8.67241 0
      vertex 4.66891 -19.4474 0
      vertex 3.90181 -19.6157 0
    endloop
  endfacet
  facet normal 0 0 -1
    outer loop
      vertex 2.52896 -8.67241 0
      vertex 3.90181 -19.6157 0
      vertex 3.12869 -19.7538 0
    endloop
  endfacet
  facet normal 0 0 -1
    outer loop
      vertex 7.65367 -18.4776 0
      vertex 2.52896 -8.67241 0
      vertex 4.16724 -8.01707 0
    endloop
  endfacet
  facet normal 0 0 -1
    outer loop
      vertex 0.522171 -8.85674 0
      vertex 3.12869 -19.7538 0
      vertex 2.35075 -19.8614 0
    endloop
  endfacet
  facet normal 0 0 -1
    outer loop
      vertex 3.12869 -19.7538 0
      vertex 0.522171 -8.85674 0
      vertex 2.52896 -8.67241 0
    endloop
  endfacet
  facet normal 0 0 -1
    outer loop
      vertex 0.522171 -8.85674 0
      vertex 1.87372 -8.4881 0
      vertex 2.52896 -8.67241 0
    endloop
  endfacet
  facet normal 0 0 -1
    outer loop
      vertex 0.522171 -8.85674 0
      vertex 2.35075 -19.8614 0
      vertex 1.56918 -19.9383 0
    endloop
  endfacet
  facet normal -0 0 -1
    outer loop
      vertex 12.3819 15.7063 0
      vertex 5.8054 6.91121 0
      vertex 11.7557 16.1803 0
    endloop
  endfacet
  facet normal -0 0 -1
    outer loop
      vertex 11.7557 16.1803 0
      vertex 5.8054 6.91121 0
      vertex 11.1114 16.6294 0
    endloop
  endfacet
  facet normal 0 0 -1
    outer loop
      vertex 4.33102 7.91464 0
      vertex 11.1114 16.6294 0
      vertex 5.8054 6.91121 0
    endloop
  endfacet
  facet normal -0 0 -1
    outer loop
      vertex 11.1114 16.6294 0
      vertex 4.33102 7.91464 0
      vertex 10.45 17.0528 0
    endloop
  endfacet
  facet normal -0 0 -1
    outer loop
      vertex 10.45 17.0528 0
      vertex 4.33102 7.91464 0
      vertex 9.77242 17.4499 0
    endloop
  endfacet
  facet normal -0 0 -1
    outer loop
      vertex 9.77242 17.4499 0
      vertex 4.33102 7.91464 0
      vertex 9.07981 17.8201 0
    endloop
  endfacet
  facet normal -0 0 -1
    outer loop
      vertex 9.07981 17.8201 0
      vertex 4.33102 7.91464 0
      vertex 8.37319 18.1629 0
    endloop
  endfacet
  facet normal -0 0 -1
    outer loop
      vertex 8.37319 18.1629 0
      vertex 4.33102 7.91464 0
      vertex 7.65367 18.4776 0
    endloop
  endfacet
  facet normal 0 0 -1
    outer loop
      vertex 2.75423 8.59042 0
      vertex 7.65367 18.4776 0
      vertex 4.33102 7.91464 0
    endloop
  endfacet
  facet normal -0 0 -1
    outer loop
      vertex 7.65367 18.4776 0
      vertex 2.75423 8.59042 0
      vertex 6.92234 18.7638 0
    endloop
  endfacet
  facet normal -0 0 -1
    outer loop
      vertex 6.92234 18.7638 0
      vertex 2.75423 8.59042 0
      vertex 6.18034 19.0211 0
    endloop
  endfacet
  facet normal -0 0 -1
    outer loop
      vertex 6.18034 19.0211 0
      vertex 2.75423 8.59042 0
      vertex 5.42881 19.2491 0
    endloop
  endfacet
  facet normal -0 0 -1
    outer loop
      vertex 5.42881 19.2491 0
      vertex 2.75423 8.59042 0
      vertex 4.66891 19.4474 0
    endloop
  endfacet
  facet normal -0 0 -1
    outer loop
      vertex 4.66891 19.4474 0
      vertex 2.75423 8.59042 0
      vertex 3.90181 19.6157 0
    endloop
  endfacet
  facet normal 0 0 -1
    outer loop
      vertex 1.03407 8.95903 0
      vertex 3.90181 19.6157 0
      vertex 2.75423 8.59042 0
    endloop
  endfacet
  facet normal -0 0 -1
    outer loop
      vertex 3.90181 19.6157 0
      vertex 1.03407 8.95903 0
      vertex 3.12869 19.7538 0
    endloop
  endfacet
  facet normal -0 0 -1
    outer loop
      vertex 3.12869 19.7538 0
      vertex 1.03407 8.95903 0
      vertex 2.35075 19.8614 0
    endloop
  endfacet
  facet normal -0 0 -1
    outer loop
      vertex 2.35075 19.8614 0
      vertex 1.03407 8.95903 0
      vertex 1.56918 19.9383 0
    endloop
  endfacet
  facet normal 0 0 -1
    outer loop
      vertex 1.03407 8.95903 0
      vertex 0.785196 19.9846 0
      vertex 1.56918 19.9383 0
    endloop
  endfacet
  facet normal 0 0 -1
    outer loop
      vertex -0.542709 9 0
      vertex 0.785196 19.9846 0
      vertex 1.03407 8.95903 0
    endloop
  endfacet
  facet normal -0 0 -1
    outer loop
      vertex 0.785196 19.9846 0
      vertex -0.542709 9 0
      vertex 0 20 0
    endloop
  endfacet
  facet normal 0 0 -1
    outer loop
      vertex -0.542709 9 0
      vertex -0.785196 19.9846 0
      vertex 0 20 0
    endloop
  endfacet
  facet normal 0 0 -1
    outer loop
      vertex -0.542709 9 0
      vertex -1.56918 19.9383 0
      vertex -0.785196 19.9846 0
    endloop
  endfacet
  facet normal 0 0 -1
    outer loop
      vertex -0.542709 9 0
      vertex -2.35075 19.8614 0
      vertex -1.56918 19.9383 0
    endloop
  endfacet
  facet normal 0 0 -1
    outer loop
      vertex -3.12869 19.7538 0
      vertex -0.542709 9 0
      vertex -2.46761 8.67232 0
    endloop
  endfacet
  facet normal 0 0 -1
    outer loop
      vertex -0.542709 9 0
      vertex -3.12869 19.7538 0
      vertex -2.35075 19.8614 0
    endloop
  endfacet
  facet normal 0 0 -1
    outer loop
      vertex -2.46761 8.67232 0
      vertex -3.90181 19.6157 0
      vertex -3.12869 19.7538 0
    endloop
  endfacet
  facet normal 0 0 -1
    outer loop
      vertex -2.46761 8.67232 0
      vertex -4.66891 19.4474 0
      vertex -3.90181 19.6157 0
    endloop
  endfacet
  facet normal 0 0 -1
    outer loop
      vertex -8.37319 18.1629 0
      vertex -2.46761 8.67232 0
      vertex -5.04784 7.46414 0
    endloop
  endfacet
  facet normal 0 0 -1
    outer loop
      vertex -2.46761 8.67232 0
      vertex -5.42881 19.2491 0
      vertex -4.66891 19.4474 0
    endloop
  endfacet
  facet normal 0 0 -1
    outer loop
      vertex -2.46761 8.67232 0
      vertex -6.18034 19.0211 0
      vertex -5.42881 19.2491 0
    endloop
  endfacet
  facet normal 0 0 -1
    outer loop
      vertex -2.46761 8.67232 0
      vertex -6.92234 18.7638 0
      vertex -6.18034 19.0211 0
    endloop
  endfacet
  facet normal 0 0 -1
    outer loop
      vertex -13.576 14.6865 0
      vertex -5.04784 7.46414 0
      vertex -7.13651 5.49829 0
    endloop
  endfacet
  facet normal 0 0 -1
    outer loop
      vertex -2.46761 8.67232 0
      vertex -7.65367 18.4776 0
      vertex -6.92234 18.7638 0
    endloop
  endfacet
  facet normal 0 0 -1
    outer loop
      vertex -2.46761 8.67232 0
      vertex -8.37319 18.1629 0
      vertex -7.65367 18.4776 0
    endloop
  endfacet
  facet normal 0 0 -1
    outer loop
      vertex -17.4499 9.77242 0
      vertex -7.13651 5.49829 0
      vertex -8.54953 2.83617 0
    endloop
  endfacet
  facet normal 0 0 -1
    outer loop
      vertex -19.7538 3.12869 0
      vertex -8.54953 2.83617 0
      vertex -8.97952 -0.19455 0
    endloop
  endfacet
  facet normal 0 0 -1
    outer loop
      vertex -5.04784 7.46414 0
      vertex -9.07981 17.8201 0
      vertex -8.37319 18.1629 0
    endloop
  endfacet
  facet normal 0 0 -1
    outer loop
      vertex -0.501755 -8.05801 0
      vertex -2.52907 -2.20134 0
      vertex -1.62804 -2.93858 0
    endloop
  endfacet
  facet normal 0 0 -1
    outer loop
      vertex -2.52907 -2.20134 0
      vertex -6.15359 -0.440231 0
      vertex -3.08191 -1.32083 0
    endloop
  endfacet
  facet normal 0 0 -1
    outer loop
      vertex -5.04784 7.46414 0
      vertex -9.77242 17.4499 0
      vertex -9.07981 17.8201 0
    endloop
  endfacet
  facet normal 0 0 -1
    outer loop
      vertex -2.52907 -2.20134 0
      vertex -8.54953 -0.563187 0
      vertex -6.15359 -0.440231 0
    endloop
  endfacet
  facet normal 0 0 -1
    outer loop
      vertex -5.04784 7.46414 0
      vertex -10.45 17.0528 0
      vertex -9.77242 17.4499 0
    endloop
  endfacet
  facet normal 0 0 -1
    outer loop
      vertex -13.576 -14.6865 0
      vertex -0.501755 -8.8362 0
      vertex -12.989 -15.2081 0
    endloop
  endfacet
  facet normal 0 0 -1
    outer loop
      vertex -5.04784 7.46414 0
      vertex -11.1114 16.6294 0
      vertex -10.45 17.0528 0
    endloop
  endfacet
  facet normal 0 0 -1
    outer loop
      vertex -0.501755 -8.05801 0
      vertex -8.54953 -0.563187 0
      vertex -2.52907 -2.20134 0
    endloop
  endfacet
  facet normal 0 0 -1
    outer loop
      vertex -5.04784 7.46414 0
      vertex -11.7557 16.1803 0
      vertex -11.1114 16.6294 0
    endloop
  endfacet
  facet normal 0 0 -1
    outer loop
      vertex -14.1421 -14.1421 0
      vertex -0.501755 -8.8362 0
      vertex -13.576 -14.6865 0
    endloop
  endfacet
  facet normal 0 0 -1
    outer loop
      vertex -5.04784 7.46414 0
      vertex -12.3819 15.7063 0
      vertex -11.7557 16.1803 0
    endloop
  endfacet
  facet normal -0 0 -1
    outer loop
      vertex -0.501755 -8.8362 0
      vertex -14.1421 -14.1421 0
      vertex -8.54953 -0.563187 0
    endloop
  endfacet
  facet normal 0 0 -1
    outer loop
      vertex -5.04784 7.46414 0
      vertex -12.989 15.2081 0
      vertex -12.3819 15.7063 0
    endloop
  endfacet
  facet normal 0 0 -1
    outer loop
      vertex -14.6865 -13.576 0
      vertex -8.54953 -0.563187 0
      vertex -14.1421 -14.1421 0
    endloop
  endfacet
  facet normal 0 0 -1
    outer loop
      vertex -5.04784 7.46414 0
      vertex -13.576 14.6865 0
      vertex -12.989 15.2081 0
    endloop
  endfacet
  facet normal 0 0 -1
    outer loop
      vertex -15.2081 -12.989 0
      vertex -8.54953 -0.563187 0
      vertex -14.6865 -13.576 0
    endloop
  endfacet
  facet normal 0 0 -1
    outer loop
      vertex -7.13651 5.49829 0
      vertex -14.1421 14.1421 0
      vertex -13.576 14.6865 0
    endloop
  endfacet
  facet normal 0 0 -1
    outer loop
      vertex -15.7063 -12.3819 0
      vertex -8.54953 -0.563187 0
      vertex -15.2081 -12.989 0
    endloop
  endfacet
  facet normal 0 0 -1
    outer loop
      vertex -7.13651 5.49829 0
      vertex -14.6865 13.576 0
      vertex -14.1421 14.1421 0
    endloop
  endfacet
  facet normal 0 0 -1
    outer loop
      vertex -16.1803 -11.7557 0
      vertex -8.54953 -0.563187 0
      vertex -15.7063 -12.3819 0
    endloop
  endfacet
  facet normal 0 0 -1
    outer loop
      vertex -7.13651 5.49829 0
      vertex -15.2081 12.989 0
      vertex -14.6865 13.576 0
    endloop
  endfacet
  facet normal 0 0 -1
    outer loop
      vertex -16.6294 -11.1114 0
      vertex -8.54953 -0.563187 0
      vertex -16.1803 -11.7557 0
    endloop
  endfacet
  facet normal 0 0 -1
    outer loop
      vertex -7.13651 5.49829 0
      vertex -15.7063 12.3819 0
      vertex -15.2081 12.989 0
    endloop
  endfacet
  facet normal 0 0 -1
    outer loop
      vertex -17.0528 -10.45 0
      vertex -8.54953 -0.563187 0
      vertex -16.6294 -11.1114 0
    endloop
  endfacet
  facet normal 0 0 -1
    outer loop
      vertex -7.13651 5.49829 0
      vertex -16.1803 11.7557 0
      vertex -15.7063 12.3819 0
    endloop
  endfacet
  facet normal 0 0 -1
    outer loop
      vertex -17.4499 -9.77242 0
      vertex -8.54953 -0.563187 0
      vertex -17.0528 -10.45 0
    endloop
  endfacet
  facet normal 0 0 -1
    outer loop
      vertex -7.13651 5.49829 0
      vertex -16.6294 11.1114 0
      vertex -16.1803 11.7557 0
    endloop
  endfacet
  facet normal 0 0 -1
    outer loop
      vertex -17.8201 -9.07981 0
      vertex -8.54953 -0.563187 0
      vertex -17.4499 -9.77242 0
    endloop
  endfacet
  facet normal 0 0 -1
    outer loop
      vertex -7.13651 5.49829 0
      vertex -17.0528 10.45 0
      vertex -16.6294 11.1114 0
    endloop
  endfacet
  facet normal 0 0 -1
    outer loop
      vertex -18.1629 -8.37319 0
      vertex -8.54953 -0.563187 0
      vertex -17.8201 -9.07981 0
    endloop
  endfacet
  facet normal 0 0 -1
    outer loop
      vertex -7.13651 5.49829 0
      vertex -17.4499 9.77242 0
      vertex -17.0528 10.45 0
    endloop
  endfacet
  facet normal 0 0 -1
    outer loop
      vertex -18.4776 -7.65367 0
      vertex -8.54953 -0.563187 0
      vertex -18.1629 -8.37319 0
    endloop
  endfacet
  facet normal 0 0 -1
    outer loop
      vertex -8.54953 2.83617 0
      vertex -17.8201 9.07981 0
      vertex -17.4499 9.77242 0
    endloop
  endfacet
  facet normal -0 0 -1
    outer loop
      vertex -8.54953 -0.563187 0
      vertex -18.4776 -7.65367 0
      vertex -8.97952 -0.19455 0
    endloop
  endfacet
  facet normal 0 0 -1
    outer loop
      vertex -8.54953 2.83617 0
      vertex -18.1629 8.37319 0
      vertex -17.8201 9.07981 0
    endloop
  endfacet
  facet normal 0 0 -1
    outer loop
      vertex -18.7638 -6.92234 0
      vertex -8.97952 -0.19455 0
      vertex -18.4776 -7.65367 0
    endloop
  endfacet
  facet normal 0 0 -1
    outer loop
      vertex -8.54953 2.83617 0
      vertex -18.4776 7.65367 0
      vertex -18.1629 8.37319 0
    endloop
  endfacet
  facet normal 0 0 -1
    outer loop
      vertex -19.0211 -6.18034 0
      vertex -8.97952 -0.19455 0
      vertex -18.7638 -6.92234 0
    endloop
  endfacet
  facet normal 0 0 -1
    outer loop
      vertex -8.54953 2.83617 0
      vertex -18.7638 6.92234 0
      vertex -18.4776 7.65367 0
    endloop
  endfacet
  facet normal 0 0 -1
    outer loop
      vertex -19.2491 -5.42881 0
      vertex -8.97952 -0.19455 0
      vertex -19.0211 -6.18034 0
    endloop
  endfacet
  facet normal 0 0 -1
    outer loop
      vertex -8.54953 2.83617 0
      vertex -19.0211 6.18034 0
      vertex -18.7638 6.92234 0
    endloop
  endfacet
  facet normal 0 0 -1
    outer loop
      vertex -19.4474 -4.66891 0
      vertex -8.97952 -0.19455 0
      vertex -19.2491 -5.42881 0
    endloop
  endfacet
  facet normal 0 0 -1
    outer loop
      vertex -8.54953 2.83617 0
      vertex -19.2491 5.42881 0
      vertex -19.0211 6.18034 0
    endloop
  endfacet
  facet normal 0 0 -1
    outer loop
      vertex -19.6157 -3.90181 0
      vertex -8.97952 -0.19455 0
      vertex -19.4474 -4.66891 0
    endloop
  endfacet
  facet normal 0 0 -1
    outer loop
      vertex -8.54953 2.83617 0
      vertex -19.4474 4.66891 0
      vertex -19.2491 5.42881 0
    endloop
  endfacet
  facet normal 0 0 -1
    outer loop
      vertex -19.7538 -3.12869 0
      vertex -8.97952 -0.19455 0
      vertex -19.6157 -3.90181 0
    endloop
  endfacet
  facet normal 0 0 -1
    outer loop
      vertex -8.54953 2.83617 0
      vertex -19.6157 3.90181 0
      vertex -19.4474 4.66891 0
    endloop
  endfacet
  facet normal 0 0 -1
    outer loop
      vertex -19.8614 -2.35075 0
      vertex -8.97952 -0.19455 0
      vertex -19.7538 -3.12869 0
    endloop
  endfacet
  facet normal 0 0 -1
    outer loop
      vertex -8.54953 2.83617 0
      vertex -19.7538 3.12869 0
      vertex -19.6157 3.90181 0
    endloop
  endfacet
  facet normal 0 0 -1
    outer loop
      vertex -19.9383 -1.56918 0
      vertex -8.97952 -0.19455 0
      vertex -19.8614 -2.35075 0
    endloop
  endfacet
  facet normal 0 0 -1
    outer loop
      vertex -8.97952 -0.19455 0
      vertex -19.8614 2.35075 0
      vertex -19.7538 3.12869 0
    endloop
  endfacet
  facet normal 0 0 -1
    outer loop
      vertex -19.9846 -0.785196 0
      vertex -8.97952 -0.19455 0
      vertex -19.9383 -1.56918 0
    endloop
  endfacet
  facet normal 0 0 -1
    outer loop
      vertex -8.97952 -0.19455 0
      vertex -19.9383 1.56918 0
      vertex -19.8614 2.35075 0
    endloop
  endfacet
  facet normal 0 0 -1
    outer loop
      vertex -20 0 0
      vertex -8.97952 -0.19455 0
      vertex -19.9846 -0.785196 0
    endloop
  endfacet
  facet normal 0 0 -1
    outer loop
      vertex -8.97952 -0.19455 0
      vertex -19.9846 0.785196 0
      vertex -19.9383 1.56918 0
    endloop
  endfacet
  facet normal 0 0 -1
    outer loop
      vertex -8.97952 -0.19455 0
      vertex -20 0 0
      vertex -19.9846 0.785196 0
    endloop
  endfacet
  facet normal -0 0 -1
    outer loop
      vertex 7.87364 -0.911285 0
      vertex 6.74736 -2.42661 0
      vertex 7.13651 -0.645081 0
    endloop
  endfacet
  facet normal -0 0 -1
    outer loop
      vertex 7.25937 -3.18436 0
      vertex 5.94876 -4.00339 0
      vertex 6.74736 -2.42661 0
    endloop
  endfacet
  facet normal 0 0 -1
    outer loop
      vertex 5.90782 -5.27304 0
      vertex 5.94876 -4.00339 0
      vertex 7.25937 -3.18436 0
    endloop
  endfacet
  facet normal -0 0 -1
    outer loop
      vertex 5.90782 -5.27304 0
      vertex 4.72006 -5.39587 0
      vertex 5.94876 -4.00339 0
    endloop
  endfacet
  facet normal 0 0 -1
    outer loop
      vertex 4.04428 -6.8089 0
      vertex 4.72006 -5.39587 0
      vertex 5.90782 -5.27304 0
    endloop
  endfacet
  facet normal 0 0 -1
    outer loop
      vertex 4.04428 -6.8089 0
      vertex 2.93854 -6.54269 0
      vertex 4.72006 -5.39587 0
    endloop
  endfacet
  facet normal 0 0 -1
    outer loop
      vertex 1.87372 -7.79181 0
      vertex 2.93854 -6.54269 0
      vertex 4.04428 -6.8089 0
    endloop
  endfacet
  facet normal 0 0 -1
    outer loop
      vertex 1.87372 -7.79181 0
      vertex 1.157 -7.0751 0
      vertex 2.93854 -6.54269 0
    endloop
  endfacet
  facet normal 0 0 -1
    outer loop
      vertex 0.542603 -8.07854 0
      vertex 1.87372 -8.4881 0
      vertex 0.542603 -8.79526 0
    endloop
  endfacet
  facet normal 0 0 -1
    outer loop
      vertex 0.337875 -9 0
      vertex 1.56918 -19.9383 0
      vertex 0.785196 -19.9846 0
    endloop
  endfacet
  facet normal 0 0 -1
    outer loop
      vertex 1.87372 -8.4881 0
      vertex 0.542603 -8.07854 0
      vertex 1.87372 -7.79181 0
    endloop
  endfacet
  facet normal -0 0 -1
    outer loop
      vertex 1.87372 -7.79181 0
      vertex 0.542603 -8.07854 0
      vertex 1.157 -7.0751 0
    endloop
  endfacet
  facet normal 0 0 -1
    outer loop
      vertex 0.522171 -8.0376 0
      vertex 0.542603 -8.07854 0
      vertex 0.522171 -8.05801 0
    endloop
  endfacet
  facet normal 0 0 -1
    outer loop
      vertex 0.542603 -8.07854 0
      vertex 0.522171 -8.0376 0
      vertex 1.157 -7.0751 0
    endloop
  endfacet
  facet normal 0 0 -1
    outer loop
      vertex 0.501663 -7.99666 0
      vertex 0.522171 -8.0376 0
      vertex 0.501663 -8.01707 0
    endloop
  endfacet
  facet normal 0 0 -1
    outer loop
      vertex 0.522171 -8.0376 0
      vertex 0.501663 -7.99666 0
      vertex 1.157 -7.0751 0
    endloop
  endfacet
  facet normal 0 0 -1
    outer loop
      vertex 0.419769 -7.91475 0
      vertex 1.157 -7.0751 0
      vertex 0.501663 -7.99666 0
    endloop
  endfacet
  facet normal 0 0 -1
    outer loop
      vertex 0.358292 -7.89423 0
      vertex 0.419769 -7.91475 0
      vertex 0.378815 -7.91475 0
    endloop
  endfacet
  facet normal 0 0 -1
    outer loop
      vertex 0.419769 -7.91475 0
      vertex 0.358292 -7.89423 0
      vertex 1.157 -7.0751 0
    endloop
  endfacet
  facet normal 0 0 -1
    outer loop
      vertex 0.358292 -7.89423 0
      vertex -0.051239 -7.157 0
      vertex 1.157 -7.0751 0
    endloop
  endfacet
  facet normal 0 0 -1
    outer loop
      vertex -0.337875 -7.89423 0
      vertex -0.051239 -7.157 0
      vertex 0.358292 -7.89423 0
    endloop
  endfacet
  facet normal 0 0 -1
    outer loop
      vertex -0.378815 -7.91475 0
      vertex -0.337875 -7.89423 0
      vertex -0.358383 -7.91475 0
    endloop
  endfacet
  facet normal 0 0 -1
    outer loop
      vertex -0.399338 -6.97267 0
      vertex -0.337875 -7.89423 0
      vertex -0.378815 -7.91475 0
    endloop
  endfacet
  facet normal 0 0 -1
    outer loop
      vertex -0.419769 -7.93518 0
      vertex -0.378815 -7.91475 0
      vertex -0.399338 -7.93518 0
    endloop
  endfacet
  facet normal 0 -0 -1
    outer loop
      vertex -0.399338 -6.97267 0
      vertex -0.378815 -7.91475 0
      vertex -0.419769 -7.93518 0
    endloop
  endfacet
  facet normal 0 0 -1
    outer loop
      vertex -0.337875 -7.89423 0
      vertex -0.399338 -6.97267 0
      vertex -0.051239 -7.157 0
    endloop
  endfacet
  facet normal 0 0 -1
    outer loop
      vertex -0.460815 -7.97612 0
      vertex -0.399338 -6.97267 0
      vertex -0.419769 -7.93518 0
    endloop
  endfacet
  facet normal 0 0 -1
    outer loop
      vertex -0.481232 -8.01707 0
      vertex -0.399338 -6.97267 0
      vertex -0.460815 -7.97612 0
    endloop
  endfacet
  facet normal 0 0 -1
    outer loop
      vertex -0.501755 -8.05801 0
      vertex -0.399338 -6.97267 0
      vertex -0.481232 -8.01707 0
    endloop
  endfacet
  facet normal -0 0 -1
    outer loop
      vertex -0.399338 -6.97267 0
      vertex -0.501755 -8.05801 0
      vertex -0.501755 -3.3891 0
    endloop
  endfacet
  facet normal 0 0 -1
    outer loop
      vertex 7.13651 -0.645081 0
      vertex 7.81229 1.36179 0
      vertex 7.87364 -0.911285 0
    endloop
  endfacet
  facet normal 0 0 -1
    outer loop
      vertex 6.74736 -2.42661 0
      vertex 7.87364 -0.911285 0
      vertex 7.25937 -3.18436 0
    endloop
  endfacet
  facet normal -0 0 -1
    outer loop
      vertex 7.81229 1.36179 0
      vertex 7.13651 -0.645081 0
      vertex 7.0341 1.38222 0
    endloop
  endfacet
  facet normal 0 0 -1
    outer loop
      vertex 7.81229 1.36179 0
      vertex 7.0341 1.38222 0
      vertex 7.27988 3.14331 0
    endloop
  endfacet
  facet normal 0 0 -1
    outer loop
      vertex 6.50169 3.02048 0
      vertex 7.27988 3.14331 0
      vertex 7.0341 1.38222 0
    endloop
  endfacet
  facet normal 0 0 -1
    outer loop
      vertex 6.50169 3.02048 0
      vertex 6.21497 4.90443 0
      vertex 7.27988 3.14331 0
    endloop
  endfacet
  facet normal 0 0 -1
    outer loop
      vertex 5.41635 4.67917 0
      vertex 6.21497 4.90443 0
      vertex 6.50169 3.02048 0
    endloop
  endfacet
  facet normal 0 0 -1
    outer loop
      vertex 5.41635 4.67917 0
      vertex 4.5768 6.46069 0
      vertex 6.21497 4.90443 0
    endloop
  endfacet
  facet normal 0 0 -1
    outer loop
      vertex 3.98293 5.94882 0
      vertex 4.5768 6.46069 0
      vertex 5.41635 4.67917 0
    endloop
  endfacet
  facet normal 0 0 -1
    outer loop
      vertex 3.98293 5.94882 0
      vertex 2.8157 7.40266 0
      vertex 4.5768 6.46069 0
    endloop
  endfacet
  facet normal 0 0 -1
    outer loop
      vertex 2.34467 6.76794 0
      vertex 2.8157 7.40266 0
      vertex 3.98293 5.94882 0
    endloop
  endfacet
  facet normal 0 0 -1
    outer loop
      vertex 2.34467 6.76794 0
      vertex 1.01364 7.85318 0
      vertex 2.8157 7.40266 0
    endloop
  endfacet
  facet normal 0 0 -1
    outer loop
      vertex 0.747437 7.11604 0
      vertex 1.01364 7.85318 0
      vertex 2.34467 6.76794 0
    endloop
  endfacet
  facet normal 0 0 -1
    outer loop
      vertex -1.11606 7.83275 0
      vertex 0.747437 7.11604 0
      vertex -1.03416 7.0751 0
    endloop
  endfacet
  facet normal 0 0 -1
    outer loop
      vertex 0.747437 7.11604 0
      vertex -1.11606 7.83275 0
      vertex 1.01364 7.85318 0
    endloop
  endfacet
  facet normal 0 0 -1
    outer loop
      vertex -2.79527 6.58363 0
      vertex -1.11606 7.83275 0
      vertex -1.03416 7.0751 0
    endloop
  endfacet
  facet normal 0 0 -1
    outer loop
      vertex -2.79527 6.58363 0
      vertex -3.12285 7.25941 0
      vertex -1.11606 7.83275 0
    endloop
  endfacet
  facet normal 0 0 -1
    outer loop
      vertex -4.94542 6.15355 0
      vertex -2.79527 6.58363 0
      vertex -4.53584 5.51872 0
    endloop
  endfacet
  facet normal -0 0 -1
    outer loop
      vertex -2.79527 6.58363 0
      vertex -4.94542 6.15355 0
      vertex -3.12285 7.25941 0
    endloop
  endfacet
  facet normal 0 0 -1
    outer loop
      vertex -6.29697 4.76106 0
      vertex -4.53584 5.51872 0
      vertex -5.78497 4.1877 0
    endloop
  endfacet
  facet normal -0 0 -1
    outer loop
      vertex -4.53584 5.51872 0
      vertex -6.29697 4.76106 0
      vertex -4.94542 6.15355 0
    endloop
  endfacet
  facet normal 0 0 -1
    outer loop
      vertex -7.30042 2.99994 0
      vertex -5.78497 4.1877 0
      vertex -6.74747 2.34471 0
    endloop
  endfacet
  facet normal 0 0 -1
    outer loop
      vertex -7.81229 0.583603 0
      vertex -6.74747 2.34471 0
      vertex -7.11609 0.604034 0
    endloop
  endfacet
  facet normal -0 0 -1
    outer loop
      vertex -5.78497 4.1877 0
      vertex -7.30042 2.99994 0
      vertex -6.29697 4.76106 0
    endloop
  endfacet
  facet normal -0 0 -1
    outer loop
      vertex -6.74747 2.34471 0
      vertex -7.81229 0.583603 0
      vertex -7.30042 2.99994 0
    endloop
  endfacet
  facet normal 0 0 -1
    outer loop
      vertex 6.03065 -0.68602 0
      vertex 3.20474 -0.19455 0
      vertex 3.36852 0.276443 0
    endloop
  endfacet
  facet normal 0 0 -1
    outer loop
      vertex 4.90437 -3.57339 0
      vertex 0.501663 -2.50859 0
      vertex 3.20474 -0.19455 0
    endloop
  endfacet
  facet normal 0 0 -1
    outer loop
      vertex 0.501663 -2.50859 0
      vertex 3.90103 -4.63823 0
      vertex 2.1194 -5.68262 0
    endloop
  endfacet
  facet normal -0 0 -1
    outer loop
      vertex 3.20474 -0.19455 0
      vertex 0.501663 -2.50859 0
      vertex 2.44707 -0.112671 0
    endloop
  endfacet
  facet normal 0 0 -1
    outer loop
      vertex -1.19795 -1.99661 0
      vertex 2.44707 -0.112671 0
      vertex 0.501663 -2.50859 0
    endloop
  endfacet
  facet normal 0 0 -1
    outer loop
      vertex 0.501663 -2.50859 0
      vertex 2.1194 -5.68262 0
      vertex 0.563141 -5.98976 0
    endloop
  endfacet
  facet normal -0 0 -1
    outer loop
      vertex 2.44707 -0.112671 0
      vertex -1.19795 -1.99661 0
      vertex 2.07846 1.09547 0
    endloop
  endfacet
  facet normal -0 0 -1
    outer loop
      vertex 2.07846 1.09547 0
      vertex -1.19795 -1.99661 0
      vertex 1.32079 1.93513 0
    endloop
  endfacet
  facet normal -0 0 -1
    outer loop
      vertex 1.32079 1.93513 0
      vertex -1.19795 -1.99661 0
      vertex -0.23555 2.32419 0
    endloop
  endfacet
  facet normal 0 0 -1
    outer loop
      vertex -0.23555 2.32419 0
      vertex -1.19795 -1.99661 0
      vertex -1.157 2.01703 0
    endloop
  endfacet
  facet normal 0 0 -1
    outer loop
      vertex -1.19795 -1.99661 0
      vertex -1.89424 1.34126 0
      vertex -1.157 2.01703 0
    endloop
  endfacet
  facet normal 0 0 -1
    outer loop
      vertex -2.2014 -0.747482 0
      vertex -1.89424 1.34126 0
      vertex -1.19795 -1.99661 0
    endloop
  endfacet
  facet normal 0 0 -1
    outer loop
      vertex -1.89424 1.34126 0
      vertex -2.2014 -0.747482 0
      vertex -2.28328 0.419708 0
    endloop
  endfacet
  facet normal 0 0 -1
    outer loop
      vertex 3.36852 0.276443 0
      vertex 6.03065 0.68602 0
      vertex 6.03065 -0.68602 0
    endloop
  endfacet
  facet normal 0 0 -1
    outer loop
      vertex 3.20474 -0.19455 0
      vertex 6.03065 -0.68602 0
      vertex 5.64162 -2.24229 0
    endloop
  endfacet
  facet normal -0 0 -1
    outer loop
      vertex 6.03065 0.68602 0
      vertex 3.36852 0.276443 0
      vertex 5.70308 2.07851 0
    endloop
  endfacet
  facet normal 0 0 -1
    outer loop
      vertex 3.20474 -0.19455 0
      vertex 5.64162 -2.24229 0
      vertex 4.90437 -3.57339 0
    endloop
  endfacet
  facet normal 0 0 -1
    outer loop
      vertex 3.02043 1.50505 0
      vertex 5.70308 2.07851 0
      vertex 3.36852 0.276443 0
    endloop
  endfacet
  facet normal 0 0 -1
    outer loop
      vertex 0.501663 -2.50859 0
      vertex 4.90437 -3.57339 0
      vertex 3.90103 -4.63823 0
    endloop
  endfacet
  facet normal -0 0 -1
    outer loop
      vertex 5.70308 2.07851 0
      vertex 3.02043 1.50505 0
      vertex 5.08867 3.3071 0
    endloop
  endfacet
  facet normal -0 0 -1
    outer loop
      vertex 5.08867 3.3071 0
      vertex 3.02043 1.50505 0
      vertex 4.02386 4.5358 0
    endloop
  endfacet
  facet normal 0 0 -1
    outer loop
      vertex 1.70982 2.89754 0
      vertex 4.02386 4.5358 0
      vertex 3.02043 1.50505 0
    endloop
  endfacet
  facet normal -0 0 -1
    outer loop
      vertex 4.02386 4.5358 0
      vertex 1.70982 2.89754 0
      vertex 2.918 5.31398 0
    endloop
  endfacet
  facet normal 0 0 -1
    outer loop
      vertex 1.70982 2.89754 0
      vertex 1.52551 5.86693 0
      vertex 2.918 5.31398 0
    endloop
  endfacet
  facet normal 0 0 -1
    outer loop
      vertex 0.317337 3.34804 0
      vertex 1.52551 5.86693 0
      vertex 1.70982 2.89754 0
    endloop
  endfacet
  facet normal 0 0 -1
    outer loop
      vertex 0.317337 3.34804 0
      vertex 0.194504 6.05112 0
      vertex 1.52551 5.86693 0
    endloop
  endfacet
  facet normal 0 0 -1
    outer loop
      vertex -0.76796 3.26614 0
      vertex 0.194504 6.05112 0
      vertex 0.317337 3.34804 0
    endloop
  endfacet
  facet normal 0 0 -1
    outer loop
      vertex -0.76796 3.26614 0
      vertex -1.23889 5.92828 0
      vertex 0.194504 6.05112 0
    endloop
  endfacet
  facet normal 0 0 -1
    outer loop
      vertex -2.65192 5.43683 0
      vertex -0.76796 3.26614 0
      vertex -1.64847 2.91806 0
    endloop
  endfacet
  facet normal 0 0 -1
    outer loop
      vertex -0.76796 3.26614 0
      vertex -2.65192 5.43683 0
      vertex -1.23889 5.92828 0
    endloop
  endfacet
  facet normal 0 0 -1
    outer loop
      vertex -4.10587 4.4334 0
      vertex -1.64847 2.91806 0
      vertex -2.93863 1.60747 0
    endloop
  endfacet
  facet normal 0 0 -1
    outer loop
      vertex -5.84645 1.50505 0
      vertex -2.93863 1.60747 0
      vertex -3.3481 -0.030777 0
    endloop
  endfacet
  facet normal 0 0 -1
    outer loop
      vertex -1.64847 2.91806 0
      vertex -4.10587 4.4334 0
      vertex -2.65192 5.43683 0
    endloop
  endfacet
  facet normal 0 0 -1
    outer loop
      vertex -0.501755 -8.05801 0
      vertex -1.62804 -2.93858 0
      vertex -0.501755 -3.3891 0
    endloop
  endfacet
  facet normal 0 0 -1
    outer loop
      vertex -9.07981 -17.8201 0
      vertex -0.481232 -8.87714 0
      vertex -8.37319 -18.1629 0
    endloop
  endfacet
  facet normal 0 -0 -1
    outer loop
      vertex -5.84645 1.50505 0
      vertex -3.3481 -0.030777 0
      vertex -6.15359 -0.440231 0
    endloop
  endfacet
  facet normal -0 0 -1
    outer loop
      vertex -0.481232 -8.87714 0
      vertex -9.07981 -17.8201 0
      vertex -0.501755 -8.8362 0
    endloop
  endfacet
  facet normal -0 0 -1
    outer loop
      vertex -2.93863 1.60747 0
      vertex -5.84645 1.50505 0
      vertex -5.23215 3.02048 0
    endloop
  endfacet
  facet normal 0 0 -1
    outer loop
      vertex -2.93863 1.60747 0
      vertex -5.23215 3.02048 0
      vertex -4.10587 4.4334 0
    endloop
  endfacet
  facet normal 0 0 -1
    outer loop
      vertex -3.08191 -1.32083 0
      vertex -6.15359 -0.440231 0
      vertex -3.3481 -0.030777 0
    endloop
  endfacet
  facet normal 0 0 -1
    outer loop
      vertex -9.77242 -17.4499 0
      vertex -0.501755 -8.8362 0
      vertex -9.07981 -17.8201 0
    endloop
  endfacet
  facet normal 0 0 -1
    outer loop
      vertex -10.45 -17.0528 0
      vertex -0.501755 -8.8362 0
      vertex -9.77242 -17.4499 0
    endloop
  endfacet
  facet normal 0 0 -1
    outer loop
      vertex -11.1114 -16.6294 0
      vertex -0.501755 -8.8362 0
      vertex -10.45 -17.0528 0
    endloop
  endfacet
  facet normal 0 0 -1
    outer loop
      vertex -11.7557 -16.1803 0
      vertex -0.501755 -8.8362 0
      vertex -11.1114 -16.6294 0
    endloop
  endfacet
  facet normal 0 0 -1
    outer loop
      vertex -12.3819 -15.7063 0
      vertex -0.501755 -8.8362 0
      vertex -11.7557 -16.1803 0
    endloop
  endfacet
  facet normal 0 0 -1
    outer loop
      vertex -12.989 -15.2081 0
      vertex -0.501755 -8.8362 0
      vertex -12.3819 -15.7063 0
    endloop
  endfacet
  facet normal -0.967597 -0.2525 0
    outer loop
      vertex -19.2491 -5.42881 0
      vertex -19.4474 -4.66891 2
      vertex -19.4474 -4.66891 0
    endloop
  endfacet
  facet normal -0.967597 -0.2525 0
    outer loop
      vertex -19.4474 -4.66891 2
      vertex -19.2491 -5.42881 0
      vertex -19.2491 -5.42881 2
    endloop
  endfacet
  facet normal -0.862755 -0.505623 0
    outer loop
      vertex -17.0528 -10.45 0
      vertex -17.4499 -9.77242 2
      vertex -17.4499 -9.77242 0
    endloop
  endfacet
  facet normal -0.862755 -0.505623 0
    outer loop
      vertex -17.4499 -9.77242 2
      vertex -17.0528 -10.45 0
      vertex -17.0528 -10.45 2
    endloop
  endfacet
  facet normal -0.842211 -0.539148 0
    outer loop
      vertex -16.6294 -11.1114 0
      vertex -17.0528 -10.45 2
      vertex -17.0528 -10.45 0
    endloop
  endfacet
  facet normal -0.842211 -0.539148 0
    outer loop
      vertex -17.0528 -10.45 2
      vertex -16.6294 -11.1114 0
      vertex -16.6294 -11.1114 2
    endloop
  endfacet
  facet normal -0.881925 -0.471389 0
    outer loop
      vertex -17.4499 -9.77242 0
      vertex -17.8201 -9.07981 2
      vertex -17.8201 -9.07981 0
    endloop
  endfacet
  facet normal -0.881925 -0.471389 0
    outer loop
      vertex -17.8201 -9.07981 2
      vertex -17.4499 -9.77242 0
      vertex -17.4499 -9.77242 2
    endloop
  endfacet
  facet normal -0.773032 -0.634367 0
    outer loop
      vertex -15.2081 -12.989 0
      vertex -15.7063 -12.3819 2
      vertex -15.7063 -12.3819 0
    endloop
  endfacet
  facet normal -0.773032 -0.634367 0
    outer loop
      vertex -15.7063 -12.3819 2
      vertex -15.2081 -12.989 0
      vertex -15.2081 -12.989 2
    endloop
  endfacet
  facet normal -0.797334 -0.603539 0
    outer loop
      vertex -15.7063 -12.3819 0
      vertex -16.1803 -11.7557 2
      vertex -16.1803 -11.7557 0
    endloop
  endfacet
  facet normal -0.797334 -0.603539 0
    outer loop
      vertex -16.1803 -11.7557 2
      vertex -15.7063 -12.3819 0
      vertex -15.7063 -12.3819 2
    endloop
  endfacet
  facet normal -0.2525 -0.967597 0
    outer loop
      vertex -5.42881 -19.2491 0
      vertex -4.66891 -19.4474 2
      vertex -5.42881 -19.2491 2
    endloop
  endfacet
  facet normal -0.2525 -0.967597 -0
    outer loop
      vertex -4.66891 -19.4474 2
      vertex -5.42881 -19.2491 0
      vertex -4.66891 -19.4474 0
    endloop
  endfacet
  facet normal -0.214301 -0.976768 0
    outer loop
      vertex -4.66891 -19.4474 0
      vertex -3.90181 -19.6157 2
      vertex -4.66891 -19.4474 2
    endloop
  endfacet
  facet normal -0.214301 -0.976768 -0
    outer loop
      vertex -3.90181 -19.6157 2
      vertex -4.66891 -19.4474 0
      vertex -3.90181 -19.6157 0
    endloop
  endfacet
  facet normal -0.13701 -0.99057 0
    outer loop
      vertex -3.12869 -19.7538 0
      vertex -2.35075 -19.8614 2
      vertex -3.12869 -19.7538 2
    endloop
  endfacet
  facet normal -0.13701 -0.99057 -0
    outer loop
      vertex -2.35075 -19.8614 2
      vertex -3.12869 -19.7538 0
      vertex -2.35075 -19.8614 0
    endloop
  endfacet
  facet normal -0.0196092 -0.999808 0
    outer loop
      vertex -0.785196 -19.9846 0
      vertex 0 -20 2
      vertex -0.785196 -19.9846 2
    endloop
  endfacet
  facet normal -0.0196092 -0.999808 -0
    outer loop
      vertex 0 -20 2
      vertex -0.785196 -19.9846 0
      vertex 0 -20 0
    endloop
  endfacet
  facet normal -0.505623 -0.862755 0
    outer loop
      vertex -10.45 -17.0528 0
      vertex -9.77242 -17.4499 2
      vertex -10.45 -17.0528 2
    endloop
  endfacet
  facet normal -0.505623 -0.862755 -0
    outer loop
      vertex -9.77242 -17.4499 2
      vertex -10.45 -17.0528 0
      vertex -9.77242 -17.4499 0
    endloop
  endfacet
  facet normal -0.436476 -0.899716 0
    outer loop
      vertex -9.07981 -17.8201 0
      vertex -8.37319 -18.1629 2
      vertex -9.07981 -17.8201 2
    endloop
  endfacet
  facet normal -0.436476 -0.899716 -0
    outer loop
      vertex -8.37319 -18.1629 2
      vertex -9.07981 -17.8201 0
      vertex -8.37319 -18.1629 0
    endloop
  endfacet
  facet normal -0.603539 -0.797334 0
    outer loop
      vertex -12.3819 -15.7063 0
      vertex -11.7557 -16.1803 2
      vertex -12.3819 -15.7063 2
    endloop
  endfacet
  facet normal -0.603539 -0.797334 -0
    outer loop
      vertex -11.7557 -16.1803 2
      vertex -12.3819 -15.7063 0
      vertex -11.7557 -16.1803 0
    endloop
  endfacet
  facet normal -0.571829 -0.820373 0
    outer loop
      vertex -11.7557 -16.1803 0
      vertex -11.1114 -16.6294 2
      vertex -11.7557 -16.1803 2
    endloop
  endfacet
  facet normal -0.571829 -0.820373 -0
    outer loop
      vertex -11.1114 -16.6294 2
      vertex -11.7557 -16.1803 0
      vertex -11.1114 -16.6294 0
    endloop
  endfacet
  facet normal -0.693157 -0.720787 0
    outer loop
      vertex -14.1421 -14.1421 0
      vertex -13.576 -14.6865 2
      vertex -14.1421 -14.1421 2
    endloop
  endfacet
  facet normal -0.693157 -0.720787 -0
    outer loop
      vertex -13.576 -14.6865 2
      vertex -14.1421 -14.1421 0
      vertex -13.576 -14.6865 0
    endloop
  endfacet
  facet normal 0.995194 0.0979189 0
    outer loop
      vertex 19.9383 1.56918 2
      vertex 19.8614 2.35075 0
      vertex 19.8614 2.35075 2
    endloop
  endfacet
  facet normal 0.995194 0.0979189 0
    outer loop
      vertex 19.8614 2.35075 0
      vertex 19.9383 1.56918 2
      vertex 19.9383 1.56918 0
    endloop
  endfacet
  facet normal 0.0196092 0.999808 -0
    outer loop
      vertex 0.785196 19.9846 0
      vertex 0 20 2
      vertex 0.785196 19.9846 2
    endloop
  endfacet
  facet normal 0.0196092 0.999808 0
    outer loop
      vertex 0 20 2
      vertex 0.785196 19.9846 0
      vertex 0 20 0
    endloop
  endfacet
  facet normal 0.931231 0.36443 0
    outer loop
      vertex 18.7638 6.92234 2
      vertex 18.4776 7.65367 0
      vertex 18.4776 7.65367 2
    endloop
  endfacet
  facet normal 0.931231 0.36443 0
    outer loop
      vertex 18.4776 7.65367 0
      vertex 18.7638 6.92234 2
      vertex 18.7638 6.92234 0
    endloop
  endfacet
  facet normal 0.967597 0.2525 0
    outer loop
      vertex 19.4474 4.66891 2
      vertex 19.2491 5.42881 0
      vertex 19.2491 5.42881 2
    endloop
  endfacet
  facet normal 0.967597 0.2525 0
    outer loop
      vertex 19.2491 5.42881 0
      vertex 19.4474 4.66891 2
      vertex 19.4474 4.66891 0
    endloop
  endfacet
  facet normal 0.13701 0.99057 -0
    outer loop
      vertex 3.12869 19.7538 0
      vertex 2.35075 19.8614 2
      vertex 3.12869 19.7538 2
    endloop
  endfacet
  facet normal 0.13701 0.99057 0
    outer loop
      vertex 2.35075 19.8614 2
      vertex 3.12869 19.7538 0
      vertex 2.35075 19.8614 0
    endloop
  endfacet
  facet normal 0.214301 0.976768 -0
    outer loop
      vertex 4.66891 19.4474 0
      vertex 3.90181 19.6157 2
      vertex 4.66891 19.4474 2
    endloop
  endfacet
  facet normal 0.214301 0.976768 0
    outer loop
      vertex 3.90181 19.6157 2
      vertex 4.66891 19.4474 0
      vertex 3.90181 19.6157 0
    endloop
  endfacet
  facet normal 0.693157 0.720787 -0
    outer loop
      vertex 14.1421 14.1421 0
      vertex 13.576 14.6865 2
      vertex 14.1421 14.1421 2
    endloop
  endfacet
  facet normal 0.693157 0.720787 0
    outer loop
      vertex 13.576 14.6865 2
      vertex 14.1421 14.1421 0
      vertex 13.576 14.6865 0
    endloop
  endfacet
  facet normal 0.571829 0.820373 -0
    outer loop
      vertex 11.7557 16.1803 0
      vertex 11.1114 16.6294 2
      vertex 11.7557 16.1803 2
    endloop
  endfacet
  facet normal 0.571829 0.820373 0
    outer loop
      vertex 11.1114 16.6294 2
      vertex 11.7557 16.1803 0
      vertex 11.1114 16.6294 0
    endloop
  endfacet
  facet normal 0.505623 0.862755 -0
    outer loop
      vertex 10.45 17.0528 0
      vertex 9.77242 17.4499 2
      vertex 10.45 17.0528 2
    endloop
  endfacet
  facet normal 0.505623 0.862755 0
    outer loop
      vertex 9.77242 17.4499 2
      vertex 10.45 17.0528 0
      vertex 9.77242 17.4499 0
    endloop
  endfacet
  facet normal 0.842211 0.539148 0
    outer loop
      vertex 17.0528 10.45 2
      vertex 16.6294 11.1114 0
      vertex 16.6294 11.1114 2
    endloop
  endfacet
  facet normal 0.842211 0.539148 0
    outer loop
      vertex 16.6294 11.1114 0
      vertex 17.0528 10.45 2
      vertex 17.0528 10.45 0
    endloop
  endfacet
  facet normal 0.881925 0.471389 0
    outer loop
      vertex 17.8201 9.07981 2
      vertex 17.4499 9.77242 0
      vertex 17.4499 9.77242 2
    endloop
  endfacet
  facet normal 0.881925 0.471389 0
    outer loop
      vertex 17.4499 9.77242 0
      vertex 17.8201 9.07981 2
      vertex 17.8201 9.07981 0
    endloop
  endfacet
  facet normal 0.797334 0.603539 0
    outer loop
      vertex 16.1803 11.7557 2
      vertex 15.7063 12.3819 0
      vertex 15.7063 12.3819 2
    endloop
  endfacet
  facet normal 0.797334 0.603539 0
    outer loop
      vertex 15.7063 12.3819 0
      vertex 16.1803 11.7557 2
      vertex 16.1803 11.7557 0
    endloop
  endfacet
  facet normal -0.36443 0.931231 0
    outer loop
      vertex -6.92234 18.7638 0
      vertex -7.65367 18.4776 2
      vertex -6.92234 18.7638 2
    endloop
  endfacet
  facet normal -0.36443 0.931231 0
    outer loop
      vertex -7.65367 18.4776 2
      vertex -6.92234 18.7638 0
      vertex -7.65367 18.4776 0
    endloop
  endfacet
  facet normal -0.175844 0.984418 0
    outer loop
      vertex -3.12869 19.7538 0
      vertex -3.90181 19.6157 2
      vertex -3.12869 19.7538 2
    endloop
  endfacet
  facet normal -0.175844 0.984418 0
    outer loop
      vertex -3.90181 19.6157 2
      vertex -3.12869 19.7538 0
      vertex -3.90181 19.6157 0
    endloop
  endfacet
  facet normal -0.2525 0.967597 0
    outer loop
      vertex -4.66891 19.4474 0
      vertex -5.42881 19.2491 2
      vertex -4.66891 19.4474 2
    endloop
  endfacet
  facet normal -0.2525 0.967597 0
    outer loop
      vertex -5.42881 19.2491 2
      vertex -4.66891 19.4474 0
      vertex -5.42881 19.2491 0
    endloop
  endfacet
  facet normal -0.539148 0.842211 0
    outer loop
      vertex -10.45 17.0528 0
      vertex -11.1114 16.6294 2
      vertex -10.45 17.0528 2
    endloop
  endfacet
  facet normal -0.539148 0.842211 0
    outer loop
      vertex -11.1114 16.6294 2
      vertex -10.45 17.0528 0
      vertex -11.1114 16.6294 0
    endloop
  endfacet
  facet normal -0.471389 0.881925 0
    outer loop
      vertex -9.07981 17.8201 0
      vertex -9.77242 17.4499 2
      vertex -9.07981 17.8201 2
    endloop
  endfacet
  facet normal -0.471389 0.881925 0
    outer loop
      vertex -9.77242 17.4499 2
      vertex -9.07981 17.8201 0
      vertex -9.77242 17.4499 0
    endloop
  endfacet
  facet normal -0.603539 0.797334 0
    outer loop
      vertex -11.7557 16.1803 0
      vertex -12.3819 15.7063 2
      vertex -11.7557 16.1803 2
    endloop
  endfacet
  facet normal -0.603539 0.797334 0
    outer loop
      vertex -12.3819 15.7063 2
      vertex -11.7557 16.1803 0
      vertex -12.3819 15.7063 0
    endloop
  endfacet
  facet normal -0.976768 0.214301 0
    outer loop
      vertex -19.6157 3.90181 0
      vertex -19.4474 4.66891 2
      vertex -19.4474 4.66891 0
    endloop
  endfacet
  facet normal -0.976768 0.214301 0
    outer loop
      vertex -19.4474 4.66891 2
      vertex -19.6157 3.90181 0
      vertex -19.6157 3.90181 2
    endloop
  endfacet
  facet normal -0.99057 0.13701 0
    outer loop
      vertex -19.8614 2.35075 0
      vertex -19.7538 3.12869 2
      vertex -19.7538 3.12869 0
    endloop
  endfacet
  facet normal -0.99057 0.13701 0
    outer loop
      vertex -19.7538 3.12869 2
      vertex -19.8614 2.35075 0
      vertex -19.8614 2.35075 2
    endloop
  endfacet
  facet normal -0.999808 0.0196092 0
    outer loop
      vertex -20 0 0
      vertex -19.9846 0.785196 2
      vertex -19.9846 0.785196 0
    endloop
  endfacet
  facet normal -0.999808 0.0196092 0
    outer loop
      vertex -19.9846 0.785196 2
      vertex -20 0 0
      vertex -20 0 2
    endloop
  endfacet
  facet normal -0.862755 0.505623 0
    outer loop
      vertex -17.4499 9.77242 0
      vertex -17.0528 10.45 2
      vertex -17.0528 10.45 0
    endloop
  endfacet
  facet normal -0.862755 0.505623 0
    outer loop
      vertex -17.0528 10.45 2
      vertex -17.4499 9.77242 0
      vertex -17.4499 9.77242 2
    endloop
  endfacet
  facet normal -0.820373 0.571829 0
    outer loop
      vertex -16.6294 11.1114 0
      vertex -16.1803 11.7557 2
      vertex -16.1803 11.7557 0
    endloop
  endfacet
  facet normal -0.820373 0.571829 0
    outer loop
      vertex -16.1803 11.7557 2
      vertex -16.6294 11.1114 0
      vertex -16.6294 11.1114 2
    endloop
  endfacet
  facet normal -0.720787 0.693157 0
    outer loop
      vertex -14.6865 13.576 0
      vertex -14.1421 14.1421 2
      vertex -14.1421 14.1421 0
    endloop
  endfacet
  facet normal -0.720787 0.693157 0
    outer loop
      vertex -14.1421 14.1421 2
      vertex -14.6865 13.576 0
      vertex -14.6865 13.576 2
    endloop
  endfacet
  facet normal 0.956931 -0.290315 0
    outer loop
      vertex 19.0211 -6.18034 2
      vertex 19.2491 -5.42881 0
      vertex 19.2491 -5.42881 2
    endloop
  endfacet
  facet normal 0.956931 -0.290315 0
    outer loop
      vertex 19.2491 -5.42881 0
      vertex 19.0211 -6.18034 2
      vertex 19.0211 -6.18034 0
    endloop
  endfacet
  facet normal 0.944807 -0.327627 0
    outer loop
      vertex 18.7638 -6.92234 2
      vertex 19.0211 -6.18034 0
      vertex 19.0211 -6.18034 2
    endloop
  endfacet
  facet normal 0.944807 -0.327627 0
    outer loop
      vertex 19.0211 -6.18034 0
      vertex 18.7638 -6.92234 2
      vertex 18.7638 -6.92234 0
    endloop
  endfacet
  facet normal 0.899716 -0.436476 0
    outer loop
      vertex 17.8201 -9.07981 2
      vertex 18.1629 -8.37319 0
      vertex 18.1629 -8.37319 2
    endloop
  endfacet
  facet normal 0.899716 -0.436476 0
    outer loop
      vertex 18.1629 -8.37319 0
      vertex 17.8201 -9.07981 2
      vertex 17.8201 -9.07981 0
    endloop
  endfacet
  facet normal 0.747522 -0.664237 0
    outer loop
      vertex 14.6865 -13.576 2
      vertex 15.2081 -12.989 0
      vertex 15.2081 -12.989 2
    endloop
  endfacet
  facet normal 0.747522 -0.664237 0
    outer loop
      vertex 15.2081 -12.989 0
      vertex 14.6865 -13.576 2
      vertex 14.6865 -13.576 0
    endloop
  endfacet
  facet normal 0.773032 -0.634367 0
    outer loop
      vertex 15.2081 -12.989 2
      vertex 15.7063 -12.3819 0
      vertex 15.7063 -12.3819 2
    endloop
  endfacet
  facet normal 0.773032 -0.634367 0
    outer loop
      vertex 15.7063 -12.3819 0
      vertex 15.2081 -12.989 2
      vertex 15.2081 -12.989 0
    endloop
  endfacet
  facet normal 0.664237 -0.747522 0
    outer loop
      vertex 12.989 -15.2081 0
      vertex 13.576 -14.6865 2
      vertex 12.989 -15.2081 2
    endloop
  endfacet
  facet normal 0.664237 -0.747522 0
    outer loop
      vertex 13.576 -14.6865 2
      vertex 12.989 -15.2081 0
      vertex 13.576 -14.6865 0
    endloop
  endfacet
  facet normal 0.436476 -0.899716 0
    outer loop
      vertex 8.37319 -18.1629 0
      vertex 9.07981 -17.8201 2
      vertex 8.37319 -18.1629 2
    endloop
  endfacet
  facet normal 0.436476 -0.899716 0
    outer loop
      vertex 9.07981 -17.8201 2
      vertex 8.37319 -18.1629 0
      vertex 9.07981 -17.8201 0
    endloop
  endfacet
  facet normal 0.0979189 -0.995194 0
    outer loop
      vertex 1.56918 -19.9383 0
      vertex 2.35075 -19.8614 2
      vertex 1.56918 -19.9383 2
    endloop
  endfacet
  facet normal 0.0979189 -0.995194 0
    outer loop
      vertex 2.35075 -19.8614 2
      vertex 1.56918 -19.9383 0
      vertex 2.35075 -19.8614 0
    endloop
  endfacet
  facet normal 0.0589546 -0.998261 0
    outer loop
      vertex 0.785196 -19.9846 0
      vertex 1.56918 -19.9383 2
      vertex 0.785196 -19.9846 2
    endloop
  endfacet
  facet normal 0.0589546 -0.998261 0
    outer loop
      vertex 1.56918 -19.9383 2
      vertex 0.785196 -19.9846 0
      vertex 1.56918 -19.9383 0
    endloop
  endfacet
  facet normal 0.327627 -0.944807 0
    outer loop
      vertex 6.18034 -19.0211 0
      vertex 6.92234 -18.7638 2
      vertex 6.18034 -19.0211 2
    endloop
  endfacet
  facet normal 0.327627 -0.944807 0
    outer loop
      vertex 6.92234 -18.7638 2
      vertex 6.18034 -19.0211 0
      vertex 6.92234 -18.7638 0
    endloop
  endfacet
  facet normal -0.995194 -0.0979189 0
    outer loop
      vertex -19.8614 -2.35075 0
      vertex -19.9383 -1.56918 2
      vertex -19.9383 -1.56918 0
    endloop
  endfacet
  facet normal -0.995194 -0.0979189 0
    outer loop
      vertex -19.9383 -1.56918 2
      vertex -19.8614 -2.35075 0
      vertex -19.8614 -2.35075 2
    endloop
  endfacet
  facet normal -0.998261 -0.0589546 0
    outer loop
      vertex -19.9383 -1.56918 0
      vertex -19.9846 -0.785196 2
      vertex -19.9846 -0.785196 0
    endloop
  endfacet
  facet normal -0.998261 -0.0589546 0
    outer loop
      vertex -19.9846 -0.785196 2
      vertex -19.9383 -1.56918 0
      vertex -19.9383 -1.56918 2
    endloop
  endfacet
  facet normal -0.944807 -0.327627 0
    outer loop
      vertex -18.7638 -6.92234 0
      vertex -19.0211 -6.18034 2
      vertex -19.0211 -6.18034 0
    endloop
  endfacet
  facet normal -0.944807 -0.327627 0
    outer loop
      vertex -19.0211 -6.18034 2
      vertex -18.7638 -6.92234 0
      vertex -18.7638 -6.92234 2
    endloop
  endfacet
  facet normal -0.899716 -0.436476 0
    outer loop
      vertex -17.8201 -9.07981 0
      vertex -18.1629 -8.37319 2
      vertex -18.1629 -8.37319 0
    endloop
  endfacet
  facet normal -0.899716 -0.436476 0
    outer loop
      vertex -18.1629 -8.37319 2
      vertex -17.8201 -9.07981 0
      vertex -17.8201 -9.07981 2
    endloop
  endfacet
  facet normal -0.747522 -0.664237 0
    outer loop
      vertex -14.6865 -13.576 0
      vertex -15.2081 -12.989 2
      vertex -15.2081 -12.989 0
    endloop
  endfacet
  facet normal -0.747522 -0.664237 0
    outer loop
      vertex -15.2081 -12.989 2
      vertex -14.6865 -13.576 0
      vertex -14.6865 -13.576 2
    endloop
  endfacet
  facet normal -0.290315 -0.956931 0
    outer loop
      vertex -6.18034 -19.0211 0
      vertex -5.42881 -19.2491 2
      vertex -6.18034 -19.0211 2
    endloop
  endfacet
  facet normal -0.290315 -0.956931 -0
    outer loop
      vertex -5.42881 -19.2491 2
      vertex -6.18034 -19.0211 0
      vertex -5.42881 -19.2491 0
    endloop
  endfacet
  facet normal -0.327627 -0.944807 0
    outer loop
      vertex -6.92234 -18.7638 0
      vertex -6.18034 -19.0211 2
      vertex -6.92234 -18.7638 2
    endloop
  endfacet
  facet normal -0.327627 -0.944807 -0
    outer loop
      vertex -6.18034 -19.0211 2
      vertex -6.92234 -18.7638 0
      vertex -6.18034 -19.0211 0
    endloop
  endfacet
  facet normal -0.0589546 -0.998261 0
    outer loop
      vertex -1.56918 -19.9383 0
      vertex -0.785196 -19.9846 2
      vertex -1.56918 -19.9383 2
    endloop
  endfacet
  facet normal -0.0589546 -0.998261 -0
    outer loop
      vertex -0.785196 -19.9846 2
      vertex -1.56918 -19.9383 0
      vertex -0.785196 -19.9846 0
    endloop
  endfacet
  facet normal -0.400723 -0.916199 0
    outer loop
      vertex -8.37319 -18.1629 0
      vertex -7.65367 -18.4776 2
      vertex -8.37319 -18.1629 2
    endloop
  endfacet
  facet normal -0.400723 -0.916199 -0
    outer loop
      vertex -7.65367 -18.4776 2
      vertex -8.37319 -18.1629 0
      vertex -7.65367 -18.4776 0
    endloop
  endfacet
  facet normal -0.664237 -0.747522 0
    outer loop
      vertex -13.576 -14.6865 0
      vertex -12.989 -15.2081 2
      vertex -13.576 -14.6865 2
    endloop
  endfacet
  facet normal -0.664237 -0.747522 -0
    outer loop
      vertex -12.989 -15.2081 2
      vertex -13.576 -14.6865 0
      vertex -12.989 -15.2081 0
    endloop
  endfacet
  facet normal -0.634367 -0.773032 0
    outer loop
      vertex -12.989 -15.2081 0
      vertex -12.3819 -15.7063 2
      vertex -12.989 -15.2081 2
    endloop
  endfacet
  facet normal -0.634367 -0.773032 -0
    outer loop
      vertex -12.3819 -15.7063 2
      vertex -12.989 -15.2081 0
      vertex -12.3819 -15.7063 0
    endloop
  endfacet
  facet normal 0.984418 0.175844 0
    outer loop
      vertex 19.7538 3.12869 2
      vertex 19.6157 3.90181 0
      vertex 19.6157 3.90181 2
    endloop
  endfacet
  facet normal 0.984418 0.175844 0
    outer loop
      vertex 19.6157 3.90181 0
      vertex 19.7538 3.12869 2
      vertex 19.7538 3.12869 0
    endloop
  endfacet
  facet normal 0.944807 0.327627 0
    outer loop
      vertex 19.0211 6.18034 2
      vertex 18.7638 6.92234 0
      vertex 18.7638 6.92234 2
    endloop
  endfacet
  facet normal 0.944807 0.327627 0
    outer loop
      vertex 18.7638 6.92234 0
      vertex 19.0211 6.18034 2
      vertex 19.0211 6.18034 0
    endloop
  endfacet
  facet normal 0.976768 0.214301 0
    outer loop
      vertex 19.6157 3.90181 2
      vertex 19.4474 4.66891 0
      vertex 19.4474 4.66891 2
    endloop
  endfacet
  facet normal 0.976768 0.214301 0
    outer loop
      vertex 19.4474 4.66891 0
      vertex 19.6157 3.90181 2
      vertex 19.6157 3.90181 0
    endloop
  endfacet
  facet normal 0.0589546 0.998261 -0
    outer loop
      vertex 1.56918 19.9383 0
      vertex 0.785196 19.9846 2
      vertex 1.56918 19.9383 2
    endloop
  endfacet
  facet normal 0.0589546 0.998261 0
    outer loop
      vertex 0.785196 19.9846 2
      vertex 1.56918 19.9383 0
      vertex 0.785196 19.9846 0
    endloop
  endfacet
  facet normal 0.175844 0.984418 -0
    outer loop
      vertex 3.90181 19.6157 0
      vertex 3.12869 19.7538 2
      vertex 3.90181 19.6157 2
    endloop
  endfacet
  facet normal 0.175844 0.984418 0
    outer loop
      vertex 3.12869 19.7538 2
      vertex 3.90181 19.6157 0
      vertex 3.12869 19.7538 0
    endloop
  endfacet
  facet normal 0.290315 0.956931 -0
    outer loop
      vertex 6.18034 19.0211 0
      vertex 5.42881 19.2491 2
      vertex 6.18034 19.0211 2
    endloop
  endfacet
  facet normal 0.290315 0.956931 0
    outer loop
      vertex 5.42881 19.2491 2
      vertex 6.18034 19.0211 0
      vertex 5.42881 19.2491 0
    endloop
  endfacet
  facet normal 0.36443 0.931231 -0
    outer loop
      vertex 7.65367 18.4776 0
      vertex 6.92234 18.7638 2
      vertex 7.65367 18.4776 2
    endloop
  endfacet
  facet normal 0.36443 0.931231 0
    outer loop
      vertex 6.92234 18.7638 2
      vertex 7.65367 18.4776 0
      vertex 6.92234 18.7638 0
    endloop
  endfacet
  facet normal 0.2525 0.967597 -0
    outer loop
      vertex 5.42881 19.2491 0
      vertex 4.66891 19.4474 2
      vertex 5.42881 19.2491 2
    endloop
  endfacet
  facet normal 0.2525 0.967597 0
    outer loop
      vertex 4.66891 19.4474 2
      vertex 5.42881 19.2491 0
      vertex 4.66891 19.4474 0
    endloop
  endfacet
  facet normal 0.603539 0.797334 -0
    outer loop
      vertex 12.3819 15.7063 0
      vertex 11.7557 16.1803 2
      vertex 12.3819 15.7063 2
    endloop
  endfacet
  facet normal 0.603539 0.797334 0
    outer loop
      vertex 11.7557 16.1803 2
      vertex 12.3819 15.7063 0
      vertex 11.7557 16.1803 0
    endloop
  endfacet
  facet normal 0.539148 0.842211 -0
    outer loop
      vertex 11.1114 16.6294 0
      vertex 10.45 17.0528 2
      vertex 11.1114 16.6294 2
    endloop
  endfacet
  facet normal 0.539148 0.842211 0
    outer loop
      vertex 10.45 17.0528 2
      vertex 11.1114 16.6294 0
      vertex 10.45 17.0528 0
    endloop
  endfacet
  facet normal 0.471389 0.881925 -0
    outer loop
      vertex 9.77242 17.4499 0
      vertex 9.07981 17.8201 2
      vertex 9.77242 17.4499 2
    endloop
  endfacet
  facet normal 0.471389 0.881925 0
    outer loop
      vertex 9.07981 17.8201 2
      vertex 9.77242 17.4499 0
      vertex 9.07981 17.8201 0
    endloop
  endfacet
  facet normal 0.400723 0.916199 -0
    outer loop
      vertex 8.37319 18.1629 0
      vertex 7.65367 18.4776 2
      vertex 8.37319 18.1629 2
    endloop
  endfacet
  facet normal 0.400723 0.916199 0
    outer loop
      vertex 7.65367 18.4776 2
      vertex 8.37319 18.1629 0
      vertex 7.65367 18.4776 0
    endloop
  endfacet
  facet normal 0.862755 0.505623 0
    outer loop
      vertex 17.4499 9.77242 2
      vertex 17.0528 10.45 0
      vertex 17.0528 10.45 2
    endloop
  endfacet
  facet normal 0.862755 0.505623 0
    outer loop
      vertex 17.0528 10.45 0
      vertex 17.4499 9.77242 2
      vertex 17.4499 9.77242 0
    endloop
  endfacet
  facet normal 0.899716 0.436476 0
    outer loop
      vertex 18.1629 8.37319 2
      vertex 17.8201 9.07981 0
      vertex 17.8201 9.07981 2
    endloop
  endfacet
  facet normal 0.899716 0.436476 0
    outer loop
      vertex 17.8201 9.07981 0
      vertex 18.1629 8.37319 2
      vertex 18.1629 8.37319 0
    endloop
  endfacet
  facet normal 0.747522 0.664237 0
    outer loop
      vertex 15.2081 12.989 2
      vertex 14.6865 13.576 0
      vertex 14.6865 13.576 2
    endloop
  endfacet
  facet normal 0.747522 0.664237 0
    outer loop
      vertex 14.6865 13.576 0
      vertex 15.2081 12.989 2
      vertex 15.2081 12.989 0
    endloop
  endfacet
  facet normal 0.820373 0.571829 0
    outer loop
      vertex 16.6294 11.1114 2
      vertex 16.1803 11.7557 0
      vertex 16.1803 11.7557 2
    endloop
  endfacet
  facet normal 0.820373 0.571829 0
    outer loop
      vertex 16.1803 11.7557 0
      vertex 16.6294 11.1114 2
      vertex 16.6294 11.1114 0
    endloop
  endfacet
  facet normal -0.13701 0.99057 0
    outer loop
      vertex -2.35075 19.8614 0
      vertex -3.12869 19.7538 2
      vertex -2.35075 19.8614 2
    endloop
  endfacet
  facet normal -0.13701 0.99057 0
    outer loop
      vertex -3.12869 19.7538 2
      vertex -2.35075 19.8614 0
      vertex -3.12869 19.7538 0
    endloop
  endfacet
  facet normal -0.0979189 0.995194 0
    outer loop
      vertex -1.56918 19.9383 0
      vertex -2.35075 19.8614 2
      vertex -1.56918 19.9383 2
    endloop
  endfacet
  facet normal -0.0979189 0.995194 0
    outer loop
      vertex -2.35075 19.8614 2
      vertex -1.56918 19.9383 0
      vertex -2.35075 19.8614 0
    endloop
  endfacet
  facet normal -0.0196092 0.999808 0
    outer loop
      vertex 0 20 0
      vertex -0.785196 19.9846 2
      vertex 0 20 2
    endloop
  endfacet
  facet normal -0.0196092 0.999808 0
    outer loop
      vertex -0.785196 19.9846 2
      vertex 0 20 0
      vertex -0.785196 19.9846 0
    endloop
  endfacet
  facet normal -0.327627 0.944807 0
    outer loop
      vertex -6.18034 19.0211 0
      vertex -6.92234 18.7638 2
      vertex -6.18034 19.0211 2
    endloop
  endfacet
  facet normal -0.327627 0.944807 0
    outer loop
      vertex -6.92234 18.7638 2
      vertex -6.18034 19.0211 0
      vertex -6.92234 18.7638 0
    endloop
  endfacet
  facet normal -0.214301 0.976768 0
    outer loop
      vertex -3.90181 19.6157 0
      vertex -4.66891 19.4474 2
      vertex -3.90181 19.6157 2
    endloop
  endfacet
  facet normal -0.214301 0.976768 0
    outer loop
      vertex -4.66891 19.4474 2
      vertex -3.90181 19.6157 0
      vertex -4.66891 19.4474 0
    endloop
  endfacet
  facet normal -0.505623 0.862755 0
    outer loop
      vertex -9.77242 17.4499 0
      vertex -10.45 17.0528 2
      vertex -9.77242 17.4499 2
    endloop
  endfacet
  facet normal -0.505623 0.862755 0
    outer loop
      vertex -10.45 17.0528 2
      vertex -9.77242 17.4499 0
      vertex -10.45 17.0528 0
    endloop
  endfacet
  facet normal -0.436476 0.899716 0
    outer loop
      vertex -8.37319 18.1629 0
      vertex -9.07981 17.8201 2
      vertex -8.37319 18.1629 2
    endloop
  endfacet
  facet normal -0.436476 0.899716 0
    outer loop
      vertex -9.07981 17.8201 2
      vertex -8.37319 18.1629 0
      vertex -9.07981 17.8201 0
    endloop
  endfacet
  facet normal -0.664237 0.747522 0
    outer loop
      vertex -12.989 15.2081 0
      vertex -13.576 14.6865 2
      vertex -12.989 15.2081 2
    endloop
  endfacet
  facet normal -0.664237 0.747522 0
    outer loop
      vertex -13.576 14.6865 2
      vertex -12.989 15.2081 0
      vertex -13.576 14.6865 0
    endloop
  endfacet
  facet normal -0.571829 0.820373 0
    outer loop
      vertex -11.1114 16.6294 0
      vertex -11.7557 16.1803 2
      vertex -11.1114 16.6294 2
    endloop
  endfacet
  facet normal -0.571829 0.820373 0
    outer loop
      vertex -11.7557 16.1803 2
      vertex -11.1114 16.6294 0
      vertex -11.7557 16.1803 0
    endloop
  endfacet
  facet normal -0.967597 0.2525 0
    outer loop
      vertex -19.4474 4.66891 0
      vertex -19.2491 5.42881 2
      vertex -19.2491 5.42881 0
    endloop
  endfacet
  facet normal -0.967597 0.2525 0
    outer loop
      vertex -19.2491 5.42881 2
      vertex -19.4474 4.66891 0
      vertex -19.4474 4.66891 2
    endloop
  endfacet
  facet normal -0.956931 0.290315 0
    outer loop
      vertex -19.2491 5.42881 0
      vertex -19.0211 6.18034 2
      vertex -19.0211 6.18034 0
    endloop
  endfacet
  facet normal -0.956931 0.290315 0
    outer loop
      vertex -19.0211 6.18034 2
      vertex -19.2491 5.42881 0
      vertex -19.2491 5.42881 2
    endloop
  endfacet
  facet normal -0.931231 0.36443 0
    outer loop
      vertex -18.7638 6.92234 0
      vertex -18.4776 7.65367 2
      vertex -18.4776 7.65367 0
    endloop
  endfacet
  facet normal -0.931231 0.36443 0
    outer loop
      vertex -18.4776 7.65367 2
      vertex -18.7638 6.92234 0
      vertex -18.7638 6.92234 2
    endloop
  endfacet
  facet normal -0.984418 0.175844 0
    outer loop
      vertex -19.7538 3.12869 0
      vertex -19.6157 3.90181 2
      vertex -19.6157 3.90181 0
    endloop
  endfacet
  facet normal -0.984418 0.175844 0
    outer loop
      vertex -19.6157 3.90181 2
      vertex -19.7538 3.12869 0
      vertex -19.7538 3.12869 2
    endloop
  endfacet
  facet normal -0.998261 0.0589546 0
    outer loop
      vertex -19.9846 0.785196 0
      vertex -19.9383 1.56918 2
      vertex -19.9383 1.56918 0
    endloop
  endfacet
  facet normal -0.998261 0.0589546 0
    outer loop
      vertex -19.9383 1.56918 2
      vertex -19.9846 0.785196 0
      vertex -19.9846 0.785196 2
    endloop
  endfacet
  facet normal -0.842211 0.539148 0
    outer loop
      vertex -17.0528 10.45 0
      vertex -16.6294 11.1114 2
      vertex -16.6294 11.1114 0
    endloop
  endfacet
  facet normal -0.842211 0.539148 0
    outer loop
      vertex -16.6294 11.1114 2
      vertex -17.0528 10.45 0
      vertex -17.0528 10.45 2
    endloop
  endfacet
  facet normal -0.881925 0.471389 0
    outer loop
      vertex -17.8201 9.07981 0
      vertex -17.4499 9.77242 2
      vertex -17.4499 9.77242 0
    endloop
  endfacet
  facet normal -0.881925 0.471389 0
    outer loop
      vertex -17.4499 9.77242 2
      vertex -17.8201 9.07981 0
      vertex -17.8201 9.07981 2
    endloop
  endfacet
  facet normal -0.916199 0.400723 0
    outer loop
      vertex -18.4776 7.65367 0
      vertex -18.1629 8.37319 2
      vertex -18.1629 8.37319 0
    endloop
  endfacet
  facet normal -0.916199 0.400723 0
    outer loop
      vertex -18.1629 8.37319 2
      vertex -18.4776 7.65367 0
      vertex -18.4776 7.65367 2
    endloop
  endfacet
  facet normal -0.797334 0.603539 0
    outer loop
      vertex -16.1803 11.7557 0
      vertex -15.7063 12.3819 2
      vertex -15.7063 12.3819 0
    endloop
  endfacet
  facet normal -0.797334 0.603539 0
    outer loop
      vertex -15.7063 12.3819 2
      vertex -16.1803 11.7557 0
      vertex -16.1803 11.7557 2
    endloop
  endfacet
  facet normal -0.773032 0.634367 0
    outer loop
      vertex -15.7063 12.3819 0
      vertex -15.2081 12.989 2
      vertex -15.2081 12.989 0
    endloop
  endfacet
  facet normal -0.773032 0.634367 0
    outer loop
      vertex -15.2081 12.989 2
      vertex -15.7063 12.3819 0
      vertex -15.7063 12.3819 2
    endloop
  endfacet
  facet normal 0.998261 0.0589546 0
    outer loop
      vertex 19.9846 0.785196 2
      vertex 19.9383 1.56918 0
      vertex 19.9383 1.56918 2
    endloop
  endfacet
  facet normal 0.998261 0.0589546 0
    outer loop
      vertex 19.9383 1.56918 0
      vertex 19.9846 0.785196 2
      vertex 19.9846 0.785196 0
    endloop
  endfacet
  facet normal 0.99057 0.13701 0
    outer loop
      vertex 19.8614 2.35075 2
      vertex 19.7538 3.12869 0
      vertex 19.7538 3.12869 2
    endloop
  endfacet
  facet normal 0.99057 0.13701 0
    outer loop
      vertex 19.7538 3.12869 0
      vertex 19.8614 2.35075 2
      vertex 19.8614 2.35075 0
    endloop
  endfacet
  facet normal 0.956931 0.290315 0
    outer loop
      vertex 19.2491 5.42881 2
      vertex 19.0211 6.18034 0
      vertex 19.0211 6.18034 2
    endloop
  endfacet
  facet normal 0.956931 0.290315 0
    outer loop
      vertex 19.0211 6.18034 0
      vertex 19.2491 5.42881 2
      vertex 19.2491 5.42881 0
    endloop
  endfacet
  facet normal 0.0979189 0.995194 -0
    outer loop
      vertex 2.35075 19.8614 0
      vertex 1.56918 19.9383 2
      vertex 2.35075 19.8614 2
    endloop
  endfacet
  facet normal 0.0979189 0.995194 0
    outer loop
      vertex 1.56918 19.9383 2
      vertex 2.35075 19.8614 0
      vertex 1.56918 19.9383 0
    endloop
  endfacet
  facet normal 0.327627 0.944807 -0
    outer loop
      vertex 6.92234 18.7638 0
      vertex 6.18034 19.0211 2
      vertex 6.92234 18.7638 2
    endloop
  endfacet
  facet normal 0.327627 0.944807 0
    outer loop
      vertex 6.18034 19.0211 2
      vertex 6.92234 18.7638 0
      vertex 6.18034 19.0211 0
    endloop
  endfacet
  facet normal 0.664237 0.747522 -0
    outer loop
      vertex 13.576 14.6865 0
      vertex 12.989 15.2081 2
      vertex 13.576 14.6865 2
    endloop
  endfacet
  facet normal 0.664237 0.747522 0
    outer loop
      vertex 12.989 15.2081 2
      vertex 13.576 14.6865 0
      vertex 12.989 15.2081 0
    endloop
  endfacet
  facet normal 0.634367 0.773032 -0
    outer loop
      vertex 12.989 15.2081 0
      vertex 12.3819 15.7063 2
      vertex 12.989 15.2081 2
    endloop
  endfacet
  facet normal 0.634367 0.773032 0
    outer loop
      vertex 12.3819 15.7063 2
      vertex 12.989 15.2081 0
      vertex 12.3819 15.7063 0
    endloop
  endfacet
  facet normal 0.436476 0.899716 -0
    outer loop
      vertex 9.07981 17.8201 0
      vertex 8.37319 18.1629 2
      vertex 9.07981 17.8201 2
    endloop
  endfacet
  facet normal 0.436476 0.899716 0
    outer loop
      vertex 8.37319 18.1629 2
      vertex 9.07981 17.8201 0
      vertex 8.37319 18.1629 0
    endloop
  endfacet
  facet normal 0.916199 0.400723 0
    outer loop
      vertex 18.4776 7.65367 2
      vertex 18.1629 8.37319 0
      vertex 18.1629 8.37319 2
    endloop
  endfacet
  facet normal 0.916199 0.400723 0
    outer loop
      vertex 18.1629 8.37319 0
      vertex 18.4776 7.65367 2
      vertex 18.4776 7.65367 0
    endloop
  endfacet
  facet normal 0.773032 0.634367 0
    outer loop
      vertex 15.7063 12.3819 2
      vertex 15.2081 12.989 0
      vertex 15.2081 12.989 2
    endloop
  endfacet
  facet normal 0.773032 0.634367 0
    outer loop
      vertex 15.2081 12.989 0
      vertex 15.7063 12.3819 2
      vertex 15.7063 12.3819 0
    endloop
  endfacet
  facet normal -0.0589546 0.998261 0
    outer loop
      vertex -0.785196 19.9846 0
      vertex -1.56918 19.9383 2
      vertex -0.785196 19.9846 2
    endloop
  endfacet
  facet normal -0.0589546 0.998261 0
    outer loop
      vertex -1.56918 19.9383 2
      vertex -0.785196 19.9846 0
      vertex -1.56918 19.9383 0
    endloop
  endfacet
  facet normal -0.290315 0.956931 0
    outer loop
      vertex -5.42881 19.2491 0
      vertex -6.18034 19.0211 2
      vertex -5.42881 19.2491 2
    endloop
  endfacet
  facet normal -0.290315 0.956931 0
    outer loop
      vertex -6.18034 19.0211 2
      vertex -5.42881 19.2491 0
      vertex -6.18034 19.0211 0
    endloop
  endfacet
  facet normal -0.400723 0.916199 0
    outer loop
      vertex -7.65367 18.4776 0
      vertex -8.37319 18.1629 2
      vertex -7.65367 18.4776 2
    endloop
  endfacet
  facet normal -0.400723 0.916199 0
    outer loop
      vertex -8.37319 18.1629 2
      vertex -7.65367 18.4776 0
      vertex -8.37319 18.1629 0
    endloop
  endfacet
  facet normal -0.634367 0.773032 0
    outer loop
      vertex -12.3819 15.7063 0
      vertex -12.989 15.2081 2
      vertex -12.3819 15.7063 2
    endloop
  endfacet
  facet normal -0.634367 0.773032 0
    outer loop
      vertex -12.989 15.2081 2
      vertex -12.3819 15.7063 0
      vertex -12.989 15.2081 0
    endloop
  endfacet
  facet normal -0.944807 0.327627 0
    outer loop
      vertex -19.0211 6.18034 0
      vertex -18.7638 6.92234 2
      vertex -18.7638 6.92234 0
    endloop
  endfacet
  facet normal -0.944807 0.327627 0
    outer loop
      vertex -18.7638 6.92234 2
      vertex -19.0211 6.18034 0
      vertex -19.0211 6.18034 2
    endloop
  endfacet
  facet normal -0.995194 0.0979189 0
    outer loop
      vertex -19.9383 1.56918 0
      vertex -19.8614 2.35075 2
      vertex -19.8614 2.35075 0
    endloop
  endfacet
  facet normal -0.995194 0.0979189 0
    outer loop
      vertex -19.8614 2.35075 2
      vertex -19.9383 1.56918 0
      vertex -19.9383 1.56918 2
    endloop
  endfacet
  facet normal -0.899716 0.436476 0
    outer loop
      vertex -18.1629 8.37319 0
      vertex -17.8201 9.07981 2
      vertex -17.8201 9.07981 0
    endloop
  endfacet
  facet normal -0.899716 0.436476 0
    outer loop
      vertex -17.8201 9.07981 2
      vertex -18.1629 8.37319 0
      vertex -18.1629 8.37319 2
    endloop
  endfacet
  facet normal -0.747522 0.664237 0
    outer loop
      vertex -15.2081 12.989 0
      vertex -14.6865 13.576 2
      vertex -14.6865 13.576 0
    endloop
  endfacet
  facet normal -0.747522 0.664237 0
    outer loop
      vertex -14.6865 13.576 2
      vertex -15.2081 12.989 0
      vertex -15.2081 12.989 2
    endloop
  endfacet
  facet normal 0.999808 0.0196092 0
    outer loop
      vertex 20 0 2
      vertex 19.9846 0.785196 0
      vertex 19.9846 0.785196 2
    endloop
  endfacet
  facet normal 0.999808 0.0196092 0
    outer loop
      vertex 19.9846 0.785196 0
      vertex 20 0 2
      vertex 20 0 0
    endloop
  endfacet
  facet normal 0 -1 0
    outer loop
      vertex 0.378815 -7.91475 0
      vertex 0.419769 -7.91475 2
      vertex 0.378815 -7.91475 2
    endloop
  endfacet
  facet normal 0 -1 -0
    outer loop
      vertex 0.419769 -7.91475 2
      vertex 0.378815 -7.91475 0
      vertex 0.419769 -7.91475 0
    endloop
  endfacet
  facet normal -0.707176 -0.707038 0
    outer loop
      vertex 0.501663 -7.99666 0
      vertex 0.419769 -7.91475 2
      vertex 0.419769 -7.91475 0
    endloop
  endfacet
  facet normal -0.707176 -0.707038 0
    outer loop
      vertex 0.419769 -7.91475 2
      vertex 0.501663 -7.99666 0
      vertex 0.501663 -7.99666 2
    endloop
  endfacet
  facet normal -1 0 0
    outer loop
      vertex 0.501663 -8.01707 0
      vertex 0.501663 -7.99666 2
      vertex 0.501663 -7.99666 0
    endloop
  endfacet
  facet normal -1 -0 0
    outer loop
      vertex 0.501663 -7.99666 2
      vertex 0.501663 -8.01707 0
      vertex 0.501663 -8.01707 2
    endloop
  endfacet
  facet normal -0.707486 -0.706728 0
    outer loop
      vertex 0.522171 -8.0376 0
      vertex 0.501663 -8.01707 2
      vertex 0.501663 -8.01707 0
    endloop
  endfacet
  facet normal -0.707486 -0.706728 0
    outer loop
      vertex 0.501663 -8.01707 2
      vertex 0.522171 -8.0376 0
      vertex 0.522171 -8.0376 2
    endloop
  endfacet
  facet normal -1 0 0
    outer loop
      vertex 0.522171 -8.05801 0
      vertex 0.522171 -8.0376 2
      vertex 0.522171 -8.0376 0
    endloop
  endfacet
  facet normal -1 -0 0
    outer loop
      vertex 0.522171 -8.0376 2
      vertex 0.522171 -8.05801 0
      vertex 0.522171 -8.05801 2
    endloop
  endfacet
  facet normal -0.708796 -0.705413 0
    outer loop
      vertex 0.542603 -8.07854 0
      vertex 0.522171 -8.05801 2
      vertex 0.522171 -8.05801 0
    endloop
  endfacet
  facet normal -0.708796 -0.705413 0
    outer loop
      vertex 0.522171 -8.05801 2
      vertex 0.542603 -8.07854 0
      vertex 0.542603 -8.07854 2
    endloop
  endfacet
  facet normal -1 0 0
    outer loop
      vertex 0.542603 -8.79526 0
      vertex 0.542603 -8.07854 2
      vertex 0.542603 -8.07854 0
    endloop
  endfacet
  facet normal -1 -0 0
    outer loop
      vertex 0.542603 -8.07854 2
      vertex 0.542603 -8.79526 0
      vertex 0.542603 -8.79526 2
    endloop
  endfacet
  facet normal -0.708625 0.705586 0
    outer loop
      vertex 0.522171 -8.81578 0
      vertex 0.542603 -8.79526 2
      vertex 0.542603 -8.79526 0
    endloop
  endfacet
  facet normal -0.708625 0.705586 0
    outer loop
      vertex 0.542603 -8.79526 2
      vertex 0.522171 -8.81578 0
      vertex 0.522171 -8.81578 2
    endloop
  endfacet
  facet normal -1 0 0
    outer loop
      vertex 0.522171 -8.85674 0
      vertex 0.522171 -8.81578 2
      vertex 0.522171 -8.81578 0
    endloop
  endfacet
  facet normal -1 -0 0
    outer loop
      vertex 0.522171 -8.81578 2
      vertex 0.522171 -8.85674 0
      vertex 0.522171 -8.85674 2
    endloop
  endfacet
  facet normal -0.705238 0.708971 0
    outer loop
      vertex 0.522171 -8.85674 0
      vertex 0.501663 -8.87714 2
      vertex 0.522171 -8.85674 2
    endloop
  endfacet
  facet normal -0.705238 0.708971 0
    outer loop
      vertex 0.501663 -8.87714 2
      vertex 0.522171 -8.85674 0
      vertex 0.501663 -8.87714 0
    endloop
  endfacet
  facet normal -1 0 0
    outer loop
      vertex 0.501663 -8.89767 0
      vertex 0.501663 -8.87714 2
      vertex 0.501663 -8.87714 0
    endloop
  endfacet
  facet normal -1 -0 0
    outer loop
      vertex 0.501663 -8.87714 2
      vertex 0.501663 -8.89767 0
      vertex 0.501663 -8.89767 2
    endloop
  endfacet
  facet normal -0.706433 0.70778 0
    outer loop
      vertex 0.501663 -8.89767 0
      vertex 0.440186 -8.95903 2
      vertex 0.501663 -8.89767 2
    endloop
  endfacet
  facet normal -0.706433 0.70778 0
    outer loop
      vertex 0.440186 -8.95903 2
      vertex 0.501663 -8.89767 0
      vertex 0.440186 -8.95903 0
    endloop
  endfacet
  facet normal 0 1 -0
    outer loop
      vertex 0.440186 -8.95903 0
      vertex 0.419769 -8.95903 2
      vertex 0.440186 -8.95903 2
    endloop
  endfacet
  facet normal 0 1 0
    outer loop
      vertex 0.419769 -8.95903 2
      vertex 0.440186 -8.95903 0
      vertex 0.419769 -8.95903 0
    endloop
  endfacet
  facet normal -0.707141 0.707072 0
    outer loop
      vertex 0.399231 -8.97957 0
      vertex 0.419769 -8.95903 2
      vertex 0.419769 -8.95903 0
    endloop
  endfacet
  facet normal -0.707141 0.707072 0
    outer loop
      vertex 0.419769 -8.95903 2
      vertex 0.399231 -8.97957 0
      vertex 0.399231 -8.97957 2
    endloop
  endfacet
  facet normal 0 1 -0
    outer loop
      vertex 0.399231 -8.97957 0
      vertex 0.358292 -8.97957 2
      vertex 0.399231 -8.97957 2
    endloop
  endfacet
  facet normal 0 1 0
    outer loop
      vertex 0.358292 -8.97957 2
      vertex 0.399231 -8.97957 0
      vertex 0.358292 -8.97957 0
    endloop
  endfacet
  facet normal -0.707332 0.706882 0
    outer loop
      vertex 0.337875 -9 0
      vertex 0.358292 -8.97957 2
      vertex 0.358292 -8.97957 0
    endloop
  endfacet
  facet normal -0.707332 0.706882 0
    outer loop
      vertex 0.358292 -8.97957 2
      vertex 0.337875 -9 0
      vertex 0.337875 -9 2
    endloop
  endfacet
  facet normal 0 1 -0
    outer loop
      vertex 0.337875 -9 0
      vertex -0.296921 -9 2
      vertex 0.337875 -9 2
    endloop
  endfacet
  facet normal 0 1 0
    outer loop
      vertex -0.296921 -9 2
      vertex 0.337875 -9 0
      vertex -0.296921 -9 0
    endloop
  endfacet
  facet normal 0.705499 0.708711 -0
    outer loop
      vertex -0.296921 -9 0
      vertex -0.317444 -8.97957 2
      vertex -0.296921 -9 2
    endloop
  endfacet
  facet normal 0.705499 0.708711 0
    outer loop
      vertex -0.317444 -8.97957 2
      vertex -0.296921 -9 0
      vertex -0.317444 -8.97957 0
    endloop
  endfacet
  facet normal 0 1 -0
    outer loop
      vertex -0.317444 -8.97957 0
      vertex -0.378815 -8.97957 2
      vertex -0.317444 -8.97957 2
    endloop
  endfacet
  facet normal 0 1 0
    outer loop
      vertex -0.378815 -8.97957 2
      vertex -0.317444 -8.97957 0
      vertex -0.378815 -8.97957 0
    endloop
  endfacet
  facet normal 0.707152 0.707062 0
    outer loop
      vertex -0.378815 -8.97957 2
      vertex -0.481232 -8.87714 0
      vertex -0.481232 -8.87714 2
    endloop
  endfacet
  facet normal 0.707152 0.707062 0
    outer loop
      vertex -0.481232 -8.87714 0
      vertex -0.378815 -8.97957 2
      vertex -0.378815 -8.97957 0
    endloop
  endfacet
  facet normal 1 -0 0
    outer loop
      vertex -0.481232 -8.87714 2
      vertex -0.481232 -8.85674 0
      vertex -0.481232 -8.85674 2
    endloop
  endfacet
  facet normal 1 0 0
    outer loop
      vertex -0.481232 -8.85674 0
      vertex -0.481232 -8.87714 2
      vertex -0.481232 -8.87714 0
    endloop
  endfacet
  facet normal 0.707399 0.706814 0
    outer loop
      vertex -0.481232 -8.85674 2
      vertex -0.501755 -8.8362 0
      vertex -0.501755 -8.8362 2
    endloop
  endfacet
  facet normal 0.707399 0.706814 0
    outer loop
      vertex -0.501755 -8.8362 0
      vertex -0.481232 -8.85674 2
      vertex -0.481232 -8.85674 0
    endloop
  endfacet
  facet normal 1 -0 0
    outer loop
      vertex -0.501755 -8.8362 2
      vertex -0.501755 -8.05801 0
      vertex -0.501755 -8.05801 2
    endloop
  endfacet
  facet normal 1 0 0
    outer loop
      vertex -0.501755 -8.05801 0
      vertex -0.501755 -8.8362 2
      vertex -0.501755 -8.8362 0
    endloop
  endfacet
  facet normal 0.705152 -0.709056 0
    outer loop
      vertex -0.501755 -8.05801 0
      vertex -0.481232 -8.0376 2
      vertex -0.501755 -8.05801 2
    endloop
  endfacet
  facet normal 0.705152 -0.709056 0
    outer loop
      vertex -0.481232 -8.0376 2
      vertex -0.501755 -8.05801 0
      vertex -0.481232 -8.0376 0
    endloop
  endfacet
  facet normal 1 -0 0
    outer loop
      vertex -0.481232 -8.0376 2
      vertex -0.481232 -8.01707 0
      vertex -0.481232 -8.01707 2
    endloop
  endfacet
  facet normal 1 0 0
    outer loop
      vertex -0.481232 -8.01707 0
      vertex -0.481232 -8.0376 2
      vertex -0.481232 -8.0376 0
    endloop
  endfacet
  facet normal 0.706986 -0.707228 0
    outer loop
      vertex -0.481232 -8.01707 2
      vertex -0.460815 -7.99666 0
      vertex -0.460815 -7.99666 2
    endloop
  endfacet
  facet normal 0.706986 -0.707228 0
    outer loop
      vertex -0.460815 -7.99666 0
      vertex -0.481232 -8.01707 2
      vertex -0.481232 -8.01707 0
    endloop
  endfacet
  facet normal 1 -0 0
    outer loop
      vertex -0.460815 -7.99666 2
      vertex -0.460815 -7.97612 0
      vertex -0.460815 -7.97612 2
    endloop
  endfacet
  facet normal 1 0 0
    outer loop
      vertex -0.460815 -7.97612 0
      vertex -0.460815 -7.99666 2
      vertex -0.460815 -7.99666 0
    endloop
  endfacet
  facet normal 0.706192 -0.70802 0
    outer loop
      vertex -0.460815 -7.97612 0
      vertex -0.419769 -7.93518 2
      vertex -0.460815 -7.97612 2
    endloop
  endfacet
  facet normal 0.706192 -0.70802 0
    outer loop
      vertex -0.419769 -7.93518 2
      vertex -0.460815 -7.97612 0
      vertex -0.419769 -7.93518 0
    endloop
  endfacet
  facet normal 0 -1 0
    outer loop
      vertex -0.419769 -7.93518 0
      vertex -0.399338 -7.93518 2
      vertex -0.419769 -7.93518 2
    endloop
  endfacet
  facet normal 0 -1 -0
    outer loop
      vertex -0.399338 -7.93518 2
      vertex -0.419769 -7.93518 0
      vertex -0.399338 -7.93518 0
    endloop
  endfacet
  facet normal 0.705499 -0.708711 0
    outer loop
      vertex -0.399338 -7.93518 0
      vertex -0.378815 -7.91475 2
      vertex -0.399338 -7.93518 2
    endloop
  endfacet
  facet normal 0.705499 -0.708711 0
    outer loop
      vertex -0.378815 -7.91475 2
      vertex -0.399338 -7.93518 0
      vertex -0.378815 -7.91475 0
    endloop
  endfacet
  facet normal 0 -1 0
    outer loop
      vertex -0.378815 -7.91475 0
      vertex -0.358383 -7.91475 2
      vertex -0.378815 -7.91475 2
    endloop
  endfacet
  facet normal 0 -1 -0
    outer loop
      vertex -0.358383 -7.91475 2
      vertex -0.378815 -7.91475 0
      vertex -0.358383 -7.91475 0
    endloop
  endfacet
  facet normal 0.707314 -0.7069 0
    outer loop
      vertex -0.358383 -7.91475 2
      vertex -0.337875 -7.89423 0
      vertex -0.337875 -7.89423 2
    endloop
  endfacet
  facet normal 0.707314 -0.7069 0
    outer loop
      vertex -0.337875 -7.89423 0
      vertex -0.358383 -7.91475 2
      vertex -0.358383 -7.91475 0
    endloop
  endfacet
  facet normal 0 -1 0
    outer loop
      vertex -0.337875 -7.89423 0
      vertex 0.358292 -7.89423 2
      vertex -0.337875 -7.89423 2
    endloop
  endfacet
  facet normal 0 -1 -0
    outer loop
      vertex 0.358292 -7.89423 2
      vertex -0.337875 -7.89423 0
      vertex 0.358292 -7.89423 0
    endloop
  endfacet
  facet normal -0.707055 -0.707158 0
    outer loop
      vertex 0.378815 -7.91475 0
      vertex 0.358292 -7.89423 2
      vertex 0.358292 -7.89423 0
    endloop
  endfacet
  facet normal -0.707055 -0.707158 0
    outer loop
      vertex 0.358292 -7.89423 2
      vertex 0.378815 -7.91475 0
      vertex 0.378815 -7.91475 2
    endloop
  endfacet
  facet normal -0.209531 -0.977802 0
    outer loop
      vertex 1.03407 8.95903 0
      vertex 2.75423 8.59042 2
      vertex 1.03407 8.95903 2
    endloop
  endfacet
  facet normal -0.209531 -0.977802 -0
    outer loop
      vertex 2.75423 8.59042 2
      vertex 1.03407 8.95903 0
      vertex 2.75423 8.59042 0
    endloop
  endfacet
  facet normal -0.393926 -0.919142 0
    outer loop
      vertex 2.75423 8.59042 0
      vertex 4.33102 7.91464 2
      vertex 2.75423 8.59042 2
    endloop
  endfacet
  facet normal -0.393926 -0.919142 -0
    outer loop
      vertex 4.33102 7.91464 2
      vertex 2.75423 8.59042 0
      vertex 4.33102 7.91464 0
    endloop
  endfacet
  facet normal -0.562636 -0.826704 0
    outer loop
      vertex 4.33102 7.91464 0
      vertex 5.8054 6.91121 2
      vertex 4.33102 7.91464 2
    endloop
  endfacet
  facet normal -0.562636 -0.826704 -0
    outer loop
      vertex 5.8054 6.91121 2
      vertex 4.33102 7.91464 0
      vertex 5.8054 6.91121 0
    endloop
  endfacet
  facet normal -0.707073 -0.707141 0
    outer loop
      vertex 5.8054 6.91121 0
      vertex 6.95221 5.76451 2
      vertex 5.8054 6.91121 2
    endloop
  endfacet
  facet normal -0.707073 -0.707141 -0
    outer loop
      vertex 6.95221 5.76451 2
      vertex 5.8054 6.91121 0
      vertex 6.95221 5.76451 0
    endloop
  endfacet
  facet normal -0.830294 -0.557326 0
    outer loop
      vertex 7.95566 4.26959 0
      vertex 6.95221 5.76451 2
      vertex 6.95221 5.76451 0
    endloop
  endfacet
  facet normal -0.830294 -0.557326 0
    outer loop
      vertex 6.95221 5.76451 2
      vertex 7.95566 4.26959 0
      vertex 7.95566 4.26959 2
    endloop
  endfacet
  facet normal -0.920973 -0.389626 0
    outer loop
      vertex 8.63142 2.67227 0
      vertex 7.95566 4.26959 2
      vertex 7.95566 4.26959 0
    endloop
  endfacet
  facet normal -0.920973 -0.389626 0
    outer loop
      vertex 7.95566 4.26959 2
      vertex 8.63142 2.67227 0
      vertex 8.63142 2.67227 2
    endloop
  endfacet
  facet normal -0.979664 -0.200644 0
    outer loop
      vertex 8.97952 0.972641 0
      vertex 8.63142 2.67227 2
      vertex 8.63142 2.67227 0
    endloop
  endfacet
  facet normal -0.979664 -0.200644 0
    outer loop
      vertex 8.63142 2.67227 2
      vertex 8.97952 0.972641 0
      vertex 8.97952 0.972641 2
    endloop
  endfacet
  facet normal -1 0 0
    outer loop
      vertex 8.97952 -0.993164 0
      vertex 8.97952 0.972641 2
      vertex 8.97952 0.972641 0
    endloop
  endfacet
  facet normal -1 -0 0
    outer loop
      vertex 8.97952 0.972641 2
      vertex 8.97952 -0.993164 0
      vertex 8.97952 -0.993164 2
    endloop
  endfacet
  facet normal -0.979182 0.202984 0
    outer loop
      vertex 8.63142 -2.67238 0
      vertex 8.97952 -0.993164 2
      vertex 8.97952 -0.993164 0
    endloop
  endfacet
  facet normal -0.979182 0.202984 0
    outer loop
      vertex 8.97952 -0.993164 2
      vertex 8.63142 -2.67238 0
      vertex 8.63142 -2.67238 2
    endloop
  endfacet
  facet normal -0.924926 0.380148 0
    outer loop
      vertex 8.01701 -4.16728 0
      vertex 8.63142 -2.67238 2
      vertex 8.63142 -2.67238 0
    endloop
  endfacet
  facet normal -0.924926 0.380148 0
    outer loop
      vertex 8.63142 -2.67238 2
      vertex 8.01701 -4.16728 0
      vertex 8.01701 -4.16728 2
    endloop
  endfacet
  facet normal -0.841591 0.540115 0
    outer loop
      vertex 7.13651 -5.53925 0
      vertex 8.01701 -4.16728 2
      vertex 8.01701 -4.16728 0
    endloop
  endfacet
  facet normal -0.841591 0.540115 0
    outer loop
      vertex 8.01701 -4.16728 2
      vertex 7.13651 -5.53925 0
      vertex 7.13651 -5.53925 2
    endloop
  endfacet
  facet normal -0.730678 0.682722 0
    outer loop
      vertex 5.96928 -6.78847 0
      vertex 7.13651 -5.53925 2
      vertex 7.13651 -5.53925 0
    endloop
  endfacet
  facet normal -0.730678 0.682722 0
    outer loop
      vertex 7.13651 -5.53925 2
      vertex 5.96928 -6.78847 0
      vertex 5.96928 -6.78847 2
    endloop
  endfacet
  facet normal -0.563317 0.826241 0
    outer loop
      vertex 5.96928 -6.78847 0
      vertex 4.16724 -8.01707 2
      vertex 5.96928 -6.78847 2
    endloop
  endfacet
  facet normal -0.563317 0.826241 0
    outer loop
      vertex 4.16724 -8.01707 2
      vertex 5.96928 -6.78847 0
      vertex 4.16724 -8.01707 0
    endloop
  endfacet
  facet normal -0.371404 0.928471 0
    outer loop
      vertex 4.16724 -8.01707 0
      vertex 2.52896 -8.67241 2
      vertex 4.16724 -8.01707 2
    endloop
  endfacet
  facet normal -0.371404 0.928471 0
    outer loop
      vertex 2.52896 -8.67241 2
      vertex 4.16724 -8.01707 0
      vertex 2.52896 -8.67241 0
    endloop
  endfacet
  facet normal 0.270778 0.962642 -0
    outer loop
      vertex 2.52896 -8.67241 0
      vertex 1.87372 -8.4881 2
      vertex 2.52896 -8.67241 2
    endloop
  endfacet
  facet normal 0.270778 0.962642 0
    outer loop
      vertex 1.87372 -8.4881 2
      vertex 2.52896 -8.67241 0
      vertex 1.87372 -8.4881 0
    endloop
  endfacet
  facet normal 1 -0 0
    outer loop
      vertex 1.87372 -8.4881 2
      vertex 1.87372 -7.79181 0
      vertex 1.87372 -7.79181 2
    endloop
  endfacet
  facet normal 1 0 0
    outer loop
      vertex 1.87372 -7.79181 0
      vertex 1.87372 -8.4881 2
      vertex 1.87372 -8.4881 0
    endloop
  endfacet
  facet normal 0.412513 -0.910952 0
    outer loop
      vertex 1.87372 -7.79181 0
      vertex 4.04428 -6.8089 2
      vertex 1.87372 -7.79181 2
    endloop
  endfacet
  facet normal 0.412513 -0.910952 0
    outer loop
      vertex 4.04428 -6.8089 2
      vertex 1.87372 -7.79181 0
      vertex 4.04428 -6.8089 0
    endloop
  endfacet
  facet normal 0.635998 -0.77169 0
    outer loop
      vertex 4.04428 -6.8089 0
      vertex 5.90782 -5.27304 2
      vertex 4.04428 -6.8089 2
    endloop
  endfacet
  facet normal 0.635998 -0.77169 0
    outer loop
      vertex 5.90782 -5.27304 2
      vertex 4.04428 -6.8089 0
      vertex 5.90782 -5.27304 0
    endloop
  endfacet
  facet normal 0.839561 -0.543266 0
    outer loop
      vertex 5.90782 -5.27304 2
      vertex 7.25937 -3.18436 0
      vertex 7.25937 -3.18436 2
    endloop
  endfacet
  facet normal 0.839561 -0.543266 0
    outer loop
      vertex 7.25937 -3.18436 0
      vertex 5.90782 -5.27304 2
      vertex 5.90782 -5.27304 0
    endloop
  endfacet
  facet normal 0.965371 -0.26088 0
    outer loop
      vertex 7.25937 -3.18436 2
      vertex 7.87364 -0.911285 0
      vertex 7.87364 -0.911285 2
    endloop
  endfacet
  facet normal 0.965371 -0.26088 0
    outer loop
      vertex 7.87364 -0.911285 0
      vertex 7.25937 -3.18436 2
      vertex 7.25937 -3.18436 0
    endloop
  endfacet
  facet normal 0.999636 0.02698 0
    outer loop
      vertex 7.87364 -0.911285 2
      vertex 7.81229 1.36179 0
      vertex 7.81229 1.36179 2
    endloop
  endfacet
  facet normal 0.999636 0.02698 0
    outer loop
      vertex 7.81229 1.36179 0
      vertex 7.87364 -0.911285 2
      vertex 7.87364 -0.911285 0
    endloop
  endfacet
  facet normal 0.958129 0.286338 0
    outer loop
      vertex 7.81229 1.36179 2
      vertex 7.27988 3.14331 0
      vertex 7.27988 3.14331 2
    endloop
  endfacet
  facet normal 0.958129 0.286338 0
    outer loop
      vertex 7.27988 3.14331 0
      vertex 7.81229 1.36179 2
      vertex 7.81229 1.36179 0
    endloop
  endfacet
  facet normal 0.855722 0.517436 0
    outer loop
      vertex 7.27988 3.14331 2
      vertex 6.21497 4.90443 0
      vertex 6.21497 4.90443 2
    endloop
  endfacet
  facet normal 0.855722 0.517436 0
    outer loop
      vertex 6.21497 4.90443 0
      vertex 7.27988 3.14331 2
      vertex 7.27988 3.14331 0
    endloop
  endfacet
  facet normal 0.688749 0.725 -0
    outer loop
      vertex 6.21497 4.90443 0
      vertex 4.5768 6.46069 2
      vertex 6.21497 4.90443 2
    endloop
  endfacet
  facet normal 0.688749 0.725 0
    outer loop
      vertex 4.5768 6.46069 2
      vertex 6.21497 4.90443 0
      vertex 4.5768 6.46069 0
    endloop
  endfacet
  facet normal 0.471647 0.881787 -0
    outer loop
      vertex 4.5768 6.46069 0
      vertex 2.8157 7.40266 2
      vertex 4.5768 6.46069 2
    endloop
  endfacet
  facet normal 0.471647 0.881787 0
    outer loop
      vertex 2.8157 7.40266 2
      vertex 4.5768 6.46069 0
      vertex 2.8157 7.40266 0
    endloop
  endfacet
  facet normal 0.242538 0.970142 -0
    outer loop
      vertex 2.8157 7.40266 0
      vertex 1.01364 7.85318 2
      vertex 2.8157 7.40266 2
    endloop
  endfacet
  facet normal 0.242538 0.970142 0
    outer loop
      vertex 1.01364 7.85318 2
      vertex 2.8157 7.40266 0
      vertex 1.01364 7.85318 0
    endloop
  endfacet
  facet normal -0.00959246 0.999954 0
    outer loop
      vertex 1.01364 7.85318 0
      vertex -1.11606 7.83275 2
      vertex 1.01364 7.85318 2
    endloop
  endfacet
  facet normal -0.00959246 0.999954 0
    outer loop
      vertex -1.11606 7.83275 2
      vertex 1.01364 7.85318 0
      vertex -1.11606 7.83275 0
    endloop
  endfacet
  facet normal -0.274708 0.961528 0
    outer loop
      vertex -1.11606 7.83275 0
      vertex -3.12285 7.25941 2
      vertex -1.11606 7.83275 2
    endloop
  endfacet
  facet normal -0.274708 0.961528 0
    outer loop
      vertex -3.12285 7.25941 2
      vertex -1.11606 7.83275 0
      vertex -3.12285 7.25941 0
    endloop
  endfacet
  facet normal -0.518738 0.854933 0
    outer loop
      vertex -3.12285 7.25941 0
      vertex -4.94542 6.15355 2
      vertex -3.12285 7.25941 2
    endloop
  endfacet
  facet normal -0.518738 0.854933 0
    outer loop
      vertex -4.94542 6.15355 2
      vertex -3.12285 7.25941 0
      vertex -4.94542 6.15355 0
    endloop
  endfacet
  facet normal -0.717577 0.69648 0
    outer loop
      vertex -6.29697 4.76106 0
      vertex -4.94542 6.15355 2
      vertex -4.94542 6.15355 0
    endloop
  endfacet
  facet normal -0.717577 0.69648 0
    outer loop
      vertex -4.94542 6.15355 2
      vertex -6.29697 4.76106 0
      vertex -6.29697 4.76106 2
    endloop
  endfacet
  facet normal -0.86886 0.495058 0
    outer loop
      vertex -7.30042 2.99994 0
      vertex -6.29697 4.76106 2
      vertex -6.29697 4.76106 0
    endloop
  endfacet
  facet normal -0.86886 0.495058 0
    outer loop
      vertex -6.29697 4.76106 2
      vertex -7.30042 2.99994 0
      vertex -7.30042 2.99994 2
    endloop
  endfacet
  facet normal -0.97829 0.207238 0
    outer loop
      vertex -7.81229 0.583603 0
      vertex -7.30042 2.99994 2
      vertex -7.30042 2.99994 0
    endloop
  endfacet
  facet normal -0.97829 0.207238 0
    outer loop
      vertex -7.30042 2.99994 2
      vertex -7.81229 0.583603 0
      vertex -7.81229 0.583603 2
    endloop
  endfacet
  facet normal 0.0293338 -0.99957 0
    outer loop
      vertex -7.81229 0.583603 0
      vertex -7.11609 0.604034 2
      vertex -7.81229 0.583603 2
    endloop
  endfacet
  facet normal 0.0293338 -0.99957 0
    outer loop
      vertex -7.11609 0.604034 2
      vertex -7.81229 0.583603 0
      vertex -7.11609 0.604034 0
    endloop
  endfacet
  facet normal 0.978304 -0.207174 0
    outer loop
      vertex -7.11609 0.604034 2
      vertex -6.74747 2.34471 0
      vertex -6.74747 2.34471 2
    endloop
  endfacet
  facet normal 0.978304 -0.207174 0
    outer loop
      vertex -6.74747 2.34471 0
      vertex -7.11609 0.604034 2
      vertex -7.11609 0.604034 0
    endloop
  endfacet
  facet normal 0.886399 -0.462921 0
    outer loop
      vertex -6.74747 2.34471 2
      vertex -5.78497 4.1877 0
      vertex -5.78497 4.1877 2
    endloop
  endfacet
  facet normal 0.886399 -0.462921 0
    outer loop
      vertex -5.78497 4.1877 0
      vertex -6.74747 2.34471 2
      vertex -6.74747 2.34471 0
    endloop
  endfacet
  facet normal 0.729182 -0.68432 0
    outer loop
      vertex -5.78497 4.1877 2
      vertex -4.53584 5.51872 0
      vertex -4.53584 5.51872 2
    endloop
  endfacet
  facet normal 0.729182 -0.68432 0
    outer loop
      vertex -4.53584 5.51872 0
      vertex -5.78497 4.1877 2
      vertex -5.78497 4.1877 0
    endloop
  endfacet
  facet normal 0.521888 -0.853014 0
    outer loop
      vertex -4.53584 5.51872 0
      vertex -2.79527 6.58363 2
      vertex -4.53584 5.51872 2
    endloop
  endfacet
  facet normal 0.521888 -0.853014 0
    outer loop
      vertex -2.79527 6.58363 2
      vertex -4.53584 5.51872 0
      vertex -2.79527 6.58363 0
    endloop
  endfacet
  facet normal 0.268798 -0.963197 0
    outer loop
      vertex -2.79527 6.58363 0
      vertex -1.03416 7.0751 2
      vertex -2.79527 6.58363 2
    endloop
  endfacet
  facet normal 0.268798 -0.963197 0
    outer loop
      vertex -1.03416 7.0751 2
      vertex -2.79527 6.58363 0
      vertex -1.03416 7.0751 0
    endloop
  endfacet
  facet normal 0.0229733 -0.999736 0
    outer loop
      vertex -1.03416 7.0751 0
      vertex 0.747437 7.11604 2
      vertex -1.03416 7.0751 2
    endloop
  endfacet
  facet normal 0.0229733 -0.999736 0
    outer loop
      vertex 0.747437 7.11604 2
      vertex -1.03416 7.0751 0
      vertex 0.747437 7.11604 0
    endloop
  endfacet
  facet normal -0.212941 -0.977065 0
    outer loop
      vertex 0.747437 7.11604 0
      vertex 2.34467 6.76794 2
      vertex 0.747437 7.11604 2
    endloop
  endfacet
  facet normal -0.212941 -0.977065 -0
    outer loop
      vertex 2.34467 6.76794 2
      vertex 0.747437 7.11604 0
      vertex 2.34467 6.76794 0
    endloop
  endfacet
  facet normal -0.447209 -0.894429 0
    outer loop
      vertex 2.34467 6.76794 0
      vertex 3.98293 5.94882 2
      vertex 2.34467 6.76794 2
    endloop
  endfacet
  facet normal -0.447209 -0.894429 -0
    outer loop
      vertex 3.98293 5.94882 2
      vertex 2.34467 6.76794 0
      vertex 3.98293 5.94882 0
    endloop
  endfacet
  facet normal -0.66305 -0.748575 0
    outer loop
      vertex 3.98293 5.94882 0
      vertex 5.41635 4.67917 2
      vertex 3.98293 5.94882 2
    endloop
  endfacet
  facet normal -0.66305 -0.748575 -0
    outer loop
      vertex 5.41635 4.67917 2
      vertex 3.98293 5.94882 0
      vertex 5.41635 4.67917 0
    endloop
  endfacet
  facet normal -0.836782 -0.547536 0
    outer loop
      vertex 6.50169 3.02048 0
      vertex 5.41635 4.67917 2
      vertex 5.41635 4.67917 0
    endloop
  endfacet
  facet normal -0.836782 -0.547536 0
    outer loop
      vertex 5.41635 4.67917 2
      vertex 6.50169 3.02048 0
      vertex 6.50169 3.02048 2
    endloop
  endfacet
  facet normal -0.951038 -0.309073 0
    outer loop
      vertex 7.0341 1.38222 0
      vertex 6.50169 3.02048 2
      vertex 6.50169 3.02048 0
    endloop
  endfacet
  facet normal -0.951038 -0.309073 0
    outer loop
      vertex 6.50169 3.02048 2
      vertex 7.0341 1.38222 0
      vertex 7.0341 1.38222 2
    endloop
  endfacet
  facet normal -0.998727 -0.0504511 0
    outer loop
      vertex 7.13651 -0.645081 0
      vertex 7.0341 1.38222 2
      vertex 7.0341 1.38222 0
    endloop
  endfacet
  facet normal -0.998727 -0.0504511 0
    outer loop
      vertex 7.0341 1.38222 2
      vertex 7.13651 -0.645081 0
      vertex 7.13651 -0.645081 2
    endloop
  endfacet
  facet normal -0.976964 0.213404 0
    outer loop
      vertex 6.74736 -2.42661 0
      vertex 7.13651 -0.645081 2
      vertex 7.13651 -0.645081 0
    endloop
  endfacet
  facet normal -0.976964 0.213404 0
    outer loop
      vertex 7.13651 -0.645081 2
      vertex 6.74736 -2.42661 0
      vertex 6.74736 -2.42661 2
    endloop
  endfacet
  facet normal -0.892105 0.451829 0
    outer loop
      vertex 5.94876 -4.00339 0
      vertex 6.74736 -2.42661 2
      vertex 6.74736 -2.42661 0
    endloop
  endfacet
  facet normal -0.892105 0.451829 0
    outer loop
      vertex 6.74736 -2.42661 2
      vertex 5.94876 -4.00339 0
      vertex 5.94876 -4.00339 2
    endloop
  endfacet
  facet normal -0.749827 0.661634 0
    outer loop
      vertex 4.72006 -5.39587 0
      vertex 5.94876 -4.00339 2
      vertex 5.94876 -4.00339 0
    endloop
  endfacet
  facet normal -0.749827 0.661634 0
    outer loop
      vertex 5.94876 -4.00339 2
      vertex 4.72006 -5.39587 0
      vertex 4.72006 -5.39587 2
    endloop
  endfacet
  facet normal -0.541278 0.840844 0
    outer loop
      vertex 4.72006 -5.39587 0
      vertex 2.93854 -6.54269 2
      vertex 4.72006 -5.39587 2
    endloop
  endfacet
  facet normal -0.541278 0.840844 0
    outer loop
      vertex 2.93854 -6.54269 2
      vertex 4.72006 -5.39587 0
      vertex 2.93854 -6.54269 0
    endloop
  endfacet
  facet normal -0.286335 0.958129 0
    outer loop
      vertex 2.93854 -6.54269 0
      vertex 1.157 -7.0751 2
      vertex 2.93854 -6.54269 2
    endloop
  endfacet
  facet normal -0.286335 0.958129 0
    outer loop
      vertex 1.157 -7.0751 2
      vertex 2.93854 -6.54269 0
      vertex 1.157 -7.0751 0
    endloop
  endfacet
  facet normal -0.0676294 0.997711 0
    outer loop
      vertex 1.157 -7.0751 0
      vertex -0.051239 -7.157 2
      vertex 1.157 -7.0751 2
    endloop
  endfacet
  facet normal -0.0676294 0.997711 0
    outer loop
      vertex -0.051239 -7.157 2
      vertex 1.157 -7.0751 0
      vertex -0.051239 -7.157 0
    endloop
  endfacet
  facet normal 0.467972 0.883744 -0
    outer loop
      vertex -0.051239 -7.157 0
      vertex -0.399338 -6.97267 2
      vertex -0.051239 -7.157 2
    endloop
  endfacet
  facet normal 0.467972 0.883744 0
    outer loop
      vertex -0.399338 -6.97267 2
      vertex -0.051239 -7.157 0
      vertex -0.399338 -6.97267 0
    endloop
  endfacet
  facet normal 0.999592 0.0285679 0
    outer loop
      vertex -0.399338 -6.97267 2
      vertex -0.501755 -3.3891 0
      vertex -0.501755 -3.3891 2
    endloop
  endfacet
  facet normal 0.999592 0.0285679 0
    outer loop
      vertex -0.501755 -3.3891 0
      vertex -0.399338 -6.97267 2
      vertex -0.399338 -6.97267 0
    endloop
  endfacet
  facet normal 0.371395 0.928475 -0
    outer loop
      vertex -0.501755 -3.3891 0
      vertex -1.62804 -2.93858 2
      vertex -0.501755 -3.3891 2
    endloop
  endfacet
  facet normal 0.371395 0.928475 0
    outer loop
      vertex -1.62804 -2.93858 2
      vertex -0.501755 -3.3891 0
      vertex -1.62804 -2.93858 0
    endloop
  endfacet
  facet normal 0.633255 0.773943 -0
    outer loop
      vertex -1.62804 -2.93858 0
      vertex -2.52907 -2.20134 2
      vertex -1.62804 -2.93858 2
    endloop
  endfacet
  facet normal 0.633255 0.773943 0
    outer loop
      vertex -2.52907 -2.20134 2
      vertex -1.62804 -2.93858 0
      vertex -2.52907 -2.20134 0
    endloop
  endfacet
  facet normal 0.846907 0.531742 0
    outer loop
      vertex -2.52907 -2.20134 2
      vertex -3.08191 -1.32083 0
      vertex -3.08191 -1.32083 2
    endloop
  endfacet
  facet normal 0.846907 0.531742 0
    outer loop
      vertex -3.08191 -1.32083 0
      vertex -2.52907 -2.20134 2
      vertex -2.52907 -2.20134 0
    endloop
  endfacet
  facet normal 0.979368 0.202083 0
    outer loop
      vertex -3.08191 -1.32083 2
      vertex -3.3481 -0.030777 0
      vertex -3.3481 -0.030777 2
    endloop
  endfacet
  facet normal 0.979368 0.202083 0
    outer loop
      vertex -3.3481 -0.030777 0
      vertex -3.08191 -1.32083 2
      vertex -3.08191 -1.32083 0
    endloop
  endfacet
  facet normal 0.970155 -0.242484 0
    outer loop
      vertex -3.3481 -0.030777 2
      vertex -2.93863 1.60747 0
      vertex -2.93863 1.60747 2
    endloop
  endfacet
  facet normal 0.970155 -0.242484 0
    outer loop
      vertex -2.93863 1.60747 0
      vertex -3.3481 -0.030777 2
      vertex -3.3481 -0.030777 0
    endloop
  endfacet
  facet normal 0.712639 -0.701531 0
    outer loop
      vertex -2.93863 1.60747 2
      vertex -1.64847 2.91806 0
      vertex -1.64847 2.91806 2
    endloop
  endfacet
  facet normal 0.712639 -0.701531 0
    outer loop
      vertex -1.64847 2.91806 0
      vertex -2.93863 1.60747 2
      vertex -2.93863 1.60747 0
    endloop
  endfacet
  facet normal 0.367633 -0.929971 0
    outer loop
      vertex -1.64847 2.91806 0
      vertex -0.76796 3.26614 2
      vertex -1.64847 2.91806 2
    endloop
  endfacet
  facet normal 0.367633 -0.929971 0
    outer loop
      vertex -0.76796 3.26614 2
      vertex -1.64847 2.91806 0
      vertex -0.76796 3.26614 0
    endloop
  endfacet
  facet normal 0.0752493 -0.997165 0
    outer loop
      vertex -0.76796 3.26614 0
      vertex 0.317337 3.34804 2
      vertex -0.76796 3.26614 2
    endloop
  endfacet
  facet normal 0.0752493 -0.997165 0
    outer loop
      vertex 0.317337 3.34804 2
      vertex -0.76796 3.26614 0
      vertex 0.317337 3.34804 0
    endloop
  endfacet
  facet normal -0.307815 -0.951446 0
    outer loop
      vertex 0.317337 3.34804 0
      vertex 1.70982 2.89754 2
      vertex 0.317337 3.34804 2
    endloop
  endfacet
  facet normal -0.307815 -0.951446 -0
    outer loop
      vertex 1.70982 2.89754 2
      vertex 0.317337 3.34804 0
      vertex 1.70982 2.89754 0
    endloop
  endfacet
  facet normal -0.728192 -0.685373 0
    outer loop
      vertex 3.02043 1.50505 0
      vertex 1.70982 2.89754 2
      vertex 1.70982 2.89754 0
    endloop
  endfacet
  facet normal -0.728192 -0.685373 0
    outer loop
      vertex 1.70982 2.89754 2
      vertex 3.02043 1.50505 0
      vertex 3.02043 1.50505 2
    endloop
  endfacet
  facet normal -0.96213 -0.272591 0
    outer loop
      vertex 3.36852 0.276443 0
      vertex 3.02043 1.50505 2
      vertex 3.02043 1.50505 0
    endloop
  endfacet
  facet normal -0.96213 -0.272591 0
    outer loop
      vertex 3.02043 1.50505 2
      vertex 3.36852 0.276443 0
      vertex 3.36852 0.276443 2
    endloop
  endfacet
  facet normal -0.944524 0.328443 0
    outer loop
      vertex 3.20474 -0.19455 0
      vertex 3.36852 0.276443 2
      vertex 3.36852 0.276443 0
    endloop
  endfacet
  facet normal -0.944524 0.328443 0
    outer loop
      vertex 3.36852 0.276443 2
      vertex 3.20474 -0.19455 0
      vertex 3.20474 -0.19455 2
    endloop
  endfacet
  facet normal 0.107441 0.994211 -0
    outer loop
      vertex 3.20474 -0.19455 0
      vertex 2.44707 -0.112671 2
      vertex 3.20474 -0.19455 2
    endloop
  endfacet
  facet normal 0.107441 0.994211 0
    outer loop
      vertex 2.44707 -0.112671 2
      vertex 3.20474 -0.19455 0
      vertex 2.44707 -0.112671 0
    endloop
  endfacet
  facet normal 0.956472 0.291824 0
    outer loop
      vertex 2.44707 -0.112671 2
      vertex 2.07846 1.09547 0
      vertex 2.07846 1.09547 2
    endloop
  endfacet
  facet normal 0.956472 0.291824 0
    outer loop
      vertex 2.07846 1.09547 0
      vertex 2.44707 -0.112671 2
      vertex 2.44707 -0.112671 0
    endloop
  endfacet
  facet normal 0.742425 0.669929 0
    outer loop
      vertex 2.07846 1.09547 2
      vertex 1.32079 1.93513 0
      vertex 1.32079 1.93513 2
    endloop
  endfacet
  facet normal 0.742425 0.669929 0
    outer loop
      vertex 1.32079 1.93513 0
      vertex 2.07846 1.09547 2
      vertex 2.07846 1.09547 0
    endloop
  endfacet
  facet normal 0.242521 0.970146 -0
    outer loop
      vertex 1.32079 1.93513 0
      vertex -0.23555 2.32419 2
      vertex 1.32079 1.93513 2
    endloop
  endfacet
  facet normal 0.242521 0.970146 0
    outer loop
      vertex -0.23555 2.32419 2
      vertex 1.32079 1.93513 0
      vertex -0.23555 2.32419 0
    endloop
  endfacet
  facet normal -0.316237 0.94868 0
    outer loop
      vertex -0.23555 2.32419 0
      vertex -1.157 2.01703 2
      vertex -0.23555 2.32419 2
    endloop
  endfacet
  facet normal -0.316237 0.94868 0
    outer loop
      vertex -1.157 2.01703 2
      vertex -0.23555 2.32419 0
      vertex -1.157 2.01703 0
    endloop
  endfacet
  facet normal -0.675707 0.737171 0
    outer loop
      vertex -1.157 2.01703 0
      vertex -1.89424 1.34126 2
      vertex -1.157 2.01703 2
    endloop
  endfacet
  facet normal -0.675707 0.737171 0
    outer loop
      vertex -1.89424 1.34126 2
      vertex -1.157 2.01703 0
      vertex -1.89424 1.34126 0
    endloop
  endfacet
  facet normal -0.921271 0.388921 0
    outer loop
      vertex -2.28328 0.419708 0
      vertex -1.89424 1.34126 2
      vertex -1.89424 1.34126 0
    endloop
  endfacet
  facet normal -0.921271 0.388921 0
    outer loop
      vertex -1.89424 1.34126 2
      vertex -2.28328 0.419708 0
      vertex -2.28328 0.419708 2
    endloop
  endfacet
  facet normal -0.997548 -0.0699794 0
    outer loop
      vertex -2.2014 -0.747482 0
      vertex -2.28328 0.419708 2
      vertex -2.28328 0.419708 0
    endloop
  endfacet
  facet normal -0.997548 -0.0699794 0
    outer loop
      vertex -2.28328 0.419708 2
      vertex -2.2014 -0.747482 0
      vertex -2.2014 -0.747482 2
    endloop
  endfacet
  facet normal -0.779604 -0.626272 0
    outer loop
      vertex -1.19795 -1.99661 0
      vertex -2.2014 -0.747482 2
      vertex -2.2014 -0.747482 0
    endloop
  endfacet
  facet normal -0.779604 -0.626272 0
    outer loop
      vertex -2.2014 -0.747482 2
      vertex -1.19795 -1.99661 0
      vertex -1.19795 -1.99661 2
    endloop
  endfacet
  facet normal -0.288431 -0.957501 0
    outer loop
      vertex -1.19795 -1.99661 0
      vertex 0.501663 -2.50859 2
      vertex -1.19795 -1.99661 2
    endloop
  endfacet
  facet normal -0.288431 -0.957501 -0
    outer loop
      vertex 0.501663 -2.50859 2
      vertex -1.19795 -1.99661 0
      vertex 0.501663 -2.50859 0
    endloop
  endfacet
  facet normal -0.999844 -0.0176574 0
    outer loop
      vertex 0.563141 -5.98976 0
      vertex 0.501663 -2.50859 2
      vertex 0.501663 -2.50859 0
    endloop
  endfacet
  facet normal -0.999844 -0.0176574 0
    outer loop
      vertex 0.501663 -2.50859 2
      vertex 0.563141 -5.98976 0
      vertex 0.563141 -5.98976 2
    endloop
  endfacet
  facet normal 0.193623 -0.981076 0
    outer loop
      vertex 0.563141 -5.98976 0
      vertex 2.1194 -5.68262 2
      vertex 0.563141 -5.98976 2
    endloop
  endfacet
  facet normal 0.193623 -0.981076 0
    outer loop
      vertex 2.1194 -5.68262 2
      vertex 0.563141 -5.98976 0
      vertex 2.1194 -5.68262 0
    endloop
  endfacet
  facet normal 0.505715 -0.862701 0
    outer loop
      vertex 2.1194 -5.68262 0
      vertex 3.90103 -4.63823 2
      vertex 2.1194 -5.68262 2
    endloop
  endfacet
  facet normal 0.505715 -0.862701 0
    outer loop
      vertex 3.90103 -4.63823 2
      vertex 2.1194 -5.68262 0
      vertex 3.90103 -4.63823 0
    endloop
  endfacet
  facet normal 0.727812 -0.685777 0
    outer loop
      vertex 3.90103 -4.63823 2
      vertex 4.90437 -3.57339 0
      vertex 4.90437 -3.57339 2
    endloop
  endfacet
  facet normal 0.727812 -0.685777 0
    outer loop
      vertex 4.90437 -3.57339 0
      vertex 3.90103 -4.63823 2
      vertex 3.90103 -4.63823 0
    endloop
  endfacet
  facet normal 0.874784 -0.484513 0
    outer loop
      vertex 4.90437 -3.57339 2
      vertex 5.64162 -2.24229 0
      vertex 5.64162 -2.24229 2
    endloop
  endfacet
  facet normal 0.874784 -0.484513 0
    outer loop
      vertex 5.64162 -2.24229 0
      vertex 4.90437 -3.57339 2
      vertex 4.90437 -3.57339 0
    endloop
  endfacet
  facet normal 0.970148 -0.242514 0
    outer loop
      vertex 5.64162 -2.24229 2
      vertex 6.03065 -0.68602 0
      vertex 6.03065 -0.68602 2
    endloop
  endfacet
  facet normal 0.970148 -0.242514 0
    outer loop
      vertex 6.03065 -0.68602 0
      vertex 5.64162 -2.24229 2
      vertex 5.64162 -2.24229 0
    endloop
  endfacet
  facet normal 1 -0 0
    outer loop
      vertex 6.03065 -0.68602 2
      vertex 6.03065 0.68602 0
      vertex 6.03065 0.68602 2
    endloop
  endfacet
  facet normal 1 0 0
    outer loop
      vertex 6.03065 0.68602 0
      vertex 6.03065 -0.68602 2
      vertex 6.03065 -0.68602 0
    endloop
  endfacet
  facet normal 0.973429 0.22899 0
    outer loop
      vertex 6.03065 0.68602 2
      vertex 5.70308 2.07851 0
      vertex 5.70308 2.07851 2
    endloop
  endfacet
  facet normal 0.973429 0.22899 0
    outer loop
      vertex 5.70308 2.07851 0
      vertex 6.03065 0.68602 2
      vertex 6.03065 0.68602 0
    endloop
  endfacet
  facet normal 0.894394 0.447281 0
    outer loop
      vertex 5.70308 2.07851 2
      vertex 5.08867 3.3071 0
      vertex 5.08867 3.3071 2
    endloop
  endfacet
  facet normal 0.894394 0.447281 0
    outer loop
      vertex 5.08867 3.3071 0
      vertex 5.70308 2.07851 2
      vertex 5.70308 2.07851 0
    endloop
  endfacet
  facet normal 0.755708 0.654908 0
    outer loop
      vertex 5.08867 3.3071 2
      vertex 4.02386 4.5358 0
      vertex 4.02386 4.5358 2
    endloop
  endfacet
  facet normal 0.755708 0.654908 0
    outer loop
      vertex 4.02386 4.5358 0
      vertex 5.08867 3.3071 2
      vertex 5.08867 3.3071 0
    endloop
  endfacet
  facet normal 0.575485 0.817813 -0
    outer loop
      vertex 4.02386 4.5358 0
      vertex 2.918 5.31398 2
      vertex 4.02386 4.5358 2
    endloop
  endfacet
  facet normal 0.575485 0.817813 0
    outer loop
      vertex 2.918 5.31398 2
      vertex 4.02386 4.5358 0
      vertex 2.918 5.31398 0
    endloop
  endfacet
  facet normal 0.369062 0.929405 -0
    outer loop
      vertex 2.918 5.31398 0
      vertex 1.52551 5.86693 2
      vertex 2.918 5.31398 2
    endloop
  endfacet
  facet normal 0.369062 0.929405 0
    outer loop
      vertex 1.52551 5.86693 2
      vertex 2.918 5.31398 0
      vertex 1.52551 5.86693 0
    endloop
  endfacet
  facet normal 0.137078 0.99056 -0
    outer loop
      vertex 1.52551 5.86693 0
      vertex 0.194504 6.05112 2
      vertex 1.52551 5.86693 2
    endloop
  endfacet
  facet normal 0.137078 0.99056 0
    outer loop
      vertex 0.194504 6.05112 2
      vertex 1.52551 5.86693 0
      vertex 0.194504 6.05112 0
    endloop
  endfacet
  facet normal -0.0853857 0.996348 0
    outer loop
      vertex 0.194504 6.05112 0
      vertex -1.23889 5.92828 2
      vertex 0.194504 6.05112 2
    endloop
  endfacet
  facet normal -0.0853857 0.996348 0
    outer loop
      vertex -1.23889 5.92828 2
      vertex 0.194504 6.05112 0
      vertex -1.23889 5.92828 0
    endloop
  endfacet
  facet normal -0.328498 0.944505 0
    outer loop
      vertex -1.23889 5.92828 0
      vertex -2.65192 5.43683 2
      vertex -1.23889 5.92828 2
    endloop
  endfacet
  facet normal -0.328498 0.944505 0
    outer loop
      vertex -2.65192 5.43683 2
      vertex -1.23889 5.92828 0
      vertex -2.65192 5.43683 0
    endloop
  endfacet
  facet normal -0.568004 0.823026 0
    outer loop
      vertex -2.65192 5.43683 0
      vertex -4.10587 4.4334 2
      vertex -2.65192 5.43683 2
    endloop
  endfacet
  facet normal -0.568004 0.823026 0
    outer loop
      vertex -4.10587 4.4334 2
      vertex -2.65192 5.43683 0
      vertex -4.10587 4.4334 0
    endloop
  endfacet
  facet normal -0.781963 0.623325 0
    outer loop
      vertex -5.23215 3.02048 0
      vertex -4.10587 4.4334 2
      vertex -4.10587 4.4334 0
    endloop
  endfacet
  facet normal -0.781963 0.623325 0
    outer loop
      vertex -4.10587 4.4334 2
      vertex -5.23215 3.02048 0
      vertex -5.23215 3.02048 2
    endloop
  endfacet
  facet normal -0.926753 0.375672 0
    outer loop
      vertex -5.84645 1.50505 0
      vertex -5.23215 3.02048 2
      vertex -5.23215 3.02048 0
    endloop
  endfacet
  facet normal -0.926753 0.375672 0
    outer loop
      vertex -5.23215 3.02048 2
      vertex -5.84645 1.50505 0
      vertex -5.84645 1.50505 2
    endloop
  endfacet
  facet normal -0.987764 0.155958 0
    outer loop
      vertex -6.15359 -0.440231 0
      vertex -5.84645 1.50505 2
      vertex -5.84645 1.50505 0
    endloop
  endfacet
  facet normal -0.987764 0.155958 0
    outer loop
      vertex -5.84645 1.50505 2
      vertex -6.15359 -0.440231 0
      vertex -6.15359 -0.440231 2
    endloop
  endfacet
  facet normal -0.051251 0.998686 0
    outer loop
      vertex -6.15359 -0.440231 0
      vertex -8.54953 -0.563187 2
      vertex -6.15359 -0.440231 2
    endloop
  endfacet
  facet normal -0.051251 0.998686 0
    outer loop
      vertex -8.54953 -0.563187 2
      vertex -6.15359 -0.440231 0
      vertex -8.54953 -0.563187 0
    endloop
  endfacet
  facet normal 0.650867 0.759192 -0
    outer loop
      vertex -8.54953 -0.563187 0
      vertex -8.97952 -0.19455 2
      vertex -8.54953 -0.563187 2
    endloop
  endfacet
  facet normal 0.650867 0.759192 0
    outer loop
      vertex -8.97952 -0.19455 2
      vertex -8.54953 -0.563187 0
      vertex -8.97952 -0.19455 0
    endloop
  endfacet
  facet normal 0.990085 -0.14047 0
    outer loop
      vertex -8.97952 -0.19455 2
      vertex -8.54953 2.83617 0
      vertex -8.54953 2.83617 2
    endloop
  endfacet
  facet normal 0.990085 -0.14047 0
    outer loop
      vertex -8.54953 2.83617 0
      vertex -8.97952 -0.19455 2
      vertex -8.97952 -0.19455 0
    endloop
  endfacet
  facet normal 0.883285 -0.468837 0
    outer loop
      vertex -8.54953 2.83617 2
      vertex -7.13651 5.49829 0
      vertex -7.13651 5.49829 2
    endloop
  endfacet
  facet normal 0.883285 -0.468837 0
    outer loop
      vertex -7.13651 5.49829 0
      vertex -8.54953 2.83617 2
      vertex -8.54953 2.83617 0
    endloop
  endfacet
  facet normal 0.685373 -0.728193 0
    outer loop
      vertex -7.13651 5.49829 0
      vertex -5.04784 7.46414 2
      vertex -7.13651 5.49829 2
    endloop
  endfacet
  facet normal 0.685373 -0.728193 0
    outer loop
      vertex -5.04784 7.46414 2
      vertex -7.13651 5.49829 0
      vertex -5.04784 7.46414 0
    endloop
  endfacet
  facet normal 0.424059 -0.905635 0
    outer loop
      vertex -5.04784 7.46414 0
      vertex -2.46761 8.67232 2
      vertex -5.04784 7.46414 2
    endloop
  endfacet
  facet normal 0.424059 -0.905635 0
    outer loop
      vertex -2.46761 8.67232 2
      vertex -5.04784 7.46414 0
      vertex -2.46761 8.67232 0
    endloop
  endfacet
  facet normal 0.167818 -0.985818 0
    outer loop
      vertex -2.46761 8.67232 0
      vertex -0.542709 9 2
      vertex -2.46761 8.67232 2
    endloop
  endfacet
  facet normal 0.167818 -0.985818 0
    outer loop
      vertex -0.542709 9 2
      vertex -2.46761 8.67232 0
      vertex -0.542709 9 0
    endloop
  endfacet
  facet normal -0.0259746 -0.999663 0
    outer loop
      vertex -0.542709 9 0
      vertex 1.03407 8.95903 2
      vertex -0.542709 9 2
    endloop
  endfacet
  facet normal -0.0259746 -0.999663 -0
    outer loop
      vertex 1.03407 8.95903 2
      vertex -0.542709 9 0
      vertex 1.03407 8.95903 0
    endloop
  endfacet
  facet normal 0.707107 -0.707107 0
    outer loop
      vertex 11.9324 -12.392 4.5
      vertex 12.392 -11.9324 2
      vertex 12.392 -11.9324 4.5
    endloop
  endfacet
  facet normal 0.707107 -0.707107 0
    outer loop
      vertex 12.392 -11.9324 2
      vertex 11.9324 -12.392 4.5
      vertex 11.9324 -12.392 2
    endloop
  endfacet
  facet normal -0.707107 -0.707107 0
    outer loop
      vertex 13.0946 -12.635 2
      vertex 12.392 -11.9324 4.5
      vertex 12.392 -11.9324 2
    endloop
  endfacet
  facet normal -0.707107 -0.707107 0
    outer loop
      vertex 12.392 -11.9324 4.5
      vertex 13.0946 -12.635 2
      vertex 13.0946 -12.635 4.5
    endloop
  endfacet
  facet normal 0.707107 0.707107 0
    outer loop
      vertex 12.635 -13.0946 4.5
      vertex 11.9324 -12.392 2
      vertex 11.9324 -12.392 4.5
    endloop
  endfacet
  facet normal 0.707107 0.707107 0
    outer loop
      vertex 11.9324 -12.392 2
      vertex 12.635 -13.0946 4.5
      vertex 12.635 -13.0946 2
    endloop
  endfacet
  facet normal -0.707107 0.707107 0
    outer loop
      vertex -12.635 -13.0946 2
      vertex -11.9324 -12.392 4.5
      vertex -11.9324 -12.392 2
    endloop
  endfacet
  facet normal -0.707107 0.707107 0
    outer loop
      vertex -11.9324 -12.392 4.5
      vertex -12.635 -13.0946 2
      vertex -12.635 -13.0946 4.5
    endloop
  endfacet
  facet normal -0.707107 -0.707107 0
    outer loop
      vertex -11.9324 -12.392 2
      vertex -12.392 -11.9324 4.5
      vertex -12.392 -11.9324 2
    endloop
  endfacet
  facet normal -0.707107 -0.707107 0
    outer loop
      vertex -12.392 -11.9324 4.5
      vertex -11.9324 -12.392 2
      vertex -11.9324 -12.392 4.5
    endloop
  endfacet
  facet normal 0.707107 -0.707107 0
    outer loop
      vertex -13.0946 -12.635 4.5
      vertex -12.392 -11.9324 2
      vertex -12.392 -11.9324 4.5
    endloop
  endfacet
  facet normal 0.707107 -0.707107 0
    outer loop
      vertex -12.392 -11.9324 2
      vertex -13.0946 -12.635 4.5
      vertex -13.0946 -12.635 2
    endloop
  endfacet
  facet normal -0.707107 0.707107 0
    outer loop
      vertex -12.392 11.9324 2
      vertex -11.9324 12.392 4.5
      vertex -11.9324 12.392 2
    endloop
  endfacet
  facet normal -0.707107 0.707107 0
    outer loop
      vertex -11.9324 12.392 4.5
      vertex -12.392 11.9324 2
      vertex -12.392 11.9324 4.5
    endloop
  endfacet
  facet normal 0.707107 0.707107 0
    outer loop
      vertex -12.392 11.9324 4.5
      vertex -13.0946 12.635 2
      vertex -13.0946 12.635 4.5
    endloop
  endfacet
  facet normal 0.707107 0.707107 0
    outer loop
      vertex -13.0946 12.635 2
      vertex -12.392 11.9324 4.5
      vertex -12.392 11.9324 2
    endloop
  endfacet
  facet normal -0.707107 -0.707107 0
    outer loop
      vertex -11.9324 12.392 2
      vertex -12.635 13.0946 4.5
      vertex -12.635 13.0946 2
    endloop
  endfacet
  facet normal -0.707107 -0.707107 0
    outer loop
      vertex -12.635 13.0946 4.5
      vertex -11.9324 12.392 2
      vertex -11.9324 12.392 4.5
    endloop
  endfacet
  facet normal 0.707107 0.707107 0
    outer loop
      vertex 12.392 11.9324 4.5
      vertex 11.9324 12.392 2
      vertex 11.9324 12.392 4.5
    endloop
  endfacet
  facet normal 0.707107 0.707107 0
    outer loop
      vertex 11.9324 12.392 2
      vertex 12.392 11.9324 4.5
      vertex 12.392 11.9324 2
    endloop
  endfacet
  facet normal -0.707107 0.707107 0
    outer loop
      vertex 12.392 11.9324 2
      vertex 13.0946 12.635 4.5
      vertex 13.0946 12.635 2
    endloop
  endfacet
  facet normal -0.707107 0.707107 0
    outer loop
      vertex 13.0946 12.635 4.5
      vertex 12.392 11.9324 2
      vertex 12.392 11.9324 4.5
    endloop
  endfacet
  facet normal 0.707107 -0.707107 0
    outer loop
      vertex 11.9324 12.392 4.5
      vertex 12.635 13.0946 2
      vertex 12.635 13.0946 4.5
    endloop
  endfacet
  facet normal 0.707107 -0.707107 0
    outer loop
      vertex 12.635 13.0946 2
      vertex 11.9324 12.392 4.5
      vertex 11.9324 12.392 2
    endloop
  endfacet
  facet normal 0.899741 -0.436424 0
    outer loop
      vertex 16.2163 -8.26263 4.5
      vertex 16.5282 -7.61961 2
      vertex 16.5282 -7.61961 4.5
    endloop
  endfacet
  facet normal 0.899741 -0.436424 0
    outer loop
      vertex 16.5282 -7.61961 2
      vertex 16.2163 -8.26263 4.5
      vertex 16.2163 -8.26263 2
    endloop
  endfacet
  facet normal 0.3645 -0.931203 0
    outer loop
      vertex 6.29933 -17.0751 2
      vertex 6.96484 -16.8146 4.5
      vertex 6.29933 -17.0751 4.5
    endloop
  endfacet
  facet normal 0.3645 -0.931203 0
    outer loop
      vertex 6.96484 -16.8146 4.5
      vertex 6.29933 -17.0751 2
      vertex 6.96484 -16.8146 2
    endloop
  endfacet
  facet normal -0.400746 -0.916189 0
    outer loop
      vertex -7.61961 -16.5282 2
      vertex -6.96484 -16.8146 4.5
      vertex -7.61961 -16.5282 4.5
    endloop
  endfacet
  facet normal -0.400746 -0.916189 -0
    outer loop
      vertex -6.96484 -16.8146 4.5
      vertex -7.61961 -16.5282 2
      vertex -6.96484 -16.8146 2
    endloop
  endfacet
  facet normal -0.916189 -0.400746 0
    outer loop
      vertex -16.5282 -7.61961 2
      vertex -16.8146 -6.96484 4.5
      vertex -16.8146 -6.96484 2
    endloop
  endfacet
  facet normal -0.916189 -0.400746 0
    outer loop
      vertex -16.8146 -6.96484 4.5
      vertex -16.5282 -7.61961 2
      vertex -16.5282 -7.61961 4.5
    endloop
  endfacet
  facet normal 0.539217 -0.842167 0
    outer loop
      vertex 9.50947 -15.5181 2
      vertex 10.1114 -15.1327 4.5
      vertex 9.50947 -15.5181 4.5
    endloop
  endfacet
  facet normal 0.539217 -0.842167 0
    outer loop
      vertex 10.1114 -15.1327 4.5
      vertex 9.50947 -15.5181 2
      vertex 10.1114 -15.1327 2
    endloop
  endfacet
  facet normal -0.720705 -0.693242 0
    outer loop
      vertex -13.0946 -12.635 2
      vertex -13.3647 -12.3542 4.5
      vertex -13.3647 -12.3542 2
    endloop
  endfacet
  facet normal -0.720705 -0.693242 0
    outer loop
      vertex -13.3647 -12.3542 4.5
      vertex -13.0946 -12.635 2
      vertex -13.0946 -12.635 4.5
    endloop
  endfacet
  facet normal -0.214364 -0.976754 0
    outer loop
      vertex -4.2487 -17.6971 2
      vertex -3.55064 -17.8503 4.5
      vertex -4.2487 -17.6971 4.5
    endloop
  endfacet
  facet normal -0.214364 -0.976754 -0
    outer loop
      vertex -3.55064 -17.8503 4.5
      vertex -4.2487 -17.6971 2
      vertex -3.55064 -17.8503 2
    endloop
  endfacet
  facet normal -0.693242 0.720705 0
    outer loop
      vertex -12.3542 13.3647 2
      vertex -12.635 13.0946 4.5
      vertex -12.3542 13.3647 4.5
    endloop
  endfacet
  facet normal -0.693242 0.720705 0
    outer loop
      vertex -12.635 13.0946 4.5
      vertex -12.3542 13.3647 2
      vertex -12.635 13.0946 2
    endloop
  endfacet
  facet normal -0.916189 0.400746 0
    outer loop
      vertex -16.8146 6.96484 2
      vertex -16.5282 7.61961 4.5
      vertex -16.5282 7.61961 2
    endloop
  endfacet
  facet normal -0.916189 0.400746 0
    outer loop
      vertex -16.5282 7.61961 4.5
      vertex -16.8146 6.96484 2
      vertex -16.8146 6.96484 4.5
    endloop
  endfacet
  facet normal 0.967616 -0.252426 0
    outer loop
      vertex 17.5167 -4.94022 4.5
      vertex 17.6971 -4.2487 2
      vertex 17.6971 -4.2487 4.5
    endloop
  endfacet
  facet normal 0.967616 -0.252426 0
    outer loop
      vertex 17.6971 -4.2487 2
      vertex 17.5167 -4.94022 4.5
      vertex 17.5167 -4.94022 2
    endloop
  endfacet
  facet normal 0.82042 -0.571761 0
    outer loop
      vertex 14.7241 -10.6977 4.5
      vertex 15.1327 -10.1114 2
      vertex 15.1327 -10.1114 4.5
    endloop
  endfacet
  facet normal 0.82042 -0.571761 0
    outer loop
      vertex 15.1327 -10.1114 2
      vertex 14.7241 -10.6977 4.5
      vertex 14.7241 -10.6977 2
    endloop
  endfacet
  facet normal -0.0195896 -0.999808 0
    outer loop
      vertex -0.714528 -18.186 2
      vertex 0 -18.2 4.5
      vertex -0.714528 -18.186 4.5
    endloop
  endfacet
  facet normal -0.0195896 -0.999808 -0
    outer loop
      vertex 0 -18.2 4.5
      vertex -0.714528 -18.186 2
      vertex 0 -18.2 2
    endloop
  endfacet
  facet normal 0.175749 -0.984435 0
    outer loop
      vertex 2.84711 -17.9759 2
      vertex 3.55064 -17.8503 4.5
      vertex 2.84711 -17.9759 4.5
    endloop
  endfacet
  facet normal 0.175749 -0.984435 0
    outer loop
      vertex 3.55064 -17.8503 4.5
      vertex 2.84711 -17.9759 2
      vertex 3.55064 -17.8503 2
    endloop
  endfacet
  facet normal 0.634372 -0.773028 0
    outer loop
      vertex 11.2675 -14.2928 2
      vertex 11.82 -13.8394 4.5
      vertex 11.2675 -14.2928 4.5
    endloop
  endfacet
  facet normal 0.634372 -0.773028 0
    outer loop
      vertex 11.82 -13.8394 4.5
      vertex 11.2675 -14.2928 2
      vertex 11.82 -13.8394 2
    endloop
  endfacet
  facet normal -0.999808 -0.0195896 0
    outer loop
      vertex -18.186 -0.714528 2
      vertex -18.2 0 4.5
      vertex -18.2 0 2
    endloop
  endfacet
  facet normal -0.999808 -0.0195896 0
    outer loop
      vertex -18.2 0 4.5
      vertex -18.186 -0.714528 2
      vertex -18.186 -0.714528 4.5
    endloop
  endfacet
  facet normal -0.976754 -0.214364 0
    outer loop
      vertex -17.6971 -4.2487 2
      vertex -17.8503 -3.55064 4.5
      vertex -17.8503 -3.55064 2
    endloop
  endfacet
  facet normal -0.976754 -0.214364 0
    outer loop
      vertex -17.8503 -3.55064 4.5
      vertex -17.6971 -4.2487 2
      vertex -17.6971 -4.2487 4.5
    endloop
  endfacet
  facet normal -0.82042 -0.571761 0
    outer loop
      vertex -14.7241 -10.6977 2
      vertex -15.1327 -10.1114 4.5
      vertex -15.1327 -10.1114 2
    endloop
  endfacet
  facet normal -0.82042 -0.571761 0
    outer loop
      vertex -15.1327 -10.1114 4.5
      vertex -14.7241 -10.6977 2
      vertex -14.7241 -10.6977 4.5
    endloop
  endfacet
  facet normal -0.0980864 -0.995178 0
    outer loop
      vertex -2.13918 -18.0738 2
      vertex -1.42795 -18.1439 4.5
      vertex -2.13918 -18.0738 4.5
    endloop
  endfacet
  facet normal -0.0980864 -0.995178 -0
    outer loop
      vertex -1.42795 -18.1439 4.5
      vertex -2.13918 -18.0738 2
      vertex -1.42795 -18.1439 2
    endloop
  endfacet
  facet normal -0.539217 -0.842167 0
    outer loop
      vertex -10.1114 -15.1327 2
      vertex -9.50947 -15.5181 4.5
      vertex -10.1114 -15.1327 4.5
    endloop
  endfacet
  facet normal -0.539217 -0.842167 -0
    outer loop
      vertex -9.50947 -15.5181 4.5
      vertex -10.1114 -15.1327 2
      vertex -9.50947 -15.5181 2
    endloop
  endfacet
  facet normal -0.471406 -0.881916 0
    outer loop
      vertex -8.89291 -15.8794 2
      vertex -8.26263 -16.2163 4.5
      vertex -8.89291 -15.8794 4.5
    endloop
  endfacet
  facet normal -0.471406 -0.881916 -0
    outer loop
      vertex -8.26263 -16.2163 4.5
      vertex -8.89291 -15.8794 2
      vertex -8.26263 -16.2163 2
    endloop
  endfacet
  facet normal 0.999808 -0.0195896 0
    outer loop
      vertex 18.186 -0.714528 4.5
      vertex 18.2 0 2
      vertex 18.2 0 4.5
    endloop
  endfacet
  facet normal 0.999808 -0.0195896 0
    outer loop
      vertex 18.2 0 2
      vertex 18.186 -0.714528 4.5
      vertex 18.186 -0.714528 2
    endloop
  endfacet
  facet normal 0.74751 0.664251 0
    outer loop
      vertex 13.8394 11.82 4.5
      vertex 13.3647 12.3542 2
      vertex 13.3647 12.3542 4.5
    endloop
  endfacet
  facet normal 0.74751 0.664251 0
    outer loop
      vertex 13.3647 12.3542 2
      vertex 13.8394 11.82 4.5
      vertex 13.8394 11.82 2
    endloop
  endfacet
  facet normal 0.0195896 0.999808 -0
    outer loop
      vertex 0.714528 18.186 2
      vertex 0 18.2 4.5
      vertex 0.714528 18.186 4.5
    endloop
  endfacet
  facet normal 0.0195896 0.999808 0
    outer loop
      vertex 0 18.2 4.5
      vertex 0.714528 18.186 2
      vertex 0 18.2 2
    endloop
  endfacet
  facet normal 0.136987 0.990573 -0
    outer loop
      vertex 2.84711 17.9759 2
      vertex 2.13918 18.0738 4.5
      vertex 2.84711 17.9759 4.5
    endloop
  endfacet
  facet normal 0.136987 0.990573 0
    outer loop
      vertex 2.13918 18.0738 4.5
      vertex 2.84711 17.9759 2
      vertex 2.13918 18.0738 2
    endloop
  endfacet
  facet normal 0.998263 -0.0589089 0
    outer loop
      vertex 18.1439 -1.42795 4.5
      vertex 18.186 -0.714528 2
      vertex 18.186 -0.714528 4.5
    endloop
  endfacet
  facet normal 0.998263 -0.0589089 0
    outer loop
      vertex 18.186 -0.714528 2
      vertex 18.1439 -1.42795 4.5
      vertex 18.1439 -1.42795 2
    endloop
  endfacet
  facet normal 0.881916 -0.471406 0
    outer loop
      vertex 15.8794 -8.89291 4.5
      vertex 16.2163 -8.26263 2
      vertex 16.2163 -8.26263 4.5
    endloop
  endfacet
  facet normal 0.881916 -0.471406 0
    outer loop
      vertex 16.2163 -8.26263 2
      vertex 15.8794 -8.89291 4.5
      vertex 15.8794 -8.89291 2
    endloop
  endfacet
  facet normal 0.693242 -0.720705 0
    outer loop
      vertex 12.3542 -13.3647 2
      vertex 12.635 -13.0946 4.5
      vertex 12.3542 -13.3647 4.5
    endloop
  endfacet
  facet normal 0.693242 -0.720705 0
    outer loop
      vertex 12.635 -13.0946 4.5
      vertex 12.3542 -13.3647 2
      vertex 12.635 -13.0946 2
    endloop
  endfacet
  facet normal 0.797339 -0.603532 0
    outer loop
      vertex 14.2928 -11.2675 4.5
      vertex 14.7241 -10.6977 2
      vertex 14.7241 -10.6977 4.5
    endloop
  endfacet
  facet normal 0.797339 -0.603532 0
    outer loop
      vertex 14.7241 -10.6977 2
      vertex 14.2928 -11.2675 4.5
      vertex 14.2928 -11.2675 2
    endloop
  endfacet
  facet normal 0.773028 -0.634372 0
    outer loop
      vertex 13.8394 -11.82 4.5
      vertex 14.2928 -11.2675 2
      vertex 14.2928 -11.2675 4.5
    endloop
  endfacet
  facet normal 0.773028 -0.634372 0
    outer loop
      vertex 14.2928 -11.2675 2
      vertex 13.8394 -11.82 4.5
      vertex 13.8394 -11.82 2
    endloop
  endfacet
  facet normal 0.0980864 -0.995178 0
    outer loop
      vertex 1.42795 -18.1439 2
      vertex 2.13918 -18.0738 4.5
      vertex 1.42795 -18.1439 4.5
    endloop
  endfacet
  facet normal 0.0980864 -0.995178 0
    outer loop
      vertex 2.13918 -18.0738 4.5
      vertex 1.42795 -18.1439 2
      vertex 2.13918 -18.0738 2
    endloop
  endfacet
  facet normal 0.290341 -0.956923 0
    outer loop
      vertex 4.94022 -17.5167 2
      vertex 5.62411 -17.3092 4.5
      vertex 4.94022 -17.5167 4.5
    endloop
  endfacet
  facet normal 0.290341 -0.956923 0
    outer loop
      vertex 5.62411 -17.3092 4.5
      vertex 4.94022 -17.5167 2
      vertex 5.62411 -17.3092 2
    endloop
  endfacet
  facet normal 0.327573 -0.944826 0
    outer loop
      vertex 5.62411 -17.3092 2
      vertex 6.29933 -17.0751 4.5
      vertex 5.62411 -17.3092 4.5
    endloop
  endfacet
  facet normal 0.327573 -0.944826 0
    outer loop
      vertex 6.29933 -17.0751 4.5
      vertex 5.62411 -17.3092 2
      vertex 6.29933 -17.0751 2
    endloop
  endfacet
  facet normal 0.136987 -0.990573 0
    outer loop
      vertex 2.13918 -18.0738 2
      vertex 2.84711 -17.9759 4.5
      vertex 2.13918 -18.0738 4.5
    endloop
  endfacet
  facet normal 0.136987 -0.990573 0
    outer loop
      vertex 2.84711 -17.9759 4.5
      vertex 2.13918 -18.0738 2
      vertex 2.84711 -17.9759 2
    endloop
  endfacet
  facet normal 0.0195896 -0.999808 0
    outer loop
      vertex 0 -18.2 2
      vertex 0.714528 -18.186 4.5
      vertex 0 -18.2 4.5
    endloop
  endfacet
  facet normal 0.0195896 -0.999808 0
    outer loop
      vertex 0.714528 -18.186 4.5
      vertex 0 -18.2 2
      vertex 0.714528 -18.186 2
    endloop
  endfacet
  facet normal 0.214364 -0.976754 0
    outer loop
      vertex 3.55064 -17.8503 2
      vertex 4.2487 -17.6971 4.5
      vertex 3.55064 -17.8503 4.5
    endloop
  endfacet
  facet normal 0.214364 -0.976754 0
    outer loop
      vertex 4.2487 -17.6971 4.5
      vertex 3.55064 -17.8503 2
      vertex 4.2487 -17.6971 2
    endloop
  endfacet
  facet normal 0.471406 -0.881916 0
    outer loop
      vertex 8.26263 -16.2163 2
      vertex 8.89291 -15.8794 4.5
      vertex 8.26263 -16.2163 4.5
    endloop
  endfacet
  facet normal 0.471406 -0.881916 0
    outer loop
      vertex 8.89291 -15.8794 4.5
      vertex 8.26263 -16.2163 2
      vertex 8.89291 -15.8794 2
    endloop
  endfacet
  facet normal 0.505582 -0.862778 0
    outer loop
      vertex 8.89291 -15.8794 2
      vertex 9.50947 -15.5181 4.5
      vertex 8.89291 -15.8794 4.5
    endloop
  endfacet
  facet normal 0.505582 -0.862778 0
    outer loop
      vertex 9.50947 -15.5181 4.5
      vertex 8.89291 -15.8794 2
      vertex 9.50947 -15.5181 2
    endloop
  endfacet
  facet normal 0.436424 -0.899741 0
    outer loop
      vertex 7.61961 -16.5282 2
      vertex 8.26263 -16.2163 4.5
      vertex 7.61961 -16.5282 4.5
    endloop
  endfacet
  facet normal 0.436424 -0.899741 0
    outer loop
      vertex 8.26263 -16.2163 4.5
      vertex 7.61961 -16.5282 2
      vertex 8.26263 -16.2163 2
    endloop
  endfacet
  facet normal 0.664251 -0.74751 0
    outer loop
      vertex 11.82 -13.8394 2
      vertex 12.3542 -13.3647 4.5
      vertex 11.82 -13.8394 4.5
    endloop
  endfacet
  facet normal 0.664251 -0.74751 0
    outer loop
      vertex 12.3542 -13.3647 4.5
      vertex 11.82 -13.8394 2
      vertex 12.3542 -13.3647 2
    endloop
  endfacet
  facet normal -0.990573 -0.136987 0
    outer loop
      vertex -17.9759 -2.84711 2
      vertex -18.0738 -2.13918 4.5
      vertex -18.0738 -2.13918 2
    endloop
  endfacet
  facet normal -0.990573 -0.136987 0
    outer loop
      vertex -18.0738 -2.13918 4.5
      vertex -17.9759 -2.84711 2
      vertex -17.9759 -2.84711 4.5
    endloop
  endfacet
  facet normal -0.944826 -0.327573 0
    outer loop
      vertex -17.0751 -6.29933 2
      vertex -17.3092 -5.62411 4.5
      vertex -17.3092 -5.62411 2
    endloop
  endfacet
  facet normal -0.944826 -0.327573 0
    outer loop
      vertex -17.3092 -5.62411 4.5
      vertex -17.0751 -6.29933 2
      vertex -17.0751 -6.29933 4.5
    endloop
  endfacet
  facet normal -0.931203 -0.3645 0
    outer loop
      vertex -16.8146 -6.96484 2
      vertex -17.0751 -6.29933 4.5
      vertex -17.0751 -6.29933 2
    endloop
  endfacet
  facet normal -0.931203 -0.3645 0
    outer loop
      vertex -17.0751 -6.29933 4.5
      vertex -16.8146 -6.96484 2
      vertex -16.8146 -6.96484 4.5
    endloop
  endfacet
  facet normal -0.984435 -0.175749 0
    outer loop
      vertex -17.8503 -3.55064 2
      vertex -17.9759 -2.84711 4.5
      vertex -17.9759 -2.84711 2
    endloop
  endfacet
  facet normal -0.984435 -0.175749 0
    outer loop
      vertex -17.9759 -2.84711 4.5
      vertex -17.8503 -3.55064 2
      vertex -17.8503 -3.55064 4.5
    endloop
  endfacet
  facet normal -0.956923 -0.290341 0
    outer loop
      vertex -17.3092 -5.62411 2
      vertex -17.5167 -4.94022 4.5
      vertex -17.5167 -4.94022 2
    endloop
  endfacet
  facet normal -0.956923 -0.290341 0
    outer loop
      vertex -17.5167 -4.94022 4.5
      vertex -17.3092 -5.62411 2
      vertex -17.3092 -5.62411 4.5
    endloop
  endfacet
  facet normal -0.862778 -0.505582 0
    outer loop
      vertex -15.5181 -9.50947 2
      vertex -15.8794 -8.89291 4.5
      vertex -15.8794 -8.89291 2
    endloop
  endfacet
  facet normal -0.862778 -0.505582 0
    outer loop
      vertex -15.8794 -8.89291 4.5
      vertex -15.5181 -9.50947 2
      vertex -15.5181 -9.50947 4.5
    endloop
  endfacet
  facet normal -0.842167 -0.539217 0
    outer loop
      vertex -15.1327 -10.1114 2
      vertex -15.5181 -9.50947 4.5
      vertex -15.5181 -9.50947 2
    endloop
  endfacet
  facet normal -0.842167 -0.539217 0
    outer loop
      vertex -15.5181 -9.50947 4.5
      vertex -15.1327 -10.1114 2
      vertex -15.1327 -10.1114 4.5
    endloop
  endfacet
  facet normal -0.773028 -0.634372 0
    outer loop
      vertex -13.8394 -11.82 2
      vertex -14.2928 -11.2675 4.5
      vertex -14.2928 -11.2675 2
    endloop
  endfacet
  facet normal -0.773028 -0.634372 0
    outer loop
      vertex -14.2928 -11.2675 4.5
      vertex -13.8394 -11.82 2
      vertex -13.8394 -11.82 4.5
    endloop
  endfacet
  facet normal -0.290341 -0.956923 0
    outer loop
      vertex -5.62411 -17.3092 2
      vertex -4.94022 -17.5167 4.5
      vertex -5.62411 -17.3092 4.5
    endloop
  endfacet
  facet normal -0.290341 -0.956923 -0
    outer loop
      vertex -4.94022 -17.5167 4.5
      vertex -5.62411 -17.3092 2
      vertex -4.94022 -17.5167 2
    endloop
  endfacet
  facet normal -0.252426 -0.967616 0
    outer loop
      vertex -4.94022 -17.5167 2
      vertex -4.2487 -17.6971 4.5
      vertex -4.94022 -17.5167 4.5
    endloop
  endfacet
  facet normal -0.252426 -0.967616 -0
    outer loop
      vertex -4.2487 -17.6971 4.5
      vertex -4.94022 -17.5167 2
      vertex -4.2487 -17.6971 2
    endloop
  endfacet
  facet normal -0.327573 -0.944826 0
    outer loop
      vertex -6.29933 -17.0751 2
      vertex -5.62411 -17.3092 4.5
      vertex -6.29933 -17.0751 4.5
    endloop
  endfacet
  facet normal -0.327573 -0.944826 -0
    outer loop
      vertex -5.62411 -17.3092 4.5
      vertex -6.29933 -17.0751 2
      vertex -5.62411 -17.3092 2
    endloop
  endfacet
  facet normal -0.136987 -0.990573 0
    outer loop
      vertex -2.84711 -17.9759 2
      vertex -2.13918 -18.0738 4.5
      vertex -2.84711 -17.9759 4.5
    endloop
  endfacet
  facet normal -0.136987 -0.990573 -0
    outer loop
      vertex -2.13918 -18.0738 4.5
      vertex -2.84711 -17.9759 2
      vertex -2.13918 -18.0738 2
    endloop
  endfacet
  facet normal -0.175749 -0.984435 0
    outer loop
      vertex -3.55064 -17.8503 2
      vertex -2.84711 -17.9759 4.5
      vertex -3.55064 -17.8503 4.5
    endloop
  endfacet
  facet normal -0.175749 -0.984435 -0
    outer loop
      vertex -2.84711 -17.9759 4.5
      vertex -3.55064 -17.8503 2
      vertex -2.84711 -17.9759 2
    endloop
  endfacet
  facet normal -0.0589089 -0.998263 0
    outer loop
      vertex -1.42795 -18.1439 2
      vertex -0.714528 -18.186 4.5
      vertex -1.42795 -18.1439 4.5
    endloop
  endfacet
  facet normal -0.0589089 -0.998263 -0
    outer loop
      vertex -0.714528 -18.186 4.5
      vertex -1.42795 -18.1439 2
      vertex -0.714528 -18.186 2
    endloop
  endfacet
  facet normal -0.436424 -0.899741 0
    outer loop
      vertex -8.26263 -16.2163 2
      vertex -7.61961 -16.5282 4.5
      vertex -8.26263 -16.2163 4.5
    endloop
  endfacet
  facet normal -0.436424 -0.899741 -0
    outer loop
      vertex -7.61961 -16.5282 4.5
      vertex -8.26263 -16.2163 2
      vertex -7.61961 -16.5282 2
    endloop
  endfacet
  facet normal -0.603532 -0.797339 0
    outer loop
      vertex -11.2675 -14.2928 2
      vertex -10.6977 -14.7241 4.5
      vertex -11.2675 -14.2928 4.5
    endloop
  endfacet
  facet normal -0.603532 -0.797339 -0
    outer loop
      vertex -10.6977 -14.7241 4.5
      vertex -11.2675 -14.2928 2
      vertex -10.6977 -14.7241 2
    endloop
  endfacet
  facet normal -0.634372 -0.773028 0
    outer loop
      vertex -11.82 -13.8394 2
      vertex -11.2675 -14.2928 4.5
      vertex -11.82 -13.8394 4.5
    endloop
  endfacet
  facet normal -0.634372 -0.773028 -0
    outer loop
      vertex -11.2675 -14.2928 4.5
      vertex -11.82 -13.8394 2
      vertex -11.2675 -14.2928 2
    endloop
  endfacet
  facet normal -0.571761 -0.82042 0
    outer loop
      vertex -10.6977 -14.7241 2
      vertex -10.1114 -15.1327 4.5
      vertex -10.6977 -14.7241 4.5
    endloop
  endfacet
  facet normal -0.571761 -0.82042 -0
    outer loop
      vertex -10.1114 -15.1327 4.5
      vertex -10.6977 -14.7241 2
      vertex -10.1114 -15.1327 2
    endloop
  endfacet
  facet normal 0.990573 0.136987 0
    outer loop
      vertex 18.0738 2.13918 4.5
      vertex 17.9759 2.84711 2
      vertex 17.9759 2.84711 4.5
    endloop
  endfacet
  facet normal 0.990573 0.136987 0
    outer loop
      vertex 17.9759 2.84711 2
      vertex 18.0738 2.13918 4.5
      vertex 18.0738 2.13918 2
    endloop
  endfacet
  facet normal 0.984435 0.175749 0
    outer loop
      vertex 17.9759 2.84711 4.5
      vertex 17.8503 3.55064 2
      vertex 17.8503 3.55064 4.5
    endloop
  endfacet
  facet normal 0.984435 0.175749 0
    outer loop
      vertex 17.8503 3.55064 2
      vertex 17.9759 2.84711 4.5
      vertex 17.9759 2.84711 2
    endloop
  endfacet
  facet normal 0.931203 0.3645 0
    outer loop
      vertex 17.0751 6.29933 4.5
      vertex 16.8146 6.96484 2
      vertex 16.8146 6.96484 4.5
    endloop
  endfacet
  facet normal 0.931203 0.3645 0
    outer loop
      vertex 16.8146 6.96484 2
      vertex 17.0751 6.29933 4.5
      vertex 17.0751 6.29933 2
    endloop
  endfacet
  facet normal 0.720705 0.693242 0
    outer loop
      vertex 13.3647 12.3542 4.5
      vertex 13.0946 12.635 2
      vertex 13.0946 12.635 4.5
    endloop
  endfacet
  facet normal 0.720705 0.693242 0
    outer loop
      vertex 13.0946 12.635 2
      vertex 13.3647 12.3542 4.5
      vertex 13.3647 12.3542 2
    endloop
  endfacet
  facet normal -0.990573 0.136987 0
    outer loop
      vertex -18.0738 2.13918 2
      vertex -17.9759 2.84711 4.5
      vertex -17.9759 2.84711 2
    endloop
  endfacet
  facet normal -0.990573 0.136987 0
    outer loop
      vertex -17.9759 2.84711 4.5
      vertex -18.0738 2.13918 2
      vertex -18.0738 2.13918 4.5
    endloop
  endfacet
  facet normal -0.976754 0.214364 0
    outer loop
      vertex -17.8503 3.55064 2
      vertex -17.6971 4.2487 4.5
      vertex -17.6971 4.2487 2
    endloop
  endfacet
  facet normal -0.976754 0.214364 0
    outer loop
      vertex -17.6971 4.2487 4.5
      vertex -17.8503 3.55064 2
      vertex -17.8503 3.55064 4.5
    endloop
  endfacet
  facet normal -0.984435 0.175749 0
    outer loop
      vertex -17.9759 2.84711 2
      vertex -17.8503 3.55064 4.5
      vertex -17.8503 3.55064 2
    endloop
  endfacet
  facet normal -0.984435 0.175749 0
    outer loop
      vertex -17.8503 3.55064 4.5
      vertex -17.9759 2.84711 2
      vertex -17.9759 2.84711 4.5
    endloop
  endfacet
  facet normal -0.773028 0.634372 0
    outer loop
      vertex -14.2928 11.2675 2
      vertex -13.8394 11.82 4.5
      vertex -13.8394 11.82 2
    endloop
  endfacet
  facet normal -0.773028 0.634372 0
    outer loop
      vertex -13.8394 11.82 4.5
      vertex -14.2928 11.2675 2
      vertex -14.2928 11.2675 4.5
    endloop
  endfacet
  facet normal 0.327573 0.944826 -0
    outer loop
      vertex 6.29933 17.0751 2
      vertex 5.62411 17.3092 4.5
      vertex 6.29933 17.0751 4.5
    endloop
  endfacet
  facet normal 0.327573 0.944826 0
    outer loop
      vertex 5.62411 17.3092 4.5
      vertex 6.29933 17.0751 2
      vertex 5.62411 17.3092 2
    endloop
  endfacet
  facet normal 0.956923 -0.290341 0
    outer loop
      vertex 17.3092 -5.62411 4.5
      vertex 17.5167 -4.94022 2
      vertex 17.5167 -4.94022 4.5
    endloop
  endfacet
  facet normal 0.956923 -0.290341 0
    outer loop
      vertex 17.5167 -4.94022 2
      vertex 17.3092 -5.62411 4.5
      vertex 17.3092 -5.62411 2
    endloop
  endfacet
  facet normal 0.944826 -0.327573 0
    outer loop
      vertex 17.0751 -6.29933 4.5
      vertex 17.3092 -5.62411 2
      vertex 17.3092 -5.62411 4.5
    endloop
  endfacet
  facet normal 0.944826 -0.327573 0
    outer loop
      vertex 17.3092 -5.62411 2
      vertex 17.0751 -6.29933 4.5
      vertex 17.0751 -6.29933 2
    endloop
  endfacet
  facet normal 0.916189 -0.400746 0
    outer loop
      vertex 16.5282 -7.61961 4.5
      vertex 16.8146 -6.96484 2
      vertex 16.8146 -6.96484 4.5
    endloop
  endfacet
  facet normal 0.916189 -0.400746 0
    outer loop
      vertex 16.8146 -6.96484 2
      vertex 16.5282 -7.61961 4.5
      vertex 16.5282 -7.61961 2
    endloop
  endfacet
  facet normal 0.995178 -0.0980864 0
    outer loop
      vertex 18.0738 -2.13918 4.5
      vertex 18.1439 -1.42795 2
      vertex 18.1439 -1.42795 4.5
    endloop
  endfacet
  facet normal 0.995178 -0.0980864 0
    outer loop
      vertex 18.1439 -1.42795 2
      vertex 18.0738 -2.13918 4.5
      vertex 18.0738 -2.13918 2
    endloop
  endfacet
  facet normal 0.990573 -0.136987 0
    outer loop
      vertex 17.9759 -2.84711 4.5
      vertex 18.0738 -2.13918 2
      vertex 18.0738 -2.13918 4.5
    endloop
  endfacet
  facet normal 0.990573 -0.136987 0
    outer loop
      vertex 18.0738 -2.13918 2
      vertex 17.9759 -2.84711 4.5
      vertex 17.9759 -2.84711 2
    endloop
  endfacet
  facet normal 0.842167 -0.539217 0
    outer loop
      vertex 15.1327 -10.1114 4.5
      vertex 15.5181 -9.50947 2
      vertex 15.5181 -9.50947 4.5
    endloop
  endfacet
  facet normal 0.842167 -0.539217 0
    outer loop
      vertex 15.5181 -9.50947 2
      vertex 15.1327 -10.1114 4.5
      vertex 15.1327 -10.1114 2
    endloop
  endfacet
  facet normal 0.862778 -0.505582 0
    outer loop
      vertex 15.5181 -9.50947 4.5
      vertex 15.8794 -8.89291 2
      vertex 15.8794 -8.89291 4.5
    endloop
  endfacet
  facet normal 0.862778 -0.505582 0
    outer loop
      vertex 15.8794 -8.89291 2
      vertex 15.5181 -9.50947 4.5
      vertex 15.5181 -9.50947 2
    endloop
  endfacet
  facet normal 0.720705 -0.693242 0
    outer loop
      vertex 13.0946 -12.635 4.5
      vertex 13.3647 -12.3542 2
      vertex 13.3647 -12.3542 4.5
    endloop
  endfacet
  facet normal 0.720705 -0.693242 0
    outer loop
      vertex 13.3647 -12.3542 2
      vertex 13.0946 -12.635 4.5
      vertex 13.0946 -12.635 2
    endloop
  endfacet
  facet normal 0.0589089 -0.998263 0
    outer loop
      vertex 0.714528 -18.186 2
      vertex 1.42795 -18.1439 4.5
      vertex 0.714528 -18.186 4.5
    endloop
  endfacet
  facet normal 0.0589089 -0.998263 0
    outer loop
      vertex 1.42795 -18.1439 4.5
      vertex 0.714528 -18.186 2
      vertex 1.42795 -18.1439 2
    endloop
  endfacet
  facet normal 0.252426 -0.967616 0
    outer loop
      vertex 4.2487 -17.6971 2
      vertex 4.94022 -17.5167 4.5
      vertex 4.2487 -17.6971 4.5
    endloop
  endfacet
  facet normal 0.252426 -0.967616 0
    outer loop
      vertex 4.94022 -17.5167 4.5
      vertex 4.2487 -17.6971 2
      vertex 4.94022 -17.5167 2
    endloop
  endfacet
  facet normal 0.400746 -0.916189 0
    outer loop
      vertex 6.96484 -16.8146 2
      vertex 7.61961 -16.5282 4.5
      vertex 6.96484 -16.8146 4.5
    endloop
  endfacet
  facet normal 0.400746 -0.916189 0
    outer loop
      vertex 7.61961 -16.5282 4.5
      vertex 6.96484 -16.8146 2
      vertex 7.61961 -16.5282 2
    endloop
  endfacet
  facet normal 0.603532 -0.797339 0
    outer loop
      vertex 10.6977 -14.7241 2
      vertex 11.2675 -14.2928 4.5
      vertex 10.6977 -14.7241 4.5
    endloop
  endfacet
  facet normal 0.603532 -0.797339 0
    outer loop
      vertex 11.2675 -14.2928 4.5
      vertex 10.6977 -14.7241 2
      vertex 11.2675 -14.2928 2
    endloop
  endfacet
  facet normal 0.571761 -0.82042 0
    outer loop
      vertex 10.1114 -15.1327 2
      vertex 10.6977 -14.7241 4.5
      vertex 10.1114 -15.1327 4.5
    endloop
  endfacet
  facet normal 0.571761 -0.82042 0
    outer loop
      vertex 10.6977 -14.7241 4.5
      vertex 10.1114 -15.1327 2
      vertex 10.6977 -14.7241 2
    endloop
  endfacet
  facet normal -0.995178 -0.0980864 0
    outer loop
      vertex -18.0738 -2.13918 2
      vertex -18.1439 -1.42795 4.5
      vertex -18.1439 -1.42795 2
    endloop
  endfacet
  facet normal -0.995178 -0.0980864 0
    outer loop
      vertex -18.1439 -1.42795 4.5
      vertex -18.0738 -2.13918 2
      vertex -18.0738 -2.13918 4.5
    endloop
  endfacet
  facet normal -0.998263 -0.0589089 0
    outer loop
      vertex -18.1439 -1.42795 2
      vertex -18.186 -0.714528 4.5
      vertex -18.186 -0.714528 2
    endloop
  endfacet
  facet normal -0.998263 -0.0589089 0
    outer loop
      vertex -18.186 -0.714528 4.5
      vertex -18.1439 -1.42795 2
      vertex -18.1439 -1.42795 4.5
    endloop
  endfacet
  facet normal -0.967616 -0.252426 0
    outer loop
      vertex -17.5167 -4.94022 2
      vertex -17.6971 -4.2487 4.5
      vertex -17.6971 -4.2487 2
    endloop
  endfacet
  facet normal -0.967616 -0.252426 0
    outer loop
      vertex -17.6971 -4.2487 4.5
      vertex -17.5167 -4.94022 2
      vertex -17.5167 -4.94022 4.5
    endloop
  endfacet
  facet normal -0.881916 -0.471406 0
    outer loop
      vertex -15.8794 -8.89291 2
      vertex -16.2163 -8.26263 4.5
      vertex -16.2163 -8.26263 2
    endloop
  endfacet
  facet normal -0.881916 -0.471406 0
    outer loop
      vertex -16.2163 -8.26263 4.5
      vertex -15.8794 -8.89291 2
      vertex -15.8794 -8.89291 4.5
    endloop
  endfacet
  facet normal -0.899741 -0.436424 0
    outer loop
      vertex -16.2163 -8.26263 2
      vertex -16.5282 -7.61961 4.5
      vertex -16.5282 -7.61961 2
    endloop
  endfacet
  facet normal -0.899741 -0.436424 0
    outer loop
      vertex -16.5282 -7.61961 4.5
      vertex -16.2163 -8.26263 2
      vertex -16.2163 -8.26263 4.5
    endloop
  endfacet
  facet normal -0.74751 -0.664251 0
    outer loop
      vertex -13.3647 -12.3542 2
      vertex -13.8394 -11.82 4.5
      vertex -13.8394 -11.82 2
    endloop
  endfacet
  facet normal -0.74751 -0.664251 0
    outer loop
      vertex -13.8394 -11.82 4.5
      vertex -13.3647 -12.3542 2
      vertex -13.3647 -12.3542 4.5
    endloop
  endfacet
  facet normal -0.797339 -0.603532 0
    outer loop
      vertex -14.2928 -11.2675 2
      vertex -14.7241 -10.6977 4.5
      vertex -14.7241 -10.6977 2
    endloop
  endfacet
  facet normal -0.797339 -0.603532 0
    outer loop
      vertex -14.7241 -10.6977 4.5
      vertex -14.2928 -11.2675 2
      vertex -14.2928 -11.2675 4.5
    endloop
  endfacet
  facet normal -0.3645 -0.931203 0
    outer loop
      vertex -6.96484 -16.8146 2
      vertex -6.29933 -17.0751 4.5
      vertex -6.96484 -16.8146 4.5
    endloop
  endfacet
  facet normal -0.3645 -0.931203 -0
    outer loop
      vertex -6.29933 -17.0751 4.5
      vertex -6.96484 -16.8146 2
      vertex -6.29933 -17.0751 2
    endloop
  endfacet
  facet normal -0.505582 -0.862778 0
    outer loop
      vertex -9.50947 -15.5181 2
      vertex -8.89291 -15.8794 4.5
      vertex -9.50947 -15.5181 4.5
    endloop
  endfacet
  facet normal -0.505582 -0.862778 -0
    outer loop
      vertex -8.89291 -15.8794 4.5
      vertex -9.50947 -15.5181 2
      vertex -8.89291 -15.8794 2
    endloop
  endfacet
  facet normal -0.664251 -0.74751 0
    outer loop
      vertex -12.3542 -13.3647 2
      vertex -11.82 -13.8394 4.5
      vertex -12.3542 -13.3647 4.5
    endloop
  endfacet
  facet normal -0.664251 -0.74751 -0
    outer loop
      vertex -11.82 -13.8394 4.5
      vertex -12.3542 -13.3647 2
      vertex -11.82 -13.8394 2
    endloop
  endfacet
  facet normal -0.693242 -0.720705 0
    outer loop
      vertex -12.635 -13.0946 2
      vertex -12.3542 -13.3647 4.5
      vertex -12.635 -13.0946 4.5
    endloop
  endfacet
  facet normal -0.693242 -0.720705 -0
    outer loop
      vertex -12.3542 -13.3647 4.5
      vertex -12.635 -13.0946 2
      vertex -12.3542 -13.3647 2
    endloop
  endfacet
  facet normal 0.995178 0.0980864 0
    outer loop
      vertex 18.1439 1.42795 4.5
      vertex 18.0738 2.13918 2
      vertex 18.0738 2.13918 4.5
    endloop
  endfacet
  facet normal 0.995178 0.0980864 0
    outer loop
      vertex 18.0738 2.13918 2
      vertex 18.1439 1.42795 4.5
      vertex 18.1439 1.42795 2
    endloop
  endfacet
  facet normal 0.999808 0.0195896 0
    outer loop
      vertex 18.2 0 4.5
      vertex 18.186 0.714528 2
      vertex 18.186 0.714528 4.5
    endloop
  endfacet
  facet normal 0.999808 0.0195896 0
    outer loop
      vertex 18.186 0.714528 2
      vertex 18.2 0 4.5
      vertex 18.2 0 2
    endloop
  endfacet
  facet normal 0.976754 0.214364 0
    outer loop
      vertex 17.8503 3.55064 4.5
      vertex 17.6971 4.2487 2
      vertex 17.6971 4.2487 4.5
    endloop
  endfacet
  facet normal 0.976754 0.214364 0
    outer loop
      vertex 17.6971 4.2487 2
      vertex 17.8503 3.55064 4.5
      vertex 17.8503 3.55064 2
    endloop
  endfacet
  facet normal 0.956923 0.290341 0
    outer loop
      vertex 17.5167 4.94022 4.5
      vertex 17.3092 5.62411 2
      vertex 17.3092 5.62411 4.5
    endloop
  endfacet
  facet normal 0.956923 0.290341 0
    outer loop
      vertex 17.3092 5.62411 2
      vertex 17.5167 4.94022 4.5
      vertex 17.5167 4.94022 2
    endloop
  endfacet
  facet normal 0.862778 0.505582 0
    outer loop
      vertex 15.8794 8.89291 4.5
      vertex 15.5181 9.50947 2
      vertex 15.5181 9.50947 4.5
    endloop
  endfacet
  facet normal 0.862778 0.505582 0
    outer loop
      vertex 15.5181 9.50947 2
      vertex 15.8794 8.89291 4.5
      vertex 15.8794 8.89291 2
    endloop
  endfacet
  facet normal -0.327573 0.944826 0
    outer loop
      vertex -5.62411 17.3092 2
      vertex -6.29933 17.0751 4.5
      vertex -5.62411 17.3092 4.5
    endloop
  endfacet
  facet normal -0.327573 0.944826 0
    outer loop
      vertex -6.29933 17.0751 4.5
      vertex -5.62411 17.3092 2
      vertex -6.29933 17.0751 2
    endloop
  endfacet
  facet normal -0.136987 0.990573 0
    outer loop
      vertex -2.13918 18.0738 2
      vertex -2.84711 17.9759 4.5
      vertex -2.13918 18.0738 4.5
    endloop
  endfacet
  facet normal -0.136987 0.990573 0
    outer loop
      vertex -2.84711 17.9759 4.5
      vertex -2.13918 18.0738 2
      vertex -2.84711 17.9759 2
    endloop
  endfacet
  facet normal -0.944826 0.327573 0
    outer loop
      vertex -17.3092 5.62411 2
      vertex -17.0751 6.29933 4.5
      vertex -17.0751 6.29933 2
    endloop
  endfacet
  facet normal -0.944826 0.327573 0
    outer loop
      vertex -17.0751 6.29933 4.5
      vertex -17.3092 5.62411 2
      vertex -17.3092 5.62411 4.5
    endloop
  endfacet
  facet normal -0.995178 0.0980864 0
    outer loop
      vertex -18.1439 1.42795 2
      vertex -18.0738 2.13918 4.5
      vertex -18.0738 2.13918 2
    endloop
  endfacet
  facet normal -0.995178 0.0980864 0
    outer loop
      vertex -18.0738 2.13918 4.5
      vertex -18.1439 1.42795 2
      vertex -18.1439 1.42795 4.5
    endloop
  endfacet
  facet normal -0.842167 0.539217 0
    outer loop
      vertex -15.5181 9.50947 2
      vertex -15.1327 10.1114 4.5
      vertex -15.1327 10.1114 2
    endloop
  endfacet
  facet normal -0.842167 0.539217 0
    outer loop
      vertex -15.1327 10.1114 4.5
      vertex -15.5181 9.50947 2
      vertex -15.5181 9.50947 4.5
    endloop
  endfacet
  facet normal -0.862778 0.505582 0
    outer loop
      vertex -15.8794 8.89291 2
      vertex -15.5181 9.50947 4.5
      vertex -15.5181 9.50947 2
    endloop
  endfacet
  facet normal -0.862778 0.505582 0
    outer loop
      vertex -15.5181 9.50947 4.5
      vertex -15.8794 8.89291 2
      vertex -15.8794 8.89291 4.5
    endloop
  endfacet
  facet normal -0.82042 0.571761 0
    outer loop
      vertex -15.1327 10.1114 2
      vertex -14.7241 10.6977 4.5
      vertex -14.7241 10.6977 2
    endloop
  endfacet
  facet normal -0.82042 0.571761 0
    outer loop
      vertex -14.7241 10.6977 4.5
      vertex -15.1327 10.1114 2
      vertex -15.1327 10.1114 4.5
    endloop
  endfacet
  facet normal -0.74751 0.664251 0
    outer loop
      vertex -13.8394 11.82 2
      vertex -13.3647 12.3542 4.5
      vertex -13.3647 12.3542 2
    endloop
  endfacet
  facet normal -0.74751 0.664251 0
    outer loop
      vertex -13.3647 12.3542 4.5
      vertex -13.8394 11.82 2
      vertex -13.8394 11.82 4.5
    endloop
  endfacet
  facet normal 0.0589089 0.998263 -0
    outer loop
      vertex 1.42795 18.1439 2
      vertex 0.714528 18.186 4.5
      vertex 1.42795 18.1439 4.5
    endloop
  endfacet
  facet normal 0.0589089 0.998263 0
    outer loop
      vertex 0.714528 18.186 4.5
      vertex 1.42795 18.1439 2
      vertex 0.714528 18.186 2
    endloop
  endfacet
  facet normal 0.252426 0.967616 -0
    outer loop
      vertex 4.94022 17.5167 2
      vertex 4.2487 17.6971 4.5
      vertex 4.94022 17.5167 4.5
    endloop
  endfacet
  facet normal 0.252426 0.967616 0
    outer loop
      vertex 4.2487 17.6971 4.5
      vertex 4.94022 17.5167 2
      vertex 4.2487 17.6971 2
    endloop
  endfacet
  facet normal 0.3645 0.931203 -0
    outer loop
      vertex 6.96484 16.8146 2
      vertex 6.29933 17.0751 4.5
      vertex 6.96484 16.8146 4.5
    endloop
  endfacet
  facet normal 0.3645 0.931203 0
    outer loop
      vertex 6.29933 17.0751 4.5
      vertex 6.96484 16.8146 2
      vertex 6.29933 17.0751 2
    endloop
  endfacet
  facet normal 0.931203 -0.3645 0
    outer loop
      vertex 16.8146 -6.96484 4.5
      vertex 17.0751 -6.29933 2
      vertex 17.0751 -6.29933 4.5
    endloop
  endfacet
  facet normal 0.931203 -0.3645 0
    outer loop
      vertex 17.0751 -6.29933 2
      vertex 16.8146 -6.96484 4.5
      vertex 16.8146 -6.96484 2
    endloop
  endfacet
  facet normal 0.976754 -0.214364 0
    outer loop
      vertex 17.6971 -4.2487 4.5
      vertex 17.8503 -3.55064 2
      vertex 17.8503 -3.55064 4.5
    endloop
  endfacet
  facet normal 0.976754 -0.214364 0
    outer loop
      vertex 17.8503 -3.55064 2
      vertex 17.6971 -4.2487 4.5
      vertex 17.6971 -4.2487 2
    endloop
  endfacet
  facet normal 0.74751 -0.664251 0
    outer loop
      vertex 13.3647 -12.3542 4.5
      vertex 13.8394 -11.82 2
      vertex 13.8394 -11.82 4.5
    endloop
  endfacet
  facet normal 0.74751 -0.664251 0
    outer loop
      vertex 13.8394 -11.82 2
      vertex 13.3647 -12.3542 4.5
      vertex 13.3647 -12.3542 2
    endloop
  endfacet
  facet normal 0.967616 0.252426 0
    outer loop
      vertex 17.6971 4.2487 4.5
      vertex 17.5167 4.94022 2
      vertex 17.5167 4.94022 4.5
    endloop
  endfacet
  facet normal 0.967616 0.252426 0
    outer loop
      vertex 17.5167 4.94022 2
      vertex 17.6971 4.2487 4.5
      vertex 17.6971 4.2487 2
    endloop
  endfacet
  facet normal 0.944826 0.327573 0
    outer loop
      vertex 17.3092 5.62411 4.5
      vertex 17.0751 6.29933 2
      vertex 17.0751 6.29933 4.5
    endloop
  endfacet
  facet normal 0.944826 0.327573 0
    outer loop
      vertex 17.0751 6.29933 2
      vertex 17.3092 5.62411 4.5
      vertex 17.3092 5.62411 2
    endloop
  endfacet
  facet normal 0.881916 0.471406 0
    outer loop
      vertex 16.2163 8.26263 4.5
      vertex 15.8794 8.89291 2
      vertex 15.8794 8.89291 4.5
    endloop
  endfacet
  facet normal 0.881916 0.471406 0
    outer loop
      vertex 15.8794 8.89291 2
      vertex 16.2163 8.26263 4.5
      vertex 16.2163 8.26263 2
    endloop
  endfacet
  facet normal 0.773028 0.634372 0
    outer loop
      vertex 14.2928 11.2675 4.5
      vertex 13.8394 11.82 2
      vertex 13.8394 11.82 4.5
    endloop
  endfacet
  facet normal 0.773028 0.634372 0
    outer loop
      vertex 13.8394 11.82 2
      vertex 14.2928 11.2675 4.5
      vertex 14.2928 11.2675 2
    endloop
  endfacet
  facet normal -0.0195896 0.999808 0
    outer loop
      vertex 0 18.2 2
      vertex -0.714528 18.186 4.5
      vertex 0 18.2 4.5
    endloop
  endfacet
  facet normal -0.0195896 0.999808 0
    outer loop
      vertex -0.714528 18.186 4.5
      vertex 0 18.2 2
      vertex -0.714528 18.186 2
    endloop
  endfacet
  facet normal -0.603532 0.797339 0
    outer loop
      vertex -10.6977 14.7241 2
      vertex -11.2675 14.2928 4.5
      vertex -10.6977 14.7241 4.5
    endloop
  endfacet
  facet normal -0.603532 0.797339 0
    outer loop
      vertex -11.2675 14.2928 4.5
      vertex -10.6977 14.7241 2
      vertex -11.2675 14.2928 2
    endloop
  endfacet
  facet normal -0.436424 0.899741 0
    outer loop
      vertex -7.61961 16.5282 2
      vertex -8.26263 16.2163 4.5
      vertex -7.61961 16.5282 4.5
    endloop
  endfacet
  facet normal -0.436424 0.899741 0
    outer loop
      vertex -8.26263 16.2163 4.5
      vertex -7.61961 16.5282 2
      vertex -8.26263 16.2163 2
    endloop
  endfacet
  facet normal -0.252426 0.967616 0
    outer loop
      vertex -4.2487 17.6971 2
      vertex -4.94022 17.5167 4.5
      vertex -4.2487 17.6971 4.5
    endloop
  endfacet
  facet normal -0.252426 0.967616 0
    outer loop
      vertex -4.94022 17.5167 4.5
      vertex -4.2487 17.6971 2
      vertex -4.94022 17.5167 2
    endloop
  endfacet
  facet normal -0.214364 0.976754 0
    outer loop
      vertex -3.55064 17.8503 2
      vertex -4.2487 17.6971 4.5
      vertex -3.55064 17.8503 4.5
    endloop
  endfacet
  facet normal -0.214364 0.976754 0
    outer loop
      vertex -4.2487 17.6971 4.5
      vertex -3.55064 17.8503 2
      vertex -4.2487 17.6971 2
    endloop
  endfacet
  facet normal -0.931203 0.3645 0
    outer loop
      vertex -17.0751 6.29933 2
      vertex -16.8146 6.96484 4.5
      vertex -16.8146 6.96484 2
    endloop
  endfacet
  facet normal -0.931203 0.3645 0
    outer loop
      vertex -16.8146 6.96484 4.5
      vertex -17.0751 6.29933 2
      vertex -17.0751 6.29933 4.5
    endloop
  endfacet
  facet normal -0.967616 0.252426 0
    outer loop
      vertex -17.6971 4.2487 2
      vertex -17.5167 4.94022 4.5
      vertex -17.5167 4.94022 2
    endloop
  endfacet
  facet normal -0.967616 0.252426 0
    outer loop
      vertex -17.5167 4.94022 4.5
      vertex -17.6971 4.2487 2
      vertex -17.6971 4.2487 4.5
    endloop
  endfacet
  facet normal -0.956923 0.290341 0
    outer loop
      vertex -17.5167 4.94022 2
      vertex -17.3092 5.62411 4.5
      vertex -17.3092 5.62411 2
    endloop
  endfacet
  facet normal -0.956923 0.290341 0
    outer loop
      vertex -17.3092 5.62411 4.5
      vertex -17.5167 4.94022 2
      vertex -17.5167 4.94022 4.5
    endloop
  endfacet
  facet normal 0 0 1
    outer loop
      vertex 12.3542 13.3647 4.5
      vertex 11.9324 12.392 4.5
      vertex 12.635 13.0946 4.5
    endloop
  endfacet
  facet normal 0 0 1
    outer loop
      vertex 11.5396 12.4835 4.5
      vertex 12.3542 13.3647 4.5
      vertex 11.82 13.8394 4.5
    endloop
  endfacet
  facet normal 0 0 1
    outer loop
      vertex 17 0 4.5
      vertex 18.2 0 4.5
      vertex 18.186 0.714528 4.5
    endloop
  endfacet
  facet normal 0 0 1
    outer loop
      vertex 16.9869 0.667417 4.5
      vertex 18.186 0.714528 4.5
      vertex 18.1439 1.42795 4.5
    endloop
  endfacet
  facet normal 0 0 1
    outer loop
      vertex 18.2 0 4.5
      vertex 17 0 4.5
      vertex 18.186 -0.714528 4.5
    endloop
  endfacet
  facet normal 0 0 1
    outer loop
      vertex 16.9476 1.3338 4.5
      vertex 18.1439 1.42795 4.5
      vertex 18.0738 2.13918 4.5
    endloop
  endfacet
  facet normal -0 0 1
    outer loop
      vertex 16.9869 -0.667417 4.5
      vertex 18.186 -0.714528 4.5
      vertex 17 0 4.5
    endloop
  endfacet
  facet normal 0 0 1
    outer loop
      vertex 16.8822 1.99814 4.5
      vertex 18.0738 2.13918 4.5
      vertex 17.9759 2.84711 4.5
    endloop
  endfacet
  facet normal 0 0 1
    outer loop
      vertex 18.186 -0.714528 4.5
      vertex 16.9869 -0.667417 4.5
      vertex 18.1439 -1.42795 4.5
    endloop
  endfacet
  facet normal 0 0 1
    outer loop
      vertex 16.7907 2.65939 4.5
      vertex 17.9759 2.84711 4.5
      vertex 17.8503 3.55064 4.5
    endloop
  endfacet
  facet normal -0 0 1
    outer loop
      vertex 16.9476 -1.3338 4.5
      vertex 18.1439 -1.42795 4.5
      vertex 16.9869 -0.667417 4.5
    endloop
  endfacet
  facet normal 0 0 1
    outer loop
      vertex 16.6733 3.31653 4.5
      vertex 17.8503 3.55064 4.5
      vertex 17.6971 4.2487 4.5
    endloop
  endfacet
  facet normal 0 0 1
    outer loop
      vertex 18.1439 -1.42795 4.5
      vertex 16.9476 -1.3338 4.5
      vertex 18.0738 -2.13918 4.5
    endloop
  endfacet
  facet normal 0 0 1
    outer loop
      vertex 16.5303 3.96857 4.5
      vertex 17.6971 4.2487 4.5
      vertex 17.5167 4.94022 4.5
    endloop
  endfacet
  facet normal -0 0 1
    outer loop
      vertex 16.8822 -1.99814 4.5
      vertex 18.0738 -2.13918 4.5
      vertex 16.9476 -1.3338 4.5
    endloop
  endfacet
  facet normal 0 0 1
    outer loop
      vertex 16.3617 4.61449 4.5
      vertex 17.5167 4.94022 4.5
      vertex 17.3092 5.62411 4.5
    endloop
  endfacet
  facet normal 0 0 1
    outer loop
      vertex 18.0738 -2.13918 4.5
      vertex 16.8822 -1.99814 4.5
      vertex 17.9759 -2.84711 4.5
    endloop
  endfacet
  facet normal 0 0 1
    outer loop
      vertex 16.168 5.25329 4.5
      vertex 17.3092 5.62411 4.5
      vertex 17.0751 6.29933 4.5
    endloop
  endfacet
  facet normal -0 0 1
    outer loop
      vertex 16.7907 -2.65939 4.5
      vertex 17.9759 -2.84711 4.5
      vertex 16.8822 -1.99814 4.5
    endloop
  endfacet
  facet normal 0 0 1
    outer loop
      vertex 17.9759 -2.84711 4.5
      vertex 16.7907 -2.65939 4.5
      vertex 17.8503 -3.55064 4.5
    endloop
  endfacet
  facet normal 0 0 1
    outer loop
      vertex 18.186 0.714528 4.5
      vertex 16.9869 0.667417 4.5
      vertex 17 0 4.5
    endloop
  endfacet
  facet normal 0 0 1
    outer loop
      vertex 18.1439 1.42795 4.5
      vertex 16.9476 1.3338 4.5
      vertex 16.9869 0.667417 4.5
    endloop
  endfacet
  facet normal 0 0 1
    outer loop
      vertex 18.0738 2.13918 4.5
      vertex 16.8822 1.99814 4.5
      vertex 16.9476 1.3338 4.5
    endloop
  endfacet
  facet normal 0 0 1
    outer loop
      vertex 15.9493 5.88399 4.5
      vertex 17.0751 6.29933 4.5
      vertex 16.8146 6.96484 4.5
    endloop
  endfacet
  facet normal 0 0 1
    outer loop
      vertex 17.9759 2.84711 4.5
      vertex 16.7907 2.65939 4.5
      vertex 16.8822 1.99814 4.5
    endloop
  endfacet
  facet normal 0 0 1
    outer loop
      vertex 17.8503 3.55064 4.5
      vertex 16.6733 3.31653 4.5
      vertex 16.7907 2.65939 4.5
    endloop
  endfacet
  facet normal 0 0 1
    outer loop
      vertex 17.6971 4.2487 4.5
      vertex 16.5303 3.96857 4.5
      vertex 16.6733 3.31653 4.5
    endloop
  endfacet
  facet normal 0 0 1
    outer loop
      vertex 15.706 6.50562 4.5
      vertex 16.8146 6.96484 4.5
      vertex 16.5282 7.61961 4.5
    endloop
  endfacet
  facet normal 0 0 1
    outer loop
      vertex 17.5167 4.94022 4.5
      vertex 16.3617 4.61449 4.5
      vertex 16.5303 3.96857 4.5
    endloop
  endfacet
  facet normal 0 0 1
    outer loop
      vertex 15.4384 7.11722 4.5
      vertex 16.5282 7.61961 4.5
      vertex 16.2163 8.26263 4.5
    endloop
  endfacet
  facet normal 0 0 1
    outer loop
      vertex 17.3092 5.62411 4.5
      vertex 16.168 5.25329 4.5
      vertex 16.3617 4.61449 4.5
    endloop
  endfacet
  facet normal 0 0 1
    outer loop
      vertex 17.0751 6.29933 4.5
      vertex 15.9493 5.88399 4.5
      vertex 16.168 5.25329 4.5
    endloop
  endfacet
  facet normal 0 0 1
    outer loop
      vertex 15.1471 7.71784 4.5
      vertex 16.2163 8.26263 4.5
      vertex 15.8794 8.89291 4.5
    endloop
  endfacet
  facet normal 0 0 1
    outer loop
      vertex 16.8146 6.96484 4.5
      vertex 15.706 6.50562 4.5
      vertex 15.9493 5.88399 4.5
    endloop
  endfacet
  facet normal 0 0 1
    outer loop
      vertex 14.8324 8.30656 4.5
      vertex 15.8794 8.89291 4.5
      vertex 15.5181 9.50947 4.5
    endloop
  endfacet
  facet normal 0 0 1
    outer loop
      vertex 16.5282 7.61961 4.5
      vertex 15.4384 7.11722 4.5
      vertex 15.706 6.50562 4.5
    endloop
  endfacet
  facet normal 0 0 1
    outer loop
      vertex 16.2163 8.26263 4.5
      vertex 15.1471 7.71784 4.5
      vertex 15.4384 7.11722 4.5
    endloop
  endfacet
  facet normal 0 0 1
    outer loop
      vertex 14.4949 8.88247 4.5
      vertex 15.5181 9.50947 4.5
      vertex 15.1327 10.1114 4.5
    endloop
  endfacet
  facet normal 0 0 1
    outer loop
      vertex 15.8794 8.89291 4.5
      vertex 14.8324 8.30656 4.5
      vertex 15.1471 7.71784 4.5
    endloop
  endfacet
  facet normal 0 0 1
    outer loop
      vertex 14.135 9.44469 4.5
      vertex 15.1327 10.1114 4.5
      vertex 14.7241 10.6977 4.5
    endloop
  endfacet
  facet normal 0 0 1
    outer loop
      vertex 15.5181 9.50947 4.5
      vertex 14.4949 8.88247 4.5
      vertex 14.8324 8.30656 4.5
    endloop
  endfacet
  facet normal 0 0 1
    outer loop
      vertex 13.7533 9.99235 4.5
      vertex 14.7241 10.6977 4.5
      vertex 14.2928 11.2675 4.5
    endloop
  endfacet
  facet normal 0 0 1
    outer loop
      vertex 15.1327 10.1114 4.5
      vertex 14.135 9.44469 4.5
      vertex 14.4949 8.88247 4.5
    endloop
  endfacet
  facet normal 0 0 1
    outer loop
      vertex 13.3504 10.5246 4.5
      vertex 14.2928 11.2675 4.5
      vertex 13.8394 11.82 4.5
    endloop
  endfacet
  facet normal 0 0 1
    outer loop
      vertex 14.7241 10.6977 4.5
      vertex 13.7533 9.99235 4.5
      vertex 14.135 9.44469 4.5
    endloop
  endfacet
  facet normal 0 0 1
    outer loop
      vertex 12.9269 11.0406 4.5
      vertex 13.8394 11.82 4.5
      vertex 13.3647 12.3542 4.5
    endloop
  endfacet
  facet normal 0 0 1
    outer loop
      vertex 14.2928 11.2675 4.5
      vertex 13.3504 10.5246 4.5
      vertex 13.7533 9.99235 4.5
    endloop
  endfacet
  facet normal 0 0 1
    outer loop
      vertex 12.392 11.9324 4.5
      vertex 13.3647 12.3542 4.5
      vertex 13.0946 12.635 4.5
    endloop
  endfacet
  facet normal 0 0 1
    outer loop
      vertex 13.8394 11.82 4.5
      vertex 12.9269 11.0406 4.5
      vertex 13.3504 10.5246 4.5
    endloop
  endfacet
  facet normal 0 0 1
    outer loop
      vertex 13.3647 12.3542 4.5
      vertex 12.4835 11.5396 4.5
      vertex 12.9269 11.0406 4.5
    endloop
  endfacet
  facet normal 0 0 1
    outer loop
      vertex 13.3647 12.3542 4.5
      vertex 12.392 11.9324 4.5
      vertex 12.4835 11.5396 4.5
    endloop
  endfacet
  facet normal 0 0 1
    outer loop
      vertex 12.392 11.9324 4.5
      vertex 12.0208 12.0208 4.5
      vertex 12.4835 11.5396 4.5
    endloop
  endfacet
  facet normal 0 0 1
    outer loop
      vertex 11.9324 12.392 4.5
      vertex 12.0208 12.0208 4.5
      vertex 12.392 11.9324 4.5
    endloop
  endfacet
  facet normal 0 0 1
    outer loop
      vertex 11.9324 12.392 4.5
      vertex 11.5396 12.4835 4.5
      vertex 12.0208 12.0208 4.5
    endloop
  endfacet
  facet normal 0 0 1
    outer loop
      vertex 12.3542 13.3647 4.5
      vertex 11.5396 12.4835 4.5
      vertex 11.9324 12.392 4.5
    endloop
  endfacet
  facet normal 0 0 1
    outer loop
      vertex 11.0406 12.9269 4.5
      vertex 11.82 13.8394 4.5
      vertex 11.2675 14.2928 4.5
    endloop
  endfacet
  facet normal 0 0 1
    outer loop
      vertex 11.82 13.8394 4.5
      vertex 11.0406 12.9269 4.5
      vertex 11.5396 12.4835 4.5
    endloop
  endfacet
  facet normal 0 0 1
    outer loop
      vertex 10.5246 13.3504 4.5
      vertex 11.2675 14.2928 4.5
      vertex 10.6977 14.7241 4.5
    endloop
  endfacet
  facet normal 0 0 1
    outer loop
      vertex 11.2675 14.2928 4.5
      vertex 10.5246 13.3504 4.5
      vertex 11.0406 12.9269 4.5
    endloop
  endfacet
  facet normal 0 0 1
    outer loop
      vertex 9.99235 13.7533 4.5
      vertex 10.6977 14.7241 4.5
      vertex 10.1114 15.1327 4.5
    endloop
  endfacet
  facet normal 0 0 1
    outer loop
      vertex 10.6977 14.7241 4.5
      vertex 9.99235 13.7533 4.5
      vertex 10.5246 13.3504 4.5
    endloop
  endfacet
  facet normal 0 0 1
    outer loop
      vertex 9.44469 14.135 4.5
      vertex 10.1114 15.1327 4.5
      vertex 9.50947 15.5181 4.5
    endloop
  endfacet
  facet normal 0 0 1
    outer loop
      vertex 10.1114 15.1327 4.5
      vertex 9.44469 14.135 4.5
      vertex 9.99235 13.7533 4.5
    endloop
  endfacet
  facet normal 0 0 1
    outer loop
      vertex 8.88247 14.4949 4.5
      vertex 9.50947 15.5181 4.5
      vertex 8.89291 15.8794 4.5
    endloop
  endfacet
  facet normal 0 0 1
    outer loop
      vertex 9.50947 15.5181 4.5
      vertex 8.88247 14.4949 4.5
      vertex 9.44469 14.135 4.5
    endloop
  endfacet
  facet normal 0 0 1
    outer loop
      vertex 8.89291 15.8794 4.5
      vertex 8.30656 14.8324 4.5
      vertex 8.88247 14.4949 4.5
    endloop
  endfacet
  facet normal 0 0 1
    outer loop
      vertex 8.26263 16.2163 4.5
      vertex 8.30656 14.8324 4.5
      vertex 8.89291 15.8794 4.5
    endloop
  endfacet
  facet normal 0 0 1
    outer loop
      vertex 8.26263 16.2163 4.5
      vertex 7.71784 15.1471 4.5
      vertex 8.30656 14.8324 4.5
    endloop
  endfacet
  facet normal 0 0 1
    outer loop
      vertex 7.61961 16.5282 4.5
      vertex 7.71784 15.1471 4.5
      vertex 8.26263 16.2163 4.5
    endloop
  endfacet
  facet normal 0 0 1
    outer loop
      vertex 7.61961 16.5282 4.5
      vertex 7.11722 15.4384 4.5
      vertex 7.71784 15.1471 4.5
    endloop
  endfacet
  facet normal 0 0 1
    outer loop
      vertex 6.96484 16.8146 4.5
      vertex 7.11722 15.4384 4.5
      vertex 7.61961 16.5282 4.5
    endloop
  endfacet
  facet normal 0 0 1
    outer loop
      vertex 6.96484 16.8146 4.5
      vertex 6.50562 15.706 4.5
      vertex 7.11722 15.4384 4.5
    endloop
  endfacet
  facet normal 0 0 1
    outer loop
      vertex 6.29933 17.0751 4.5
      vertex 6.50562 15.706 4.5
      vertex 6.96484 16.8146 4.5
    endloop
  endfacet
  facet normal 0 0 1
    outer loop
      vertex 6.29933 17.0751 4.5
      vertex 5.88399 15.9493 4.5
      vertex 6.50562 15.706 4.5
    endloop
  endfacet
  facet normal 0 0 1
    outer loop
      vertex 5.62411 17.3092 4.5
      vertex 5.88399 15.9493 4.5
      vertex 6.29933 17.0751 4.5
    endloop
  endfacet
  facet normal 0 0 1
    outer loop
      vertex 5.62411 17.3092 4.5
      vertex 5.25329 16.168 4.5
      vertex 5.88399 15.9493 4.5
    endloop
  endfacet
  facet normal 0 0 1
    outer loop
      vertex 4.94022 17.5167 4.5
      vertex 5.25329 16.168 4.5
      vertex 5.62411 17.3092 4.5
    endloop
  endfacet
  facet normal 0 0 1
    outer loop
      vertex 4.94022 17.5167 4.5
      vertex 4.61449 16.3617 4.5
      vertex 5.25329 16.168 4.5
    endloop
  endfacet
  facet normal 0 0 1
    outer loop
      vertex 4.2487 17.6971 4.5
      vertex 4.61449 16.3617 4.5
      vertex 4.94022 17.5167 4.5
    endloop
  endfacet
  facet normal 0 0 1
    outer loop
      vertex 4.2487 17.6971 4.5
      vertex 3.96857 16.5303 4.5
      vertex 4.61449 16.3617 4.5
    endloop
  endfacet
  facet normal 0 0 1
    outer loop
      vertex 3.55064 17.8503 4.5
      vertex 3.96857 16.5303 4.5
      vertex 4.2487 17.6971 4.5
    endloop
  endfacet
  facet normal 0 0 1
    outer loop
      vertex 3.55064 17.8503 4.5
      vertex 3.31653 16.6733 4.5
      vertex 3.96857 16.5303 4.5
    endloop
  endfacet
  facet normal 0 0 1
    outer loop
      vertex 2.84711 17.9759 4.5
      vertex 3.31653 16.6733 4.5
      vertex 3.55064 17.8503 4.5
    endloop
  endfacet
  facet normal 0 0 1
    outer loop
      vertex 2.84711 17.9759 4.5
      vertex 2.65939 16.7907 4.5
      vertex 3.31653 16.6733 4.5
    endloop
  endfacet
  facet normal 0 0 1
    outer loop
      vertex 2.13918 18.0738 4.5
      vertex 2.65939 16.7907 4.5
      vertex 2.84711 17.9759 4.5
    endloop
  endfacet
  facet normal 0 0 1
    outer loop
      vertex 2.13918 18.0738 4.5
      vertex 1.99814 16.8822 4.5
      vertex 2.65939 16.7907 4.5
    endloop
  endfacet
  facet normal 0 0 1
    outer loop
      vertex 1.42795 18.1439 4.5
      vertex 1.99814 16.8822 4.5
      vertex 2.13918 18.0738 4.5
    endloop
  endfacet
  facet normal 0 0 1
    outer loop
      vertex 1.42795 18.1439 4.5
      vertex 1.3338 16.9476 4.5
      vertex 1.99814 16.8822 4.5
    endloop
  endfacet
  facet normal 0 0 1
    outer loop
      vertex 0.714528 18.186 4.5
      vertex 1.3338 16.9476 4.5
      vertex 1.42795 18.1439 4.5
    endloop
  endfacet
  facet normal 0 0 1
    outer loop
      vertex 0.714528 18.186 4.5
      vertex 0.667417 16.9869 4.5
      vertex 1.3338 16.9476 4.5
    endloop
  endfacet
  facet normal 0 0 1
    outer loop
      vertex 0 18.2 4.5
      vertex 0.667417 16.9869 4.5
      vertex 0.714528 18.186 4.5
    endloop
  endfacet
  facet normal 0 0 1
    outer loop
      vertex 0 18.2 4.5
      vertex 0 17 4.5
      vertex 0.667417 16.9869 4.5
    endloop
  endfacet
  facet normal 0 0 1
    outer loop
      vertex 0 18.2 4.5
      vertex -0.667417 16.9869 4.5
      vertex 0 17 4.5
    endloop
  endfacet
  facet normal -0 0 1
    outer loop
      vertex -0.714528 18.186 4.5
      vertex -0.667417 16.9869 4.5
      vertex 0 18.2 4.5
    endloop
  endfacet
  facet normal 0 0 1
    outer loop
      vertex -0.714528 18.186 4.5
      vertex -1.3338 16.9476 4.5
      vertex -0.667417 16.9869 4.5
    endloop
  endfacet
  facet normal -0 0 1
    outer loop
      vertex -1.42795 18.1439 4.5
      vertex -1.3338 16.9476 4.5
      vertex -0.714528 18.186 4.5
    endloop
  endfacet
  facet normal 0 0 1
    outer loop
      vertex -1.42795 18.1439 4.5
      vertex -1.99814 16.8822 4.5
      vertex -1.3338 16.9476 4.5
    endloop
  endfacet
  facet normal -0 0 1
    outer loop
      vertex -2.13918 18.0738 4.5
      vertex -1.99814 16.8822 4.5
      vertex -1.42795 18.1439 4.5
    endloop
  endfacet
  facet normal 0 0 1
    outer loop
      vertex -2.13918 18.0738 4.5
      vertex -2.65939 16.7907 4.5
      vertex -1.99814 16.8822 4.5
    endloop
  endfacet
  facet normal -0 0 1
    outer loop
      vertex -2.84711 17.9759 4.5
      vertex -2.65939 16.7907 4.5
      vertex -2.13918 18.0738 4.5
    endloop
  endfacet
  facet normal 0 0 1
    outer loop
      vertex -2.84711 17.9759 4.5
      vertex -3.31653 16.6733 4.5
      vertex -2.65939 16.7907 4.5
    endloop
  endfacet
  facet normal -0 0 1
    outer loop
      vertex -3.55064 17.8503 4.5
      vertex -3.31653 16.6733 4.5
      vertex -2.84711 17.9759 4.5
    endloop
  endfacet
  facet normal 0 0 1
    outer loop
      vertex -3.55064 17.8503 4.5
      vertex -3.96857 16.5303 4.5
      vertex -3.31653 16.6733 4.5
    endloop
  endfacet
  facet normal -0 0 1
    outer loop
      vertex -4.2487 17.6971 4.5
      vertex -3.96857 16.5303 4.5
      vertex -3.55064 17.8503 4.5
    endloop
  endfacet
  facet normal 0 0 1
    outer loop
      vertex -4.2487 17.6971 4.5
      vertex -4.61449 16.3617 4.5
      vertex -3.96857 16.5303 4.5
    endloop
  endfacet
  facet normal -0 0 1
    outer loop
      vertex -4.94022 17.5167 4.5
      vertex -4.61449 16.3617 4.5
      vertex -4.2487 17.6971 4.5
    endloop
  endfacet
  facet normal 0 0 1
    outer loop
      vertex -4.94022 17.5167 4.5
      vertex -5.25329 16.168 4.5
      vertex -4.61449 16.3617 4.5
    endloop
  endfacet
  facet normal -0 0 1
    outer loop
      vertex -5.62411 17.3092 4.5
      vertex -5.25329 16.168 4.5
      vertex -4.94022 17.5167 4.5
    endloop
  endfacet
  facet normal 0 0 1
    outer loop
      vertex -5.62411 17.3092 4.5
      vertex -5.88399 15.9493 4.5
      vertex -5.25329 16.168 4.5
    endloop
  endfacet
  facet normal -0 0 1
    outer loop
      vertex -6.29933 17.0751 4.5
      vertex -5.88399 15.9493 4.5
      vertex -5.62411 17.3092 4.5
    endloop
  endfacet
  facet normal 0 0 1
    outer loop
      vertex -6.29933 17.0751 4.5
      vertex -6.50562 15.706 4.5
      vertex -5.88399 15.9493 4.5
    endloop
  endfacet
  facet normal -0 0 1
    outer loop
      vertex -6.96484 16.8146 4.5
      vertex -6.50562 15.706 4.5
      vertex -6.29933 17.0751 4.5
    endloop
  endfacet
  facet normal 0 0 1
    outer loop
      vertex -6.96484 16.8146 4.5
      vertex -7.11722 15.4384 4.5
      vertex -6.50562 15.706 4.5
    endloop
  endfacet
  facet normal -0 0 1
    outer loop
      vertex -7.61961 16.5282 4.5
      vertex -7.11722 15.4384 4.5
      vertex -6.96484 16.8146 4.5
    endloop
  endfacet
  facet normal 0 0 1
    outer loop
      vertex -7.61961 16.5282 4.5
      vertex -7.71784 15.1471 4.5
      vertex -7.11722 15.4384 4.5
    endloop
  endfacet
  facet normal -0 0 1
    outer loop
      vertex -8.26263 16.2163 4.5
      vertex -7.71784 15.1471 4.5
      vertex -7.61961 16.5282 4.5
    endloop
  endfacet
  facet normal 0 0 1
    outer loop
      vertex -8.26263 16.2163 4.5
      vertex -8.30656 14.8324 4.5
      vertex -7.71784 15.1471 4.5
    endloop
  endfacet
  facet normal -0 0 1
    outer loop
      vertex -8.89291 15.8794 4.5
      vertex -8.30656 14.8324 4.5
      vertex -8.26263 16.2163 4.5
    endloop
  endfacet
  facet normal 0 0 1
    outer loop
      vertex -8.30656 14.8324 4.5
      vertex -8.89291 15.8794 4.5
      vertex -8.88247 14.4949 4.5
    endloop
  endfacet
  facet normal -0 0 1
    outer loop
      vertex -9.50947 15.5181 4.5
      vertex -8.88247 14.4949 4.5
      vertex -8.89291 15.8794 4.5
    endloop
  endfacet
  facet normal 0 0 1
    outer loop
      vertex -8.88247 14.4949 4.5
      vertex -9.50947 15.5181 4.5
      vertex -9.44469 14.135 4.5
    endloop
  endfacet
  facet normal -0 0 1
    outer loop
      vertex -10.1114 15.1327 4.5
      vertex -9.44469 14.135 4.5
      vertex -9.50947 15.5181 4.5
    endloop
  endfacet
  facet normal 0 0 1
    outer loop
      vertex -9.44469 14.135 4.5
      vertex -10.1114 15.1327 4.5
      vertex -9.99235 13.7533 4.5
    endloop
  endfacet
  facet normal -0 0 1
    outer loop
      vertex -10.6977 14.7241 4.5
      vertex -9.99235 13.7533 4.5
      vertex -10.1114 15.1327 4.5
    endloop
  endfacet
  facet normal 0 0 1
    outer loop
      vertex -9.99235 13.7533 4.5
      vertex -10.6977 14.7241 4.5
      vertex -10.5246 13.3504 4.5
    endloop
  endfacet
  facet normal -0 0 1
    outer loop
      vertex -11.2675 14.2928 4.5
      vertex -10.5246 13.3504 4.5
      vertex -10.6977 14.7241 4.5
    endloop
  endfacet
  facet normal 0 0 1
    outer loop
      vertex -10.5246 13.3504 4.5
      vertex -11.2675 14.2928 4.5
      vertex -11.0406 12.9269 4.5
    endloop
  endfacet
  facet normal -0 0 1
    outer loop
      vertex -11.82 13.8394 4.5
      vertex -11.0406 12.9269 4.5
      vertex -11.2675 14.2928 4.5
    endloop
  endfacet
  facet normal 0 0 1
    outer loop
      vertex -11.0406 12.9269 4.5
      vertex -11.82 13.8394 4.5
      vertex -11.5396 12.4835 4.5
    endloop
  endfacet
  facet normal -0 0 1
    outer loop
      vertex -12.3542 13.3647 4.5
      vertex -11.5396 12.4835 4.5
      vertex -11.82 13.8394 4.5
    endloop
  endfacet
  facet normal -0 0 1
    outer loop
      vertex -11.9324 12.392 4.5
      vertex -12.0208 12.0208 4.5
      vertex -11.5396 12.4835 4.5
    endloop
  endfacet
  facet normal 0 0 1
    outer loop
      vertex -12.392 11.9324 4.5
      vertex -12.0208 12.0208 4.5
      vertex -11.9324 12.392 4.5
    endloop
  endfacet
  facet normal -0 0 1
    outer loop
      vertex -12.392 11.9324 4.5
      vertex -12.4835 11.5396 4.5
      vertex -12.0208 12.0208 4.5
    endloop
  endfacet
  facet normal 0 0 1
    outer loop
      vertex -13.3647 12.3542 4.5
      vertex -12.4835 11.5396 4.5
      vertex -12.392 11.9324 4.5
    endloop
  endfacet
  facet normal -0 0 1
    outer loop
      vertex -13.3647 12.3542 4.5
      vertex -12.392 11.9324 4.5
      vertex -13.0946 12.635 4.5
    endloop
  endfacet
  facet normal 0 0 1
    outer loop
      vertex -12.4835 11.5396 4.5
      vertex -13.3647 12.3542 4.5
      vertex -12.9269 11.0406 4.5
    endloop
  endfacet
  facet normal -0 0 1
    outer loop
      vertex -13.8394 11.82 4.5
      vertex -12.9269 11.0406 4.5
      vertex -13.3647 12.3542 4.5
    endloop
  endfacet
  facet normal 0 0 1
    outer loop
      vertex -12.9269 11.0406 4.5
      vertex -13.8394 11.82 4.5
      vertex -13.3504 10.5246 4.5
    endloop
  endfacet
  facet normal -0 0 1
    outer loop
      vertex -14.2928 11.2675 4.5
      vertex -13.3504 10.5246 4.5
      vertex -13.8394 11.82 4.5
    endloop
  endfacet
  facet normal 0 0 1
    outer loop
      vertex -13.3504 10.5246 4.5
      vertex -14.2928 11.2675 4.5
      vertex -13.7533 9.99235 4.5
    endloop
  endfacet
  facet normal -0 0 1
    outer loop
      vertex -14.7241 10.6977 4.5
      vertex -13.7533 9.99235 4.5
      vertex -14.2928 11.2675 4.5
    endloop
  endfacet
  facet normal 0 0 1
    outer loop
      vertex -13.7533 9.99235 4.5
      vertex -14.7241 10.6977 4.5
      vertex -14.135 9.44469 4.5
    endloop
  endfacet
  facet normal -0 0 1
    outer loop
      vertex -15.1327 10.1114 4.5
      vertex -14.135 9.44469 4.5
      vertex -14.7241 10.6977 4.5
    endloop
  endfacet
  facet normal 0 0 1
    outer loop
      vertex -14.135 9.44469 4.5
      vertex -15.1327 10.1114 4.5
      vertex -14.4949 8.88247 4.5
    endloop
  endfacet
  facet normal -0 0 1
    outer loop
      vertex -15.5181 9.50947 4.5
      vertex -14.4949 8.88247 4.5
      vertex -15.1327 10.1114 4.5
    endloop
  endfacet
  facet normal 0 0 1
    outer loop
      vertex -14.4949 8.88247 4.5
      vertex -15.5181 9.50947 4.5
      vertex -14.8324 8.30656 4.5
    endloop
  endfacet
  facet normal -0 0 1
    outer loop
      vertex -15.8794 8.89291 4.5
      vertex -14.8324 8.30656 4.5
      vertex -15.5181 9.50947 4.5
    endloop
  endfacet
  facet normal 0 0 1
    outer loop
      vertex -14.8324 8.30656 4.5
      vertex -15.8794 8.89291 4.5
      vertex -15.1471 7.71784 4.5
    endloop
  endfacet
  facet normal -0 0 1
    outer loop
      vertex -16.2163 8.26263 4.5
      vertex -15.1471 7.71784 4.5
      vertex -15.8794 8.89291 4.5
    endloop
  endfacet
  facet normal 0 0 1
    outer loop
      vertex -15.1471 7.71784 4.5
      vertex -16.2163 8.26263 4.5
      vertex -15.4384 7.11722 4.5
    endloop
  endfacet
  facet normal -0 0 1
    outer loop
      vertex -16.5282 7.61961 4.5
      vertex -15.4384 7.11722 4.5
      vertex -16.2163 8.26263 4.5
    endloop
  endfacet
  facet normal 0 0 1
    outer loop
      vertex -15.4384 7.11722 4.5
      vertex -16.5282 7.61961 4.5
      vertex -15.706 6.50562 4.5
    endloop
  endfacet
  facet normal -0 0 1
    outer loop
      vertex -16.8146 6.96484 4.5
      vertex -15.706 6.50562 4.5
      vertex -16.5282 7.61961 4.5
    endloop
  endfacet
  facet normal 0 0 1
    outer loop
      vertex -15.706 6.50562 4.5
      vertex -16.8146 6.96484 4.5
      vertex -15.9493 5.88399 4.5
    endloop
  endfacet
  facet normal -0 0 1
    outer loop
      vertex -17.0751 6.29933 4.5
      vertex -15.9493 5.88399 4.5
      vertex -16.8146 6.96484 4.5
    endloop
  endfacet
  facet normal 0 0 1
    outer loop
      vertex -15.9493 5.88399 4.5
      vertex -17.0751 6.29933 4.5
      vertex -16.168 5.25329 4.5
    endloop
  endfacet
  facet normal -0 0 1
    outer loop
      vertex -17.3092 5.62411 4.5
      vertex -16.168 5.25329 4.5
      vertex -17.0751 6.29933 4.5
    endloop
  endfacet
  facet normal 0 0 1
    outer loop
      vertex -16.168 5.25329 4.5
      vertex -17.3092 5.62411 4.5
      vertex -16.3617 4.61449 4.5
    endloop
  endfacet
  facet normal -0 0 1
    outer loop
      vertex -17.5167 4.94022 4.5
      vertex -16.3617 4.61449 4.5
      vertex -17.3092 5.62411 4.5
    endloop
  endfacet
  facet normal 0 0 1
    outer loop
      vertex -16.3617 4.61449 4.5
      vertex -17.5167 4.94022 4.5
      vertex -16.5303 3.96857 4.5
    endloop
  endfacet
  facet normal -0 0 1
    outer loop
      vertex -17.6971 4.2487 4.5
      vertex -16.5303 3.96857 4.5
      vertex -17.5167 4.94022 4.5
    endloop
  endfacet
  facet normal 0 0 1
    outer loop
      vertex -16.5303 3.96857 4.5
      vertex -17.6971 4.2487 4.5
      vertex -16.6733 3.31653 4.5
    endloop
  endfacet
  facet normal 0 0 1
    outer loop
      vertex -16.6733 3.31653 4.5
      vertex -17.8503 3.55064 4.5
      vertex -16.7907 2.65939 4.5
    endloop
  endfacet
  facet normal -0 0 1
    outer loop
      vertex -17.8503 3.55064 4.5
      vertex -16.6733 3.31653 4.5
      vertex -17.6971 4.2487 4.5
    endloop
  endfacet
  facet normal -0 0 1
    outer loop
      vertex 16.6733 -3.31653 4.5
      vertex 17.8503 -3.55064 4.5
      vertex 16.7907 -2.65939 4.5
    endloop
  endfacet
  facet normal 0 0 1
    outer loop
      vertex 17.8503 -3.55064 4.5
      vertex 16.6733 -3.31653 4.5
      vertex 17.6971 -4.2487 4.5
    endloop
  endfacet
  facet normal -0 0 1
    outer loop
      vertex 16.5303 -3.96857 4.5
      vertex 17.6971 -4.2487 4.5
      vertex 16.6733 -3.31653 4.5
    endloop
  endfacet
  facet normal 0 0 1
    outer loop
      vertex 17.6971 -4.2487 4.5
      vertex 16.5303 -3.96857 4.5
      vertex 17.5167 -4.94022 4.5
    endloop
  endfacet
  facet normal -0 0 1
    outer loop
      vertex 16.3617 -4.61449 4.5
      vertex 17.5167 -4.94022 4.5
      vertex 16.5303 -3.96857 4.5
    endloop
  endfacet
  facet normal 0 0 1
    outer loop
      vertex 17.5167 -4.94022 4.5
      vertex 16.3617 -4.61449 4.5
      vertex 17.3092 -5.62411 4.5
    endloop
  endfacet
  facet normal -0 0 1
    outer loop
      vertex 16.168 -5.25329 4.5
      vertex 17.3092 -5.62411 4.5
      vertex 16.3617 -4.61449 4.5
    endloop
  endfacet
  facet normal 0 0 1
    outer loop
      vertex 17.3092 -5.62411 4.5
      vertex 16.168 -5.25329 4.5
      vertex 17.0751 -6.29933 4.5
    endloop
  endfacet
  facet normal -0 0 1
    outer loop
      vertex 15.9493 -5.88399 4.5
      vertex 17.0751 -6.29933 4.5
      vertex 16.168 -5.25329 4.5
    endloop
  endfacet
  facet normal 0 0 1
    outer loop
      vertex 17.0751 -6.29933 4.5
      vertex 15.9493 -5.88399 4.5
      vertex 16.8146 -6.96484 4.5
    endloop
  endfacet
  facet normal -0 0 1
    outer loop
      vertex 15.706 -6.50562 4.5
      vertex 16.8146 -6.96484 4.5
      vertex 15.9493 -5.88399 4.5
    endloop
  endfacet
  facet normal 0 0 1
    outer loop
      vertex 16.8146 -6.96484 4.5
      vertex 15.706 -6.50562 4.5
      vertex 16.5282 -7.61961 4.5
    endloop
  endfacet
  facet normal -0 0 1
    outer loop
      vertex 15.4384 -7.11722 4.5
      vertex 16.5282 -7.61961 4.5
      vertex 15.706 -6.50562 4.5
    endloop
  endfacet
  facet normal 0 0 1
    outer loop
      vertex 16.5282 -7.61961 4.5
      vertex 15.4384 -7.11722 4.5
      vertex 16.2163 -8.26263 4.5
    endloop
  endfacet
  facet normal -0 0 1
    outer loop
      vertex 15.1471 -7.71784 4.5
      vertex 16.2163 -8.26263 4.5
      vertex 15.4384 -7.11722 4.5
    endloop
  endfacet
  facet normal 0 0 1
    outer loop
      vertex 16.2163 -8.26263 4.5
      vertex 15.1471 -7.71784 4.5
      vertex 15.8794 -8.89291 4.5
    endloop
  endfacet
  facet normal -0 0 1
    outer loop
      vertex 14.8324 -8.30656 4.5
      vertex 15.8794 -8.89291 4.5
      vertex 15.1471 -7.71784 4.5
    endloop
  endfacet
  facet normal 0 0 1
    outer loop
      vertex 15.8794 -8.89291 4.5
      vertex 14.8324 -8.30656 4.5
      vertex 15.5181 -9.50947 4.5
    endloop
  endfacet
  facet normal -0 0 1
    outer loop
      vertex 14.4949 -8.88247 4.5
      vertex 15.5181 -9.50947 4.5
      vertex 14.8324 -8.30656 4.5
    endloop
  endfacet
  facet normal 0 0 1
    outer loop
      vertex 15.5181 -9.50947 4.5
      vertex 14.4949 -8.88247 4.5
      vertex 15.1327 -10.1114 4.5
    endloop
  endfacet
  facet normal -0 0 1
    outer loop
      vertex 14.135 -9.44469 4.5
      vertex 15.1327 -10.1114 4.5
      vertex 14.4949 -8.88247 4.5
    endloop
  endfacet
  facet normal 0 0 1
    outer loop
      vertex 15.1327 -10.1114 4.5
      vertex 14.135 -9.44469 4.5
      vertex 14.7241 -10.6977 4.5
    endloop
  endfacet
  facet normal -0 0 1
    outer loop
      vertex 13.7533 -9.99235 4.5
      vertex 14.7241 -10.6977 4.5
      vertex 14.135 -9.44469 4.5
    endloop
  endfacet
  facet normal 0 0 1
    outer loop
      vertex 14.7241 -10.6977 4.5
      vertex 13.7533 -9.99235 4.5
      vertex 14.2928 -11.2675 4.5
    endloop
  endfacet
  facet normal -0 0 1
    outer loop
      vertex 13.3504 -10.5246 4.5
      vertex 14.2928 -11.2675 4.5
      vertex 13.7533 -9.99235 4.5
    endloop
  endfacet
  facet normal 0 0 1
    outer loop
      vertex 14.2928 -11.2675 4.5
      vertex 13.3504 -10.5246 4.5
      vertex 13.8394 -11.82 4.5
    endloop
  endfacet
  facet normal -0 0 1
    outer loop
      vertex 12.9269 -11.0406 4.5
      vertex 13.8394 -11.82 4.5
      vertex 13.3504 -10.5246 4.5
    endloop
  endfacet
  facet normal 0 0 1
    outer loop
      vertex 13.8394 -11.82 4.5
      vertex 12.9269 -11.0406 4.5
      vertex 13.3647 -12.3542 4.5
    endloop
  endfacet
  facet normal -0 0 1
    outer loop
      vertex 12.4835 -11.5396 4.5
      vertex 13.3647 -12.3542 4.5
      vertex 12.9269 -11.0406 4.5
    endloop
  endfacet
  facet normal -0 0 1
    outer loop
      vertex 12.392 -11.9324 4.5
      vertex 13.3647 -12.3542 4.5
      vertex 12.4835 -11.5396 4.5
    endloop
  endfacet
  facet normal 0 0 1
    outer loop
      vertex 13.3647 -12.3542 4.5
      vertex 12.392 -11.9324 4.5
      vertex 13.0946 -12.635 4.5
    endloop
  endfacet
  facet normal 0 0 1
    outer loop
      vertex 12.0208 -12.0208 4.5
      vertex 12.392 -11.9324 4.5
      vertex 12.4835 -11.5396 4.5
    endloop
  endfacet
  facet normal -0 0 1
    outer loop
      vertex 12.0208 -12.0208 4.5
      vertex 11.9324 -12.392 4.5
      vertex 12.392 -11.9324 4.5
    endloop
  endfacet
  facet normal 0 0 1
    outer loop
      vertex 11.5396 -12.4835 4.5
      vertex 11.9324 -12.392 4.5
      vertex 12.0208 -12.0208 4.5
    endloop
  endfacet
  facet normal 0 0 1
    outer loop
      vertex 12.3542 -13.3647 4.5
      vertex 11.5396 -12.4835 4.5
      vertex 11.82 -13.8394 4.5
    endloop
  endfacet
  facet normal -0 0 1
    outer loop
      vertex 11.0406 -12.9269 4.5
      vertex 11.82 -13.8394 4.5
      vertex 11.5396 -12.4835 4.5
    endloop
  endfacet
  facet normal 0 0 1
    outer loop
      vertex 11.82 -13.8394 4.5
      vertex 11.0406 -12.9269 4.5
      vertex 11.2675 -14.2928 4.5
    endloop
  endfacet
  facet normal -0 0 1
    outer loop
      vertex 10.5246 -13.3504 4.5
      vertex 11.2675 -14.2928 4.5
      vertex 11.0406 -12.9269 4.5
    endloop
  endfacet
  facet normal 0 0 1
    outer loop
      vertex 11.2675 -14.2928 4.5
      vertex 10.5246 -13.3504 4.5
      vertex 10.6977 -14.7241 4.5
    endloop
  endfacet
  facet normal -0 0 1
    outer loop
      vertex 9.99235 -13.7533 4.5
      vertex 10.6977 -14.7241 4.5
      vertex 10.5246 -13.3504 4.5
    endloop
  endfacet
  facet normal 0 0 1
    outer loop
      vertex 10.6977 -14.7241 4.5
      vertex 9.99235 -13.7533 4.5
      vertex 10.1114 -15.1327 4.5
    endloop
  endfacet
  facet normal -0 0 1
    outer loop
      vertex 9.44469 -14.135 4.5
      vertex 10.1114 -15.1327 4.5
      vertex 9.99235 -13.7533 4.5
    endloop
  endfacet
  facet normal 0 0 1
    outer loop
      vertex 10.1114 -15.1327 4.5
      vertex 9.44469 -14.135 4.5
      vertex 9.50947 -15.5181 4.5
    endloop
  endfacet
  facet normal -0 0 1
    outer loop
      vertex 8.88247 -14.4949 4.5
      vertex 9.50947 -15.5181 4.5
      vertex 9.44469 -14.135 4.5
    endloop
  endfacet
  facet normal 0 0 1
    outer loop
      vertex 9.50947 -15.5181 4.5
      vertex 8.88247 -14.4949 4.5
      vertex 8.89291 -15.8794 4.5
    endloop
  endfacet
  facet normal -0 0 1
    outer loop
      vertex 8.30656 -14.8324 4.5
      vertex 8.89291 -15.8794 4.5
      vertex 8.88247 -14.4949 4.5
    endloop
  endfacet
  facet normal 0 0 1
    outer loop
      vertex 8.30656 -14.8324 4.5
      vertex 8.26263 -16.2163 4.5
      vertex 8.89291 -15.8794 4.5
    endloop
  endfacet
  facet normal -0 0 1
    outer loop
      vertex 7.71784 -15.1471 4.5
      vertex 8.26263 -16.2163 4.5
      vertex 8.30656 -14.8324 4.5
    endloop
  endfacet
  facet normal 0 0 1
    outer loop
      vertex 7.71784 -15.1471 4.5
      vertex 7.61961 -16.5282 4.5
      vertex 8.26263 -16.2163 4.5
    endloop
  endfacet
  facet normal -0 0 1
    outer loop
      vertex 7.11722 -15.4384 4.5
      vertex 7.61961 -16.5282 4.5
      vertex 7.71784 -15.1471 4.5
    endloop
  endfacet
  facet normal 0 0 1
    outer loop
      vertex 7.11722 -15.4384 4.5
      vertex 6.96484 -16.8146 4.5
      vertex 7.61961 -16.5282 4.5
    endloop
  endfacet
  facet normal -0 0 1
    outer loop
      vertex 6.50562 -15.706 4.5
      vertex 6.96484 -16.8146 4.5
      vertex 7.11722 -15.4384 4.5
    endloop
  endfacet
  facet normal 0 0 1
    outer loop
      vertex 6.50562 -15.706 4.5
      vertex 6.29933 -17.0751 4.5
      vertex 6.96484 -16.8146 4.5
    endloop
  endfacet
  facet normal -0 0 1
    outer loop
      vertex 5.88399 -15.9493 4.5
      vertex 6.29933 -17.0751 4.5
      vertex 6.50562 -15.706 4.5
    endloop
  endfacet
  facet normal 0 0 1
    outer loop
      vertex 5.88399 -15.9493 4.5
      vertex 5.62411 -17.3092 4.5
      vertex 6.29933 -17.0751 4.5
    endloop
  endfacet
  facet normal -0 0 1
    outer loop
      vertex 5.25329 -16.168 4.5
      vertex 5.62411 -17.3092 4.5
      vertex 5.88399 -15.9493 4.5
    endloop
  endfacet
  facet normal 0 0 1
    outer loop
      vertex 5.25329 -16.168 4.5
      vertex 4.94022 -17.5167 4.5
      vertex 5.62411 -17.3092 4.5
    endloop
  endfacet
  facet normal -0 0 1
    outer loop
      vertex 4.61449 -16.3617 4.5
      vertex 4.94022 -17.5167 4.5
      vertex 5.25329 -16.168 4.5
    endloop
  endfacet
  facet normal 0 0 1
    outer loop
      vertex 4.61449 -16.3617 4.5
      vertex 4.2487 -17.6971 4.5
      vertex 4.94022 -17.5167 4.5
    endloop
  endfacet
  facet normal -0 0 1
    outer loop
      vertex 3.96857 -16.5303 4.5
      vertex 4.2487 -17.6971 4.5
      vertex 4.61449 -16.3617 4.5
    endloop
  endfacet
  facet normal 0 0 1
    outer loop
      vertex 3.96857 -16.5303 4.5
      vertex 3.55064 -17.8503 4.5
      vertex 4.2487 -17.6971 4.5
    endloop
  endfacet
  facet normal -0 0 1
    outer loop
      vertex 3.31653 -16.6733 4.5
      vertex 3.55064 -17.8503 4.5
      vertex 3.96857 -16.5303 4.5
    endloop
  endfacet
  facet normal 0 0 1
    outer loop
      vertex 3.31653 -16.6733 4.5
      vertex 2.84711 -17.9759 4.5
      vertex 3.55064 -17.8503 4.5
    endloop
  endfacet
  facet normal -0 0 1
    outer loop
      vertex 2.65939 -16.7907 4.5
      vertex 2.84711 -17.9759 4.5
      vertex 3.31653 -16.6733 4.5
    endloop
  endfacet
  facet normal 0 0 1
    outer loop
      vertex 2.65939 -16.7907 4.5
      vertex 2.13918 -18.0738 4.5
      vertex 2.84711 -17.9759 4.5
    endloop
  endfacet
  facet normal -0 0 1
    outer loop
      vertex 1.99814 -16.8822 4.5
      vertex 2.13918 -18.0738 4.5
      vertex 2.65939 -16.7907 4.5
    endloop
  endfacet
  facet normal 0 0 1
    outer loop
      vertex 1.99814 -16.8822 4.5
      vertex 1.42795 -18.1439 4.5
      vertex 2.13918 -18.0738 4.5
    endloop
  endfacet
  facet normal -0 0 1
    outer loop
      vertex 1.3338 -16.9476 4.5
      vertex 1.42795 -18.1439 4.5
      vertex 1.99814 -16.8822 4.5
    endloop
  endfacet
  facet normal 0 0 1
    outer loop
      vertex 1.3338 -16.9476 4.5
      vertex 0.714528 -18.186 4.5
      vertex 1.42795 -18.1439 4.5
    endloop
  endfacet
  facet normal -0 0 1
    outer loop
      vertex 0.667417 -16.9869 4.5
      vertex 0.714528 -18.186 4.5
      vertex 1.3338 -16.9476 4.5
    endloop
  endfacet
  facet normal -0 0 1
    outer loop
      vertex 0 -17 4.5
      vertex 0.714528 -18.186 4.5
      vertex 0.667417 -16.9869 4.5
    endloop
  endfacet
  facet normal 0 0 1
    outer loop
      vertex 0 -17 4.5
      vertex 0 -18.2 4.5
      vertex 0.714528 -18.186 4.5
    endloop
  endfacet
  facet normal 0 0 1
    outer loop
      vertex -0.667417 -16.9869 4.5
      vertex 0 -18.2 4.5
      vertex 0 -17 4.5
    endloop
  endfacet
  facet normal 0 0 1
    outer loop
      vertex -0.667417 -16.9869 4.5
      vertex -0.714528 -18.186 4.5
      vertex 0 -18.2 4.5
    endloop
  endfacet
  facet normal 0 0 1
    outer loop
      vertex -1.3338 -16.9476 4.5
      vertex -0.714528 -18.186 4.5
      vertex -0.667417 -16.9869 4.5
    endloop
  endfacet
  facet normal 0 0 1
    outer loop
      vertex -1.3338 -16.9476 4.5
      vertex -1.42795 -18.1439 4.5
      vertex -0.714528 -18.186 4.5
    endloop
  endfacet
  facet normal 0 0 1
    outer loop
      vertex -1.99814 -16.8822 4.5
      vertex -1.42795 -18.1439 4.5
      vertex -1.3338 -16.9476 4.5
    endloop
  endfacet
  facet normal 0 0 1
    outer loop
      vertex -1.99814 -16.8822 4.5
      vertex -2.13918 -18.0738 4.5
      vertex -1.42795 -18.1439 4.5
    endloop
  endfacet
  facet normal 0 0 1
    outer loop
      vertex -2.65939 -16.7907 4.5
      vertex -2.13918 -18.0738 4.5
      vertex -1.99814 -16.8822 4.5
    endloop
  endfacet
  facet normal 0 0 1
    outer loop
      vertex -2.65939 -16.7907 4.5
      vertex -2.84711 -17.9759 4.5
      vertex -2.13918 -18.0738 4.5
    endloop
  endfacet
  facet normal 0 0 1
    outer loop
      vertex -3.31653 -16.6733 4.5
      vertex -2.84711 -17.9759 4.5
      vertex -2.65939 -16.7907 4.5
    endloop
  endfacet
  facet normal 0 0 1
    outer loop
      vertex -3.31653 -16.6733 4.5
      vertex -3.55064 -17.8503 4.5
      vertex -2.84711 -17.9759 4.5
    endloop
  endfacet
  facet normal 0 0 1
    outer loop
      vertex -3.96857 -16.5303 4.5
      vertex -3.55064 -17.8503 4.5
      vertex -3.31653 -16.6733 4.5
    endloop
  endfacet
  facet normal 0 0 1
    outer loop
      vertex -3.96857 -16.5303 4.5
      vertex -4.2487 -17.6971 4.5
      vertex -3.55064 -17.8503 4.5
    endloop
  endfacet
  facet normal 0 0 1
    outer loop
      vertex -4.61449 -16.3617 4.5
      vertex -4.2487 -17.6971 4.5
      vertex -3.96857 -16.5303 4.5
    endloop
  endfacet
  facet normal 0 0 1
    outer loop
      vertex -4.61449 -16.3617 4.5
      vertex -4.94022 -17.5167 4.5
      vertex -4.2487 -17.6971 4.5
    endloop
  endfacet
  facet normal 0 0 1
    outer loop
      vertex -5.25329 -16.168 4.5
      vertex -4.94022 -17.5167 4.5
      vertex -4.61449 -16.3617 4.5
    endloop
  endfacet
  facet normal 0 0 1
    outer loop
      vertex -5.25329 -16.168 4.5
      vertex -5.62411 -17.3092 4.5
      vertex -4.94022 -17.5167 4.5
    endloop
  endfacet
  facet normal 0 0 1
    outer loop
      vertex -5.88399 -15.9493 4.5
      vertex -5.62411 -17.3092 4.5
      vertex -5.25329 -16.168 4.5
    endloop
  endfacet
  facet normal 0 0 1
    outer loop
      vertex -5.88399 -15.9493 4.5
      vertex -6.29933 -17.0751 4.5
      vertex -5.62411 -17.3092 4.5
    endloop
  endfacet
  facet normal 0 0 1
    outer loop
      vertex -6.50562 -15.706 4.5
      vertex -6.29933 -17.0751 4.5
      vertex -5.88399 -15.9493 4.5
    endloop
  endfacet
  facet normal 0 0 1
    outer loop
      vertex -6.50562 -15.706 4.5
      vertex -6.96484 -16.8146 4.5
      vertex -6.29933 -17.0751 4.5
    endloop
  endfacet
  facet normal 0 0 1
    outer loop
      vertex -7.11722 -15.4384 4.5
      vertex -6.96484 -16.8146 4.5
      vertex -6.50562 -15.706 4.5
    endloop
  endfacet
  facet normal 0 0 1
    outer loop
      vertex -7.11722 -15.4384 4.5
      vertex -7.61961 -16.5282 4.5
      vertex -6.96484 -16.8146 4.5
    endloop
  endfacet
  facet normal 0 0 1
    outer loop
      vertex -7.71784 -15.1471 4.5
      vertex -7.61961 -16.5282 4.5
      vertex -7.11722 -15.4384 4.5
    endloop
  endfacet
  facet normal 0 0 1
    outer loop
      vertex -7.71784 -15.1471 4.5
      vertex -8.26263 -16.2163 4.5
      vertex -7.61961 -16.5282 4.5
    endloop
  endfacet
  facet normal 0 0 1
    outer loop
      vertex -8.30656 -14.8324 4.5
      vertex -8.26263 -16.2163 4.5
      vertex -7.71784 -15.1471 4.5
    endloop
  endfacet
  facet normal 0 0 1
    outer loop
      vertex -8.89291 -15.8794 4.5
      vertex -8.30656 -14.8324 4.5
      vertex -8.88247 -14.4949 4.5
    endloop
  endfacet
  facet normal 0 0 1
    outer loop
      vertex -8.30656 -14.8324 4.5
      vertex -8.89291 -15.8794 4.5
      vertex -8.26263 -16.2163 4.5
    endloop
  endfacet
  facet normal 0 0 1
    outer loop
      vertex -9.50947 -15.5181 4.5
      vertex -8.88247 -14.4949 4.5
      vertex -9.44469 -14.135 4.5
    endloop
  endfacet
  facet normal 0 0 1
    outer loop
      vertex -8.88247 -14.4949 4.5
      vertex -9.50947 -15.5181 4.5
      vertex -8.89291 -15.8794 4.5
    endloop
  endfacet
  facet normal 0 0 1
    outer loop
      vertex -10.1114 -15.1327 4.5
      vertex -9.44469 -14.135 4.5
      vertex -9.99235 -13.7533 4.5
    endloop
  endfacet
  facet normal 0 0 1
    outer loop
      vertex -9.44469 -14.135 4.5
      vertex -10.1114 -15.1327 4.5
      vertex -9.50947 -15.5181 4.5
    endloop
  endfacet
  facet normal 0 0 1
    outer loop
      vertex -10.6977 -14.7241 4.5
      vertex -9.99235 -13.7533 4.5
      vertex -10.5246 -13.3504 4.5
    endloop
  endfacet
  facet normal 0 0 1
    outer loop
      vertex -9.99235 -13.7533 4.5
      vertex -10.6977 -14.7241 4.5
      vertex -10.1114 -15.1327 4.5
    endloop
  endfacet
  facet normal 0 0 1
    outer loop
      vertex -11.2675 -14.2928 4.5
      vertex -10.5246 -13.3504 4.5
      vertex -11.0406 -12.9269 4.5
    endloop
  endfacet
  facet normal 0 0 1
    outer loop
      vertex -10.5246 -13.3504 4.5
      vertex -11.2675 -14.2928 4.5
      vertex -10.6977 -14.7241 4.5
    endloop
  endfacet
  facet normal 0 0 1
    outer loop
      vertex -11.82 -13.8394 4.5
      vertex -11.0406 -12.9269 4.5
      vertex -11.5396 -12.4835 4.5
    endloop
  endfacet
  facet normal 0 0 1
    outer loop
      vertex -11.0406 -12.9269 4.5
      vertex -11.82 -13.8394 4.5
      vertex -11.2675 -14.2928 4.5
    endloop
  endfacet
  facet normal 0 0 1
    outer loop
      vertex -12.3542 -13.3647 4.5
      vertex -11.5396 -12.4835 4.5
      vertex -11.9324 -12.392 4.5
    endloop
  endfacet
  facet normal 0 0 1
    outer loop
      vertex -12.0208 -12.0208 4.5
      vertex -11.9324 -12.392 4.5
      vertex -11.5396 -12.4835 4.5
    endloop
  endfacet
  facet normal 0 0 1
    outer loop
      vertex -12.0208 -12.0208 4.5
      vertex -12.392 -11.9324 4.5
      vertex -11.9324 -12.392 4.5
    endloop
  endfacet
  facet normal 0 0 1
    outer loop
      vertex -12.4835 -11.5396 4.5
      vertex -12.392 -11.9324 4.5
      vertex -12.0208 -12.0208 4.5
    endloop
  endfacet
  facet normal 0 0 1
    outer loop
      vertex -13.3647 -12.3542 4.5
      vertex -12.4835 -11.5396 4.5
      vertex -12.9269 -11.0406 4.5
    endloop
  endfacet
  facet normal 0 0 1
    outer loop
      vertex -12.4835 -11.5396 4.5
      vertex -13.3647 -12.3542 4.5
      vertex -12.392 -11.9324 4.5
    endloop
  endfacet
  facet normal 0 0 1
    outer loop
      vertex -13.8394 -11.82 4.5
      vertex -12.9269 -11.0406 4.5
      vertex -13.3504 -10.5246 4.5
    endloop
  endfacet
  facet normal 0 0 1
    outer loop
      vertex -12.392 -11.9324 4.5
      vertex -13.3647 -12.3542 4.5
      vertex -13.0946 -12.635 4.5
    endloop
  endfacet
  facet normal 0 0 1
    outer loop
      vertex -14.2928 -11.2675 4.5
      vertex -13.3504 -10.5246 4.5
      vertex -13.7533 -9.99235 4.5
    endloop
  endfacet
  facet normal 0 0 1
    outer loop
      vertex -12.9269 -11.0406 4.5
      vertex -13.8394 -11.82 4.5
      vertex -13.3647 -12.3542 4.5
    endloop
  endfacet
  facet normal 0 0 1
    outer loop
      vertex -14.7241 -10.6977 4.5
      vertex -13.7533 -9.99235 4.5
      vertex -14.135 -9.44469 4.5
    endloop
  endfacet
  facet normal 0 0 1
    outer loop
      vertex -13.3504 -10.5246 4.5
      vertex -14.2928 -11.2675 4.5
      vertex -13.8394 -11.82 4.5
    endloop
  endfacet
  facet normal 0 0 1
    outer loop
      vertex -15.1327 -10.1114 4.5
      vertex -14.135 -9.44469 4.5
      vertex -14.4949 -8.88247 4.5
    endloop
  endfacet
  facet normal 0 0 1
    outer loop
      vertex -13.7533 -9.99235 4.5
      vertex -14.7241 -10.6977 4.5
      vertex -14.2928 -11.2675 4.5
    endloop
  endfacet
  facet normal 0 0 1
    outer loop
      vertex -15.5181 -9.50947 4.5
      vertex -14.4949 -8.88247 4.5
      vertex -14.8324 -8.30656 4.5
    endloop
  endfacet
  facet normal 0 0 1
    outer loop
      vertex -14.135 -9.44469 4.5
      vertex -15.1327 -10.1114 4.5
      vertex -14.7241 -10.6977 4.5
    endloop
  endfacet
  facet normal 0 0 1
    outer loop
      vertex -15.8794 -8.89291 4.5
      vertex -14.8324 -8.30656 4.5
      vertex -15.1471 -7.71784 4.5
    endloop
  endfacet
  facet normal 0 0 1
    outer loop
      vertex -16.2163 -8.26263 4.5
      vertex -15.1471 -7.71784 4.5
      vertex -15.4384 -7.11722 4.5
    endloop
  endfacet
  facet normal 0 0 1
    outer loop
      vertex -14.4949 -8.88247 4.5
      vertex -15.5181 -9.50947 4.5
      vertex -15.1327 -10.1114 4.5
    endloop
  endfacet
  facet normal 0 0 1
    outer loop
      vertex -16.5282 -7.61961 4.5
      vertex -15.4384 -7.11722 4.5
      vertex -15.706 -6.50562 4.5
    endloop
  endfacet
  facet normal 0 0 1
    outer loop
      vertex -14.8324 -8.30656 4.5
      vertex -15.8794 -8.89291 4.5
      vertex -15.5181 -9.50947 4.5
    endloop
  endfacet
  facet normal 0 0 1
    outer loop
      vertex -16.8146 -6.96484 4.5
      vertex -15.706 -6.50562 4.5
      vertex -15.9493 -5.88399 4.5
    endloop
  endfacet
  facet normal 0 0 1
    outer loop
      vertex -17.0751 -6.29933 4.5
      vertex -15.9493 -5.88399 4.5
      vertex -16.168 -5.25329 4.5
    endloop
  endfacet
  facet normal 0 0 1
    outer loop
      vertex -15.1471 -7.71784 4.5
      vertex -16.2163 -8.26263 4.5
      vertex -15.8794 -8.89291 4.5
    endloop
  endfacet
  facet normal 0 0 1
    outer loop
      vertex -17.3092 -5.62411 4.5
      vertex -16.168 -5.25329 4.5
      vertex -16.3617 -4.61449 4.5
    endloop
  endfacet
  facet normal 0 0 1
    outer loop
      vertex -15.4384 -7.11722 4.5
      vertex -16.5282 -7.61961 4.5
      vertex -16.2163 -8.26263 4.5
    endloop
  endfacet
  facet normal 0 0 1
    outer loop
      vertex -17.5167 -4.94022 4.5
      vertex -16.3617 -4.61449 4.5
      vertex -16.5303 -3.96857 4.5
    endloop
  endfacet
  facet normal 0 0 1
    outer loop
      vertex -17.6971 -4.2487 4.5
      vertex -16.5303 -3.96857 4.5
      vertex -16.6733 -3.31653 4.5
    endloop
  endfacet
  facet normal 0 0 1
    outer loop
      vertex -17.8503 -3.55064 4.5
      vertex -16.6733 -3.31653 4.5
      vertex -16.7907 -2.65939 4.5
    endloop
  endfacet
  facet normal 0 0 1
    outer loop
      vertex -15.706 -6.50562 4.5
      vertex -16.8146 -6.96484 4.5
      vertex -16.5282 -7.61961 4.5
    endloop
  endfacet
  facet normal 0 0 1
    outer loop
      vertex -17.9759 -2.84711 4.5
      vertex -16.7907 -2.65939 4.5
      vertex -16.8822 -1.99814 4.5
    endloop
  endfacet
  facet normal 0 0 1
    outer loop
      vertex -18.0738 -2.13918 4.5
      vertex -16.8822 -1.99814 4.5
      vertex -16.9476 -1.3338 4.5
    endloop
  endfacet
  facet normal 0 0 1
    outer loop
      vertex -18.1439 -1.42795 4.5
      vertex -16.9476 -1.3338 4.5
      vertex -16.9869 -0.667417 4.5
    endloop
  endfacet
  facet normal 0 0 1
    outer loop
      vertex -15.9493 -5.88399 4.5
      vertex -17.0751 -6.29933 4.5
      vertex -16.8146 -6.96484 4.5
    endloop
  endfacet
  facet normal 0 0 1
    outer loop
      vertex -18.186 -0.714528 4.5
      vertex -16.9869 -0.667417 4.5
      vertex -17 0 4.5
    endloop
  endfacet
  facet normal -0 0 1
    outer loop
      vertex -17.9759 2.84711 4.5
      vertex -16.7907 2.65939 4.5
      vertex -17.8503 3.55064 4.5
    endloop
  endfacet
  facet normal 0 0 1
    outer loop
      vertex -16.7907 2.65939 4.5
      vertex -17.9759 2.84711 4.5
      vertex -16.8822 1.99814 4.5
    endloop
  endfacet
  facet normal 0 0 1
    outer loop
      vertex -16.168 -5.25329 4.5
      vertex -17.3092 -5.62411 4.5
      vertex -17.0751 -6.29933 4.5
    endloop
  endfacet
  facet normal -0 0 1
    outer loop
      vertex -18.0738 2.13918 4.5
      vertex -16.8822 1.99814 4.5
      vertex -17.9759 2.84711 4.5
    endloop
  endfacet
  facet normal 0 0 1
    outer loop
      vertex -16.3617 -4.61449 4.5
      vertex -17.5167 -4.94022 4.5
      vertex -17.3092 -5.62411 4.5
    endloop
  endfacet
  facet normal 0 0 1
    outer loop
      vertex -16.8822 1.99814 4.5
      vertex -18.0738 2.13918 4.5
      vertex -16.9476 1.3338 4.5
    endloop
  endfacet
  facet normal 0 0 1
    outer loop
      vertex -16.5303 -3.96857 4.5
      vertex -17.6971 -4.2487 4.5
      vertex -17.5167 -4.94022 4.5
    endloop
  endfacet
  facet normal -0 0 1
    outer loop
      vertex -18.1439 1.42795 4.5
      vertex -16.9476 1.3338 4.5
      vertex -18.0738 2.13918 4.5
    endloop
  endfacet
  facet normal 0 0 1
    outer loop
      vertex -16.6733 -3.31653 4.5
      vertex -17.8503 -3.55064 4.5
      vertex -17.6971 -4.2487 4.5
    endloop
  endfacet
  facet normal 0 0 1
    outer loop
      vertex -16.9476 1.3338 4.5
      vertex -18.1439 1.42795 4.5
      vertex -16.9869 0.667417 4.5
    endloop
  endfacet
  facet normal 0 0 1
    outer loop
      vertex -16.7907 -2.65939 4.5
      vertex -17.9759 -2.84711 4.5
      vertex -17.8503 -3.55064 4.5
    endloop
  endfacet
  facet normal -0 0 1
    outer loop
      vertex -18.186 0.714528 4.5
      vertex -16.9869 0.667417 4.5
      vertex -18.1439 1.42795 4.5
    endloop
  endfacet
  facet normal 0 0 1
    outer loop
      vertex -16.8822 -1.99814 4.5
      vertex -18.0738 -2.13918 4.5
      vertex -17.9759 -2.84711 4.5
    endloop
  endfacet
  facet normal 0 0 1
    outer loop
      vertex -16.9869 0.667417 4.5
      vertex -18.186 0.714528 4.5
      vertex -17 0 4.5
    endloop
  endfacet
  facet normal 0 0 1
    outer loop
      vertex -16.9476 -1.3338 4.5
      vertex -18.1439 -1.42795 4.5
      vertex -18.0738 -2.13918 4.5
    endloop
  endfacet
  facet normal 0 0 1
    outer loop
      vertex -18.2 0 4.5
      vertex -17 0 4.5
      vertex -18.186 0.714528 4.5
    endloop
  endfacet
  facet normal 0 0 1
    outer loop
      vertex -16.9869 -0.667417 4.5
      vertex -18.186 -0.714528 4.5
      vertex -18.1439 -1.42795 4.5
    endloop
  endfacet
  facet normal 0 0 1
    outer loop
      vertex -17 0 4.5
      vertex -18.2 0 4.5
      vertex -18.186 -0.714528 4.5
    endloop
  endfacet
  facet normal 0 0 1
    outer loop
      vertex -11.5396 12.4835 4.5
      vertex -12.3542 13.3647 4.5
      vertex -11.9324 12.392 4.5
    endloop
  endfacet
  facet normal 0 0 1
    outer loop
      vertex -11.9324 12.392 4.5
      vertex -12.3542 13.3647 4.5
      vertex -12.635 13.0946 4.5
    endloop
  endfacet
  facet normal 0 0 1
    outer loop
      vertex 11.9324 -12.392 4.5
      vertex 12.3542 -13.3647 4.5
      vertex 12.635 -13.0946 4.5
    endloop
  endfacet
  facet normal -0 0 1
    outer loop
      vertex 11.5396 -12.4835 4.5
      vertex 12.3542 -13.3647 4.5
      vertex 11.9324 -12.392 4.5
    endloop
  endfacet
  facet normal 0 0 1
    outer loop
      vertex -11.5396 -12.4835 4.5
      vertex -12.3542 -13.3647 4.5
      vertex -11.82 -13.8394 4.5
    endloop
  endfacet
  facet normal 0 -0 1
    outer loop
      vertex -12.3542 -13.3647 4.5
      vertex -11.9324 -12.392 4.5
      vertex -12.635 -13.0946 4.5
    endloop
  endfacet
  facet normal -0.881916 0.471406 0
    outer loop
      vertex -16.2163 8.26263 2
      vertex -15.8794 8.89291 4.5
      vertex -15.8794 8.89291 2
    endloop
  endfacet
  facet normal -0.881916 0.471406 0
    outer loop
      vertex -15.8794 8.89291 4.5
      vertex -16.2163 8.26263 2
      vertex -16.2163 8.26263 4.5
    endloop
  endfacet
  facet normal -0.899741 0.436424 0
    outer loop
      vertex -16.5282 7.61961 2
      vertex -16.2163 8.26263 4.5
      vertex -16.2163 8.26263 2
    endloop
  endfacet
  facet normal -0.899741 0.436424 0
    outer loop
      vertex -16.2163 8.26263 4.5
      vertex -16.5282 7.61961 2
      vertex -16.5282 7.61961 4.5
    endloop
  endfacet
  facet normal -0.797339 0.603532 0
    outer loop
      vertex -14.7241 10.6977 2
      vertex -14.2928 11.2675 4.5
      vertex -14.2928 11.2675 2
    endloop
  endfacet
  facet normal -0.797339 0.603532 0
    outer loop
      vertex -14.2928 11.2675 4.5
      vertex -14.7241 10.6977 2
      vertex -14.7241 10.6977 4.5
    endloop
  endfacet
  facet normal -0.720705 0.693242 0
    outer loop
      vertex -13.3647 12.3542 2
      vertex -13.0946 12.635 4.5
      vertex -13.0946 12.635 2
    endloop
  endfacet
  facet normal -0.720705 0.693242 0
    outer loop
      vertex -13.0946 12.635 4.5
      vertex -13.3647 12.3542 2
      vertex -13.3647 12.3542 4.5
    endloop
  endfacet
  facet normal 0.0980864 0.995178 -0
    outer loop
      vertex 2.13918 18.0738 2
      vertex 1.42795 18.1439 4.5
      vertex 2.13918 18.0738 4.5
    endloop
  endfacet
  facet normal 0.0980864 0.995178 0
    outer loop
      vertex 1.42795 18.1439 4.5
      vertex 2.13918 18.0738 2
      vertex 1.42795 18.1439 2
    endloop
  endfacet
  facet normal 0.290341 0.956923 -0
    outer loop
      vertex 5.62411 17.3092 2
      vertex 4.94022 17.5167 4.5
      vertex 5.62411 17.3092 4.5
    endloop
  endfacet
  facet normal 0.290341 0.956923 0
    outer loop
      vertex 4.94022 17.5167 4.5
      vertex 5.62411 17.3092 2
      vertex 4.94022 17.5167 2
    endloop
  endfacet
  facet normal 0.400746 0.916189 -0
    outer loop
      vertex 7.61961 16.5282 2
      vertex 6.96484 16.8146 4.5
      vertex 7.61961 16.5282 4.5
    endloop
  endfacet
  facet normal 0.400746 0.916189 0
    outer loop
      vertex 6.96484 16.8146 4.5
      vertex 7.61961 16.5282 2
      vertex 6.96484 16.8146 2
    endloop
  endfacet
  facet normal 0.984435 -0.175749 0
    outer loop
      vertex 17.8503 -3.55064 4.5
      vertex 17.9759 -2.84711 2
      vertex 17.9759 -2.84711 4.5
    endloop
  endfacet
  facet normal 0.984435 -0.175749 0
    outer loop
      vertex 17.9759 -2.84711 2
      vertex 17.8503 -3.55064 4.5
      vertex 17.8503 -3.55064 2
    endloop
  endfacet
  facet normal 0.998263 0.0589089 0
    outer loop
      vertex 18.186 0.714528 4.5
      vertex 18.1439 1.42795 2
      vertex 18.1439 1.42795 4.5
    endloop
  endfacet
  facet normal 0.998263 0.0589089 0
    outer loop
      vertex 18.1439 1.42795 2
      vertex 18.186 0.714528 4.5
      vertex 18.186 0.714528 2
    endloop
  endfacet
  facet normal 0.916189 0.400746 0
    outer loop
      vertex 16.8146 6.96484 4.5
      vertex 16.5282 7.61961 2
      vertex 16.5282 7.61961 4.5
    endloop
  endfacet
  facet normal 0.916189 0.400746 0
    outer loop
      vertex 16.5282 7.61961 2
      vertex 16.8146 6.96484 4.5
      vertex 16.8146 6.96484 2
    endloop
  endfacet
  facet normal 0.471406 0.881916 -0
    outer loop
      vertex 8.89291 15.8794 2
      vertex 8.26263 16.2163 4.5
      vertex 8.89291 15.8794 4.5
    endloop
  endfacet
  facet normal 0.471406 0.881916 0
    outer loop
      vertex 8.26263 16.2163 4.5
      vertex 8.89291 15.8794 2
      vertex 8.26263 16.2163 2
    endloop
  endfacet
  facet normal 0.436424 0.899741 -0
    outer loop
      vertex 8.26263 16.2163 2
      vertex 7.61961 16.5282 4.5
      vertex 8.26263 16.2163 4.5
    endloop
  endfacet
  facet normal 0.436424 0.899741 0
    outer loop
      vertex 7.61961 16.5282 4.5
      vertex 8.26263 16.2163 2
      vertex 7.61961 16.5282 2
    endloop
  endfacet
  facet normal 0.603532 0.797339 -0
    outer loop
      vertex 11.2675 14.2928 2
      vertex 10.6977 14.7241 4.5
      vertex 11.2675 14.2928 4.5
    endloop
  endfacet
  facet normal 0.603532 0.797339 0
    outer loop
      vertex 10.6977 14.7241 4.5
      vertex 11.2675 14.2928 2
      vertex 10.6977 14.7241 2
    endloop
  endfacet
  facet normal 0.634372 0.773028 -0
    outer loop
      vertex 11.82 13.8394 2
      vertex 11.2675 14.2928 4.5
      vertex 11.82 13.8394 4.5
    endloop
  endfacet
  facet normal 0.634372 0.773028 0
    outer loop
      vertex 11.2675 14.2928 4.5
      vertex 11.82 13.8394 2
      vertex 11.2675 14.2928 2
    endloop
  endfacet
  facet normal 0.571761 0.82042 -0
    outer loop
      vertex 10.6977 14.7241 2
      vertex 10.1114 15.1327 4.5
      vertex 10.6977 14.7241 4.5
    endloop
  endfacet
  facet normal 0.571761 0.82042 0
    outer loop
      vertex 10.1114 15.1327 4.5
      vertex 10.6977 14.7241 2
      vertex 10.1114 15.1327 2
    endloop
  endfacet
  facet normal 0.539217 0.842167 -0
    outer loop
      vertex 10.1114 15.1327 2
      vertex 9.50947 15.5181 4.5
      vertex 10.1114 15.1327 4.5
    endloop
  endfacet
  facet normal 0.539217 0.842167 0
    outer loop
      vertex 9.50947 15.5181 4.5
      vertex 10.1114 15.1327 2
      vertex 9.50947 15.5181 2
    endloop
  endfacet
  facet normal 0.797339 0.603532 0
    outer loop
      vertex 14.7241 10.6977 4.5
      vertex 14.2928 11.2675 2
      vertex 14.2928 11.2675 4.5
    endloop
  endfacet
  facet normal 0.797339 0.603532 0
    outer loop
      vertex 14.2928 11.2675 2
      vertex 14.7241 10.6977 4.5
      vertex 14.7241 10.6977 2
    endloop
  endfacet
  facet normal 0.842167 0.539217 0
    outer loop
      vertex 15.5181 9.50947 4.5
      vertex 15.1327 10.1114 2
      vertex 15.1327 10.1114 4.5
    endloop
  endfacet
  facet normal 0.842167 0.539217 0
    outer loop
      vertex 15.1327 10.1114 2
      vertex 15.5181 9.50947 4.5
      vertex 15.5181 9.50947 2
    endloop
  endfacet
  facet normal -0.634372 0.773028 0
    outer loop
      vertex -11.2675 14.2928 2
      vertex -11.82 13.8394 4.5
      vertex -11.2675 14.2928 4.5
    endloop
  endfacet
  facet normal -0.634372 0.773028 0
    outer loop
      vertex -11.82 13.8394 4.5
      vertex -11.2675 14.2928 2
      vertex -11.82 13.8394 2
    endloop
  endfacet
  facet normal -0.571761 0.82042 0
    outer loop
      vertex -10.1114 15.1327 2
      vertex -10.6977 14.7241 4.5
      vertex -10.1114 15.1327 4.5
    endloop
  endfacet
  facet normal -0.571761 0.82042 0
    outer loop
      vertex -10.6977 14.7241 4.5
      vertex -10.1114 15.1327 2
      vertex -10.6977 14.7241 2
    endloop
  endfacet
  facet normal -0.400746 0.916189 0
    outer loop
      vertex -6.96484 16.8146 2
      vertex -7.61961 16.5282 4.5
      vertex -6.96484 16.8146 4.5
    endloop
  endfacet
  facet normal -0.400746 0.916189 0
    outer loop
      vertex -7.61961 16.5282 4.5
      vertex -6.96484 16.8146 2
      vertex -7.61961 16.5282 2
    endloop
  endfacet
  facet normal -0.471406 0.881916 0
    outer loop
      vertex -8.26263 16.2163 2
      vertex -8.89291 15.8794 4.5
      vertex -8.26263 16.2163 4.5
    endloop
  endfacet
  facet normal -0.471406 0.881916 0
    outer loop
      vertex -8.89291 15.8794 4.5
      vertex -8.26263 16.2163 2
      vertex -8.89291 15.8794 2
    endloop
  endfacet
  facet normal -0.539217 0.842167 0
    outer loop
      vertex -9.50947 15.5181 2
      vertex -10.1114 15.1327 4.5
      vertex -9.50947 15.5181 4.5
    endloop
  endfacet
  facet normal -0.539217 0.842167 0
    outer loop
      vertex -10.1114 15.1327 4.5
      vertex -9.50947 15.5181 2
      vertex -10.1114 15.1327 2
    endloop
  endfacet
  facet normal -0.290341 0.956923 0
    outer loop
      vertex -4.94022 17.5167 2
      vertex -5.62411 17.3092 4.5
      vertex -4.94022 17.5167 4.5
    endloop
  endfacet
  facet normal -0.290341 0.956923 0
    outer loop
      vertex -5.62411 17.3092 4.5
      vertex -4.94022 17.5167 2
      vertex -5.62411 17.3092 2
    endloop
  endfacet
  facet normal -0.175749 0.984435 0
    outer loop
      vertex -2.84711 17.9759 2
      vertex -3.55064 17.8503 4.5
      vertex -2.84711 17.9759 4.5
    endloop
  endfacet
  facet normal -0.175749 0.984435 0
    outer loop
      vertex -3.55064 17.8503 4.5
      vertex -2.84711 17.9759 2
      vertex -3.55064 17.8503 2
    endloop
  endfacet
  facet normal -0.0589089 0.998263 0
    outer loop
      vertex -0.714528 18.186 2
      vertex -1.42795 18.1439 4.5
      vertex -0.714528 18.186 4.5
    endloop
  endfacet
  facet normal -0.0589089 0.998263 0
    outer loop
      vertex -1.42795 18.1439 4.5
      vertex -0.714528 18.186 2
      vertex -1.42795 18.1439 2
    endloop
  endfacet
  facet normal -0.998263 0.0589089 0
    outer loop
      vertex -18.186 0.714528 2
      vertex -18.1439 1.42795 4.5
      vertex -18.1439 1.42795 2
    endloop
  endfacet
  facet normal -0.998263 0.0589089 0
    outer loop
      vertex -18.1439 1.42795 4.5
      vertex -18.186 0.714528 2
      vertex -18.186 0.714528 4.5
    endloop
  endfacet
  facet normal -0.999808 0.0195896 0
    outer loop
      vertex -18.2 0 2
      vertex -18.186 0.714528 4.5
      vertex -18.186 0.714528 2
    endloop
  endfacet
  facet normal -0.999808 0.0195896 0
    outer loop
      vertex -18.186 0.714528 4.5
      vertex -18.2 0 2
      vertex -18.2 0 4.5
    endloop
  endfacet
  facet normal 0.214364 0.976754 -0
    outer loop
      vertex 4.2487 17.6971 2
      vertex 3.55064 17.8503 4.5
      vertex 4.2487 17.6971 4.5
    endloop
  endfacet
  facet normal 0.214364 0.976754 0
    outer loop
      vertex 3.55064 17.8503 4.5
      vertex 4.2487 17.6971 2
      vertex 3.55064 17.8503 2
    endloop
  endfacet
  facet normal 0.175749 0.984435 -0
    outer loop
      vertex 3.55064 17.8503 2
      vertex 2.84711 17.9759 4.5
      vertex 3.55064 17.8503 4.5
    endloop
  endfacet
  facet normal 0.175749 0.984435 0
    outer loop
      vertex 2.84711 17.9759 4.5
      vertex 3.55064 17.8503 2
      vertex 2.84711 17.9759 2
    endloop
  endfacet
  facet normal 0.899741 0.436424 0
    outer loop
      vertex 16.5282 7.61961 4.5
      vertex 16.2163 8.26263 2
      vertex 16.2163 8.26263 4.5
    endloop
  endfacet
  facet normal 0.899741 0.436424 0
    outer loop
      vertex 16.2163 8.26263 2
      vertex 16.5282 7.61961 4.5
      vertex 16.5282 7.61961 2
    endloop
  endfacet
  facet normal 0.505582 0.862778 -0
    outer loop
      vertex 9.50947 15.5181 2
      vertex 8.89291 15.8794 4.5
      vertex 9.50947 15.5181 4.5
    endloop
  endfacet
  facet normal 0.505582 0.862778 0
    outer loop
      vertex 8.89291 15.8794 4.5
      vertex 9.50947 15.5181 2
      vertex 8.89291 15.8794 2
    endloop
  endfacet
  facet normal 0.693242 0.720705 -0
    outer loop
      vertex 12.635 13.0946 2
      vertex 12.3542 13.3647 4.5
      vertex 12.635 13.0946 4.5
    endloop
  endfacet
  facet normal 0.693242 0.720705 0
    outer loop
      vertex 12.3542 13.3647 4.5
      vertex 12.635 13.0946 2
      vertex 12.3542 13.3647 2
    endloop
  endfacet
  facet normal 0.664251 0.74751 -0
    outer loop
      vertex 12.3542 13.3647 2
      vertex 11.82 13.8394 4.5
      vertex 12.3542 13.3647 4.5
    endloop
  endfacet
  facet normal 0.664251 0.74751 0
    outer loop
      vertex 11.82 13.8394 4.5
      vertex 12.3542 13.3647 2
      vertex 11.82 13.8394 2
    endloop
  endfacet
  facet normal 0.82042 0.571761 0
    outer loop
      vertex 15.1327 10.1114 4.5
      vertex 14.7241 10.6977 2
      vertex 14.7241 10.6977 4.5
    endloop
  endfacet
  facet normal 0.82042 0.571761 0
    outer loop
      vertex 14.7241 10.6977 2
      vertex 15.1327 10.1114 4.5
      vertex 15.1327 10.1114 2
    endloop
  endfacet
  facet normal -0.664251 0.74751 0
    outer loop
      vertex -11.82 13.8394 2
      vertex -12.3542 13.3647 4.5
      vertex -11.82 13.8394 4.5
    endloop
  endfacet
  facet normal -0.664251 0.74751 0
    outer loop
      vertex -12.3542 13.3647 4.5
      vertex -11.82 13.8394 2
      vertex -12.3542 13.3647 2
    endloop
  endfacet
  facet normal -0.3645 0.931203 0
    outer loop
      vertex -6.29933 17.0751 2
      vertex -6.96484 16.8146 4.5
      vertex -6.29933 17.0751 4.5
    endloop
  endfacet
  facet normal -0.3645 0.931203 0
    outer loop
      vertex -6.96484 16.8146 4.5
      vertex -6.29933 17.0751 2
      vertex -6.96484 16.8146 2
    endloop
  endfacet
  facet normal -0.505582 0.862778 0
    outer loop
      vertex -8.89291 15.8794 2
      vertex -9.50947 15.5181 4.5
      vertex -8.89291 15.8794 4.5
    endloop
  endfacet
  facet normal -0.505582 0.862778 0
    outer loop
      vertex -9.50947 15.5181 4.5
      vertex -8.89291 15.8794 2
      vertex -9.50947 15.5181 2
    endloop
  endfacet
  facet normal -0.0980864 0.995178 0
    outer loop
      vertex -1.42795 18.1439 2
      vertex -2.13918 18.0738 4.5
      vertex -1.42795 18.1439 4.5
    endloop
  endfacet
  facet normal -0.0980864 0.995178 0
    outer loop
      vertex -2.13918 18.0738 4.5
      vertex -1.42795 18.1439 2
      vertex -2.13918 18.0738 2
    endloop
  endfacet
  facet normal -0.693115 0.720827 0
    outer loop
      vertex 12.0208 -12.0208 2
      vertex 11.5396 -12.4835 4.5
      vertex 12.0208 -12.0208 4.5
    endloop
  endfacet
  facet normal -0.693115 0.720827 0
    outer loop
      vertex 11.5396 -12.4835 4.5
      vertex 12.0208 -12.0208 2
      vertex 11.5396 -12.4835 2
    endloop
  endfacet
  facet normal 0.364469 0.931216 -0
    outer loop
      vertex -5.88399 -15.9493 2
      vertex -6.50562 -15.706 4.5
      vertex -5.88399 -15.9493 4.5
    endloop
  endfacet
  facet normal 0.364469 0.931216 0
    outer loop
      vertex -6.50562 -15.706 4.5
      vertex -5.88399 -15.9493 2
      vertex -6.50562 -15.706 2
    endloop
  endfacet
  facet normal 0.916144 0.40085 0
    outer loop
      vertex -15.4384 -7.11722 4.5
      vertex -15.706 -6.50562 2
      vertex -15.706 -6.50562 4.5
    endloop
  endfacet
  facet normal 0.916144 0.40085 0
    outer loop
      vertex -15.706 -6.50562 2
      vertex -15.4384 -7.11722 4.5
      vertex -15.4384 -7.11722 2
    endloop
  endfacet
  facet normal -0.956973 0.290178 0
    outer loop
      vertex 16.168 -5.25329 2
      vertex 16.3617 -4.61449 4.5
      vertex 16.3617 -4.61449 2
    endloop
  endfacet
  facet normal -0.956973 0.290178 0
    outer loop
      vertex 16.3617 -4.61449 4.5
      vertex 16.168 -5.25329 2
      vertex 16.168 -5.25329 4.5
    endloop
  endfacet
  facet normal -0.916144 0.40085 0
    outer loop
      vertex 15.4384 -7.11722 2
      vertex 15.706 -6.50562 4.5
      vertex 15.706 -6.50562 2
    endloop
  endfacet
  facet normal -0.916144 0.40085 0
    outer loop
      vertex 15.706 -6.50562 4.5
      vertex 15.4384 -7.11722 2
      vertex 15.4384 -7.11722 4.5
    endloop
  endfacet
  facet normal -0.40085 0.916144 0
    outer loop
      vertex 7.11722 -15.4384 2
      vertex 6.50562 -15.706 4.5
      vertex 7.11722 -15.4384 4.5
    endloop
  endfacet
  facet normal -0.40085 0.916144 0
    outer loop
      vertex 6.50562 -15.706 4.5
      vertex 7.11722 -15.4384 2
      vertex 6.50562 -15.706 2
    endloop
  endfacet
  facet normal 0.720827 0.693115 0
    outer loop
      vertex -12.0208 -12.0208 4.5
      vertex -12.4835 -11.5396 2
      vertex -12.4835 -11.5396 4.5
    endloop
  endfacet
  facet normal 0.720827 0.693115 0
    outer loop
      vertex -12.4835 -11.5396 2
      vertex -12.0208 -12.0208 4.5
      vertex -12.0208 -12.0208 2
    endloop
  endfacet
  facet normal 0.175868 0.984414 -0
    outer loop
      vertex -2.65939 -16.7907 2
      vertex -3.31653 -16.6733 4.5
      vertex -2.65939 -16.7907 4.5
    endloop
  endfacet
  facet normal 0.175868 0.984414 0
    outer loop
      vertex -3.31653 -16.6733 4.5
      vertex -2.65939 -16.7907 2
      vertex -3.31653 -16.6733 2
    endloop
  endfacet
  facet normal -0.720827 -0.693115 0
    outer loop
      vertex 12.4835 11.5396 2
      vertex 12.0208 12.0208 4.5
      vertex 12.0208 12.0208 2
    endloop
  endfacet
  facet normal -0.720827 -0.693115 0
    outer loop
      vertex 12.0208 12.0208 4.5
      vertex 12.4835 11.5396 2
      vertex 12.4835 11.5396 4.5
    endloop
  endfacet
  facet normal 0.693115 -0.720827 0
    outer loop
      vertex -12.0208 12.0208 2
      vertex -11.5396 12.4835 4.5
      vertex -12.0208 12.0208 4.5
    endloop
  endfacet
  facet normal 0.693115 -0.720827 0
    outer loop
      vertex -11.5396 12.4835 4.5
      vertex -12.0208 12.0208 2
      vertex -11.5396 12.4835 2
    endloop
  endfacet
  facet normal 0.94481 -0.32762 0
    outer loop
      vertex -16.168 5.25329 4.5
      vertex -15.9493 5.88399 2
      vertex -15.9493 5.88399 4.5
    endloop
  endfacet
  facet normal 0.94481 -0.32762 0
    outer loop
      vertex -15.9493 5.88399 2
      vertex -16.168 5.25329 4.5
      vertex -16.168 5.25329 2
    endloop
  endfacet
  facet normal -0.995189 0.09797 0
    outer loop
      vertex 16.8822 -1.99814 2
      vertex 16.9476 -1.3338 4.5
      vertex 16.9476 -1.3338 2
    endloop
  endfacet
  facet normal -0.995189 0.09797 0
    outer loop
      vertex 16.9476 -1.3338 4.5
      vertex 16.8822 -1.99814 2
      vertex 16.8822 -1.99814 4.5
    endloop
  endfacet
  facet normal -0.984414 0.175868 0
    outer loop
      vertex 16.6733 -3.31653 2
      vertex 16.7907 -2.65939 4.5
      vertex 16.7907 -2.65939 2
    endloop
  endfacet
  facet normal -0.984414 0.175868 0
    outer loop
      vertex 16.7907 -2.65939 4.5
      vertex 16.6733 -3.31653 2
      vertex 16.6733 -3.31653 4.5
    endloop
  endfacet
  facet normal -0.842218 0.539138 0
    outer loop
      vertex 14.135 -9.44469 2
      vertex 14.4949 -8.88247 4.5
      vertex 14.4949 -8.88247 2
    endloop
  endfacet
  facet normal -0.842218 0.539138 0
    outer loop
      vertex 14.4949 -8.88247 4.5
      vertex 14.135 -9.44469 2
      vertex 14.135 -9.44469 4.5
    endloop
  endfacet
  facet normal -0.57179 0.8204 0
    outer loop
      vertex 9.99235 -13.7533 2
      vertex 9.44469 -14.135 4.5
      vertex 9.99235 -13.7533 4.5
    endloop
  endfacet
  facet normal -0.57179 0.8204 0
    outer loop
      vertex 9.44469 -14.135 4.5
      vertex 9.99235 -13.7533 2
      vertex 9.44469 -14.135 2
    endloop
  endfacet
  facet normal -0.21422 0.976785 0
    outer loop
      vertex 3.96857 -16.5303 2
      vertex 3.31653 -16.6733 4.5
      vertex 3.96857 -16.5303 4.5
    endloop
  endfacet
  facet normal -0.21422 0.976785 0
    outer loop
      vertex 3.31653 -16.6733 4.5
      vertex 3.96857 -16.5303 2
      vertex 3.31653 -16.6733 2
    endloop
  endfacet
  facet normal 0.976785 0.21422 0
    outer loop
      vertex -16.5303 -3.96857 4.5
      vertex -16.6733 -3.31653 2
      vertex -16.6733 -3.31653 4.5
    endloop
  endfacet
  facet normal 0.976785 0.21422 0
    outer loop
      vertex -16.6733 -3.31653 2
      vertex -16.5303 -3.96857 4.5
      vertex -16.5303 -3.96857 2
    endloop
  endfacet
  facet normal 0.8204 0.57179 0
    outer loop
      vertex -13.7533 -9.99235 4.5
      vertex -14.135 -9.44469 2
      vertex -14.135 -9.44469 4.5
    endloop
  endfacet
  facet normal 0.8204 0.57179 0
    outer loop
      vertex -14.135 -9.44469 2
      vertex -13.7533 -9.99235 4.5
      vertex -13.7533 -9.99235 2
    endloop
  endfacet
  facet normal 0.539138 0.842218 -0
    outer loop
      vertex -8.88247 -14.4949 2
      vertex -9.44469 -14.135 4.5
      vertex -8.88247 -14.4949 4.5
    endloop
  endfacet
  facet normal 0.539138 0.842218 0
    outer loop
      vertex -9.44469 -14.135 4.5
      vertex -8.88247 -14.4949 2
      vertex -9.44469 -14.135 2
    endloop
  endfacet
  facet normal 0.436383 0.899761 -0
    outer loop
      vertex -7.11722 -15.4384 2
      vertex -7.71784 -15.1471 4.5
      vertex -7.11722 -15.4384 4.5
    endloop
  endfacet
  facet normal 0.436383 0.899761 0
    outer loop
      vertex -7.71784 -15.1471 4.5
      vertex -7.11722 -15.4384 2
      vertex -7.71784 -15.1471 2
    endloop
  endfacet
  facet normal -0.175868 -0.984414 0
    outer loop
      vertex 2.65939 16.7907 2
      vertex 3.31653 16.6733 4.5
      vertex 2.65939 16.7907 4.5
    endloop
  endfacet
  facet normal -0.175868 -0.984414 -0
    outer loop
      vertex 3.31653 16.6733 4.5
      vertex 2.65939 16.7907 2
      vertex 3.31653 16.6733 2
    endloop
  endfacet
  facet normal 0.0588728 -0.998265 0
    outer loop
      vertex -1.3338 16.9476 2
      vertex -0.667417 16.9869 4.5
      vertex -1.3338 16.9476 4.5
    endloop
  endfacet
  facet normal 0.0588728 -0.998265 0
    outer loop
      vertex -0.667417 16.9869 4.5
      vertex -1.3338 16.9476 2
      vertex -0.667417 16.9869 2
    endloop
  endfacet
  facet normal 0.8204 -0.57179 0
    outer loop
      vertex -14.135 9.44469 4.5
      vertex -13.7533 9.99235 2
      vertex -13.7533 9.99235 4.5
    endloop
  endfacet
  facet normal 0.8204 -0.57179 0
    outer loop
      vertex -13.7533 9.99235 2
      vertex -14.135 9.44469 4.5
      vertex -14.135 9.44469 2
    endloop
  endfacet
  facet normal -0.998265 0.0588728 0
    outer loop
      vertex 16.9476 -1.3338 2
      vertex 16.9869 -0.667417 4.5
      vertex 16.9869 -0.667417 2
    endloop
  endfacet
  facet normal -0.998265 0.0588728 0
    outer loop
      vertex 16.9869 -0.667417 4.5
      vertex 16.9476 -1.3338 2
      vertex 16.9476 -1.3338 4.5
    endloop
  endfacet
  facet normal -0.990562 0.137068 0
    outer loop
      vertex 16.7907 -2.65939 2
      vertex 16.8822 -1.99814 4.5
      vertex 16.8822 -1.99814 2
    endloop
  endfacet
  facet normal -0.990562 0.137068 0
    outer loop
      vertex 16.8822 -1.99814 4.5
      vertex 16.7907 -2.65939 2
      vertex 16.7907 -2.65939 4.5
    endloop
  endfacet
  facet normal -0.931216 0.364469 0
    outer loop
      vertex 15.706 -6.50562 2
      vertex 15.9493 -5.88399 4.5
      vertex 15.9493 -5.88399 2
    endloop
  endfacet
  facet normal -0.931216 0.364469 0
    outer loop
      vertex 15.9493 -5.88399 4.5
      vertex 15.706 -6.50562 2
      vertex 15.706 -6.50562 4.5
    endloop
  endfacet
  facet normal -0.94481 0.32762 0
    outer loop
      vertex 15.9493 -5.88399 2
      vertex 16.168 -5.25329 4.5
      vertex 16.168 -5.25329 2
    endloop
  endfacet
  facet normal -0.94481 0.32762 0
    outer loop
      vertex 16.168 -5.25329 4.5
      vertex 15.9493 -5.88399 2
      vertex 15.9493 -5.88399 4.5
    endloop
  endfacet
  facet normal -0.862765 0.505605 0
    outer loop
      vertex 14.4949 -8.88247 2
      vertex 14.8324 -8.30656 4.5
      vertex 14.8324 -8.30656 2
    endloop
  endfacet
  facet normal -0.862765 0.505605 0
    outer loop
      vertex 14.8324 -8.30656 4.5
      vertex 14.4949 -8.88247 2
      vertex 14.4949 -8.88247 4.5
    endloop
  endfacet
  facet normal -0.797323 0.603553 0
    outer loop
      vertex 13.3504 -10.5246 2
      vertex 13.7533 -9.99235 4.5
      vertex 13.7533 -9.99235 2
    endloop
  endfacet
  facet normal -0.797323 0.603553 0
    outer loop
      vertex 13.7533 -9.99235 4.5
      vertex 13.3504 -10.5246 2
      vertex 13.3504 -10.5246 4.5
    endloop
  endfacet
  facet normal -0.772989 0.63442 0
    outer loop
      vertex 12.9269 -11.0406 2
      vertex 13.3504 -10.5246 4.5
      vertex 13.3504 -10.5246 2
    endloop
  endfacet
  facet normal -0.772989 0.63442 0
    outer loop
      vertex 13.3504 -10.5246 4.5
      vertex 12.9269 -11.0406 2
      vertex 12.9269 -11.0406 4.5
    endloop
  endfacet
  facet normal -0.8204 0.57179 0
    outer loop
      vertex 13.7533 -9.99235 2
      vertex 14.135 -9.44469 4.5
      vertex 14.135 -9.44469 2
    endloop
  endfacet
  facet normal -0.8204 0.57179 0
    outer loop
      vertex 14.135 -9.44469 4.5
      vertex 13.7533 -9.99235 2
      vertex 13.7533 -9.99235 4.5
    endloop
  endfacet
  facet normal -0.720827 0.693115 0
    outer loop
      vertex 12.0208 -12.0208 2
      vertex 12.4835 -11.5396 4.5
      vertex 12.4835 -11.5396 2
    endloop
  endfacet
  facet normal -0.720827 0.693115 0
    outer loop
      vertex 12.4835 -11.5396 4.5
      vertex 12.0208 -12.0208 2
      vertex 12.0208 -12.0208 4.5
    endloop
  endfacet
  facet normal -0.0196241 0.999807 0
    outer loop
      vertex 0.667417 -16.9869 2
      vertex 0 -17 4.5
      vertex 0.667417 -16.9869 4.5
    endloop
  endfacet
  facet normal -0.0196241 0.999807 0
    outer loop
      vertex 0 -17 4.5
      vertex 0.667417 -16.9869 2
      vertex 0 -17 2
    endloop
  endfacet
  facet normal -0.603553 0.797323 0
    outer loop
      vertex 10.5246 -13.3504 2
      vertex 9.99235 -13.7533 4.5
      vertex 10.5246 -13.3504 4.5
    endloop
  endfacet
  facet normal -0.603553 0.797323 0
    outer loop
      vertex 9.99235 -13.7533 4.5
      vertex 10.5246 -13.3504 2
      vertex 9.99235 -13.7533 2
    endloop
  endfacet
  facet normal -0.505605 0.862765 0
    outer loop
      vertex 8.88247 -14.4949 2
      vertex 8.30656 -14.8324 4.5
      vertex 8.88247 -14.4949 4.5
    endloop
  endfacet
  facet normal -0.505605 0.862765 0
    outer loop
      vertex 8.30656 -14.8324 4.5
      vertex 8.88247 -14.4949 2
      vertex 8.30656 -14.8324 2
    endloop
  endfacet
  facet normal -0.539138 0.842218 0
    outer loop
      vertex 9.44469 -14.135 2
      vertex 8.88247 -14.4949 4.5
      vertex 9.44469 -14.135 4.5
    endloop
  endfacet
  facet normal -0.539138 0.842218 0
    outer loop
      vertex 8.88247 -14.4949 4.5
      vertex 9.44469 -14.135 2
      vertex 8.88247 -14.4949 2
    endloop
  endfacet
  facet normal -0.32762 0.94481 0
    outer loop
      vertex 5.88399 -15.9493 2
      vertex 5.25329 -16.168 4.5
      vertex 5.88399 -15.9493 4.5
    endloop
  endfacet
  facet normal -0.32762 0.94481 0
    outer loop
      vertex 5.25329 -16.168 4.5
      vertex 5.88399 -15.9493 2
      vertex 5.25329 -16.168 2
    endloop
  endfacet
  facet normal -0.364469 0.931216 0
    outer loop
      vertex 6.50562 -15.706 2
      vertex 5.88399 -15.9493 4.5
      vertex 6.50562 -15.706 4.5
    endloop
  endfacet
  facet normal -0.364469 0.931216 0
    outer loop
      vertex 5.88399 -15.9493 4.5
      vertex 6.50562 -15.706 2
      vertex 5.88399 -15.9493 2
    endloop
  endfacet
  facet normal -0.09797 0.995189 0
    outer loop
      vertex 1.99814 -16.8822 2
      vertex 1.3338 -16.9476 4.5
      vertex 1.99814 -16.8822 4.5
    endloop
  endfacet
  facet normal -0.09797 0.995189 0
    outer loop
      vertex 1.3338 -16.9476 4.5
      vertex 1.99814 -16.8822 2
      vertex 1.3338 -16.9476 2
    endloop
  endfacet
  facet normal -0.0588728 0.998265 0
    outer loop
      vertex 1.3338 -16.9476 2
      vertex 0.667417 -16.9869 4.5
      vertex 1.3338 -16.9476 4.5
    endloop
  endfacet
  facet normal -0.0588728 0.998265 0
    outer loop
      vertex 0.667417 -16.9869 4.5
      vertex 1.3338 -16.9476 2
      vertex 0.667417 -16.9869 2
    endloop
  endfacet
  facet normal -0.290178 0.956973 0
    outer loop
      vertex 5.25329 -16.168 2
      vertex 4.61449 -16.3617 4.5
      vertex 5.25329 -16.168 4.5
    endloop
  endfacet
  facet normal -0.290178 0.956973 0
    outer loop
      vertex 4.61449 -16.3617 4.5
      vertex 5.25329 -16.168 2
      vertex 4.61449 -16.3617 2
    endloop
  endfacet
  facet normal 0.999807 0.0196241 0
    outer loop
      vertex -16.9869 -0.667417 4.5
      vertex -17 0 2
      vertex -17 0 4.5
    endloop
  endfacet
  facet normal 0.999807 0.0196241 0
    outer loop
      vertex -17 0 2
      vertex -16.9869 -0.667417 4.5
      vertex -16.9869 -0.667417 2
    endloop
  endfacet
  facet normal 0.94481 0.32762 0
    outer loop
      vertex -15.9493 -5.88399 4.5
      vertex -16.168 -5.25329 2
      vertex -16.168 -5.25329 4.5
    endloop
  endfacet
  facet normal 0.94481 0.32762 0
    outer loop
      vertex -16.168 -5.25329 2
      vertex -15.9493 -5.88399 4.5
      vertex -15.9493 -5.88399 2
    endloop
  endfacet
  facet normal 0.931216 0.364469 0
    outer loop
      vertex -15.706 -6.50562 4.5
      vertex -15.9493 -5.88399 2
      vertex -15.9493 -5.88399 4.5
    endloop
  endfacet
  facet normal 0.931216 0.364469 0
    outer loop
      vertex -15.9493 -5.88399 2
      vertex -15.706 -6.50562 4.5
      vertex -15.706 -6.50562 2
    endloop
  endfacet
  facet normal 0.995189 0.09797 0
    outer loop
      vertex -16.8822 -1.99814 4.5
      vertex -16.9476 -1.3338 2
      vertex -16.9476 -1.3338 4.5
    endloop
  endfacet
  facet normal 0.995189 0.09797 0
    outer loop
      vertex -16.9476 -1.3338 2
      vertex -16.8822 -1.99814 4.5
      vertex -16.8822 -1.99814 2
    endloop
  endfacet
  facet normal 0.998265 0.0588728 0
    outer loop
      vertex -16.9476 -1.3338 4.5
      vertex -16.9869 -0.667417 2
      vertex -16.9869 -0.667417 4.5
    endloop
  endfacet
  facet normal 0.998265 0.0588728 0
    outer loop
      vertex -16.9869 -0.667417 2
      vertex -16.9476 -1.3338 4.5
      vertex -16.9476 -1.3338 2
    endloop
  endfacet
  facet normal 0.956973 0.290178 0
    outer loop
      vertex -16.168 -5.25329 4.5
      vertex -16.3617 -4.61449 2
      vertex -16.3617 -4.61449 4.5
    endloop
  endfacet
  facet normal 0.956973 0.290178 0
    outer loop
      vertex -16.3617 -4.61449 2
      vertex -16.168 -5.25329 4.5
      vertex -16.168 -5.25329 2
    endloop
  endfacet
  facet normal 0.862765 0.505605 0
    outer loop
      vertex -14.4949 -8.88247 4.5
      vertex -14.8324 -8.30656 2
      vertex -14.8324 -8.30656 4.5
    endloop
  endfacet
  facet normal 0.862765 0.505605 0
    outer loop
      vertex -14.8324 -8.30656 2
      vertex -14.4949 -8.88247 4.5
      vertex -14.4949 -8.88247 2
    endloop
  endfacet
  facet normal 0.842218 0.539138 0
    outer loop
      vertex -14.135 -9.44469 4.5
      vertex -14.4949 -8.88247 2
      vertex -14.4949 -8.88247 4.5
    endloop
  endfacet
  facet normal 0.842218 0.539138 0
    outer loop
      vertex -14.4949 -8.88247 2
      vertex -14.135 -9.44469 4.5
      vertex -14.135 -9.44469 2
    endloop
  endfacet
  facet normal 0.797323 0.603553 0
    outer loop
      vertex -13.3504 -10.5246 4.5
      vertex -13.7533 -9.99235 2
      vertex -13.7533 -9.99235 4.5
    endloop
  endfacet
  facet normal 0.797323 0.603553 0
    outer loop
      vertex -13.7533 -9.99235 2
      vertex -13.3504 -10.5246 4.5
      vertex -13.3504 -10.5246 2
    endloop
  endfacet
  facet normal 0.290178 0.956973 -0
    outer loop
      vertex -4.61449 -16.3617 2
      vertex -5.25329 -16.168 4.5
      vertex -4.61449 -16.3617 4.5
    endloop
  endfacet
  facet normal 0.290178 0.956973 0
    outer loop
      vertex -5.25329 -16.168 4.5
      vertex -4.61449 -16.3617 2
      vertex -5.25329 -16.168 2
    endloop
  endfacet
  facet normal 0.32762 0.94481 -0
    outer loop
      vertex -5.25329 -16.168 2
      vertex -5.88399 -15.9493 4.5
      vertex -5.25329 -16.168 4.5
    endloop
  endfacet
  facet normal 0.32762 0.94481 0
    outer loop
      vertex -5.88399 -15.9493 4.5
      vertex -5.25329 -16.168 2
      vertex -5.88399 -15.9493 2
    endloop
  endfacet
  facet normal 0.0196241 0.999807 -0
    outer loop
      vertex 0 -17 2
      vertex -0.667417 -16.9869 4.5
      vertex 0 -17 4.5
    endloop
  endfacet
  facet normal 0.0196241 0.999807 0
    outer loop
      vertex -0.667417 -16.9869 4.5
      vertex 0 -17 2
      vertex -0.667417 -16.9869 2
    endloop
  endfacet
  facet normal 0.0588728 0.998265 -0
    outer loop
      vertex -0.667417 -16.9869 2
      vertex -1.3338 -16.9476 4.5
      vertex -0.667417 -16.9869 4.5
    endloop
  endfacet
  facet normal 0.0588728 0.998265 0
    outer loop
      vertex -1.3338 -16.9476 4.5
      vertex -0.667417 -16.9869 2
      vertex -1.3338 -16.9476 2
    endloop
  endfacet
  facet normal 0.505605 0.862765 -0
    outer loop
      vertex -8.30656 -14.8324 2
      vertex -8.88247 -14.4949 4.5
      vertex -8.30656 -14.8324 4.5
    endloop
  endfacet
  facet normal 0.505605 0.862765 0
    outer loop
      vertex -8.88247 -14.4949 4.5
      vertex -8.30656 -14.8324 2
      vertex -8.88247 -14.4949 2
    endloop
  endfacet
  facet normal 0.40085 0.916144 -0
    outer loop
      vertex -6.50562 -15.706 2
      vertex -7.11722 -15.4384 4.5
      vertex -6.50562 -15.706 4.5
    endloop
  endfacet
  facet normal 0.40085 0.916144 0
    outer loop
      vertex -7.11722 -15.4384 4.5
      vertex -6.50562 -15.706 2
      vertex -7.11722 -15.4384 2
    endloop
  endfacet
  facet normal 0.603553 0.797323 -0
    outer loop
      vertex -9.99235 -13.7533 2
      vertex -10.5246 -13.3504 4.5
      vertex -9.99235 -13.7533 4.5
    endloop
  endfacet
  facet normal 0.603553 0.797323 0
    outer loop
      vertex -10.5246 -13.3504 4.5
      vertex -9.99235 -13.7533 2
      vertex -10.5246 -13.3504 2
    endloop
  endfacet
  facet normal 0.63442 0.772989 -0
    outer loop
      vertex -10.5246 -13.3504 2
      vertex -11.0406 -12.9269 4.5
      vertex -10.5246 -13.3504 4.5
    endloop
  endfacet
  facet normal 0.63442 0.772989 0
    outer loop
      vertex -11.0406 -12.9269 4.5
      vertex -10.5246 -13.3504 2
      vertex -11.0406 -12.9269 2
    endloop
  endfacet
  facet normal 0.57179 0.8204 -0
    outer loop
      vertex -9.44469 -14.135 2
      vertex -9.99235 -13.7533 4.5
      vertex -9.44469 -14.135 4.5
    endloop
  endfacet
  facet normal 0.57179 0.8204 0
    outer loop
      vertex -9.99235 -13.7533 4.5
      vertex -9.44469 -14.135 2
      vertex -9.99235 -13.7533 2
    endloop
  endfacet
  facet normal 0.693115 0.720827 -0
    outer loop
      vertex -11.5396 -12.4835 2
      vertex -12.0208 -12.0208 4.5
      vertex -11.5396 -12.4835 4.5
    endloop
  endfacet
  facet normal 0.693115 0.720827 0
    outer loop
      vertex -12.0208 -12.0208 4.5
      vertex -11.5396 -12.4835 2
      vertex -12.0208 -12.0208 2
    endloop
  endfacet
  facet normal -0.999807 0.0196241 0
    outer loop
      vertex 16.9869 -0.667417 2
      vertex 17 0 4.5
      vertex 17 0 2
    endloop
  endfacet
  facet normal -0.999807 0.0196241 0
    outer loop
      vertex 17 0 4.5
      vertex 16.9869 -0.667417 2
      vertex 16.9869 -0.667417 4.5
    endloop
  endfacet
  facet normal -0.0196241 -0.999807 0
    outer loop
      vertex 0 17 2
      vertex 0.667417 16.9869 4.5
      vertex 0 17 4.5
    endloop
  endfacet
  facet normal -0.0196241 -0.999807 -0
    outer loop
      vertex 0.667417 16.9869 4.5
      vertex 0 17 2
      vertex 0.667417 16.9869 2
    endloop
  endfacet
  facet normal -0.931216 -0.364469 0
    outer loop
      vertex 15.9493 5.88399 2
      vertex 15.706 6.50562 4.5
      vertex 15.706 6.50562 2
    endloop
  endfacet
  facet normal -0.931216 -0.364469 0
    outer loop
      vertex 15.706 6.50562 4.5
      vertex 15.9493 5.88399 2
      vertex 15.9493 5.88399 4.5
    endloop
  endfacet
  facet normal -0.995189 -0.09797 0
    outer loop
      vertex 16.9476 1.3338 2
      vertex 16.8822 1.99814 4.5
      vertex 16.8822 1.99814 2
    endloop
  endfacet
  facet normal -0.995189 -0.09797 0
    outer loop
      vertex 16.8822 1.99814 4.5
      vertex 16.9476 1.3338 2
      vertex 16.9476 1.3338 4.5
    endloop
  endfacet
  facet normal -0.956973 -0.290178 0
    outer loop
      vertex 16.3617 4.61449 2
      vertex 16.168 5.25329 4.5
      vertex 16.168 5.25329 2
    endloop
  endfacet
  facet normal -0.956973 -0.290178 0
    outer loop
      vertex 16.168 5.25329 4.5
      vertex 16.3617 4.61449 2
      vertex 16.3617 4.61449 4.5
    endloop
  endfacet
  facet normal -0.0588728 -0.998265 0
    outer loop
      vertex 0.667417 16.9869 2
      vertex 1.3338 16.9476 4.5
      vertex 0.667417 16.9869 4.5
    endloop
  endfacet
  facet normal -0.0588728 -0.998265 -0
    outer loop
      vertex 1.3338 16.9476 4.5
      vertex 0.667417 16.9869 2
      vertex 1.3338 16.9476 2
    endloop
  endfacet
  facet normal -0.09797 -0.995189 0
    outer loop
      vertex 1.3338 16.9476 2
      vertex 1.99814 16.8822 4.5
      vertex 1.3338 16.9476 4.5
    endloop
  endfacet
  facet normal -0.09797 -0.995189 -0
    outer loop
      vertex 1.99814 16.8822 4.5
      vertex 1.3338 16.9476 2
      vertex 1.99814 16.8822 2
    endloop
  endfacet
  facet normal -0.32762 -0.94481 0
    outer loop
      vertex 5.25329 16.168 2
      vertex 5.88399 15.9493 4.5
      vertex 5.25329 16.168 4.5
    endloop
  endfacet
  facet normal -0.32762 -0.94481 -0
    outer loop
      vertex 5.88399 15.9493 4.5
      vertex 5.25329 16.168 2
      vertex 5.88399 15.9493 2
    endloop
  endfacet
  facet normal -0.252561 -0.967581 0
    outer loop
      vertex 3.96857 16.5303 2
      vertex 4.61449 16.3617 4.5
      vertex 3.96857 16.5303 4.5
    endloop
  endfacet
  facet normal -0.252561 -0.967581 -0
    outer loop
      vertex 4.61449 16.3617 4.5
      vertex 3.96857 16.5303 2
      vertex 4.61449 16.3617 2
    endloop
  endfacet
  facet normal -0.693115 -0.720827 0
    outer loop
      vertex 11.5396 12.4835 2
      vertex 12.0208 12.0208 4.5
      vertex 11.5396 12.4835 4.5
    endloop
  endfacet
  facet normal -0.693115 -0.720827 -0
    outer loop
      vertex 12.0208 12.0208 4.5
      vertex 11.5396 12.4835 2
      vertex 12.0208 12.0208 2
    endloop
  endfacet
  facet normal -0.57179 -0.8204 0
    outer loop
      vertex 9.44469 14.135 2
      vertex 9.99235 13.7533 4.5
      vertex 9.44469 14.135 4.5
    endloop
  endfacet
  facet normal -0.57179 -0.8204 -0
    outer loop
      vertex 9.99235 13.7533 4.5
      vertex 9.44469 14.135 2
      vertex 9.99235 13.7533 2
    endloop
  endfacet
  facet normal -0.63442 -0.772989 0
    outer loop
      vertex 10.5246 13.3504 2
      vertex 11.0406 12.9269 4.5
      vertex 10.5246 13.3504 4.5
    endloop
  endfacet
  facet normal -0.63442 -0.772989 -0
    outer loop
      vertex 11.0406 12.9269 4.5
      vertex 10.5246 13.3504 2
      vertex 11.0406 12.9269 2
    endloop
  endfacet
  facet normal -0.505605 -0.862765 0
    outer loop
      vertex 8.30656 14.8324 2
      vertex 8.88247 14.4949 4.5
      vertex 8.30656 14.8324 4.5
    endloop
  endfacet
  facet normal -0.505605 -0.862765 -0
    outer loop
      vertex 8.88247 14.4949 4.5
      vertex 8.30656 14.8324 2
      vertex 8.88247 14.4949 2
    endloop
  endfacet
  facet normal -0.40085 -0.916144 0
    outer loop
      vertex 6.50562 15.706 2
      vertex 7.11722 15.4384 4.5
      vertex 6.50562 15.706 4.5
    endloop
  endfacet
  facet normal -0.40085 -0.916144 -0
    outer loop
      vertex 7.11722 15.4384 4.5
      vertex 6.50562 15.706 2
      vertex 7.11722 15.4384 2
    endloop
  endfacet
  facet normal -0.842218 -0.539138 0
    outer loop
      vertex 14.4949 8.88247 2
      vertex 14.135 9.44469 4.5
      vertex 14.135 9.44469 2
    endloop
  endfacet
  facet normal -0.842218 -0.539138 0
    outer loop
      vertex 14.135 9.44469 4.5
      vertex 14.4949 8.88247 2
      vertex 14.4949 8.88247 4.5
    endloop
  endfacet
  facet normal -0.747525 -0.664234 0
    outer loop
      vertex 12.9269 11.0406 2
      vertex 12.4835 11.5396 4.5
      vertex 12.4835 11.5396 2
    endloop
  endfacet
  facet normal -0.747525 -0.664234 0
    outer loop
      vertex 12.4835 11.5396 4.5
      vertex 12.9269 11.0406 2
      vertex 12.9269 11.0406 4.5
    endloop
  endfacet
  facet normal -0.797323 -0.603553 0
    outer loop
      vertex 13.7533 9.99235 2
      vertex 13.3504 10.5246 4.5
      vertex 13.3504 10.5246 2
    endloop
  endfacet
  facet normal -0.797323 -0.603553 0
    outer loop
      vertex 13.3504 10.5246 4.5
      vertex 13.7533 9.99235 2
      vertex 13.7533 9.99235 4.5
    endloop
  endfacet
  facet normal 0.364469 -0.931216 0
    outer loop
      vertex -6.50562 15.706 2
      vertex -5.88399 15.9493 4.5
      vertex -6.50562 15.706 4.5
    endloop
  endfacet
  facet normal 0.364469 -0.931216 0
    outer loop
      vertex -5.88399 15.9493 4.5
      vertex -6.50562 15.706 2
      vertex -5.88399 15.9493 2
    endloop
  endfacet
  facet normal 0.21422 -0.976785 0
    outer loop
      vertex -3.96857 16.5303 2
      vertex -3.31653 16.6733 4.5
      vertex -3.96857 16.5303 4.5
    endloop
  endfacet
  facet normal 0.21422 -0.976785 0
    outer loop
      vertex -3.31653 16.6733 4.5
      vertex -3.96857 16.5303 2
      vertex -3.31653 16.6733 2
    endloop
  endfacet
  facet normal 0.290178 -0.956973 0
    outer loop
      vertex -5.25329 16.168 2
      vertex -4.61449 16.3617 4.5
      vertex -5.25329 16.168 4.5
    endloop
  endfacet
  facet normal 0.290178 -0.956973 0
    outer loop
      vertex -4.61449 16.3617 4.5
      vertex -5.25329 16.168 2
      vertex -4.61449 16.3617 2
    endloop
  endfacet
  facet normal 0.539138 -0.842218 0
    outer loop
      vertex -9.44469 14.135 2
      vertex -8.88247 14.4949 4.5
      vertex -9.44469 14.135 4.5
    endloop
  endfacet
  facet normal 0.539138 -0.842218 0
    outer loop
      vertex -8.88247 14.4949 4.5
      vertex -9.44469 14.135 2
      vertex -8.88247 14.4949 2
    endloop
  endfacet
  facet normal 0.603553 -0.797323 0
    outer loop
      vertex -10.5246 13.3504 2
      vertex -9.99235 13.7533 4.5
      vertex -10.5246 13.3504 4.5
    endloop
  endfacet
  facet normal 0.603553 -0.797323 0
    outer loop
      vertex -9.99235 13.7533 4.5
      vertex -10.5246 13.3504 2
      vertex -9.99235 13.7533 2
    endloop
  endfacet
  facet normal 0.976785 -0.21422 0
    outer loop
      vertex -16.6733 3.31653 4.5
      vertex -16.5303 3.96857 2
      vertex -16.5303 3.96857 4.5
    endloop
  endfacet
  facet normal 0.976785 -0.21422 0
    outer loop
      vertex -16.5303 3.96857 2
      vertex -16.6733 3.31653 4.5
      vertex -16.6733 3.31653 2
    endloop
  endfacet
  facet normal 0.995189 -0.09797 0
    outer loop
      vertex -16.9476 1.3338 4.5
      vertex -16.8822 1.99814 2
      vertex -16.8822 1.99814 4.5
    endloop
  endfacet
  facet normal 0.995189 -0.09797 0
    outer loop
      vertex -16.8822 1.99814 2
      vertex -16.9476 1.3338 4.5
      vertex -16.9476 1.3338 2
    endloop
  endfacet
  facet normal 0.999807 -0.0196241 0
    outer loop
      vertex -17 0 4.5
      vertex -16.9869 0.667417 2
      vertex -16.9869 0.667417 4.5
    endloop
  endfacet
  facet normal 0.999807 -0.0196241 0
    outer loop
      vertex -16.9869 0.667417 2
      vertex -17 0 4.5
      vertex -17 0 2
    endloop
  endfacet
  facet normal 0.862765 -0.505605 0
    outer loop
      vertex -14.8324 8.30656 4.5
      vertex -14.4949 8.88247 2
      vertex -14.4949 8.88247 4.5
    endloop
  endfacet
  facet normal 0.862765 -0.505605 0
    outer loop
      vertex -14.4949 8.88247 2
      vertex -14.8324 8.30656 4.5
      vertex -14.8324 8.30656 2
    endloop
  endfacet
  facet normal 0.881907 -0.471423 0
    outer loop
      vertex -15.1471 7.71784 4.5
      vertex -14.8324 8.30656 2
      vertex -14.8324 8.30656 4.5
    endloop
  endfacet
  facet normal 0.881907 -0.471423 0
    outer loop
      vertex -14.8324 8.30656 2
      vertex -15.1471 7.71784 4.5
      vertex -15.1471 7.71784 2
    endloop
  endfacet
  facet normal 0.916144 -0.40085 0
    outer loop
      vertex -15.706 6.50562 4.5
      vertex -15.4384 7.11722 2
      vertex -15.4384 7.11722 4.5
    endloop
  endfacet
  facet normal 0.916144 -0.40085 0
    outer loop
      vertex -15.4384 7.11722 2
      vertex -15.706 6.50562 4.5
      vertex -15.706 6.50562 2
    endloop
  endfacet
  facet normal -0.967581 0.252561 0
    outer loop
      vertex 16.3617 -4.61449 2
      vertex 16.5303 -3.96857 4.5
      vertex 16.5303 -3.96857 2
    endloop
  endfacet
  facet normal -0.967581 0.252561 0
    outer loop
      vertex 16.5303 -3.96857 4.5
      vertex 16.3617 -4.61449 2
      vertex 16.3617 -4.61449 4.5
    endloop
  endfacet
  facet normal -0.976785 0.21422 0
    outer loop
      vertex 16.5303 -3.96857 2
      vertex 16.6733 -3.31653 4.5
      vertex 16.6733 -3.31653 2
    endloop
  endfacet
  facet normal -0.976785 0.21422 0
    outer loop
      vertex 16.6733 -3.31653 4.5
      vertex 16.5303 -3.96857 2
      vertex 16.5303 -3.96857 4.5
    endloop
  endfacet
  facet normal -0.881907 0.471423 0
    outer loop
      vertex 14.8324 -8.30656 2
      vertex 15.1471 -7.71784 4.5
      vertex 15.1471 -7.71784 2
    endloop
  endfacet
  facet normal -0.881907 0.471423 0
    outer loop
      vertex 15.1471 -7.71784 4.5
      vertex 14.8324 -8.30656 2
      vertex 14.8324 -8.30656 4.5
    endloop
  endfacet
  facet normal -0.899761 0.436383 0
    outer loop
      vertex 15.1471 -7.71784 2
      vertex 15.4384 -7.11722 4.5
      vertex 15.4384 -7.11722 2
    endloop
  endfacet
  facet normal -0.899761 0.436383 0
    outer loop
      vertex 15.4384 -7.11722 4.5
      vertex 15.1471 -7.71784 2
      vertex 15.1471 -7.71784 4.5
    endloop
  endfacet
  facet normal -0.747525 0.664234 0
    outer loop
      vertex 12.4835 -11.5396 2
      vertex 12.9269 -11.0406 4.5
      vertex 12.9269 -11.0406 2
    endloop
  endfacet
  facet normal -0.747525 0.664234 0
    outer loop
      vertex 12.9269 -11.0406 4.5
      vertex 12.4835 -11.5396 2
      vertex 12.4835 -11.5396 4.5
    endloop
  endfacet
  facet normal -0.63442 0.772989 0
    outer loop
      vertex 11.0406 -12.9269 2
      vertex 10.5246 -13.3504 4.5
      vertex 11.0406 -12.9269 4.5
    endloop
  endfacet
  facet normal -0.63442 0.772989 0
    outer loop
      vertex 10.5246 -13.3504 4.5
      vertex 11.0406 -12.9269 2
      vertex 10.5246 -13.3504 2
    endloop
  endfacet
  facet normal -0.664234 0.747525 0
    outer loop
      vertex 11.5396 -12.4835 2
      vertex 11.0406 -12.9269 4.5
      vertex 11.5396 -12.4835 4.5
    endloop
  endfacet
  facet normal -0.664234 0.747525 0
    outer loop
      vertex 11.0406 -12.9269 4.5
      vertex 11.5396 -12.4835 2
      vertex 11.0406 -12.9269 2
    endloop
  endfacet
  facet normal -0.471423 0.881907 0
    outer loop
      vertex 8.30656 -14.8324 2
      vertex 7.71784 -15.1471 4.5
      vertex 8.30656 -14.8324 4.5
    endloop
  endfacet
  facet normal -0.471423 0.881907 0
    outer loop
      vertex 7.71784 -15.1471 4.5
      vertex 8.30656 -14.8324 2
      vertex 7.71784 -15.1471 2
    endloop
  endfacet
  facet normal -0.436383 0.899761 0
    outer loop
      vertex 7.71784 -15.1471 2
      vertex 7.11722 -15.4384 4.5
      vertex 7.71784 -15.1471 4.5
    endloop
  endfacet
  facet normal -0.436383 0.899761 0
    outer loop
      vertex 7.11722 -15.4384 4.5
      vertex 7.71784 -15.1471 2
      vertex 7.11722 -15.4384 2
    endloop
  endfacet
  facet normal -0.175868 0.984414 0
    outer loop
      vertex 3.31653 -16.6733 2
      vertex 2.65939 -16.7907 4.5
      vertex 3.31653 -16.6733 4.5
    endloop
  endfacet
  facet normal -0.175868 0.984414 0
    outer loop
      vertex 2.65939 -16.7907 4.5
      vertex 3.31653 -16.6733 2
      vertex 2.65939 -16.7907 2
    endloop
  endfacet
  facet normal -0.137068 0.990562 0
    outer loop
      vertex 2.65939 -16.7907 2
      vertex 1.99814 -16.8822 4.5
      vertex 2.65939 -16.7907 4.5
    endloop
  endfacet
  facet normal -0.137068 0.990562 0
    outer loop
      vertex 1.99814 -16.8822 4.5
      vertex 2.65939 -16.7907 2
      vertex 1.99814 -16.8822 2
    endloop
  endfacet
  facet normal -0.252561 0.967581 0
    outer loop
      vertex 4.61449 -16.3617 2
      vertex 3.96857 -16.5303 4.5
      vertex 4.61449 -16.3617 4.5
    endloop
  endfacet
  facet normal -0.252561 0.967581 0
    outer loop
      vertex 3.96857 -16.5303 4.5
      vertex 4.61449 -16.3617 2
      vertex 3.96857 -16.5303 2
    endloop
  endfacet
  facet normal 0.984414 0.175868 0
    outer loop
      vertex -16.6733 -3.31653 4.5
      vertex -16.7907 -2.65939 2
      vertex -16.7907 -2.65939 4.5
    endloop
  endfacet
  facet normal 0.984414 0.175868 0
    outer loop
      vertex -16.7907 -2.65939 2
      vertex -16.6733 -3.31653 4.5
      vertex -16.6733 -3.31653 2
    endloop
  endfacet
  facet normal 0.990562 0.137068 0
    outer loop
      vertex -16.7907 -2.65939 4.5
      vertex -16.8822 -1.99814 2
      vertex -16.8822 -1.99814 4.5
    endloop
  endfacet
  facet normal 0.990562 0.137068 0
    outer loop
      vertex -16.8822 -1.99814 2
      vertex -16.7907 -2.65939 4.5
      vertex -16.7907 -2.65939 2
    endloop
  endfacet
  facet normal 0.967581 0.252561 0
    outer loop
      vertex -16.3617 -4.61449 4.5
      vertex -16.5303 -3.96857 2
      vertex -16.5303 -3.96857 4.5
    endloop
  endfacet
  facet normal 0.967581 0.252561 0
    outer loop
      vertex -16.5303 -3.96857 2
      vertex -16.3617 -4.61449 4.5
      vertex -16.3617 -4.61449 2
    endloop
  endfacet
  facet normal 0.881907 0.471423 0
    outer loop
      vertex -14.8324 -8.30656 4.5
      vertex -15.1471 -7.71784 2
      vertex -15.1471 -7.71784 4.5
    endloop
  endfacet
  facet normal 0.881907 0.471423 0
    outer loop
      vertex -15.1471 -7.71784 2
      vertex -14.8324 -8.30656 4.5
      vertex -14.8324 -8.30656 2
    endloop
  endfacet
  facet normal 0.899761 0.436383 0
    outer loop
      vertex -15.1471 -7.71784 4.5
      vertex -15.4384 -7.11722 2
      vertex -15.4384 -7.11722 4.5
    endloop
  endfacet
  facet normal 0.899761 0.436383 0
    outer loop
      vertex -15.4384 -7.11722 2
      vertex -15.1471 -7.71784 4.5
      vertex -15.1471 -7.71784 2
    endloop
  endfacet
  facet normal 0.772989 0.63442 0
    outer loop
      vertex -12.9269 -11.0406 4.5
      vertex -13.3504 -10.5246 2
      vertex -13.3504 -10.5246 4.5
    endloop
  endfacet
  facet normal 0.772989 0.63442 0
    outer loop
      vertex -13.3504 -10.5246 2
      vertex -12.9269 -11.0406 4.5
      vertex -12.9269 -11.0406 2
    endloop
  endfacet
  facet normal 0.747525 0.664234 0
    outer loop
      vertex -12.4835 -11.5396 4.5
      vertex -12.9269 -11.0406 2
      vertex -12.9269 -11.0406 4.5
    endloop
  endfacet
  facet normal 0.747525 0.664234 0
    outer loop
      vertex -12.9269 -11.0406 2
      vertex -12.4835 -11.5396 4.5
      vertex -12.4835 -11.5396 2
    endloop
  endfacet
  facet normal 0.21422 0.976785 -0
    outer loop
      vertex -3.31653 -16.6733 2
      vertex -3.96857 -16.5303 4.5
      vertex -3.31653 -16.6733 4.5
    endloop
  endfacet
  facet normal 0.21422 0.976785 0
    outer loop
      vertex -3.96857 -16.5303 4.5
      vertex -3.31653 -16.6733 2
      vertex -3.96857 -16.5303 2
    endloop
  endfacet
  facet normal 0.252561 0.967581 -0
    outer loop
      vertex -3.96857 -16.5303 2
      vertex -4.61449 -16.3617 4.5
      vertex -3.96857 -16.5303 4.5
    endloop
  endfacet
  facet normal 0.252561 0.967581 0
    outer loop
      vertex -4.61449 -16.3617 4.5
      vertex -3.96857 -16.5303 2
      vertex -4.61449 -16.3617 2
    endloop
  endfacet
  facet normal 0.09797 0.995189 -0
    outer loop
      vertex -1.3338 -16.9476 2
      vertex -1.99814 -16.8822 4.5
      vertex -1.3338 -16.9476 4.5
    endloop
  endfacet
  facet normal 0.09797 0.995189 0
    outer loop
      vertex -1.99814 -16.8822 4.5
      vertex -1.3338 -16.9476 2
      vertex -1.99814 -16.8822 2
    endloop
  endfacet
  facet normal 0.471423 0.881907 -0
    outer loop
      vertex -7.71784 -15.1471 2
      vertex -8.30656 -14.8324 4.5
      vertex -7.71784 -15.1471 4.5
    endloop
  endfacet
  facet normal 0.471423 0.881907 0
    outer loop
      vertex -8.30656 -14.8324 4.5
      vertex -7.71784 -15.1471 2
      vertex -8.30656 -14.8324 2
    endloop
  endfacet
  facet normal 0.664234 0.747525 -0
    outer loop
      vertex -11.0406 -12.9269 2
      vertex -11.5396 -12.4835 4.5
      vertex -11.0406 -12.9269 4.5
    endloop
  endfacet
  facet normal 0.664234 0.747525 0
    outer loop
      vertex -11.5396 -12.4835 4.5
      vertex -11.0406 -12.9269 2
      vertex -11.5396 -12.4835 2
    endloop
  endfacet
  facet normal -0.998265 -0.0588728 0
    outer loop
      vertex 16.9869 0.667417 2
      vertex 16.9476 1.3338 4.5
      vertex 16.9476 1.3338 2
    endloop
  endfacet
  facet normal -0.998265 -0.0588728 0
    outer loop
      vertex 16.9476 1.3338 4.5
      vertex 16.9869 0.667417 2
      vertex 16.9869 0.667417 4.5
    endloop
  endfacet
  facet normal -0.984414 -0.175868 0
    outer loop
      vertex 16.7907 2.65939 2
      vertex 16.6733 3.31653 4.5
      vertex 16.6733 3.31653 2
    endloop
  endfacet
  facet normal -0.984414 -0.175868 0
    outer loop
      vertex 16.6733 3.31653 4.5
      vertex 16.7907 2.65939 2
      vertex 16.7907 2.65939 4.5
    endloop
  endfacet
  facet normal -0.990562 -0.137068 0
    outer loop
      vertex 16.8822 1.99814 2
      vertex 16.7907 2.65939 4.5
      vertex 16.7907 2.65939 2
    endloop
  endfacet
  facet normal -0.990562 -0.137068 0
    outer loop
      vertex 16.7907 2.65939 4.5
      vertex 16.8822 1.99814 2
      vertex 16.8822 1.99814 4.5
    endloop
  endfacet
  facet normal -0.94481 -0.32762 0
    outer loop
      vertex 16.168 5.25329 2
      vertex 15.9493 5.88399 4.5
      vertex 15.9493 5.88399 2
    endloop
  endfacet
  facet normal -0.94481 -0.32762 0
    outer loop
      vertex 15.9493 5.88399 4.5
      vertex 16.168 5.25329 2
      vertex 16.168 5.25329 4.5
    endloop
  endfacet
  facet normal -0.967581 -0.252561 0
    outer loop
      vertex 16.5303 3.96857 2
      vertex 16.3617 4.61449 4.5
      vertex 16.3617 4.61449 2
    endloop
  endfacet
  facet normal -0.967581 -0.252561 0
    outer loop
      vertex 16.3617 4.61449 4.5
      vertex 16.5303 3.96857 2
      vertex 16.5303 3.96857 4.5
    endloop
  endfacet
  facet normal -0.976785 -0.21422 0
    outer loop
      vertex 16.6733 3.31653 2
      vertex 16.5303 3.96857 4.5
      vertex 16.5303 3.96857 2
    endloop
  endfacet
  facet normal -0.976785 -0.21422 0
    outer loop
      vertex 16.5303 3.96857 4.5
      vertex 16.6733 3.31653 2
      vertex 16.6733 3.31653 4.5
    endloop
  endfacet
  facet normal -0.137068 -0.990562 0
    outer loop
      vertex 1.99814 16.8822 2
      vertex 2.65939 16.7907 4.5
      vertex 1.99814 16.8822 4.5
    endloop
  endfacet
  facet normal -0.137068 -0.990562 -0
    outer loop
      vertex 2.65939 16.7907 4.5
      vertex 1.99814 16.8822 2
      vertex 2.65939 16.7907 2
    endloop
  endfacet
  facet normal -0.364469 -0.931216 0
    outer loop
      vertex 5.88399 15.9493 2
      vertex 6.50562 15.706 4.5
      vertex 5.88399 15.9493 4.5
    endloop
  endfacet
  facet normal -0.364469 -0.931216 -0
    outer loop
      vertex 6.50562 15.706 4.5
      vertex 5.88399 15.9493 2
      vertex 6.50562 15.706 2
    endloop
  endfacet
  facet normal -0.290178 -0.956973 0
    outer loop
      vertex 4.61449 16.3617 2
      vertex 5.25329 16.168 4.5
      vertex 4.61449 16.3617 4.5
    endloop
  endfacet
  facet normal -0.290178 -0.956973 -0
    outer loop
      vertex 5.25329 16.168 4.5
      vertex 4.61449 16.3617 2
      vertex 5.25329 16.168 2
    endloop
  endfacet
  facet normal -0.21422 -0.976785 0
    outer loop
      vertex 3.31653 16.6733 2
      vertex 3.96857 16.5303 4.5
      vertex 3.31653 16.6733 4.5
    endloop
  endfacet
  facet normal -0.21422 -0.976785 -0
    outer loop
      vertex 3.96857 16.5303 4.5
      vertex 3.31653 16.6733 2
      vertex 3.96857 16.5303 2
    endloop
  endfacet
  facet normal -0.603553 -0.797323 0
    outer loop
      vertex 9.99235 13.7533 2
      vertex 10.5246 13.3504 4.5
      vertex 9.99235 13.7533 4.5
    endloop
  endfacet
  facet normal -0.603553 -0.797323 -0
    outer loop
      vertex 10.5246 13.3504 4.5
      vertex 9.99235 13.7533 2
      vertex 10.5246 13.3504 2
    endloop
  endfacet
  facet normal -0.539138 -0.842218 0
    outer loop
      vertex 8.88247 14.4949 2
      vertex 9.44469 14.135 4.5
      vertex 8.88247 14.4949 4.5
    endloop
  endfacet
  facet normal -0.539138 -0.842218 -0
    outer loop
      vertex 9.44469 14.135 4.5
      vertex 8.88247 14.4949 2
      vertex 9.44469 14.135 2
    endloop
  endfacet
  facet normal -0.436383 -0.899761 0
    outer loop
      vertex 7.11722 15.4384 2
      vertex 7.71784 15.1471 4.5
      vertex 7.11722 15.4384 4.5
    endloop
  endfacet
  facet normal -0.436383 -0.899761 -0
    outer loop
      vertex 7.71784 15.1471 4.5
      vertex 7.11722 15.4384 2
      vertex 7.71784 15.1471 2
    endloop
  endfacet
  facet normal -0.471423 -0.881907 0
    outer loop
      vertex 7.71784 15.1471 2
      vertex 8.30656 14.8324 4.5
      vertex 7.71784 15.1471 4.5
    endloop
  endfacet
  facet normal -0.471423 -0.881907 -0
    outer loop
      vertex 8.30656 14.8324 4.5
      vertex 7.71784 15.1471 2
      vertex 8.30656 14.8324 2
    endloop
  endfacet
  facet normal -0.862765 -0.505605 0
    outer loop
      vertex 14.8324 8.30656 2
      vertex 14.4949 8.88247 4.5
      vertex 14.4949 8.88247 2
    endloop
  endfacet
  facet normal -0.862765 -0.505605 0
    outer loop
      vertex 14.4949 8.88247 4.5
      vertex 14.8324 8.30656 2
      vertex 14.8324 8.30656 4.5
    endloop
  endfacet
  facet normal -0.899761 -0.436383 0
    outer loop
      vertex 15.4384 7.11722 2
      vertex 15.1471 7.71784 4.5
      vertex 15.1471 7.71784 2
    endloop
  endfacet
  facet normal -0.899761 -0.436383 0
    outer loop
      vertex 15.1471 7.71784 4.5
      vertex 15.4384 7.11722 2
      vertex 15.4384 7.11722 4.5
    endloop
  endfacet
  facet normal -0.881907 -0.471423 0
    outer loop
      vertex 15.1471 7.71784 2
      vertex 14.8324 8.30656 4.5
      vertex 14.8324 8.30656 2
    endloop
  endfacet
  facet normal -0.881907 -0.471423 0
    outer loop
      vertex 14.8324 8.30656 4.5
      vertex 15.1471 7.71784 2
      vertex 15.1471 7.71784 4.5
    endloop
  endfacet
  facet normal -0.916144 -0.40085 0
    outer loop
      vertex 15.706 6.50562 2
      vertex 15.4384 7.11722 4.5
      vertex 15.4384 7.11722 2
    endloop
  endfacet
  facet normal -0.916144 -0.40085 0
    outer loop
      vertex 15.4384 7.11722 4.5
      vertex 15.706 6.50562 2
      vertex 15.706 6.50562 4.5
    endloop
  endfacet
  facet normal -0.8204 -0.57179 0
    outer loop
      vertex 14.135 9.44469 2
      vertex 13.7533 9.99235 4.5
      vertex 13.7533 9.99235 2
    endloop
  endfacet
  facet normal -0.8204 -0.57179 0
    outer loop
      vertex 13.7533 9.99235 4.5
      vertex 14.135 9.44469 2
      vertex 14.135 9.44469 4.5
    endloop
  endfacet
  facet normal 0.09797 -0.995189 0
    outer loop
      vertex -1.99814 16.8822 2
      vertex -1.3338 16.9476 4.5
      vertex -1.99814 16.8822 4.5
    endloop
  endfacet
  facet normal 0.09797 -0.995189 0
    outer loop
      vertex -1.3338 16.9476 4.5
      vertex -1.99814 16.8822 2
      vertex -1.3338 16.9476 2
    endloop
  endfacet
  facet normal 0.175868 -0.984414 0
    outer loop
      vertex -3.31653 16.6733 2
      vertex -2.65939 16.7907 4.5
      vertex -3.31653 16.6733 4.5
    endloop
  endfacet
  facet normal 0.175868 -0.984414 0
    outer loop
      vertex -2.65939 16.7907 4.5
      vertex -3.31653 16.6733 2
      vertex -2.65939 16.7907 2
    endloop
  endfacet
  facet normal 0.0196241 -0.999807 0
    outer loop
      vertex -0.667417 16.9869 2
      vertex 0 17 4.5
      vertex -0.667417 16.9869 4.5
    endloop
  endfacet
  facet normal 0.0196241 -0.999807 0
    outer loop
      vertex 0 17 4.5
      vertex -0.667417 16.9869 2
      vertex 0 17 2
    endloop
  endfacet
  facet normal 0.137068 -0.990562 0
    outer loop
      vertex -2.65939 16.7907 2
      vertex -1.99814 16.8822 4.5
      vertex -2.65939 16.7907 4.5
    endloop
  endfacet
  facet normal 0.137068 -0.990562 0
    outer loop
      vertex -1.99814 16.8822 4.5
      vertex -2.65939 16.7907 2
      vertex -1.99814 16.8822 2
    endloop
  endfacet
  facet normal 0.32762 -0.94481 0
    outer loop
      vertex -5.88399 15.9493 2
      vertex -5.25329 16.168 4.5
      vertex -5.88399 15.9493 4.5
    endloop
  endfacet
  facet normal 0.32762 -0.94481 0
    outer loop
      vertex -5.25329 16.168 4.5
      vertex -5.88399 15.9493 2
      vertex -5.25329 16.168 2
    endloop
  endfacet
  facet normal 0.252561 -0.967581 0
    outer loop
      vertex -4.61449 16.3617 2
      vertex -3.96857 16.5303 4.5
      vertex -4.61449 16.3617 4.5
    endloop
  endfacet
  facet normal 0.252561 -0.967581 0
    outer loop
      vertex -3.96857 16.5303 4.5
      vertex -4.61449 16.3617 2
      vertex -3.96857 16.5303 2
    endloop
  endfacet
  facet normal 0.505605 -0.862765 0
    outer loop
      vertex -8.88247 14.4949 2
      vertex -8.30656 14.8324 4.5
      vertex -8.88247 14.4949 4.5
    endloop
  endfacet
  facet normal 0.505605 -0.862765 0
    outer loop
      vertex -8.30656 14.8324 4.5
      vertex -8.88247 14.4949 2
      vertex -8.30656 14.8324 2
    endloop
  endfacet
  facet normal 0.40085 -0.916144 0
    outer loop
      vertex -7.11722 15.4384 2
      vertex -6.50562 15.706 4.5
      vertex -7.11722 15.4384 4.5
    endloop
  endfacet
  facet normal 0.40085 -0.916144 0
    outer loop
      vertex -6.50562 15.706 4.5
      vertex -7.11722 15.4384 2
      vertex -6.50562 15.706 2
    endloop
  endfacet
  facet normal 0.471423 -0.881907 0
    outer loop
      vertex -8.30656 14.8324 2
      vertex -7.71784 15.1471 4.5
      vertex -8.30656 14.8324 4.5
    endloop
  endfacet
  facet normal 0.471423 -0.881907 0
    outer loop
      vertex -7.71784 15.1471 4.5
      vertex -8.30656 14.8324 2
      vertex -7.71784 15.1471 2
    endloop
  endfacet
  facet normal 0.436383 -0.899761 0
    outer loop
      vertex -7.71784 15.1471 2
      vertex -7.11722 15.4384 4.5
      vertex -7.71784 15.1471 4.5
    endloop
  endfacet
  facet normal 0.436383 -0.899761 0
    outer loop
      vertex -7.11722 15.4384 4.5
      vertex -7.71784 15.1471 2
      vertex -7.11722 15.4384 2
    endloop
  endfacet
  facet normal 0.664234 -0.747525 0
    outer loop
      vertex -11.5396 12.4835 2
      vertex -11.0406 12.9269 4.5
      vertex -11.5396 12.4835 4.5
    endloop
  endfacet
  facet normal 0.664234 -0.747525 0
    outer loop
      vertex -11.0406 12.9269 4.5
      vertex -11.5396 12.4835 2
      vertex -11.0406 12.9269 2
    endloop
  endfacet
  facet normal 0.57179 -0.8204 0
    outer loop
      vertex -9.99235 13.7533 2
      vertex -9.44469 14.135 4.5
      vertex -9.99235 13.7533 4.5
    endloop
  endfacet
  facet normal 0.57179 -0.8204 0
    outer loop
      vertex -9.44469 14.135 4.5
      vertex -9.99235 13.7533 2
      vertex -9.44469 14.135 2
    endloop
  endfacet
  facet normal 0.931216 -0.364469 0
    outer loop
      vertex -15.9493 5.88399 4.5
      vertex -15.706 6.50562 2
      vertex -15.706 6.50562 4.5
    endloop
  endfacet
  facet normal 0.931216 -0.364469 0
    outer loop
      vertex -15.706 6.50562 2
      vertex -15.9493 5.88399 4.5
      vertex -15.9493 5.88399 2
    endloop
  endfacet
  facet normal 0.956973 -0.290178 0
    outer loop
      vertex -16.3617 4.61449 4.5
      vertex -16.168 5.25329 2
      vertex -16.168 5.25329 4.5
    endloop
  endfacet
  facet normal 0.956973 -0.290178 0
    outer loop
      vertex -16.168 5.25329 2
      vertex -16.3617 4.61449 4.5
      vertex -16.3617 4.61449 2
    endloop
  endfacet
  facet normal 0.998265 -0.0588728 0
    outer loop
      vertex -16.9869 0.667417 4.5
      vertex -16.9476 1.3338 2
      vertex -16.9476 1.3338 4.5
    endloop
  endfacet
  facet normal 0.998265 -0.0588728 0
    outer loop
      vertex -16.9476 1.3338 2
      vertex -16.9869 0.667417 4.5
      vertex -16.9869 0.667417 2
    endloop
  endfacet
  facet normal 0.990562 -0.137068 0
    outer loop
      vertex -16.8822 1.99814 4.5
      vertex -16.7907 2.65939 2
      vertex -16.7907 2.65939 4.5
    endloop
  endfacet
  facet normal 0.990562 -0.137068 0
    outer loop
      vertex -16.7907 2.65939 2
      vertex -16.8822 1.99814 4.5
      vertex -16.8822 1.99814 2
    endloop
  endfacet
  facet normal 0.984414 -0.175868 0
    outer loop
      vertex -16.7907 2.65939 4.5
      vertex -16.6733 3.31653 2
      vertex -16.6733 3.31653 4.5
    endloop
  endfacet
  facet normal 0.984414 -0.175868 0
    outer loop
      vertex -16.6733 3.31653 2
      vertex -16.7907 2.65939 4.5
      vertex -16.7907 2.65939 2
    endloop
  endfacet
  facet normal 0.842218 -0.539138 0
    outer loop
      vertex -14.4949 8.88247 4.5
      vertex -14.135 9.44469 2
      vertex -14.135 9.44469 4.5
    endloop
  endfacet
  facet normal 0.842218 -0.539138 0
    outer loop
      vertex -14.135 9.44469 2
      vertex -14.4949 8.88247 4.5
      vertex -14.4949 8.88247 2
    endloop
  endfacet
  facet normal 0.899761 -0.436383 0
    outer loop
      vertex -15.4384 7.11722 4.5
      vertex -15.1471 7.71784 2
      vertex -15.1471 7.71784 4.5
    endloop
  endfacet
  facet normal 0.899761 -0.436383 0
    outer loop
      vertex -15.1471 7.71784 2
      vertex -15.4384 7.11722 4.5
      vertex -15.4384 7.11722 2
    endloop
  endfacet
  facet normal 0.797323 -0.603553 0
    outer loop
      vertex -13.7533 9.99235 4.5
      vertex -13.3504 10.5246 2
      vertex -13.3504 10.5246 4.5
    endloop
  endfacet
  facet normal 0.797323 -0.603553 0
    outer loop
      vertex -13.3504 10.5246 2
      vertex -13.7533 9.99235 4.5
      vertex -13.7533 9.99235 2
    endloop
  endfacet
  facet normal 0.720827 -0.693115 0
    outer loop
      vertex -12.4835 11.5396 4.5
      vertex -12.0208 12.0208 2
      vertex -12.0208 12.0208 4.5
    endloop
  endfacet
  facet normal 0.720827 -0.693115 0
    outer loop
      vertex -12.0208 12.0208 2
      vertex -12.4835 11.5396 4.5
      vertex -12.4835 11.5396 2
    endloop
  endfacet
  facet normal 0.772989 -0.63442 0
    outer loop
      vertex -13.3504 10.5246 4.5
      vertex -12.9269 11.0406 2
      vertex -12.9269 11.0406 4.5
    endloop
  endfacet
  facet normal 0.772989 -0.63442 0
    outer loop
      vertex -12.9269 11.0406 2
      vertex -13.3504 10.5246 4.5
      vertex -13.3504 10.5246 2
    endloop
  endfacet
  facet normal 0.137068 0.990562 -0
    outer loop
      vertex -1.99814 -16.8822 2
      vertex -2.65939 -16.7907 4.5
      vertex -1.99814 -16.8822 4.5
    endloop
  endfacet
  facet normal 0.137068 0.990562 0
    outer loop
      vertex -2.65939 -16.7907 4.5
      vertex -1.99814 -16.8822 2
      vertex -2.65939 -16.7907 2
    endloop
  endfacet
  facet normal -0.999807 -0.0196241 0
    outer loop
      vertex 17 0 2
      vertex 16.9869 0.667417 4.5
      vertex 16.9869 0.667417 2
    endloop
  endfacet
  facet normal -0.999807 -0.0196241 0
    outer loop
      vertex 16.9869 0.667417 4.5
      vertex 17 0 2
      vertex 17 0 4.5
    endloop
  endfacet
  facet normal -0.664234 -0.747525 0
    outer loop
      vertex 11.0406 12.9269 2
      vertex 11.5396 12.4835 4.5
      vertex 11.0406 12.9269 4.5
    endloop
  endfacet
  facet normal -0.664234 -0.747525 -0
    outer loop
      vertex 11.5396 12.4835 4.5
      vertex 11.0406 12.9269 2
      vertex 11.5396 12.4835 2
    endloop
  endfacet
  facet normal -0.772989 -0.63442 0
    outer loop
      vertex 13.3504 10.5246 2
      vertex 12.9269 11.0406 4.5
      vertex 12.9269 11.0406 2
    endloop
  endfacet
  facet normal -0.772989 -0.63442 0
    outer loop
      vertex 12.9269 11.0406 4.5
      vertex 13.3504 10.5246 2
      vertex 13.3504 10.5246 4.5
    endloop
  endfacet
  facet normal 0.63442 -0.772989 0
    outer loop
      vertex -11.0406 12.9269 2
      vertex -10.5246 13.3504 4.5
      vertex -11.0406 12.9269 4.5
    endloop
  endfacet
  facet normal 0.63442 -0.772989 0
    outer loop
      vertex -10.5246 13.3504 4.5
      vertex -11.0406 12.9269 2
      vertex -10.5246 13.3504 2
    endloop
  endfacet
  facet normal 0.967581 -0.252561 0
    outer loop
      vertex -16.5303 3.96857 4.5
      vertex -16.3617 4.61449 2
      vertex -16.3617 4.61449 4.5
    endloop
  endfacet
  facet normal 0.967581 -0.252561 0
    outer loop
      vertex -16.3617 4.61449 2
      vertex -16.5303 3.96857 4.5
      vertex -16.5303 3.96857 2
    endloop
  endfacet
  facet normal 0.747525 -0.664234 0
    outer loop
      vertex -12.9269 11.0406 4.5
      vertex -12.4835 11.5396 2
      vertex -12.4835 11.5396 4.5
    endloop
  endfacet
  facet normal 0.747525 -0.664234 0
    outer loop
      vertex -12.4835 11.5396 2
      vertex -12.9269 11.0406 4.5
      vertex -12.9269 11.0406 2
    endloop
  endfacet
endsolid OpenSCAD_Model
