solid OpenSCAD_Model
  facet normal 0.999808 0.0196092 0
    outer loop
      vertex 20 0 11.5
      vertex 19.9846 0.785196 0
      vertex 19.9846 0.785196 11.5
    endloop
  endfacet
  facet normal 0.999808 0.0196092 0
    outer loop
      vertex 19.9846 0.785196 0
      vertex 20 0 11.5
      vertex 20 0 0
    endloop
  endfacet
  facet normal -0.999808 0.0196092 0
    outer loop
      vertex -20 0 0
      vertex -19.9846 0.785196 11.5
      vertex -19.9846 0.785196 0
    endloop
  endfacet
  facet normal -0.999808 0.0196092 0
    outer loop
      vertex -19.9846 0.785196 11.5
      vertex -20 0 0
      vertex -20 0 11.5
    endloop
  endfacet
  facet normal 0.0196092 0.999808 -0
    outer loop
      vertex 0.785196 19.9846 0
      vertex 0 20 11.5
      vertex 0.785196 19.9846 11.5
    endloop
  endfacet
  facet normal 0.0196092 0.999808 0
    outer loop
      vertex 0 20 11.5
      vertex 0.785196 19.9846 0
      vertex 0 20 0
    endloop
  endfacet
  facet normal 0.720787 0.693157 0
    outer loop
      vertex 14.6865 13.576 11.5
      vertex 14.1421 14.1421 0
      vertex 14.1421 14.1421 11.5
    endloop
  endfacet
  facet normal 0.720787 0.693157 0
    outer loop
      vertex 14.1421 14.1421 0
      vertex 14.6865 13.576 11.5
      vertex 14.6865 13.576 0
    endloop
  endfacet
  facet normal -0.693157 0.720787 0
    outer loop
      vertex -13.576 14.6865 0
      vertex -14.1421 14.1421 11.5
      vertex -13.576 14.6865 11.5
    endloop
  endfacet
  facet normal -0.693157 0.720787 0
    outer loop
      vertex -14.1421 14.1421 11.5
      vertex -13.576 14.6865 0
      vertex -14.1421 14.1421 0
    endloop
  endfacet
  facet normal -0.36443 0.931231 0
    outer loop
      vertex -6.92234 18.7638 0
      vertex -7.65367 18.4776 11.5
      vertex -6.92234 18.7638 11.5
    endloop
  endfacet
  facet normal -0.36443 0.931231 0
    outer loop
      vertex -7.65367 18.4776 11.5
      vertex -6.92234 18.7638 0
      vertex -7.65367 18.4776 0
    endloop
  endfacet
  facet normal 0.931231 0.36443 0
    outer loop
      vertex 18.7638 6.92234 11.5
      vertex 18.4776 7.65367 0
      vertex 18.4776 7.65367 11.5
    endloop
  endfacet
  facet normal 0.931231 0.36443 0
    outer loop
      vertex 18.4776 7.65367 0
      vertex 18.7638 6.92234 11.5
      vertex 18.7638 6.92234 0
    endloop
  endfacet
  facet normal 0.400723 0.916199 -0
    outer loop
      vertex 8.37319 18.1629 0
      vertex 7.65367 18.4776 11.5
      vertex 8.37319 18.1629 11.5
    endloop
  endfacet
  facet normal 0.400723 0.916199 0
    outer loop
      vertex 7.65367 18.4776 11.5
      vertex 8.37319 18.1629 0
      vertex 7.65367 18.4776 0
    endloop
  endfacet
  facet normal 0.571829 0.820373 -0
    outer loop
      vertex 11.7557 16.1803 0
      vertex 11.1114 16.6294 11.5
      vertex 11.7557 16.1803 11.5
    endloop
  endfacet
  facet normal 0.571829 0.820373 0
    outer loop
      vertex 11.1114 16.6294 11.5
      vertex 11.7557 16.1803 0
      vertex 11.1114 16.6294 0
    endloop
  endfacet
  facet normal -0.916199 0.400723 0
    outer loop
      vertex -18.4776 7.65367 0
      vertex -18.1629 8.37319 11.5
      vertex -18.1629 8.37319 0
    endloop
  endfacet
  facet normal -0.916199 0.400723 0
    outer loop
      vertex -18.1629 8.37319 11.5
      vertex -18.4776 7.65367 0
      vertex -18.4776 7.65367 11.5
    endloop
  endfacet
  facet normal -0.175844 0.984418 0
    outer loop
      vertex -3.12869 19.7538 0
      vertex -3.90181 19.6157 11.5
      vertex -3.12869 19.7538 11.5
    endloop
  endfacet
  facet normal -0.175844 0.984418 0
    outer loop
      vertex -3.90181 19.6157 11.5
      vertex -3.12869 19.7538 0
      vertex -3.90181 19.6157 0
    endloop
  endfacet
  facet normal 0.916199 -0.400723 0
    outer loop
      vertex 18.1629 -8.37319 11.5
      vertex 18.4776 -7.65367 0
      vertex 18.4776 -7.65367 11.5
    endloop
  endfacet
  facet normal 0.916199 -0.400723 0
    outer loop
      vertex 18.4776 -7.65367 0
      vertex 18.1629 -8.37319 11.5
      vertex 18.1629 -8.37319 0
    endloop
  endfacet
  facet normal -0.400723 -0.916199 0
    outer loop
      vertex -8.37319 -18.1629 0
      vertex -7.65367 -18.4776 11.5
      vertex -8.37319 -18.1629 11.5
    endloop
  endfacet
  facet normal -0.400723 -0.916199 -0
    outer loop
      vertex -7.65367 -18.4776 11.5
      vertex -8.37319 -18.1629 0
      vertex -7.65367 -18.4776 0
    endloop
  endfacet
  facet normal 0.984418 0.175844 0
    outer loop
      vertex 19.7538 3.12869 11.5
      vertex 19.6157 3.90181 0
      vertex 19.6157 3.90181 11.5
    endloop
  endfacet
  facet normal 0.984418 0.175844 0
    outer loop
      vertex 19.6157 3.90181 0
      vertex 19.7538 3.12869 11.5
      vertex 19.7538 3.12869 0
    endloop
  endfacet
  facet normal 0.842211 0.539148 0
    outer loop
      vertex 17.0528 10.45 11.5
      vertex 16.6294 11.1114 0
      vertex 16.6294 11.1114 11.5
    endloop
  endfacet
  facet normal 0.842211 0.539148 0
    outer loop
      vertex 16.6294 11.1114 0
      vertex 17.0528 10.45 11.5
      vertex 17.0528 10.45 0
    endloop
  endfacet
  facet normal 0.881925 0.471389 0
    outer loop
      vertex 17.8201 9.07981 11.5
      vertex 17.4499 9.77242 0
      vertex 17.4499 9.77242 11.5
    endloop
  endfacet
  facet normal 0.881925 0.471389 0
    outer loop
      vertex 17.4499 9.77242 0
      vertex 17.8201 9.07981 11.5
      vertex 17.8201 9.07981 0
    endloop
  endfacet
  facet normal 0.214301 0.976768 -0
    outer loop
      vertex 4.66891 19.4474 0
      vertex 3.90181 19.6157 11.5
      vertex 4.66891 19.4474 11.5
    endloop
  endfacet
  facet normal 0.214301 0.976768 0
    outer loop
      vertex 3.90181 19.6157 11.5
      vertex 4.66891 19.4474 0
      vertex 3.90181 19.6157 0
    endloop
  endfacet
  facet normal 0.634367 0.773032 -0
    outer loop
      vertex 12.989 15.2081 0
      vertex 12.3819 15.7063 11.5
      vertex 12.989 15.2081 11.5
    endloop
  endfacet
  facet normal 0.634367 0.773032 0
    outer loop
      vertex 12.3819 15.7063 11.5
      vertex 12.989 15.2081 0
      vertex 12.3819 15.7063 0
    endloop
  endfacet
  facet normal -0.976768 0.214301 0
    outer loop
      vertex -19.6157 3.90181 0
      vertex -19.4474 4.66891 11.5
      vertex -19.4474 4.66891 0
    endloop
  endfacet
  facet normal -0.976768 0.214301 0
    outer loop
      vertex -19.4474 4.66891 11.5
      vertex -19.6157 3.90181 0
      vertex -19.6157 3.90181 11.5
    endloop
  endfacet
  facet normal -0.820373 0.571829 0
    outer loop
      vertex -16.6294 11.1114 0
      vertex -16.1803 11.7557 11.5
      vertex -16.1803 11.7557 0
    endloop
  endfacet
  facet normal -0.820373 0.571829 0
    outer loop
      vertex -16.1803 11.7557 11.5
      vertex -16.6294 11.1114 0
      vertex -16.6294 11.1114 11.5
    endloop
  endfacet
  facet normal -0.539148 0.842211 0
    outer loop
      vertex -10.45 17.0528 0
      vertex -11.1114 16.6294 11.5
      vertex -10.45 17.0528 11.5
    endloop
  endfacet
  facet normal -0.539148 0.842211 0
    outer loop
      vertex -11.1114 16.6294 11.5
      vertex -10.45 17.0528 0
      vertex -11.1114 16.6294 0
    endloop
  endfacet
  facet normal -0.0979189 0.995194 0
    outer loop
      vertex -1.56918 19.9383 0
      vertex -2.35075 19.8614 11.5
      vertex -1.56918 19.9383 11.5
    endloop
  endfacet
  facet normal -0.0979189 0.995194 0
    outer loop
      vertex -2.35075 19.8614 11.5
      vertex -1.56918 19.9383 0
      vertex -2.35075 19.8614 0
    endloop
  endfacet
  facet normal 0.539148 -0.842211 0
    outer loop
      vertex 10.45 -17.0528 0
      vertex 11.1114 -16.6294 11.5
      vertex 10.45 -17.0528 11.5
    endloop
  endfacet
  facet normal 0.539148 -0.842211 0
    outer loop
      vertex 11.1114 -16.6294 11.5
      vertex 10.45 -17.0528 0
      vertex 11.1114 -16.6294 0
    endloop
  endfacet
  facet normal 0 0 -1
    outer loop
      vertex 14.605 0 0
      vertex 20 0 0
      vertex 19.9846 -0.785196 0
    endloop
  endfacet
  facet normal 0 0 -1
    outer loop
      vertex 14.5937 -0.573389 0
      vertex 19.9846 -0.785196 0
      vertex 19.9383 -1.56918 0
    endloop
  endfacet
  facet normal 0 0 -1
    outer loop
      vertex 20 0 0
      vertex 14.605 0 0
      vertex 19.9846 0.785196 0
    endloop
  endfacet
  facet normal 0 0 -1
    outer loop
      vertex 14.56 -1.1459 0
      vertex 19.9383 -1.56918 0
      vertex 19.8614 -2.35075 0
    endloop
  endfacet
  facet normal 0 0 -1
    outer loop
      vertex 14.5937 0.573389 0
      vertex 19.9846 0.785196 0
      vertex 14.605 0 0
    endloop
  endfacet
  facet normal 0 0 -1
    outer loop
      vertex 14.5038 -1.71663 0
      vertex 19.8614 -2.35075 0
      vertex 19.7538 -3.12869 0
    endloop
  endfacet
  facet normal -0 0 -1
    outer loop
      vertex 19.9846 0.785196 0
      vertex 14.5937 0.573389 0
      vertex 19.9383 1.56918 0
    endloop
  endfacet
  facet normal 0 0 -1
    outer loop
      vertex 14.4252 -2.28473 0
      vertex 19.7538 -3.12869 0
      vertex 19.6157 -3.90181 0
    endloop
  endfacet
  facet normal 0 0 -1
    outer loop
      vertex 14.56 1.1459 0
      vertex 19.9383 1.56918 0
      vertex 14.5937 0.573389 0
    endloop
  endfacet
  facet normal 0 0 -1
    outer loop
      vertex 14.3244 -2.84929 0
      vertex 19.6157 -3.90181 0
      vertex 19.4474 -4.66891 0
    endloop
  endfacet
  facet normal -0 0 -1
    outer loop
      vertex 19.9383 1.56918 0
      vertex 14.56 1.1459 0
      vertex 19.8614 2.35075 0
    endloop
  endfacet
  facet normal 0 0 -1
    outer loop
      vertex 14.2015 -3.40947 0
      vertex 19.4474 -4.66891 0
      vertex 19.2491 -5.42881 0
    endloop
  endfacet
  facet normal 0 0 -1
    outer loop
      vertex 14.5038 1.71663 0
      vertex 19.8614 2.35075 0
      vertex 14.56 1.1459 0
    endloop
  endfacet
  facet normal 0 0 -1
    outer loop
      vertex 14.0567 -3.96439 0
      vertex 19.2491 -5.42881 0
      vertex 19.0211 -6.18034 0
    endloop
  endfacet
  facet normal -0 0 -1
    outer loop
      vertex 19.8614 2.35075 0
      vertex 14.5038 1.71663 0
      vertex 19.7538 3.12869 0
    endloop
  endfacet
  facet normal 0 0 -1
    outer loop
      vertex 13.8902 -4.51319 0
      vertex 19.0211 -6.18034 0
      vertex 18.7638 -6.92234 0
    endloop
  endfacet
  facet normal 0 0 -1
    outer loop
      vertex 14.4252 2.28473 0
      vertex 19.7538 3.12869 0
      vertex 14.5038 1.71663 0
    endloop
  endfacet
  facet normal 0 0 -1
    outer loop
      vertex 13.7023 -5.05504 0
      vertex 18.7638 -6.92234 0
      vertex 18.4776 -7.65367 0
    endloop
  endfacet
  facet normal -0 0 -1
    outer loop
      vertex 19.7538 3.12869 0
      vertex 14.4252 2.28473 0
      vertex 19.6157 3.90181 0
    endloop
  endfacet
  facet normal 0 0 -1
    outer loop
      vertex 13.4933 -5.58909 0
      vertex 18.4776 -7.65367 0
      vertex 18.1629 -8.37319 0
    endloop
  endfacet
  facet normal 0 0 -1
    outer loop
      vertex 14.3244 2.84929 0
      vertex 19.6157 3.90181 0
      vertex 14.4252 2.28473 0
    endloop
  endfacet
  facet normal 0 0 -1
    outer loop
      vertex 13.2634 -6.11452 0
      vertex 18.1629 -8.37319 0
      vertex 17.8201 -9.07981 0
    endloop
  endfacet
  facet normal -0 0 -1
    outer loop
      vertex 19.6157 3.90181 0
      vertex 14.3244 2.84929 0
      vertex 19.4474 4.66891 0
    endloop
  endfacet
  facet normal 0 0 -1
    outer loop
      vertex 13.0132 -6.63053 0
      vertex 17.8201 -9.07981 0
      vertex 17.4499 -9.77242 0
    endloop
  endfacet
  facet normal 0 0 -1
    outer loop
      vertex 14.2015 3.40947 0
      vertex 19.4474 4.66891 0
      vertex 14.3244 2.84929 0
    endloop
  endfacet
  facet normal 0 0 -1
    outer loop
      vertex 12.7428 -7.13631 0
      vertex 17.4499 -9.77242 0
      vertex 17.0528 -10.45 0
    endloop
  endfacet
  facet normal -0 0 -1
    outer loop
      vertex 19.4474 4.66891 0
      vertex 14.2015 3.40947 0
      vertex 19.2491 5.42881 0
    endloop
  endfacet
  facet normal 0 0 -1
    outer loop
      vertex 12.4528 -7.63109 0
      vertex 17.0528 -10.45 0
      vertex 16.6294 -11.1114 0
    endloop
  endfacet
  facet normal 0 0 -1
    outer loop
      vertex 14.0567 3.96439 0
      vertex 19.2491 5.42881 0
      vertex 14.2015 3.40947 0
    endloop
  endfacet
  facet normal 0 0 -1
    outer loop
      vertex 12.1436 -8.1141 0
      vertex 16.6294 -11.1114 0
      vertex 16.1803 -11.7557 0
    endloop
  endfacet
  facet normal -0 0 -1
    outer loop
      vertex 19.2491 5.42881 0
      vertex 14.0567 3.96439 0
      vertex 19.0211 6.18034 0
    endloop
  endfacet
  facet normal 0 0 -1
    outer loop
      vertex 11.8157 -8.5846 0
      vertex 16.1803 -11.7557 0
      vertex 15.7063 -12.3819 0
    endloop
  endfacet
  facet normal 0 0 -1
    outer loop
      vertex 13.8902 4.51319 0
      vertex 19.0211 6.18034 0
      vertex 14.0567 3.96439 0
    endloop
  endfacet
  facet normal 0 0 -1
    outer loop
      vertex 11.4696 -9.04187 0
      vertex 15.7063 -12.3819 0
      vertex 15.2081 -12.989 0
    endloop
  endfacet
  facet normal -0 0 -1
    outer loop
      vertex 19.0211 6.18034 0
      vertex 13.8902 4.51319 0
      vertex 18.7638 6.92234 0
    endloop
  endfacet
  facet normal 0 0 -1
    outer loop
      vertex 11.1057 -9.48519 0
      vertex 15.2081 -12.989 0
      vertex 14.6865 -13.576 0
    endloop
  endfacet
  facet normal 0 0 -1
    outer loop
      vertex 13.7023 5.05504 0
      vertex 18.7638 6.92234 0
      vertex 13.8902 4.51319 0
    endloop
  endfacet
  facet normal -0 0 -1
    outer loop
      vertex 18.7638 6.92234 0
      vertex 13.7023 5.05504 0
      vertex 18.4776 7.65367 0
    endloop
  endfacet
  facet normal 0 0 -1
    outer loop
      vertex 19.9846 -0.785196 0
      vertex 14.5937 -0.573389 0
      vertex 14.605 0 0
    endloop
  endfacet
  facet normal 0 0 -1
    outer loop
      vertex 19.9383 -1.56918 0
      vertex 14.56 -1.1459 0
      vertex 14.5937 -0.573389 0
    endloop
  endfacet
  facet normal 0 0 -1
    outer loop
      vertex 19.8614 -2.35075 0
      vertex 14.5038 -1.71663 0
      vertex 14.56 -1.1459 0
    endloop
  endfacet
  facet normal 0 0 -1
    outer loop
      vertex 19.7538 -3.12869 0
      vertex 14.4252 -2.28473 0
      vertex 14.5038 -1.71663 0
    endloop
  endfacet
  facet normal 0 0 -1
    outer loop
      vertex 19.6157 -3.90181 0
      vertex 14.3244 -2.84929 0
      vertex 14.4252 -2.28473 0
    endloop
  endfacet
  facet normal 0 0 -1
    outer loop
      vertex 19.4474 -4.66891 0
      vertex 14.2015 -3.40947 0
      vertex 14.3244 -2.84929 0
    endloop
  endfacet
  facet normal 0 0 -1
    outer loop
      vertex 10.7248 -9.91388 0
      vertex 14.6865 -13.576 0
      vertex 14.1421 -14.1421 0
    endloop
  endfacet
  facet normal 0 0 -1
    outer loop
      vertex 19.2491 -5.42881 0
      vertex 14.0567 -3.96439 0
      vertex 14.2015 -3.40947 0
    endloop
  endfacet
  facet normal 0 0 -1
    outer loop
      vertex 19.0211 -6.18034 0
      vertex 13.8902 -4.51319 0
      vertex 14.0567 -3.96439 0
    endloop
  endfacet
  facet normal 0 0 -1
    outer loop
      vertex 18.7638 -6.92234 0
      vertex 13.7023 -5.05504 0
      vertex 13.8902 -4.51319 0
    endloop
  endfacet
  facet normal 0 0 -1
    outer loop
      vertex 10.3273 -10.3273 0
      vertex 14.1421 -14.1421 0
      vertex 13.576 -14.6865 0
    endloop
  endfacet
  facet normal 0 0 -1
    outer loop
      vertex 18.4776 -7.65367 0
      vertex 13.4933 -5.58909 0
      vertex 13.7023 -5.05504 0
    endloop
  endfacet
  facet normal 0 0 -1
    outer loop
      vertex 18.1629 -8.37319 0
      vertex 13.2634 -6.11452 0
      vertex 13.4933 -5.58909 0
    endloop
  endfacet
  facet normal 0 0 -1
    outer loop
      vertex 17.8201 -9.07981 0
      vertex 13.0132 -6.63053 0
      vertex 13.2634 -6.11452 0
    endloop
  endfacet
  facet normal 0 0 -1
    outer loop
      vertex 9.91388 -10.7248 0
      vertex 13.576 -14.6865 0
      vertex 12.989 -15.2081 0
    endloop
  endfacet
  facet normal 0 0 -1
    outer loop
      vertex 17.4499 -9.77242 0
      vertex 12.7428 -7.13631 0
      vertex 13.0132 -6.63053 0
    endloop
  endfacet
  facet normal 0 0 -1
    outer loop
      vertex 17.0528 -10.45 0
      vertex 12.4528 -7.63109 0
      vertex 12.7428 -7.13631 0
    endloop
  endfacet
  facet normal 0 0 -1
    outer loop
      vertex 9.48519 -11.1057 0
      vertex 12.989 -15.2081 0
      vertex 12.3819 -15.7063 0
    endloop
  endfacet
  facet normal 0 0 -1
    outer loop
      vertex 16.6294 -11.1114 0
      vertex 12.1436 -8.1141 0
      vertex 12.4528 -7.63109 0
    endloop
  endfacet
  facet normal 0 0 -1
    outer loop
      vertex 16.1803 -11.7557 0
      vertex 11.8157 -8.5846 0
      vertex 12.1436 -8.1141 0
    endloop
  endfacet
  facet normal 0 0 -1
    outer loop
      vertex 9.04187 -11.4696 0
      vertex 12.3819 -15.7063 0
      vertex 11.7557 -16.1803 0
    endloop
  endfacet
  facet normal 0 0 -1
    outer loop
      vertex 15.7063 -12.3819 0
      vertex 11.4696 -9.04187 0
      vertex 11.8157 -8.5846 0
    endloop
  endfacet
  facet normal 0 0 -1
    outer loop
      vertex 8.5846 -11.8157 0
      vertex 11.7557 -16.1803 0
      vertex 11.1114 -16.6294 0
    endloop
  endfacet
  facet normal 0 0 -1
    outer loop
      vertex 15.2081 -12.989 0
      vertex 11.1057 -9.48519 0
      vertex 11.4696 -9.04187 0
    endloop
  endfacet
  facet normal 0 0 -1
    outer loop
      vertex 14.6865 -13.576 0
      vertex 10.7248 -9.91388 0
      vertex 11.1057 -9.48519 0
    endloop
  endfacet
  facet normal 0 0 -1
    outer loop
      vertex 8.1141 -12.1436 0
      vertex 11.1114 -16.6294 0
      vertex 10.45 -17.0528 0
    endloop
  endfacet
  facet normal 0 0 -1
    outer loop
      vertex 14.1421 -14.1421 0
      vertex 10.3273 -10.3273 0
      vertex 10.7248 -9.91388 0
    endloop
  endfacet
  facet normal 0 0 -1
    outer loop
      vertex 13.576 -14.6865 0
      vertex 9.91388 -10.7248 0
      vertex 10.3273 -10.3273 0
    endloop
  endfacet
  facet normal 0 0 -1
    outer loop
      vertex 7.63109 -12.4528 0
      vertex 10.45 -17.0528 0
      vertex 9.77242 -17.4499 0
    endloop
  endfacet
  facet normal 0 0 -1
    outer loop
      vertex 12.989 -15.2081 0
      vertex 9.48519 -11.1057 0
      vertex 9.91388 -10.7248 0
    endloop
  endfacet
  facet normal 0 0 -1
    outer loop
      vertex 7.13631 -12.7428 0
      vertex 9.77242 -17.4499 0
      vertex 9.07981 -17.8201 0
    endloop
  endfacet
  facet normal 0 0 -1
    outer loop
      vertex 12.3819 -15.7063 0
      vertex 9.04187 -11.4696 0
      vertex 9.48519 -11.1057 0
    endloop
  endfacet
  facet normal 0 0 -1
    outer loop
      vertex 11.7557 -16.1803 0
      vertex 8.5846 -11.8157 0
      vertex 9.04187 -11.4696 0
    endloop
  endfacet
  facet normal 0 0 -1
    outer loop
      vertex 6.63053 -13.0132 0
      vertex 9.07981 -17.8201 0
      vertex 8.37319 -18.1629 0
    endloop
  endfacet
  facet normal 0 0 -1
    outer loop
      vertex 11.1114 -16.6294 0
      vertex 8.1141 -12.1436 0
      vertex 8.5846 -11.8157 0
    endloop
  endfacet
  facet normal 0 0 -1
    outer loop
      vertex 6.11452 -13.2634 0
      vertex 8.37319 -18.1629 0
      vertex 7.65367 -18.4776 0
    endloop
  endfacet
  facet normal 0 0 -1
    outer loop
      vertex 10.45 -17.0528 0
      vertex 7.63109 -12.4528 0
      vertex 8.1141 -12.1436 0
    endloop
  endfacet
  facet normal 0 0 -1
    outer loop
      vertex 9.77242 -17.4499 0
      vertex 7.13631 -12.7428 0
      vertex 7.63109 -12.4528 0
    endloop
  endfacet
  facet normal 0 0 -1
    outer loop
      vertex 5.58909 -13.4933 0
      vertex 7.65367 -18.4776 0
      vertex 6.92234 -18.7638 0
    endloop
  endfacet
  facet normal 0 0 -1
    outer loop
      vertex 9.07981 -17.8201 0
      vertex 6.63053 -13.0132 0
      vertex 7.13631 -12.7428 0
    endloop
  endfacet
  facet normal 0 0 -1
    outer loop
      vertex 5.05504 -13.7023 0
      vertex 6.92234 -18.7638 0
      vertex 6.18034 -19.0211 0
    endloop
  endfacet
  facet normal 0 0 -1
    outer loop
      vertex 8.37319 -18.1629 0
      vertex 6.11452 -13.2634 0
      vertex 6.63053 -13.0132 0
    endloop
  endfacet
  facet normal 0 0 -1
    outer loop
      vertex 7.65367 -18.4776 0
      vertex 5.58909 -13.4933 0
      vertex 6.11452 -13.2634 0
    endloop
  endfacet
  facet normal 0 0 -1
    outer loop
      vertex 4.51319 -13.8902 0
      vertex 6.18034 -19.0211 0
      vertex 5.42881 -19.2491 0
    endloop
  endfacet
  facet normal 0 0 -1
    outer loop
      vertex 6.92234 -18.7638 0
      vertex 5.05504 -13.7023 0
      vertex 5.58909 -13.4933 0
    endloop
  endfacet
  facet normal 0 0 -1
    outer loop
      vertex 3.96439 -14.0567 0
      vertex 5.42881 -19.2491 0
      vertex 4.66891 -19.4474 0
    endloop
  endfacet
  facet normal 0 0 -1
    outer loop
      vertex 6.18034 -19.0211 0
      vertex 4.51319 -13.8902 0
      vertex 5.05504 -13.7023 0
    endloop
  endfacet
  facet normal 0 0 -1
    outer loop
      vertex 5.42881 -19.2491 0
      vertex 3.96439 -14.0567 0
      vertex 4.51319 -13.8902 0
    endloop
  endfacet
  facet normal 0 0 -1
    outer loop
      vertex 3.40947 -14.2015 0
      vertex 4.66891 -19.4474 0
      vertex 3.90181 -19.6157 0
    endloop
  endfacet
  facet normal 0 0 -1
    outer loop
      vertex 4.66891 -19.4474 0
      vertex 3.40947 -14.2015 0
      vertex 3.96439 -14.0567 0
    endloop
  endfacet
  facet normal 0 0 -1
    outer loop
      vertex 2.84929 -14.3244 0
      vertex 3.90181 -19.6157 0
      vertex 3.12869 -19.7538 0
    endloop
  endfacet
  facet normal 0 0 -1
    outer loop
      vertex 3.90181 -19.6157 0
      vertex 2.84929 -14.3244 0
      vertex 3.40947 -14.2015 0
    endloop
  endfacet
  facet normal 0 0 -1
    outer loop
      vertex 2.28473 -14.4252 0
      vertex 3.12869 -19.7538 0
      vertex 2.35075 -19.8614 0
    endloop
  endfacet
  facet normal 0 0 -1
    outer loop
      vertex 3.12869 -19.7538 0
      vertex 2.28473 -14.4252 0
      vertex 2.84929 -14.3244 0
    endloop
  endfacet
  facet normal 0 0 -1
    outer loop
      vertex 2.35075 -19.8614 0
      vertex 1.71663 -14.5038 0
      vertex 2.28473 -14.4252 0
    endloop
  endfacet
  facet normal 0 0 -1
    outer loop
      vertex 1.56918 -19.9383 0
      vertex 1.71663 -14.5038 0
      vertex 2.35075 -19.8614 0
    endloop
  endfacet
  facet normal 0 0 -1
    outer loop
      vertex 1.56918 -19.9383 0
      vertex 1.1459 -14.56 0
      vertex 1.71663 -14.5038 0
    endloop
  endfacet
  facet normal 0 0 -1
    outer loop
      vertex 0.785196 -19.9846 0
      vertex 1.1459 -14.56 0
      vertex 1.56918 -19.9383 0
    endloop
  endfacet
  facet normal 0 0 -1
    outer loop
      vertex 0.785196 -19.9846 0
      vertex 0.573389 -14.5937 0
      vertex 1.1459 -14.56 0
    endloop
  endfacet
  facet normal 0 0 -1
    outer loop
      vertex 0 -20 0
      vertex 0.573389 -14.5937 0
      vertex 0.785196 -19.9846 0
    endloop
  endfacet
  facet normal 0 0 -1
    outer loop
      vertex 0 -20 0
      vertex 0 -14.605 0
      vertex 0.573389 -14.5937 0
    endloop
  endfacet
  facet normal 0 0 -1
    outer loop
      vertex 0 -20 0
      vertex -0.573389 -14.5937 0
      vertex 0 -14.605 0
    endloop
  endfacet
  facet normal 0 0 -1
    outer loop
      vertex -0.785196 -19.9846 0
      vertex -0.573389 -14.5937 0
      vertex 0 -20 0
    endloop
  endfacet
  facet normal 0 0 -1
    outer loop
      vertex -0.785196 -19.9846 0
      vertex -1.1459 -14.56 0
      vertex -0.573389 -14.5937 0
    endloop
  endfacet
  facet normal 0 0 -1
    outer loop
      vertex -1.56918 -19.9383 0
      vertex -1.1459 -14.56 0
      vertex -0.785196 -19.9846 0
    endloop
  endfacet
  facet normal 0 0 -1
    outer loop
      vertex -1.56918 -19.9383 0
      vertex -1.71663 -14.5038 0
      vertex -1.1459 -14.56 0
    endloop
  endfacet
  facet normal 0 0 -1
    outer loop
      vertex -2.35075 -19.8614 0
      vertex -1.71663 -14.5038 0
      vertex -1.56918 -19.9383 0
    endloop
  endfacet
  facet normal -0 0 -1
    outer loop
      vertex -1.71663 -14.5038 0
      vertex -2.35075 -19.8614 0
      vertex -2.28473 -14.4252 0
    endloop
  endfacet
  facet normal 0 0 -1
    outer loop
      vertex -3.12869 -19.7538 0
      vertex -2.28473 -14.4252 0
      vertex -2.35075 -19.8614 0
    endloop
  endfacet
  facet normal -0 0 -1
    outer loop
      vertex -2.28473 -14.4252 0
      vertex -3.12869 -19.7538 0
      vertex -2.84929 -14.3244 0
    endloop
  endfacet
  facet normal 0 0 -1
    outer loop
      vertex -3.90181 -19.6157 0
      vertex -2.84929 -14.3244 0
      vertex -3.12869 -19.7538 0
    endloop
  endfacet
  facet normal -0 0 -1
    outer loop
      vertex -2.84929 -14.3244 0
      vertex -3.90181 -19.6157 0
      vertex -3.40947 -14.2015 0
    endloop
  endfacet
  facet normal 0 0 -1
    outer loop
      vertex -4.66891 -19.4474 0
      vertex -3.40947 -14.2015 0
      vertex -3.90181 -19.6157 0
    endloop
  endfacet
  facet normal -0 0 -1
    outer loop
      vertex -3.40947 -14.2015 0
      vertex -4.66891 -19.4474 0
      vertex -3.96439 -14.0567 0
    endloop
  endfacet
  facet normal 0 0 -1
    outer loop
      vertex -5.42881 -19.2491 0
      vertex -3.96439 -14.0567 0
      vertex -4.66891 -19.4474 0
    endloop
  endfacet
  facet normal -0 0 -1
    outer loop
      vertex -3.96439 -14.0567 0
      vertex -5.42881 -19.2491 0
      vertex -4.51319 -13.8902 0
    endloop
  endfacet
  facet normal 0 0 -1
    outer loop
      vertex -6.18034 -19.0211 0
      vertex -4.51319 -13.8902 0
      vertex -5.42881 -19.2491 0
    endloop
  endfacet
  facet normal -0 0 -1
    outer loop
      vertex -4.51319 -13.8902 0
      vertex -6.18034 -19.0211 0
      vertex -5.05504 -13.7023 0
    endloop
  endfacet
  facet normal 0 0 -1
    outer loop
      vertex -6.92234 -18.7638 0
      vertex -5.05504 -13.7023 0
      vertex -6.18034 -19.0211 0
    endloop
  endfacet
  facet normal -0 0 -1
    outer loop
      vertex -5.05504 -13.7023 0
      vertex -6.92234 -18.7638 0
      vertex -5.58909 -13.4933 0
    endloop
  endfacet
  facet normal 0 0 -1
    outer loop
      vertex -7.65367 -18.4776 0
      vertex -5.58909 -13.4933 0
      vertex -6.92234 -18.7638 0
    endloop
  endfacet
  facet normal -0 0 -1
    outer loop
      vertex -5.58909 -13.4933 0
      vertex -7.65367 -18.4776 0
      vertex -6.11452 -13.2634 0
    endloop
  endfacet
  facet normal 0 0 -1
    outer loop
      vertex -8.37319 -18.1629 0
      vertex -6.11452 -13.2634 0
      vertex -7.65367 -18.4776 0
    endloop
  endfacet
  facet normal -0 0 -1
    outer loop
      vertex -6.11452 -13.2634 0
      vertex -8.37319 -18.1629 0
      vertex -6.63053 -13.0132 0
    endloop
  endfacet
  facet normal 0 0 -1
    outer loop
      vertex -9.07981 -17.8201 0
      vertex -6.63053 -13.0132 0
      vertex -8.37319 -18.1629 0
    endloop
  endfacet
  facet normal -0 0 -1
    outer loop
      vertex -6.63053 -13.0132 0
      vertex -9.07981 -17.8201 0
      vertex -7.13631 -12.7428 0
    endloop
  endfacet
  facet normal 0 0 -1
    outer loop
      vertex -9.77242 -17.4499 0
      vertex -7.13631 -12.7428 0
      vertex -9.07981 -17.8201 0
    endloop
  endfacet
  facet normal -0 0 -1
    outer loop
      vertex -7.13631 -12.7428 0
      vertex -9.77242 -17.4499 0
      vertex -7.63109 -12.4528 0
    endloop
  endfacet
  facet normal 0 0 -1
    outer loop
      vertex -10.45 -17.0528 0
      vertex -7.63109 -12.4528 0
      vertex -9.77242 -17.4499 0
    endloop
  endfacet
  facet normal -0 0 -1
    outer loop
      vertex -7.63109 -12.4528 0
      vertex -10.45 -17.0528 0
      vertex -8.1141 -12.1436 0
    endloop
  endfacet
  facet normal 0 0 -1
    outer loop
      vertex -11.1114 -16.6294 0
      vertex -8.1141 -12.1436 0
      vertex -10.45 -17.0528 0
    endloop
  endfacet
  facet normal -0 0 -1
    outer loop
      vertex -8.1141 -12.1436 0
      vertex -11.1114 -16.6294 0
      vertex -8.5846 -11.8157 0
    endloop
  endfacet
  facet normal 0 0 -1
    outer loop
      vertex -11.7557 -16.1803 0
      vertex -8.5846 -11.8157 0
      vertex -11.1114 -16.6294 0
    endloop
  endfacet
  facet normal -0 0 -1
    outer loop
      vertex -8.5846 -11.8157 0
      vertex -11.7557 -16.1803 0
      vertex -9.04187 -11.4696 0
    endloop
  endfacet
  facet normal 0 0 -1
    outer loop
      vertex -12.3819 -15.7063 0
      vertex -9.04187 -11.4696 0
      vertex -11.7557 -16.1803 0
    endloop
  endfacet
  facet normal -0 0 -1
    outer loop
      vertex -9.04187 -11.4696 0
      vertex -12.3819 -15.7063 0
      vertex -9.48519 -11.1057 0
    endloop
  endfacet
  facet normal 0 0 -1
    outer loop
      vertex -12.989 -15.2081 0
      vertex -9.48519 -11.1057 0
      vertex -12.3819 -15.7063 0
    endloop
  endfacet
  facet normal -0 0 -1
    outer loop
      vertex -9.48519 -11.1057 0
      vertex -12.989 -15.2081 0
      vertex -9.91388 -10.7248 0
    endloop
  endfacet
  facet normal 0 0 -1
    outer loop
      vertex -13.576 -14.6865 0
      vertex -9.91388 -10.7248 0
      vertex -12.989 -15.2081 0
    endloop
  endfacet
  facet normal -0 0 -1
    outer loop
      vertex -9.91388 -10.7248 0
      vertex -13.576 -14.6865 0
      vertex -10.3273 -10.3273 0
    endloop
  endfacet
  facet normal 0 0 -1
    outer loop
      vertex -14.1421 -14.1421 0
      vertex -10.3273 -10.3273 0
      vertex -13.576 -14.6865 0
    endloop
  endfacet
  facet normal -0 0 -1
    outer loop
      vertex -10.3273 -10.3273 0
      vertex -14.1421 -14.1421 0
      vertex -10.7248 -9.91388 0
    endloop
  endfacet
  facet normal 0 0 -1
    outer loop
      vertex -14.6865 -13.576 0
      vertex -10.7248 -9.91388 0
      vertex -14.1421 -14.1421 0
    endloop
  endfacet
  facet normal -0 0 -1
    outer loop
      vertex -10.7248 -9.91388 0
      vertex -14.6865 -13.576 0
      vertex -11.1057 -9.48519 0
    endloop
  endfacet
  facet normal 0 0 -1
    outer loop
      vertex -15.2081 -12.989 0
      vertex -11.1057 -9.48519 0
      vertex -14.6865 -13.576 0
    endloop
  endfacet
  facet normal -0 0 -1
    outer loop
      vertex -11.1057 -9.48519 0
      vertex -15.2081 -12.989 0
      vertex -11.4696 -9.04187 0
    endloop
  endfacet
  facet normal 0 0 -1
    outer loop
      vertex -15.7063 -12.3819 0
      vertex -11.4696 -9.04187 0
      vertex -15.2081 -12.989 0
    endloop
  endfacet
  facet normal -0 0 -1
    outer loop
      vertex -11.4696 -9.04187 0
      vertex -15.7063 -12.3819 0
      vertex -11.8157 -8.5846 0
    endloop
  endfacet
  facet normal 0 0 -1
    outer loop
      vertex -16.1803 -11.7557 0
      vertex -11.8157 -8.5846 0
      vertex -15.7063 -12.3819 0
    endloop
  endfacet
  facet normal -0 0 -1
    outer loop
      vertex -11.8157 -8.5846 0
      vertex -16.1803 -11.7557 0
      vertex -12.1436 -8.1141 0
    endloop
  endfacet
  facet normal 0 0 -1
    outer loop
      vertex -16.6294 -11.1114 0
      vertex -12.1436 -8.1141 0
      vertex -16.1803 -11.7557 0
    endloop
  endfacet
  facet normal -0 0 -1
    outer loop
      vertex -12.1436 -8.1141 0
      vertex -16.6294 -11.1114 0
      vertex -12.4528 -7.63109 0
    endloop
  endfacet
  facet normal 0 0 -1
    outer loop
      vertex -17.0528 -10.45 0
      vertex -12.4528 -7.63109 0
      vertex -16.6294 -11.1114 0
    endloop
  endfacet
  facet normal -0 0 -1
    outer loop
      vertex -12.4528 -7.63109 0
      vertex -17.0528 -10.45 0
      vertex -12.7428 -7.13631 0
    endloop
  endfacet
  facet normal 0 0 -1
    outer loop
      vertex -17.4499 -9.77242 0
      vertex -12.7428 -7.13631 0
      vertex -17.0528 -10.45 0
    endloop
  endfacet
  facet normal -0 0 -1
    outer loop
      vertex -12.7428 -7.13631 0
      vertex -17.4499 -9.77242 0
      vertex -13.0132 -6.63053 0
    endloop
  endfacet
  facet normal 0 0 -1
    outer loop
      vertex -17.8201 -9.07981 0
      vertex -13.0132 -6.63053 0
      vertex -17.4499 -9.77242 0
    endloop
  endfacet
  facet normal -0 0 -1
    outer loop
      vertex -13.0132 -6.63053 0
      vertex -17.8201 -9.07981 0
      vertex -13.2634 -6.11452 0
    endloop
  endfacet
  facet normal 0 0 -1
    outer loop
      vertex -18.1629 -8.37319 0
      vertex -13.2634 -6.11452 0
      vertex -17.8201 -9.07981 0
    endloop
  endfacet
  facet normal -0 0 -1
    outer loop
      vertex -13.2634 -6.11452 0
      vertex -18.1629 -8.37319 0
      vertex -13.4933 -5.58909 0
    endloop
  endfacet
  facet normal -0 0 -1
    outer loop
      vertex -13.4933 -5.58909 0
      vertex -18.4776 -7.65367 0
      vertex -13.7023 -5.05504 0
    endloop
  endfacet
  facet normal 0 0 -1
    outer loop
      vertex -18.4776 -7.65367 0
      vertex -13.4933 -5.58909 0
      vertex -18.1629 -8.37319 0
    endloop
  endfacet
  facet normal 0 0 -1
    outer loop
      vertex 13.4933 5.58909 0
      vertex 18.4776 7.65367 0
      vertex 13.7023 5.05504 0
    endloop
  endfacet
  facet normal -0 0 -1
    outer loop
      vertex 18.4776 7.65367 0
      vertex 13.4933 5.58909 0
      vertex 18.1629 8.37319 0
    endloop
  endfacet
  facet normal 0 0 -1
    outer loop
      vertex 13.2634 6.11452 0
      vertex 18.1629 8.37319 0
      vertex 13.4933 5.58909 0
    endloop
  endfacet
  facet normal -0 0 -1
    outer loop
      vertex 18.1629 8.37319 0
      vertex 13.2634 6.11452 0
      vertex 17.8201 9.07981 0
    endloop
  endfacet
  facet normal 0 0 -1
    outer loop
      vertex 13.0132 6.63053 0
      vertex 17.8201 9.07981 0
      vertex 13.2634 6.11452 0
    endloop
  endfacet
  facet normal -0 0 -1
    outer loop
      vertex 17.8201 9.07981 0
      vertex 13.0132 6.63053 0
      vertex 17.4499 9.77242 0
    endloop
  endfacet
  facet normal 0 0 -1
    outer loop
      vertex 12.7428 7.13631 0
      vertex 17.4499 9.77242 0
      vertex 13.0132 6.63053 0
    endloop
  endfacet
  facet normal -0 0 -1
    outer loop
      vertex 17.4499 9.77242 0
      vertex 12.7428 7.13631 0
      vertex 17.0528 10.45 0
    endloop
  endfacet
  facet normal 0 0 -1
    outer loop
      vertex 12.4528 7.63109 0
      vertex 17.0528 10.45 0
      vertex 12.7428 7.13631 0
    endloop
  endfacet
  facet normal -0 0 -1
    outer loop
      vertex 17.0528 10.45 0
      vertex 12.4528 7.63109 0
      vertex 16.6294 11.1114 0
    endloop
  endfacet
  facet normal 0 0 -1
    outer loop
      vertex 12.1436 8.1141 0
      vertex 16.6294 11.1114 0
      vertex 12.4528 7.63109 0
    endloop
  endfacet
  facet normal -0 0 -1
    outer loop
      vertex 16.6294 11.1114 0
      vertex 12.1436 8.1141 0
      vertex 16.1803 11.7557 0
    endloop
  endfacet
  facet normal 0 0 -1
    outer loop
      vertex 11.8157 8.5846 0
      vertex 16.1803 11.7557 0
      vertex 12.1436 8.1141 0
    endloop
  endfacet
  facet normal -0 0 -1
    outer loop
      vertex 16.1803 11.7557 0
      vertex 11.8157 8.5846 0
      vertex 15.7063 12.3819 0
    endloop
  endfacet
  facet normal 0 0 -1
    outer loop
      vertex 11.4696 9.04187 0
      vertex 15.7063 12.3819 0
      vertex 11.8157 8.5846 0
    endloop
  endfacet
  facet normal -0 0 -1
    outer loop
      vertex 15.7063 12.3819 0
      vertex 11.4696 9.04187 0
      vertex 15.2081 12.989 0
    endloop
  endfacet
  facet normal 0 0 -1
    outer loop
      vertex 11.1057 9.48519 0
      vertex 15.2081 12.989 0
      vertex 11.4696 9.04187 0
    endloop
  endfacet
  facet normal -0 0 -1
    outer loop
      vertex 15.2081 12.989 0
      vertex 11.1057 9.48519 0
      vertex 14.6865 13.576 0
    endloop
  endfacet
  facet normal 0 0 -1
    outer loop
      vertex 10.7248 9.91388 0
      vertex 14.6865 13.576 0
      vertex 11.1057 9.48519 0
    endloop
  endfacet
  facet normal -0 0 -1
    outer loop
      vertex 14.6865 13.576 0
      vertex 10.7248 9.91388 0
      vertex 14.1421 14.1421 0
    endloop
  endfacet
  facet normal 0 0 -1
    outer loop
      vertex 10.3273 10.3273 0
      vertex 14.1421 14.1421 0
      vertex 10.7248 9.91388 0
    endloop
  endfacet
  facet normal -0 0 -1
    outer loop
      vertex 14.1421 14.1421 0
      vertex 10.3273 10.3273 0
      vertex 13.576 14.6865 0
    endloop
  endfacet
  facet normal 0 0 -1
    outer loop
      vertex 9.91388 10.7248 0
      vertex 13.576 14.6865 0
      vertex 10.3273 10.3273 0
    endloop
  endfacet
  facet normal -0 0 -1
    outer loop
      vertex 13.576 14.6865 0
      vertex 9.91388 10.7248 0
      vertex 12.989 15.2081 0
    endloop
  endfacet
  facet normal 0 0 -1
    outer loop
      vertex 9.48519 11.1057 0
      vertex 12.989 15.2081 0
      vertex 9.91388 10.7248 0
    endloop
  endfacet
  facet normal -0 0 -1
    outer loop
      vertex 12.989 15.2081 0
      vertex 9.48519 11.1057 0
      vertex 12.3819 15.7063 0
    endloop
  endfacet
  facet normal 0 0 -1
    outer loop
      vertex 9.04187 11.4696 0
      vertex 12.3819 15.7063 0
      vertex 9.48519 11.1057 0
    endloop
  endfacet
  facet normal -0 0 -1
    outer loop
      vertex 12.3819 15.7063 0
      vertex 9.04187 11.4696 0
      vertex 11.7557 16.1803 0
    endloop
  endfacet
  facet normal 0 0 -1
    outer loop
      vertex 8.5846 11.8157 0
      vertex 11.7557 16.1803 0
      vertex 9.04187 11.4696 0
    endloop
  endfacet
  facet normal -0 0 -1
    outer loop
      vertex 11.7557 16.1803 0
      vertex 8.5846 11.8157 0
      vertex 11.1114 16.6294 0
    endloop
  endfacet
  facet normal 0 0 -1
    outer loop
      vertex 8.1141 12.1436 0
      vertex 11.1114 16.6294 0
      vertex 8.5846 11.8157 0
    endloop
  endfacet
  facet normal -0 0 -1
    outer loop
      vertex 11.1114 16.6294 0
      vertex 8.1141 12.1436 0
      vertex 10.45 17.0528 0
    endloop
  endfacet
  facet normal 0 0 -1
    outer loop
      vertex 7.63109 12.4528 0
      vertex 10.45 17.0528 0
      vertex 8.1141 12.1436 0
    endloop
  endfacet
  facet normal -0 0 -1
    outer loop
      vertex 10.45 17.0528 0
      vertex 7.63109 12.4528 0
      vertex 9.77242 17.4499 0
    endloop
  endfacet
  facet normal 0 0 -1
    outer loop
      vertex 7.13631 12.7428 0
      vertex 9.77242 17.4499 0
      vertex 7.63109 12.4528 0
    endloop
  endfacet
  facet normal -0 0 -1
    outer loop
      vertex 9.77242 17.4499 0
      vertex 7.13631 12.7428 0
      vertex 9.07981 17.8201 0
    endloop
  endfacet
  facet normal 0 0 -1
    outer loop
      vertex 6.63053 13.0132 0
      vertex 9.07981 17.8201 0
      vertex 7.13631 12.7428 0
    endloop
  endfacet
  facet normal -0 0 -1
    outer loop
      vertex 9.07981 17.8201 0
      vertex 6.63053 13.0132 0
      vertex 8.37319 18.1629 0
    endloop
  endfacet
  facet normal 0 0 -1
    outer loop
      vertex 6.11452 13.2634 0
      vertex 8.37319 18.1629 0
      vertex 6.63053 13.0132 0
    endloop
  endfacet
  facet normal -0 0 -1
    outer loop
      vertex 8.37319 18.1629 0
      vertex 6.11452 13.2634 0
      vertex 7.65367 18.4776 0
    endloop
  endfacet
  facet normal 0 0 -1
    outer loop
      vertex 5.58909 13.4933 0
      vertex 7.65367 18.4776 0
      vertex 6.11452 13.2634 0
    endloop
  endfacet
  facet normal -0 0 -1
    outer loop
      vertex 7.65367 18.4776 0
      vertex 5.58909 13.4933 0
      vertex 6.92234 18.7638 0
    endloop
  endfacet
  facet normal 0 0 -1
    outer loop
      vertex 5.05504 13.7023 0
      vertex 6.92234 18.7638 0
      vertex 5.58909 13.4933 0
    endloop
  endfacet
  facet normal -0 0 -1
    outer loop
      vertex 6.92234 18.7638 0
      vertex 5.05504 13.7023 0
      vertex 6.18034 19.0211 0
    endloop
  endfacet
  facet normal 0 0 -1
    outer loop
      vertex 4.51319 13.8902 0
      vertex 6.18034 19.0211 0
      vertex 5.05504 13.7023 0
    endloop
  endfacet
  facet normal -0 0 -1
    outer loop
      vertex 6.18034 19.0211 0
      vertex 4.51319 13.8902 0
      vertex 5.42881 19.2491 0
    endloop
  endfacet
  facet normal 0 0 -1
    outer loop
      vertex 3.96439 14.0567 0
      vertex 5.42881 19.2491 0
      vertex 4.51319 13.8902 0
    endloop
  endfacet
  facet normal -0 0 -1
    outer loop
      vertex 5.42881 19.2491 0
      vertex 3.96439 14.0567 0
      vertex 4.66891 19.4474 0
    endloop
  endfacet
  facet normal 0 0 -1
    outer loop
      vertex 3.40947 14.2015 0
      vertex 4.66891 19.4474 0
      vertex 3.96439 14.0567 0
    endloop
  endfacet
  facet normal -0 0 -1
    outer loop
      vertex 4.66891 19.4474 0
      vertex 3.40947 14.2015 0
      vertex 3.90181 19.6157 0
    endloop
  endfacet
  facet normal 0 0 -1
    outer loop
      vertex 2.84929 14.3244 0
      vertex 3.90181 19.6157 0
      vertex 3.40947 14.2015 0
    endloop
  endfacet
  facet normal -0 0 -1
    outer loop
      vertex 3.90181 19.6157 0
      vertex 2.84929 14.3244 0
      vertex 3.12869 19.7538 0
    endloop
  endfacet
  facet normal 0 0 -1
    outer loop
      vertex 2.28473 14.4252 0
      vertex 3.12869 19.7538 0
      vertex 2.84929 14.3244 0
    endloop
  endfacet
  facet normal -0 0 -1
    outer loop
      vertex 3.12869 19.7538 0
      vertex 2.28473 14.4252 0
      vertex 2.35075 19.8614 0
    endloop
  endfacet
  facet normal 0 0 -1
    outer loop
      vertex 1.71663 14.5038 0
      vertex 2.35075 19.8614 0
      vertex 2.28473 14.4252 0
    endloop
  endfacet
  facet normal 0 0 -1
    outer loop
      vertex 1.71663 14.5038 0
      vertex 1.56918 19.9383 0
      vertex 2.35075 19.8614 0
    endloop
  endfacet
  facet normal 0 0 -1
    outer loop
      vertex 1.1459 14.56 0
      vertex 1.56918 19.9383 0
      vertex 1.71663 14.5038 0
    endloop
  endfacet
  facet normal 0 0 -1
    outer loop
      vertex 1.1459 14.56 0
      vertex 0.785196 19.9846 0
      vertex 1.56918 19.9383 0
    endloop
  endfacet
  facet normal 0 0 -1
    outer loop
      vertex 0.573389 14.5937 0
      vertex 0.785196 19.9846 0
      vertex 1.1459 14.56 0
    endloop
  endfacet
  facet normal 0 0 -1
    outer loop
      vertex 0 14.605 0
      vertex 0.785196 19.9846 0
      vertex 0.573389 14.5937 0
    endloop
  endfacet
  facet normal 0 0 -1
    outer loop
      vertex 0 14.605 0
      vertex 0 20 0
      vertex 0.785196 19.9846 0
    endloop
  endfacet
  facet normal 0 0 -1
    outer loop
      vertex -0.573389 14.5937 0
      vertex 0 20 0
      vertex 0 14.605 0
    endloop
  endfacet
  facet normal 0 0 -1
    outer loop
      vertex -0.573389 14.5937 0
      vertex -0.785196 19.9846 0
      vertex 0 20 0
    endloop
  endfacet
  facet normal 0 0 -1
    outer loop
      vertex -1.1459 14.56 0
      vertex -0.785196 19.9846 0
      vertex -0.573389 14.5937 0
    endloop
  endfacet
  facet normal 0 0 -1
    outer loop
      vertex -1.1459 14.56 0
      vertex -1.56918 19.9383 0
      vertex -0.785196 19.9846 0
    endloop
  endfacet
  facet normal 0 0 -1
    outer loop
      vertex -1.71663 14.5038 0
      vertex -1.56918 19.9383 0
      vertex -1.1459 14.56 0
    endloop
  endfacet
  facet normal 0 0 -1
    outer loop
      vertex -2.35075 19.8614 0
      vertex -1.71663 14.5038 0
      vertex -2.28473 14.4252 0
    endloop
  endfacet
  facet normal 0 0 -1
    outer loop
      vertex -1.71663 14.5038 0
      vertex -2.35075 19.8614 0
      vertex -1.56918 19.9383 0
    endloop
  endfacet
  facet normal 0 0 -1
    outer loop
      vertex -3.12869 19.7538 0
      vertex -2.28473 14.4252 0
      vertex -2.84929 14.3244 0
    endloop
  endfacet
  facet normal 0 0 -1
    outer loop
      vertex -2.28473 14.4252 0
      vertex -3.12869 19.7538 0
      vertex -2.35075 19.8614 0
    endloop
  endfacet
  facet normal 0 0 -1
    outer loop
      vertex -3.90181 19.6157 0
      vertex -2.84929 14.3244 0
      vertex -3.40947 14.2015 0
    endloop
  endfacet
  facet normal 0 0 -1
    outer loop
      vertex -2.84929 14.3244 0
      vertex -3.90181 19.6157 0
      vertex -3.12869 19.7538 0
    endloop
  endfacet
  facet normal 0 0 -1
    outer loop
      vertex -4.66891 19.4474 0
      vertex -3.40947 14.2015 0
      vertex -3.96439 14.0567 0
    endloop
  endfacet
  facet normal 0 0 -1
    outer loop
      vertex -5.42881 19.2491 0
      vertex -3.96439 14.0567 0
      vertex -4.51319 13.8902 0
    endloop
  endfacet
  facet normal 0 0 -1
    outer loop
      vertex -3.40947 14.2015 0
      vertex -4.66891 19.4474 0
      vertex -3.90181 19.6157 0
    endloop
  endfacet
  facet normal 0 0 -1
    outer loop
      vertex -6.18034 19.0211 0
      vertex -4.51319 13.8902 0
      vertex -5.05504 13.7023 0
    endloop
  endfacet
  facet normal 0 0 -1
    outer loop
      vertex -3.96439 14.0567 0
      vertex -5.42881 19.2491 0
      vertex -4.66891 19.4474 0
    endloop
  endfacet
  facet normal 0 0 -1
    outer loop
      vertex -6.92234 18.7638 0
      vertex -5.05504 13.7023 0
      vertex -5.58909 13.4933 0
    endloop
  endfacet
  facet normal 0 0 -1
    outer loop
      vertex -7.65367 18.4776 0
      vertex -5.58909 13.4933 0
      vertex -6.11452 13.2634 0
    endloop
  endfacet
  facet normal 0 0 -1
    outer loop
      vertex -4.51319 13.8902 0
      vertex -6.18034 19.0211 0
      vertex -5.42881 19.2491 0
    endloop
  endfacet
  facet normal 0 0 -1
    outer loop
      vertex -8.37319 18.1629 0
      vertex -6.11452 13.2634 0
      vertex -6.63053 13.0132 0
    endloop
  endfacet
  facet normal 0 0 -1
    outer loop
      vertex -5.05504 13.7023 0
      vertex -6.92234 18.7638 0
      vertex -6.18034 19.0211 0
    endloop
  endfacet
  facet normal 0 0 -1
    outer loop
      vertex -9.07981 17.8201 0
      vertex -6.63053 13.0132 0
      vertex -7.13631 12.7428 0
    endloop
  endfacet
  facet normal 0 0 -1
    outer loop
      vertex -9.77242 17.4499 0
      vertex -7.13631 12.7428 0
      vertex -7.63109 12.4528 0
    endloop
  endfacet
  facet normal 0 0 -1
    outer loop
      vertex -5.58909 13.4933 0
      vertex -7.65367 18.4776 0
      vertex -6.92234 18.7638 0
    endloop
  endfacet
  facet normal 0 0 -1
    outer loop
      vertex -10.45 17.0528 0
      vertex -7.63109 12.4528 0
      vertex -8.1141 12.1436 0
    endloop
  endfacet
  facet normal 0 0 -1
    outer loop
      vertex -6.11452 13.2634 0
      vertex -8.37319 18.1629 0
      vertex -7.65367 18.4776 0
    endloop
  endfacet
  facet normal 0 0 -1
    outer loop
      vertex -11.1114 16.6294 0
      vertex -8.1141 12.1436 0
      vertex -8.5846 11.8157 0
    endloop
  endfacet
  facet normal 0 0 -1
    outer loop
      vertex -11.7557 16.1803 0
      vertex -8.5846 11.8157 0
      vertex -9.04187 11.4696 0
    endloop
  endfacet
  facet normal 0 0 -1
    outer loop
      vertex -6.63053 13.0132 0
      vertex -9.07981 17.8201 0
      vertex -8.37319 18.1629 0
    endloop
  endfacet
  facet normal 0 0 -1
    outer loop
      vertex -12.3819 15.7063 0
      vertex -9.04187 11.4696 0
      vertex -9.48519 11.1057 0
    endloop
  endfacet
  facet normal 0 0 -1
    outer loop
      vertex -7.13631 12.7428 0
      vertex -9.77242 17.4499 0
      vertex -9.07981 17.8201 0
    endloop
  endfacet
  facet normal 0 0 -1
    outer loop
      vertex -12.989 15.2081 0
      vertex -9.48519 11.1057 0
      vertex -9.91388 10.7248 0
    endloop
  endfacet
  facet normal 0 0 -1
    outer loop
      vertex -13.576 14.6865 0
      vertex -9.91388 10.7248 0
      vertex -10.3273 10.3273 0
    endloop
  endfacet
  facet normal 0 0 -1
    outer loop
      vertex -7.63109 12.4528 0
      vertex -10.45 17.0528 0
      vertex -9.77242 17.4499 0
    endloop
  endfacet
  facet normal 0 0 -1
    outer loop
      vertex -14.1421 14.1421 0
      vertex -10.3273 10.3273 0
      vertex -10.7248 9.91388 0
    endloop
  endfacet
  facet normal 0 0 -1
    outer loop
      vertex -14.6865 13.576 0
      vertex -10.7248 9.91388 0
      vertex -11.1057 9.48519 0
    endloop
  endfacet
  facet normal 0 0 -1
    outer loop
      vertex -8.1141 12.1436 0
      vertex -11.1114 16.6294 0
      vertex -10.45 17.0528 0
    endloop
  endfacet
  facet normal 0 0 -1
    outer loop
      vertex -15.2081 12.989 0
      vertex -11.1057 9.48519 0
      vertex -11.4696 9.04187 0
    endloop
  endfacet
  facet normal 0 0 -1
    outer loop
      vertex -8.5846 11.8157 0
      vertex -11.7557 16.1803 0
      vertex -11.1114 16.6294 0
    endloop
  endfacet
  facet normal 0 0 -1
    outer loop
      vertex -15.7063 12.3819 0
      vertex -11.4696 9.04187 0
      vertex -11.8157 8.5846 0
    endloop
  endfacet
  facet normal 0 0 -1
    outer loop
      vertex -16.1803 11.7557 0
      vertex -11.8157 8.5846 0
      vertex -12.1436 8.1141 0
    endloop
  endfacet
  facet normal 0 0 -1
    outer loop
      vertex -9.04187 11.4696 0
      vertex -12.3819 15.7063 0
      vertex -11.7557 16.1803 0
    endloop
  endfacet
  facet normal 0 0 -1
    outer loop
      vertex -16.6294 11.1114 0
      vertex -12.1436 8.1141 0
      vertex -12.4528 7.63109 0
    endloop
  endfacet
  facet normal 0 0 -1
    outer loop
      vertex -17.0528 10.45 0
      vertex -12.4528 7.63109 0
      vertex -12.7428 7.13631 0
    endloop
  endfacet
  facet normal 0 0 -1
    outer loop
      vertex -9.48519 11.1057 0
      vertex -12.989 15.2081 0
      vertex -12.3819 15.7063 0
    endloop
  endfacet
  facet normal 0 0 -1
    outer loop
      vertex -17.4499 9.77242 0
      vertex -12.7428 7.13631 0
      vertex -13.0132 6.63053 0
    endloop
  endfacet
  facet normal 0 0 -1
    outer loop
      vertex -17.8201 9.07981 0
      vertex -13.0132 6.63053 0
      vertex -13.2634 6.11452 0
    endloop
  endfacet
  facet normal 0 0 -1
    outer loop
      vertex -18.1629 8.37319 0
      vertex -13.2634 6.11452 0
      vertex -13.4933 5.58909 0
    endloop
  endfacet
  facet normal 0 0 -1
    outer loop
      vertex -9.91388 10.7248 0
      vertex -13.576 14.6865 0
      vertex -12.989 15.2081 0
    endloop
  endfacet
  facet normal 0 0 -1
    outer loop
      vertex -18.4776 7.65367 0
      vertex -13.4933 5.58909 0
      vertex -13.7023 5.05504 0
    endloop
  endfacet
  facet normal 0 0 -1
    outer loop
      vertex -18.7638 6.92234 0
      vertex -13.7023 5.05504 0
      vertex -13.8902 4.51319 0
    endloop
  endfacet
  facet normal 0 0 -1
    outer loop
      vertex -19.0211 6.18034 0
      vertex -13.8902 4.51319 0
      vertex -14.0567 3.96439 0
    endloop
  endfacet
  facet normal 0 0 -1
    outer loop
      vertex -10.3273 10.3273 0
      vertex -14.1421 14.1421 0
      vertex -13.576 14.6865 0
    endloop
  endfacet
  facet normal 0 0 -1
    outer loop
      vertex -19.2491 5.42881 0
      vertex -14.0567 3.96439 0
      vertex -14.2015 3.40947 0
    endloop
  endfacet
  facet normal 0 0 -1
    outer loop
      vertex -19.4474 4.66891 0
      vertex -14.2015 3.40947 0
      vertex -14.3244 2.84929 0
    endloop
  endfacet
  facet normal 0 0 -1
    outer loop
      vertex -19.6157 3.90181 0
      vertex -14.3244 2.84929 0
      vertex -14.4252 2.28473 0
    endloop
  endfacet
  facet normal 0 0 -1
    outer loop
      vertex -19.7538 3.12869 0
      vertex -14.4252 2.28473 0
      vertex -14.5038 1.71663 0
    endloop
  endfacet
  facet normal 0 0 -1
    outer loop
      vertex -19.8614 2.35075 0
      vertex -14.5038 1.71663 0
      vertex -14.56 1.1459 0
    endloop
  endfacet
  facet normal 0 0 -1
    outer loop
      vertex -19.9383 1.56918 0
      vertex -14.56 1.1459 0
      vertex -14.5937 0.573389 0
    endloop
  endfacet
  facet normal 0 0 -1
    outer loop
      vertex -10.7248 9.91388 0
      vertex -14.6865 13.576 0
      vertex -14.1421 14.1421 0
    endloop
  endfacet
  facet normal 0 0 -1
    outer loop
      vertex -19.9846 0.785196 0
      vertex -14.5937 0.573389 0
      vertex -14.605 0 0
    endloop
  endfacet
  facet normal 0 0 -1
    outer loop
      vertex -18.7638 -6.92234 0
      vertex -13.7023 -5.05504 0
      vertex -18.4776 -7.65367 0
    endloop
  endfacet
  facet normal -0 0 -1
    outer loop
      vertex -13.7023 -5.05504 0
      vertex -18.7638 -6.92234 0
      vertex -13.8902 -4.51319 0
    endloop
  endfacet
  facet normal 0 0 -1
    outer loop
      vertex -11.1057 9.48519 0
      vertex -15.2081 12.989 0
      vertex -14.6865 13.576 0
    endloop
  endfacet
  facet normal 0 0 -1
    outer loop
      vertex -19.0211 -6.18034 0
      vertex -13.8902 -4.51319 0
      vertex -18.7638 -6.92234 0
    endloop
  endfacet
  facet normal 0 0 -1
    outer loop
      vertex -11.4696 9.04187 0
      vertex -15.7063 12.3819 0
      vertex -15.2081 12.989 0
    endloop
  endfacet
  facet normal -0 0 -1
    outer loop
      vertex -13.8902 -4.51319 0
      vertex -19.0211 -6.18034 0
      vertex -14.0567 -3.96439 0
    endloop
  endfacet
  facet normal 0 0 -1
    outer loop
      vertex -11.8157 8.5846 0
      vertex -16.1803 11.7557 0
      vertex -15.7063 12.3819 0
    endloop
  endfacet
  facet normal 0 0 -1
    outer loop
      vertex -19.2491 -5.42881 0
      vertex -14.0567 -3.96439 0
      vertex -19.0211 -6.18034 0
    endloop
  endfacet
  facet normal 0 0 -1
    outer loop
      vertex -12.1436 8.1141 0
      vertex -16.6294 11.1114 0
      vertex -16.1803 11.7557 0
    endloop
  endfacet
  facet normal -0 0 -1
    outer loop
      vertex -14.0567 -3.96439 0
      vertex -19.2491 -5.42881 0
      vertex -14.2015 -3.40947 0
    endloop
  endfacet
  facet normal 0 0 -1
    outer loop
      vertex -12.4528 7.63109 0
      vertex -17.0528 10.45 0
      vertex -16.6294 11.1114 0
    endloop
  endfacet
  facet normal 0 0 -1
    outer loop
      vertex -19.4474 -4.66891 0
      vertex -14.2015 -3.40947 0
      vertex -19.2491 -5.42881 0
    endloop
  endfacet
  facet normal 0 0 -1
    outer loop
      vertex -12.7428 7.13631 0
      vertex -17.4499 9.77242 0
      vertex -17.0528 10.45 0
    endloop
  endfacet
  facet normal -0 0 -1
    outer loop
      vertex -14.2015 -3.40947 0
      vertex -19.4474 -4.66891 0
      vertex -14.3244 -2.84929 0
    endloop
  endfacet
  facet normal 0 0 -1
    outer loop
      vertex -13.0132 6.63053 0
      vertex -17.8201 9.07981 0
      vertex -17.4499 9.77242 0
    endloop
  endfacet
  facet normal 0 0 -1
    outer loop
      vertex -19.6157 -3.90181 0
      vertex -14.3244 -2.84929 0
      vertex -19.4474 -4.66891 0
    endloop
  endfacet
  facet normal 0 0 -1
    outer loop
      vertex -13.2634 6.11452 0
      vertex -18.1629 8.37319 0
      vertex -17.8201 9.07981 0
    endloop
  endfacet
  facet normal -0 0 -1
    outer loop
      vertex -14.3244 -2.84929 0
      vertex -19.6157 -3.90181 0
      vertex -14.4252 -2.28473 0
    endloop
  endfacet
  facet normal 0 0 -1
    outer loop
      vertex -13.4933 5.58909 0
      vertex -18.4776 7.65367 0
      vertex -18.1629 8.37319 0
    endloop
  endfacet
  facet normal 0 0 -1
    outer loop
      vertex -19.7538 -3.12869 0
      vertex -14.4252 -2.28473 0
      vertex -19.6157 -3.90181 0
    endloop
  endfacet
  facet normal 0 0 -1
    outer loop
      vertex -13.7023 5.05504 0
      vertex -18.7638 6.92234 0
      vertex -18.4776 7.65367 0
    endloop
  endfacet
  facet normal -0 0 -1
    outer loop
      vertex -14.4252 -2.28473 0
      vertex -19.7538 -3.12869 0
      vertex -14.5038 -1.71663 0
    endloop
  endfacet
  facet normal 0 0 -1
    outer loop
      vertex -13.8902 4.51319 0
      vertex -19.0211 6.18034 0
      vertex -18.7638 6.92234 0
    endloop
  endfacet
  facet normal 0 0 -1
    outer loop
      vertex -19.8614 -2.35075 0
      vertex -14.5038 -1.71663 0
      vertex -19.7538 -3.12869 0
    endloop
  endfacet
  facet normal 0 0 -1
    outer loop
      vertex -14.0567 3.96439 0
      vertex -19.2491 5.42881 0
      vertex -19.0211 6.18034 0
    endloop
  endfacet
  facet normal -0 0 -1
    outer loop
      vertex -14.5038 -1.71663 0
      vertex -19.8614 -2.35075 0
      vertex -14.56 -1.1459 0
    endloop
  endfacet
  facet normal 0 0 -1
    outer loop
      vertex -14.2015 3.40947 0
      vertex -19.4474 4.66891 0
      vertex -19.2491 5.42881 0
    endloop
  endfacet
  facet normal 0 0 -1
    outer loop
      vertex -19.9383 -1.56918 0
      vertex -14.56 -1.1459 0
      vertex -19.8614 -2.35075 0
    endloop
  endfacet
  facet normal 0 0 -1
    outer loop
      vertex -14.3244 2.84929 0
      vertex -19.6157 3.90181 0
      vertex -19.4474 4.66891 0
    endloop
  endfacet
  facet normal -0 0 -1
    outer loop
      vertex -14.56 -1.1459 0
      vertex -19.9383 -1.56918 0
      vertex -14.5937 -0.573389 0
    endloop
  endfacet
  facet normal 0 0 -1
    outer loop
      vertex -14.4252 2.28473 0
      vertex -19.7538 3.12869 0
      vertex -19.6157 3.90181 0
    endloop
  endfacet
  facet normal 0 0 -1
    outer loop
      vertex -19.9846 -0.785196 0
      vertex -14.5937 -0.573389 0
      vertex -19.9383 -1.56918 0
    endloop
  endfacet
  facet normal 0 0 -1
    outer loop
      vertex -14.5038 1.71663 0
      vertex -19.8614 2.35075 0
      vertex -19.7538 3.12869 0
    endloop
  endfacet
  facet normal -0 0 -1
    outer loop
      vertex -14.5937 -0.573389 0
      vertex -19.9846 -0.785196 0
      vertex -14.605 0 0
    endloop
  endfacet
  facet normal 0 0 -1
    outer loop
      vertex -14.56 1.1459 0
      vertex -19.9383 1.56918 0
      vertex -19.8614 2.35075 0
    endloop
  endfacet
  facet normal 0 0 -1
    outer loop
      vertex -20 0 0
      vertex -14.605 0 0
      vertex -19.9846 -0.785196 0
    endloop
  endfacet
  facet normal 0 0 -1
    outer loop
      vertex -14.5937 0.573389 0
      vertex -19.9846 0.785196 0
      vertex -19.9383 1.56918 0
    endloop
  endfacet
  facet normal 0 0 -1
    outer loop
      vertex -14.605 0 0
      vertex -20 0 0
      vertex -19.9846 0.785196 0
    endloop
  endfacet
  facet normal 0.995194 0.0979189 0
    outer loop
      vertex 19.9383 1.56918 11.5
      vertex 19.8614 2.35075 0
      vertex 19.8614 2.35075 11.5
    endloop
  endfacet
  facet normal 0.995194 0.0979189 0
    outer loop
      vertex 19.8614 2.35075 0
      vertex 19.9383 1.56918 11.5
      vertex 19.9383 1.56918 0
    endloop
  endfacet
  facet normal 0.998261 0.0589546 0
    outer loop
      vertex 19.9846 0.785196 11.5
      vertex 19.9383 1.56918 0
      vertex 19.9383 1.56918 11.5
    endloop
  endfacet
  facet normal 0.998261 0.0589546 0
    outer loop
      vertex 19.9383 1.56918 0
      vertex 19.9846 0.785196 11.5
      vertex 19.9846 0.785196 0
    endloop
  endfacet
  facet normal 0.99057 0.13701 0
    outer loop
      vertex 19.8614 2.35075 11.5
      vertex 19.7538 3.12869 0
      vertex 19.7538 3.12869 11.5
    endloop
  endfacet
  facet normal 0.99057 0.13701 0
    outer loop
      vertex 19.7538 3.12869 0
      vertex 19.8614 2.35075 11.5
      vertex 19.8614 2.35075 0
    endloop
  endfacet
  facet normal 0.967597 0.2525 0
    outer loop
      vertex 19.4474 4.66891 11.5
      vertex 19.2491 5.42881 0
      vertex 19.2491 5.42881 11.5
    endloop
  endfacet
  facet normal 0.967597 0.2525 0
    outer loop
      vertex 19.2491 5.42881 0
      vertex 19.4474 4.66891 11.5
      vertex 19.4474 4.66891 0
    endloop
  endfacet
  facet normal 0.976768 0.214301 0
    outer loop
      vertex 19.6157 3.90181 11.5
      vertex 19.4474 4.66891 0
      vertex 19.4474 4.66891 11.5
    endloop
  endfacet
  facet normal 0.976768 0.214301 0
    outer loop
      vertex 19.4474 4.66891 0
      vertex 19.6157 3.90181 11.5
      vertex 19.6157 3.90181 0
    endloop
  endfacet
  facet normal 0.797334 0.603539 0
    outer loop
      vertex 16.1803 11.7557 11.5
      vertex 15.7063 12.3819 0
      vertex 15.7063 12.3819 11.5
    endloop
  endfacet
  facet normal 0.797334 0.603539 0
    outer loop
      vertex 15.7063 12.3819 0
      vertex 16.1803 11.7557 11.5
      vertex 16.1803 11.7557 0
    endloop
  endfacet
  facet normal 0.820373 0.571829 0
    outer loop
      vertex 16.6294 11.1114 11.5
      vertex 16.1803 11.7557 0
      vertex 16.1803 11.7557 11.5
    endloop
  endfacet
  facet normal 0.820373 0.571829 0
    outer loop
      vertex 16.1803 11.7557 0
      vertex 16.6294 11.1114 11.5
      vertex 16.6294 11.1114 0
    endloop
  endfacet
  facet normal 0.862755 0.505623 0
    outer loop
      vertex 17.4499 9.77242 11.5
      vertex 17.0528 10.45 0
      vertex 17.0528 10.45 11.5
    endloop
  endfacet
  facet normal 0.862755 0.505623 0
    outer loop
      vertex 17.0528 10.45 0
      vertex 17.4499 9.77242 11.5
      vertex 17.4499 9.77242 0
    endloop
  endfacet
  facet normal 0.899716 0.436476 0
    outer loop
      vertex 18.1629 8.37319 11.5
      vertex 17.8201 9.07981 0
      vertex 17.8201 9.07981 11.5
    endloop
  endfacet
  facet normal 0.899716 0.436476 0
    outer loop
      vertex 17.8201 9.07981 0
      vertex 18.1629 8.37319 11.5
      vertex 18.1629 8.37319 0
    endloop
  endfacet
  facet normal 0.13701 0.99057 -0
    outer loop
      vertex 3.12869 19.7538 0
      vertex 2.35075 19.8614 11.5
      vertex 3.12869 19.7538 11.5
    endloop
  endfacet
  facet normal 0.13701 0.99057 0
    outer loop
      vertex 2.35075 19.8614 11.5
      vertex 3.12869 19.7538 0
      vertex 2.35075 19.8614 0
    endloop
  endfacet
  facet normal 0.290315 0.956931 -0
    outer loop
      vertex 6.18034 19.0211 0
      vertex 5.42881 19.2491 11.5
      vertex 6.18034 19.0211 11.5
    endloop
  endfacet
  facet normal 0.290315 0.956931 0
    outer loop
      vertex 5.42881 19.2491 11.5
      vertex 6.18034 19.0211 0
      vertex 5.42881 19.2491 0
    endloop
  endfacet
  facet normal 0.36443 0.931231 -0
    outer loop
      vertex 7.65367 18.4776 0
      vertex 6.92234 18.7638 11.5
      vertex 7.65367 18.4776 11.5
    endloop
  endfacet
  facet normal 0.36443 0.931231 0
    outer loop
      vertex 6.92234 18.7638 11.5
      vertex 7.65367 18.4776 0
      vertex 6.92234 18.7638 0
    endloop
  endfacet
  facet normal 0.2525 0.967597 -0
    outer loop
      vertex 5.42881 19.2491 0
      vertex 4.66891 19.4474 11.5
      vertex 5.42881 19.2491 11.5
    endloop
  endfacet
  facet normal 0.2525 0.967597 0
    outer loop
      vertex 4.66891 19.4474 11.5
      vertex 5.42881 19.2491 0
      vertex 4.66891 19.4474 0
    endloop
  endfacet
  facet normal 0.175844 0.984418 -0
    outer loop
      vertex 3.90181 19.6157 0
      vertex 3.12869 19.7538 11.5
      vertex 3.90181 19.6157 11.5
    endloop
  endfacet
  facet normal 0.175844 0.984418 0
    outer loop
      vertex 3.12869 19.7538 11.5
      vertex 3.90181 19.6157 0
      vertex 3.12869 19.7538 0
    endloop
  endfacet
  facet normal 0.505623 0.862755 -0
    outer loop
      vertex 10.45 17.0528 0
      vertex 9.77242 17.4499 11.5
      vertex 10.45 17.0528 11.5
    endloop
  endfacet
  facet normal 0.505623 0.862755 0
    outer loop
      vertex 9.77242 17.4499 11.5
      vertex 10.45 17.0528 0
      vertex 9.77242 17.4499 0
    endloop
  endfacet
  facet normal 0.539148 0.842211 -0
    outer loop
      vertex 11.1114 16.6294 0
      vertex 10.45 17.0528 11.5
      vertex 11.1114 16.6294 11.5
    endloop
  endfacet
  facet normal 0.539148 0.842211 0
    outer loop
      vertex 10.45 17.0528 11.5
      vertex 11.1114 16.6294 0
      vertex 10.45 17.0528 0
    endloop
  endfacet
  facet normal 0.471389 0.881925 -0
    outer loop
      vertex 9.77242 17.4499 0
      vertex 9.07981 17.8201 11.5
      vertex 9.77242 17.4499 11.5
    endloop
  endfacet
  facet normal 0.471389 0.881925 0
    outer loop
      vertex 9.07981 17.8201 11.5
      vertex 9.77242 17.4499 0
      vertex 9.07981 17.8201 0
    endloop
  endfacet
  facet normal 0.603539 0.797334 -0
    outer loop
      vertex 12.3819 15.7063 0
      vertex 11.7557 16.1803 11.5
      vertex 12.3819 15.7063 11.5
    endloop
  endfacet
  facet normal 0.603539 0.797334 0
    outer loop
      vertex 11.7557 16.1803 11.5
      vertex 12.3819 15.7063 0
      vertex 11.7557 16.1803 0
    endloop
  endfacet
  facet normal 0.693157 0.720787 -0
    outer loop
      vertex 14.1421 14.1421 0
      vertex 13.576 14.6865 11.5
      vertex 14.1421 14.1421 11.5
    endloop
  endfacet
  facet normal 0.693157 0.720787 0
    outer loop
      vertex 13.576 14.6865 11.5
      vertex 14.1421 14.1421 0
      vertex 13.576 14.6865 0
    endloop
  endfacet
  facet normal -0.99057 0.13701 0
    outer loop
      vertex -19.8614 2.35075 0
      vertex -19.7538 3.12869 11.5
      vertex -19.7538 3.12869 0
    endloop
  endfacet
  facet normal -0.99057 0.13701 0
    outer loop
      vertex -19.7538 3.12869 11.5
      vertex -19.8614 2.35075 0
      vertex -19.8614 2.35075 11.5
    endloop
  endfacet
  facet normal -0.773032 0.634367 0
    outer loop
      vertex -15.7063 12.3819 0
      vertex -15.2081 12.989 11.5
      vertex -15.2081 12.989 0
    endloop
  endfacet
  facet normal -0.773032 0.634367 0
    outer loop
      vertex -15.2081 12.989 11.5
      vertex -15.7063 12.3819 0
      vertex -15.7063 12.3819 11.5
    endloop
  endfacet
  facet normal -0.720787 0.693157 0
    outer loop
      vertex -14.6865 13.576 0
      vertex -14.1421 14.1421 11.5
      vertex -14.1421 14.1421 0
    endloop
  endfacet
  facet normal -0.720787 0.693157 0
    outer loop
      vertex -14.1421 14.1421 11.5
      vertex -14.6865 13.576 0
      vertex -14.6865 13.576 11.5
    endloop
  endfacet
  facet normal -0.797334 0.603539 0
    outer loop
      vertex -16.1803 11.7557 0
      vertex -15.7063 12.3819 11.5
      vertex -15.7063 12.3819 0
    endloop
  endfacet
  facet normal -0.797334 0.603539 0
    outer loop
      vertex -15.7063 12.3819 11.5
      vertex -16.1803 11.7557 0
      vertex -16.1803 11.7557 11.5
    endloop
  endfacet
  facet normal -0.862755 0.505623 0
    outer loop
      vertex -17.4499 9.77242 0
      vertex -17.0528 10.45 11.5
      vertex -17.0528 10.45 0
    endloop
  endfacet
  facet normal -0.862755 0.505623 0
    outer loop
      vertex -17.0528 10.45 11.5
      vertex -17.4499 9.77242 0
      vertex -17.4499 9.77242 11.5
    endloop
  endfacet
  facet normal -0.881925 0.471389 0
    outer loop
      vertex -17.8201 9.07981 0
      vertex -17.4499 9.77242 11.5
      vertex -17.4499 9.77242 0
    endloop
  endfacet
  facet normal -0.881925 0.471389 0
    outer loop
      vertex -17.4499 9.77242 11.5
      vertex -17.8201 9.07981 0
      vertex -17.8201 9.07981 11.5
    endloop
  endfacet
  facet normal -0.842211 0.539148 0
    outer loop
      vertex -17.0528 10.45 0
      vertex -16.6294 11.1114 11.5
      vertex -16.6294 11.1114 0
    endloop
  endfacet
  facet normal -0.842211 0.539148 0
    outer loop
      vertex -16.6294 11.1114 11.5
      vertex -17.0528 10.45 0
      vertex -17.0528 10.45 11.5
    endloop
  endfacet
  facet normal -0.956931 0.290315 0
    outer loop
      vertex -19.2491 5.42881 0
      vertex -19.0211 6.18034 11.5
      vertex -19.0211 6.18034 0
    endloop
  endfacet
  facet normal -0.956931 0.290315 0
    outer loop
      vertex -19.0211 6.18034 11.5
      vertex -19.2491 5.42881 0
      vertex -19.2491 5.42881 11.5
    endloop
  endfacet
  facet normal -0.931231 0.36443 0
    outer loop
      vertex -18.7638 6.92234 0
      vertex -18.4776 7.65367 11.5
      vertex -18.4776 7.65367 0
    endloop
  endfacet
  facet normal -0.931231 0.36443 0
    outer loop
      vertex -18.4776 7.65367 11.5
      vertex -18.7638 6.92234 0
      vertex -18.7638 6.92234 11.5
    endloop
  endfacet
  facet normal -0.967597 0.2525 0
    outer loop
      vertex -19.4474 4.66891 0
      vertex -19.2491 5.42881 11.5
      vertex -19.2491 5.42881 0
    endloop
  endfacet
  facet normal -0.967597 0.2525 0
    outer loop
      vertex -19.2491 5.42881 11.5
      vertex -19.4474 4.66891 0
      vertex -19.4474 4.66891 11.5
    endloop
  endfacet
  facet normal -0.984418 0.175844 0
    outer loop
      vertex -19.7538 3.12869 0
      vertex -19.6157 3.90181 11.5
      vertex -19.6157 3.90181 0
    endloop
  endfacet
  facet normal -0.984418 0.175844 0
    outer loop
      vertex -19.6157 3.90181 11.5
      vertex -19.7538 3.12869 0
      vertex -19.7538 3.12869 11.5
    endloop
  endfacet
  facet normal 0 0 1
    outer loop
      vertex 18.4 0 11.5
      vertex 20 0 11.5
      vertex 19.9846 0.785196 11.5
    endloop
  endfacet
  facet normal 0 0 1
    outer loop
      vertex 18.3858 0.72238 11.5
      vertex 19.9846 0.785196 11.5
      vertex 19.9383 1.56918 11.5
    endloop
  endfacet
  facet normal 0 0 1
    outer loop
      vertex 20 0 11.5
      vertex 18.4 0 11.5
      vertex 19.9846 -0.785196 11.5
    endloop
  endfacet
  facet normal 0 0 1
    outer loop
      vertex 18.3433 1.44365 11.5
      vertex 19.9383 1.56918 11.5
      vertex 19.8614 2.35075 11.5
    endloop
  endfacet
  facet normal -0 0 1
    outer loop
      vertex 18.3858 -0.72238 11.5
      vertex 19.9846 -0.785196 11.5
      vertex 18.4 0 11.5
    endloop
  endfacet
  facet normal 0 0 1
    outer loop
      vertex 18.2725 2.16269 11.5
      vertex 19.8614 2.35075 11.5
      vertex 19.7538 3.12869 11.5
    endloop
  endfacet
  facet normal 0 0 1
    outer loop
      vertex 19.9846 -0.785196 11.5
      vertex 18.3858 -0.72238 11.5
      vertex 19.9383 -1.56918 11.5
    endloop
  endfacet
  facet normal 0 0 1
    outer loop
      vertex 18.1735 2.87839 11.5
      vertex 19.7538 3.12869 11.5
      vertex 19.6157 3.90181 11.5
    endloop
  endfacet
  facet normal -0 0 1
    outer loop
      vertex 18.3433 -1.44365 11.5
      vertex 19.9383 -1.56918 11.5
      vertex 18.3858 -0.72238 11.5
    endloop
  endfacet
  facet normal 0 0 1
    outer loop
      vertex 18.0464 3.58966 11.5
      vertex 19.6157 3.90181 11.5
      vertex 19.4474 4.66891 11.5
    endloop
  endfacet
  facet normal 0 0 1
    outer loop
      vertex 19.9383 -1.56918 11.5
      vertex 18.3433 -1.44365 11.5
      vertex 19.8614 -2.35075 11.5
    endloop
  endfacet
  facet normal 0 0 1
    outer loop
      vertex 17.8916 4.29539 11.5
      vertex 19.4474 4.66891 11.5
      vertex 19.2491 5.42881 11.5
    endloop
  endfacet
  facet normal -0 0 1
    outer loop
      vertex 18.2725 -2.16269 11.5
      vertex 19.8614 -2.35075 11.5
      vertex 18.3433 -1.44365 11.5
    endloop
  endfacet
  facet normal 0 0 1
    outer loop
      vertex 17.7092 4.9945 11.5
      vertex 19.2491 5.42881 11.5
      vertex 19.0211 6.18034 11.5
    endloop
  endfacet
  facet normal 0 0 1
    outer loop
      vertex 19.8614 -2.35075 11.5
      vertex 18.2725 -2.16269 11.5
      vertex 19.7538 -3.12869 11.5
    endloop
  endfacet
  facet normal 0 0 1
    outer loop
      vertex 17.4994 5.68591 11.5
      vertex 19.0211 6.18034 11.5
      vertex 18.7638 6.92234 11.5
    endloop
  endfacet
  facet normal -0 0 1
    outer loop
      vertex 18.1735 -2.87839 11.5
      vertex 19.7538 -3.12869 11.5
      vertex 18.2725 -2.16269 11.5
    endloop
  endfacet
  facet normal 0 0 1
    outer loop
      vertex 17.2627 6.36855 11.5
      vertex 18.7638 6.92234 11.5
      vertex 18.4776 7.65367 11.5
    endloop
  endfacet
  facet normal 0 0 1
    outer loop
      vertex 19.7538 -3.12869 11.5
      vertex 18.1735 -2.87839 11.5
      vertex 19.6157 -3.90181 11.5
    endloop
  endfacet
  facet normal -0 0 1
    outer loop
      vertex 18.0464 -3.58966 11.5
      vertex 19.6157 -3.90181 11.5
      vertex 18.1735 -2.87839 11.5
    endloop
  endfacet
  facet normal 0 0 1
    outer loop
      vertex 19.9846 0.785196 11.5
      vertex 18.3858 0.72238 11.5
      vertex 18.4 0 11.5
    endloop
  endfacet
  facet normal 0 0 1
    outer loop
      vertex 19.9383 1.56918 11.5
      vertex 18.3433 1.44365 11.5
      vertex 18.3858 0.72238 11.5
    endloop
  endfacet
  facet normal 0 0 1
    outer loop
      vertex 19.8614 2.35075 11.5
      vertex 18.2725 2.16269 11.5
      vertex 18.3433 1.44365 11.5
    endloop
  endfacet
  facet normal 0 0 1
    outer loop
      vertex 19.7538 3.12869 11.5
      vertex 18.1735 2.87839 11.5
      vertex 18.2725 2.16269 11.5
    endloop
  endfacet
  facet normal 0 0 1
    outer loop
      vertex 16.9994 7.04137 11.5
      vertex 18.4776 7.65367 11.5
      vertex 18.1629 8.37319 11.5
    endloop
  endfacet
  facet normal 0 0 1
    outer loop
      vertex 19.6157 3.90181 11.5
      vertex 18.0464 3.58966 11.5
      vertex 18.1735 2.87839 11.5
    endloop
  endfacet
  facet normal 0 0 1
    outer loop
      vertex 19.4474 4.66891 11.5
      vertex 17.8916 4.29539 11.5
      vertex 18.0464 3.58966 11.5
    endloop
  endfacet
  facet normal 0 0 1
    outer loop
      vertex 16.7098 7.70334 11.5
      vertex 18.1629 8.37319 11.5
      vertex 17.8201 9.07981 11.5
    endloop
  endfacet
  facet normal 0 0 1
    outer loop
      vertex 19.2491 5.42881 11.5
      vertex 17.7092 4.9945 11.5
      vertex 17.8916 4.29539 11.5
    endloop
  endfacet
  facet normal 0 0 1
    outer loop
      vertex 19.0211 6.18034 11.5
      vertex 17.4994 5.68591 11.5
      vertex 17.7092 4.9945 11.5
    endloop
  endfacet
  facet normal 0 0 1
    outer loop
      vertex 16.3945 8.35343 11.5
      vertex 17.8201 9.07981 11.5
      vertex 17.4499 9.77242 11.5
    endloop
  endfacet
  facet normal 0 0 1
    outer loop
      vertex 18.7638 6.92234 11.5
      vertex 17.2627 6.36855 11.5
      vertex 17.4994 5.68591 11.5
    endloop
  endfacet
  facet normal 0 0 1
    outer loop
      vertex 16.0539 8.99063 11.5
      vertex 17.4499 9.77242 11.5
      vertex 17.0528 10.45 11.5
    endloop
  endfacet
  facet normal 0 0 1
    outer loop
      vertex 18.4776 7.65367 11.5
      vertex 16.9994 7.04137 11.5
      vertex 17.2627 6.36855 11.5
    endloop
  endfacet
  facet normal 0 0 1
    outer loop
      vertex 18.1629 8.37319 11.5
      vertex 16.7098 7.70334 11.5
      vertex 16.9994 7.04137 11.5
    endloop
  endfacet
  facet normal 0 0 1
    outer loop
      vertex 15.6886 9.61397 11.5
      vertex 17.0528 10.45 11.5
      vertex 16.6294 11.1114 11.5
    endloop
  endfacet
  facet normal 0 0 1
    outer loop
      vertex 17.8201 9.07981 11.5
      vertex 16.3945 8.35343 11.5
      vertex 16.7098 7.70334 11.5
    endloop
  endfacet
  facet normal 0 0 1
    outer loop
      vertex 15.299 10.2225 11.5
      vertex 16.6294 11.1114 11.5
      vertex 16.1803 11.7557 11.5
    endloop
  endfacet
  facet normal 0 0 1
    outer loop
      vertex 17.4499 9.77242 11.5
      vertex 16.0539 8.99063 11.5
      vertex 16.3945 8.35343 11.5
    endloop
  endfacet
  facet normal 0 0 1
    outer loop
      vertex 14.8859 10.8152 11.5
      vertex 16.1803 11.7557 11.5
      vertex 15.7063 12.3819 11.5
    endloop
  endfacet
  facet normal 0 0 1
    outer loop
      vertex 17.0528 10.45 11.5
      vertex 15.6886 9.61397 11.5
      vertex 16.0539 8.99063 11.5
    endloop
  endfacet
  facet normal 0 0 1
    outer loop
      vertex 16.6294 11.1114 11.5
      vertex 15.299 10.2225 11.5
      vertex 15.6886 9.61397 11.5
    endloop
  endfacet
  facet normal 0 0 1
    outer loop
      vertex 14.4498 11.3913 11.5
      vertex 15.7063 12.3819 11.5
      vertex 15.2081 12.989 11.5
    endloop
  endfacet
  facet normal 0 0 1
    outer loop
      vertex 16.1803 11.7557 11.5
      vertex 14.8859 10.8152 11.5
      vertex 15.299 10.2225 11.5
    endloop
  endfacet
  facet normal 0 0 1
    outer loop
      vertex 13.9915 11.9498 11.5
      vertex 15.2081 12.989 11.5
      vertex 14.6865 13.576 11.5
    endloop
  endfacet
  facet normal 0 0 1
    outer loop
      vertex 15.7063 12.3819 11.5
      vertex 14.4498 11.3913 11.5
      vertex 14.8859 10.8152 11.5
    endloop
  endfacet
  facet normal 0 0 1
    outer loop
      vertex 13.5115 12.4899 11.5
      vertex 14.6865 13.576 11.5
      vertex 14.1421 14.1421 11.5
    endloop
  endfacet
  facet normal 0 0 1
    outer loop
      vertex 15.2081 12.989 11.5
      vertex 13.9915 11.9498 11.5
      vertex 14.4498 11.3913 11.5
    endloop
  endfacet
  facet normal 0 0 1
    outer loop
      vertex 13.0108 13.0108 11.5
      vertex 14.1421 14.1421 11.5
      vertex 13.576 14.6865 11.5
    endloop
  endfacet
  facet normal 0 0 1
    outer loop
      vertex 14.6865 13.576 11.5
      vertex 13.5115 12.4899 11.5
      vertex 13.9915 11.9498 11.5
    endloop
  endfacet
  facet normal 0 0 1
    outer loop
      vertex 14.1421 14.1421 11.5
      vertex 13.0108 13.0108 11.5
      vertex 13.5115 12.4899 11.5
    endloop
  endfacet
  facet normal 0 0 1
    outer loop
      vertex 12.4899 13.5115 11.5
      vertex 13.576 14.6865 11.5
      vertex 12.989 15.2081 11.5
    endloop
  endfacet
  facet normal 0 0 1
    outer loop
      vertex 13.576 14.6865 11.5
      vertex 12.4899 13.5115 11.5
      vertex 13.0108 13.0108 11.5
    endloop
  endfacet
  facet normal 0 0 1
    outer loop
      vertex 11.9498 13.9915 11.5
      vertex 12.989 15.2081 11.5
      vertex 12.3819 15.7063 11.5
    endloop
  endfacet
  facet normal 0 0 1
    outer loop
      vertex 12.989 15.2081 11.5
      vertex 11.9498 13.9915 11.5
      vertex 12.4899 13.5115 11.5
    endloop
  endfacet
  facet normal 0 0 1
    outer loop
      vertex 11.3913 14.4498 11.5
      vertex 12.3819 15.7063 11.5
      vertex 11.7557 16.1803 11.5
    endloop
  endfacet
  facet normal 0 0 1
    outer loop
      vertex 12.3819 15.7063 11.5
      vertex 11.3913 14.4498 11.5
      vertex 11.9498 13.9915 11.5
    endloop
  endfacet
  facet normal 0 0 1
    outer loop
      vertex 10.8152 14.8859 11.5
      vertex 11.7557 16.1803 11.5
      vertex 11.1114 16.6294 11.5
    endloop
  endfacet
  facet normal 0 0 1
    outer loop
      vertex 11.7557 16.1803 11.5
      vertex 10.8152 14.8859 11.5
      vertex 11.3913 14.4498 11.5
    endloop
  endfacet
  facet normal 0 0 1
    outer loop
      vertex 10.2225 15.299 11.5
      vertex 11.1114 16.6294 11.5
      vertex 10.45 17.0528 11.5
    endloop
  endfacet
  facet normal 0 0 1
    outer loop
      vertex 11.1114 16.6294 11.5
      vertex 10.2225 15.299 11.5
      vertex 10.8152 14.8859 11.5
    endloop
  endfacet
  facet normal 0 0 1
    outer loop
      vertex 9.61397 15.6886 11.5
      vertex 10.45 17.0528 11.5
      vertex 9.77242 17.4499 11.5
    endloop
  endfacet
  facet normal 0 0 1
    outer loop
      vertex 10.45 17.0528 11.5
      vertex 9.61397 15.6886 11.5
      vertex 10.2225 15.299 11.5
    endloop
  endfacet
  facet normal 0 0 1
    outer loop
      vertex 8.99063 16.0539 11.5
      vertex 9.77242 17.4499 11.5
      vertex 9.07981 17.8201 11.5
    endloop
  endfacet
  facet normal 0 0 1
    outer loop
      vertex 9.77242 17.4499 11.5
      vertex 8.99063 16.0539 11.5
      vertex 9.61397 15.6886 11.5
    endloop
  endfacet
  facet normal 0 0 1
    outer loop
      vertex 8.35343 16.3945 11.5
      vertex 9.07981 17.8201 11.5
      vertex 8.37319 18.1629 11.5
    endloop
  endfacet
  facet normal 0 0 1
    outer loop
      vertex 9.07981 17.8201 11.5
      vertex 8.35343 16.3945 11.5
      vertex 8.99063 16.0539 11.5
    endloop
  endfacet
  facet normal 0 0 1
    outer loop
      vertex 8.37319 18.1629 11.5
      vertex 7.70334 16.7098 11.5
      vertex 8.35343 16.3945 11.5
    endloop
  endfacet
  facet normal 0 0 1
    outer loop
      vertex 7.65367 18.4776 11.5
      vertex 7.70334 16.7098 11.5
      vertex 8.37319 18.1629 11.5
    endloop
  endfacet
  facet normal 0 0 1
    outer loop
      vertex 7.65367 18.4776 11.5
      vertex 7.04137 16.9994 11.5
      vertex 7.70334 16.7098 11.5
    endloop
  endfacet
  facet normal 0 0 1
    outer loop
      vertex 6.92234 18.7638 11.5
      vertex 7.04137 16.9994 11.5
      vertex 7.65367 18.4776 11.5
    endloop
  endfacet
  facet normal 0 0 1
    outer loop
      vertex 6.92234 18.7638 11.5
      vertex 6.36855 17.2627 11.5
      vertex 7.04137 16.9994 11.5
    endloop
  endfacet
  facet normal 0 0 1
    outer loop
      vertex 6.18034 19.0211 11.5
      vertex 6.36855 17.2627 11.5
      vertex 6.92234 18.7638 11.5
    endloop
  endfacet
  facet normal 0 0 1
    outer loop
      vertex 6.18034 19.0211 11.5
      vertex 5.68591 17.4994 11.5
      vertex 6.36855 17.2627 11.5
    endloop
  endfacet
  facet normal 0 0 1
    outer loop
      vertex 5.42881 19.2491 11.5
      vertex 5.68591 17.4994 11.5
      vertex 6.18034 19.0211 11.5
    endloop
  endfacet
  facet normal 0 0 1
    outer loop
      vertex 5.42881 19.2491 11.5
      vertex 4.9945 17.7092 11.5
      vertex 5.68591 17.4994 11.5
    endloop
  endfacet
  facet normal 0 0 1
    outer loop
      vertex 4.66891 19.4474 11.5
      vertex 4.9945 17.7092 11.5
      vertex 5.42881 19.2491 11.5
    endloop
  endfacet
  facet normal 0 0 1
    outer loop
      vertex 4.66891 19.4474 11.5
      vertex 4.29539 17.8916 11.5
      vertex 4.9945 17.7092 11.5
    endloop
  endfacet
  facet normal 0 0 1
    outer loop
      vertex 3.90181 19.6157 11.5
      vertex 4.29539 17.8916 11.5
      vertex 4.66891 19.4474 11.5
    endloop
  endfacet
  facet normal 0 0 1
    outer loop
      vertex 3.90181 19.6157 11.5
      vertex 3.58966 18.0464 11.5
      vertex 4.29539 17.8916 11.5
    endloop
  endfacet
  facet normal 0 0 1
    outer loop
      vertex 3.12869 19.7538 11.5
      vertex 3.58966 18.0464 11.5
      vertex 3.90181 19.6157 11.5
    endloop
  endfacet
  facet normal 0 0 1
    outer loop
      vertex 3.12869 19.7538 11.5
      vertex 2.87839 18.1735 11.5
      vertex 3.58966 18.0464 11.5
    endloop
  endfacet
  facet normal 0 0 1
    outer loop
      vertex 2.35075 19.8614 11.5
      vertex 2.87839 18.1735 11.5
      vertex 3.12869 19.7538 11.5
    endloop
  endfacet
  facet normal 0 0 1
    outer loop
      vertex 2.35075 19.8614 11.5
      vertex 2.16269 18.2725 11.5
      vertex 2.87839 18.1735 11.5
    endloop
  endfacet
  facet normal 0 0 1
    outer loop
      vertex 1.56918 19.9383 11.5
      vertex 2.16269 18.2725 11.5
      vertex 2.35075 19.8614 11.5
    endloop
  endfacet
  facet normal 0 0 1
    outer loop
      vertex 1.56918 19.9383 11.5
      vertex 1.44365 18.3433 11.5
      vertex 2.16269 18.2725 11.5
    endloop
  endfacet
  facet normal 0 0 1
    outer loop
      vertex 0.785196 19.9846 11.5
      vertex 1.44365 18.3433 11.5
      vertex 1.56918 19.9383 11.5
    endloop
  endfacet
  facet normal 0 0 1
    outer loop
      vertex 0.785196 19.9846 11.5
      vertex 0.72238 18.3858 11.5
      vertex 1.44365 18.3433 11.5
    endloop
  endfacet
  facet normal 0 0 1
    outer loop
      vertex 0 20 11.5
      vertex 0.72238 18.3858 11.5
      vertex 0.785196 19.9846 11.5
    endloop
  endfacet
  facet normal 0 0 1
    outer loop
      vertex 0 20 11.5
      vertex 0 18.4 11.5
      vertex 0.72238 18.3858 11.5
    endloop
  endfacet
  facet normal 0 0 1
    outer loop
      vertex 0 20 11.5
      vertex -0.72238 18.3858 11.5
      vertex 0 18.4 11.5
    endloop
  endfacet
  facet normal -0 0 1
    outer loop
      vertex -0.785196 19.9846 11.5
      vertex -0.72238 18.3858 11.5
      vertex 0 20 11.5
    endloop
  endfacet
  facet normal 0 0 1
    outer loop
      vertex -0.785196 19.9846 11.5
      vertex -1.44365 18.3433 11.5
      vertex -0.72238 18.3858 11.5
    endloop
  endfacet
  facet normal -0 0 1
    outer loop
      vertex -1.56918 19.9383 11.5
      vertex -1.44365 18.3433 11.5
      vertex -0.785196 19.9846 11.5
    endloop
  endfacet
  facet normal 0 0 1
    outer loop
      vertex -1.56918 19.9383 11.5
      vertex -2.16269 18.2725 11.5
      vertex -1.44365 18.3433 11.5
    endloop
  endfacet
  facet normal -0 0 1
    outer loop
      vertex -2.35075 19.8614 11.5
      vertex -2.16269 18.2725 11.5
      vertex -1.56918 19.9383 11.5
    endloop
  endfacet
  facet normal 0 0 1
    outer loop
      vertex -2.35075 19.8614 11.5
      vertex -2.87839 18.1735 11.5
      vertex -2.16269 18.2725 11.5
    endloop
  endfacet
  facet normal -0 0 1
    outer loop
      vertex -3.12869 19.7538 11.5
      vertex -2.87839 18.1735 11.5
      vertex -2.35075 19.8614 11.5
    endloop
  endfacet
  facet normal 0 0 1
    outer loop
      vertex -3.12869 19.7538 11.5
      vertex -3.58966 18.0464 11.5
      vertex -2.87839 18.1735 11.5
    endloop
  endfacet
  facet normal -0 0 1
    outer loop
      vertex -3.90181 19.6157 11.5
      vertex -3.58966 18.0464 11.5
      vertex -3.12869 19.7538 11.5
    endloop
  endfacet
  facet normal 0 0 1
    outer loop
      vertex -3.90181 19.6157 11.5
      vertex -4.29539 17.8916 11.5
      vertex -3.58966 18.0464 11.5
    endloop
  endfacet
  facet normal -0 0 1
    outer loop
      vertex -4.66891 19.4474 11.5
      vertex -4.29539 17.8916 11.5
      vertex -3.90181 19.6157 11.5
    endloop
  endfacet
  facet normal 0 0 1
    outer loop
      vertex -4.66891 19.4474 11.5
      vertex -4.9945 17.7092 11.5
      vertex -4.29539 17.8916 11.5
    endloop
  endfacet
  facet normal -0 0 1
    outer loop
      vertex -5.42881 19.2491 11.5
      vertex -4.9945 17.7092 11.5
      vertex -4.66891 19.4474 11.5
    endloop
  endfacet
  facet normal 0 0 1
    outer loop
      vertex -5.42881 19.2491 11.5
      vertex -5.68591 17.4994 11.5
      vertex -4.9945 17.7092 11.5
    endloop
  endfacet
  facet normal -0 0 1
    outer loop
      vertex -6.18034 19.0211 11.5
      vertex -5.68591 17.4994 11.5
      vertex -5.42881 19.2491 11.5
    endloop
  endfacet
  facet normal 0 0 1
    outer loop
      vertex -6.18034 19.0211 11.5
      vertex -6.36855 17.2627 11.5
      vertex -5.68591 17.4994 11.5
    endloop
  endfacet
  facet normal -0 0 1
    outer loop
      vertex -6.92234 18.7638 11.5
      vertex -6.36855 17.2627 11.5
      vertex -6.18034 19.0211 11.5
    endloop
  endfacet
  facet normal 0 0 1
    outer loop
      vertex -6.92234 18.7638 11.5
      vertex -7.04137 16.9994 11.5
      vertex -6.36855 17.2627 11.5
    endloop
  endfacet
  facet normal -0 0 1
    outer loop
      vertex -7.65367 18.4776 11.5
      vertex -7.04137 16.9994 11.5
      vertex -6.92234 18.7638 11.5
    endloop
  endfacet
  facet normal 0 0 1
    outer loop
      vertex -7.65367 18.4776 11.5
      vertex -7.70334 16.7098 11.5
      vertex -7.04137 16.9994 11.5
    endloop
  endfacet
  facet normal -0 0 1
    outer loop
      vertex -8.37319 18.1629 11.5
      vertex -7.70334 16.7098 11.5
      vertex -7.65367 18.4776 11.5
    endloop
  endfacet
  facet normal 0 0 1
    outer loop
      vertex -7.70334 16.7098 11.5
      vertex -8.37319 18.1629 11.5
      vertex -8.35343 16.3945 11.5
    endloop
  endfacet
  facet normal -0 0 1
    outer loop
      vertex -9.07981 17.8201 11.5
      vertex -8.35343 16.3945 11.5
      vertex -8.37319 18.1629 11.5
    endloop
  endfacet
  facet normal 0 0 1
    outer loop
      vertex -8.35343 16.3945 11.5
      vertex -9.07981 17.8201 11.5
      vertex -8.99063 16.0539 11.5
    endloop
  endfacet
  facet normal -0 0 1
    outer loop
      vertex -9.77242 17.4499 11.5
      vertex -8.99063 16.0539 11.5
      vertex -9.07981 17.8201 11.5
    endloop
  endfacet
  facet normal 0 0 1
    outer loop
      vertex -8.99063 16.0539 11.5
      vertex -9.77242 17.4499 11.5
      vertex -9.61397 15.6886 11.5
    endloop
  endfacet
  facet normal -0 0 1
    outer loop
      vertex -10.45 17.0528 11.5
      vertex -9.61397 15.6886 11.5
      vertex -9.77242 17.4499 11.5
    endloop
  endfacet
  facet normal 0 0 1
    outer loop
      vertex -9.61397 15.6886 11.5
      vertex -10.45 17.0528 11.5
      vertex -10.2225 15.299 11.5
    endloop
  endfacet
  facet normal -0 0 1
    outer loop
      vertex -11.1114 16.6294 11.5
      vertex -10.2225 15.299 11.5
      vertex -10.45 17.0528 11.5
    endloop
  endfacet
  facet normal 0 0 1
    outer loop
      vertex -10.2225 15.299 11.5
      vertex -11.1114 16.6294 11.5
      vertex -10.8152 14.8859 11.5
    endloop
  endfacet
  facet normal -0 0 1
    outer loop
      vertex -11.7557 16.1803 11.5
      vertex -10.8152 14.8859 11.5
      vertex -11.1114 16.6294 11.5
    endloop
  endfacet
  facet normal 0 0 1
    outer loop
      vertex -10.8152 14.8859 11.5
      vertex -11.7557 16.1803 11.5
      vertex -11.3913 14.4498 11.5
    endloop
  endfacet
  facet normal -0 0 1
    outer loop
      vertex -12.3819 15.7063 11.5
      vertex -11.3913 14.4498 11.5
      vertex -11.7557 16.1803 11.5
    endloop
  endfacet
  facet normal 0 0 1
    outer loop
      vertex -11.3913 14.4498 11.5
      vertex -12.3819 15.7063 11.5
      vertex -11.9498 13.9915 11.5
    endloop
  endfacet
  facet normal -0 0 1
    outer loop
      vertex -12.989 15.2081 11.5
      vertex -11.9498 13.9915 11.5
      vertex -12.3819 15.7063 11.5
    endloop
  endfacet
  facet normal 0 0 1
    outer loop
      vertex -11.9498 13.9915 11.5
      vertex -12.989 15.2081 11.5
      vertex -12.4899 13.5115 11.5
    endloop
  endfacet
  facet normal -0 0 1
    outer loop
      vertex -13.576 14.6865 11.5
      vertex -12.4899 13.5115 11.5
      vertex -12.989 15.2081 11.5
    endloop
  endfacet
  facet normal 0 0 1
    outer loop
      vertex -12.4899 13.5115 11.5
      vertex -13.576 14.6865 11.5
      vertex -13.0108 13.0108 11.5
    endloop
  endfacet
  facet normal -0 0 1
    outer loop
      vertex -14.1421 14.1421 11.5
      vertex -13.0108 13.0108 11.5
      vertex -13.576 14.6865 11.5
    endloop
  endfacet
  facet normal 0 0 1
    outer loop
      vertex -13.0108 13.0108 11.5
      vertex -14.1421 14.1421 11.5
      vertex -13.5115 12.4899 11.5
    endloop
  endfacet
  facet normal -0 0 1
    outer loop
      vertex -14.6865 13.576 11.5
      vertex -13.5115 12.4899 11.5
      vertex -14.1421 14.1421 11.5
    endloop
  endfacet
  facet normal 0 0 1
    outer loop
      vertex -13.5115 12.4899 11.5
      vertex -14.6865 13.576 11.5
      vertex -13.9915 11.9498 11.5
    endloop
  endfacet
  facet normal -0 0 1
    outer loop
      vertex -15.2081 12.989 11.5
      vertex -13.9915 11.9498 11.5
      vertex -14.6865 13.576 11.5
    endloop
  endfacet
  facet normal 0 0 1
    outer loop
      vertex -13.9915 11.9498 11.5
      vertex -15.2081 12.989 11.5
      vertex -14.4498 11.3913 11.5
    endloop
  endfacet
  facet normal -0 0 1
    outer loop
      vertex -15.7063 12.3819 11.5
      vertex -14.4498 11.3913 11.5
      vertex -15.2081 12.989 11.5
    endloop
  endfacet
  facet normal 0 0 1
    outer loop
      vertex -14.4498 11.3913 11.5
      vertex -15.7063 12.3819 11.5
      vertex -14.8859 10.8152 11.5
    endloop
  endfacet
  facet normal -0 0 1
    outer loop
      vertex -16.1803 11.7557 11.5
      vertex -14.8859 10.8152 11.5
      vertex -15.7063 12.3819 11.5
    endloop
  endfacet
  facet normal 0 0 1
    outer loop
      vertex -14.8859 10.8152 11.5
      vertex -16.1803 11.7557 11.5
      vertex -15.299 10.2225 11.5
    endloop
  endfacet
  facet normal -0 0 1
    outer loop
      vertex -16.6294 11.1114 11.5
      vertex -15.299 10.2225 11.5
      vertex -16.1803 11.7557 11.5
    endloop
  endfacet
  facet normal 0 0 1
    outer loop
      vertex -15.299 10.2225 11.5
      vertex -16.6294 11.1114 11.5
      vertex -15.6886 9.61397 11.5
    endloop
  endfacet
  facet normal -0 0 1
    outer loop
      vertex -17.0528 10.45 11.5
      vertex -15.6886 9.61397 11.5
      vertex -16.6294 11.1114 11.5
    endloop
  endfacet
  facet normal 0 0 1
    outer loop
      vertex -15.6886 9.61397 11.5
      vertex -17.0528 10.45 11.5
      vertex -16.0539 8.99063 11.5
    endloop
  endfacet
  facet normal -0 0 1
    outer loop
      vertex -17.4499 9.77242 11.5
      vertex -16.0539 8.99063 11.5
      vertex -17.0528 10.45 11.5
    endloop
  endfacet
  facet normal 0 0 1
    outer loop
      vertex -16.0539 8.99063 11.5
      vertex -17.4499 9.77242 11.5
      vertex -16.3945 8.35343 11.5
    endloop
  endfacet
  facet normal -0 0 1
    outer loop
      vertex -17.8201 9.07981 11.5
      vertex -16.3945 8.35343 11.5
      vertex -17.4499 9.77242 11.5
    endloop
  endfacet
  facet normal 0 0 1
    outer loop
      vertex -16.3945 8.35343 11.5
      vertex -17.8201 9.07981 11.5
      vertex -16.7098 7.70334 11.5
    endloop
  endfacet
  facet normal -0 0 1
    outer loop
      vertex -18.1629 8.37319 11.5
      vertex -16.7098 7.70334 11.5
      vertex -17.8201 9.07981 11.5
    endloop
  endfacet
  facet normal 0 0 1
    outer loop
      vertex -16.7098 7.70334 11.5
      vertex -18.1629 8.37319 11.5
      vertex -16.9994 7.04137 11.5
    endloop
  endfacet
  facet normal -0 0 1
    outer loop
      vertex -18.4776 7.65367 11.5
      vertex -16.9994 7.04137 11.5
      vertex -18.1629 8.37319 11.5
    endloop
  endfacet
  facet normal 0 0 1
    outer loop
      vertex -16.9994 7.04137 11.5
      vertex -18.4776 7.65367 11.5
      vertex -17.2627 6.36855 11.5
    endloop
  endfacet
  facet normal -0 0 1
    outer loop
      vertex -18.7638 6.92234 11.5
      vertex -17.2627 6.36855 11.5
      vertex -18.4776 7.65367 11.5
    endloop
  endfacet
  facet normal 0 0 1
    outer loop
      vertex -17.2627 6.36855 11.5
      vertex -18.7638 6.92234 11.5
      vertex -17.4994 5.68591 11.5
    endloop
  endfacet
  facet normal -0 0 1
    outer loop
      vertex -19.0211 6.18034 11.5
      vertex -17.4994 5.68591 11.5
      vertex -18.7638 6.92234 11.5
    endloop
  endfacet
  facet normal 0 0 1
    outer loop
      vertex -17.4994 5.68591 11.5
      vertex -19.0211 6.18034 11.5
      vertex -17.7092 4.9945 11.5
    endloop
  endfacet
  facet normal -0 0 1
    outer loop
      vertex -19.2491 5.42881 11.5
      vertex -17.7092 4.9945 11.5
      vertex -19.0211 6.18034 11.5
    endloop
  endfacet
  facet normal 0 0 1
    outer loop
      vertex -17.7092 4.9945 11.5
      vertex -19.2491 5.42881 11.5
      vertex -17.8916 4.29539 11.5
    endloop
  endfacet
  facet normal -0 0 1
    outer loop
      vertex -19.4474 4.66891 11.5
      vertex -17.8916 4.29539 11.5
      vertex -19.2491 5.42881 11.5
    endloop
  endfacet
  facet normal -0 0 1
    outer loop
      vertex -19.6157 3.90181 11.5
      vertex -18.0464 3.58966 11.5
      vertex -19.4474 4.66891 11.5
    endloop
  endfacet
  facet normal 0 0 1
    outer loop
      vertex -17.8916 4.29539 11.5
      vertex -19.4474 4.66891 11.5
      vertex -18.0464 3.58966 11.5
    endloop
  endfacet
  facet normal 0 0 1
    outer loop
      vertex 19.6157 -3.90181 11.5
      vertex 18.0464 -3.58966 11.5
      vertex 19.4474 -4.66891 11.5
    endloop
  endfacet
  facet normal -0 0 1
    outer loop
      vertex 17.8916 -4.29539 11.5
      vertex 19.4474 -4.66891 11.5
      vertex 18.0464 -3.58966 11.5
    endloop
  endfacet
  facet normal 0 0 1
    outer loop
      vertex 19.4474 -4.66891 11.5
      vertex 17.8916 -4.29539 11.5
      vertex 19.2491 -5.42881 11.5
    endloop
  endfacet
  facet normal -0 0 1
    outer loop
      vertex 17.7092 -4.9945 11.5
      vertex 19.2491 -5.42881 11.5
      vertex 17.8916 -4.29539 11.5
    endloop
  endfacet
  facet normal 0 0 1
    outer loop
      vertex 19.2491 -5.42881 11.5
      vertex 17.7092 -4.9945 11.5
      vertex 19.0211 -6.18034 11.5
    endloop
  endfacet
  facet normal -0 0 1
    outer loop
      vertex 17.4994 -5.68591 11.5
      vertex 19.0211 -6.18034 11.5
      vertex 17.7092 -4.9945 11.5
    endloop
  endfacet
  facet normal 0 0 1
    outer loop
      vertex 19.0211 -6.18034 11.5
      vertex 17.4994 -5.68591 11.5
      vertex 18.7638 -6.92234 11.5
    endloop
  endfacet
  facet normal -0 0 1
    outer loop
      vertex 17.2627 -6.36855 11.5
      vertex 18.7638 -6.92234 11.5
      vertex 17.4994 -5.68591 11.5
    endloop
  endfacet
  facet normal 0 0 1
    outer loop
      vertex 18.7638 -6.92234 11.5
      vertex 17.2627 -6.36855 11.5
      vertex 18.4776 -7.65367 11.5
    endloop
  endfacet
  facet normal -0 0 1
    outer loop
      vertex 16.9994 -7.04137 11.5
      vertex 18.4776 -7.65367 11.5
      vertex 17.2627 -6.36855 11.5
    endloop
  endfacet
  facet normal 0 0 1
    outer loop
      vertex 18.4776 -7.65367 11.5
      vertex 16.9994 -7.04137 11.5
      vertex 18.1629 -8.37319 11.5
    endloop
  endfacet
  facet normal -0 0 1
    outer loop
      vertex 16.7098 -7.70334 11.5
      vertex 18.1629 -8.37319 11.5
      vertex 16.9994 -7.04137 11.5
    endloop
  endfacet
  facet normal 0 0 1
    outer loop
      vertex 18.1629 -8.37319 11.5
      vertex 16.7098 -7.70334 11.5
      vertex 17.8201 -9.07981 11.5
    endloop
  endfacet
  facet normal -0 0 1
    outer loop
      vertex 16.3945 -8.35343 11.5
      vertex 17.8201 -9.07981 11.5
      vertex 16.7098 -7.70334 11.5
    endloop
  endfacet
  facet normal 0 0 1
    outer loop
      vertex 17.8201 -9.07981 11.5
      vertex 16.3945 -8.35343 11.5
      vertex 17.4499 -9.77242 11.5
    endloop
  endfacet
  facet normal -0 0 1
    outer loop
      vertex 16.0539 -8.99063 11.5
      vertex 17.4499 -9.77242 11.5
      vertex 16.3945 -8.35343 11.5
    endloop
  endfacet
  facet normal 0 0 1
    outer loop
      vertex 17.4499 -9.77242 11.5
      vertex 16.0539 -8.99063 11.5
      vertex 17.0528 -10.45 11.5
    endloop
  endfacet
  facet normal -0 0 1
    outer loop
      vertex 15.6886 -9.61397 11.5
      vertex 17.0528 -10.45 11.5
      vertex 16.0539 -8.99063 11.5
    endloop
  endfacet
  facet normal 0 0 1
    outer loop
      vertex 17.0528 -10.45 11.5
      vertex 15.6886 -9.61397 11.5
      vertex 16.6294 -11.1114 11.5
    endloop
  endfacet
  facet normal -0 0 1
    outer loop
      vertex 15.299 -10.2225 11.5
      vertex 16.6294 -11.1114 11.5
      vertex 15.6886 -9.61397 11.5
    endloop
  endfacet
  facet normal 0 0 1
    outer loop
      vertex 16.6294 -11.1114 11.5
      vertex 15.299 -10.2225 11.5
      vertex 16.1803 -11.7557 11.5
    endloop
  endfacet
  facet normal -0 0 1
    outer loop
      vertex 14.8859 -10.8152 11.5
      vertex 16.1803 -11.7557 11.5
      vertex 15.299 -10.2225 11.5
    endloop
  endfacet
  facet normal 0 0 1
    outer loop
      vertex 16.1803 -11.7557 11.5
      vertex 14.8859 -10.8152 11.5
      vertex 15.7063 -12.3819 11.5
    endloop
  endfacet
  facet normal -0 0 1
    outer loop
      vertex 14.4498 -11.3913 11.5
      vertex 15.7063 -12.3819 11.5
      vertex 14.8859 -10.8152 11.5
    endloop
  endfacet
  facet normal 0 0 1
    outer loop
      vertex 15.7063 -12.3819 11.5
      vertex 14.4498 -11.3913 11.5
      vertex 15.2081 -12.989 11.5
    endloop
  endfacet
  facet normal -0 0 1
    outer loop
      vertex 13.9915 -11.9498 11.5
      vertex 15.2081 -12.989 11.5
      vertex 14.4498 -11.3913 11.5
    endloop
  endfacet
  facet normal 0 0 1
    outer loop
      vertex 15.2081 -12.989 11.5
      vertex 13.9915 -11.9498 11.5
      vertex 14.6865 -13.576 11.5
    endloop
  endfacet
  facet normal -0 0 1
    outer loop
      vertex 13.5115 -12.4899 11.5
      vertex 14.6865 -13.576 11.5
      vertex 13.9915 -11.9498 11.5
    endloop
  endfacet
  facet normal 0 0 1
    outer loop
      vertex 14.6865 -13.576 11.5
      vertex 13.5115 -12.4899 11.5
      vertex 14.1421 -14.1421 11.5
    endloop
  endfacet
  facet normal -0 0 1
    outer loop
      vertex 13.0108 -13.0108 11.5
      vertex 14.1421 -14.1421 11.5
      vertex 13.5115 -12.4899 11.5
    endloop
  endfacet
  facet normal 0 0 1
    outer loop
      vertex 14.1421 -14.1421 11.5
      vertex 13.0108 -13.0108 11.5
      vertex 13.576 -14.6865 11.5
    endloop
  endfacet
  facet normal -0 0 1
    outer loop
      vertex 12.4899 -13.5115 11.5
      vertex 13.576 -14.6865 11.5
      vertex 13.0108 -13.0108 11.5
    endloop
  endfacet
  facet normal 0 0 1
    outer loop
      vertex 13.576 -14.6865 11.5
      vertex 12.4899 -13.5115 11.5
      vertex 12.989 -15.2081 11.5
    endloop
  endfacet
  facet normal -0 0 1
    outer loop
      vertex 11.9498 -13.9915 11.5
      vertex 12.989 -15.2081 11.5
      vertex 12.4899 -13.5115 11.5
    endloop
  endfacet
  facet normal 0 0 1
    outer loop
      vertex 12.989 -15.2081 11.5
      vertex 11.9498 -13.9915 11.5
      vertex 12.3819 -15.7063 11.5
    endloop
  endfacet
  facet normal -0 0 1
    outer loop
      vertex 11.3913 -14.4498 11.5
      vertex 12.3819 -15.7063 11.5
      vertex 11.9498 -13.9915 11.5
    endloop
  endfacet
  facet normal 0 0 1
    outer loop
      vertex 12.3819 -15.7063 11.5
      vertex 11.3913 -14.4498 11.5
      vertex 11.7557 -16.1803 11.5
    endloop
  endfacet
  facet normal -0 0 1
    outer loop
      vertex 10.8152 -14.8859 11.5
      vertex 11.7557 -16.1803 11.5
      vertex 11.3913 -14.4498 11.5
    endloop
  endfacet
  facet normal 0 0 1
    outer loop
      vertex 11.7557 -16.1803 11.5
      vertex 10.8152 -14.8859 11.5
      vertex 11.1114 -16.6294 11.5
    endloop
  endfacet
  facet normal -0 0 1
    outer loop
      vertex 10.2225 -15.299 11.5
      vertex 11.1114 -16.6294 11.5
      vertex 10.8152 -14.8859 11.5
    endloop
  endfacet
  facet normal 0 0 1
    outer loop
      vertex 11.1114 -16.6294 11.5
      vertex 10.2225 -15.299 11.5
      vertex 10.45 -17.0528 11.5
    endloop
  endfacet
  facet normal -0 0 1
    outer loop
      vertex 9.61397 -15.6886 11.5
      vertex 10.45 -17.0528 11.5
      vertex 10.2225 -15.299 11.5
    endloop
  endfacet
  facet normal 0 0 1
    outer loop
      vertex 10.45 -17.0528 11.5
      vertex 9.61397 -15.6886 11.5
      vertex 9.77242 -17.4499 11.5
    endloop
  endfacet
  facet normal -0 0 1
    outer loop
      vertex 8.99063 -16.0539 11.5
      vertex 9.77242 -17.4499 11.5
      vertex 9.61397 -15.6886 11.5
    endloop
  endfacet
  facet normal 0 0 1
    outer loop
      vertex 9.77242 -17.4499 11.5
      vertex 8.99063 -16.0539 11.5
      vertex 9.07981 -17.8201 11.5
    endloop
  endfacet
  facet normal -0 0 1
    outer loop
      vertex 8.35343 -16.3945 11.5
      vertex 9.07981 -17.8201 11.5
      vertex 8.99063 -16.0539 11.5
    endloop
  endfacet
  facet normal 0 0 1
    outer loop
      vertex 9.07981 -17.8201 11.5
      vertex 8.35343 -16.3945 11.5
      vertex 8.37319 -18.1629 11.5
    endloop
  endfacet
  facet normal -0 0 1
    outer loop
      vertex 7.70334 -16.7098 11.5
      vertex 8.37319 -18.1629 11.5
      vertex 8.35343 -16.3945 11.5
    endloop
  endfacet
  facet normal 0 0 1
    outer loop
      vertex 7.70334 -16.7098 11.5
      vertex 7.65367 -18.4776 11.5
      vertex 8.37319 -18.1629 11.5
    endloop
  endfacet
  facet normal -0 0 1
    outer loop
      vertex 7.04137 -16.9994 11.5
      vertex 7.65367 -18.4776 11.5
      vertex 7.70334 -16.7098 11.5
    endloop
  endfacet
  facet normal 0 0 1
    outer loop
      vertex 7.04137 -16.9994 11.5
      vertex 6.92234 -18.7638 11.5
      vertex 7.65367 -18.4776 11.5
    endloop
  endfacet
  facet normal -0 0 1
    outer loop
      vertex 6.36855 -17.2627 11.5
      vertex 6.92234 -18.7638 11.5
      vertex 7.04137 -16.9994 11.5
    endloop
  endfacet
  facet normal 0 0 1
    outer loop
      vertex 6.36855 -17.2627 11.5
      vertex 6.18034 -19.0211 11.5
      vertex 6.92234 -18.7638 11.5
    endloop
  endfacet
  facet normal -0 0 1
    outer loop
      vertex 5.68591 -17.4994 11.5
      vertex 6.18034 -19.0211 11.5
      vertex 6.36855 -17.2627 11.5
    endloop
  endfacet
  facet normal 0 0 1
    outer loop
      vertex 5.68591 -17.4994 11.5
      vertex 5.42881 -19.2491 11.5
      vertex 6.18034 -19.0211 11.5
    endloop
  endfacet
  facet normal -0 0 1
    outer loop
      vertex 4.9945 -17.7092 11.5
      vertex 5.42881 -19.2491 11.5
      vertex 5.68591 -17.4994 11.5
    endloop
  endfacet
  facet normal 0 0 1
    outer loop
      vertex 4.9945 -17.7092 11.5
      vertex 4.66891 -19.4474 11.5
      vertex 5.42881 -19.2491 11.5
    endloop
  endfacet
  facet normal -0 0 1
    outer loop
      vertex 4.29539 -17.8916 11.5
      vertex 4.66891 -19.4474 11.5
      vertex 4.9945 -17.7092 11.5
    endloop
  endfacet
  facet normal 0 0 1
    outer loop
      vertex 4.29539 -17.8916 11.5
      vertex 3.90181 -19.6157 11.5
      vertex 4.66891 -19.4474 11.5
    endloop
  endfacet
  facet normal -0 0 1
    outer loop
      vertex 3.58966 -18.0464 11.5
      vertex 3.90181 -19.6157 11.5
      vertex 4.29539 -17.8916 11.5
    endloop
  endfacet
  facet normal 0 0 1
    outer loop
      vertex 3.58966 -18.0464 11.5
      vertex 3.12869 -19.7538 11.5
      vertex 3.90181 -19.6157 11.5
    endloop
  endfacet
  facet normal -0 0 1
    outer loop
      vertex 2.87839 -18.1735 11.5
      vertex 3.12869 -19.7538 11.5
      vertex 3.58966 -18.0464 11.5
    endloop
  endfacet
  facet normal 0 0 1
    outer loop
      vertex 2.87839 -18.1735 11.5
      vertex 2.35075 -19.8614 11.5
      vertex 3.12869 -19.7538 11.5
    endloop
  endfacet
  facet normal -0 0 1
    outer loop
      vertex 2.16269 -18.2725 11.5
      vertex 2.35075 -19.8614 11.5
      vertex 2.87839 -18.1735 11.5
    endloop
  endfacet
  facet normal 0 0 1
    outer loop
      vertex 2.16269 -18.2725 11.5
      vertex 1.56918 -19.9383 11.5
      vertex 2.35075 -19.8614 11.5
    endloop
  endfacet
  facet normal -0 0 1
    outer loop
      vertex 1.44365 -18.3433 11.5
      vertex 1.56918 -19.9383 11.5
      vertex 2.16269 -18.2725 11.5
    endloop
  endfacet
  facet normal 0 0 1
    outer loop
      vertex 1.44365 -18.3433 11.5
      vertex 0.785196 -19.9846 11.5
      vertex 1.56918 -19.9383 11.5
    endloop
  endfacet
  facet normal -0 0 1
    outer loop
      vertex 0.72238 -18.3858 11.5
      vertex 0.785196 -19.9846 11.5
      vertex 1.44365 -18.3433 11.5
    endloop
  endfacet
  facet normal -0 0 1
    outer loop
      vertex 0 -18.4 11.5
      vertex 0.785196 -19.9846 11.5
      vertex 0.72238 -18.3858 11.5
    endloop
  endfacet
  facet normal 0 0 1
    outer loop
      vertex 0 -18.4 11.5
      vertex 0 -20 11.5
      vertex 0.785196 -19.9846 11.5
    endloop
  endfacet
  facet normal 0 0 1
    outer loop
      vertex -0.72238 -18.3858 11.5
      vertex 0 -20 11.5
      vertex 0 -18.4 11.5
    endloop
  endfacet
  facet normal 0 0 1
    outer loop
      vertex -0.72238 -18.3858 11.5
      vertex -0.785196 -19.9846 11.5
      vertex 0 -20 11.5
    endloop
  endfacet
  facet normal 0 0 1
    outer loop
      vertex -1.44365 -18.3433 11.5
      vertex -0.785196 -19.9846 11.5
      vertex -0.72238 -18.3858 11.5
    endloop
  endfacet
  facet normal 0 0 1
    outer loop
      vertex -1.44365 -18.3433 11.5
      vertex -1.56918 -19.9383 11.5
      vertex -0.785196 -19.9846 11.5
    endloop
  endfacet
  facet normal 0 0 1
    outer loop
      vertex -2.16269 -18.2725 11.5
      vertex -1.56918 -19.9383 11.5
      vertex -1.44365 -18.3433 11.5
    endloop
  endfacet
  facet normal 0 0 1
    outer loop
      vertex -2.16269 -18.2725 11.5
      vertex -2.35075 -19.8614 11.5
      vertex -1.56918 -19.9383 11.5
    endloop
  endfacet
  facet normal 0 0 1
    outer loop
      vertex -2.87839 -18.1735 11.5
      vertex -2.35075 -19.8614 11.5
      vertex -2.16269 -18.2725 11.5
    endloop
  endfacet
  facet normal 0 0 1
    outer loop
      vertex -2.87839 -18.1735 11.5
      vertex -3.12869 -19.7538 11.5
      vertex -2.35075 -19.8614 11.5
    endloop
  endfacet
  facet normal 0 0 1
    outer loop
      vertex -3.58966 -18.0464 11.5
      vertex -3.12869 -19.7538 11.5
      vertex -2.87839 -18.1735 11.5
    endloop
  endfacet
  facet normal 0 0 1
    outer loop
      vertex -3.58966 -18.0464 11.5
      vertex -3.90181 -19.6157 11.5
      vertex -3.12869 -19.7538 11.5
    endloop
  endfacet
  facet normal 0 0 1
    outer loop
      vertex -4.29539 -17.8916 11.5
      vertex -3.90181 -19.6157 11.5
      vertex -3.58966 -18.0464 11.5
    endloop
  endfacet
  facet normal 0 0 1
    outer loop
      vertex -4.29539 -17.8916 11.5
      vertex -4.66891 -19.4474 11.5
      vertex -3.90181 -19.6157 11.5
    endloop
  endfacet
  facet normal 0 0 1
    outer loop
      vertex -4.9945 -17.7092 11.5
      vertex -4.66891 -19.4474 11.5
      vertex -4.29539 -17.8916 11.5
    endloop
  endfacet
  facet normal 0 0 1
    outer loop
      vertex -4.9945 -17.7092 11.5
      vertex -5.42881 -19.2491 11.5
      vertex -4.66891 -19.4474 11.5
    endloop
  endfacet
  facet normal 0 0 1
    outer loop
      vertex -5.68591 -17.4994 11.5
      vertex -5.42881 -19.2491 11.5
      vertex -4.9945 -17.7092 11.5
    endloop
  endfacet
  facet normal 0 0 1
    outer loop
      vertex -5.68591 -17.4994 11.5
      vertex -6.18034 -19.0211 11.5
      vertex -5.42881 -19.2491 11.5
    endloop
  endfacet
  facet normal 0 0 1
    outer loop
      vertex -6.36855 -17.2627 11.5
      vertex -6.18034 -19.0211 11.5
      vertex -5.68591 -17.4994 11.5
    endloop
  endfacet
  facet normal 0 0 1
    outer loop
      vertex -6.36855 -17.2627 11.5
      vertex -6.92234 -18.7638 11.5
      vertex -6.18034 -19.0211 11.5
    endloop
  endfacet
  facet normal 0 0 1
    outer loop
      vertex -7.04137 -16.9994 11.5
      vertex -6.92234 -18.7638 11.5
      vertex -6.36855 -17.2627 11.5
    endloop
  endfacet
  facet normal 0 0 1
    outer loop
      vertex -7.04137 -16.9994 11.5
      vertex -7.65367 -18.4776 11.5
      vertex -6.92234 -18.7638 11.5
    endloop
  endfacet
  facet normal 0 0 1
    outer loop
      vertex -7.70334 -16.7098 11.5
      vertex -7.65367 -18.4776 11.5
      vertex -7.04137 -16.9994 11.5
    endloop
  endfacet
  facet normal 0 0 1
    outer loop
      vertex -8.37319 -18.1629 11.5
      vertex -7.70334 -16.7098 11.5
      vertex -8.35343 -16.3945 11.5
    endloop
  endfacet
  facet normal 0 0 1
    outer loop
      vertex -7.70334 -16.7098 11.5
      vertex -8.37319 -18.1629 11.5
      vertex -7.65367 -18.4776 11.5
    endloop
  endfacet
  facet normal 0 0 1
    outer loop
      vertex -9.07981 -17.8201 11.5
      vertex -8.35343 -16.3945 11.5
      vertex -8.99063 -16.0539 11.5
    endloop
  endfacet
  facet normal 0 0 1
    outer loop
      vertex -8.35343 -16.3945 11.5
      vertex -9.07981 -17.8201 11.5
      vertex -8.37319 -18.1629 11.5
    endloop
  endfacet
  facet normal 0 0 1
    outer loop
      vertex -9.77242 -17.4499 11.5
      vertex -8.99063 -16.0539 11.5
      vertex -9.61397 -15.6886 11.5
    endloop
  endfacet
  facet normal 0 0 1
    outer loop
      vertex -8.99063 -16.0539 11.5
      vertex -9.77242 -17.4499 11.5
      vertex -9.07981 -17.8201 11.5
    endloop
  endfacet
  facet normal 0 0 1
    outer loop
      vertex -10.45 -17.0528 11.5
      vertex -9.61397 -15.6886 11.5
      vertex -10.2225 -15.299 11.5
    endloop
  endfacet
  facet normal 0 0 1
    outer loop
      vertex -9.61397 -15.6886 11.5
      vertex -10.45 -17.0528 11.5
      vertex -9.77242 -17.4499 11.5
    endloop
  endfacet
  facet normal 0 0 1
    outer loop
      vertex -11.1114 -16.6294 11.5
      vertex -10.2225 -15.299 11.5
      vertex -10.8152 -14.8859 11.5
    endloop
  endfacet
  facet normal 0 0 1
    outer loop
      vertex -10.2225 -15.299 11.5
      vertex -11.1114 -16.6294 11.5
      vertex -10.45 -17.0528 11.5
    endloop
  endfacet
  facet normal 0 0 1
    outer loop
      vertex -11.7557 -16.1803 11.5
      vertex -10.8152 -14.8859 11.5
      vertex -11.3913 -14.4498 11.5
    endloop
  endfacet
  facet normal 0 0 1
    outer loop
      vertex -10.8152 -14.8859 11.5
      vertex -11.7557 -16.1803 11.5
      vertex -11.1114 -16.6294 11.5
    endloop
  endfacet
  facet normal 0 0 1
    outer loop
      vertex -12.3819 -15.7063 11.5
      vertex -11.3913 -14.4498 11.5
      vertex -11.9498 -13.9915 11.5
    endloop
  endfacet
  facet normal 0 0 1
    outer loop
      vertex -11.3913 -14.4498 11.5
      vertex -12.3819 -15.7063 11.5
      vertex -11.7557 -16.1803 11.5
    endloop
  endfacet
  facet normal 0 0 1
    outer loop
      vertex -12.989 -15.2081 11.5
      vertex -11.9498 -13.9915 11.5
      vertex -12.4899 -13.5115 11.5
    endloop
  endfacet
  facet normal 0 0 1
    outer loop
      vertex -11.9498 -13.9915 11.5
      vertex -12.989 -15.2081 11.5
      vertex -12.3819 -15.7063 11.5
    endloop
  endfacet
  facet normal 0 0 1
    outer loop
      vertex -13.576 -14.6865 11.5
      vertex -12.4899 -13.5115 11.5
      vertex -13.0108 -13.0108 11.5
    endloop
  endfacet
  facet normal 0 0 1
    outer loop
      vertex -14.1421 -14.1421 11.5
      vertex -13.0108 -13.0108 11.5
      vertex -13.5115 -12.4899 11.5
    endloop
  endfacet
  facet normal 0 0 1
    outer loop
      vertex -12.4899 -13.5115 11.5
      vertex -13.576 -14.6865 11.5
      vertex -12.989 -15.2081 11.5
    endloop
  endfacet
  facet normal 0 0 1
    outer loop
      vertex -14.6865 -13.576 11.5
      vertex -13.5115 -12.4899 11.5
      vertex -13.9915 -11.9498 11.5
    endloop
  endfacet
  facet normal 0 0 1
    outer loop
      vertex -13.0108 -13.0108 11.5
      vertex -14.1421 -14.1421 11.5
      vertex -13.576 -14.6865 11.5
    endloop
  endfacet
  facet normal 0 0 1
    outer loop
      vertex -15.2081 -12.989 11.5
      vertex -13.9915 -11.9498 11.5
      vertex -14.4498 -11.3913 11.5
    endloop
  endfacet
  facet normal 0 0 1
    outer loop
      vertex -13.5115 -12.4899 11.5
      vertex -14.6865 -13.576 11.5
      vertex -14.1421 -14.1421 11.5
    endloop
  endfacet
  facet normal 0 0 1
    outer loop
      vertex -15.7063 -12.3819 11.5
      vertex -14.4498 -11.3913 11.5
      vertex -14.8859 -10.8152 11.5
    endloop
  endfacet
  facet normal 0 0 1
    outer loop
      vertex -13.9915 -11.9498 11.5
      vertex -15.2081 -12.989 11.5
      vertex -14.6865 -13.576 11.5
    endloop
  endfacet
  facet normal 0 0 1
    outer loop
      vertex -16.1803 -11.7557 11.5
      vertex -14.8859 -10.8152 11.5
      vertex -15.299 -10.2225 11.5
    endloop
  endfacet
  facet normal 0 0 1
    outer loop
      vertex -16.6294 -11.1114 11.5
      vertex -15.299 -10.2225 11.5
      vertex -15.6886 -9.61397 11.5
    endloop
  endfacet
  facet normal 0 0 1
    outer loop
      vertex -14.4498 -11.3913 11.5
      vertex -15.7063 -12.3819 11.5
      vertex -15.2081 -12.989 11.5
    endloop
  endfacet
  facet normal 0 0 1
    outer loop
      vertex -17.0528 -10.45 11.5
      vertex -15.6886 -9.61397 11.5
      vertex -16.0539 -8.99063 11.5
    endloop
  endfacet
  facet normal 0 0 1
    outer loop
      vertex -14.8859 -10.8152 11.5
      vertex -16.1803 -11.7557 11.5
      vertex -15.7063 -12.3819 11.5
    endloop
  endfacet
  facet normal 0 0 1
    outer loop
      vertex -17.4499 -9.77242 11.5
      vertex -16.0539 -8.99063 11.5
      vertex -16.3945 -8.35343 11.5
    endloop
  endfacet
  facet normal 0 0 1
    outer loop
      vertex -15.299 -10.2225 11.5
      vertex -16.6294 -11.1114 11.5
      vertex -16.1803 -11.7557 11.5
    endloop
  endfacet
  facet normal 0 0 1
    outer loop
      vertex -17.8201 -9.07981 11.5
      vertex -16.3945 -8.35343 11.5
      vertex -16.7098 -7.70334 11.5
    endloop
  endfacet
  facet normal 0 0 1
    outer loop
      vertex -18.1629 -8.37319 11.5
      vertex -16.7098 -7.70334 11.5
      vertex -16.9994 -7.04137 11.5
    endloop
  endfacet
  facet normal 0 0 1
    outer loop
      vertex -15.6886 -9.61397 11.5
      vertex -17.0528 -10.45 11.5
      vertex -16.6294 -11.1114 11.5
    endloop
  endfacet
  facet normal 0 0 1
    outer loop
      vertex -18.4776 -7.65367 11.5
      vertex -16.9994 -7.04137 11.5
      vertex -17.2627 -6.36855 11.5
    endloop
  endfacet
  facet normal 0 0 1
    outer loop
      vertex -16.0539 -8.99063 11.5
      vertex -17.4499 -9.77242 11.5
      vertex -17.0528 -10.45 11.5
    endloop
  endfacet
  facet normal 0 0 1
    outer loop
      vertex -18.7638 -6.92234 11.5
      vertex -17.2627 -6.36855 11.5
      vertex -17.4994 -5.68591 11.5
    endloop
  endfacet
  facet normal 0 0 1
    outer loop
      vertex -19.0211 -6.18034 11.5
      vertex -17.4994 -5.68591 11.5
      vertex -17.7092 -4.9945 11.5
    endloop
  endfacet
  facet normal 0 0 1
    outer loop
      vertex -16.3945 -8.35343 11.5
      vertex -17.8201 -9.07981 11.5
      vertex -17.4499 -9.77242 11.5
    endloop
  endfacet
  facet normal 0 0 1
    outer loop
      vertex -19.2491 -5.42881 11.5
      vertex -17.7092 -4.9945 11.5
      vertex -17.8916 -4.29539 11.5
    endloop
  endfacet
  facet normal 0 0 1
    outer loop
      vertex -19.4474 -4.66891 11.5
      vertex -17.8916 -4.29539 11.5
      vertex -18.0464 -3.58966 11.5
    endloop
  endfacet
  facet normal 0 0 1
    outer loop
      vertex -16.7098 -7.70334 11.5
      vertex -18.1629 -8.37319 11.5
      vertex -17.8201 -9.07981 11.5
    endloop
  endfacet
  facet normal 0 0 1
    outer loop
      vertex -19.6157 -3.90181 11.5
      vertex -18.0464 -3.58966 11.5
      vertex -18.1735 -2.87839 11.5
    endloop
  endfacet
  facet normal 0 0 1
    outer loop
      vertex -19.7538 -3.12869 11.5
      vertex -18.1735 -2.87839 11.5
      vertex -18.2725 -2.16269 11.5
    endloop
  endfacet
  facet normal 0 0 1
    outer loop
      vertex -19.8614 -2.35075 11.5
      vertex -18.2725 -2.16269 11.5
      vertex -18.3433 -1.44365 11.5
    endloop
  endfacet
  facet normal 0 0 1
    outer loop
      vertex -19.9383 -1.56918 11.5
      vertex -18.3433 -1.44365 11.5
      vertex -18.3858 -0.72238 11.5
    endloop
  endfacet
  facet normal 0 0 1
    outer loop
      vertex -16.9994 -7.04137 11.5
      vertex -18.4776 -7.65367 11.5
      vertex -18.1629 -8.37319 11.5
    endloop
  endfacet
  facet normal 0 0 1
    outer loop
      vertex -19.9846 -0.785196 11.5
      vertex -18.3858 -0.72238 11.5
      vertex -18.4 0 11.5
    endloop
  endfacet
  facet normal 0 0 1
    outer loop
      vertex -18.0464 3.58966 11.5
      vertex -19.6157 3.90181 11.5
      vertex -18.1735 2.87839 11.5
    endloop
  endfacet
  facet normal -0 0 1
    outer loop
      vertex -19.7538 3.12869 11.5
      vertex -18.1735 2.87839 11.5
      vertex -19.6157 3.90181 11.5
    endloop
  endfacet
  facet normal 0 0 1
    outer loop
      vertex -17.2627 -6.36855 11.5
      vertex -18.7638 -6.92234 11.5
      vertex -18.4776 -7.65367 11.5
    endloop
  endfacet
  facet normal 0 0 1
    outer loop
      vertex -18.1735 2.87839 11.5
      vertex -19.7538 3.12869 11.5
      vertex -18.2725 2.16269 11.5
    endloop
  endfacet
  facet normal 0 0 1
    outer loop
      vertex -17.4994 -5.68591 11.5
      vertex -19.0211 -6.18034 11.5
      vertex -18.7638 -6.92234 11.5
    endloop
  endfacet
  facet normal -0 0 1
    outer loop
      vertex -19.8614 2.35075 11.5
      vertex -18.2725 2.16269 11.5
      vertex -19.7538 3.12869 11.5
    endloop
  endfacet
  facet normal 0 0 1
    outer loop
      vertex -17.7092 -4.9945 11.5
      vertex -19.2491 -5.42881 11.5
      vertex -19.0211 -6.18034 11.5
    endloop
  endfacet
  facet normal 0 0 1
    outer loop
      vertex -18.2725 2.16269 11.5
      vertex -19.8614 2.35075 11.5
      vertex -18.3433 1.44365 11.5
    endloop
  endfacet
  facet normal 0 0 1
    outer loop
      vertex -17.8916 -4.29539 11.5
      vertex -19.4474 -4.66891 11.5
      vertex -19.2491 -5.42881 11.5
    endloop
  endfacet
  facet normal -0 0 1
    outer loop
      vertex -19.9383 1.56918 11.5
      vertex -18.3433 1.44365 11.5
      vertex -19.8614 2.35075 11.5
    endloop
  endfacet
  facet normal 0 0 1
    outer loop
      vertex -18.0464 -3.58966 11.5
      vertex -19.6157 -3.90181 11.5
      vertex -19.4474 -4.66891 11.5
    endloop
  endfacet
  facet normal 0 0 1
    outer loop
      vertex -18.3433 1.44365 11.5
      vertex -19.9383 1.56918 11.5
      vertex -18.3858 0.72238 11.5
    endloop
  endfacet
  facet normal 0 0 1
    outer loop
      vertex -18.1735 -2.87839 11.5
      vertex -19.7538 -3.12869 11.5
      vertex -19.6157 -3.90181 11.5
    endloop
  endfacet
  facet normal -0 0 1
    outer loop
      vertex -19.9846 0.785196 11.5
      vertex -18.3858 0.72238 11.5
      vertex -19.9383 1.56918 11.5
    endloop
  endfacet
  facet normal 0 0 1
    outer loop
      vertex -18.2725 -2.16269 11.5
      vertex -19.8614 -2.35075 11.5
      vertex -19.7538 -3.12869 11.5
    endloop
  endfacet
  facet normal 0 0 1
    outer loop
      vertex -18.3858 0.72238 11.5
      vertex -19.9846 0.785196 11.5
      vertex -18.4 0 11.5
    endloop
  endfacet
  facet normal 0 0 1
    outer loop
      vertex -18.3433 -1.44365 11.5
      vertex -19.9383 -1.56918 11.5
      vertex -19.8614 -2.35075 11.5
    endloop
  endfacet
  facet normal 0 0 1
    outer loop
      vertex -20 0 11.5
      vertex -18.4 0 11.5
      vertex -19.9846 0.785196 11.5
    endloop
  endfacet
  facet normal 0 0 1
    outer loop
      vertex -18.3858 -0.72238 11.5
      vertex -19.9846 -0.785196 11.5
      vertex -19.9383 -1.56918 11.5
    endloop
  endfacet
  facet normal 0 0 1
    outer loop
      vertex -18.4 0 11.5
      vertex -20 0 11.5
      vertex -19.9846 -0.785196 11.5
    endloop
  endfacet
  facet normal -0.603539 0.797334 0
    outer loop
      vertex -11.7557 16.1803 0
      vertex -12.3819 15.7063 11.5
      vertex -11.7557 16.1803 11.5
    endloop
  endfacet
  facet normal -0.603539 0.797334 0
    outer loop
      vertex -12.3819 15.7063 11.5
      vertex -11.7557 16.1803 0
      vertex -12.3819 15.7063 0
    endloop
  endfacet
  facet normal -0.471389 0.881925 0
    outer loop
      vertex -9.07981 17.8201 0
      vertex -9.77242 17.4499 11.5
      vertex -9.07981 17.8201 11.5
    endloop
  endfacet
  facet normal -0.471389 0.881925 0
    outer loop
      vertex -9.77242 17.4499 11.5
      vertex -9.07981 17.8201 0
      vertex -9.77242 17.4499 0
    endloop
  endfacet
  facet normal -0.505623 0.862755 0
    outer loop
      vertex -9.77242 17.4499 0
      vertex -10.45 17.0528 11.5
      vertex -9.77242 17.4499 11.5
    endloop
  endfacet
  facet normal -0.505623 0.862755 0
    outer loop
      vertex -10.45 17.0528 11.5
      vertex -9.77242 17.4499 0
      vertex -10.45 17.0528 0
    endloop
  endfacet
  facet normal -0.571829 0.820373 0
    outer loop
      vertex -11.1114 16.6294 0
      vertex -11.7557 16.1803 11.5
      vertex -11.1114 16.6294 11.5
    endloop
  endfacet
  facet normal -0.571829 0.820373 0
    outer loop
      vertex -11.7557 16.1803 11.5
      vertex -11.1114 16.6294 0
      vertex -11.7557 16.1803 0
    endloop
  endfacet
  facet normal -0.2525 0.967597 0
    outer loop
      vertex -4.66891 19.4474 0
      vertex -5.42881 19.2491 11.5
      vertex -4.66891 19.4474 11.5
    endloop
  endfacet
  facet normal -0.2525 0.967597 0
    outer loop
      vertex -5.42881 19.2491 11.5
      vertex -4.66891 19.4474 0
      vertex -5.42881 19.2491 0
    endloop
  endfacet
  facet normal -0.214301 0.976768 0
    outer loop
      vertex -3.90181 19.6157 0
      vertex -4.66891 19.4474 11.5
      vertex -3.90181 19.6157 11.5
    endloop
  endfacet
  facet normal -0.214301 0.976768 0
    outer loop
      vertex -4.66891 19.4474 11.5
      vertex -3.90181 19.6157 0
      vertex -4.66891 19.4474 0
    endloop
  endfacet
  facet normal -0.13701 0.99057 0
    outer loop
      vertex -2.35075 19.8614 0
      vertex -3.12869 19.7538 11.5
      vertex -2.35075 19.8614 11.5
    endloop
  endfacet
  facet normal -0.13701 0.99057 0
    outer loop
      vertex -3.12869 19.7538 11.5
      vertex -2.35075 19.8614 0
      vertex -3.12869 19.7538 0
    endloop
  endfacet
  facet normal -0.0196092 0.999808 0
    outer loop
      vertex 0 20 0
      vertex -0.785196 19.9846 11.5
      vertex 0 20 11.5
    endloop
  endfacet
  facet normal -0.0196092 0.999808 0
    outer loop
      vertex -0.785196 19.9846 11.5
      vertex 0 20 0
      vertex -0.785196 19.9846 0
    endloop
  endfacet
  facet normal 0.995194 -0.0979189 0
    outer loop
      vertex 19.8614 -2.35075 11.5
      vertex 19.9383 -1.56918 0
      vertex 19.9383 -1.56918 11.5
    endloop
  endfacet
  facet normal 0.995194 -0.0979189 0
    outer loop
      vertex 19.9383 -1.56918 0
      vertex 19.8614 -2.35075 11.5
      vertex 19.8614 -2.35075 0
    endloop
  endfacet
  facet normal 0.0196092 -0.999808 0
    outer loop
      vertex 0 -20 0
      vertex 0.785196 -19.9846 3.2
      vertex 0 -20 3.2
    endloop
  endfacet
  facet normal 0.0196092 -0.999808 0
    outer loop
      vertex 0.785196 -19.9846 3.2
      vertex 0 -20 0
      vertex 0.785196 -19.9846 0
    endloop
  endfacet
  facet normal 0.0196092 -0.999808 0
    outer loop
      vertex 0 -20 9
      vertex 0.785196 -19.9846 11.5
      vertex 0 -20 11.5
    endloop
  endfacet
  facet normal 0.0196092 -0.999808 0
    outer loop
      vertex 0.785196 -19.9846 11.5
      vertex 0 -20 9
      vertex 0.785196 -19.9846 9
    endloop
  endfacet
  facet normal 0.137098 -0.990557 0
    outer loop
      vertex 2.35075 -19.8614 3.2
      vertex 2.35075 -19.8614 0
      vertex 3.1 -19.7577 3.2
    endloop
  endfacet
  facet normal 0.13701 -0.99057 2.11205e-05
    outer loop
      vertex 3.12869 -19.7538 0
      vertex 3.1 -19.7577 3.2
      vertex 2.35075 -19.8614 0
    endloop
  endfacet
  facet normal 0.134697 -0.990887 0
    outer loop
      vertex 3.1 -19.7577 3.2
      vertex 3.12869 -19.7538 0
      vertex 3.12869 -19.7538 3.20056
    endloop
  endfacet
  facet normal 0.137098 -0.990557 0
    outer loop
      vertex 3.1 -19.7577 9
      vertex 2.35075 -19.8614 11.5
      vertex 2.35075 -19.8614 9
    endloop
  endfacet
  facet normal 0.13701 -0.99057 -2.70342e-05
    outer loop
      vertex 2.35075 -19.8614 11.5
      vertex 3.1 -19.7577 9
      vertex 3.12869 -19.7538 11.5
    endloop
  endfacet
  facet normal 0.134697 -0.990887 0
    outer loop
      vertex 3.12869 -19.7538 11.5
      vertex 3.1 -19.7577 9
      vertex 3.12869 -19.7538 8.99944
    endloop
  endfacet
  facet normal 0.214301 -0.976768 0
    outer loop
      vertex 4.66891 -19.4474 0
      vertex 3.90181 -19.6157 3.31332
      vertex 3.90181 -19.6157 0
    endloop
  endfacet
  facet normal 0.214319 -0.976764 4.51982e-06
    outer loop
      vertex 3.90181 -19.6157 3.31332
      vertex 4.66891 -19.4474 0
      vertex 3.99615 -19.595 3.34194
    endloop
  endfacet
  facet normal 0.21426 -0.976777 -7.99393e-06
    outer loop
      vertex 3.99615 -19.595 3.34194
      vertex 4.66891 -19.4474 0
      vertex 4.10374 -19.5714 3.37924
    endloop
  endfacet
  facet normal 0.21459 -0.976704 4.98873e-05
    outer loop
      vertex 4.10374 -19.5714 3.37924
      vertex 4.66891 -19.4474 0
      vertex 4.20978 -19.5481 3.42075
    endloop
  endfacet
  facet normal 0.214383 -0.97675 2.07998e-05
    outer loop
      vertex 4.20978 -19.5481 3.42075
      vertex 4.66891 -19.4474 0
      vertex 4.31411 -19.5252 3.46638
    endloop
  endfacet
  facet normal 0.213606 -0.97692 -6.25461e-05
    outer loop
      vertex 4.31411 -19.5252 3.46638
      vertex 4.66891 -19.4474 0
      vertex 4.41657 -19.5028 3.51608
    endloop
  endfacet
  facet normal 0.214894 -0.976637 3.43387e-05
    outer loop
      vertex 4.41657 -19.5028 3.51608
      vertex 4.66891 -19.4474 0
      vertex 4.517 -19.4807 3.56976
    endloop
  endfacet
  facet normal 0.21378 -0.976882 -1.53811e-05
    outer loop
      vertex 4.517 -19.4807 3.56976
      vertex 4.66891 -19.4474 0
      vertex 4.61525 -19.4592 3.62734
    endloop
  endfacet
  facet normal 0.214772 -0.976664 0
    outer loop
      vertex 4.61525 -19.4592 3.62734
      vertex 4.66891 -19.4474 0
      vertex 4.66891 -19.4474 3.66169
    endloop
  endfacet
  facet normal 0.214301 -0.976768 0
    outer loop
      vertex 3.90181 -19.6157 8.88668
      vertex 4.66891 -19.4474 11.5
      vertex 3.90181 -19.6157 11.5
    endloop
  endfacet
  facet normal 0.214319 -0.976764 -5.6315e-06
    outer loop
      vertex 3.99615 -19.595 8.85806
      vertex 4.66891 -19.4474 11.5
      vertex 3.90181 -19.6157 8.88668
    endloop
  endfacet
  facet normal 0.214261 -0.976777 9.93995e-06
    outer loop
      vertex 4.10374 -19.5714 8.82075
      vertex 4.66891 -19.4474 11.5
      vertex 3.99615 -19.595 8.85806
    endloop
  endfacet
  facet normal 0.214586 -0.976705 -6.1928e-05
    outer loop
      vertex 4.20978 -19.5481 8.77925
      vertex 4.66891 -19.4474 11.5
      vertex 4.10374 -19.5714 8.82075
    endloop
  endfacet
  facet normal 0.214381 -0.97675 -2.5783e-05
    outer loop
      vertex 4.31411 -19.5252 8.73361
      vertex 4.66891 -19.4474 11.5
      vertex 4.20978 -19.5481 8.77925
    endloop
  endfacet
  facet normal 0.213613 -0.976918 7.74463e-05
    outer loop
      vertex 4.41657 -19.5028 8.68392
      vertex 4.66891 -19.4474 11.5
      vertex 4.31411 -19.5252 8.73361
    endloop
  endfacet
  facet normal 0.21489 -0.976638 -4.24842e-05
    outer loop
      vertex 4.517 -19.4807 8.63024
      vertex 4.66891 -19.4474 11.5
      vertex 4.41657 -19.5028 8.68392
    endloop
  endfacet
  facet normal 0.213782 -0.976881 1.90201e-05
    outer loop
      vertex 4.61525 -19.4592 8.57266
      vertex 4.66891 -19.4474 11.5
      vertex 4.517 -19.4807 8.63024
    endloop
  endfacet
  facet normal 0.214772 -0.976664 0
    outer loop
      vertex 4.66891 -19.4474 11.5
      vertex 4.61525 -19.4592 8.57266
      vertex 4.66891 -19.4474 8.5383
    endloop
  endfacet
  facet normal 0.571829 -0.820373 0
    outer loop
      vertex 11.1114 -16.6294 0
      vertex 11.7557 -16.1803 11.5
      vertex 11.1114 -16.6294 11.5
    endloop
  endfacet
  facet normal 0.571829 -0.820373 0
    outer loop
      vertex 11.7557 -16.1803 11.5
      vertex 11.1114 -16.6294 0
      vertex 11.7557 -16.1803 0
    endloop
  endfacet
  facet normal 0.505623 -0.862755 0
    outer loop
      vertex 9.77242 -17.4499 0
      vertex 10.45 -17.0528 11.5
      vertex 9.77242 -17.4499 11.5
    endloop
  endfacet
  facet normal 0.505623 -0.862755 0
    outer loop
      vertex 10.45 -17.0528 11.5
      vertex 9.77242 -17.4499 0
      vertex 10.45 -17.0528 0
    endloop
  endfacet
  facet normal 0.720787 -0.693157 0
    outer loop
      vertex 14.1421 -14.1421 11.5
      vertex 14.6865 -13.576 0
      vertex 14.6865 -13.576 11.5
    endloop
  endfacet
  facet normal 0.720787 -0.693157 0
    outer loop
      vertex 14.6865 -13.576 0
      vertex 14.1421 -14.1421 11.5
      vertex 14.1421 -14.1421 0
    endloop
  endfacet
  facet normal 0.797334 -0.603539 0
    outer loop
      vertex 15.7063 -12.3819 11.5
      vertex 16.1803 -11.7557 0
      vertex 16.1803 -11.7557 11.5
    endloop
  endfacet
  facet normal 0.797334 -0.603539 0
    outer loop
      vertex 16.1803 -11.7557 0
      vertex 15.7063 -12.3819 11.5
      vertex 15.7063 -12.3819 0
    endloop
  endfacet
  facet normal 0.881925 -0.471389 0
    outer loop
      vertex 17.4499 -9.77242 11.5
      vertex 17.8201 -9.07981 0
      vertex 17.8201 -9.07981 11.5
    endloop
  endfacet
  facet normal 0.881925 -0.471389 0
    outer loop
      vertex 17.8201 -9.07981 0
      vertex 17.4499 -9.77242 11.5
      vertex 17.4499 -9.77242 0
    endloop
  endfacet
  facet normal 0.842211 -0.539148 0
    outer loop
      vertex 16.6294 -11.1114 11.5
      vertex 17.0528 -10.45 0
      vertex 17.0528 -10.45 11.5
    endloop
  endfacet
  facet normal 0.842211 -0.539148 0
    outer loop
      vertex 17.0528 -10.45 0
      vertex 16.6294 -11.1114 11.5
      vertex 16.6294 -11.1114 0
    endloop
  endfacet
  facet normal 0.931231 -0.36443 0
    outer loop
      vertex 18.4776 -7.65367 11.5
      vertex 18.7638 -6.92234 0
      vertex 18.7638 -6.92234 11.5
    endloop
  endfacet
  facet normal 0.931231 -0.36443 0
    outer loop
      vertex 18.7638 -6.92234 0
      vertex 18.4776 -7.65367 11.5
      vertex 18.4776 -7.65367 0
    endloop
  endfacet
  facet normal 0.967597 -0.2525 0
    outer loop
      vertex 19.2491 -5.42881 11.5
      vertex 19.4474 -4.66891 0
      vertex 19.4474 -4.66891 11.5
    endloop
  endfacet
  facet normal 0.967597 -0.2525 0
    outer loop
      vertex 19.4474 -4.66891 0
      vertex 19.2491 -5.42881 11.5
      vertex 19.2491 -5.42881 0
    endloop
  endfacet
  facet normal -0.693157 -0.720787 0
    outer loop
      vertex -14.1421 -14.1421 0
      vertex -13.576 -14.6865 11.5
      vertex -14.1421 -14.1421 11.5
    endloop
  endfacet
  facet normal -0.693157 -0.720787 -0
    outer loop
      vertex -13.576 -14.6865 11.5
      vertex -14.1421 -14.1421 0
      vertex -13.576 -14.6865 0
    endloop
  endfacet
  facet normal -0.603539 -0.797334 0
    outer loop
      vertex -12.3819 -15.7063 0
      vertex -11.7557 -16.1803 11.5
      vertex -12.3819 -15.7063 11.5
    endloop
  endfacet
  facet normal -0.603539 -0.797334 -0
    outer loop
      vertex -11.7557 -16.1803 11.5
      vertex -12.3819 -15.7063 0
      vertex -11.7557 -16.1803 0
    endloop
  endfacet
  facet normal -0.471389 -0.881925 0
    outer loop
      vertex -9.77242 -17.4499 0
      vertex -9.07981 -17.8201 11.5
      vertex -9.77242 -17.4499 11.5
    endloop
  endfacet
  facet normal -0.471389 -0.881925 -0
    outer loop
      vertex -9.07981 -17.8201 11.5
      vertex -9.77242 -17.4499 0
      vertex -9.07981 -17.8201 0
    endloop
  endfacet
  facet normal -0.539148 -0.842211 0
    outer loop
      vertex -11.1114 -16.6294 0
      vertex -10.45 -17.0528 11.5
      vertex -11.1114 -16.6294 11.5
    endloop
  endfacet
  facet normal -0.539148 -0.842211 -0
    outer loop
      vertex -10.45 -17.0528 11.5
      vertex -11.1114 -16.6294 0
      vertex -10.45 -17.0528 0
    endloop
  endfacet
  facet normal -0.36443 -0.931231 0
    outer loop
      vertex -7.65367 -18.4776 0
      vertex -6.92234 -18.7638 11.5
      vertex -7.65367 -18.4776 11.5
    endloop
  endfacet
  facet normal -0.36443 -0.931231 -0
    outer loop
      vertex -6.92234 -18.7638 11.5
      vertex -7.65367 -18.4776 0
      vertex -6.92234 -18.7638 0
    endloop
  endfacet
  facet normal -0.252315 -0.967645 0
    outer loop
      vertex -5.42881 -19.2491 0
      vertex -5.37742 -19.2625 4.30463
      vertex -5.42881 -19.2491 4.37251
    endloop
  endfacet
  facet normal -0.253097 -0.967441 9.98135e-06
    outer loop
      vertex -5.42881 -19.2491 0
      vertex -5.30518 -19.2814 4.2166
      vertex -5.37742 -19.2625 4.30463
    endloop
  endfacet
  facet normal -0.25206 -0.967712 -2.25019e-05
    outer loop
      vertex -5.42881 -19.2491 0
      vertex -5.22954 -19.3011 4.13148
      vertex -5.30518 -19.2814 4.2166
    endloop
  endfacet
  facet normal -0.25253 -0.967589 1.70092e-06
    outer loop
      vertex -5.42881 -19.2491 0
      vertex -5.15061 -19.3217 4.04939
      vertex -5.22954 -19.3011 4.13148
    endloop
  endfacet
  facet normal -0.252274 -0.967656 -1.70773e-05
    outer loop
      vertex -5.42881 -19.2491 0
      vertex -5.06852 -19.3431 3.97046
      vertex -5.15061 -19.3217 4.04939
    endloop
  endfacet
  facet normal -0.252373 -0.96763 -7.52976e-06
    outer loop
      vertex -5.42881 -19.2491 0
      vertex -4.9834 -19.3653 3.89482
      vertex -5.06852 -19.3431 3.97046
    endloop
  endfacet
  facet normal -0.252758 -0.967529 3.95848e-05
    outer loop
      vertex -5.42881 -19.2491 0
      vertex -4.89537 -19.3883 3.82258
      vertex -4.9834 -19.3653 3.89482
    endloop
  endfacet
  facet normal -0.25257 -0.967579 1.14985e-05
    outer loop
      vertex -5.42881 -19.2491 0
      vertex -4.80458 -19.412 3.75385
      vertex -4.89537 -19.3883 3.82258
    endloop
  endfacet
  facet normal -0.252665 -0.967554 2.83443e-05
    outer loop
      vertex -5.42881 -19.2491 0
      vertex -4.71115 -19.4364 3.68874
      vertex -4.80458 -19.412 3.75385
    endloop
  endfacet
  facet normal -0.252069 -0.967709 -9.54979e-05
    outer loop
      vertex -5.42881 -19.2491 0
      vertex -4.66891 -19.4474 3.66169
      vertex -4.71115 -19.4364 3.68874
    endloop
  endfacet
  facet normal -0.2525 -0.967597 -0
    outer loop
      vertex -4.66891 -19.4474 3.66169
      vertex -5.42881 -19.2491 0
      vertex -4.66891 -19.4474 0
    endloop
  endfacet
  facet normal -0.2525 -0.967597 0
    outer loop
      vertex -5.42881 -19.2491 11.5
      vertex -4.66891 -19.4474 8.5383
      vertex -4.66891 -19.4474 11.5
    endloop
  endfacet
  facet normal -0.25208 -0.967706 0.000114889
    outer loop
      vertex -5.42881 -19.2491 11.5
      vertex -4.71115 -19.4364 8.51126
      vertex -4.66891 -19.4474 8.5383
    endloop
  endfacet
  facet normal -0.252661 -0.967555 -3.40313e-05
    outer loop
      vertex -5.42881 -19.2491 11.5
      vertex -4.80458 -19.412 8.44615
      vertex -4.71115 -19.4364 8.51126
    endloop
  endfacet
  facet normal -0.252568 -0.967579 -1.3781e-05
    outer loop
      vertex -5.42881 -19.2491 11.5
      vertex -4.89537 -19.3883 8.37742
      vertex -4.80458 -19.412 8.44615
    endloop
  endfacet
  facet normal -0.252752 -0.967531 -4.73676e-05
    outer loop
      vertex -5.42881 -19.2491 11.5
      vertex -4.9834 -19.3653 8.30518
      vertex -4.89537 -19.3883 8.37742
    endloop
  endfacet
  facet normal -0.252374 -0.96763 8.99771e-06
    outer loop
      vertex -5.42881 -19.2491 11.5
      vertex -5.06852 -19.3431 8.22954
      vertex -4.9834 -19.3653 8.30518
    endloop
  endfacet
  facet normal -0.252277 -0.967655 2.03823e-05
    outer loop
      vertex -5.42881 -19.2491 11.5
      vertex -5.15061 -19.3217 8.15061
      vertex -5.06852 -19.3431 8.22954
    endloop
  endfacet
  facet normal -0.25253 -0.967589 -2.02813e-06
    outer loop
      vertex -5.42881 -19.2491 11.5
      vertex -5.22954 -19.3011 8.06852
      vertex -5.15061 -19.3217 8.15061
    endloop
  endfacet
  facet normal -0.252065 -0.96771 2.68106e-05
    outer loop
      vertex -5.42881 -19.2491 11.5
      vertex -5.30518 -19.2814 7.9834
      vertex -5.22954 -19.3011 8.06852
    endloop
  endfacet
  facet normal -0.253095 -0.967441 -1.18866e-05
    outer loop
      vertex -5.42881 -19.2491 11.5
      vertex -5.37742 -19.2625 7.89537
      vertex -5.30518 -19.2814 7.9834
    endloop
  endfacet
  facet normal -0.252315 -0.967645 0
    outer loop
      vertex -5.37742 -19.2625 7.89537
      vertex -5.42881 -19.2491 11.5
      vertex -5.42881 -19.2491 7.82748
    endloop
  endfacet
  facet normal -0.174975 -0.984573 0
    outer loop
      vertex -3.90181 -19.6157 0
      vertex -3.88718 -19.6183 3.30888
      vertex -3.90181 -19.6157 3.31332
    endloop
  endfacet
  facet normal -0.17599 -0.984392 4.63036e-06
    outer loop
      vertex -3.90181 -19.6157 0
      vertex -3.77699 -19.638 3.28013
      vertex -3.88718 -19.6183 3.30888
    endloop
  endfacet
  facet normal -0.17611 -0.98437 9.33544e-06
    outer loop
      vertex -3.90181 -19.6157 0
      vertex -3.66576 -19.6579 3.25572
      vertex -3.77699 -19.638 3.28013
    endloop
  endfacet
  facet normal -0.175643 -0.984454 -2.56171e-05
    outer loop
      vertex -3.90181 -19.6157 0
      vertex -3.55366 -19.6779 3.2357
      vertex -3.66576 -19.6579 3.25572
    endloop
  endfacet
  facet normal -0.175435 -0.984491 -4.8757e-05
    outer loop
      vertex -3.90181 -19.6157 0
      vertex -3.44086 -19.698 3.2201
      vertex -3.55366 -19.6779 3.2357
    endloop
  endfacet
  facet normal -0.176309 -0.984335 8.03952e-05
    outer loop
      vertex -3.90181 -19.6157 0
      vertex -3.32753 -19.7183 3.20894
      vertex -3.44086 -19.698 3.2201
    endloop
  endfacet
  facet normal -0.175844 -0.984418 -5.57265e-06
    outer loop
      vertex -3.12869 -19.7538 0
      vertex -3.32753 -19.7183 3.20894
      vertex -3.90181 -19.6157 0
    endloop
  endfacet
  facet normal -0.175791 -0.984428 -2.19929e-06
    outer loop
      vertex -3.32753 -19.7183 3.20894
      vertex -3.12869 -19.7538 0
      vertex -3.21385 -19.7386 3.20224
    endloop
  endfacet
  facet normal -0.175711 -0.984442 0
    outer loop
      vertex -3.21385 -19.7386 3.20224
      vertex -3.12869 -19.7538 0
      vertex -3.12869 -19.7538 3.20056
    endloop
  endfacet
  facet normal -0.175844 -0.984418 7.12743e-06
    outer loop
      vertex -3.32753 -19.7183 8.99106
      vertex -3.12869 -19.7538 11.5
      vertex -3.90181 -19.6157 11.5
    endloop
  endfacet
  facet normal -0.175711 -0.984442 -0
    outer loop
      vertex -3.12869 -19.7538 11.5
      vertex -3.21385 -19.7386 8.99776
      vertex -3.12869 -19.7538 8.99944
    endloop
  endfacet
  facet normal -0.175791 -0.984428 2.81578e-06
    outer loop
      vertex -3.12869 -19.7538 11.5
      vertex -3.32753 -19.7183 8.99106
      vertex -3.21385 -19.7386 8.99776
    endloop
  endfacet
  facet normal -0.176307 -0.984335 -0.000102331
    outer loop
      vertex -3.90181 -19.6157 11.5
      vertex -3.44086 -19.698 8.9799
      vertex -3.32753 -19.7183 8.99106
    endloop
  endfacet
  facet normal -0.175436 -0.984491 6.1966e-05
    outer loop
      vertex -3.90181 -19.6157 11.5
      vertex -3.55366 -19.6779 8.9643
      vertex -3.44086 -19.698 8.9799
    endloop
  endfacet
  facet normal -0.175644 -0.984454 3.25197e-05
    outer loop
      vertex -3.90181 -19.6157 11.5
      vertex -3.66576 -19.6579 8.94428
      vertex -3.55366 -19.6779 8.9643
    endloop
  endfacet
  facet normal -0.17611 -0.984371 -1.18416e-05
    outer loop
      vertex -3.90181 -19.6157 11.5
      vertex -3.77699 -19.638 8.91987
      vertex -3.66576 -19.6579 8.94428
    endloop
  endfacet
  facet normal -0.17599 -0.984392 -5.87093e-06
    outer loop
      vertex -3.90181 -19.6157 11.5
      vertex -3.88718 -19.6183 8.89112
      vertex -3.77699 -19.638 8.91987
    endloop
  endfacet
  facet normal -0.174975 -0.984573 0
    outer loop
      vertex -3.88718 -19.6183 8.89112
      vertex -3.90181 -19.6157 11.5
      vertex -3.90181 -19.6157 8.88668
    endloop
  endfacet
  facet normal -0.862755 -0.505623 0
    outer loop
      vertex -17.0528 -10.45 0
      vertex -17.4499 -9.77242 11.5
      vertex -17.4499 -9.77242 0
    endloop
  endfacet
  facet normal -0.862755 -0.505623 0
    outer loop
      vertex -17.4499 -9.77242 11.5
      vertex -17.0528 -10.45 0
      vertex -17.0528 -10.45 11.5
    endloop
  endfacet
  facet normal -0.820373 -0.571829 0
    outer loop
      vertex -16.1803 -11.7557 0
      vertex -16.6294 -11.1114 11.5
      vertex -16.6294 -11.1114 0
    endloop
  endfacet
  facet normal -0.820373 -0.571829 0
    outer loop
      vertex -16.6294 -11.1114 11.5
      vertex -16.1803 -11.7557 0
      vertex -16.1803 -11.7557 11.5
    endloop
  endfacet
  facet normal -0.976768 -0.214301 0
    outer loop
      vertex -19.4474 -4.66891 0
      vertex -19.6157 -3.90181 11.5
      vertex -19.6157 -3.90181 0
    endloop
  endfacet
  facet normal -0.976768 -0.214301 0
    outer loop
      vertex -19.6157 -3.90181 11.5
      vertex -19.4474 -4.66891 0
      vertex -19.4474 -4.66891 11.5
    endloop
  endfacet
  facet normal -0.99057 -0.13701 0
    outer loop
      vertex -19.7538 -3.12869 0
      vertex -19.8614 -2.35075 11.5
      vertex -19.8614 -2.35075 0
    endloop
  endfacet
  facet normal -0.99057 -0.13701 0
    outer loop
      vertex -19.8614 -2.35075 11.5
      vertex -19.7538 -3.12869 0
      vertex -19.7538 -3.12869 11.5
    endloop
  endfacet
  facet normal -0.999808 -0.0196092 0
    outer loop
      vertex -19.9846 -0.785196 0
      vertex -20 0 11.5
      vertex -20 0 0
    endloop
  endfacet
  facet normal -0.999808 -0.0196092 0
    outer loop
      vertex -20 0 11.5
      vertex -19.9846 -0.785196 0
      vertex -19.9846 -0.785196 11.5
    endloop
  endfacet
  facet normal 0.956931 0.290315 0
    outer loop
      vertex 19.2491 5.42881 11.5
      vertex 19.0211 6.18034 0
      vertex 19.0211 6.18034 11.5
    endloop
  endfacet
  facet normal 0.956931 0.290315 0
    outer loop
      vertex 19.0211 6.18034 0
      vertex 19.2491 5.42881 11.5
      vertex 19.2491 5.42881 0
    endloop
  endfacet
  facet normal 0.944807 0.327627 0
    outer loop
      vertex 19.0211 6.18034 11.5
      vertex 18.7638 6.92234 0
      vertex 18.7638 6.92234 11.5
    endloop
  endfacet
  facet normal 0.944807 0.327627 0
    outer loop
      vertex 18.7638 6.92234 0
      vertex 19.0211 6.18034 11.5
      vertex 19.0211 6.18034 0
    endloop
  endfacet
  facet normal 0.773032 0.634367 0
    outer loop
      vertex 15.7063 12.3819 11.5
      vertex 15.2081 12.989 0
      vertex 15.2081 12.989 11.5
    endloop
  endfacet
  facet normal 0.773032 0.634367 0
    outer loop
      vertex 15.2081 12.989 0
      vertex 15.7063 12.3819 11.5
      vertex 15.7063 12.3819 0
    endloop
  endfacet
  facet normal 0.747522 0.664237 0
    outer loop
      vertex 15.2081 12.989 11.5
      vertex 14.6865 13.576 0
      vertex 14.6865 13.576 11.5
    endloop
  endfacet
  facet normal 0.747522 0.664237 0
    outer loop
      vertex 14.6865 13.576 0
      vertex 15.2081 12.989 11.5
      vertex 15.2081 12.989 0
    endloop
  endfacet
  facet normal 0.916199 0.400723 0
    outer loop
      vertex 18.4776 7.65367 11.5
      vertex 18.1629 8.37319 0
      vertex 18.1629 8.37319 11.5
    endloop
  endfacet
  facet normal 0.916199 0.400723 0
    outer loop
      vertex 18.1629 8.37319 0
      vertex 18.4776 7.65367 11.5
      vertex 18.4776 7.65367 0
    endloop
  endfacet
  facet normal 0.327627 0.944807 -0
    outer loop
      vertex 6.92234 18.7638 0
      vertex 6.18034 19.0211 11.5
      vertex 6.92234 18.7638 11.5
    endloop
  endfacet
  facet normal 0.327627 0.944807 0
    outer loop
      vertex 6.18034 19.0211 11.5
      vertex 6.92234 18.7638 0
      vertex 6.18034 19.0211 0
    endloop
  endfacet
  facet normal 0.0979189 0.995194 -0
    outer loop
      vertex 2.35075 19.8614 0
      vertex 1.56918 19.9383 11.5
      vertex 2.35075 19.8614 11.5
    endloop
  endfacet
  facet normal 0.0979189 0.995194 0
    outer loop
      vertex 1.56918 19.9383 11.5
      vertex 2.35075 19.8614 0
      vertex 1.56918 19.9383 0
    endloop
  endfacet
  facet normal 0.0589546 0.998261 -0
    outer loop
      vertex 1.56918 19.9383 0
      vertex 0.785196 19.9846 11.5
      vertex 1.56918 19.9383 11.5
    endloop
  endfacet
  facet normal 0.0589546 0.998261 0
    outer loop
      vertex 0.785196 19.9846 11.5
      vertex 1.56918 19.9383 0
      vertex 0.785196 19.9846 0
    endloop
  endfacet
  facet normal 0.436476 0.899716 -0
    outer loop
      vertex 9.07981 17.8201 0
      vertex 8.37319 18.1629 11.5
      vertex 9.07981 17.8201 11.5
    endloop
  endfacet
  facet normal 0.436476 0.899716 0
    outer loop
      vertex 8.37319 18.1629 11.5
      vertex 9.07981 17.8201 0
      vertex 8.37319 18.1629 0
    endloop
  endfacet
  facet normal 0.664237 0.747522 -0
    outer loop
      vertex 13.576 14.6865 0
      vertex 12.989 15.2081 11.5
      vertex 13.576 14.6865 11.5
    endloop
  endfacet
  facet normal 0.664237 0.747522 0
    outer loop
      vertex 12.989 15.2081 11.5
      vertex 13.576 14.6865 0
      vertex 12.989 15.2081 0
    endloop
  endfacet
  facet normal -0.747522 0.664237 0
    outer loop
      vertex -15.2081 12.989 0
      vertex -14.6865 13.576 11.5
      vertex -14.6865 13.576 0
    endloop
  endfacet
  facet normal -0.747522 0.664237 0
    outer loop
      vertex -14.6865 13.576 11.5
      vertex -15.2081 12.989 0
      vertex -15.2081 12.989 11.5
    endloop
  endfacet
  facet normal -0.899716 0.436476 0
    outer loop
      vertex -18.1629 8.37319 0
      vertex -17.8201 9.07981 11.5
      vertex -17.8201 9.07981 0
    endloop
  endfacet
  facet normal -0.899716 0.436476 0
    outer loop
      vertex -17.8201 9.07981 11.5
      vertex -18.1629 8.37319 0
      vertex -18.1629 8.37319 11.5
    endloop
  endfacet
  facet normal -0.944807 0.327627 0
    outer loop
      vertex -19.0211 6.18034 0
      vertex -18.7638 6.92234 11.5
      vertex -18.7638 6.92234 0
    endloop
  endfacet
  facet normal -0.944807 0.327627 0
    outer loop
      vertex -18.7638 6.92234 11.5
      vertex -19.0211 6.18034 0
      vertex -19.0211 6.18034 11.5
    endloop
  endfacet
  facet normal -0.995194 0.0979189 0
    outer loop
      vertex -19.9383 1.56918 0
      vertex -19.8614 2.35075 11.5
      vertex -19.8614 2.35075 0
    endloop
  endfacet
  facet normal -0.995194 0.0979189 0
    outer loop
      vertex -19.8614 2.35075 11.5
      vertex -19.9383 1.56918 0
      vertex -19.9383 1.56918 11.5
    endloop
  endfacet
  facet normal -0.998261 0.0589546 0
    outer loop
      vertex -19.9846 0.785196 0
      vertex -19.9383 1.56918 11.5
      vertex -19.9383 1.56918 0
    endloop
  endfacet
  facet normal -0.998261 0.0589546 0
    outer loop
      vertex -19.9383 1.56918 11.5
      vertex -19.9846 0.785196 0
      vertex -19.9846 0.785196 11.5
    endloop
  endfacet
  facet normal -0.436476 0.899716 0
    outer loop
      vertex -8.37319 18.1629 0
      vertex -9.07981 17.8201 11.5
      vertex -8.37319 18.1629 11.5
    endloop
  endfacet
  facet normal -0.436476 0.899716 0
    outer loop
      vertex -9.07981 17.8201 11.5
      vertex -8.37319 18.1629 0
      vertex -9.07981 17.8201 0
    endloop
  endfacet
  facet normal -0.400723 0.916199 0
    outer loop
      vertex -7.65367 18.4776 0
      vertex -8.37319 18.1629 11.5
      vertex -7.65367 18.4776 11.5
    endloop
  endfacet
  facet normal -0.400723 0.916199 0
    outer loop
      vertex -8.37319 18.1629 11.5
      vertex -7.65367 18.4776 0
      vertex -8.37319 18.1629 0
    endloop
  endfacet
  facet normal -0.634367 0.773032 0
    outer loop
      vertex -12.3819 15.7063 0
      vertex -12.989 15.2081 11.5
      vertex -12.3819 15.7063 11.5
    endloop
  endfacet
  facet normal -0.634367 0.773032 0
    outer loop
      vertex -12.989 15.2081 11.5
      vertex -12.3819 15.7063 0
      vertex -12.989 15.2081 0
    endloop
  endfacet
  facet normal -0.664237 0.747522 0
    outer loop
      vertex -12.989 15.2081 0
      vertex -13.576 14.6865 11.5
      vertex -12.989 15.2081 11.5
    endloop
  endfacet
  facet normal -0.664237 0.747522 0
    outer loop
      vertex -13.576 14.6865 11.5
      vertex -12.989 15.2081 0
      vertex -13.576 14.6865 0
    endloop
  endfacet
  facet normal -0.290315 0.956931 0
    outer loop
      vertex -5.42881 19.2491 0
      vertex -6.18034 19.0211 11.5
      vertex -5.42881 19.2491 11.5
    endloop
  endfacet
  facet normal -0.290315 0.956931 0
    outer loop
      vertex -6.18034 19.0211 11.5
      vertex -5.42881 19.2491 0
      vertex -6.18034 19.0211 0
    endloop
  endfacet
  facet normal -0.327627 0.944807 0
    outer loop
      vertex -6.18034 19.0211 0
      vertex -6.92234 18.7638 11.5
      vertex -6.18034 19.0211 11.5
    endloop
  endfacet
  facet normal -0.327627 0.944807 0
    outer loop
      vertex -6.92234 18.7638 11.5
      vertex -6.18034 19.0211 0
      vertex -6.92234 18.7638 0
    endloop
  endfacet
  facet normal -0.0589546 0.998261 0
    outer loop
      vertex -0.785196 19.9846 0
      vertex -1.56918 19.9383 11.5
      vertex -0.785196 19.9846 11.5
    endloop
  endfacet
  facet normal -0.0589546 0.998261 0
    outer loop
      vertex -1.56918 19.9383 11.5
      vertex -0.785196 19.9846 0
      vertex -1.56918 19.9383 0
    endloop
  endfacet
  facet normal 0.0589546 -0.998261 0
    outer loop
      vertex 0.785196 -19.9846 0
      vertex 1.56918 -19.9383 3.2
      vertex 0.785196 -19.9846 3.2
    endloop
  endfacet
  facet normal 0.0589546 -0.998261 0
    outer loop
      vertex 1.56918 -19.9383 3.2
      vertex 0.785196 -19.9846 0
      vertex 1.56918 -19.9383 0
    endloop
  endfacet
  facet normal 0.0589546 -0.998261 0
    outer loop
      vertex 0.785196 -19.9846 9
      vertex 1.56918 -19.9383 11.5
      vertex 0.785196 -19.9846 11.5
    endloop
  endfacet
  facet normal 0.0589546 -0.998261 0
    outer loop
      vertex 1.56918 -19.9383 11.5
      vertex 0.785196 -19.9846 9
      vertex 1.56918 -19.9383 9
    endloop
  endfacet
  facet normal 0.175711 -0.984442 0
    outer loop
      vertex 3.12869 -19.7538 0
      vertex 3.21385 -19.7386 3.20224
      vertex 3.12869 -19.7538 3.20056
    endloop
  endfacet
  facet normal 0.175791 -0.984428 -2.19929e-06
    outer loop
      vertex 3.12869 -19.7538 0
      vertex 3.32753 -19.7183 3.20894
      vertex 3.21385 -19.7386 3.20224
    endloop
  endfacet
  facet normal 0.175844 -0.984418 -5.57265e-06
    outer loop
      vertex 3.90181 -19.6157 0
      vertex 3.32753 -19.7183 3.20894
      vertex 3.12869 -19.7538 0
    endloop
  endfacet
  facet normal 0.176309 -0.984335 8.03952e-05
    outer loop
      vertex 3.32753 -19.7183 3.20894
      vertex 3.90181 -19.6157 0
      vertex 3.44086 -19.698 3.2201
    endloop
  endfacet
  facet normal 0.175435 -0.984491 -4.8757e-05
    outer loop
      vertex 3.44086 -19.698 3.2201
      vertex 3.90181 -19.6157 0
      vertex 3.55366 -19.6779 3.2357
    endloop
  endfacet
  facet normal 0.175643 -0.984454 -2.56171e-05
    outer loop
      vertex 3.55366 -19.6779 3.2357
      vertex 3.90181 -19.6157 0
      vertex 3.66576 -19.6579 3.25572
    endloop
  endfacet
  facet normal 0.17611 -0.98437 9.33544e-06
    outer loop
      vertex 3.66576 -19.6579 3.25572
      vertex 3.90181 -19.6157 0
      vertex 3.77699 -19.638 3.28013
    endloop
  endfacet
  facet normal 0.17599 -0.984392 4.63036e-06
    outer loop
      vertex 3.77699 -19.638 3.28013
      vertex 3.90181 -19.6157 0
      vertex 3.88718 -19.6183 3.30888
    endloop
  endfacet
  facet normal 0.174975 -0.984573 0
    outer loop
      vertex 3.88718 -19.6183 3.30888
      vertex 3.90181 -19.6157 0
      vertex 3.90181 -19.6157 3.31332
    endloop
  endfacet
  facet normal 0.175711 -0.984442 0
    outer loop
      vertex 3.21385 -19.7386 8.99776
      vertex 3.12869 -19.7538 11.5
      vertex 3.12869 -19.7538 8.99944
    endloop
  endfacet
  facet normal 0.175791 -0.984428 2.81578e-06
    outer loop
      vertex 3.32753 -19.7183 8.99106
      vertex 3.12869 -19.7538 11.5
      vertex 3.21385 -19.7386 8.99776
    endloop
  endfacet
  facet normal 0.175844 -0.984418 7.12743e-06
    outer loop
      vertex 3.12869 -19.7538 11.5
      vertex 3.32753 -19.7183 8.99106
      vertex 3.90181 -19.6157 11.5
    endloop
  endfacet
  facet normal 0.176307 -0.984335 -0.000102331
    outer loop
      vertex 3.44086 -19.698 8.9799
      vertex 3.90181 -19.6157 11.5
      vertex 3.32753 -19.7183 8.99106
    endloop
  endfacet
  facet normal 0.175436 -0.984491 6.1966e-05
    outer loop
      vertex 3.55366 -19.6779 8.9643
      vertex 3.90181 -19.6157 11.5
      vertex 3.44086 -19.698 8.9799
    endloop
  endfacet
  facet normal 0.175644 -0.984454 3.25197e-05
    outer loop
      vertex 3.66576 -19.6579 8.94428
      vertex 3.90181 -19.6157 11.5
      vertex 3.55366 -19.6779 8.9643
    endloop
  endfacet
  facet normal 0.17611 -0.984371 -1.18416e-05
    outer loop
      vertex 3.77699 -19.638 8.91987
      vertex 3.90181 -19.6157 11.5
      vertex 3.66576 -19.6579 8.94428
    endloop
  endfacet
  facet normal 0.17599 -0.984392 -5.87093e-06
    outer loop
      vertex 3.88718 -19.6183 8.89112
      vertex 3.90181 -19.6157 11.5
      vertex 3.77699 -19.638 8.91987
    endloop
  endfacet
  facet normal 0.174975 -0.984573 0
    outer loop
      vertex 3.90181 -19.6157 11.5
      vertex 3.88718 -19.6183 8.89112
      vertex 3.90181 -19.6157 8.88668
    endloop
  endfacet
  facet normal 0.290315 -0.956931 0
    outer loop
      vertex 5.42881 -19.2491 7.82748
      vertex 6.18034 -19.0211 11.5
      vertex 5.42881 -19.2491 11.5
    endloop
  endfacet
  facet normal 0.29188 -0.956455 -0.000349858
    outer loop
      vertex 5.44615 -19.2438 7.80458
      vertex 6.18034 -19.0211 11.5
      vertex 5.42881 -19.2491 7.82748
    endloop
  endfacet
  facet normal 0.289748 -0.957103 0.000112839
    outer loop
      vertex 5.51126 -19.2241 7.71115
      vertex 6.18034 -19.0211 11.5
      vertex 5.44615 -19.2438 7.80458
    endloop
  endfacet
  facet normal 0.29001 -0.957024 6.2271e-05
    outer loop
      vertex 5.57266 -19.2055 7.61525
      vertex 6.18034 -19.0211 11.5
      vertex 5.51126 -19.2241 7.71115
    endloop
  endfacet
  facet normal 0.290704 -0.956813 -5.62092e-05
    outer loop
      vertex 5.63024 -19.188 7.517
      vertex 6.18034 -19.0211 11.5
      vertex 5.57266 -19.2055 7.61525
    endloop
  endfacet
  facet normal 0.290506 -0.956873 -2.64528e-05
    outer loop
      vertex 5.68392 -19.1717 7.41657
      vertex 6.18034 -19.0211 11.5
      vertex 5.63024 -19.188 7.517
    endloop
  endfacet
  facet normal 0.290666 -0.956825 -4.76133e-05
    outer loop
      vertex 5.73361 -19.1566 7.31411
      vertex 6.18034 -19.0211 11.5
      vertex 5.68392 -19.1717 7.41657
    endloop
  endfacet
  facet normal 0.289588 -0.957151 7.79169e-05
    outer loop
      vertex 5.77925 -19.1428 7.20978
      vertex 6.18034 -19.0211 11.5
      vertex 5.73361 -19.1566 7.31411
    endloop
  endfacet
  facet normal 0.290487 -0.956879 -1.38125e-05
    outer loop
      vertex 5.82075 -19.1302 7.10374
      vertex 6.18034 -19.0211 11.5
      vertex 5.77925 -19.1428 7.20978
    endloop
  endfacet
  facet normal 0.289954 -0.957041 3.37752e-05
    outer loop
      vertex 5.85806 -19.1189 6.99615
      vertex 6.18034 -19.0211 11.5
      vertex 5.82075 -19.1302 7.10374
    endloop
  endfacet
  facet normal 0.28969 -0.957121 5.44471e-05
    outer loop
      vertex 5.89112 -19.1089 6.88718
      vertex 6.18034 -19.0211 11.5
      vertex 5.85806 -19.1189 6.99615
    endloop
  endfacet
  facet normal 0.292258 -0.95634 -0.000121432
    outer loop
      vertex 5.91987 -19.1001 6.77699
      vertex 6.18034 -19.0211 11.5
      vertex 5.89112 -19.1089 6.88718
    endloop
  endfacet
  facet normal 0.290141 -0.956984 6.04994e-06
    outer loop
      vertex 5.94428 -19.0927 6.66576
      vertex 6.18034 -19.0211 11.5
      vertex 5.91987 -19.1001 6.77699
    endloop
  endfacet
  facet normal 0.287766 -0.957701 0.000132663
    outer loop
      vertex 5.9643 -19.0867 6.55366
      vertex 6.18034 -19.0211 11.5
      vertex 5.94428 -19.0927 6.66576
    endloop
  endfacet
  facet normal 0.293238 -0.95604 -0.000128361
    outer loop
      vertex 5.9799 -19.0819 6.44086
      vertex 6.18034 -19.0211 11.5
      vertex 5.9643 -19.0867 6.55366
    endloop
  endfacet
  facet normal 0.291101 -0.956692 -3.58627e-05
    outer loop
      vertex 5.99106 -19.0785 6.32753
      vertex 6.18034 -19.0211 11.5
      vertex 5.9799 -19.0819 6.44086
    endloop
  endfacet
  facet normal 0.287634 -0.95774 0.00010264
    outer loop
      vertex 5.99776 -19.0765 6.21385
      vertex 6.18034 -19.0211 11.5
      vertex 5.99106 -19.0785 6.32753
    endloop
  endfacet
  facet normal 0.293237 -0.95604 -0.000108708
    outer loop
      vertex 6 -19.0758 6.1
      vertex 6.18034 -19.0211 11.5
      vertex 5.99776 -19.0765 6.21385
    endloop
  endfacet
  facet normal 0.293469 -0.955969 0.000103716
    outer loop
      vertex 6.18034 -19.0211 0
      vertex 6 -19.0758 6.1
      vertex 5.99776 -19.0765 5.98615
    endloop
  endfacet
  facet normal 0.290315 -0.956931 0
    outer loop
      vertex 6.18034 -19.0211 0
      vertex 5.42881 -19.2491 4.37251
      vertex 5.42881 -19.2491 0
    endloop
  endfacet
  facet normal 0.291935 -0.956438 0.000304181
    outer loop
      vertex 5.42881 -19.2491 4.37251
      vertex 6.18034 -19.0211 0
      vertex 5.44615 -19.2438 4.39542
    endloop
  endfacet
  facet normal 0.289729 -0.957109 -9.83436e-05
    outer loop
      vertex 5.44615 -19.2438 4.39542
      vertex 6.18034 -19.0211 0
      vertex 5.51126 -19.2241 4.48885
    endloop
  endfacet
  facet normal 0.289999 -0.957027 -5.43943e-05
    outer loop
      vertex 5.51126 -19.2241 4.48885
      vertex 6.18034 -19.0211 0
      vertex 5.57266 -19.2055 4.58475
    endloop
  endfacet
  facet normal 0.290714 -0.95681 4.92099e-05
    outer loop
      vertex 5.57266 -19.2055 4.58475
      vertex 6.18034 -19.0211 0
      vertex 5.63024 -19.188 4.683
    endloop
  endfacet
  facet normal 0.290512 -0.956871 2.32111e-05
    outer loop
      vertex 5.63024 -19.188 4.683
      vertex 6.18034 -19.0211 0
      vertex 5.68392 -19.1717 4.78343
    endloop
  endfacet
  facet normal 0.290676 -0.956821 4.18737e-05
    outer loop
      vertex 5.68392 -19.1717 4.78343
      vertex 6.18034 -19.0211 0
      vertex 5.73361 -19.1566 4.88589
    endloop
  endfacet
  facet normal 0.289569 -0.957157 -6.8684e-05
    outer loop
      vertex 5.73361 -19.1566 4.88589
      vertex 6.18034 -19.0211 0
      vertex 5.77925 -19.1428 4.99022
    endloop
  endfacet
  facet normal 0.290491 -0.956878 1.22051e-05
    outer loop
      vertex 5.77925 -19.1428 4.99022
      vertex 6.18034 -19.0211 0
      vertex 5.82075 -19.1302 5.09626
    endloop
  endfacet
  facet normal 0.289944 -0.957044 -2.99205e-05
    outer loop
      vertex 5.82075 -19.1302 5.09626
      vertex 6.18034 -19.0211 0
      vertex 5.85806 -19.1189 5.20385
    endloop
  endfacet
  facet normal 0.289671 -0.957126 -4.8365e-05
    outer loop
      vertex 5.85806 -19.1189 5.20385
      vertex 6.18034 -19.0211 0
      vertex 5.89112 -19.1089 5.31282
    endloop
  endfacet
  facet normal 0.292304 -0.956325 0.000108193
    outer loop
      vertex 5.89112 -19.1089 5.31282
      vertex 6.18034 -19.0211 0
      vertex 5.91987 -19.1001 5.42301
    endloop
  endfacet
  facet normal 0.290139 -0.956985 -5.40925e-06
    outer loop
      vertex 5.91987 -19.1001 5.42301
      vertex 6.18034 -19.0211 0
      vertex 5.94428 -19.0927 5.53424
    endloop
  endfacet
  facet normal 0.287696 -0.957722 -0.000119121
    outer loop
      vertex 5.94428 -19.0927 5.53424
      vertex 6.18034 -19.0211 0
      vertex 5.9643 -19.0867 5.64634
    endloop
  endfacet
  facet normal 0.29332 -0.956014 0.000115893
    outer loop
      vertex 5.9643 -19.0867 5.64634
      vertex 6.18034 -19.0211 0
      vertex 5.9799 -19.0819 5.75914
    endloop
  endfacet
  facet normal 0.290258 -0.956949 0
    outer loop
      vertex 6 -19.0758 6.1
      vertex 6.18034 -19.0211 0
      vertex 6.18034 -19.0211 11.5
    endloop
  endfacet
  facet normal 0.287511 -0.957777 -9.47346e-05
    outer loop
      vertex 5.99106 -19.0785 5.87247
      vertex 6.18034 -19.0211 0
      vertex 5.99776 -19.0765 5.98615
    endloop
  endfacet
  facet normal 0.291131 -0.956683 3.26417e-05
    outer loop
      vertex 5.9799 -19.0819 5.75914
      vertex 6.18034 -19.0211 0
      vertex 5.99106 -19.0785 5.87247
    endloop
  endfacet
  facet normal 0.36443 -0.931231 0
    outer loop
      vertex 6.92234 -18.7638 0
      vertex 7.65367 -18.4776 11.5
      vertex 6.92234 -18.7638 11.5
    endloop
  endfacet
  facet normal 0.36443 -0.931231 0
    outer loop
      vertex 7.65367 -18.4776 11.5
      vertex 6.92234 -18.7638 0
      vertex 7.65367 -18.4776 0
    endloop
  endfacet
  facet normal 0.2525 -0.967597 0
    outer loop
      vertex 5.42881 -19.2491 0
      vertex 4.66891 -19.4474 3.66169
      vertex 4.66891 -19.4474 0
    endloop
  endfacet
  facet normal 0.252069 -0.967709 -9.54979e-05
    outer loop
      vertex 4.66891 -19.4474 3.66169
      vertex 5.42881 -19.2491 0
      vertex 4.71115 -19.4364 3.68874
    endloop
  endfacet
  facet normal 0.252665 -0.967554 2.83443e-05
    outer loop
      vertex 4.71115 -19.4364 3.68874
      vertex 5.42881 -19.2491 0
      vertex 4.80458 -19.412 3.75385
    endloop
  endfacet
  facet normal 0.25257 -0.967579 1.14985e-05
    outer loop
      vertex 4.80458 -19.412 3.75385
      vertex 5.42881 -19.2491 0
      vertex 4.89537 -19.3883 3.82258
    endloop
  endfacet
  facet normal 0.252758 -0.967529 3.95848e-05
    outer loop
      vertex 4.89537 -19.3883 3.82258
      vertex 5.42881 -19.2491 0
      vertex 4.9834 -19.3653 3.89482
    endloop
  endfacet
  facet normal 0.252373 -0.96763 -7.52976e-06
    outer loop
      vertex 4.9834 -19.3653 3.89482
      vertex 5.42881 -19.2491 0
      vertex 5.06852 -19.3431 3.97046
    endloop
  endfacet
  facet normal 0.252274 -0.967656 -1.70773e-05
    outer loop
      vertex 5.06852 -19.3431 3.97046
      vertex 5.42881 -19.2491 0
      vertex 5.15061 -19.3217 4.04939
    endloop
  endfacet
  facet normal 0.25253 -0.967589 1.70092e-06
    outer loop
      vertex 5.15061 -19.3217 4.04939
      vertex 5.42881 -19.2491 0
      vertex 5.22954 -19.3011 4.13148
    endloop
  endfacet
  facet normal 0.25206 -0.967712 -2.25019e-05
    outer loop
      vertex 5.22954 -19.3011 4.13148
      vertex 5.42881 -19.2491 0
      vertex 5.30518 -19.2814 4.2166
    endloop
  endfacet
  facet normal 0.253097 -0.967441 9.98135e-06
    outer loop
      vertex 5.30518 -19.2814 4.2166
      vertex 5.42881 -19.2491 0
      vertex 5.37742 -19.2625 4.30463
    endloop
  endfacet
  facet normal 0.252315 -0.967645 0
    outer loop
      vertex 5.37742 -19.2625 4.30463
      vertex 5.42881 -19.2491 0
      vertex 5.42881 -19.2491 4.37251
    endloop
  endfacet
  facet normal 0.2525 -0.967597 0
    outer loop
      vertex 4.66891 -19.4474 8.5383
      vertex 5.42881 -19.2491 11.5
      vertex 4.66891 -19.4474 11.5
    endloop
  endfacet
  facet normal 0.25208 -0.967706 0.000114889
    outer loop
      vertex 4.71115 -19.4364 8.51126
      vertex 5.42881 -19.2491 11.5
      vertex 4.66891 -19.4474 8.5383
    endloop
  endfacet
  facet normal 0.252661 -0.967555 -3.40313e-05
    outer loop
      vertex 4.80458 -19.412 8.44615
      vertex 5.42881 -19.2491 11.5
      vertex 4.71115 -19.4364 8.51126
    endloop
  endfacet
  facet normal 0.252568 -0.967579 -1.3781e-05
    outer loop
      vertex 4.89537 -19.3883 8.37742
      vertex 5.42881 -19.2491 11.5
      vertex 4.80458 -19.412 8.44615
    endloop
  endfacet
  facet normal 0.252752 -0.967531 -4.73676e-05
    outer loop
      vertex 4.9834 -19.3653 8.30518
      vertex 5.42881 -19.2491 11.5
      vertex 4.89537 -19.3883 8.37742
    endloop
  endfacet
  facet normal 0.252374 -0.96763 8.99771e-06
    outer loop
      vertex 5.06852 -19.3431 8.22954
      vertex 5.42881 -19.2491 11.5
      vertex 4.9834 -19.3653 8.30518
    endloop
  endfacet
  facet normal 0.252277 -0.967655 2.03823e-05
    outer loop
      vertex 5.15061 -19.3217 8.15061
      vertex 5.42881 -19.2491 11.5
      vertex 5.06852 -19.3431 8.22954
    endloop
  endfacet
  facet normal 0.25253 -0.967589 -2.02813e-06
    outer loop
      vertex 5.22954 -19.3011 8.06852
      vertex 5.42881 -19.2491 11.5
      vertex 5.15061 -19.3217 8.15061
    endloop
  endfacet
  facet normal 0.252065 -0.96771 2.68106e-05
    outer loop
      vertex 5.30518 -19.2814 7.9834
      vertex 5.42881 -19.2491 11.5
      vertex 5.22954 -19.3011 8.06852
    endloop
  endfacet
  facet normal 0.253095 -0.967441 -1.18866e-05
    outer loop
      vertex 5.37742 -19.2625 7.89537
      vertex 5.42881 -19.2491 11.5
      vertex 5.30518 -19.2814 7.9834
    endloop
  endfacet
  facet normal 0.252315 -0.967645 0
    outer loop
      vertex 5.42881 -19.2491 11.5
      vertex 5.37742 -19.2625 7.89537
      vertex 5.42881 -19.2491 7.82748
    endloop
  endfacet
  facet normal 0.603539 -0.797334 0
    outer loop
      vertex 11.7557 -16.1803 0
      vertex 12.3819 -15.7063 11.5
      vertex 11.7557 -16.1803 11.5
    endloop
  endfacet
  facet normal 0.603539 -0.797334 0
    outer loop
      vertex 12.3819 -15.7063 11.5
      vertex 11.7557 -16.1803 0
      vertex 12.3819 -15.7063 0
    endloop
  endfacet
  facet normal 0.634367 -0.773032 0
    outer loop
      vertex 12.3819 -15.7063 0
      vertex 12.989 -15.2081 11.5
      vertex 12.3819 -15.7063 11.5
    endloop
  endfacet
  facet normal 0.634367 -0.773032 0
    outer loop
      vertex 12.989 -15.2081 11.5
      vertex 12.3819 -15.7063 0
      vertex 12.989 -15.2081 0
    endloop
  endfacet
  facet normal 0.693157 -0.720787 0
    outer loop
      vertex 13.576 -14.6865 0
      vertex 14.1421 -14.1421 11.5
      vertex 13.576 -14.6865 11.5
    endloop
  endfacet
  facet normal 0.693157 -0.720787 0
    outer loop
      vertex 14.1421 -14.1421 11.5
      vertex 13.576 -14.6865 0
      vertex 14.1421 -14.1421 0
    endloop
  endfacet
  facet normal 0.471389 -0.881925 0
    outer loop
      vertex 9.07981 -17.8201 0
      vertex 9.77242 -17.4499 11.5
      vertex 9.07981 -17.8201 11.5
    endloop
  endfacet
  facet normal 0.471389 -0.881925 0
    outer loop
      vertex 9.77242 -17.4499 11.5
      vertex 9.07981 -17.8201 0
      vertex 9.77242 -17.4499 0
    endloop
  endfacet
  facet normal 0.400723 -0.916199 0
    outer loop
      vertex 7.65367 -18.4776 0
      vertex 8.37319 -18.1629 11.5
      vertex 7.65367 -18.4776 11.5
    endloop
  endfacet
  facet normal 0.400723 -0.916199 0
    outer loop
      vertex 8.37319 -18.1629 11.5
      vertex 7.65367 -18.4776 0
      vertex 8.37319 -18.1629 0
    endloop
  endfacet
  facet normal 0.747522 -0.664237 0
    outer loop
      vertex 14.6865 -13.576 11.5
      vertex 15.2081 -12.989 0
      vertex 15.2081 -12.989 11.5
    endloop
  endfacet
  facet normal 0.747522 -0.664237 0
    outer loop
      vertex 15.2081 -12.989 0
      vertex 14.6865 -13.576 11.5
      vertex 14.6865 -13.576 0
    endloop
  endfacet
  facet normal 0.820373 -0.571829 0
    outer loop
      vertex 16.1803 -11.7557 11.5
      vertex 16.6294 -11.1114 0
      vertex 16.6294 -11.1114 11.5
    endloop
  endfacet
  facet normal 0.820373 -0.571829 0
    outer loop
      vertex 16.6294 -11.1114 0
      vertex 16.1803 -11.7557 11.5
      vertex 16.1803 -11.7557 0
    endloop
  endfacet
  facet normal 0.899716 -0.436476 0
    outer loop
      vertex 17.8201 -9.07981 11.5
      vertex 18.1629 -8.37319 0
      vertex 18.1629 -8.37319 11.5
    endloop
  endfacet
  facet normal 0.899716 -0.436476 0
    outer loop
      vertex 18.1629 -8.37319 0
      vertex 17.8201 -9.07981 11.5
      vertex 17.8201 -9.07981 0
    endloop
  endfacet
  facet normal 0.862755 -0.505623 0
    outer loop
      vertex 17.0528 -10.45 11.5
      vertex 17.4499 -9.77242 0
      vertex 17.4499 -9.77242 11.5
    endloop
  endfacet
  facet normal 0.862755 -0.505623 0
    outer loop
      vertex 17.4499 -9.77242 0
      vertex 17.0528 -10.45 11.5
      vertex 17.0528 -10.45 0
    endloop
  endfacet
  facet normal 0.944807 -0.327627 0
    outer loop
      vertex 18.7638 -6.92234 11.5
      vertex 19.0211 -6.18034 0
      vertex 19.0211 -6.18034 11.5
    endloop
  endfacet
  facet normal 0.944807 -0.327627 0
    outer loop
      vertex 19.0211 -6.18034 0
      vertex 18.7638 -6.92234 11.5
      vertex 18.7638 -6.92234 0
    endloop
  endfacet
  facet normal 0.976768 -0.214301 0
    outer loop
      vertex 19.4474 -4.66891 11.5
      vertex 19.6157 -3.90181 0
      vertex 19.6157 -3.90181 11.5
    endloop
  endfacet
  facet normal 0.976768 -0.214301 0
    outer loop
      vertex 19.6157 -3.90181 0
      vertex 19.4474 -4.66891 11.5
      vertex 19.4474 -4.66891 0
    endloop
  endfacet
  facet normal 0.984418 -0.175844 0
    outer loop
      vertex 19.6157 -3.90181 11.5
      vertex 19.7538 -3.12869 0
      vertex 19.7538 -3.12869 11.5
    endloop
  endfacet
  facet normal 0.984418 -0.175844 0
    outer loop
      vertex 19.7538 -3.12869 0
      vertex 19.6157 -3.90181 11.5
      vertex 19.6157 -3.90181 0
    endloop
  endfacet
  facet normal -0.664237 -0.747522 0
    outer loop
      vertex -13.576 -14.6865 0
      vertex -12.989 -15.2081 11.5
      vertex -13.576 -14.6865 11.5
    endloop
  endfacet
  facet normal -0.664237 -0.747522 -0
    outer loop
      vertex -12.989 -15.2081 11.5
      vertex -13.576 -14.6865 0
      vertex -12.989 -15.2081 0
    endloop
  endfacet
  facet normal -0.571829 -0.820373 0
    outer loop
      vertex -11.7557 -16.1803 0
      vertex -11.1114 -16.6294 11.5
      vertex -11.7557 -16.1803 11.5
    endloop
  endfacet
  facet normal -0.571829 -0.820373 -0
    outer loop
      vertex -11.1114 -16.6294 11.5
      vertex -11.7557 -16.1803 0
      vertex -11.1114 -16.6294 0
    endloop
  endfacet
  facet normal -0.436476 -0.899716 0
    outer loop
      vertex -9.07981 -17.8201 0
      vertex -8.37319 -18.1629 11.5
      vertex -9.07981 -17.8201 11.5
    endloop
  endfacet
  facet normal -0.436476 -0.899716 -0
    outer loop
      vertex -8.37319 -18.1629 11.5
      vertex -9.07981 -17.8201 0
      vertex -8.37319 -18.1629 0
    endloop
  endfacet
  facet normal -0.505623 -0.862755 0
    outer loop
      vertex -10.45 -17.0528 0
      vertex -9.77242 -17.4499 11.5
      vertex -10.45 -17.0528 11.5
    endloop
  endfacet
  facet normal -0.505623 -0.862755 -0
    outer loop
      vertex -9.77242 -17.4499 11.5
      vertex -10.45 -17.0528 0
      vertex -9.77242 -17.4499 0
    endloop
  endfacet
  facet normal -0.327627 -0.944807 0
    outer loop
      vertex -6.92234 -18.7638 0
      vertex -6.18034 -19.0211 11.5
      vertex -6.92234 -18.7638 11.5
    endloop
  endfacet
  facet normal -0.327627 -0.944807 -0
    outer loop
      vertex -6.18034 -19.0211 11.5
      vertex -6.92234 -18.7638 0
      vertex -6.18034 -19.0211 0
    endloop
  endfacet
  facet normal -0.214772 -0.976664 0
    outer loop
      vertex -4.66891 -19.4474 0
      vertex -4.61525 -19.4592 3.62734
      vertex -4.66891 -19.4474 3.66169
    endloop
  endfacet
  facet normal -0.21378 -0.976882 -1.53811e-05
    outer loop
      vertex -4.66891 -19.4474 0
      vertex -4.517 -19.4807 3.56976
      vertex -4.61525 -19.4592 3.62734
    endloop
  endfacet
  facet normal -0.214894 -0.976637 3.43387e-05
    outer loop
      vertex -4.66891 -19.4474 0
      vertex -4.41657 -19.5028 3.51608
      vertex -4.517 -19.4807 3.56976
    endloop
  endfacet
  facet normal -0.213606 -0.97692 -6.25461e-05
    outer loop
      vertex -4.66891 -19.4474 0
      vertex -4.31411 -19.5252 3.46638
      vertex -4.41657 -19.5028 3.51608
    endloop
  endfacet
  facet normal -0.214383 -0.97675 2.07998e-05
    outer loop
      vertex -4.66891 -19.4474 0
      vertex -4.20978 -19.5481 3.42075
      vertex -4.31411 -19.5252 3.46638
    endloop
  endfacet
  facet normal -0.21459 -0.976704 4.98873e-05
    outer loop
      vertex -4.66891 -19.4474 0
      vertex -4.10374 -19.5714 3.37924
      vertex -4.20978 -19.5481 3.42075
    endloop
  endfacet
  facet normal -0.21426 -0.976777 -7.99393e-06
    outer loop
      vertex -4.66891 -19.4474 0
      vertex -3.99615 -19.595 3.34194
      vertex -4.10374 -19.5714 3.37924
    endloop
  endfacet
  facet normal -0.214319 -0.976764 4.51982e-06
    outer loop
      vertex -4.66891 -19.4474 0
      vertex -3.90181 -19.6157 3.31332
      vertex -3.99615 -19.595 3.34194
    endloop
  endfacet
  facet normal -0.214301 -0.976768 -0
    outer loop
      vertex -3.90181 -19.6157 3.31332
      vertex -4.66891 -19.4474 0
      vertex -3.90181 -19.6157 0
    endloop
  endfacet
  facet normal -0.214301 -0.976768 0
    outer loop
      vertex -4.66891 -19.4474 11.5
      vertex -3.90181 -19.6157 8.88668
      vertex -3.90181 -19.6157 11.5
    endloop
  endfacet
  facet normal -0.214319 -0.976764 -5.6315e-06
    outer loop
      vertex -4.66891 -19.4474 11.5
      vertex -3.99615 -19.595 8.85806
      vertex -3.90181 -19.6157 8.88668
    endloop
  endfacet
  facet normal -0.214261 -0.976777 9.93995e-06
    outer loop
      vertex -4.66891 -19.4474 11.5
      vertex -4.10374 -19.5714 8.82075
      vertex -3.99615 -19.595 8.85806
    endloop
  endfacet
  facet normal -0.214586 -0.976705 -6.1928e-05
    outer loop
      vertex -4.66891 -19.4474 11.5
      vertex -4.20978 -19.5481 8.77925
      vertex -4.10374 -19.5714 8.82075
    endloop
  endfacet
  facet normal -0.214381 -0.97675 -2.5783e-05
    outer loop
      vertex -4.66891 -19.4474 11.5
      vertex -4.31411 -19.5252 8.73361
      vertex -4.20978 -19.5481 8.77925
    endloop
  endfacet
  facet normal -0.213613 -0.976918 7.74463e-05
    outer loop
      vertex -4.66891 -19.4474 11.5
      vertex -4.41657 -19.5028 8.68392
      vertex -4.31411 -19.5252 8.73361
    endloop
  endfacet
  facet normal -0.21489 -0.976638 -4.24842e-05
    outer loop
      vertex -4.66891 -19.4474 11.5
      vertex -4.517 -19.4807 8.63024
      vertex -4.41657 -19.5028 8.68392
    endloop
  endfacet
  facet normal -0.213782 -0.976881 1.90201e-05
    outer loop
      vertex -4.66891 -19.4474 11.5
      vertex -4.61525 -19.4592 8.57266
      vertex -4.517 -19.4807 8.63024
    endloop
  endfacet
  facet normal -0.214772 -0.976664 0
    outer loop
      vertex -4.61525 -19.4592 8.57266
      vertex -4.66891 -19.4474 11.5
      vertex -4.66891 -19.4474 8.5383
    endloop
  endfacet
  facet normal -0.134697 -0.990887 0
    outer loop
      vertex -3.12869 -19.7538 0
      vertex -3.1 -19.7577 3.2
      vertex -3.12869 -19.7538 3.20056
    endloop
  endfacet
  facet normal -0.137098 -0.990557 2.19289e-05
    outer loop
      vertex -3.12869 -19.7538 0
      vertex -2.35075 -19.8614 3.2
      vertex -3.1 -19.7577 3.2
    endloop
  endfacet
  facet normal -0.13701 -0.99057 -0
    outer loop
      vertex -2.35075 -19.8614 3.2
      vertex -3.12869 -19.7538 0
      vertex -2.35075 -19.8614 0
    endloop
  endfacet
  facet normal -0.13701 -0.99057 -2.70342e-05
    outer loop
      vertex -3.12869 -19.7538 11.5
      vertex -3.1 -19.7577 9
      vertex -2.35075 -19.8614 11.5
    endloop
  endfacet
  facet normal -0.134697 -0.990887 0
    outer loop
      vertex -3.1 -19.7577 9
      vertex -3.12869 -19.7538 11.5
      vertex -3.12869 -19.7538 8.99944
    endloop
  endfacet
  facet normal -0.137098 -0.990557 -0
    outer loop
      vertex -2.35075 -19.8614 11.5
      vertex -3.1 -19.7577 9
      vertex -2.35075 -19.8614 9
    endloop
  endfacet
  facet normal -0.0979189 -0.995194 0
    outer loop
      vertex -2.35075 -19.8614 0
      vertex -1.56918 -19.9383 3.2
      vertex -2.35075 -19.8614 3.2
    endloop
  endfacet
  facet normal -0.0979189 -0.995194 -0
    outer loop
      vertex -1.56918 -19.9383 3.2
      vertex -2.35075 -19.8614 0
      vertex -1.56918 -19.9383 0
    endloop
  endfacet
  facet normal -0.0979189 -0.995194 0
    outer loop
      vertex -2.35075 -19.8614 9
      vertex -1.56918 -19.9383 11.5
      vertex -2.35075 -19.8614 11.5
    endloop
  endfacet
  facet normal -0.0979189 -0.995194 -0
    outer loop
      vertex -1.56918 -19.9383 11.5
      vertex -2.35075 -19.8614 9
      vertex -1.56918 -19.9383 9
    endloop
  endfacet
  facet normal -0.0196092 -0.999808 0
    outer loop
      vertex -0.785196 -19.9846 0
      vertex 0 -20 3.2
      vertex -0.785196 -19.9846 3.2
    endloop
  endfacet
  facet normal -0.0196092 -0.999808 -0
    outer loop
      vertex 0 -20 3.2
      vertex -0.785196 -19.9846 0
      vertex 0 -20 0
    endloop
  endfacet
  facet normal -0.0196092 -0.999808 0
    outer loop
      vertex -0.785196 -19.9846 9
      vertex 0 -20 11.5
      vertex -0.785196 -19.9846 11.5
    endloop
  endfacet
  facet normal -0.0196092 -0.999808 -0
    outer loop
      vertex 0 -20 11.5
      vertex -0.785196 -19.9846 9
      vertex 0 -20 9
    endloop
  endfacet
  facet normal -0.916199 -0.400723 0
    outer loop
      vertex -18.1629 -8.37319 0
      vertex -18.4776 -7.65367 11.5
      vertex -18.4776 -7.65367 0
    endloop
  endfacet
  facet normal -0.916199 -0.400723 0
    outer loop
      vertex -18.4776 -7.65367 11.5
      vertex -18.1629 -8.37319 0
      vertex -18.1629 -8.37319 11.5
    endloop
  endfacet
  facet normal -0.881925 -0.471389 0
    outer loop
      vertex -17.4499 -9.77242 0
      vertex -17.8201 -9.07981 11.5
      vertex -17.8201 -9.07981 0
    endloop
  endfacet
  facet normal -0.881925 -0.471389 0
    outer loop
      vertex -17.8201 -9.07981 11.5
      vertex -17.4499 -9.77242 0
      vertex -17.4499 -9.77242 11.5
    endloop
  endfacet
  facet normal -0.842211 -0.539148 0
    outer loop
      vertex -16.6294 -11.1114 0
      vertex -17.0528 -10.45 11.5
      vertex -17.0528 -10.45 0
    endloop
  endfacet
  facet normal -0.842211 -0.539148 0
    outer loop
      vertex -17.0528 -10.45 11.5
      vertex -16.6294 -11.1114 0
      vertex -16.6294 -11.1114 11.5
    endloop
  endfacet
  facet normal -0.797334 -0.603539 0
    outer loop
      vertex -15.7063 -12.3819 0
      vertex -16.1803 -11.7557 11.5
      vertex -16.1803 -11.7557 0
    endloop
  endfacet
  facet normal -0.797334 -0.603539 0
    outer loop
      vertex -16.1803 -11.7557 11.5
      vertex -15.7063 -12.3819 0
      vertex -15.7063 -12.3819 11.5
    endloop
  endfacet
  facet normal -0.773032 -0.634367 0
    outer loop
      vertex -15.2081 -12.989 0
      vertex -15.7063 -12.3819 11.5
      vertex -15.7063 -12.3819 0
    endloop
  endfacet
  facet normal -0.773032 -0.634367 0
    outer loop
      vertex -15.7063 -12.3819 11.5
      vertex -15.2081 -12.989 0
      vertex -15.2081 -12.989 11.5
    endloop
  endfacet
  facet normal -0.720787 -0.693157 0
    outer loop
      vertex -14.1421 -14.1421 0
      vertex -14.6865 -13.576 11.5
      vertex -14.6865 -13.576 0
    endloop
  endfacet
  facet normal -0.720787 -0.693157 0
    outer loop
      vertex -14.6865 -13.576 11.5
      vertex -14.1421 -14.1421 0
      vertex -14.1421 -14.1421 11.5
    endloop
  endfacet
  facet normal -0.967597 -0.2525 0
    outer loop
      vertex -19.2491 -5.42881 0
      vertex -19.4474 -4.66891 11.5
      vertex -19.4474 -4.66891 0
    endloop
  endfacet
  facet normal -0.967597 -0.2525 0
    outer loop
      vertex -19.4474 -4.66891 11.5
      vertex -19.2491 -5.42881 0
      vertex -19.2491 -5.42881 11.5
    endloop
  endfacet
  facet normal -0.956931 -0.290315 0
    outer loop
      vertex -19.0211 -6.18034 0
      vertex -19.2491 -5.42881 11.5
      vertex -19.2491 -5.42881 0
    endloop
  endfacet
  facet normal -0.956931 -0.290315 0
    outer loop
      vertex -19.2491 -5.42881 11.5
      vertex -19.0211 -6.18034 0
      vertex -19.0211 -6.18034 11.5
    endloop
  endfacet
  facet normal -0.931231 -0.36443 0
    outer loop
      vertex -18.4776 -7.65367 0
      vertex -18.7638 -6.92234 11.5
      vertex -18.7638 -6.92234 0
    endloop
  endfacet
  facet normal -0.931231 -0.36443 0
    outer loop
      vertex -18.7638 -6.92234 11.5
      vertex -18.4776 -7.65367 0
      vertex -18.4776 -7.65367 11.5
    endloop
  endfacet
  facet normal -0.984418 -0.175844 0
    outer loop
      vertex -19.6157 -3.90181 0
      vertex -19.7538 -3.12869 11.5
      vertex -19.7538 -3.12869 0
    endloop
  endfacet
  facet normal -0.984418 -0.175844 0
    outer loop
      vertex -19.7538 -3.12869 11.5
      vertex -19.6157 -3.90181 0
      vertex -19.6157 -3.90181 11.5
    endloop
  endfacet
  facet normal -0.998261 -0.0589546 0
    outer loop
      vertex -19.9383 -1.56918 0
      vertex -19.9846 -0.785196 11.5
      vertex -19.9846 -0.785196 0
    endloop
  endfacet
  facet normal -0.998261 -0.0589546 0
    outer loop
      vertex -19.9846 -0.785196 11.5
      vertex -19.9383 -1.56918 0
      vertex -19.9383 -1.56918 11.5
    endloop
  endfacet
  facet normal 0.0979189 -0.995194 0
    outer loop
      vertex 1.56918 -19.9383 0
      vertex 2.35075 -19.8614 3.2
      vertex 1.56918 -19.9383 3.2
    endloop
  endfacet
  facet normal 0.0979189 -0.995194 0
    outer loop
      vertex 2.35075 -19.8614 3.2
      vertex 1.56918 -19.9383 0
      vertex 2.35075 -19.8614 0
    endloop
  endfacet
  facet normal 0.0979189 -0.995194 0
    outer loop
      vertex 1.56918 -19.9383 9
      vertex 2.35075 -19.8614 11.5
      vertex 1.56918 -19.9383 11.5
    endloop
  endfacet
  facet normal 0.0979189 -0.995194 0
    outer loop
      vertex 2.35075 -19.8614 11.5
      vertex 1.56918 -19.9383 9
      vertex 2.35075 -19.8614 9
    endloop
  endfacet
  facet normal 0.327627 -0.944807 0
    outer loop
      vertex 6.18034 -19.0211 0
      vertex 6.92234 -18.7638 11.5
      vertex 6.18034 -19.0211 11.5
    endloop
  endfacet
  facet normal 0.327627 -0.944807 0
    outer loop
      vertex 6.92234 -18.7638 11.5
      vertex 6.18034 -19.0211 0
      vertex 6.92234 -18.7638 0
    endloop
  endfacet
  facet normal 0.664237 -0.747522 0
    outer loop
      vertex 12.989 -15.2081 0
      vertex 13.576 -14.6865 11.5
      vertex 12.989 -15.2081 11.5
    endloop
  endfacet
  facet normal 0.664237 -0.747522 0
    outer loop
      vertex 13.576 -14.6865 11.5
      vertex 12.989 -15.2081 0
      vertex 13.576 -14.6865 0
    endloop
  endfacet
  facet normal 0.436476 -0.899716 0
    outer loop
      vertex 8.37319 -18.1629 0
      vertex 9.07981 -17.8201 11.5
      vertex 8.37319 -18.1629 11.5
    endloop
  endfacet
  facet normal 0.436476 -0.899716 0
    outer loop
      vertex 9.07981 -17.8201 11.5
      vertex 8.37319 -18.1629 0
      vertex 9.07981 -17.8201 0
    endloop
  endfacet
  facet normal 0.773032 -0.634367 0
    outer loop
      vertex 15.2081 -12.989 11.5
      vertex 15.7063 -12.3819 0
      vertex 15.7063 -12.3819 11.5
    endloop
  endfacet
  facet normal 0.773032 -0.634367 0
    outer loop
      vertex 15.7063 -12.3819 0
      vertex 15.2081 -12.989 11.5
      vertex 15.2081 -12.989 0
    endloop
  endfacet
  facet normal 0.956931 -0.290315 0
    outer loop
      vertex 19.0211 -6.18034 11.5
      vertex 19.2491 -5.42881 0
      vertex 19.2491 -5.42881 11.5
    endloop
  endfacet
  facet normal 0.956931 -0.290315 0
    outer loop
      vertex 19.2491 -5.42881 0
      vertex 19.0211 -6.18034 11.5
      vertex 19.0211 -6.18034 0
    endloop
  endfacet
  facet normal 0.998261 -0.0589546 0
    outer loop
      vertex 19.9383 -1.56918 11.5
      vertex 19.9846 -0.785196 0
      vertex 19.9846 -0.785196 11.5
    endloop
  endfacet
  facet normal 0.998261 -0.0589546 0
    outer loop
      vertex 19.9846 -0.785196 0
      vertex 19.9383 -1.56918 11.5
      vertex 19.9383 -1.56918 0
    endloop
  endfacet
  facet normal 0.99057 -0.13701 0
    outer loop
      vertex 19.7538 -3.12869 11.5
      vertex 19.8614 -2.35075 0
      vertex 19.8614 -2.35075 11.5
    endloop
  endfacet
  facet normal 0.99057 -0.13701 0
    outer loop
      vertex 19.8614 -2.35075 0
      vertex 19.7538 -3.12869 11.5
      vertex 19.7538 -3.12869 0
    endloop
  endfacet
  facet normal -0.634367 -0.773032 0
    outer loop
      vertex -12.989 -15.2081 0
      vertex -12.3819 -15.7063 11.5
      vertex -12.989 -15.2081 11.5
    endloop
  endfacet
  facet normal -0.634367 -0.773032 -0
    outer loop
      vertex -12.3819 -15.7063 11.5
      vertex -12.989 -15.2081 0
      vertex -12.3819 -15.7063 0
    endloop
  endfacet
  facet normal -0.290315 -0.956931 0
    outer loop
      vertex -6.18034 -19.0211 11.5
      vertex -5.42881 -19.2491 7.82748
      vertex -5.42881 -19.2491 11.5
    endloop
  endfacet
  facet normal -0.29188 -0.956455 -0.000349858
    outer loop
      vertex -6.18034 -19.0211 11.5
      vertex -5.44615 -19.2438 7.80458
      vertex -5.42881 -19.2491 7.82748
    endloop
  endfacet
  facet normal -0.289748 -0.957103 0.000112839
    outer loop
      vertex -6.18034 -19.0211 11.5
      vertex -5.51126 -19.2241 7.71115
      vertex -5.44615 -19.2438 7.80458
    endloop
  endfacet
  facet normal -0.29001 -0.957024 6.2271e-05
    outer loop
      vertex -6.18034 -19.0211 11.5
      vertex -5.57266 -19.2055 7.61525
      vertex -5.51126 -19.2241 7.71115
    endloop
  endfacet
  facet normal -0.290704 -0.956813 -5.62092e-05
    outer loop
      vertex -6.18034 -19.0211 11.5
      vertex -5.63024 -19.188 7.517
      vertex -5.57266 -19.2055 7.61525
    endloop
  endfacet
  facet normal -0.290506 -0.956873 -2.64528e-05
    outer loop
      vertex -6.18034 -19.0211 11.5
      vertex -5.68392 -19.1717 7.41657
      vertex -5.63024 -19.188 7.517
    endloop
  endfacet
  facet normal -0.290666 -0.956825 -4.76133e-05
    outer loop
      vertex -6.18034 -19.0211 11.5
      vertex -5.73361 -19.1566 7.31411
      vertex -5.68392 -19.1717 7.41657
    endloop
  endfacet
  facet normal -0.289588 -0.957151 7.79169e-05
    outer loop
      vertex -6.18034 -19.0211 11.5
      vertex -5.77925 -19.1428 7.20978
      vertex -5.73361 -19.1566 7.31411
    endloop
  endfacet
  facet normal -0.290487 -0.956879 -1.38125e-05
    outer loop
      vertex -6.18034 -19.0211 11.5
      vertex -5.82075 -19.1302 7.10374
      vertex -5.77925 -19.1428 7.20978
    endloop
  endfacet
  facet normal -0.289954 -0.957041 3.37752e-05
    outer loop
      vertex -6.18034 -19.0211 11.5
      vertex -5.85806 -19.1189 6.99615
      vertex -5.82075 -19.1302 7.10374
    endloop
  endfacet
  facet normal -0.28969 -0.957121 5.44471e-05
    outer loop
      vertex -6.18034 -19.0211 11.5
      vertex -5.89112 -19.1089 6.88718
      vertex -5.85806 -19.1189 6.99615
    endloop
  endfacet
  facet normal -0.292258 -0.95634 -0.000121432
    outer loop
      vertex -6.18034 -19.0211 11.5
      vertex -5.91987 -19.1001 6.77699
      vertex -5.89112 -19.1089 6.88718
    endloop
  endfacet
  facet normal -0.290141 -0.956984 6.04994e-06
    outer loop
      vertex -6.18034 -19.0211 11.5
      vertex -5.94428 -19.0927 6.66576
      vertex -5.91987 -19.1001 6.77699
    endloop
  endfacet
  facet normal -0.287766 -0.957701 0.000132663
    outer loop
      vertex -6.18034 -19.0211 11.5
      vertex -5.9643 -19.0867 6.55366
      vertex -5.94428 -19.0927 6.66576
    endloop
  endfacet
  facet normal -0.293238 -0.95604 -0.000128361
    outer loop
      vertex -6.18034 -19.0211 11.5
      vertex -5.9799 -19.0819 6.44086
      vertex -5.9643 -19.0867 6.55366
    endloop
  endfacet
  facet normal -0.291101 -0.956692 -3.58627e-05
    outer loop
      vertex -6.18034 -19.0211 11.5
      vertex -5.99106 -19.0785 6.32753
      vertex -5.9799 -19.0819 6.44086
    endloop
  endfacet
  facet normal -0.287634 -0.95774 0.00010264
    outer loop
      vertex -6.18034 -19.0211 11.5
      vertex -5.99776 -19.0765 6.21385
      vertex -5.99106 -19.0785 6.32753
    endloop
  endfacet
  facet normal -0.293237 -0.95604 -0.000108708
    outer loop
      vertex -6.18034 -19.0211 11.5
      vertex -6 -19.0758 6.1
      vertex -5.99776 -19.0765 6.21385
    endloop
  endfacet
  facet normal -0.290258 -0.956949 0
    outer loop
      vertex -6.18034 -19.0211 0
      vertex -6 -19.0758 6.1
      vertex -6.18034 -19.0211 11.5
    endloop
  endfacet
  facet normal -0.293469 -0.955969 0.000103716
    outer loop
      vertex -6 -19.0758 6.1
      vertex -6.18034 -19.0211 0
      vertex -5.99776 -19.0765 5.98615
    endloop
  endfacet
  facet normal -0.287511 -0.957777 -9.47346e-05
    outer loop
      vertex -6.18034 -19.0211 0
      vertex -5.99106 -19.0785 5.87247
      vertex -5.99776 -19.0765 5.98615
    endloop
  endfacet
  facet normal -0.291131 -0.956683 3.26417e-05
    outer loop
      vertex -6.18034 -19.0211 0
      vertex -5.9799 -19.0819 5.75914
      vertex -5.99106 -19.0785 5.87247
    endloop
  endfacet
  facet normal -0.29332 -0.956014 0.000115893
    outer loop
      vertex -6.18034 -19.0211 0
      vertex -5.9643 -19.0867 5.64634
      vertex -5.9799 -19.0819 5.75914
    endloop
  endfacet
  facet normal -0.287696 -0.957722 -0.000119121
    outer loop
      vertex -6.18034 -19.0211 0
      vertex -5.94428 -19.0927 5.53424
      vertex -5.9643 -19.0867 5.64634
    endloop
  endfacet
  facet normal -0.290139 -0.956985 -5.40925e-06
    outer loop
      vertex -6.18034 -19.0211 0
      vertex -5.91987 -19.1001 5.42301
      vertex -5.94428 -19.0927 5.53424
    endloop
  endfacet
  facet normal -0.292304 -0.956325 0.000108193
    outer loop
      vertex -6.18034 -19.0211 0
      vertex -5.89112 -19.1089 5.31282
      vertex -5.91987 -19.1001 5.42301
    endloop
  endfacet
  facet normal -0.289671 -0.957126 -4.8365e-05
    outer loop
      vertex -6.18034 -19.0211 0
      vertex -5.85806 -19.1189 5.20385
      vertex -5.89112 -19.1089 5.31282
    endloop
  endfacet
  facet normal -0.289944 -0.957044 -2.99205e-05
    outer loop
      vertex -6.18034 -19.0211 0
      vertex -5.82075 -19.1302 5.09626
      vertex -5.85806 -19.1189 5.20385
    endloop
  endfacet
  facet normal -0.290491 -0.956878 1.22051e-05
    outer loop
      vertex -6.18034 -19.0211 0
      vertex -5.77925 -19.1428 4.99022
      vertex -5.82075 -19.1302 5.09626
    endloop
  endfacet
  facet normal -0.289569 -0.957157 -6.8684e-05
    outer loop
      vertex -6.18034 -19.0211 0
      vertex -5.73361 -19.1566 4.88589
      vertex -5.77925 -19.1428 4.99022
    endloop
  endfacet
  facet normal -0.290676 -0.956821 4.18737e-05
    outer loop
      vertex -6.18034 -19.0211 0
      vertex -5.68392 -19.1717 4.78343
      vertex -5.73361 -19.1566 4.88589
    endloop
  endfacet
  facet normal -0.290512 -0.956871 2.32111e-05
    outer loop
      vertex -6.18034 -19.0211 0
      vertex -5.63024 -19.188 4.683
      vertex -5.68392 -19.1717 4.78343
    endloop
  endfacet
  facet normal -0.290714 -0.95681 4.92099e-05
    outer loop
      vertex -6.18034 -19.0211 0
      vertex -5.57266 -19.2055 4.58475
      vertex -5.63024 -19.188 4.683
    endloop
  endfacet
  facet normal -0.289999 -0.957027 -5.43943e-05
    outer loop
      vertex -6.18034 -19.0211 0
      vertex -5.51126 -19.2241 4.48885
      vertex -5.57266 -19.2055 4.58475
    endloop
  endfacet
  facet normal -0.289729 -0.957109 -9.83436e-05
    outer loop
      vertex -6.18034 -19.0211 0
      vertex -5.44615 -19.2438 4.39542
      vertex -5.51126 -19.2241 4.48885
    endloop
  endfacet
  facet normal -0.291935 -0.956438 0.000304181
    outer loop
      vertex -6.18034 -19.0211 0
      vertex -5.42881 -19.2491 4.37251
      vertex -5.44615 -19.2438 4.39542
    endloop
  endfacet
  facet normal -0.290315 -0.956931 -0
    outer loop
      vertex -5.42881 -19.2491 4.37251
      vertex -6.18034 -19.0211 0
      vertex -5.42881 -19.2491 0
    endloop
  endfacet
  facet normal -0.0589546 -0.998261 0
    outer loop
      vertex -1.56918 -19.9383 0
      vertex -0.785196 -19.9846 3.2
      vertex -1.56918 -19.9383 3.2
    endloop
  endfacet
  facet normal -0.0589546 -0.998261 -0
    outer loop
      vertex -0.785196 -19.9846 3.2
      vertex -1.56918 -19.9383 0
      vertex -0.785196 -19.9846 0
    endloop
  endfacet
  facet normal -0.0589546 -0.998261 0
    outer loop
      vertex -1.56918 -19.9383 9
      vertex -0.785196 -19.9846 11.5
      vertex -1.56918 -19.9383 11.5
    endloop
  endfacet
  facet normal -0.0589546 -0.998261 -0
    outer loop
      vertex -0.785196 -19.9846 11.5
      vertex -1.56918 -19.9383 9
      vertex -0.785196 -19.9846 9
    endloop
  endfacet
  facet normal -0.899716 -0.436476 0
    outer loop
      vertex -17.8201 -9.07981 0
      vertex -18.1629 -8.37319 11.5
      vertex -18.1629 -8.37319 0
    endloop
  endfacet
  facet normal -0.899716 -0.436476 0
    outer loop
      vertex -18.1629 -8.37319 11.5
      vertex -17.8201 -9.07981 0
      vertex -17.8201 -9.07981 11.5
    endloop
  endfacet
  facet normal -0.747522 -0.664237 0
    outer loop
      vertex -14.6865 -13.576 0
      vertex -15.2081 -12.989 11.5
      vertex -15.2081 -12.989 0
    endloop
  endfacet
  facet normal -0.747522 -0.664237 0
    outer loop
      vertex -15.2081 -12.989 11.5
      vertex -14.6865 -13.576 0
      vertex -14.6865 -13.576 11.5
    endloop
  endfacet
  facet normal -0.944807 -0.327627 0
    outer loop
      vertex -18.7638 -6.92234 0
      vertex -19.0211 -6.18034 11.5
      vertex -19.0211 -6.18034 0
    endloop
  endfacet
  facet normal -0.944807 -0.327627 0
    outer loop
      vertex -19.0211 -6.18034 11.5
      vertex -18.7638 -6.92234 0
      vertex -18.7638 -6.92234 11.5
    endloop
  endfacet
  facet normal -0.995194 -0.0979189 0
    outer loop
      vertex -19.8614 -2.35075 0
      vertex -19.9383 -1.56918 11.5
      vertex -19.9383 -1.56918 0
    endloop
  endfacet
  facet normal -0.995194 -0.0979189 0
    outer loop
      vertex -19.9383 -1.56918 11.5
      vertex -19.8614 -2.35075 0
      vertex -19.8614 -2.35075 11.5
    endloop
  endfacet
  facet normal 0.999808 -0.0196092 0
    outer loop
      vertex 19.9846 -0.785196 11.5
      vertex 20 0 0
      vertex 20 0 11.5
    endloop
  endfacet
  facet normal 0.999808 -0.0196092 0
    outer loop
      vertex 20 0 0
      vertex 19.9846 -0.785196 11.5
      vertex 19.9846 -0.785196 0
    endloop
  endfacet
  facet normal -0.999806 -0.0197036 0
    outer loop
      vertex 14.605 0 0
      vertex 14.5937 0.573389 2.54
      vertex 14.5937 0.573389 0
    endloop
  endfacet
  facet normal -0.999806 -0.0197036 0
    outer loop
      vertex 14.5937 0.573389 2.54
      vertex 14.605 0 0
      vertex 14.605 0 2.54
    endloop
  endfacet
  facet normal 0.999806 -0.0197036 0
    outer loop
      vertex -14.605 0 2.54
      vertex -14.5937 0.573389 0
      vertex -14.5937 0.573389 2.54
    endloop
  endfacet
  facet normal 0.999806 -0.0197036 0
    outer loop
      vertex -14.5937 0.573389 0
      vertex -14.605 0 2.54
      vertex -14.605 0 0
    endloop
  endfacet
  facet normal -0.0197036 -0.999806 0
    outer loop
      vertex 0 14.605 0
      vertex 0.573389 14.5937 2.54
      vertex 0 14.605 2.54
    endloop
  endfacet
  facet normal -0.0197036 -0.999806 -0
    outer loop
      vertex 0.573389 14.5937 2.54
      vertex 0 14.605 0
      vertex 0.573389 14.5937 0
    endloop
  endfacet
  facet normal -0.72085 -0.693091 0
    outer loop
      vertex 10.7248 9.91388 0
      vertex 10.3273 10.3273 2.54
      vertex 10.3273 10.3273 0
    endloop
  endfacet
  facet normal -0.72085 -0.693091 0
    outer loop
      vertex 10.3273 10.3273 2.54
      vertex 10.7248 9.91388 0
      vertex 10.7248 9.91388 2.54
    endloop
  endfacet
  facet normal 0.693091 -0.72085 0
    outer loop
      vertex -10.3273 10.3273 0
      vertex -9.91388 10.7248 2.54
      vertex -10.3273 10.3273 2.54
    endloop
  endfacet
  facet normal 0.693091 -0.72085 0
    outer loop
      vertex -9.91388 10.7248 2.54
      vertex -10.3273 10.3273 0
      vertex -9.91388 10.7248 0
    endloop
  endfacet
  facet normal -0.931229 -0.364436 0
    outer loop
      vertex 13.7023 5.05504 0
      vertex 13.4933 5.58909 2.54
      vertex 13.4933 5.58909 0
    endloop
  endfacet
  facet normal -0.931229 -0.364436 0
    outer loop
      vertex 13.4933 5.58909 2.54
      vertex 13.7023 5.05504 0
      vertex 13.7023 5.05504 2.54
    endloop
  endfacet
  facet normal 0.842213 -0.539145 0
    outer loop
      vertex -12.4528 7.63109 2.54
      vertex -12.1436 8.1141 0
      vertex -12.1436 8.1141 2.54
    endloop
  endfacet
  facet normal 0.842213 -0.539145 0
    outer loop
      vertex -12.1436 8.1141 0
      vertex -12.4528 7.63109 2.54
      vertex -12.4528 7.63109 0
    endloop
  endfacet
  facet normal 0.66421 -0.747546 0
    outer loop
      vertex -9.91388 10.7248 0
      vertex -9.48519 11.1057 2.54
      vertex -9.91388 10.7248 2.54
    endloop
  endfacet
  facet normal 0.66421 -0.747546 0
    outer loop
      vertex -9.48519 11.1057 2.54
      vertex -9.91388 10.7248 0
      vertex -9.48519 11.1057 0
    endloop
  endfacet
  facet normal -0.842213 0.539145 0
    outer loop
      vertex 12.1436 -8.1141 0
      vertex 12.4528 -7.63109 2.54
      vertex 12.4528 -7.63109 0
    endloop
  endfacet
  facet normal -0.842213 0.539145 0
    outer loop
      vertex 12.4528 -7.63109 2.54
      vertex 12.1436 -8.1141 0
      vertex 12.1436 -8.1141 2.54
    endloop
  endfacet
  facet normal -0.214297 0.976769 0
    outer loop
      vertex 3.40947 -14.2015 0
      vertex 2.84929 -14.3244 2.54
      vertex 3.40947 -14.2015 2.54
    endloop
  endfacet
  facet normal -0.214297 0.976769 0
    outer loop
      vertex 2.84929 -14.3244 2.54
      vertex 3.40947 -14.2015 0
      vertex 2.84929 -14.3244 0
    endloop
  endfacet
  facet normal -0.66421 0.747546 0
    outer loop
      vertex 9.91388 -10.7248 0
      vertex 9.48519 -11.1057 2.54
      vertex 9.91388 -10.7248 2.54
    endloop
  endfacet
  facet normal -0.66421 0.747546 0
    outer loop
      vertex 9.48519 -11.1057 2.54
      vertex 9.91388 -10.7248 0
      vertex 9.48519 -11.1057 0
    endloop
  endfacet
  facet normal 0.364436 0.931229 -0
    outer loop
      vertex -5.05504 -13.7023 0
      vertex -5.58909 -13.4933 2.54
      vertex -5.05504 -13.7023 2.54
    endloop
  endfacet
  facet normal 0.364436 0.931229 0
    outer loop
      vertex -5.58909 -13.4933 2.54
      vertex -5.05504 -13.7023 0
      vertex -5.58909 -13.4933 0
    endloop
  endfacet
  facet normal 0.72085 0.693091 0
    outer loop
      vertex -10.3273 -10.3273 2.54
      vertex -10.7248 -9.91388 0
      vertex -10.7248 -9.91388 2.54
    endloop
  endfacet
  facet normal 0.72085 0.693091 0
    outer loop
      vertex -10.7248 -9.91388 0
      vertex -10.3273 -10.3273 2.54
      vertex -10.3273 -10.3273 0
    endloop
  endfacet
  facet normal -0.899805 -0.436292 0
    outer loop
      vertex 13.2634 6.11452 0
      vertex 13.0132 6.63053 2.54
      vertex 13.0132 6.63053 0
    endloop
  endfacet
  facet normal -0.899805 -0.436292 0
    outer loop
      vertex 13.0132 6.63053 2.54
      vertex 13.2634 6.11452 0
      vertex 13.2634 6.11452 2.54
    endloop
  endfacet
  facet normal -0.772945 -0.634473 0
    outer loop
      vertex 11.4696 9.04187 0
      vertex 11.1057 9.48519 2.54
      vertex 11.1057 9.48519 0
    endloop
  endfacet
  facet normal -0.772945 -0.634473 0
    outer loop
      vertex 11.1057 9.48519 2.54
      vertex 11.4696 9.04187 0
      vertex 11.4696 9.04187 2.54
    endloop
  endfacet
  facet normal -0.66421 -0.747546 0
    outer loop
      vertex 9.48519 11.1057 0
      vertex 9.91388 10.7248 2.54
      vertex 9.48519 11.1057 2.54
    endloop
  endfacet
  facet normal -0.66421 -0.747546 -0
    outer loop
      vertex 9.91388 10.7248 2.54
      vertex 9.48519 11.1057 0
      vertex 9.91388 10.7248 0
    endloop
  endfacet
  facet normal -0.471471 -0.881881 0
    outer loop
      vertex 6.63053 13.0132 0
      vertex 7.13631 12.7428 2.54
      vertex 6.63053 13.0132 2.54
    endloop
  endfacet
  facet normal -0.471471 -0.881881 -0
    outer loop
      vertex 7.13631 12.7428 2.54
      vertex 6.63053 13.0132 0
      vertex 7.13631 12.7428 0
    endloop
  endfacet
  facet normal 0.539145 -0.842213 0
    outer loop
      vertex -8.1141 12.1436 0
      vertex -7.63109 12.4528 2.54
      vertex -8.1141 12.1436 2.54
    endloop
  endfacet
  facet normal 0.539145 -0.842213 0
    outer loop
      vertex -7.63109 12.4528 2.54
      vertex -8.1141 12.1436 0
      vertex -7.63109 12.4528 0
    endloop
  endfacet
  facet normal 0.634473 -0.772945 0
    outer loop
      vertex -9.48519 11.1057 0
      vertex -9.04187 11.4696 2.54
      vertex -9.48519 11.1057 2.54
    endloop
  endfacet
  facet normal 0.634473 -0.772945 0
    outer loop
      vertex -9.04187 11.4696 2.54
      vertex -9.48519 11.1057 0
      vertex -9.04187 11.4696 0
    endloop
  endfacet
  facet normal 0.0587618 -0.998272 0
    outer loop
      vertex -1.1459 14.56 0
      vertex -0.573389 14.5937 2.54
      vertex -1.1459 14.56 2.54
    endloop
  endfacet
  facet normal 0.0587618 -0.998272 0
    outer loop
      vertex -0.573389 14.5937 2.54
      vertex -1.1459 14.56 0
      vertex -0.573389 14.5937 0
    endloop
  endfacet
  facet normal -0.967601 0.252484 0
    outer loop
      vertex 14.0567 -3.96439 0
      vertex 14.2015 -3.40947 2.54
      vertex 14.2015 -3.40947 0
    endloop
  endfacet
  facet normal -0.967601 0.252484 0
    outer loop
      vertex 14.2015 -3.40947 2.54
      vertex 14.0567 -3.96439 0
      vertex 14.0567 -3.96439 2.54
    endloop
  endfacet
  facet normal -0.471471 0.881881 0
    outer loop
      vertex 7.13631 -12.7428 0
      vertex 6.63053 -13.0132 2.54
      vertex 7.13631 -12.7428 2.54
    endloop
  endfacet
  facet normal -0.471471 0.881881 0
    outer loop
      vertex 6.63053 -13.0132 2.54
      vertex 7.13631 -12.7428 0
      vertex 6.63053 -13.0132 0
    endloop
  endfacet
  facet normal -0.990564 0.13705 0
    outer loop
      vertex 14.4252 -2.28473 0
      vertex 14.5038 -1.71663 2.54
      vertex 14.5038 -1.71663 0
    endloop
  endfacet
  facet normal -0.990564 0.13705 0
    outer loop
      vertex 14.5038 -1.71663 2.54
      vertex 14.4252 -2.28473 0
      vertex 14.4252 -2.28473 2.54
    endloop
  endfacet
  facet normal 0.290322 0.956929 -0
    outer loop
      vertex -3.96439 -14.0567 0
      vertex -4.51319 -13.8902 2.54
      vertex -3.96439 -14.0567 2.54
    endloop
  endfacet
  facet normal 0.290322 0.956929 0
    outer loop
      vertex -4.51319 -13.8902 2.54
      vertex -3.96439 -14.0567 0
      vertex -4.51319 -13.8902 0
    endloop
  endfacet
  facet normal 0.634473 0.772945 -0
    outer loop
      vertex -9.04187 -11.4696 0
      vertex -9.48519 -11.1057 2.54
      vertex -9.04187 -11.4696 2.54
    endloop
  endfacet
  facet normal 0.634473 0.772945 0
    outer loop
      vertex -9.48519 -11.1057 2.54
      vertex -9.04187 -11.4696 0
      vertex -9.48519 -11.1057 0
    endloop
  endfacet
  facet normal 0.400855 0.916142 -0
    outer loop
      vertex -5.58909 -13.4933 0
      vertex -6.11452 -13.2634 2.54
      vertex -5.58909 -13.4933 2.54
    endloop
  endfacet
  facet normal 0.400855 0.916142 0
    outer loop
      vertex -6.11452 -13.2634 2.54
      vertex -5.58909 -13.4933 0
      vertex -6.11452 -13.2634 0
    endloop
  endfacet
  facet normal 0.0197036 0.999806 -0
    outer loop
      vertex 0 -14.605 0
      vertex -0.573389 -14.5937 2.54
      vertex 0 -14.605 2.54
    endloop
  endfacet
  facet normal 0.0197036 0.999806 0
    outer loop
      vertex -0.573389 -14.5937 2.54
      vertex 0 -14.605 0
      vertex -0.573389 -14.5937 0
    endloop
  endfacet
  facet normal 0.916142 0.400855 0
    outer loop
      vertex -13.2634 -6.11452 2.54
      vertex -13.4933 -5.58909 0
      vertex -13.4933 -5.58909 2.54
    endloop
  endfacet
  facet normal 0.916142 0.400855 0
    outer loop
      vertex -13.4933 -5.58909 0
      vertex -13.2634 -6.11452 2.54
      vertex -13.2634 -6.11452 0
    endloop
  endfacet
  facet normal 0.881881 0.471471 0
    outer loop
      vertex -12.7428 -7.13631 2.54
      vertex -13.0132 -6.63053 0
      vertex -13.0132 -6.63053 2.54
    endloop
  endfacet
  facet normal 0.881881 0.471471 0
    outer loop
      vertex -13.0132 -6.63053 0
      vertex -12.7428 -7.13631 2.54
      vertex -12.7428 -7.13631 0
    endloop
  endfacet
  facet normal 0.956929 0.290322 0
    outer loop
      vertex -13.8902 -4.51319 2.54
      vertex -14.0567 -3.96439 0
      vertex -14.0567 -3.96439 2.54
    endloop
  endfacet
  facet normal 0.956929 0.290322 0
    outer loop
      vertex -14.0567 -3.96439 0
      vertex -13.8902 -4.51319 2.54
      vertex -13.8902 -4.51319 0
    endloop
  endfacet
  facet normal 0.931229 0.364436 0
    outer loop
      vertex -13.4933 -5.58909 2.54
      vertex -13.7023 -5.05504 0
      vertex -13.7023 -5.05504 2.54
    endloop
  endfacet
  facet normal 0.931229 0.364436 0
    outer loop
      vertex -13.7023 -5.05504 0
      vertex -13.4933 -5.58909 2.54
      vertex -13.4933 -5.58909 0
    endloop
  endfacet
  facet normal 0.984432 0.175766 0
    outer loop
      vertex -14.3244 -2.84929 2.54
      vertex -14.4252 -2.28473 0
      vertex -14.4252 -2.28473 2.54
    endloop
  endfacet
  facet normal 0.984432 0.175766 0
    outer loop
      vertex -14.4252 -2.28473 0
      vertex -14.3244 -2.84929 2.54
      vertex -14.3244 -2.84929 0
    endloop
  endfacet
  facet normal -0.995187 -0.0979964 0
    outer loop
      vertex 14.56 1.1459 0
      vertex 14.5038 1.71663 2.54
      vertex 14.5038 1.71663 0
    endloop
  endfacet
  facet normal -0.995187 -0.0979964 0
    outer loop
      vertex 14.5038 1.71663 2.54
      vertex 14.56 1.1459 0
      vertex 14.56 1.1459 2.54
    endloop
  endfacet
  facet normal -0.998272 -0.0587618 0
    outer loop
      vertex 14.5937 0.573389 0
      vertex 14.56 1.1459 2.54
      vertex 14.56 1.1459 0
    endloop
  endfacet
  facet normal -0.998272 -0.0587618 0
    outer loop
      vertex 14.56 1.1459 2.54
      vertex 14.5937 0.573389 0
      vertex 14.5937 0.573389 2.54
    endloop
  endfacet
  facet normal -0.984432 -0.175766 0
    outer loop
      vertex 14.4252 2.28473 0
      vertex 14.3244 2.84929 2.54
      vertex 14.3244 2.84929 0
    endloop
  endfacet
  facet normal -0.984432 -0.175766 0
    outer loop
      vertex 14.3244 2.84929 2.54
      vertex 14.4252 2.28473 0
      vertex 14.4252 2.28473 2.54
    endloop
  endfacet
  facet normal -0.990564 -0.13705 0
    outer loop
      vertex 14.5038 1.71663 0
      vertex 14.4252 2.28473 2.54
      vertex 14.4252 2.28473 0
    endloop
  endfacet
  facet normal -0.990564 -0.13705 0
    outer loop
      vertex 14.4252 2.28473 2.54
      vertex 14.5038 1.71663 0
      vertex 14.5038 1.71663 2.54
    endloop
  endfacet
  facet normal -0.944805 -0.327635 0
    outer loop
      vertex 13.8902 4.51319 0
      vertex 13.7023 5.05504 2.54
      vertex 13.7023 5.05504 0
    endloop
  endfacet
  facet normal -0.944805 -0.327635 0
    outer loop
      vertex 13.7023 5.05504 2.54
      vertex 13.8902 4.51319 0
      vertex 13.8902 4.51319 2.54
    endloop
  endfacet
  facet normal -0.956929 -0.290322 0
    outer loop
      vertex 14.0567 3.96439 0
      vertex 13.8902 4.51319 2.54
      vertex 13.8902 4.51319 0
    endloop
  endfacet
  facet normal -0.956929 -0.290322 0
    outer loop
      vertex 13.8902 4.51319 2.54
      vertex 14.0567 3.96439 0
      vertex 14.0567 3.96439 2.54
    endloop
  endfacet
  facet normal -0.967601 -0.252484 0
    outer loop
      vertex 14.2015 3.40947 0
      vertex 14.0567 3.96439 2.54
      vertex 14.0567 3.96439 0
    endloop
  endfacet
  facet normal -0.967601 -0.252484 0
    outer loop
      vertex 14.0567 3.96439 2.54
      vertex 14.2015 3.40947 0
      vertex 14.2015 3.40947 2.54
    endloop
  endfacet
  facet normal -0.820418 -0.571764 0
    outer loop
      vertex 12.1436 8.1141 0
      vertex 11.8157 8.5846 2.54
      vertex 11.8157 8.5846 0
    endloop
  endfacet
  facet normal -0.820418 -0.571764 0
    outer loop
      vertex 11.8157 8.5846 2.54
      vertex 12.1436 8.1141 0
      vertex 12.1436 8.1141 2.54
    endloop
  endfacet
  facet normal -0.842213 -0.539145 0
    outer loop
      vertex 12.4528 7.63109 0
      vertex 12.1436 8.1141 2.54
      vertex 12.1436 8.1141 0
    endloop
  endfacet
  facet normal -0.842213 -0.539145 0
    outer loop
      vertex 12.1436 8.1141 2.54
      vertex 12.4528 7.63109 0
      vertex 12.4528 7.63109 2.54
    endloop
  endfacet
  facet normal -0.862731 -0.505663 0
    outer loop
      vertex 12.7428 7.13631 0
      vertex 12.4528 7.63109 2.54
      vertex 12.4528 7.63109 0
    endloop
  endfacet
  facet normal -0.862731 -0.505663 0
    outer loop
      vertex 12.4528 7.63109 2.54
      vertex 12.7428 7.13631 0
      vertex 12.7428 7.13631 2.54
    endloop
  endfacet
  facet normal -0.916142 -0.400855 0
    outer loop
      vertex 13.4933 5.58909 0
      vertex 13.2634 6.11452 2.54
      vertex 13.2634 6.11452 0
    endloop
  endfacet
  facet normal -0.916142 -0.400855 0
    outer loop
      vertex 13.2634 6.11452 2.54
      vertex 13.4933 5.58909 0
      vertex 13.4933 5.58909 2.54
    endloop
  endfacet
  facet normal -0.13705 -0.990564 0
    outer loop
      vertex 1.71663 14.5038 0
      vertex 2.28473 14.4252 2.54
      vertex 1.71663 14.5038 2.54
    endloop
  endfacet
  facet normal -0.13705 -0.990564 -0
    outer loop
      vertex 2.28473 14.4252 2.54
      vertex 1.71663 14.5038 0
      vertex 2.28473 14.4252 0
    endloop
  endfacet
  facet normal -0.327635 -0.944805 0
    outer loop
      vertex 4.51319 13.8902 0
      vertex 5.05504 13.7023 2.54
      vertex 4.51319 13.8902 2.54
    endloop
  endfacet
  facet normal -0.327635 -0.944805 -0
    outer loop
      vertex 5.05504 13.7023 2.54
      vertex 4.51319 13.8902 0
      vertex 5.05504 13.7023 0
    endloop
  endfacet
  facet normal -0.290322 -0.956929 0
    outer loop
      vertex 3.96439 14.0567 0
      vertex 4.51319 13.8902 2.54
      vertex 3.96439 14.0567 2.54
    endloop
  endfacet
  facet normal -0.290322 -0.956929 -0
    outer loop
      vertex 4.51319 13.8902 2.54
      vertex 3.96439 14.0567 0
      vertex 4.51319 13.8902 0
    endloop
  endfacet
  facet normal -0.175766 -0.984432 0
    outer loop
      vertex 2.28473 14.4252 0
      vertex 2.84929 14.3244 2.54
      vertex 2.28473 14.4252 2.54
    endloop
  endfacet
  facet normal -0.175766 -0.984432 -0
    outer loop
      vertex 2.84929 14.3244 2.54
      vertex 2.28473 14.4252 0
      vertex 2.84929 14.3244 0
    endloop
  endfacet
  facet normal -0.0587618 -0.998272 0
    outer loop
      vertex 0.573389 14.5937 0
      vertex 1.1459 14.56 2.54
      vertex 0.573389 14.5937 2.54
    endloop
  endfacet
  facet normal -0.0587618 -0.998272 -0
    outer loop
      vertex 1.1459 14.56 2.54
      vertex 0.573389 14.5937 0
      vertex 1.1459 14.56 0
    endloop
  endfacet
  facet normal -0.400855 -0.916142 0
    outer loop
      vertex 5.58909 13.4933 0
      vertex 6.11452 13.2634 2.54
      vertex 5.58909 13.4933 2.54
    endloop
  endfacet
  facet normal -0.400855 -0.916142 -0
    outer loop
      vertex 6.11452 13.2634 2.54
      vertex 5.58909 13.4933 0
      vertex 6.11452 13.2634 0
    endloop
  endfacet
  facet normal -0.539145 -0.842213 0
    outer loop
      vertex 7.63109 12.4528 0
      vertex 8.1141 12.1436 2.54
      vertex 7.63109 12.4528 2.54
    endloop
  endfacet
  facet normal -0.539145 -0.842213 -0
    outer loop
      vertex 8.1141 12.1436 2.54
      vertex 7.63109 12.4528 0
      vertex 8.1141 12.1436 0
    endloop
  endfacet
  facet normal -0.571764 -0.820418 0
    outer loop
      vertex 8.1141 12.1436 0
      vertex 8.5846 11.8157 2.54
      vertex 8.1141 12.1436 2.54
    endloop
  endfacet
  facet normal -0.571764 -0.820418 -0
    outer loop
      vertex 8.5846 11.8157 2.54
      vertex 8.1141 12.1436 0
      vertex 8.5846 11.8157 0
    endloop
  endfacet
  facet normal -0.603507 -0.797358 0
    outer loop
      vertex 8.5846 11.8157 0
      vertex 9.04187 11.4696 2.54
      vertex 8.5846 11.8157 2.54
    endloop
  endfacet
  facet normal -0.603507 -0.797358 -0
    outer loop
      vertex 9.04187 11.4696 2.54
      vertex 8.5846 11.8157 0
      vertex 9.04187 11.4696 0
    endloop
  endfacet
  facet normal -0.693091 -0.72085 0
    outer loop
      vertex 9.91388 10.7248 0
      vertex 10.3273 10.3273 2.54
      vertex 9.91388 10.7248 2.54
    endloop
  endfacet
  facet normal -0.693091 -0.72085 -0
    outer loop
      vertex 10.3273 10.3273 2.54
      vertex 9.91388 10.7248 0
      vertex 10.3273 10.3273 0
    endloop
  endfacet
  facet normal 0.990564 -0.13705 0
    outer loop
      vertex -14.5038 1.71663 2.54
      vertex -14.4252 2.28473 0
      vertex -14.4252 2.28473 2.54
    endloop
  endfacet
  facet normal 0.990564 -0.13705 0
    outer loop
      vertex -14.4252 2.28473 0
      vertex -14.5038 1.71663 2.54
      vertex -14.5038 1.71663 0
    endloop
  endfacet
  facet normal 0.72085 -0.693091 0
    outer loop
      vertex -10.7248 9.91388 2.54
      vertex -10.3273 10.3273 0
      vertex -10.3273 10.3273 2.54
    endloop
  endfacet
  facet normal 0.72085 -0.693091 0
    outer loop
      vertex -10.3273 10.3273 0
      vertex -10.7248 9.91388 2.54
      vertex -10.7248 9.91388 0
    endloop
  endfacet
  facet normal 0.862731 -0.505663 0
    outer loop
      vertex -12.7428 7.13631 2.54
      vertex -12.4528 7.63109 0
      vertex -12.4528 7.63109 2.54
    endloop
  endfacet
  facet normal 0.862731 -0.505663 0
    outer loop
      vertex -12.4528 7.63109 0
      vertex -12.7428 7.13631 2.54
      vertex -12.7428 7.13631 0
    endloop
  endfacet
  facet normal 0.916142 -0.400855 0
    outer loop
      vertex -13.4933 5.58909 2.54
      vertex -13.2634 6.11452 0
      vertex -13.2634 6.11452 2.54
    endloop
  endfacet
  facet normal 0.916142 -0.400855 0
    outer loop
      vertex -13.2634 6.11452 0
      vertex -13.4933 5.58909 2.54
      vertex -13.4933 5.58909 0
    endloop
  endfacet
  facet normal 0.931229 -0.364436 0
    outer loop
      vertex -13.7023 5.05504 2.54
      vertex -13.4933 5.58909 0
      vertex -13.4933 5.58909 2.54
    endloop
  endfacet
  facet normal 0.931229 -0.364436 0
    outer loop
      vertex -13.4933 5.58909 0
      vertex -13.7023 5.05504 2.54
      vertex -13.7023 5.05504 0
    endloop
  endfacet
  facet normal 0.944805 -0.327635 0
    outer loop
      vertex -13.8902 4.51319 2.54
      vertex -13.7023 5.05504 0
      vertex -13.7023 5.05504 2.54
    endloop
  endfacet
  facet normal 0.944805 -0.327635 0
    outer loop
      vertex -13.7023 5.05504 0
      vertex -13.8902 4.51319 2.54
      vertex -13.8902 4.51319 0
    endloop
  endfacet
  facet normal 0.956929 -0.290322 0
    outer loop
      vertex -14.0567 3.96439 2.54
      vertex -13.8902 4.51319 0
      vertex -13.8902 4.51319 2.54
    endloop
  endfacet
  facet normal 0.956929 -0.290322 0
    outer loop
      vertex -13.8902 4.51319 0
      vertex -14.0567 3.96439 2.54
      vertex -14.0567 3.96439 0
    endloop
  endfacet
  facet normal 0.984432 -0.175766 0
    outer loop
      vertex -14.4252 2.28473 2.54
      vertex -14.3244 2.84929 0
      vertex -14.3244 2.84929 2.54
    endloop
  endfacet
  facet normal 0.984432 -0.175766 0
    outer loop
      vertex -14.3244 2.84929 0
      vertex -14.4252 2.28473 2.54
      vertex -14.4252 2.28473 0
    endloop
  endfacet
  facet normal 0.998272 -0.0587618 0
    outer loop
      vertex -14.5937 0.573389 2.54
      vertex -14.56 1.1459 0
      vertex -14.56 1.1459 2.54
    endloop
  endfacet
  facet normal 0.998272 -0.0587618 0
    outer loop
      vertex -14.56 1.1459 0
      vertex -14.5937 0.573389 2.54
      vertex -14.5937 0.573389 0
    endloop
  endfacet
  facet normal 0 0 -1
    outer loop
      vertex 14.5937 -0.573389 2.54
      vertex 14.5937 0.573389 2.54
      vertex 14.605 0 2.54
    endloop
  endfacet
  facet normal 0 0 -1
    outer loop
      vertex 14.56 -1.1459 2.54
      vertex 14.5937 0.573389 2.54
      vertex 14.5937 -0.573389 2.54
    endloop
  endfacet
  facet normal 0 0 -1
    outer loop
      vertex 14.56 -1.1459 2.54
      vertex 14.56 1.1459 2.54
      vertex 14.5937 0.573389 2.54
    endloop
  endfacet
  facet normal 0 0 -1
    outer loop
      vertex 14.5038 -1.71663 2.54
      vertex 14.56 1.1459 2.54
      vertex 14.56 -1.1459 2.54
    endloop
  endfacet
  facet normal 0 0 -1
    outer loop
      vertex 14.5038 -1.71663 2.54
      vertex 14.5038 1.71663 2.54
      vertex 14.56 1.1459 2.54
    endloop
  endfacet
  facet normal 0 0 -1
    outer loop
      vertex 14.4252 -2.28473 2.54
      vertex 14.5038 1.71663 2.54
      vertex 14.5038 -1.71663 2.54
    endloop
  endfacet
  facet normal 0 0 -1
    outer loop
      vertex 14.4252 -2.28473 2.54
      vertex 14.4252 2.28473 2.54
      vertex 14.5038 1.71663 2.54
    endloop
  endfacet
  facet normal 0 0 -1
    outer loop
      vertex 14.3244 -2.84929 2.54
      vertex 14.4252 2.28473 2.54
      vertex 14.4252 -2.28473 2.54
    endloop
  endfacet
  facet normal 0 0 -1
    outer loop
      vertex 14.3244 -2.84929 2.54
      vertex 14.3244 2.84929 2.54
      vertex 14.4252 2.28473 2.54
    endloop
  endfacet
  facet normal 0 0 -1
    outer loop
      vertex 14.2015 -3.40947 2.54
      vertex 14.3244 2.84929 2.54
      vertex 14.3244 -2.84929 2.54
    endloop
  endfacet
  facet normal 0 0 -1
    outer loop
      vertex 14.2015 -3.40947 2.54
      vertex 14.2015 3.40947 2.54
      vertex 14.3244 2.84929 2.54
    endloop
  endfacet
  facet normal 0 0 -1
    outer loop
      vertex 14.0567 -3.96439 2.54
      vertex 14.2015 3.40947 2.54
      vertex 14.2015 -3.40947 2.54
    endloop
  endfacet
  facet normal 0 0 -1
    outer loop
      vertex 14.0567 -3.96439 2.54
      vertex 14.0567 3.96439 2.54
      vertex 14.2015 3.40947 2.54
    endloop
  endfacet
  facet normal 0 0 -1
    outer loop
      vertex 13.8902 -4.51319 2.54
      vertex 14.0567 3.96439 2.54
      vertex 14.0567 -3.96439 2.54
    endloop
  endfacet
  facet normal 0 0 -1
    outer loop
      vertex 13.8902 -4.51319 2.54
      vertex 13.8902 4.51319 2.54
      vertex 14.0567 3.96439 2.54
    endloop
  endfacet
  facet normal 0 0 -1
    outer loop
      vertex 13.7023 -5.05504 2.54
      vertex 13.8902 4.51319 2.54
      vertex 13.8902 -4.51319 2.54
    endloop
  endfacet
  facet normal 0 0 -1
    outer loop
      vertex 13.7023 -5.05504 2.54
      vertex 13.7023 5.05504 2.54
      vertex 13.8902 4.51319 2.54
    endloop
  endfacet
  facet normal 0 0 -1
    outer loop
      vertex 13.4933 -5.58909 2.54
      vertex 13.7023 5.05504 2.54
      vertex 13.7023 -5.05504 2.54
    endloop
  endfacet
  facet normal 0 0 -1
    outer loop
      vertex 13.4933 -5.58909 2.54
      vertex 13.4933 5.58909 2.54
      vertex 13.7023 5.05504 2.54
    endloop
  endfacet
  facet normal 0 0 -1
    outer loop
      vertex 13.2634 -6.11452 2.54
      vertex 13.4933 5.58909 2.54
      vertex 13.4933 -5.58909 2.54
    endloop
  endfacet
  facet normal 0 0 -1
    outer loop
      vertex 13.2634 -6.11452 2.54
      vertex 13.2634 6.11452 2.54
      vertex 13.4933 5.58909 2.54
    endloop
  endfacet
  facet normal 0 0 -1
    outer loop
      vertex 13.0132 -6.63053 2.54
      vertex 13.2634 6.11452 2.54
      vertex 13.2634 -6.11452 2.54
    endloop
  endfacet
  facet normal 0 0 -1
    outer loop
      vertex 13.0132 -6.63053 2.54
      vertex 13.0132 6.63053 2.54
      vertex 13.2634 6.11452 2.54
    endloop
  endfacet
  facet normal 0 0 -1
    outer loop
      vertex 12.7428 -7.13631 2.54
      vertex 13.0132 6.63053 2.54
      vertex 13.0132 -6.63053 2.54
    endloop
  endfacet
  facet normal 0 0 -1
    outer loop
      vertex 12.7428 -7.13631 2.54
      vertex 12.7428 7.13631 2.54
      vertex 13.0132 6.63053 2.54
    endloop
  endfacet
  facet normal 0 0 -1
    outer loop
      vertex 12.4528 -7.63109 2.54
      vertex 12.7428 7.13631 2.54
      vertex 12.7428 -7.13631 2.54
    endloop
  endfacet
  facet normal 0 0 -1
    outer loop
      vertex 12.4528 -7.63109 2.54
      vertex 12.4528 7.63109 2.54
      vertex 12.7428 7.13631 2.54
    endloop
  endfacet
  facet normal 0 0 -1
    outer loop
      vertex 12.1436 -8.1141 2.54
      vertex 12.4528 7.63109 2.54
      vertex 12.4528 -7.63109 2.54
    endloop
  endfacet
  facet normal 0 0 -1
    outer loop
      vertex 12.1436 -8.1141 2.54
      vertex 12.1436 8.1141 2.54
      vertex 12.4528 7.63109 2.54
    endloop
  endfacet
  facet normal 0 0 -1
    outer loop
      vertex 11.8157 -8.5846 2.54
      vertex 12.1436 8.1141 2.54
      vertex 12.1436 -8.1141 2.54
    endloop
  endfacet
  facet normal 0 0 -1
    outer loop
      vertex 11.8157 -8.5846 2.54
      vertex 11.8157 8.5846 2.54
      vertex 12.1436 8.1141 2.54
    endloop
  endfacet
  facet normal 0 0 -1
    outer loop
      vertex 11.4696 -9.04187 2.54
      vertex 11.8157 8.5846 2.54
      vertex 11.8157 -8.5846 2.54
    endloop
  endfacet
  facet normal 0 0 -1
    outer loop
      vertex 11.4696 -9.04187 2.54
      vertex 11.4696 9.04187 2.54
      vertex 11.8157 8.5846 2.54
    endloop
  endfacet
  facet normal 0 0 -1
    outer loop
      vertex 11.1057 -9.48519 2.54
      vertex 11.4696 9.04187 2.54
      vertex 11.4696 -9.04187 2.54
    endloop
  endfacet
  facet normal 0 0 -1
    outer loop
      vertex 11.1057 -9.48519 2.54
      vertex 11.1057 9.48519 2.54
      vertex 11.4696 9.04187 2.54
    endloop
  endfacet
  facet normal 0 0 -1
    outer loop
      vertex 10.7248 -9.91388 2.54
      vertex 11.1057 9.48519 2.54
      vertex 11.1057 -9.48519 2.54
    endloop
  endfacet
  facet normal 0 0 -1
    outer loop
      vertex 10.7248 -9.91388 2.54
      vertex 10.7248 9.91388 2.54
      vertex 11.1057 9.48519 2.54
    endloop
  endfacet
  facet normal 0 0 -1
    outer loop
      vertex 10.3273 -10.3273 2.54
      vertex 10.7248 9.91388 2.54
      vertex 10.7248 -9.91388 2.54
    endloop
  endfacet
  facet normal 0 0 -1
    outer loop
      vertex 10.3273 -10.3273 2.54
      vertex 10.3273 10.3273 2.54
      vertex 10.7248 9.91388 2.54
    endloop
  endfacet
  facet normal 0 0 -1
    outer loop
      vertex 9.91388 -10.7248 2.54
      vertex 10.3273 10.3273 2.54
      vertex 10.3273 -10.3273 2.54
    endloop
  endfacet
  facet normal 0 0 -1
    outer loop
      vertex 9.91388 -10.7248 2.54
      vertex 9.91388 10.7248 2.54
      vertex 10.3273 10.3273 2.54
    endloop
  endfacet
  facet normal 0 0 -1
    outer loop
      vertex 9.48519 -11.1057 2.54
      vertex 9.91388 10.7248 2.54
      vertex 9.91388 -10.7248 2.54
    endloop
  endfacet
  facet normal 0 0 -1
    outer loop
      vertex 9.48519 -11.1057 2.54
      vertex 9.48519 11.1057 2.54
      vertex 9.91388 10.7248 2.54
    endloop
  endfacet
  facet normal 0 0 -1
    outer loop
      vertex 9.04187 -11.4696 2.54
      vertex 9.48519 11.1057 2.54
      vertex 9.48519 -11.1057 2.54
    endloop
  endfacet
  facet normal 0 0 -1
    outer loop
      vertex 9.04187 -11.4696 2.54
      vertex 9.04187 11.4696 2.54
      vertex 9.48519 11.1057 2.54
    endloop
  endfacet
  facet normal 0 0 -1
    outer loop
      vertex 8.5846 -11.8157 2.54
      vertex 9.04187 11.4696 2.54
      vertex 9.04187 -11.4696 2.54
    endloop
  endfacet
  facet normal 0 0 -1
    outer loop
      vertex 8.5846 -11.8157 2.54
      vertex 8.5846 11.8157 2.54
      vertex 9.04187 11.4696 2.54
    endloop
  endfacet
  facet normal 0 0 -1
    outer loop
      vertex 8.1141 -12.1436 2.54
      vertex 8.5846 11.8157 2.54
      vertex 8.5846 -11.8157 2.54
    endloop
  endfacet
  facet normal 0 0 -1
    outer loop
      vertex 8.1141 -12.1436 2.54
      vertex 8.1141 12.1436 2.54
      vertex 8.5846 11.8157 2.54
    endloop
  endfacet
  facet normal 0 0 -1
    outer loop
      vertex 7.63109 -12.4528 2.54
      vertex 8.1141 12.1436 2.54
      vertex 8.1141 -12.1436 2.54
    endloop
  endfacet
  facet normal 0 0 -1
    outer loop
      vertex 7.63109 -12.4528 2.54
      vertex 7.63109 12.4528 2.54
      vertex 8.1141 12.1436 2.54
    endloop
  endfacet
  facet normal 0 0 -1
    outer loop
      vertex 7.13631 -12.7428 2.54
      vertex 7.63109 12.4528 2.54
      vertex 7.63109 -12.4528 2.54
    endloop
  endfacet
  facet normal 0 0 -1
    outer loop
      vertex 7.13631 -12.7428 2.54
      vertex 7.13631 12.7428 2.54
      vertex 7.63109 12.4528 2.54
    endloop
  endfacet
  facet normal 0 0 -1
    outer loop
      vertex 6.63053 -13.0132 2.54
      vertex 7.13631 12.7428 2.54
      vertex 7.13631 -12.7428 2.54
    endloop
  endfacet
  facet normal 0 0 -1
    outer loop
      vertex 6.63053 -13.0132 2.54
      vertex 6.63053 13.0132 2.54
      vertex 7.13631 12.7428 2.54
    endloop
  endfacet
  facet normal 0 0 -1
    outer loop
      vertex 6.11452 -13.2634 2.54
      vertex 6.63053 13.0132 2.54
      vertex 6.63053 -13.0132 2.54
    endloop
  endfacet
  facet normal 0 0 -1
    outer loop
      vertex 6.11452 -13.2634 2.54
      vertex 6.11452 13.2634 2.54
      vertex 6.63053 13.0132 2.54
    endloop
  endfacet
  facet normal 0 0 -1
    outer loop
      vertex 5.58909 -13.4933 2.54
      vertex 6.11452 13.2634 2.54
      vertex 6.11452 -13.2634 2.54
    endloop
  endfacet
  facet normal 0 0 -1
    outer loop
      vertex 5.58909 -13.4933 2.54
      vertex 5.58909 13.4933 2.54
      vertex 6.11452 13.2634 2.54
    endloop
  endfacet
  facet normal 0 0 -1
    outer loop
      vertex 5.05504 -13.7023 2.54
      vertex 5.58909 13.4933 2.54
      vertex 5.58909 -13.4933 2.54
    endloop
  endfacet
  facet normal 0 0 -1
    outer loop
      vertex 5.05504 -13.7023 2.54
      vertex 5.05504 13.7023 2.54
      vertex 5.58909 13.4933 2.54
    endloop
  endfacet
  facet normal 0 0 -1
    outer loop
      vertex 4.51319 -13.8902 2.54
      vertex 5.05504 13.7023 2.54
      vertex 5.05504 -13.7023 2.54
    endloop
  endfacet
  facet normal 0 0 -1
    outer loop
      vertex 4.51319 -13.8902 2.54
      vertex 4.51319 13.8902 2.54
      vertex 5.05504 13.7023 2.54
    endloop
  endfacet
  facet normal 0 0 -1
    outer loop
      vertex 3.96439 -14.0567 2.54
      vertex 4.51319 13.8902 2.54
      vertex 4.51319 -13.8902 2.54
    endloop
  endfacet
  facet normal 0 0 -1
    outer loop
      vertex 3.96439 -14.0567 2.54
      vertex 3.96439 14.0567 2.54
      vertex 4.51319 13.8902 2.54
    endloop
  endfacet
  facet normal 0 0 -1
    outer loop
      vertex 3.40947 -14.2015 2.54
      vertex 3.96439 14.0567 2.54
      vertex 3.96439 -14.0567 2.54
    endloop
  endfacet
  facet normal 0 0 -1
    outer loop
      vertex 3.40947 -14.2015 2.54
      vertex 3.40947 14.2015 2.54
      vertex 3.96439 14.0567 2.54
    endloop
  endfacet
  facet normal 0 0 -1
    outer loop
      vertex 2.84929 -14.3244 2.54
      vertex 3.40947 14.2015 2.54
      vertex 3.40947 -14.2015 2.54
    endloop
  endfacet
  facet normal 0 0 -1
    outer loop
      vertex 2.84929 -14.3244 2.54
      vertex 2.84929 14.3244 2.54
      vertex 3.40947 14.2015 2.54
    endloop
  endfacet
  facet normal 0 0 -1
    outer loop
      vertex 2.28473 -14.4252 2.54
      vertex 2.84929 14.3244 2.54
      vertex 2.84929 -14.3244 2.54
    endloop
  endfacet
  facet normal 0 0 -1
    outer loop
      vertex 2.28473 -14.4252 2.54
      vertex 2.28473 14.4252 2.54
      vertex 2.84929 14.3244 2.54
    endloop
  endfacet
  facet normal 0 0 -1
    outer loop
      vertex 1.71663 -14.5038 2.54
      vertex 2.28473 14.4252 2.54
      vertex 2.28473 -14.4252 2.54
    endloop
  endfacet
  facet normal 0 0 -1
    outer loop
      vertex 1.71663 -14.5038 2.54
      vertex 1.71663 14.5038 2.54
      vertex 2.28473 14.4252 2.54
    endloop
  endfacet
  facet normal 0 0 -1
    outer loop
      vertex 1.1459 -14.56 2.54
      vertex 1.71663 14.5038 2.54
      vertex 1.71663 -14.5038 2.54
    endloop
  endfacet
  facet normal 0 0 -1
    outer loop
      vertex 1.1459 -14.56 2.54
      vertex 1.1459 14.56 2.54
      vertex 1.71663 14.5038 2.54
    endloop
  endfacet
  facet normal 0 0 -1
    outer loop
      vertex 0.573389 -14.5937 2.54
      vertex 1.1459 14.56 2.54
      vertex 1.1459 -14.56 2.54
    endloop
  endfacet
  facet normal 0 0 -1
    outer loop
      vertex 0.573389 -14.5937 2.54
      vertex 0.573389 14.5937 2.54
      vertex 1.1459 14.56 2.54
    endloop
  endfacet
  facet normal 0 0 -1
    outer loop
      vertex 0 -14.605 2.54
      vertex 0.573389 14.5937 2.54
      vertex 0.573389 -14.5937 2.54
    endloop
  endfacet
  facet normal 0 0 -1
    outer loop
      vertex 0 -14.605 2.54
      vertex 0 14.605 2.54
      vertex 0.573389 14.5937 2.54
    endloop
  endfacet
  facet normal 0 0 -1
    outer loop
      vertex -0.573389 -14.5937 2.54
      vertex 0 14.605 2.54
      vertex 0 -14.605 2.54
    endloop
  endfacet
  facet normal 0 0 -1
    outer loop
      vertex -0.573389 -14.5937 2.54
      vertex -0.573389 14.5937 2.54
      vertex 0 14.605 2.54
    endloop
  endfacet
  facet normal 0 0 -1
    outer loop
      vertex -1.1459 -14.56 2.54
      vertex -0.573389 14.5937 2.54
      vertex -0.573389 -14.5937 2.54
    endloop
  endfacet
  facet normal 0 0 -1
    outer loop
      vertex -1.1459 -14.56 2.54
      vertex -1.1459 14.56 2.54
      vertex -0.573389 14.5937 2.54
    endloop
  endfacet
  facet normal 0 0 -1
    outer loop
      vertex -1.71663 -14.5038 2.54
      vertex -1.1459 14.56 2.54
      vertex -1.1459 -14.56 2.54
    endloop
  endfacet
  facet normal 0 0 -1
    outer loop
      vertex -1.71663 -14.5038 2.54
      vertex -1.71663 14.5038 2.54
      vertex -1.1459 14.56 2.54
    endloop
  endfacet
  facet normal 0 0 -1
    outer loop
      vertex -2.28473 -14.4252 2.54
      vertex -1.71663 14.5038 2.54
      vertex -1.71663 -14.5038 2.54
    endloop
  endfacet
  facet normal 0 0 -1
    outer loop
      vertex -2.28473 -14.4252 2.54
      vertex -2.28473 14.4252 2.54
      vertex -1.71663 14.5038 2.54
    endloop
  endfacet
  facet normal 0 0 -1
    outer loop
      vertex -2.84929 -14.3244 2.54
      vertex -2.28473 14.4252 2.54
      vertex -2.28473 -14.4252 2.54
    endloop
  endfacet
  facet normal 0 0 -1
    outer loop
      vertex -2.84929 -14.3244 2.54
      vertex -2.84929 14.3244 2.54
      vertex -2.28473 14.4252 2.54
    endloop
  endfacet
  facet normal 0 0 -1
    outer loop
      vertex -3.40947 -14.2015 2.54
      vertex -2.84929 14.3244 2.54
      vertex -2.84929 -14.3244 2.54
    endloop
  endfacet
  facet normal 0 0 -1
    outer loop
      vertex -3.40947 -14.2015 2.54
      vertex -3.40947 14.2015 2.54
      vertex -2.84929 14.3244 2.54
    endloop
  endfacet
  facet normal 0 0 -1
    outer loop
      vertex -3.96439 -14.0567 2.54
      vertex -3.40947 14.2015 2.54
      vertex -3.40947 -14.2015 2.54
    endloop
  endfacet
  facet normal 0 0 -1
    outer loop
      vertex -3.96439 -14.0567 2.54
      vertex -3.96439 14.0567 2.54
      vertex -3.40947 14.2015 2.54
    endloop
  endfacet
  facet normal 0 0 -1
    outer loop
      vertex -4.51319 -13.8902 2.54
      vertex -3.96439 14.0567 2.54
      vertex -3.96439 -14.0567 2.54
    endloop
  endfacet
  facet normal 0 0 -1
    outer loop
      vertex -4.51319 -13.8902 2.54
      vertex -4.51319 13.8902 2.54
      vertex -3.96439 14.0567 2.54
    endloop
  endfacet
  facet normal 0 0 -1
    outer loop
      vertex -5.05504 -13.7023 2.54
      vertex -4.51319 13.8902 2.54
      vertex -4.51319 -13.8902 2.54
    endloop
  endfacet
  facet normal 0 0 -1
    outer loop
      vertex -5.05504 -13.7023 2.54
      vertex -5.05504 13.7023 2.54
      vertex -4.51319 13.8902 2.54
    endloop
  endfacet
  facet normal 0 0 -1
    outer loop
      vertex -5.58909 -13.4933 2.54
      vertex -5.05504 13.7023 2.54
      vertex -5.05504 -13.7023 2.54
    endloop
  endfacet
  facet normal 0 0 -1
    outer loop
      vertex -5.58909 -13.4933 2.54
      vertex -5.58909 13.4933 2.54
      vertex -5.05504 13.7023 2.54
    endloop
  endfacet
  facet normal 0 0 -1
    outer loop
      vertex -6.11452 -13.2634 2.54
      vertex -5.58909 13.4933 2.54
      vertex -5.58909 -13.4933 2.54
    endloop
  endfacet
  facet normal 0 0 -1
    outer loop
      vertex -6.11452 -13.2634 2.54
      vertex -6.11452 13.2634 2.54
      vertex -5.58909 13.4933 2.54
    endloop
  endfacet
  facet normal 0 0 -1
    outer loop
      vertex -6.63053 -13.0132 2.54
      vertex -6.11452 13.2634 2.54
      vertex -6.11452 -13.2634 2.54
    endloop
  endfacet
  facet normal 0 0 -1
    outer loop
      vertex -6.63053 -13.0132 2.54
      vertex -6.63053 13.0132 2.54
      vertex -6.11452 13.2634 2.54
    endloop
  endfacet
  facet normal 0 0 -1
    outer loop
      vertex -7.13631 -12.7428 2.54
      vertex -6.63053 13.0132 2.54
      vertex -6.63053 -13.0132 2.54
    endloop
  endfacet
  facet normal 0 0 -1
    outer loop
      vertex -7.13631 -12.7428 2.54
      vertex -7.13631 12.7428 2.54
      vertex -6.63053 13.0132 2.54
    endloop
  endfacet
  facet normal 0 0 -1
    outer loop
      vertex -7.63109 -12.4528 2.54
      vertex -7.13631 12.7428 2.54
      vertex -7.13631 -12.7428 2.54
    endloop
  endfacet
  facet normal 0 0 -1
    outer loop
      vertex -7.63109 -12.4528 2.54
      vertex -7.63109 12.4528 2.54
      vertex -7.13631 12.7428 2.54
    endloop
  endfacet
  facet normal 0 0 -1
    outer loop
      vertex -8.1141 -12.1436 2.54
      vertex -7.63109 12.4528 2.54
      vertex -7.63109 -12.4528 2.54
    endloop
  endfacet
  facet normal 0 0 -1
    outer loop
      vertex -8.1141 -12.1436 2.54
      vertex -8.1141 12.1436 2.54
      vertex -7.63109 12.4528 2.54
    endloop
  endfacet
  facet normal 0 0 -1
    outer loop
      vertex -8.5846 -11.8157 2.54
      vertex -8.1141 12.1436 2.54
      vertex -8.1141 -12.1436 2.54
    endloop
  endfacet
  facet normal 0 0 -1
    outer loop
      vertex -8.5846 -11.8157 2.54
      vertex -8.5846 11.8157 2.54
      vertex -8.1141 12.1436 2.54
    endloop
  endfacet
  facet normal 0 0 -1
    outer loop
      vertex -9.04187 -11.4696 2.54
      vertex -8.5846 11.8157 2.54
      vertex -8.5846 -11.8157 2.54
    endloop
  endfacet
  facet normal 0 0 -1
    outer loop
      vertex -9.04187 -11.4696 2.54
      vertex -9.04187 11.4696 2.54
      vertex -8.5846 11.8157 2.54
    endloop
  endfacet
  facet normal 0 0 -1
    outer loop
      vertex -9.48519 -11.1057 2.54
      vertex -9.04187 11.4696 2.54
      vertex -9.04187 -11.4696 2.54
    endloop
  endfacet
  facet normal 0 0 -1
    outer loop
      vertex -9.48519 -11.1057 2.54
      vertex -9.48519 11.1057 2.54
      vertex -9.04187 11.4696 2.54
    endloop
  endfacet
  facet normal 0 0 -1
    outer loop
      vertex -9.91388 -10.7248 2.54
      vertex -9.48519 11.1057 2.54
      vertex -9.48519 -11.1057 2.54
    endloop
  endfacet
  facet normal 0 0 -1
    outer loop
      vertex -9.91388 -10.7248 2.54
      vertex -9.91388 10.7248 2.54
      vertex -9.48519 11.1057 2.54
    endloop
  endfacet
  facet normal 0 0 -1
    outer loop
      vertex -10.3273 -10.3273 2.54
      vertex -9.91388 10.7248 2.54
      vertex -9.91388 -10.7248 2.54
    endloop
  endfacet
  facet normal 0 0 -1
    outer loop
      vertex -10.3273 -10.3273 2.54
      vertex -10.3273 10.3273 2.54
      vertex -9.91388 10.7248 2.54
    endloop
  endfacet
  facet normal 0 0 -1
    outer loop
      vertex -10.7248 -9.91388 2.54
      vertex -10.3273 10.3273 2.54
      vertex -10.3273 -10.3273 2.54
    endloop
  endfacet
  facet normal 0 0 -1
    outer loop
      vertex -10.7248 -9.91388 2.54
      vertex -10.7248 9.91388 2.54
      vertex -10.3273 10.3273 2.54
    endloop
  endfacet
  facet normal 0 0 -1
    outer loop
      vertex -11.1057 -9.48519 2.54
      vertex -10.7248 9.91388 2.54
      vertex -10.7248 -9.91388 2.54
    endloop
  endfacet
  facet normal 0 0 -1
    outer loop
      vertex -11.1057 -9.48519 2.54
      vertex -11.1057 9.48519 2.54
      vertex -10.7248 9.91388 2.54
    endloop
  endfacet
  facet normal 0 0 -1
    outer loop
      vertex -11.4696 -9.04187 2.54
      vertex -11.1057 9.48519 2.54
      vertex -11.1057 -9.48519 2.54
    endloop
  endfacet
  facet normal 0 0 -1
    outer loop
      vertex -11.4696 -9.04187 2.54
      vertex -11.4696 9.04187 2.54
      vertex -11.1057 9.48519 2.54
    endloop
  endfacet
  facet normal 0 0 -1
    outer loop
      vertex -11.8157 -8.5846 2.54
      vertex -11.4696 9.04187 2.54
      vertex -11.4696 -9.04187 2.54
    endloop
  endfacet
  facet normal 0 0 -1
    outer loop
      vertex -11.8157 -8.5846 2.54
      vertex -11.8157 8.5846 2.54
      vertex -11.4696 9.04187 2.54
    endloop
  endfacet
  facet normal 0 0 -1
    outer loop
      vertex -12.1436 -8.1141 2.54
      vertex -11.8157 8.5846 2.54
      vertex -11.8157 -8.5846 2.54
    endloop
  endfacet
  facet normal 0 0 -1
    outer loop
      vertex -12.1436 -8.1141 2.54
      vertex -12.1436 8.1141 2.54
      vertex -11.8157 8.5846 2.54
    endloop
  endfacet
  facet normal 0 0 -1
    outer loop
      vertex -12.4528 -7.63109 2.54
      vertex -12.1436 8.1141 2.54
      vertex -12.1436 -8.1141 2.54
    endloop
  endfacet
  facet normal 0 0 -1
    outer loop
      vertex -12.4528 -7.63109 2.54
      vertex -12.4528 7.63109 2.54
      vertex -12.1436 8.1141 2.54
    endloop
  endfacet
  facet normal 0 0 -1
    outer loop
      vertex -12.7428 -7.13631 2.54
      vertex -12.4528 7.63109 2.54
      vertex -12.4528 -7.63109 2.54
    endloop
  endfacet
  facet normal 0 0 -1
    outer loop
      vertex -12.7428 -7.13631 2.54
      vertex -12.7428 7.13631 2.54
      vertex -12.4528 7.63109 2.54
    endloop
  endfacet
  facet normal 0 0 -1
    outer loop
      vertex -13.0132 -6.63053 2.54
      vertex -12.7428 7.13631 2.54
      vertex -12.7428 -7.13631 2.54
    endloop
  endfacet
  facet normal 0 0 -1
    outer loop
      vertex -13.0132 -6.63053 2.54
      vertex -13.0132 6.63053 2.54
      vertex -12.7428 7.13631 2.54
    endloop
  endfacet
  facet normal 0 0 -1
    outer loop
      vertex -13.2634 -6.11452 2.54
      vertex -13.0132 6.63053 2.54
      vertex -13.0132 -6.63053 2.54
    endloop
  endfacet
  facet normal 0 0 -1
    outer loop
      vertex -13.2634 -6.11452 2.54
      vertex -13.2634 6.11452 2.54
      vertex -13.0132 6.63053 2.54
    endloop
  endfacet
  facet normal 0 0 -1
    outer loop
      vertex -13.4933 -5.58909 2.54
      vertex -13.2634 6.11452 2.54
      vertex -13.2634 -6.11452 2.54
    endloop
  endfacet
  facet normal 0 0 -1
    outer loop
      vertex -13.4933 -5.58909 2.54
      vertex -13.4933 5.58909 2.54
      vertex -13.2634 6.11452 2.54
    endloop
  endfacet
  facet normal 0 0 -1
    outer loop
      vertex -13.7023 -5.05504 2.54
      vertex -13.4933 5.58909 2.54
      vertex -13.4933 -5.58909 2.54
    endloop
  endfacet
  facet normal 0 0 -1
    outer loop
      vertex -13.7023 -5.05504 2.54
      vertex -13.7023 5.05504 2.54
      vertex -13.4933 5.58909 2.54
    endloop
  endfacet
  facet normal 0 0 -1
    outer loop
      vertex -13.8902 -4.51319 2.54
      vertex -13.7023 5.05504 2.54
      vertex -13.7023 -5.05504 2.54
    endloop
  endfacet
  facet normal 0 0 -1
    outer loop
      vertex -13.8902 -4.51319 2.54
      vertex -13.8902 4.51319 2.54
      vertex -13.7023 5.05504 2.54
    endloop
  endfacet
  facet normal 0 0 -1
    outer loop
      vertex -14.0567 -3.96439 2.54
      vertex -13.8902 4.51319 2.54
      vertex -13.8902 -4.51319 2.54
    endloop
  endfacet
  facet normal 0 0 -1
    outer loop
      vertex -14.0567 -3.96439 2.54
      vertex -14.0567 3.96439 2.54
      vertex -13.8902 4.51319 2.54
    endloop
  endfacet
  facet normal 0 0 -1
    outer loop
      vertex -14.2015 -3.40947 2.54
      vertex -14.0567 3.96439 2.54
      vertex -14.0567 -3.96439 2.54
    endloop
  endfacet
  facet normal 0 0 -1
    outer loop
      vertex -14.2015 -3.40947 2.54
      vertex -14.2015 3.40947 2.54
      vertex -14.0567 3.96439 2.54
    endloop
  endfacet
  facet normal 0 0 -1
    outer loop
      vertex -14.3244 -2.84929 2.54
      vertex -14.2015 3.40947 2.54
      vertex -14.2015 -3.40947 2.54
    endloop
  endfacet
  facet normal 0 0 -1
    outer loop
      vertex -14.3244 -2.84929 2.54
      vertex -14.3244 2.84929 2.54
      vertex -14.2015 3.40947 2.54
    endloop
  endfacet
  facet normal 0 0 -1
    outer loop
      vertex -14.4252 -2.28473 2.54
      vertex -14.3244 2.84929 2.54
      vertex -14.3244 -2.84929 2.54
    endloop
  endfacet
  facet normal 0 0 -1
    outer loop
      vertex -14.4252 -2.28473 2.54
      vertex -14.4252 2.28473 2.54
      vertex -14.3244 2.84929 2.54
    endloop
  endfacet
  facet normal 0 0 -1
    outer loop
      vertex -14.5038 -1.71663 2.54
      vertex -14.4252 2.28473 2.54
      vertex -14.4252 -2.28473 2.54
    endloop
  endfacet
  facet normal 0 0 -1
    outer loop
      vertex -14.5038 -1.71663 2.54
      vertex -14.5038 1.71663 2.54
      vertex -14.4252 2.28473 2.54
    endloop
  endfacet
  facet normal 0 0 -1
    outer loop
      vertex -14.56 -1.1459 2.54
      vertex -14.5038 1.71663 2.54
      vertex -14.5038 -1.71663 2.54
    endloop
  endfacet
  facet normal 0 0 -1
    outer loop
      vertex -14.56 -1.1459 2.54
      vertex -14.56 1.1459 2.54
      vertex -14.5038 1.71663 2.54
    endloop
  endfacet
  facet normal 0 0 -1
    outer loop
      vertex -14.5937 -0.573389 2.54
      vertex -14.56 1.1459 2.54
      vertex -14.56 -1.1459 2.54
    endloop
  endfacet
  facet normal 0 0 -1
    outer loop
      vertex -14.5937 -0.573389 2.54
      vertex -14.5937 0.573389 2.54
      vertex -14.56 1.1459 2.54
    endloop
  endfacet
  facet normal 0 -0 -1
    outer loop
      vertex -14.5937 0.573389 2.54
      vertex -14.5937 -0.573389 2.54
      vertex -14.605 0 2.54
    endloop
  endfacet
  facet normal 0.436292 -0.899805 0
    outer loop
      vertex -6.63053 13.0132 0
      vertex -6.11452 13.2634 2.54
      vertex -6.63053 13.0132 2.54
    endloop
  endfacet
  facet normal 0.436292 -0.899805 0
    outer loop
      vertex -6.11452 13.2634 2.54
      vertex -6.63053 13.0132 0
      vertex -6.11452 13.2634 0
    endloop
  endfacet
  facet normal 0.571764 -0.820418 0
    outer loop
      vertex -8.5846 11.8157 0
      vertex -8.1141 12.1436 2.54
      vertex -8.5846 11.8157 2.54
    endloop
  endfacet
  facet normal 0.571764 -0.820418 0
    outer loop
      vertex -8.1141 12.1436 2.54
      vertex -8.5846 11.8157 0
      vertex -8.1141 12.1436 0
    endloop
  endfacet
  facet normal 0.364436 -0.931229 0
    outer loop
      vertex -5.58909 13.4933 0
      vertex -5.05504 13.7023 2.54
      vertex -5.58909 13.4933 2.54
    endloop
  endfacet
  facet normal 0.364436 -0.931229 0
    outer loop
      vertex -5.05504 13.7023 2.54
      vertex -5.58909 13.4933 0
      vertex -5.05504 13.7023 0
    endloop
  endfacet
  facet normal 0.252484 -0.967601 0
    outer loop
      vertex -3.96439 14.0567 0
      vertex -3.40947 14.2015 2.54
      vertex -3.96439 14.0567 2.54
    endloop
  endfacet
  facet normal 0.252484 -0.967601 0
    outer loop
      vertex -3.40947 14.2015 2.54
      vertex -3.96439 14.0567 0
      vertex -3.40947 14.2015 0
    endloop
  endfacet
  facet normal 0.290322 -0.956929 0
    outer loop
      vertex -4.51319 13.8902 0
      vertex -3.96439 14.0567 2.54
      vertex -4.51319 13.8902 2.54
    endloop
  endfacet
  facet normal 0.290322 -0.956929 0
    outer loop
      vertex -3.96439 14.0567 2.54
      vertex -4.51319 13.8902 0
      vertex -3.96439 14.0567 0
    endloop
  endfacet
  facet normal 0.175766 -0.984432 0
    outer loop
      vertex -2.84929 14.3244 0
      vertex -2.28473 14.4252 2.54
      vertex -2.84929 14.3244 2.54
    endloop
  endfacet
  facet normal 0.175766 -0.984432 0
    outer loop
      vertex -2.28473 14.4252 2.54
      vertex -2.84929 14.3244 0
      vertex -2.28473 14.4252 0
    endloop
  endfacet
  facet normal 0.13705 -0.990564 0
    outer loop
      vertex -2.28473 14.4252 0
      vertex -1.71663 14.5038 2.54
      vertex -2.28473 14.4252 2.54
    endloop
  endfacet
  facet normal 0.13705 -0.990564 0
    outer loop
      vertex -1.71663 14.5038 2.54
      vertex -2.28473 14.4252 0
      vertex -1.71663 14.5038 0
    endloop
  endfacet
  facet normal 0.0197036 -0.999806 0
    outer loop
      vertex -0.573389 14.5937 0
      vertex 0 14.605 2.54
      vertex -0.573389 14.5937 2.54
    endloop
  endfacet
  facet normal 0.0197036 -0.999806 0
    outer loop
      vertex 0 14.605 2.54
      vertex -0.573389 14.5937 0
      vertex 0 14.605 0
    endloop
  endfacet
  facet normal -0.998272 0.0587618 0
    outer loop
      vertex 14.56 -1.1459 0
      vertex 14.5937 -0.573389 2.54
      vertex 14.5937 -0.573389 0
    endloop
  endfacet
  facet normal -0.998272 0.0587618 0
    outer loop
      vertex 14.5937 -0.573389 2.54
      vertex 14.56 -1.1459 0
      vertex 14.56 -1.1459 2.54
    endloop
  endfacet
  facet normal -0.0197036 0.999806 0
    outer loop
      vertex 0.573389 -14.5937 0
      vertex 0 -14.605 2.54
      vertex 0.573389 -14.5937 2.54
    endloop
  endfacet
  facet normal -0.0197036 0.999806 0
    outer loop
      vertex 0 -14.605 2.54
      vertex 0.573389 -14.5937 0
      vertex 0 -14.605 0
    endloop
  endfacet
  facet normal -0.327635 0.944805 0
    outer loop
      vertex 5.05504 -13.7023 0
      vertex 4.51319 -13.8902 2.54
      vertex 5.05504 -13.7023 2.54
    endloop
  endfacet
  facet normal -0.327635 0.944805 0
    outer loop
      vertex 4.51319 -13.8902 2.54
      vertex 5.05504 -13.7023 0
      vertex 4.51319 -13.8902 0
    endloop
  endfacet
  facet normal -0.364436 0.931229 0
    outer loop
      vertex 5.58909 -13.4933 0
      vertex 5.05504 -13.7023 2.54
      vertex 5.58909 -13.4933 2.54
    endloop
  endfacet
  facet normal -0.364436 0.931229 0
    outer loop
      vertex 5.05504 -13.7023 2.54
      vertex 5.58909 -13.4933 0
      vertex 5.05504 -13.7023 0
    endloop
  endfacet
  facet normal -0.571764 0.820418 0
    outer loop
      vertex 8.5846 -11.8157 0
      vertex 8.1141 -12.1436 2.54
      vertex 8.5846 -11.8157 2.54
    endloop
  endfacet
  facet normal -0.571764 0.820418 0
    outer loop
      vertex 8.1141 -12.1436 2.54
      vertex 8.5846 -11.8157 0
      vertex 8.1141 -12.1436 0
    endloop
  endfacet
  facet normal -0.400855 0.916142 0
    outer loop
      vertex 6.11452 -13.2634 0
      vertex 5.58909 -13.4933 2.54
      vertex 6.11452 -13.2634 2.54
    endloop
  endfacet
  facet normal -0.400855 0.916142 0
    outer loop
      vertex 5.58909 -13.4933 2.54
      vertex 6.11452 -13.2634 0
      vertex 5.58909 -13.4933 0
    endloop
  endfacet
  facet normal -0.772945 0.634473 0
    outer loop
      vertex 11.1057 -9.48519 0
      vertex 11.4696 -9.04187 2.54
      vertex 11.4696 -9.04187 0
    endloop
  endfacet
  facet normal -0.772945 0.634473 0
    outer loop
      vertex 11.4696 -9.04187 2.54
      vertex 11.1057 -9.48519 0
      vertex 11.1057 -9.48519 2.54
    endloop
  endfacet
  facet normal -0.72085 0.693091 0
    outer loop
      vertex 10.3273 -10.3273 0
      vertex 10.7248 -9.91388 2.54
      vertex 10.7248 -9.91388 0
    endloop
  endfacet
  facet normal -0.72085 0.693091 0
    outer loop
      vertex 10.7248 -9.91388 2.54
      vertex 10.3273 -10.3273 0
      vertex 10.3273 -10.3273 2.54
    endloop
  endfacet
  facet normal -0.899805 0.436292 0
    outer loop
      vertex 13.0132 -6.63053 0
      vertex 13.2634 -6.11452 2.54
      vertex 13.2634 -6.11452 0
    endloop
  endfacet
  facet normal -0.899805 0.436292 0
    outer loop
      vertex 13.2634 -6.11452 2.54
      vertex 13.0132 -6.63053 0
      vertex 13.0132 -6.63053 2.54
    endloop
  endfacet
  facet normal -0.916142 0.400855 0
    outer loop
      vertex 13.2634 -6.11452 0
      vertex 13.4933 -5.58909 2.54
      vertex 13.4933 -5.58909 0
    endloop
  endfacet
  facet normal -0.916142 0.400855 0
    outer loop
      vertex 13.4933 -5.58909 2.54
      vertex 13.2634 -6.11452 0
      vertex 13.2634 -6.11452 2.54
    endloop
  endfacet
  facet normal -0.862731 0.505663 0
    outer loop
      vertex 12.4528 -7.63109 0
      vertex 12.7428 -7.13631 2.54
      vertex 12.7428 -7.13631 0
    endloop
  endfacet
  facet normal -0.862731 0.505663 0
    outer loop
      vertex 12.7428 -7.13631 2.54
      vertex 12.4528 -7.63109 0
      vertex 12.4528 -7.63109 2.54
    endloop
  endfacet
  facet normal -0.956929 0.290322 0
    outer loop
      vertex 13.8902 -4.51319 0
      vertex 14.0567 -3.96439 2.54
      vertex 14.0567 -3.96439 0
    endloop
  endfacet
  facet normal -0.956929 0.290322 0
    outer loop
      vertex 14.0567 -3.96439 2.54
      vertex 13.8902 -4.51319 0
      vertex 13.8902 -4.51319 2.54
    endloop
  endfacet
  facet normal 0.0979964 0.995187 -0
    outer loop
      vertex -1.1459 -14.56 0
      vertex -1.71663 -14.5038 2.54
      vertex -1.1459 -14.56 2.54
    endloop
  endfacet
  facet normal 0.0979964 0.995187 0
    outer loop
      vertex -1.71663 -14.5038 2.54
      vertex -1.1459 -14.56 0
      vertex -1.71663 -14.5038 0
    endloop
  endfacet
  facet normal 0.693091 0.72085 -0
    outer loop
      vertex -9.91388 -10.7248 0
      vertex -10.3273 -10.3273 2.54
      vertex -9.91388 -10.7248 2.54
    endloop
  endfacet
  facet normal 0.693091 0.72085 0
    outer loop
      vertex -10.3273 -10.3273 2.54
      vertex -9.91388 -10.7248 0
      vertex -10.3273 -10.3273 0
    endloop
  endfacet
  facet normal 0.66421 0.747546 -0
    outer loop
      vertex -9.48519 -11.1057 0
      vertex -9.91388 -10.7248 2.54
      vertex -9.48519 -11.1057 2.54
    endloop
  endfacet
  facet normal 0.66421 0.747546 0
    outer loop
      vertex -9.91388 -10.7248 2.54
      vertex -9.48519 -11.1057 0
      vertex -9.91388 -10.7248 0
    endloop
  endfacet
  facet normal 0.539145 0.842213 -0
    outer loop
      vertex -7.63109 -12.4528 0
      vertex -8.1141 -12.1436 2.54
      vertex -7.63109 -12.4528 2.54
    endloop
  endfacet
  facet normal 0.539145 0.842213 0
    outer loop
      vertex -8.1141 -12.1436 2.54
      vertex -7.63109 -12.4528 0
      vertex -8.1141 -12.1436 0
    endloop
  endfacet
  facet normal 0.436292 0.899805 -0
    outer loop
      vertex -6.11452 -13.2634 0
      vertex -6.63053 -13.0132 2.54
      vertex -6.11452 -13.2634 2.54
    endloop
  endfacet
  facet normal 0.436292 0.899805 0
    outer loop
      vertex -6.63053 -13.0132 2.54
      vertex -6.11452 -13.2634 0
      vertex -6.63053 -13.0132 0
    endloop
  endfacet
  facet normal 0.327635 0.944805 -0
    outer loop
      vertex -4.51319 -13.8902 0
      vertex -5.05504 -13.7023 2.54
      vertex -4.51319 -13.8902 2.54
    endloop
  endfacet
  facet normal 0.327635 0.944805 0
    outer loop
      vertex -5.05504 -13.7023 2.54
      vertex -4.51319 -13.8902 0
      vertex -5.05504 -13.7023 0
    endloop
  endfacet
  facet normal 0.175766 0.984432 -0
    outer loop
      vertex -2.28473 -14.4252 0
      vertex -2.84929 -14.3244 2.54
      vertex -2.28473 -14.4252 2.54
    endloop
  endfacet
  facet normal 0.175766 0.984432 0
    outer loop
      vertex -2.84929 -14.3244 2.54
      vertex -2.28473 -14.4252 0
      vertex -2.84929 -14.3244 0
    endloop
  endfacet
  facet normal 0.0587618 0.998272 -0
    outer loop
      vertex -0.573389 -14.5937 0
      vertex -1.1459 -14.56 2.54
      vertex -0.573389 -14.5937 2.54
    endloop
  endfacet
  facet normal 0.0587618 0.998272 0
    outer loop
      vertex -1.1459 -14.56 2.54
      vertex -0.573389 -14.5937 0
      vertex -1.1459 -14.56 0
    endloop
  endfacet
  facet normal 0.772945 0.634473 0
    outer loop
      vertex -11.1057 -9.48519 2.54
      vertex -11.4696 -9.04187 0
      vertex -11.4696 -9.04187 2.54
    endloop
  endfacet
  facet normal 0.772945 0.634473 0
    outer loop
      vertex -11.4696 -9.04187 0
      vertex -11.1057 -9.48519 2.54
      vertex -11.1057 -9.48519 0
    endloop
  endfacet
  facet normal 0.820418 0.571764 0
    outer loop
      vertex -11.8157 -8.5846 2.54
      vertex -12.1436 -8.1141 0
      vertex -12.1436 -8.1141 2.54
    endloop
  endfacet
  facet normal 0.820418 0.571764 0
    outer loop
      vertex -12.1436 -8.1141 0
      vertex -11.8157 -8.5846 2.54
      vertex -11.8157 -8.5846 0
    endloop
  endfacet
  facet normal 0.747546 0.66421 0
    outer loop
      vertex -10.7248 -9.91388 2.54
      vertex -11.1057 -9.48519 0
      vertex -11.1057 -9.48519 2.54
    endloop
  endfacet
  facet normal 0.747546 0.66421 0
    outer loop
      vertex -11.1057 -9.48519 0
      vertex -10.7248 -9.91388 2.54
      vertex -10.7248 -9.91388 0
    endloop
  endfacet
  facet normal 0.899805 0.436292 0
    outer loop
      vertex -13.0132 -6.63053 2.54
      vertex -13.2634 -6.11452 0
      vertex -13.2634 -6.11452 2.54
    endloop
  endfacet
  facet normal 0.899805 0.436292 0
    outer loop
      vertex -13.2634 -6.11452 0
      vertex -13.0132 -6.63053 2.54
      vertex -13.0132 -6.63053 0
    endloop
  endfacet
  facet normal 0.944805 0.327635 0
    outer loop
      vertex -13.7023 -5.05504 2.54
      vertex -13.8902 -4.51319 0
      vertex -13.8902 -4.51319 2.54
    endloop
  endfacet
  facet normal 0.944805 0.327635 0
    outer loop
      vertex -13.8902 -4.51319 0
      vertex -13.7023 -5.05504 2.54
      vertex -13.7023 -5.05504 0
    endloop
  endfacet
  facet normal 0.999806 0.0197036 0
    outer loop
      vertex -14.5937 -0.573389 2.54
      vertex -14.605 0 0
      vertex -14.605 0 2.54
    endloop
  endfacet
  facet normal 0.999806 0.0197036 0
    outer loop
      vertex -14.605 0 0
      vertex -14.5937 -0.573389 2.54
      vertex -14.5937 -0.573389 0
    endloop
  endfacet
  facet normal -0.747546 -0.66421 0
    outer loop
      vertex 11.1057 9.48519 0
      vertex 10.7248 9.91388 2.54
      vertex 10.7248 9.91388 0
    endloop
  endfacet
  facet normal -0.747546 -0.66421 0
    outer loop
      vertex 10.7248 9.91388 2.54
      vertex 11.1057 9.48519 0
      vertex 11.1057 9.48519 2.54
    endloop
  endfacet
  facet normal -0.364436 -0.931229 0
    outer loop
      vertex 5.05504 13.7023 0
      vertex 5.58909 13.4933 2.54
      vertex 5.05504 13.7023 2.54
    endloop
  endfacet
  facet normal -0.364436 -0.931229 -0
    outer loop
      vertex 5.58909 13.4933 2.54
      vertex 5.05504 13.7023 0
      vertex 5.58909 13.4933 0
    endloop
  endfacet
  facet normal -0.214297 -0.976769 0
    outer loop
      vertex 2.84929 14.3244 0
      vertex 3.40947 14.2015 2.54
      vertex 2.84929 14.3244 2.54
    endloop
  endfacet
  facet normal -0.214297 -0.976769 -0
    outer loop
      vertex 3.40947 14.2015 2.54
      vertex 2.84929 14.3244 0
      vertex 3.40947 14.2015 0
    endloop
  endfacet
  facet normal -0.0979964 -0.995187 0
    outer loop
      vertex 1.1459 14.56 0
      vertex 1.71663 14.5038 2.54
      vertex 1.1459 14.56 2.54
    endloop
  endfacet
  facet normal -0.0979964 -0.995187 -0
    outer loop
      vertex 1.71663 14.5038 2.54
      vertex 1.1459 14.56 0
      vertex 1.71663 14.5038 0
    endloop
  endfacet
  facet normal -0.436292 -0.899805 0
    outer loop
      vertex 6.11452 13.2634 0
      vertex 6.63053 13.0132 2.54
      vertex 6.11452 13.2634 2.54
    endloop
  endfacet
  facet normal -0.436292 -0.899805 -0
    outer loop
      vertex 6.63053 13.0132 2.54
      vertex 6.11452 13.2634 0
      vertex 6.63053 13.0132 0
    endloop
  endfacet
  facet normal 0.820418 -0.571764 0
    outer loop
      vertex -12.1436 8.1141 2.54
      vertex -11.8157 8.5846 0
      vertex -11.8157 8.5846 2.54
    endloop
  endfacet
  facet normal 0.820418 -0.571764 0
    outer loop
      vertex -11.8157 8.5846 0
      vertex -12.1436 8.1141 2.54
      vertex -12.1436 8.1141 0
    endloop
  endfacet
  facet normal 0.797358 -0.603507 0
    outer loop
      vertex -11.8157 8.5846 2.54
      vertex -11.4696 9.04187 0
      vertex -11.4696 9.04187 2.54
    endloop
  endfacet
  facet normal 0.797358 -0.603507 0
    outer loop
      vertex -11.4696 9.04187 0
      vertex -11.8157 8.5846 2.54
      vertex -11.8157 8.5846 0
    endloop
  endfacet
  facet normal 0.747546 -0.66421 0
    outer loop
      vertex -11.1057 9.48519 2.54
      vertex -10.7248 9.91388 0
      vertex -10.7248 9.91388 2.54
    endloop
  endfacet
  facet normal 0.747546 -0.66421 0
    outer loop
      vertex -10.7248 9.91388 0
      vertex -11.1057 9.48519 2.54
      vertex -11.1057 9.48519 0
    endloop
  endfacet
  facet normal 0.881881 -0.471471 0
    outer loop
      vertex -13.0132 6.63053 2.54
      vertex -12.7428 7.13631 0
      vertex -12.7428 7.13631 2.54
    endloop
  endfacet
  facet normal 0.881881 -0.471471 0
    outer loop
      vertex -12.7428 7.13631 0
      vertex -13.0132 6.63053 2.54
      vertex -13.0132 6.63053 0
    endloop
  endfacet
  facet normal 0.899805 -0.436292 0
    outer loop
      vertex -13.2634 6.11452 2.54
      vertex -13.0132 6.63053 0
      vertex -13.0132 6.63053 2.54
    endloop
  endfacet
  facet normal 0.899805 -0.436292 0
    outer loop
      vertex -13.0132 6.63053 0
      vertex -13.2634 6.11452 2.54
      vertex -13.2634 6.11452 0
    endloop
  endfacet
  facet normal 0.976769 -0.214297 0
    outer loop
      vertex -14.3244 2.84929 2.54
      vertex -14.2015 3.40947 0
      vertex -14.2015 3.40947 2.54
    endloop
  endfacet
  facet normal 0.976769 -0.214297 0
    outer loop
      vertex -14.2015 3.40947 0
      vertex -14.3244 2.84929 2.54
      vertex -14.3244 2.84929 0
    endloop
  endfacet
  facet normal 0.995187 -0.0979964 0
    outer loop
      vertex -14.56 1.1459 2.54
      vertex -14.5038 1.71663 0
      vertex -14.5038 1.71663 2.54
    endloop
  endfacet
  facet normal 0.995187 -0.0979964 0
    outer loop
      vertex -14.5038 1.71663 0
      vertex -14.56 1.1459 2.54
      vertex -14.56 1.1459 0
    endloop
  endfacet
  facet normal 0.400855 -0.916142 0
    outer loop
      vertex -6.11452 13.2634 0
      vertex -5.58909 13.4933 2.54
      vertex -6.11452 13.2634 2.54
    endloop
  endfacet
  facet normal 0.400855 -0.916142 0
    outer loop
      vertex -5.58909 13.4933 2.54
      vertex -6.11452 13.2634 0
      vertex -5.58909 13.4933 0
    endloop
  endfacet
  facet normal 0.471471 -0.881881 0
    outer loop
      vertex -7.13631 12.7428 0
      vertex -6.63053 13.0132 2.54
      vertex -7.13631 12.7428 2.54
    endloop
  endfacet
  facet normal 0.471471 -0.881881 0
    outer loop
      vertex -6.63053 13.0132 2.54
      vertex -7.13631 12.7428 0
      vertex -6.63053 13.0132 0
    endloop
  endfacet
  facet normal 0.505663 -0.862731 0
    outer loop
      vertex -7.63109 12.4528 0
      vertex -7.13631 12.7428 2.54
      vertex -7.63109 12.4528 2.54
    endloop
  endfacet
  facet normal 0.505663 -0.862731 0
    outer loop
      vertex -7.13631 12.7428 2.54
      vertex -7.63109 12.4528 0
      vertex -7.13631 12.7428 0
    endloop
  endfacet
  facet normal 0.603507 -0.797358 0
    outer loop
      vertex -9.04187 11.4696 0
      vertex -8.5846 11.8157 2.54
      vertex -9.04187 11.4696 2.54
    endloop
  endfacet
  facet normal 0.603507 -0.797358 0
    outer loop
      vertex -8.5846 11.8157 2.54
      vertex -9.04187 11.4696 0
      vertex -8.5846 11.8157 0
    endloop
  endfacet
  facet normal 0.327635 -0.944805 0
    outer loop
      vertex -5.05504 13.7023 0
      vertex -4.51319 13.8902 2.54
      vertex -5.05504 13.7023 2.54
    endloop
  endfacet
  facet normal 0.327635 -0.944805 0
    outer loop
      vertex -4.51319 13.8902 2.54
      vertex -5.05504 13.7023 0
      vertex -4.51319 13.8902 0
    endloop
  endfacet
  facet normal -0.0587618 0.998272 0
    outer loop
      vertex 1.1459 -14.56 0
      vertex 0.573389 -14.5937 2.54
      vertex 1.1459 -14.56 2.54
    endloop
  endfacet
  facet normal -0.0587618 0.998272 0
    outer loop
      vertex 0.573389 -14.5937 2.54
      vertex 1.1459 -14.56 0
      vertex 0.573389 -14.5937 0
    endloop
  endfacet
  facet normal -0.0979964 0.995187 0
    outer loop
      vertex 1.71663 -14.5038 0
      vertex 1.1459 -14.56 2.54
      vertex 1.71663 -14.5038 2.54
    endloop
  endfacet
  facet normal -0.0979964 0.995187 0
    outer loop
      vertex 1.1459 -14.56 2.54
      vertex 1.71663 -14.5038 0
      vertex 1.1459 -14.56 0
    endloop
  endfacet
  facet normal -0.175766 0.984432 0
    outer loop
      vertex 2.84929 -14.3244 0
      vertex 2.28473 -14.4252 2.54
      vertex 2.84929 -14.3244 2.54
    endloop
  endfacet
  facet normal -0.175766 0.984432 0
    outer loop
      vertex 2.28473 -14.4252 2.54
      vertex 2.84929 -14.3244 0
      vertex 2.28473 -14.4252 0
    endloop
  endfacet
  facet normal -0.13705 0.990564 0
    outer loop
      vertex 2.28473 -14.4252 0
      vertex 1.71663 -14.5038 2.54
      vertex 2.28473 -14.4252 2.54
    endloop
  endfacet
  facet normal -0.13705 0.990564 0
    outer loop
      vertex 1.71663 -14.5038 2.54
      vertex 2.28473 -14.4252 0
      vertex 1.71663 -14.5038 0
    endloop
  endfacet
  facet normal -0.290322 0.956929 0
    outer loop
      vertex 4.51319 -13.8902 0
      vertex 3.96439 -14.0567 2.54
      vertex 4.51319 -13.8902 2.54
    endloop
  endfacet
  facet normal -0.290322 0.956929 0
    outer loop
      vertex 3.96439 -14.0567 2.54
      vertex 4.51319 -13.8902 0
      vertex 3.96439 -14.0567 0
    endloop
  endfacet
  facet normal -0.252484 0.967601 0
    outer loop
      vertex 3.96439 -14.0567 0
      vertex 3.40947 -14.2015 2.54
      vertex 3.96439 -14.0567 2.54
    endloop
  endfacet
  facet normal -0.252484 0.967601 0
    outer loop
      vertex 3.40947 -14.2015 2.54
      vertex 3.96439 -14.0567 0
      vertex 3.40947 -14.2015 0
    endloop
  endfacet
  facet normal -0.693091 0.72085 0
    outer loop
      vertex 10.3273 -10.3273 0
      vertex 9.91388 -10.7248 2.54
      vertex 10.3273 -10.3273 2.54
    endloop
  endfacet
  facet normal -0.693091 0.72085 0
    outer loop
      vertex 9.91388 -10.7248 2.54
      vertex 10.3273 -10.3273 0
      vertex 9.91388 -10.7248 0
    endloop
  endfacet
  facet normal -0.603507 0.797358 0
    outer loop
      vertex 9.04187 -11.4696 0
      vertex 8.5846 -11.8157 2.54
      vertex 9.04187 -11.4696 2.54
    endloop
  endfacet
  facet normal -0.603507 0.797358 0
    outer loop
      vertex 8.5846 -11.8157 2.54
      vertex 9.04187 -11.4696 0
      vertex 8.5846 -11.8157 0
    endloop
  endfacet
  facet normal -0.634473 0.772945 0
    outer loop
      vertex 9.48519 -11.1057 0
      vertex 9.04187 -11.4696 2.54
      vertex 9.48519 -11.1057 2.54
    endloop
  endfacet
  facet normal -0.634473 0.772945 0
    outer loop
      vertex 9.04187 -11.4696 2.54
      vertex 9.48519 -11.1057 0
      vertex 9.04187 -11.4696 0
    endloop
  endfacet
  facet normal -0.436292 0.899805 0
    outer loop
      vertex 6.63053 -13.0132 0
      vertex 6.11452 -13.2634 2.54
      vertex 6.63053 -13.0132 2.54
    endloop
  endfacet
  facet normal -0.436292 0.899805 0
    outer loop
      vertex 6.11452 -13.2634 2.54
      vertex 6.63053 -13.0132 0
      vertex 6.11452 -13.2634 0
    endloop
  endfacet
  facet normal -0.539145 0.842213 0
    outer loop
      vertex 8.1141 -12.1436 0
      vertex 7.63109 -12.4528 2.54
      vertex 8.1141 -12.1436 2.54
    endloop
  endfacet
  facet normal -0.539145 0.842213 0
    outer loop
      vertex 7.63109 -12.4528 2.54
      vertex 8.1141 -12.1436 0
      vertex 7.63109 -12.4528 0
    endloop
  endfacet
  facet normal -0.820418 0.571764 0
    outer loop
      vertex 11.8157 -8.5846 0
      vertex 12.1436 -8.1141 2.54
      vertex 12.1436 -8.1141 0
    endloop
  endfacet
  facet normal -0.820418 0.571764 0
    outer loop
      vertex 12.1436 -8.1141 2.54
      vertex 11.8157 -8.5846 0
      vertex 11.8157 -8.5846 2.54
    endloop
  endfacet
  facet normal -0.747546 0.66421 0
    outer loop
      vertex 10.7248 -9.91388 0
      vertex 11.1057 -9.48519 2.54
      vertex 11.1057 -9.48519 0
    endloop
  endfacet
  facet normal -0.747546 0.66421 0
    outer loop
      vertex 11.1057 -9.48519 2.54
      vertex 10.7248 -9.91388 0
      vertex 10.7248 -9.91388 2.54
    endloop
  endfacet
  facet normal -0.931229 0.364436 0
    outer loop
      vertex 13.4933 -5.58909 0
      vertex 13.7023 -5.05504 2.54
      vertex 13.7023 -5.05504 0
    endloop
  endfacet
  facet normal -0.931229 0.364436 0
    outer loop
      vertex 13.7023 -5.05504 2.54
      vertex 13.4933 -5.58909 0
      vertex 13.4933 -5.58909 2.54
    endloop
  endfacet
  facet normal -0.944805 0.327635 0
    outer loop
      vertex 13.7023 -5.05504 0
      vertex 13.8902 -4.51319 2.54
      vertex 13.8902 -4.51319 0
    endloop
  endfacet
  facet normal -0.944805 0.327635 0
    outer loop
      vertex 13.8902 -4.51319 2.54
      vertex 13.7023 -5.05504 0
      vertex 13.7023 -5.05504 2.54
    endloop
  endfacet
  facet normal -0.984432 0.175766 0
    outer loop
      vertex 14.3244 -2.84929 0
      vertex 14.4252 -2.28473 2.54
      vertex 14.4252 -2.28473 0
    endloop
  endfacet
  facet normal -0.984432 0.175766 0
    outer loop
      vertex 14.4252 -2.28473 2.54
      vertex 14.3244 -2.84929 0
      vertex 14.3244 -2.84929 2.54
    endloop
  endfacet
  facet normal -0.995187 0.0979964 0
    outer loop
      vertex 14.5038 -1.71663 0
      vertex 14.56 -1.1459 2.54
      vertex 14.56 -1.1459 0
    endloop
  endfacet
  facet normal -0.995187 0.0979964 0
    outer loop
      vertex 14.56 -1.1459 2.54
      vertex 14.5038 -1.71663 0
      vertex 14.5038 -1.71663 2.54
    endloop
  endfacet
  facet normal -0.999806 0.0197036 0
    outer loop
      vertex 14.5937 -0.573389 0
      vertex 14.605 0 2.54
      vertex 14.605 0 0
    endloop
  endfacet
  facet normal -0.999806 0.0197036 0
    outer loop
      vertex 14.605 0 2.54
      vertex 14.5937 -0.573389 0
      vertex 14.5937 -0.573389 2.54
    endloop
  endfacet
  facet normal 0.571764 0.820418 -0
    outer loop
      vertex -8.1141 -12.1436 0
      vertex -8.5846 -11.8157 2.54
      vertex -8.1141 -12.1436 2.54
    endloop
  endfacet
  facet normal 0.571764 0.820418 0
    outer loop
      vertex -8.5846 -11.8157 2.54
      vertex -8.1141 -12.1436 0
      vertex -8.5846 -11.8157 0
    endloop
  endfacet
  facet normal 0.505663 0.862731 -0
    outer loop
      vertex -7.13631 -12.7428 0
      vertex -7.63109 -12.4528 2.54
      vertex -7.13631 -12.7428 2.54
    endloop
  endfacet
  facet normal 0.505663 0.862731 0
    outer loop
      vertex -7.63109 -12.4528 2.54
      vertex -7.13631 -12.7428 0
      vertex -7.63109 -12.4528 0
    endloop
  endfacet
  facet normal 0.471471 0.881881 -0
    outer loop
      vertex -6.63053 -13.0132 0
      vertex -7.13631 -12.7428 2.54
      vertex -6.63053 -13.0132 2.54
    endloop
  endfacet
  facet normal 0.471471 0.881881 0
    outer loop
      vertex -7.13631 -12.7428 2.54
      vertex -6.63053 -13.0132 0
      vertex -7.13631 -12.7428 0
    endloop
  endfacet
  facet normal 0.252484 0.967601 -0
    outer loop
      vertex -3.40947 -14.2015 0
      vertex -3.96439 -14.0567 2.54
      vertex -3.40947 -14.2015 2.54
    endloop
  endfacet
  facet normal 0.252484 0.967601 0
    outer loop
      vertex -3.96439 -14.0567 2.54
      vertex -3.40947 -14.2015 0
      vertex -3.96439 -14.0567 0
    endloop
  endfacet
  facet normal 0.214297 0.976769 -0
    outer loop
      vertex -2.84929 -14.3244 0
      vertex -3.40947 -14.2015 2.54
      vertex -2.84929 -14.3244 2.54
    endloop
  endfacet
  facet normal 0.214297 0.976769 0
    outer loop
      vertex -3.40947 -14.2015 2.54
      vertex -2.84929 -14.3244 0
      vertex -3.40947 -14.2015 0
    endloop
  endfacet
  facet normal 0.13705 0.990564 -0
    outer loop
      vertex -1.71663 -14.5038 0
      vertex -2.28473 -14.4252 2.54
      vertex -1.71663 -14.5038 2.54
    endloop
  endfacet
  facet normal 0.13705 0.990564 0
    outer loop
      vertex -2.28473 -14.4252 2.54
      vertex -1.71663 -14.5038 0
      vertex -2.28473 -14.4252 0
    endloop
  endfacet
  facet normal 0.797358 0.603507 0
    outer loop
      vertex -11.4696 -9.04187 2.54
      vertex -11.8157 -8.5846 0
      vertex -11.8157 -8.5846 2.54
    endloop
  endfacet
  facet normal 0.797358 0.603507 0
    outer loop
      vertex -11.8157 -8.5846 0
      vertex -11.4696 -9.04187 2.54
      vertex -11.4696 -9.04187 0
    endloop
  endfacet
  facet normal 0.842213 0.539145 0
    outer loop
      vertex -12.1436 -8.1141 2.54
      vertex -12.4528 -7.63109 0
      vertex -12.4528 -7.63109 2.54
    endloop
  endfacet
  facet normal 0.842213 0.539145 0
    outer loop
      vertex -12.4528 -7.63109 0
      vertex -12.1436 -8.1141 2.54
      vertex -12.1436 -8.1141 0
    endloop
  endfacet
  facet normal 0.976769 0.214297 0
    outer loop
      vertex -14.2015 -3.40947 2.54
      vertex -14.3244 -2.84929 0
      vertex -14.3244 -2.84929 2.54
    endloop
  endfacet
  facet normal 0.976769 0.214297 0
    outer loop
      vertex -14.3244 -2.84929 0
      vertex -14.2015 -3.40947 2.54
      vertex -14.2015 -3.40947 0
    endloop
  endfacet
  facet normal 0.967601 0.252484 0
    outer loop
      vertex -14.0567 -3.96439 2.54
      vertex -14.2015 -3.40947 0
      vertex -14.2015 -3.40947 2.54
    endloop
  endfacet
  facet normal 0.967601 0.252484 0
    outer loop
      vertex -14.2015 -3.40947 0
      vertex -14.0567 -3.96439 2.54
      vertex -14.0567 -3.96439 0
    endloop
  endfacet
  facet normal 0.995187 0.0979964 0
    outer loop
      vertex -14.5038 -1.71663 2.54
      vertex -14.56 -1.1459 0
      vertex -14.56 -1.1459 2.54
    endloop
  endfacet
  facet normal 0.995187 0.0979964 0
    outer loop
      vertex -14.56 -1.1459 0
      vertex -14.5038 -1.71663 2.54
      vertex -14.5038 -1.71663 0
    endloop
  endfacet
  facet normal 0.998272 0.0587618 0
    outer loop
      vertex -14.56 -1.1459 2.54
      vertex -14.5937 -0.573389 0
      vertex -14.5937 -0.573389 2.54
    endloop
  endfacet
  facet normal 0.998272 0.0587618 0
    outer loop
      vertex -14.5937 -0.573389 0
      vertex -14.56 -1.1459 2.54
      vertex -14.56 -1.1459 0
    endloop
  endfacet
  facet normal -0.976769 -0.214297 0
    outer loop
      vertex 14.3244 2.84929 0
      vertex 14.2015 3.40947 2.54
      vertex 14.2015 3.40947 0
    endloop
  endfacet
  facet normal -0.976769 -0.214297 0
    outer loop
      vertex 14.2015 3.40947 2.54
      vertex 14.3244 2.84929 0
      vertex 14.3244 2.84929 2.54
    endloop
  endfacet
  facet normal -0.797358 -0.603507 0
    outer loop
      vertex 11.8157 8.5846 0
      vertex 11.4696 9.04187 2.54
      vertex 11.4696 9.04187 0
    endloop
  endfacet
  facet normal -0.797358 -0.603507 0
    outer loop
      vertex 11.4696 9.04187 2.54
      vertex 11.8157 8.5846 0
      vertex 11.8157 8.5846 2.54
    endloop
  endfacet
  facet normal -0.881881 -0.471471 0
    outer loop
      vertex 13.0132 6.63053 0
      vertex 12.7428 7.13631 2.54
      vertex 12.7428 7.13631 0
    endloop
  endfacet
  facet normal -0.881881 -0.471471 0
    outer loop
      vertex 12.7428 7.13631 2.54
      vertex 13.0132 6.63053 0
      vertex 13.0132 6.63053 2.54
    endloop
  endfacet
  facet normal -0.252484 -0.967601 0
    outer loop
      vertex 3.40947 14.2015 0
      vertex 3.96439 14.0567 2.54
      vertex 3.40947 14.2015 2.54
    endloop
  endfacet
  facet normal -0.252484 -0.967601 -0
    outer loop
      vertex 3.96439 14.0567 2.54
      vertex 3.40947 14.2015 0
      vertex 3.96439 14.0567 0
    endloop
  endfacet
  facet normal -0.505663 -0.862731 0
    outer loop
      vertex 7.13631 12.7428 0
      vertex 7.63109 12.4528 2.54
      vertex 7.13631 12.7428 2.54
    endloop
  endfacet
  facet normal -0.505663 -0.862731 -0
    outer loop
      vertex 7.63109 12.4528 2.54
      vertex 7.13631 12.7428 0
      vertex 7.63109 12.4528 0
    endloop
  endfacet
  facet normal -0.634473 -0.772945 0
    outer loop
      vertex 9.04187 11.4696 0
      vertex 9.48519 11.1057 2.54
      vertex 9.04187 11.4696 2.54
    endloop
  endfacet
  facet normal -0.634473 -0.772945 -0
    outer loop
      vertex 9.48519 11.1057 2.54
      vertex 9.04187 11.4696 0
      vertex 9.48519 11.1057 0
    endloop
  endfacet
  facet normal 0.772945 -0.634473 0
    outer loop
      vertex -11.4696 9.04187 2.54
      vertex -11.1057 9.48519 0
      vertex -11.1057 9.48519 2.54
    endloop
  endfacet
  facet normal 0.772945 -0.634473 0
    outer loop
      vertex -11.1057 9.48519 0
      vertex -11.4696 9.04187 2.54
      vertex -11.4696 9.04187 0
    endloop
  endfacet
  facet normal 0.967601 -0.252484 0
    outer loop
      vertex -14.2015 3.40947 2.54
      vertex -14.0567 3.96439 0
      vertex -14.0567 3.96439 2.54
    endloop
  endfacet
  facet normal 0.967601 -0.252484 0
    outer loop
      vertex -14.0567 3.96439 0
      vertex -14.2015 3.40947 2.54
      vertex -14.2015 3.40947 0
    endloop
  endfacet
  facet normal 0.214297 -0.976769 0
    outer loop
      vertex -3.40947 14.2015 0
      vertex -2.84929 14.3244 2.54
      vertex -3.40947 14.2015 2.54
    endloop
  endfacet
  facet normal 0.214297 -0.976769 0
    outer loop
      vertex -2.84929 14.3244 2.54
      vertex -3.40947 14.2015 0
      vertex -2.84929 14.3244 0
    endloop
  endfacet
  facet normal 0.0979964 -0.995187 0
    outer loop
      vertex -1.71663 14.5038 0
      vertex -1.1459 14.56 2.54
      vertex -1.71663 14.5038 2.54
    endloop
  endfacet
  facet normal 0.0979964 -0.995187 0
    outer loop
      vertex -1.1459 14.56 2.54
      vertex -1.71663 14.5038 0
      vertex -1.1459 14.56 0
    endloop
  endfacet
  facet normal -0.505663 0.862731 0
    outer loop
      vertex 7.63109 -12.4528 0
      vertex 7.13631 -12.7428 2.54
      vertex 7.63109 -12.4528 2.54
    endloop
  endfacet
  facet normal -0.505663 0.862731 0
    outer loop
      vertex 7.13631 -12.7428 2.54
      vertex 7.63109 -12.4528 0
      vertex 7.13631 -12.7428 0
    endloop
  endfacet
  facet normal -0.797358 0.603507 0
    outer loop
      vertex 11.4696 -9.04187 0
      vertex 11.8157 -8.5846 2.54
      vertex 11.8157 -8.5846 0
    endloop
  endfacet
  facet normal -0.797358 0.603507 0
    outer loop
      vertex 11.8157 -8.5846 2.54
      vertex 11.4696 -9.04187 0
      vertex 11.4696 -9.04187 2.54
    endloop
  endfacet
  facet normal -0.881881 0.471471 0
    outer loop
      vertex 12.7428 -7.13631 0
      vertex 13.0132 -6.63053 2.54
      vertex 13.0132 -6.63053 0
    endloop
  endfacet
  facet normal -0.881881 0.471471 0
    outer loop
      vertex 13.0132 -6.63053 2.54
      vertex 12.7428 -7.13631 0
      vertex 12.7428 -7.13631 2.54
    endloop
  endfacet
  facet normal -0.976769 0.214297 0
    outer loop
      vertex 14.2015 -3.40947 0
      vertex 14.3244 -2.84929 2.54
      vertex 14.3244 -2.84929 0
    endloop
  endfacet
  facet normal -0.976769 0.214297 0
    outer loop
      vertex 14.3244 -2.84929 2.54
      vertex 14.2015 -3.40947 0
      vertex 14.2015 -3.40947 2.54
    endloop
  endfacet
  facet normal 0.603507 0.797358 -0
    outer loop
      vertex -8.5846 -11.8157 0
      vertex -9.04187 -11.4696 2.54
      vertex -8.5846 -11.8157 2.54
    endloop
  endfacet
  facet normal 0.603507 0.797358 0
    outer loop
      vertex -9.04187 -11.4696 2.54
      vertex -8.5846 -11.8157 0
      vertex -9.04187 -11.4696 0
    endloop
  endfacet
  facet normal 0.862731 0.505663 0
    outer loop
      vertex -12.4528 -7.63109 2.54
      vertex -12.7428 -7.13631 0
      vertex -12.7428 -7.13631 2.54
    endloop
  endfacet
  facet normal 0.862731 0.505663 0
    outer loop
      vertex -12.7428 -7.13631 0
      vertex -12.4528 -7.63109 2.54
      vertex -12.4528 -7.63109 0
    endloop
  endfacet
  facet normal 0.990564 0.13705 0
    outer loop
      vertex -14.4252 -2.28473 2.54
      vertex -14.5038 -1.71663 0
      vertex -14.5038 -1.71663 2.54
    endloop
  endfacet
  facet normal 0.990564 0.13705 0
    outer loop
      vertex -14.5038 -1.71663 0
      vertex -14.4252 -2.28473 2.54
      vertex -14.4252 -2.28473 0
    endloop
  endfacet
  facet normal -0.999807 -0.0196534 0
    outer loop
      vertex 18.4 0 3.05
      vertex 18.3858 0.72238 11.5
      vertex 18.3858 0.72238 3.05
    endloop
  endfacet
  facet normal -0.999807 -0.0196534 0
    outer loop
      vertex 18.3858 0.72238 11.5
      vertex 18.4 0 3.05
      vertex 18.4 0 11.5
    endloop
  endfacet
  facet normal 0.999807 -0.0196534 0
    outer loop
      vertex -18.4 0 11.5
      vertex -18.3858 0.72238 3.05
      vertex -18.3858 0.72238 11.5
    endloop
  endfacet
  facet normal 0.999807 -0.0196534 0
    outer loop
      vertex -18.3858 0.72238 3.05
      vertex -18.4 0 11.5
      vertex -18.4 0 3.05
    endloop
  endfacet
  facet normal -0.0196534 -0.999807 0
    outer loop
      vertex 0 18.4 3.05
      vertex 0.72238 18.3858 11.5
      vertex 0 18.4 11.5
    endloop
  endfacet
  facet normal -0.0196534 -0.999807 -0
    outer loop
      vertex 0.72238 18.3858 11.5
      vertex 0 18.4 3.05
      vertex 0.72238 18.3858 3.05
    endloop
  endfacet
  facet normal 0.720947 0.69299 0
    outer loop
      vertex -13.0108 -13.0108 11.5
      vertex -13.5115 -12.4899 3.05
      vertex -13.5115 -12.4899 11.5
    endloop
  endfacet
  facet normal 0.720947 0.69299 0
    outer loop
      vertex -13.5115 -12.4899 3.05
      vertex -13.0108 -13.0108 11.5
      vertex -13.0108 -13.0108 3.05
    endloop
  endfacet
  facet normal -0.69299 -0.720947 0
    outer loop
      vertex 12.4899 13.5115 3.05
      vertex 13.0108 13.0108 11.5
      vertex 12.4899 13.5115 11.5
    endloop
  endfacet
  facet normal -0.69299 -0.720947 -0
    outer loop
      vertex 13.0108 13.0108 11.5
      vertex 12.4899 13.5115 3.05
      vertex 13.0108 13.0108 3.05
    endloop
  endfacet
  facet normal 0.69299 -0.720947 0
    outer loop
      vertex -13.0108 13.0108 3.05
      vertex -12.4899 13.5115 11.5
      vertex -13.0108 13.0108 11.5
    endloop
  endfacet
  facet normal 0.69299 -0.720947 0
    outer loop
      vertex -12.4899 13.5115 11.5
      vertex -13.0108 13.0108 3.05
      vertex -12.4899 13.5115 3.05
    endloop
  endfacet
  facet normal 0.364426 -0.931232 0
    outer loop
      vertex -7.04137 16.9994 3.05
      vertex -6.36855 17.2627 11.5
      vertex -7.04137 16.9994 11.5
    endloop
  endfacet
  facet normal 0.364426 -0.931232 0
    outer loop
      vertex -6.36855 17.2627 11.5
      vertex -7.04137 16.9994 3.05
      vertex -6.36855 17.2627 3.05
    endloop
  endfacet
  facet normal -0.720947 0.69299 0
    outer loop
      vertex 13.0108 -13.0108 3.05
      vertex 13.5115 -12.4899 11.5
      vertex 13.5115 -12.4899 3.05
    endloop
  endfacet
  facet normal -0.720947 0.69299 0
    outer loop
      vertex 13.5115 -12.4899 11.5
      vertex 13.0108 -13.0108 3.05
      vertex 13.0108 -13.0108 11.5
    endloop
  endfacet
  facet normal -0.916163 -0.400805 0
    outer loop
      vertex 16.9994 7.04137 3.05
      vertex 16.7098 7.70334 11.5
      vertex 16.7098 7.70334 3.05
    endloop
  endfacet
  facet normal -0.916163 -0.400805 0
    outer loop
      vertex 16.7098 7.70334 11.5
      vertex 16.9994 7.04137 3.05
      vertex 16.9994 7.04137 11.5
    endloop
  endfacet
  facet normal -0.539192 -0.842183 0
    outer loop
      vertex 9.61397 15.6886 3.05
      vertex 10.2225 15.299 11.5
      vertex 9.61397 15.6886 11.5
    endloop
  endfacet
  facet normal -0.539192 -0.842183 -0
    outer loop
      vertex 10.2225 15.299 11.5
      vertex 9.61397 15.6886 3.05
      vertex 10.2225 15.299 3.05
    endloop
  endfacet
  facet normal 0.916163 -0.400805 0
    outer loop
      vertex -16.9994 7.04137 11.5
      vertex -16.7098 7.70334 3.05
      vertex -16.7098 7.70334 11.5
    endloop
  endfacet
  facet normal 0.916163 -0.400805 0
    outer loop
      vertex -16.7098 7.70334 3.05
      vertex -16.9994 7.04137 11.5
      vertex -16.9994 7.04137 3.05
    endloop
  endfacet
  facet normal 0.74747 -0.664295 0
    outer loop
      vertex -13.9915 11.9498 11.5
      vertex -13.5115 12.4899 3.05
      vertex -13.5115 12.4899 11.5
    endloop
  endfacet
  facet normal 0.74747 -0.664295 0
    outer loop
      vertex -13.5115 12.4899 3.05
      vertex -13.9915 11.9498 11.5
      vertex -13.9915 11.9498 3.05
    endloop
  endfacet
  facet normal 0.175908 -0.984407 0
    outer loop
      vertex -3.58966 18.0464 3.05
      vertex -2.87839 18.1735 11.5
      vertex -3.58966 18.0464 11.5
    endloop
  endfacet
  facet normal 0.175908 -0.984407 0
    outer loop
      vertex -2.87839 18.1735 11.5
      vertex -3.58966 18.0464 3.05
      vertex -2.87839 18.1735 3.05
    endloop
  endfacet
  facet normal -0.931232 0.364426 0
    outer loop
      vertex 16.9994 -7.04137 3.05
      vertex 17.2627 -6.36855 11.5
      vertex 17.2627 -6.36855 3.05
    endloop
  endfacet
  facet normal -0.931232 0.364426 0
    outer loop
      vertex 17.2627 -6.36855 11.5
      vertex 16.9994 -7.04137 3.05
      vertex 16.9994 -7.04137 11.5
    endloop
  endfacet
  facet normal 0.74747 0.664295 0
    outer loop
      vertex -13.5115 -12.4899 11.5
      vertex -13.9915 -11.9498 3.05
      vertex -13.9915 -11.9498 11.5
    endloop
  endfacet
  facet normal 0.74747 0.664295 0
    outer loop
      vertex -13.9915 -11.9498 3.05
      vertex -13.5115 -12.4899 11.5
      vertex -13.5115 -12.4899 3.05
    endloop
  endfacet
  facet normal -0.990568 -0.137021 0
    outer loop
      vertex 18.2725 2.16269 3.05
      vertex 18.1735 2.87839 11.5
      vertex 18.1735 2.87839 3.05
    endloop
  endfacet
  facet normal -0.990568 -0.137021 0
    outer loop
      vertex 18.1735 2.87839 11.5
      vertex 18.2725 2.16269 3.05
      vertex 18.2725 2.16269 11.5
    endloop
  endfacet
  facet normal -0.820394 -0.571798 0
    outer loop
      vertex 15.299 10.2225 3.05
      vertex 14.8859 10.8152 11.5
      vertex 14.8859 10.8152 3.05
    endloop
  endfacet
  facet normal -0.820394 -0.571798 0
    outer loop
      vertex 14.8859 10.8152 11.5
      vertex 15.299 10.2225 3.05
      vertex 15.299 10.2225 11.5
    endloop
  endfacet
  facet normal -0.720947 -0.69299 0
    outer loop
      vertex 13.5115 12.4899 3.05
      vertex 13.0108 13.0108 11.5
      vertex 13.0108 13.0108 3.05
    endloop
  endfacet
  facet normal -0.720947 -0.69299 0
    outer loop
      vertex 13.0108 13.0108 11.5
      vertex 13.5115 12.4899 3.05
      vertex 13.5115 12.4899 11.5
    endloop
  endfacet
  facet normal -0.252452 -0.967609 0
    outer loop
      vertex 4.29539 17.8916 3.05
      vertex 4.9945 17.7092 11.5
      vertex 4.29539 17.8916 11.5
    endloop
  endfacet
  facet normal -0.252452 -0.967609 -0
    outer loop
      vertex 4.9945 17.7092 11.5
      vertex 4.29539 17.8916 3.05
      vertex 4.9945 17.7092 3.05
    endloop
  endfacet
  facet normal -0.290365 -0.956916 0
    outer loop
      vertex 4.9945 17.7092 3.05
      vertex 5.68591 17.4994 11.5
      vertex 4.9945 17.7092 11.5
    endloop
  endfacet
  facet normal -0.290365 -0.956916 -0
    outer loop
      vertex 5.68591 17.4994 11.5
      vertex 4.9945 17.7092 3.05
      vertex 5.68591 17.4994 3.05
    endloop
  endfacet
  facet normal -0.400805 -0.916163 0
    outer loop
      vertex 7.04137 16.9994 3.05
      vertex 7.70334 16.7098 11.5
      vertex 7.04137 16.9994 11.5
    endloop
  endfacet
  facet normal -0.400805 -0.916163 -0
    outer loop
      vertex 7.70334 16.7098 11.5
      vertex 7.04137 16.9994 3.05
      vertex 7.70334 16.7098 3.05
    endloop
  endfacet
  facet normal 0.967609 -0.252452 0
    outer loop
      vertex -17.8916 4.29539 11.5
      vertex -17.7092 4.9945 3.05
      vertex -17.7092 4.9945 11.5
    endloop
  endfacet
  facet normal 0.967609 -0.252452 0
    outer loop
      vertex -17.7092 4.9945 3.05
      vertex -17.8916 4.29539 11.5
      vertex -17.8916 4.29539 3.05
    endloop
  endfacet
  facet normal 0.773044 -0.634353 0
    outer loop
      vertex -14.4498 11.3913 11.5
      vertex -13.9915 11.9498 3.05
      vertex -13.9915 11.9498 11.5
    endloop
  endfacet
  facet normal 0.773044 -0.634353 0
    outer loop
      vertex -13.9915 11.9498 3.05
      vertex -14.4498 11.3913 11.5
      vertex -14.4498 11.3913 3.05
    endloop
  endfacet
  facet normal 0.471407 -0.881916 0
    outer loop
      vertex -8.99063 16.0539 3.05
      vertex -8.35343 16.3945 11.5
      vertex -8.99063 16.0539 11.5
    endloop
  endfacet
  facet normal 0.471407 -0.881916 0
    outer loop
      vertex -8.35343 16.3945 11.5
      vertex -8.99063 16.0539 3.05
      vertex -8.35343 16.3945 3.05
    endloop
  endfacet
  facet normal 0.436391 -0.899757 0
    outer loop
      vertex -8.35343 16.3945 3.05
      vertex -7.70334 16.7098 11.5
      vertex -8.35343 16.3945 11.5
    endloop
  endfacet
  facet normal 0.436391 -0.899757 0
    outer loop
      vertex -7.70334 16.7098 11.5
      vertex -8.35343 16.3945 3.05
      vertex -7.70334 16.7098 3.05
    endloop
  endfacet
  facet normal 0.0588218 -0.998268 0
    outer loop
      vertex -1.44365 18.3433 3.05
      vertex -0.72238 18.3858 11.5
      vertex -1.44365 18.3433 11.5
    endloop
  endfacet
  facet normal 0.0588218 -0.998268 0
    outer loop
      vertex -0.72238 18.3858 11.5
      vertex -1.44365 18.3433 3.05
      vertex -0.72238 18.3858 3.05
    endloop
  endfacet
  facet normal -0.137021 0.990568 0
    outer loop
      vertex 2.87839 -18.1735 3.05
      vertex 2.16269 -18.2725 3.2
      vertex 2.87839 -18.1735 3.2
    endloop
  endfacet
  facet normal -0.137021 0.990568 0
    outer loop
      vertex 2.16269 -18.2725 3.2
      vertex 2.87839 -18.1735 3.05
      vertex 2.16269 -18.2725 3.05
    endloop
  endfacet
  facet normal -0.137021 0.990568 0
    outer loop
      vertex 2.87839 -18.1735 9
      vertex 2.16269 -18.2725 11.5
      vertex 2.87839 -18.1735 11.5
    endloop
  endfacet
  facet normal -0.137021 0.990568 0
    outer loop
      vertex 2.16269 -18.2725 11.5
      vertex 2.87839 -18.1735 9
      vertex 2.16269 -18.2725 9
    endloop
  endfacet
  facet normal -0.400805 0.916163 0
    outer loop
      vertex 7.70334 -16.7098 3.05
      vertex 7.04137 -16.9994 11.5
      vertex 7.70334 -16.7098 11.5
    endloop
  endfacet
  facet normal -0.400805 0.916163 0
    outer loop
      vertex 7.04137 -16.9994 11.5
      vertex 7.70334 -16.7098 3.05
      vertex 7.04137 -16.9994 3.05
    endloop
  endfacet
  facet normal -0.990568 0.137021 0
    outer loop
      vertex 18.1735 -2.87839 3.05
      vertex 18.2725 -2.16269 11.5
      vertex 18.2725 -2.16269 3.05
    endloop
  endfacet
  facet normal -0.990568 0.137021 0
    outer loop
      vertex 18.2725 -2.16269 11.5
      vertex 18.1735 -2.87839 3.05
      vertex 18.1735 -2.87839 11.5
    endloop
  endfacet
  facet normal 0.175906 0.984407 0
    outer loop
      vertex -2.87839 -18.1735 3.2
      vertex -2.87839 -18.1735 3.05
      vertex -3.1 -18.1339 3.2
    endloop
  endfacet
  facet normal 0.175525 0.984475 -0.000580493
    outer loop
      vertex -2.87839 -18.1735 3.05
      vertex -3.21385 -18.1136 3.20224
      vertex -3.1 -18.1339 3.2
    endloop
  endfacet
  facet normal 0.175908 0.984407 0.000289939
    outer loop
      vertex -3.58966 -18.0464 3.05
      vertex -3.21385 -18.1136 3.20224
      vertex -2.87839 -18.1735 3.05
    endloop
  endfacet
  facet normal 0.17582 0.984422 0.000514096
    outer loop
      vertex -3.21385 -18.1136 3.20224
      vertex -3.58966 -18.0464 3.05
      vertex -3.32753 -18.0933 3.20894
    endloop
  endfacet
  facet normal 0.176289 0.984338 -0.000284986
    outer loop
      vertex -3.32753 -18.0933 3.20894
      vertex -3.58966 -18.0464 3.05
      vertex -3.44086 -18.073 3.2201
    endloop
  endfacet
  facet normal 0.175487 0.984482 0.000439408
    outer loop
      vertex -3.44086 -18.073 3.2201
      vertex -3.58966 -18.0464 3.05
      vertex -3.55366 -18.0529 3.2357
    endloop
  endfacet
  facet normal 0.177683 0.984088 0
    outer loop
      vertex -3.55366 -18.0529 3.2357
      vertex -3.58966 -18.0464 3.05
      vertex -3.58966 -18.0464 3.24213
    endloop
  endfacet
  facet normal 0.175906 0.984407 0
    outer loop
      vertex -3.1 -18.1339 9
      vertex -2.87839 -18.1735 11.5
      vertex -2.87839 -18.1735 9
    endloop
  endfacet
  facet normal 0.175536 0.984473 3.38762e-05
    outer loop
      vertex -3.21385 -18.1136 8.99776
      vertex -2.87839 -18.1735 11.5
      vertex -3.1 -18.1339 9
    endloop
  endfacet
  facet normal 0.175908 0.984407 -1.76403e-05
    outer loop
      vertex -2.87839 -18.1735 11.5
      vertex -3.21385 -18.1136 8.99776
      vertex -3.58966 -18.0464 11.5
    endloop
  endfacet
  facet normal 0.175793 0.984427 -3.55148e-05
    outer loop
      vertex -3.32753 -18.0933 8.99106
      vertex -3.58966 -18.0464 11.5
      vertex -3.21385 -18.1136 8.99776
    endloop
  endfacet
  facet normal 0.176315 0.984334 2.0772e-05
    outer loop
      vertex -3.44086 -18.073 8.9799
      vertex -3.58966 -18.0464 11.5
      vertex -3.32753 -18.0933 8.99106
    endloop
  endfacet
  facet normal 0.175433 0.984491 -3.2978e-05
    outer loop
      vertex -3.55366 -18.0529 8.9643
      vertex -3.58966 -18.0464 11.5
      vertex -3.44086 -18.073 8.9799
    endloop
  endfacet
  facet normal 0.177683 0.984088 0
    outer loop
      vertex -3.58966 -18.0464 11.5
      vertex -3.55366 -18.0529 8.9643
      vertex -3.58966 -18.0464 8.95787
    endloop
  endfacet
  facet normal 0.773044 0.634353 0
    outer loop
      vertex -13.9915 -11.9498 11.5
      vertex -14.4498 -11.3913 3.05
      vertex -14.4498 -11.3913 11.5
    endloop
  endfacet
  facet normal 0.773044 0.634353 0
    outer loop
      vertex -14.4498 -11.3913 3.05
      vertex -13.9915 -11.9498 11.5
      vertex -13.9915 -11.9498 3.05
    endloop
  endfacet
  facet normal 0 0 1
    outer loop
      vertex 18.3858 0.72238 3.05
      vertex 18.3858 -0.72238 3.05
      vertex 18.4 0 3.05
    endloop
  endfacet
  facet normal 0 0 1
    outer loop
      vertex 18.3433 1.44365 3.05
      vertex 18.3858 -0.72238 3.05
      vertex 18.3858 0.72238 3.05
    endloop
  endfacet
  facet normal 0 0 1
    outer loop
      vertex 18.3433 1.44365 3.05
      vertex 18.3433 -1.44365 3.05
      vertex 18.3858 -0.72238 3.05
    endloop
  endfacet
  facet normal 0 0 1
    outer loop
      vertex 18.2725 2.16269 3.05
      vertex 18.3433 -1.44365 3.05
      vertex 18.3433 1.44365 3.05
    endloop
  endfacet
  facet normal 0 0 1
    outer loop
      vertex 18.2725 2.16269 3.05
      vertex 18.2725 -2.16269 3.05
      vertex 18.3433 -1.44365 3.05
    endloop
  endfacet
  facet normal 0 0 1
    outer loop
      vertex 18.1735 2.87839 3.05
      vertex 18.2725 -2.16269 3.05
      vertex 18.2725 2.16269 3.05
    endloop
  endfacet
  facet normal 0 0 1
    outer loop
      vertex 18.1735 2.87839 3.05
      vertex 18.1735 -2.87839 3.05
      vertex 18.2725 -2.16269 3.05
    endloop
  endfacet
  facet normal 0 0 1
    outer loop
      vertex 18.0464 3.58966 3.05
      vertex 18.1735 -2.87839 3.05
      vertex 18.1735 2.87839 3.05
    endloop
  endfacet
  facet normal 0 0 1
    outer loop
      vertex 18.0464 3.58966 3.05
      vertex 18.0464 -3.58966 3.05
      vertex 18.1735 -2.87839 3.05
    endloop
  endfacet
  facet normal 0 0 1
    outer loop
      vertex 17.8916 4.29539 3.05
      vertex 18.0464 -3.58966 3.05
      vertex 18.0464 3.58966 3.05
    endloop
  endfacet
  facet normal 0 0 1
    outer loop
      vertex 17.8916 4.29539 3.05
      vertex 17.8916 -4.29539 3.05
      vertex 18.0464 -3.58966 3.05
    endloop
  endfacet
  facet normal 0 0 1
    outer loop
      vertex 17.7092 4.9945 3.05
      vertex 17.8916 -4.29539 3.05
      vertex 17.8916 4.29539 3.05
    endloop
  endfacet
  facet normal 0 0 1
    outer loop
      vertex 17.7092 4.9945 3.05
      vertex 17.7092 -4.9945 3.05
      vertex 17.8916 -4.29539 3.05
    endloop
  endfacet
  facet normal 0 0 1
    outer loop
      vertex 17.4994 5.68591 3.05
      vertex 17.7092 -4.9945 3.05
      vertex 17.7092 4.9945 3.05
    endloop
  endfacet
  facet normal 0 0 1
    outer loop
      vertex 17.4994 5.68591 3.05
      vertex 17.4994 -5.68591 3.05
      vertex 17.7092 -4.9945 3.05
    endloop
  endfacet
  facet normal 0 0 1
    outer loop
      vertex 17.2627 6.36855 3.05
      vertex 17.4994 -5.68591 3.05
      vertex 17.4994 5.68591 3.05
    endloop
  endfacet
  facet normal 0 0 1
    outer loop
      vertex 17.2627 6.36855 3.05
      vertex 17.2627 -6.36855 3.05
      vertex 17.4994 -5.68591 3.05
    endloop
  endfacet
  facet normal 0 0 1
    outer loop
      vertex 16.9994 7.04137 3.05
      vertex 17.2627 -6.36855 3.05
      vertex 17.2627 6.36855 3.05
    endloop
  endfacet
  facet normal 0 0 1
    outer loop
      vertex 16.9994 7.04137 3.05
      vertex 16.9994 -7.04137 3.05
      vertex 17.2627 -6.36855 3.05
    endloop
  endfacet
  facet normal 0 0 1
    outer loop
      vertex 16.7098 7.70334 3.05
      vertex 16.9994 -7.04137 3.05
      vertex 16.9994 7.04137 3.05
    endloop
  endfacet
  facet normal 0 0 1
    outer loop
      vertex 16.7098 7.70334 3.05
      vertex 16.7098 -7.70334 3.05
      vertex 16.9994 -7.04137 3.05
    endloop
  endfacet
  facet normal 0 0 1
    outer loop
      vertex 16.3945 8.35343 3.05
      vertex 16.7098 -7.70334 3.05
      vertex 16.7098 7.70334 3.05
    endloop
  endfacet
  facet normal 0 0 1
    outer loop
      vertex 16.3945 8.35343 3.05
      vertex 16.3945 -8.35343 3.05
      vertex 16.7098 -7.70334 3.05
    endloop
  endfacet
  facet normal 0 0 1
    outer loop
      vertex 16.0539 8.99063 3.05
      vertex 16.3945 -8.35343 3.05
      vertex 16.3945 8.35343 3.05
    endloop
  endfacet
  facet normal 0 0 1
    outer loop
      vertex 16.0539 8.99063 3.05
      vertex 16.0539 -8.99063 3.05
      vertex 16.3945 -8.35343 3.05
    endloop
  endfacet
  facet normal 0 0 1
    outer loop
      vertex 15.6886 9.61397 3.05
      vertex 16.0539 -8.99063 3.05
      vertex 16.0539 8.99063 3.05
    endloop
  endfacet
  facet normal 0 0 1
    outer loop
      vertex 15.6886 9.61397 3.05
      vertex 15.6886 -9.61397 3.05
      vertex 16.0539 -8.99063 3.05
    endloop
  endfacet
  facet normal 0 0 1
    outer loop
      vertex 15.299 10.2225 3.05
      vertex 15.6886 -9.61397 3.05
      vertex 15.6886 9.61397 3.05
    endloop
  endfacet
  facet normal 0 0 1
    outer loop
      vertex 15.299 10.2225 3.05
      vertex 15.299 -10.2225 3.05
      vertex 15.6886 -9.61397 3.05
    endloop
  endfacet
  facet normal 0 0 1
    outer loop
      vertex 14.8859 10.8152 3.05
      vertex 15.299 -10.2225 3.05
      vertex 15.299 10.2225 3.05
    endloop
  endfacet
  facet normal 0 0 1
    outer loop
      vertex 14.8859 10.8152 3.05
      vertex 14.8859 -10.8152 3.05
      vertex 15.299 -10.2225 3.05
    endloop
  endfacet
  facet normal 0 0 1
    outer loop
      vertex 14.4498 11.3913 3.05
      vertex 14.8859 -10.8152 3.05
      vertex 14.8859 10.8152 3.05
    endloop
  endfacet
  facet normal 0 0 1
    outer loop
      vertex 14.4498 11.3913 3.05
      vertex 14.4498 -11.3913 3.05
      vertex 14.8859 -10.8152 3.05
    endloop
  endfacet
  facet normal 0 0 1
    outer loop
      vertex 13.9915 11.9498 3.05
      vertex 14.4498 -11.3913 3.05
      vertex 14.4498 11.3913 3.05
    endloop
  endfacet
  facet normal 0 0 1
    outer loop
      vertex 13.9915 11.9498 3.05
      vertex 13.9915 -11.9498 3.05
      vertex 14.4498 -11.3913 3.05
    endloop
  endfacet
  facet normal 0 0 1
    outer loop
      vertex 13.5115 12.4899 3.05
      vertex 13.9915 -11.9498 3.05
      vertex 13.9915 11.9498 3.05
    endloop
  endfacet
  facet normal 0 0 1
    outer loop
      vertex 13.5115 12.4899 3.05
      vertex 13.5115 -12.4899 3.05
      vertex 13.9915 -11.9498 3.05
    endloop
  endfacet
  facet normal 0 0 1
    outer loop
      vertex 13.0108 13.0108 3.05
      vertex 13.5115 -12.4899 3.05
      vertex 13.5115 12.4899 3.05
    endloop
  endfacet
  facet normal 0 0 1
    outer loop
      vertex 13.0108 13.0108 3.05
      vertex 13.0108 -13.0108 3.05
      vertex 13.5115 -12.4899 3.05
    endloop
  endfacet
  facet normal 0 0 1
    outer loop
      vertex 12.4899 13.5115 3.05
      vertex 13.0108 -13.0108 3.05
      vertex 13.0108 13.0108 3.05
    endloop
  endfacet
  facet normal 0 0 1
    outer loop
      vertex 12.4899 13.5115 3.05
      vertex 12.4899 -13.5115 3.05
      vertex 13.0108 -13.0108 3.05
    endloop
  endfacet
  facet normal 0 0 1
    outer loop
      vertex 11.9498 13.9915 3.05
      vertex 12.4899 -13.5115 3.05
      vertex 12.4899 13.5115 3.05
    endloop
  endfacet
  facet normal 0 0 1
    outer loop
      vertex 11.9498 13.9915 3.05
      vertex 11.9498 -13.9915 3.05
      vertex 12.4899 -13.5115 3.05
    endloop
  endfacet
  facet normal 0 0 1
    outer loop
      vertex 11.3913 14.4498 3.05
      vertex 11.9498 -13.9915 3.05
      vertex 11.9498 13.9915 3.05
    endloop
  endfacet
  facet normal 0 0 1
    outer loop
      vertex 11.3913 14.4498 3.05
      vertex 11.3913 -14.4498 3.05
      vertex 11.9498 -13.9915 3.05
    endloop
  endfacet
  facet normal 0 0 1
    outer loop
      vertex 10.8152 14.8859 3.05
      vertex 11.3913 -14.4498 3.05
      vertex 11.3913 14.4498 3.05
    endloop
  endfacet
  facet normal 0 0 1
    outer loop
      vertex 10.8152 14.8859 3.05
      vertex 10.8152 -14.8859 3.05
      vertex 11.3913 -14.4498 3.05
    endloop
  endfacet
  facet normal 0 0 1
    outer loop
      vertex 10.2225 15.299 3.05
      vertex 10.8152 -14.8859 3.05
      vertex 10.8152 14.8859 3.05
    endloop
  endfacet
  facet normal 0 0 1
    outer loop
      vertex 10.2225 15.299 3.05
      vertex 10.2225 -15.299 3.05
      vertex 10.8152 -14.8859 3.05
    endloop
  endfacet
  facet normal 0 0 1
    outer loop
      vertex 9.61397 15.6886 3.05
      vertex 10.2225 -15.299 3.05
      vertex 10.2225 15.299 3.05
    endloop
  endfacet
  facet normal 0 0 1
    outer loop
      vertex 9.61397 15.6886 3.05
      vertex 9.61397 -15.6886 3.05
      vertex 10.2225 -15.299 3.05
    endloop
  endfacet
  facet normal 0 0 1
    outer loop
      vertex 8.99063 16.0539 3.05
      vertex 9.61397 -15.6886 3.05
      vertex 9.61397 15.6886 3.05
    endloop
  endfacet
  facet normal 0 0 1
    outer loop
      vertex 8.99063 16.0539 3.05
      vertex 8.99063 -16.0539 3.05
      vertex 9.61397 -15.6886 3.05
    endloop
  endfacet
  facet normal 0 0 1
    outer loop
      vertex 8.35343 16.3945 3.05
      vertex 8.99063 -16.0539 3.05
      vertex 8.99063 16.0539 3.05
    endloop
  endfacet
  facet normal 0 0 1
    outer loop
      vertex 8.35343 16.3945 3.05
      vertex 8.35343 -16.3945 3.05
      vertex 8.99063 -16.0539 3.05
    endloop
  endfacet
  facet normal 0 0 1
    outer loop
      vertex 7.70334 16.7098 3.05
      vertex 8.35343 -16.3945 3.05
      vertex 8.35343 16.3945 3.05
    endloop
  endfacet
  facet normal 0 0 1
    outer loop
      vertex 7.70334 16.7098 3.05
      vertex 7.70334 -16.7098 3.05
      vertex 8.35343 -16.3945 3.05
    endloop
  endfacet
  facet normal 0 0 1
    outer loop
      vertex 7.04137 16.9994 3.05
      vertex 7.70334 -16.7098 3.05
      vertex 7.70334 16.7098 3.05
    endloop
  endfacet
  facet normal 0 0 1
    outer loop
      vertex 7.04137 16.9994 3.05
      vertex 7.04137 -16.9994 3.05
      vertex 7.70334 -16.7098 3.05
    endloop
  endfacet
  facet normal 0 0 1
    outer loop
      vertex 6.36855 17.2627 3.05
      vertex 7.04137 -16.9994 3.05
      vertex 7.04137 16.9994 3.05
    endloop
  endfacet
  facet normal 0 0 1
    outer loop
      vertex 6.36855 17.2627 3.05
      vertex 6.36855 -17.2627 3.05
      vertex 7.04137 -16.9994 3.05
    endloop
  endfacet
  facet normal 0 0 1
    outer loop
      vertex 5.68591 17.4994 3.05
      vertex 6.36855 -17.2627 3.05
      vertex 6.36855 17.2627 3.05
    endloop
  endfacet
  facet normal 0 0 1
    outer loop
      vertex 5.68591 17.4994 3.05
      vertex 5.68591 -17.4994 3.05
      vertex 6.36855 -17.2627 3.05
    endloop
  endfacet
  facet normal 0 0 1
    outer loop
      vertex 4.9945 17.7092 3.05
      vertex 5.68591 -17.4994 3.05
      vertex 5.68591 17.4994 3.05
    endloop
  endfacet
  facet normal 0 0 1
    outer loop
      vertex 4.9945 17.7092 3.05
      vertex 4.9945 -17.7092 3.05
      vertex 5.68591 -17.4994 3.05
    endloop
  endfacet
  facet normal 0 0 1
    outer loop
      vertex 4.29539 17.8916 3.05
      vertex 4.9945 -17.7092 3.05
      vertex 4.9945 17.7092 3.05
    endloop
  endfacet
  facet normal 0 0 1
    outer loop
      vertex 4.29539 17.8916 3.05
      vertex 4.29539 -17.8916 3.05
      vertex 4.9945 -17.7092 3.05
    endloop
  endfacet
  facet normal 0 0 1
    outer loop
      vertex 3.58966 18.0464 3.05
      vertex 4.29539 -17.8916 3.05
      vertex 4.29539 17.8916 3.05
    endloop
  endfacet
  facet normal 0 0 1
    outer loop
      vertex 3.58966 18.0464 3.05
      vertex 3.58966 -18.0464 3.05
      vertex 4.29539 -17.8916 3.05
    endloop
  endfacet
  facet normal 0 0 1
    outer loop
      vertex 2.87839 18.1735 3.05
      vertex 3.58966 -18.0464 3.05
      vertex 3.58966 18.0464 3.05
    endloop
  endfacet
  facet normal 0 0 1
    outer loop
      vertex 2.87839 18.1735 3.05
      vertex 2.87839 -18.1735 3.05
      vertex 3.58966 -18.0464 3.05
    endloop
  endfacet
  facet normal 0 0 1
    outer loop
      vertex 2.16269 18.2725 3.05
      vertex 2.87839 -18.1735 3.05
      vertex 2.87839 18.1735 3.05
    endloop
  endfacet
  facet normal 0 0 1
    outer loop
      vertex 2.16269 18.2725 3.05
      vertex 2.16269 -18.2725 3.05
      vertex 2.87839 -18.1735 3.05
    endloop
  endfacet
  facet normal 0 0 1
    outer loop
      vertex 1.44365 18.3433 3.05
      vertex 2.16269 -18.2725 3.05
      vertex 2.16269 18.2725 3.05
    endloop
  endfacet
  facet normal 0 0 1
    outer loop
      vertex 1.44365 18.3433 3.05
      vertex 1.44365 -18.3433 3.05
      vertex 2.16269 -18.2725 3.05
    endloop
  endfacet
  facet normal 0 0 1
    outer loop
      vertex 0.72238 18.3858 3.05
      vertex 1.44365 -18.3433 3.05
      vertex 1.44365 18.3433 3.05
    endloop
  endfacet
  facet normal 0 0 1
    outer loop
      vertex 0.72238 18.3858 3.05
      vertex 0.72238 -18.3858 3.05
      vertex 1.44365 -18.3433 3.05
    endloop
  endfacet
  facet normal 0 0 1
    outer loop
      vertex 0 18.4 3.05
      vertex 0.72238 -18.3858 3.05
      vertex 0.72238 18.3858 3.05
    endloop
  endfacet
  facet normal 0 0 1
    outer loop
      vertex 0 18.4 3.05
      vertex 0 -18.4 3.05
      vertex 0.72238 -18.3858 3.05
    endloop
  endfacet
  facet normal -0 0 1
    outer loop
      vertex -0.72238 18.3858 3.05
      vertex 0 -18.4 3.05
      vertex 0 18.4 3.05
    endloop
  endfacet
  facet normal 0 0 1
    outer loop
      vertex -0.72238 18.3858 3.05
      vertex -0.72238 -18.3858 3.05
      vertex 0 -18.4 3.05
    endloop
  endfacet
  facet normal -0 0 1
    outer loop
      vertex -1.44365 18.3433 3.05
      vertex -0.72238 -18.3858 3.05
      vertex -0.72238 18.3858 3.05
    endloop
  endfacet
  facet normal 0 0 1
    outer loop
      vertex -1.44365 18.3433 3.05
      vertex -1.44365 -18.3433 3.05
      vertex -0.72238 -18.3858 3.05
    endloop
  endfacet
  facet normal -0 0 1
    outer loop
      vertex -2.16269 18.2725 3.05
      vertex -1.44365 -18.3433 3.05
      vertex -1.44365 18.3433 3.05
    endloop
  endfacet
  facet normal 0 0 1
    outer loop
      vertex -2.16269 18.2725 3.05
      vertex -2.16269 -18.2725 3.05
      vertex -1.44365 -18.3433 3.05
    endloop
  endfacet
  facet normal -0 0 1
    outer loop
      vertex -2.87839 18.1735 3.05
      vertex -2.16269 -18.2725 3.05
      vertex -2.16269 18.2725 3.05
    endloop
  endfacet
  facet normal 0 0 1
    outer loop
      vertex -2.87839 18.1735 3.05
      vertex -2.87839 -18.1735 3.05
      vertex -2.16269 -18.2725 3.05
    endloop
  endfacet
  facet normal -0 0 1
    outer loop
      vertex -3.58966 18.0464 3.05
      vertex -2.87839 -18.1735 3.05
      vertex -2.87839 18.1735 3.05
    endloop
  endfacet
  facet normal 0 0 1
    outer loop
      vertex -3.58966 18.0464 3.05
      vertex -3.58966 -18.0464 3.05
      vertex -2.87839 -18.1735 3.05
    endloop
  endfacet
  facet normal -0 0 1
    outer loop
      vertex -4.29539 17.8916 3.05
      vertex -3.58966 -18.0464 3.05
      vertex -3.58966 18.0464 3.05
    endloop
  endfacet
  facet normal 0 0 1
    outer loop
      vertex -4.29539 17.8916 3.05
      vertex -4.29539 -17.8916 3.05
      vertex -3.58966 -18.0464 3.05
    endloop
  endfacet
  facet normal -0 0 1
    outer loop
      vertex -4.9945 17.7092 3.05
      vertex -4.29539 -17.8916 3.05
      vertex -4.29539 17.8916 3.05
    endloop
  endfacet
  facet normal 0 0 1
    outer loop
      vertex -4.9945 17.7092 3.05
      vertex -4.9945 -17.7092 3.05
      vertex -4.29539 -17.8916 3.05
    endloop
  endfacet
  facet normal -0 0 1
    outer loop
      vertex -5.68591 17.4994 3.05
      vertex -4.9945 -17.7092 3.05
      vertex -4.9945 17.7092 3.05
    endloop
  endfacet
  facet normal 0 0 1
    outer loop
      vertex -5.68591 17.4994 3.05
      vertex -5.68591 -17.4994 3.05
      vertex -4.9945 -17.7092 3.05
    endloop
  endfacet
  facet normal -0 0 1
    outer loop
      vertex -6.36855 17.2627 3.05
      vertex -5.68591 -17.4994 3.05
      vertex -5.68591 17.4994 3.05
    endloop
  endfacet
  facet normal 0 0 1
    outer loop
      vertex -6.36855 17.2627 3.05
      vertex -6.36855 -17.2627 3.05
      vertex -5.68591 -17.4994 3.05
    endloop
  endfacet
  facet normal -0 0 1
    outer loop
      vertex -7.04137 16.9994 3.05
      vertex -6.36855 -17.2627 3.05
      vertex -6.36855 17.2627 3.05
    endloop
  endfacet
  facet normal 0 0 1
    outer loop
      vertex -7.04137 16.9994 3.05
      vertex -7.04137 -16.9994 3.05
      vertex -6.36855 -17.2627 3.05
    endloop
  endfacet
  facet normal -0 0 1
    outer loop
      vertex -7.70334 16.7098 3.05
      vertex -7.04137 -16.9994 3.05
      vertex -7.04137 16.9994 3.05
    endloop
  endfacet
  facet normal 0 0 1
    outer loop
      vertex -7.70334 16.7098 3.05
      vertex -7.70334 -16.7098 3.05
      vertex -7.04137 -16.9994 3.05
    endloop
  endfacet
  facet normal -0 0 1
    outer loop
      vertex -8.35343 16.3945 3.05
      vertex -7.70334 -16.7098 3.05
      vertex -7.70334 16.7098 3.05
    endloop
  endfacet
  facet normal 0 0 1
    outer loop
      vertex -8.35343 16.3945 3.05
      vertex -8.35343 -16.3945 3.05
      vertex -7.70334 -16.7098 3.05
    endloop
  endfacet
  facet normal -0 0 1
    outer loop
      vertex -8.99063 16.0539 3.05
      vertex -8.35343 -16.3945 3.05
      vertex -8.35343 16.3945 3.05
    endloop
  endfacet
  facet normal 0 0 1
    outer loop
      vertex -8.99063 16.0539 3.05
      vertex -8.99063 -16.0539 3.05
      vertex -8.35343 -16.3945 3.05
    endloop
  endfacet
  facet normal -0 0 1
    outer loop
      vertex -9.61397 15.6886 3.05
      vertex -8.99063 -16.0539 3.05
      vertex -8.99063 16.0539 3.05
    endloop
  endfacet
  facet normal 0 0 1
    outer loop
      vertex -9.61397 15.6886 3.05
      vertex -9.61397 -15.6886 3.05
      vertex -8.99063 -16.0539 3.05
    endloop
  endfacet
  facet normal -0 0 1
    outer loop
      vertex -10.2225 15.299 3.05
      vertex -9.61397 -15.6886 3.05
      vertex -9.61397 15.6886 3.05
    endloop
  endfacet
  facet normal 0 0 1
    outer loop
      vertex -10.2225 15.299 3.05
      vertex -10.2225 -15.299 3.05
      vertex -9.61397 -15.6886 3.05
    endloop
  endfacet
  facet normal -0 0 1
    outer loop
      vertex -10.8152 14.8859 3.05
      vertex -10.2225 -15.299 3.05
      vertex -10.2225 15.299 3.05
    endloop
  endfacet
  facet normal 0 0 1
    outer loop
      vertex -10.8152 14.8859 3.05
      vertex -10.8152 -14.8859 3.05
      vertex -10.2225 -15.299 3.05
    endloop
  endfacet
  facet normal -0 0 1
    outer loop
      vertex -11.3913 14.4498 3.05
      vertex -10.8152 -14.8859 3.05
      vertex -10.8152 14.8859 3.05
    endloop
  endfacet
  facet normal 0 0 1
    outer loop
      vertex -11.3913 14.4498 3.05
      vertex -11.3913 -14.4498 3.05
      vertex -10.8152 -14.8859 3.05
    endloop
  endfacet
  facet normal -0 0 1
    outer loop
      vertex -11.9498 13.9915 3.05
      vertex -11.3913 -14.4498 3.05
      vertex -11.3913 14.4498 3.05
    endloop
  endfacet
  facet normal 0 0 1
    outer loop
      vertex -11.9498 13.9915 3.05
      vertex -11.9498 -13.9915 3.05
      vertex -11.3913 -14.4498 3.05
    endloop
  endfacet
  facet normal -0 0 1
    outer loop
      vertex -12.4899 13.5115 3.05
      vertex -11.9498 -13.9915 3.05
      vertex -11.9498 13.9915 3.05
    endloop
  endfacet
  facet normal 0 0 1
    outer loop
      vertex -12.4899 13.5115 3.05
      vertex -12.4899 -13.5115 3.05
      vertex -11.9498 -13.9915 3.05
    endloop
  endfacet
  facet normal -0 0 1
    outer loop
      vertex -13.0108 13.0108 3.05
      vertex -12.4899 -13.5115 3.05
      vertex -12.4899 13.5115 3.05
    endloop
  endfacet
  facet normal 0 0 1
    outer loop
      vertex -13.0108 13.0108 3.05
      vertex -13.0108 -13.0108 3.05
      vertex -12.4899 -13.5115 3.05
    endloop
  endfacet
  facet normal -0 0 1
    outer loop
      vertex -13.5115 12.4899 3.05
      vertex -13.0108 -13.0108 3.05
      vertex -13.0108 13.0108 3.05
    endloop
  endfacet
  facet normal 0 0 1
    outer loop
      vertex -13.5115 12.4899 3.05
      vertex -13.5115 -12.4899 3.05
      vertex -13.0108 -13.0108 3.05
    endloop
  endfacet
  facet normal -0 0 1
    outer loop
      vertex -13.9915 11.9498 3.05
      vertex -13.5115 -12.4899 3.05
      vertex -13.5115 12.4899 3.05
    endloop
  endfacet
  facet normal 0 0 1
    outer loop
      vertex -13.9915 11.9498 3.05
      vertex -13.9915 -11.9498 3.05
      vertex -13.5115 -12.4899 3.05
    endloop
  endfacet
  facet normal -0 0 1
    outer loop
      vertex -14.4498 11.3913 3.05
      vertex -13.9915 -11.9498 3.05
      vertex -13.9915 11.9498 3.05
    endloop
  endfacet
  facet normal 0 0 1
    outer loop
      vertex -14.4498 11.3913 3.05
      vertex -14.4498 -11.3913 3.05
      vertex -13.9915 -11.9498 3.05
    endloop
  endfacet
  facet normal -0 0 1
    outer loop
      vertex -14.8859 10.8152 3.05
      vertex -14.4498 -11.3913 3.05
      vertex -14.4498 11.3913 3.05
    endloop
  endfacet
  facet normal 0 0 1
    outer loop
      vertex -14.8859 10.8152 3.05
      vertex -14.8859 -10.8152 3.05
      vertex -14.4498 -11.3913 3.05
    endloop
  endfacet
  facet normal -0 0 1
    outer loop
      vertex -15.299 10.2225 3.05
      vertex -14.8859 -10.8152 3.05
      vertex -14.8859 10.8152 3.05
    endloop
  endfacet
  facet normal 0 0 1
    outer loop
      vertex -15.299 10.2225 3.05
      vertex -15.299 -10.2225 3.05
      vertex -14.8859 -10.8152 3.05
    endloop
  endfacet
  facet normal -0 0 1
    outer loop
      vertex -15.6886 9.61397 3.05
      vertex -15.299 -10.2225 3.05
      vertex -15.299 10.2225 3.05
    endloop
  endfacet
  facet normal 0 0 1
    outer loop
      vertex -15.6886 9.61397 3.05
      vertex -15.6886 -9.61397 3.05
      vertex -15.299 -10.2225 3.05
    endloop
  endfacet
  facet normal -0 0 1
    outer loop
      vertex -16.0539 8.99063 3.05
      vertex -15.6886 -9.61397 3.05
      vertex -15.6886 9.61397 3.05
    endloop
  endfacet
  facet normal 0 0 1
    outer loop
      vertex -16.0539 8.99063 3.05
      vertex -16.0539 -8.99063 3.05
      vertex -15.6886 -9.61397 3.05
    endloop
  endfacet
  facet normal -0 0 1
    outer loop
      vertex -16.3945 8.35343 3.05
      vertex -16.0539 -8.99063 3.05
      vertex -16.0539 8.99063 3.05
    endloop
  endfacet
  facet normal 0 0 1
    outer loop
      vertex -16.3945 8.35343 3.05
      vertex -16.3945 -8.35343 3.05
      vertex -16.0539 -8.99063 3.05
    endloop
  endfacet
  facet normal -0 0 1
    outer loop
      vertex -16.7098 7.70334 3.05
      vertex -16.3945 -8.35343 3.05
      vertex -16.3945 8.35343 3.05
    endloop
  endfacet
  facet normal 0 0 1
    outer loop
      vertex -16.7098 7.70334 3.05
      vertex -16.7098 -7.70334 3.05
      vertex -16.3945 -8.35343 3.05
    endloop
  endfacet
  facet normal -0 0 1
    outer loop
      vertex -16.9994 7.04137 3.05
      vertex -16.7098 -7.70334 3.05
      vertex -16.7098 7.70334 3.05
    endloop
  endfacet
  facet normal 0 0 1
    outer loop
      vertex -16.9994 7.04137 3.05
      vertex -16.9994 -7.04137 3.05
      vertex -16.7098 -7.70334 3.05
    endloop
  endfacet
  facet normal -0 0 1
    outer loop
      vertex -17.2627 6.36855 3.05
      vertex -16.9994 -7.04137 3.05
      vertex -16.9994 7.04137 3.05
    endloop
  endfacet
  facet normal 0 0 1
    outer loop
      vertex -17.2627 6.36855 3.05
      vertex -17.2627 -6.36855 3.05
      vertex -16.9994 -7.04137 3.05
    endloop
  endfacet
  facet normal -0 0 1
    outer loop
      vertex -17.4994 5.68591 3.05
      vertex -17.2627 -6.36855 3.05
      vertex -17.2627 6.36855 3.05
    endloop
  endfacet
  facet normal 0 0 1
    outer loop
      vertex -17.4994 5.68591 3.05
      vertex -17.4994 -5.68591 3.05
      vertex -17.2627 -6.36855 3.05
    endloop
  endfacet
  facet normal -0 0 1
    outer loop
      vertex -17.7092 4.9945 3.05
      vertex -17.4994 -5.68591 3.05
      vertex -17.4994 5.68591 3.05
    endloop
  endfacet
  facet normal 0 0 1
    outer loop
      vertex -17.7092 4.9945 3.05
      vertex -17.7092 -4.9945 3.05
      vertex -17.4994 -5.68591 3.05
    endloop
  endfacet
  facet normal -0 0 1
    outer loop
      vertex -17.8916 4.29539 3.05
      vertex -17.7092 -4.9945 3.05
      vertex -17.7092 4.9945 3.05
    endloop
  endfacet
  facet normal 0 0 1
    outer loop
      vertex -17.8916 4.29539 3.05
      vertex -17.8916 -4.29539 3.05
      vertex -17.7092 -4.9945 3.05
    endloop
  endfacet
  facet normal -0 0 1
    outer loop
      vertex -18.0464 3.58966 3.05
      vertex -17.8916 -4.29539 3.05
      vertex -17.8916 4.29539 3.05
    endloop
  endfacet
  facet normal 0 0 1
    outer loop
      vertex -18.0464 3.58966 3.05
      vertex -18.0464 -3.58966 3.05
      vertex -17.8916 -4.29539 3.05
    endloop
  endfacet
  facet normal -0 0 1
    outer loop
      vertex -18.1735 2.87839 3.05
      vertex -18.0464 -3.58966 3.05
      vertex -18.0464 3.58966 3.05
    endloop
  endfacet
  facet normal 0 0 1
    outer loop
      vertex -18.1735 2.87839 3.05
      vertex -18.1735 -2.87839 3.05
      vertex -18.0464 -3.58966 3.05
    endloop
  endfacet
  facet normal -0 0 1
    outer loop
      vertex -18.2725 2.16269 3.05
      vertex -18.1735 -2.87839 3.05
      vertex -18.1735 2.87839 3.05
    endloop
  endfacet
  facet normal 0 0 1
    outer loop
      vertex -18.2725 2.16269 3.05
      vertex -18.2725 -2.16269 3.05
      vertex -18.1735 -2.87839 3.05
    endloop
  endfacet
  facet normal -0 0 1
    outer loop
      vertex -18.3433 1.44365 3.05
      vertex -18.2725 -2.16269 3.05
      vertex -18.2725 2.16269 3.05
    endloop
  endfacet
  facet normal 0 0 1
    outer loop
      vertex -18.3433 1.44365 3.05
      vertex -18.3433 -1.44365 3.05
      vertex -18.2725 -2.16269 3.05
    endloop
  endfacet
  facet normal -0 0 1
    outer loop
      vertex -18.3858 0.72238 3.05
      vertex -18.3433 -1.44365 3.05
      vertex -18.3433 1.44365 3.05
    endloop
  endfacet
  facet normal 0 0 1
    outer loop
      vertex -18.3858 0.72238 3.05
      vertex -18.3858 -0.72238 3.05
      vertex -18.3433 -1.44365 3.05
    endloop
  endfacet
  facet normal 0 -0 1
    outer loop
      vertex -18.3858 -0.72238 3.05
      vertex -18.3858 0.72238 3.05
      vertex -18.4 0 3.05
    endloop
  endfacet
  facet normal -0.995187 -0.0979907 0
    outer loop
      vertex 18.3433 1.44365 3.05
      vertex 18.2725 2.16269 11.5
      vertex 18.2725 2.16269 3.05
    endloop
  endfacet
  facet normal -0.995187 -0.0979907 0
    outer loop
      vertex 18.2725 2.16269 11.5
      vertex 18.3433 1.44365 3.05
      vertex 18.3433 1.44365 11.5
    endloop
  endfacet
  facet normal -0.998268 -0.0588218 0
    outer loop
      vertex 18.3858 0.72238 3.05
      vertex 18.3433 1.44365 11.5
      vertex 18.3433 1.44365 3.05
    endloop
  endfacet
  facet normal -0.998268 -0.0588218 0
    outer loop
      vertex 18.3433 1.44365 11.5
      vertex 18.3858 0.72238 3.05
      vertex 18.3858 0.72238 11.5
    endloop
  endfacet
  facet normal -0.976778 -0.214254 0
    outer loop
      vertex 18.0464 3.58966 3.05
      vertex 17.8916 4.29539 11.5
      vertex 17.8916 4.29539 3.05
    endloop
  endfacet
  facet normal -0.976778 -0.214254 0
    outer loop
      vertex 17.8916 4.29539 11.5
      vertex 18.0464 3.58966 3.05
      vertex 18.0464 3.58966 11.5
    endloop
  endfacet
  facet normal -0.967609 -0.252452 0
    outer loop
      vertex 17.8916 4.29539 3.05
      vertex 17.7092 4.9945 11.5
      vertex 17.7092 4.9945 3.05
    endloop
  endfacet
  facet normal -0.967609 -0.252452 0
    outer loop
      vertex 17.7092 4.9945 11.5
      vertex 17.8916 4.29539 3.05
      vertex 17.8916 4.29539 11.5
    endloop
  endfacet
  facet normal -0.797318 -0.603559 0
    outer loop
      vertex 14.8859 10.8152 3.05
      vertex 14.4498 11.3913 11.5
      vertex 14.4498 11.3913 3.05
    endloop
  endfacet
  facet normal -0.797318 -0.603559 0
    outer loop
      vertex 14.4498 11.3913 11.5
      vertex 14.8859 10.8152 3.05
      vertex 14.8859 10.8152 11.5
    endloop
  endfacet
  facet normal -0.773044 -0.634353 0
    outer loop
      vertex 14.4498 11.3913 3.05
      vertex 13.9915 11.9498 11.5
      vertex 13.9915 11.9498 3.05
    endloop
  endfacet
  facet normal -0.773044 -0.634353 0
    outer loop
      vertex 13.9915 11.9498 11.5
      vertex 14.4498 11.3913 3.05
      vertex 14.4498 11.3913 11.5
    endloop
  endfacet
  facet normal -0.881916 -0.471407 0
    outer loop
      vertex 16.3945 8.35343 3.05
      vertex 16.0539 8.99063 11.5
      vertex 16.0539 8.99063 3.05
    endloop
  endfacet
  facet normal -0.881916 -0.471407 0
    outer loop
      vertex 16.0539 8.99063 11.5
      vertex 16.3945 8.35343 3.05
      vertex 16.3945 8.35343 11.5
    endloop
  endfacet
  facet normal -0.842183 -0.539192 0
    outer loop
      vertex 15.6886 9.61397 3.05
      vertex 15.299 10.2225 11.5
      vertex 15.299 10.2225 3.05
    endloop
  endfacet
  facet normal -0.842183 -0.539192 0
    outer loop
      vertex 15.299 10.2225 11.5
      vertex 15.6886 9.61397 3.05
      vertex 15.6886 9.61397 11.5
    endloop
  endfacet
  facet normal -0.899757 -0.436391 0
    outer loop
      vertex 16.7098 7.70334 3.05
      vertex 16.3945 8.35343 11.5
      vertex 16.3945 8.35343 3.05
    endloop
  endfacet
  facet normal -0.899757 -0.436391 0
    outer loop
      vertex 16.3945 8.35343 11.5
      vertex 16.7098 7.70334 3.05
      vertex 16.7098 7.70334 11.5
    endloop
  endfacet
  facet normal -0.327607 -0.944814 0
    outer loop
      vertex 5.68591 17.4994 3.05
      vertex 6.36855 17.2627 11.5
      vertex 5.68591 17.4994 11.5
    endloop
  endfacet
  facet normal -0.327607 -0.944814 -0
    outer loop
      vertex 6.36855 17.2627 11.5
      vertex 5.68591 17.4994 3.05
      vertex 6.36855 17.2627 3.05
    endloop
  endfacet
  facet normal -0.214254 -0.976778 0
    outer loop
      vertex 3.58966 18.0464 3.05
      vertex 4.29539 17.8916 11.5
      vertex 3.58966 18.0464 11.5
    endloop
  endfacet
  facet normal -0.214254 -0.976778 -0
    outer loop
      vertex 4.29539 17.8916 11.5
      vertex 3.58966 18.0464 3.05
      vertex 4.29539 17.8916 3.05
    endloop
  endfacet
  facet normal -0.0979907 -0.995187 0
    outer loop
      vertex 1.44365 18.3433 3.05
      vertex 2.16269 18.2725 11.5
      vertex 1.44365 18.3433 11.5
    endloop
  endfacet
  facet normal -0.0979907 -0.995187 -0
    outer loop
      vertex 2.16269 18.2725 11.5
      vertex 1.44365 18.3433 3.05
      vertex 2.16269 18.2725 3.05
    endloop
  endfacet
  facet normal -0.175908 -0.984407 0
    outer loop
      vertex 2.87839 18.1735 3.05
      vertex 3.58966 18.0464 11.5
      vertex 2.87839 18.1735 11.5
    endloop
  endfacet
  facet normal -0.175908 -0.984407 -0
    outer loop
      vertex 3.58966 18.0464 11.5
      vertex 2.87839 18.1735 3.05
      vertex 3.58966 18.0464 3.05
    endloop
  endfacet
  facet normal -0.0588218 -0.998268 0
    outer loop
      vertex 0.72238 18.3858 3.05
      vertex 1.44365 18.3433 11.5
      vertex 0.72238 18.3858 11.5
    endloop
  endfacet
  facet normal -0.0588218 -0.998268 -0
    outer loop
      vertex 1.44365 18.3433 11.5
      vertex 0.72238 18.3858 3.05
      vertex 1.44365 18.3433 3.05
    endloop
  endfacet
  facet normal -0.471407 -0.881916 0
    outer loop
      vertex 8.35343 16.3945 3.05
      vertex 8.99063 16.0539 11.5
      vertex 8.35343 16.3945 11.5
    endloop
  endfacet
  facet normal -0.471407 -0.881916 -0
    outer loop
      vertex 8.99063 16.0539 11.5
      vertex 8.35343 16.3945 3.05
      vertex 8.99063 16.0539 3.05
    endloop
  endfacet
  facet normal -0.436391 -0.899757 0
    outer loop
      vertex 7.70334 16.7098 3.05
      vertex 8.35343 16.3945 11.5
      vertex 7.70334 16.7098 11.5
    endloop
  endfacet
  facet normal -0.436391 -0.899757 -0
    outer loop
      vertex 8.35343 16.3945 11.5
      vertex 7.70334 16.7098 3.05
      vertex 8.35343 16.3945 3.05
    endloop
  endfacet
  facet normal -0.571798 -0.820394 0
    outer loop
      vertex 10.2225 15.299 3.05
      vertex 10.8152 14.8859 11.5
      vertex 10.2225 15.299 11.5
    endloop
  endfacet
  facet normal -0.571798 -0.820394 -0
    outer loop
      vertex 10.8152 14.8859 11.5
      vertex 10.2225 15.299 3.05
      vertex 10.8152 14.8859 3.05
    endloop
  endfacet
  facet normal -0.664295 -0.74747 0
    outer loop
      vertex 11.9498 13.9915 3.05
      vertex 12.4899 13.5115 11.5
      vertex 11.9498 13.9915 11.5
    endloop
  endfacet
  facet normal -0.664295 -0.74747 -0
    outer loop
      vertex 12.4899 13.5115 11.5
      vertex 11.9498 13.9915 3.05
      vertex 12.4899 13.5115 3.05
    endloop
  endfacet
  facet normal 0.720947 -0.69299 0
    outer loop
      vertex -13.5115 12.4899 11.5
      vertex -13.0108 13.0108 3.05
      vertex -13.0108 13.0108 11.5
    endloop
  endfacet
  facet normal 0.720947 -0.69299 0
    outer loop
      vertex -13.0108 13.0108 3.05
      vertex -13.5115 12.4899 11.5
      vertex -13.5115 12.4899 3.05
    endloop
  endfacet
  facet normal 0.820394 -0.571798 0
    outer loop
      vertex -15.299 10.2225 11.5
      vertex -14.8859 10.8152 3.05
      vertex -14.8859 10.8152 11.5
    endloop
  endfacet
  facet normal 0.820394 -0.571798 0
    outer loop
      vertex -14.8859 10.8152 3.05
      vertex -15.299 10.2225 11.5
      vertex -15.299 10.2225 3.05
    endloop
  endfacet
  facet normal 0.862762 -0.50561 0
    outer loop
      vertex -16.0539 8.99063 11.5
      vertex -15.6886 9.61397 3.05
      vertex -15.6886 9.61397 11.5
    endloop
  endfacet
  facet normal 0.862762 -0.50561 0
    outer loop
      vertex -15.6886 9.61397 3.05
      vertex -16.0539 8.99063 11.5
      vertex -16.0539 8.99063 3.05
    endloop
  endfacet
  facet normal 0.899757 -0.436391 0
    outer loop
      vertex -16.7098 7.70334 11.5
      vertex -16.3945 8.35343 3.05
      vertex -16.3945 8.35343 11.5
    endloop
  endfacet
  facet normal 0.899757 -0.436391 0
    outer loop
      vertex -16.3945 8.35343 3.05
      vertex -16.7098 7.70334 11.5
      vertex -16.7098 7.70334 3.05
    endloop
  endfacet
  facet normal 0.881916 -0.471407 0
    outer loop
      vertex -16.3945 8.35343 11.5
      vertex -16.0539 8.99063 3.05
      vertex -16.0539 8.99063 11.5
    endloop
  endfacet
  facet normal 0.881916 -0.471407 0
    outer loop
      vertex -16.0539 8.99063 3.05
      vertex -16.3945 8.35343 11.5
      vertex -16.3945 8.35343 3.05
    endloop
  endfacet
  facet normal 0.976778 -0.214254 0
    outer loop
      vertex -18.0464 3.58966 11.5
      vertex -17.8916 4.29539 3.05
      vertex -17.8916 4.29539 11.5
    endloop
  endfacet
  facet normal 0.976778 -0.214254 0
    outer loop
      vertex -17.8916 4.29539 3.05
      vertex -18.0464 3.58966 11.5
      vertex -18.0464 3.58966 3.05
    endloop
  endfacet
  facet normal 0.995187 -0.0979907 0
    outer loop
      vertex -18.3433 1.44365 11.5
      vertex -18.2725 2.16269 3.05
      vertex -18.2725 2.16269 11.5
    endloop
  endfacet
  facet normal 0.995187 -0.0979907 0
    outer loop
      vertex -18.2725 2.16269 3.05
      vertex -18.3433 1.44365 11.5
      vertex -18.3433 1.44365 3.05
    endloop
  endfacet
  facet normal 0.984407 -0.175908 0
    outer loop
      vertex -18.1735 2.87839 11.5
      vertex -18.0464 3.58966 3.05
      vertex -18.0464 3.58966 11.5
    endloop
  endfacet
  facet normal 0.984407 -0.175908 0
    outer loop
      vertex -18.0464 3.58966 3.05
      vertex -18.1735 2.87839 11.5
      vertex -18.1735 2.87839 3.05
    endloop
  endfacet
  facet normal 0.998268 -0.0588218 0
    outer loop
      vertex -18.3858 0.72238 11.5
      vertex -18.3433 1.44365 3.05
      vertex -18.3433 1.44365 11.5
    endloop
  endfacet
  facet normal 0.998268 -0.0588218 0
    outer loop
      vertex -18.3433 1.44365 3.05
      vertex -18.3858 0.72238 11.5
      vertex -18.3858 0.72238 3.05
    endloop
  endfacet
  facet normal 0.634353 -0.773044 0
    outer loop
      vertex -11.9498 13.9915 3.05
      vertex -11.3913 14.4498 11.5
      vertex -11.9498 13.9915 11.5
    endloop
  endfacet
  facet normal 0.634353 -0.773044 0
    outer loop
      vertex -11.3913 14.4498 11.5
      vertex -11.9498 13.9915 3.05
      vertex -11.3913 14.4498 3.05
    endloop
  endfacet
  facet normal 0.400805 -0.916163 0
    outer loop
      vertex -7.70334 16.7098 3.05
      vertex -7.04137 16.9994 11.5
      vertex -7.70334 16.7098 11.5
    endloop
  endfacet
  facet normal 0.400805 -0.916163 0
    outer loop
      vertex -7.04137 16.9994 11.5
      vertex -7.70334 16.7098 3.05
      vertex -7.04137 16.9994 3.05
    endloop
  endfacet
  facet normal 0.571798 -0.820394 0
    outer loop
      vertex -10.8152 14.8859 3.05
      vertex -10.2225 15.299 11.5
      vertex -10.8152 14.8859 11.5
    endloop
  endfacet
  facet normal 0.571798 -0.820394 0
    outer loop
      vertex -10.2225 15.299 11.5
      vertex -10.8152 14.8859 3.05
      vertex -10.2225 15.299 3.05
    endloop
  endfacet
  facet normal 0.664295 -0.74747 0
    outer loop
      vertex -12.4899 13.5115 3.05
      vertex -11.9498 13.9915 11.5
      vertex -12.4899 13.5115 11.5
    endloop
  endfacet
  facet normal 0.664295 -0.74747 0
    outer loop
      vertex -11.9498 13.9915 11.5
      vertex -12.4899 13.5115 3.05
      vertex -11.9498 13.9915 3.05
    endloop
  endfacet
  facet normal 0.252452 -0.967609 0
    outer loop
      vertex -4.9945 17.7092 3.05
      vertex -4.29539 17.8916 11.5
      vertex -4.9945 17.7092 11.5
    endloop
  endfacet
  facet normal 0.252452 -0.967609 0
    outer loop
      vertex -4.29539 17.8916 11.5
      vertex -4.9945 17.7092 3.05
      vertex -4.29539 17.8916 3.05
    endloop
  endfacet
  facet normal 0.327607 -0.944814 0
    outer loop
      vertex -6.36855 17.2627 3.05
      vertex -5.68591 17.4994 11.5
      vertex -6.36855 17.2627 11.5
    endloop
  endfacet
  facet normal 0.327607 -0.944814 0
    outer loop
      vertex -5.68591 17.4994 11.5
      vertex -6.36855 17.2627 3.05
      vertex -5.68591 17.4994 3.05
    endloop
  endfacet
  facet normal 0.0196534 -0.999807 0
    outer loop
      vertex -0.72238 18.3858 3.05
      vertex 0 18.4 11.5
      vertex -0.72238 18.3858 11.5
    endloop
  endfacet
  facet normal 0.0196534 -0.999807 0
    outer loop
      vertex 0 18.4 11.5
      vertex -0.72238 18.3858 3.05
      vertex 0 18.4 3.05
    endloop
  endfacet
  facet normal -0.252777 0.967525 0
    outer loop
      vertex 4.9945 -17.7092 3.05
      vertex 4.9834 -17.7121 3.89482
      vertex 4.9945 -17.7092 3.90469
    endloop
  endfacet
  facet normal -0.25177 0.967787 1.41232e-05
    outer loop
      vertex 4.9945 -17.7092 3.05
      vertex 4.89537 -17.735 3.82258
      vertex 4.9834 -17.7121 3.89482
    endloop
  endfacet
  facet normal -0.252516 0.967593 -8.8001e-05
    outer loop
      vertex 4.9945 -17.7092 3.05
      vertex 4.80458 -17.7587 3.75385
      vertex 4.89537 -17.735 3.82258
    endloop
  endfacet
  facet normal -0.252608 0.967569 -0.000114719
    outer loop
      vertex 4.9945 -17.7092 3.05
      vertex 4.71115 -17.7831 3.68874
      vertex 4.80458 -17.7587 3.75385
    endloop
  endfacet
  facet normal -0.252282 0.967654 4.01073e-05
    outer loop
      vertex 4.9945 -17.7092 3.05
      vertex 4.61525 -17.8081 3.62734
      vertex 4.71115 -17.7831 3.68874
    endloop
  endfacet
  facet normal -0.252862 0.967502 -0.000366997
    outer loop
      vertex 4.9945 -17.7092 3.05
      vertex 4.517 -17.8338 3.56976
      vertex 4.61525 -17.8081 3.62734
    endloop
  endfacet
  facet normal -0.252449 0.96761 3.8266e-05
    outer loop
      vertex 4.9945 -17.7092 3.05
      vertex 4.41657 -17.86 3.51608
      vertex 4.517 -17.8338 3.56976
    endloop
  endfacet
  facet normal -0.252452 0.967609 3.37225e-05
    outer loop
      vertex 4.29539 -17.8916 3.05
      vertex 4.41657 -17.86 3.51608
      vertex 4.9945 -17.7092 3.05
    endloop
  endfacet
  facet normal -0.252145 0.96769 -5.17098e-05
    outer loop
      vertex 4.41657 -17.86 3.51608
      vertex 4.29539 -17.8916 3.05
      vertex 4.31411 -17.8867 3.46638
    endloop
  endfacet
  facet normal -0.253221 0.967408 0
    outer loop
      vertex 4.31411 -17.8867 3.46638
      vertex 4.29539 -17.8916 3.05
      vertex 4.29539 -17.8916 3.4582
    endloop
  endfacet
  facet normal -0.252452 0.967609 0
    outer loop
      vertex 4.9945 -17.7092 11.5
      vertex 4.29539 -17.8916 8.7418
      vertex 4.29539 -17.8916 11.5
    endloop
  endfacet
  facet normal -0.253144 0.967428 0.0001874
    outer loop
      vertex 4.9945 -17.7092 11.5
      vertex 4.31411 -17.8867 8.73361
      vertex 4.29539 -17.8916 8.7418
    endloop
  endfacet
  facet normal -0.252196 0.967676 -6.17263e-05
    outer loop
      vertex 4.9945 -17.7092 11.5
      vertex 4.41657 -17.86 8.68392
      vertex 4.31411 -17.8867 8.73361
    endloop
  endfacet
  facet normal -0.252434 0.967614 -9.48985e-06
    outer loop
      vertex 4.9945 -17.7092 11.5
      vertex 4.517 -17.8338 8.63024
      vertex 4.41657 -17.86 8.68392
    endloop
  endfacet
  facet normal -0.253012 0.967463 9.31671e-05
    outer loop
      vertex 4.9945 -17.7092 11.5
      vertex 4.61525 -17.8081 8.57266
      vertex 4.517 -17.8338 8.63024
    endloop
  endfacet
  facet normal -0.252264 0.967658 -1.03763e-05
    outer loop
      vertex 4.9945 -17.7092 11.5
      vertex 4.71115 -17.7831 8.51126
      vertex 4.61525 -17.8081 8.57266
    endloop
  endfacet
  facet normal -0.252664 0.967554 3.0107e-05
    outer loop
      vertex 4.9945 -17.7092 11.5
      vertex 4.80458 -17.7587 8.44615
      vertex 4.71115 -17.7831 8.51126
    endloop
  endfacet
  facet normal -0.252562 0.967581 2.33269e-05
    outer loop
      vertex 4.9945 -17.7092 11.5
      vertex 4.89537 -17.735 8.37742
      vertex 4.80458 -17.7587 8.44615
    endloop
  endfacet
  facet normal -0.251762 0.967789 -3.76421e-06
    outer loop
      vertex 4.9945 -17.7092 11.5
      vertex 4.9834 -17.7121 8.30518
      vertex 4.89537 -17.735 8.37742
    endloop
  endfacet
  facet normal -0.252777 0.967525 0
    outer loop
      vertex 4.9834 -17.7121 8.30518
      vertex 4.9945 -17.7092 11.5
      vertex 4.9945 -17.7092 8.29531
    endloop
  endfacet
  facet normal -0.364426 0.931232 0
    outer loop
      vertex 7.04137 -16.9994 3.05
      vertex 6.36855 -17.2627 11.5
      vertex 7.04137 -16.9994 11.5
    endloop
  endfacet
  facet normal -0.364426 0.931232 0
    outer loop
      vertex 6.36855 -17.2627 11.5
      vertex 7.04137 -16.9994 3.05
      vertex 6.36855 -17.2627 3.05
    endloop
  endfacet
  facet normal -0.603559 0.797318 0
    outer loop
      vertex 11.3913 -14.4498 3.05
      vertex 10.8152 -14.8859 11.5
      vertex 11.3913 -14.4498 11.5
    endloop
  endfacet
  facet normal -0.603559 0.797318 0
    outer loop
      vertex 10.8152 -14.8859 11.5
      vertex 11.3913 -14.4498 3.05
      vertex 10.8152 -14.8859 3.05
    endloop
  endfacet
  facet normal -0.664295 0.74747 0
    outer loop
      vertex 12.4899 -13.5115 3.05
      vertex 11.9498 -13.9915 11.5
      vertex 12.4899 -13.5115 11.5
    endloop
  endfacet
  facet normal -0.664295 0.74747 0
    outer loop
      vertex 11.9498 -13.9915 11.5
      vertex 12.4899 -13.5115 3.05
      vertex 11.9498 -13.9915 3.05
    endloop
  endfacet
  facet normal -0.436391 0.899757 0
    outer loop
      vertex 8.35343 -16.3945 3.05
      vertex 7.70334 -16.7098 11.5
      vertex 8.35343 -16.3945 11.5
    endloop
  endfacet
  facet normal -0.436391 0.899757 0
    outer loop
      vertex 7.70334 -16.7098 11.5
      vertex 8.35343 -16.3945 3.05
      vertex 7.70334 -16.7098 3.05
    endloop
  endfacet
  facet normal -0.797318 0.603559 0
    outer loop
      vertex 14.4498 -11.3913 3.05
      vertex 14.8859 -10.8152 11.5
      vertex 14.8859 -10.8152 3.05
    endloop
  endfacet
  facet normal -0.797318 0.603559 0
    outer loop
      vertex 14.8859 -10.8152 11.5
      vertex 14.4498 -11.3913 3.05
      vertex 14.4498 -11.3913 11.5
    endloop
  endfacet
  facet normal -0.74747 0.664295 0
    outer loop
      vertex 13.5115 -12.4899 3.05
      vertex 13.9915 -11.9498 11.5
      vertex 13.9915 -11.9498 3.05
    endloop
  endfacet
  facet normal -0.74747 0.664295 0
    outer loop
      vertex 13.9915 -11.9498 11.5
      vertex 13.5115 -12.4899 3.05
      vertex 13.5115 -12.4899 11.5
    endloop
  endfacet
  facet normal -0.820394 0.571798 0
    outer loop
      vertex 14.8859 -10.8152 3.05
      vertex 15.299 -10.2225 11.5
      vertex 15.299 -10.2225 3.05
    endloop
  endfacet
  facet normal -0.820394 0.571798 0
    outer loop
      vertex 15.299 -10.2225 11.5
      vertex 14.8859 -10.8152 3.05
      vertex 14.8859 -10.8152 11.5
    endloop
  endfacet
  facet normal -0.899757 0.436391 0
    outer loop
      vertex 16.3945 -8.35343 3.05
      vertex 16.7098 -7.70334 11.5
      vertex 16.7098 -7.70334 3.05
    endloop
  endfacet
  facet normal -0.899757 0.436391 0
    outer loop
      vertex 16.7098 -7.70334 11.5
      vertex 16.3945 -8.35343 3.05
      vertex 16.3945 -8.35343 11.5
    endloop
  endfacet
  facet normal -0.862762 0.50561 0
    outer loop
      vertex 15.6886 -9.61397 3.05
      vertex 16.0539 -8.99063 11.5
      vertex 16.0539 -8.99063 3.05
    endloop
  endfacet
  facet normal -0.862762 0.50561 0
    outer loop
      vertex 16.0539 -8.99063 11.5
      vertex 15.6886 -9.61397 3.05
      vertex 15.6886 -9.61397 11.5
    endloop
  endfacet
  facet normal -0.944814 0.327607 0
    outer loop
      vertex 17.2627 -6.36855 3.05
      vertex 17.4994 -5.68591 11.5
      vertex 17.4994 -5.68591 3.05
    endloop
  endfacet
  facet normal -0.944814 0.327607 0
    outer loop
      vertex 17.4994 -5.68591 11.5
      vertex 17.2627 -6.36855 3.05
      vertex 17.2627 -6.36855 11.5
    endloop
  endfacet
  facet normal -0.967609 0.252452 0
    outer loop
      vertex 17.7092 -4.9945 3.05
      vertex 17.8916 -4.29539 11.5
      vertex 17.8916 -4.29539 3.05
    endloop
  endfacet
  facet normal -0.967609 0.252452 0
    outer loop
      vertex 17.8916 -4.29539 11.5
      vertex 17.7092 -4.9945 3.05
      vertex 17.7092 -4.9945 11.5
    endloop
  endfacet
  facet normal 0.0979907 0.995187 -0
    outer loop
      vertex -1.44365 -18.3433 3.05
      vertex -2.16269 -18.2725 3.2
      vertex -1.44365 -18.3433 3.2
    endloop
  endfacet
  facet normal 0.0979907 0.995187 0
    outer loop
      vertex -2.16269 -18.2725 3.2
      vertex -1.44365 -18.3433 3.05
      vertex -2.16269 -18.2725 3.05
    endloop
  endfacet
  facet normal 0.0979907 0.995187 -0
    outer loop
      vertex -1.44365 -18.3433 9
      vertex -2.16269 -18.2725 11.5
      vertex -1.44365 -18.3433 11.5
    endloop
  endfacet
  facet normal 0.0979907 0.995187 0
    outer loop
      vertex -2.16269 -18.2725 11.5
      vertex -1.44365 -18.3433 9
      vertex -2.16269 -18.2725 9
    endloop
  endfacet
  facet normal 0.69299 0.720947 -0
    outer loop
      vertex -12.4899 -13.5115 3.05
      vertex -13.0108 -13.0108 11.5
      vertex -12.4899 -13.5115 11.5
    endloop
  endfacet
  facet normal 0.69299 0.720947 0
    outer loop
      vertex -13.0108 -13.0108 11.5
      vertex -12.4899 -13.5115 3.05
      vertex -13.0108 -13.0108 3.05
    endloop
  endfacet
  facet normal 0.436391 0.899757 -0
    outer loop
      vertex -7.70334 -16.7098 3.05
      vertex -8.35343 -16.3945 11.5
      vertex -7.70334 -16.7098 11.5
    endloop
  endfacet
  facet normal 0.436391 0.899757 0
    outer loop
      vertex -8.35343 -16.3945 11.5
      vertex -7.70334 -16.7098 3.05
      vertex -8.35343 -16.3945 3.05
    endloop
  endfacet
  facet normal 0.364426 0.931232 -0
    outer loop
      vertex -6.36855 -17.2627 3.05
      vertex -7.04137 -16.9994 11.5
      vertex -6.36855 -17.2627 11.5
    endloop
  endfacet
  facet normal 0.364426 0.931232 0
    outer loop
      vertex -7.04137 -16.9994 11.5
      vertex -6.36855 -17.2627 3.05
      vertex -7.04137 -16.9994 3.05
    endloop
  endfacet
  facet normal 0.290365 0.956916 0
    outer loop
      vertex -5.68591 -17.4994 3.05
      vertex -4.9945 -17.7092 3.90469
      vertex -4.9945 -17.7092 3.05
    endloop
  endfacet
  facet normal 0.290637 0.956833 -0.000240479
    outer loop
      vertex -4.9945 -17.7092 3.90469
      vertex -5.68591 -17.4994 3.05
      vertex -5.06852 -17.6867 3.97046
    endloop
  endfacet
  facet normal 0.290283 0.956941 1.88322e-05
    outer loop
      vertex -5.06852 -17.6867 3.97046
      vertex -5.68591 -17.4994 3.05
      vertex -5.15061 -17.6618 4.04939
    endloop
  endfacet
  facet normal 0.289988 0.95703 0.000191383
    outer loop
      vertex -5.15061 -17.6618 4.04939
      vertex -5.68591 -17.4994 3.05
      vertex -5.22954 -17.6379 4.13148
    endloop
  endfacet
  facet normal 0.290754 0.956798 -0.000161542
    outer loop
      vertex -5.22954 -17.6379 4.13148
      vertex -5.68591 -17.4994 3.05
      vertex -5.30518 -17.6149 4.2166
    endloop
  endfacet
  facet normal 0.29017 0.956975 4.6577e-05
    outer loop
      vertex -5.30518 -17.6149 4.2166
      vertex -5.68591 -17.4994 3.05
      vertex -5.37742 -17.593 4.30463
    endloop
  endfacet
  facet normal 0.289827 0.957079 0.000138537
    outer loop
      vertex -5.37742 -17.593 4.30463
      vertex -5.68591 -17.4994 3.05
      vertex -5.44615 -17.5722 4.39542
    endloop
  endfacet
  facet normal 0.290863 0.956765 -6.29719e-05
    outer loop
      vertex -5.44615 -17.5722 4.39542
      vertex -5.68591 -17.4994 3.05
      vertex -5.51126 -17.5524 4.48885
    endloop
  endfacet
  facet normal 0.289995 0.957028 5.19974e-05
    outer loop
      vertex -5.51126 -17.5524 4.48885
      vertex -5.68591 -17.4994 3.05
      vertex -5.57266 -17.5338 4.58475
    endloop
  endfacet
  facet normal 0.290774 0.956792 -1.0799e-05
    outer loop
      vertex -5.57266 -17.5338 4.58475
      vertex -5.68591 -17.4994 3.05
      vertex -5.63024 -17.5163 4.683
    endloop
  endfacet
  facet normal 0.290548 0.956861 -2.34981e-06
    outer loop
      vertex -5.63024 -17.5163 4.683
      vertex -5.68591 -17.4994 3.05
      vertex -5.68392 -17.5 4.78343
    endloop
  endfacet
  facet normal 0.288672 0.957428 0
    outer loop
      vertex -5.68392 -17.5 4.78343
      vertex -5.68591 -17.4994 3.05
      vertex -5.68591 -17.4994 4.78754
    endloop
  endfacet
  facet normal 0.290365 0.956916 -0
    outer loop
      vertex -4.9945 -17.7092 8.29531
      vertex -5.68591 -17.4994 11.5
      vertex -4.9945 -17.7092 11.5
    endloop
  endfacet
  facet normal 0.290757 0.956797 9.24997e-05
    outer loop
      vertex -5.06852 -17.6867 8.22954
      vertex -5.68591 -17.4994 11.5
      vertex -4.9945 -17.7092 8.29531
    endloop
  endfacet
  facet normal 0.290273 0.956944 -7.37915e-06
    outer loop
      vertex -5.15061 -17.6618 8.15061
      vertex -5.68591 -17.4994 11.5
      vertex -5.06852 -17.6867 8.22954
    endloop
  endfacet
  facet normal 0.289878 0.957064 -7.62459e-05
    outer loop
      vertex -5.22954 -17.6379 8.06852
      vertex -5.68591 -17.4994 11.5
      vertex -5.15061 -17.6618 8.15061
    endloop
  endfacet
  facet normal 0.290853 0.956768 6.53121e-05
    outer loop
      vertex -5.30518 -17.6149 7.9834
      vertex -5.68591 -17.4994 11.5
      vertex -5.22954 -17.6379 8.06852
    endloop
  endfacet
  facet normal 0.290139 0.956985 -1.90795e-05
    outer loop
      vertex -5.37742 -17.593 7.89537
      vertex -5.68591 -17.4994 11.5
      vertex -5.30518 -17.6149 7.9834
    endloop
  endfacet
  facet normal 0.289729 0.957109 -5.73944e-05
    outer loop
      vertex -5.44615 -17.5722 7.80458
      vertex -5.68591 -17.4994 11.5
      vertex -5.37742 -17.593 7.89537
    endloop
  endfacet
  facet normal 0.290911 0.95675 2.6337e-05
    outer loop
      vertex -5.51126 -17.5524 7.71115
      vertex -5.68591 -17.4994 11.5
      vertex -5.44615 -17.5722 7.80458
    endloop
  endfacet
  facet normal 0.289952 0.957041 -2.19128e-05
    outer loop
      vertex -5.57266 -17.5338 7.61525
      vertex -5.68591 -17.4994 11.5
      vertex -5.51126 -17.5524 7.71115
    endloop
  endfacet
  facet normal 0.290784 0.956789 4.57591e-06
    outer loop
      vertex -5.63024 -17.5163 7.517
      vertex -5.68591 -17.4994 11.5
      vertex -5.57266 -17.5338 7.61525
    endloop
  endfacet
  facet normal 0.29055 0.95686 9.98735e-07
    outer loop
      vertex -5.68392 -17.5 7.41657
      vertex -5.68591 -17.4994 11.5
      vertex -5.63024 -17.5163 7.517
    endloop
  endfacet
  facet normal 0.288672 0.957428 0
    outer loop
      vertex -5.68591 -17.4994 11.5
      vertex -5.68392 -17.5 7.41657
      vertex -5.68591 -17.4994 7.41246
    endloop
  endfacet
  facet normal 0.253221 0.967408 -0
    outer loop
      vertex -4.29539 -17.8916 3.05
      vertex -4.31411 -17.8867 3.46638
      vertex -4.29539 -17.8916 3.4582
    endloop
  endfacet
  facet normal 0.252145 0.96769 -5.17098e-05
    outer loop
      vertex -4.29539 -17.8916 3.05
      vertex -4.41657 -17.86 3.51608
      vertex -4.31411 -17.8867 3.46638
    endloop
  endfacet
  facet normal 0.252446 0.967611 3.18828e-05
    outer loop
      vertex -4.29539 -17.8916 3.05
      vertex -4.517 -17.8338 3.56976
      vertex -4.41657 -17.86 3.51608
    endloop
  endfacet
  facet normal 0.252452 0.967609 3.48997e-05
    outer loop
      vertex -4.9945 -17.7092 3.05
      vertex -4.517 -17.8338 3.56976
      vertex -4.29539 -17.8916 3.05
    endloop
  endfacet
  facet normal 0.252862 0.967502 -0.000366997
    outer loop
      vertex -4.517 -17.8338 3.56976
      vertex -4.9945 -17.7092 3.05
      vertex -4.61525 -17.8081 3.62734
    endloop
  endfacet
  facet normal 0.252282 0.967654 4.01073e-05
    outer loop
      vertex -4.61525 -17.8081 3.62734
      vertex -4.9945 -17.7092 3.05
      vertex -4.71115 -17.7831 3.68874
    endloop
  endfacet
  facet normal 0.252608 0.967569 -0.000114719
    outer loop
      vertex -4.71115 -17.7831 3.68874
      vertex -4.9945 -17.7092 3.05
      vertex -4.80458 -17.7587 3.75385
    endloop
  endfacet
  facet normal 0.252516 0.967593 -8.8001e-05
    outer loop
      vertex -4.80458 -17.7587 3.75385
      vertex -4.9945 -17.7092 3.05
      vertex -4.89537 -17.735 3.82258
    endloop
  endfacet
  facet normal 0.25177 0.967787 1.41232e-05
    outer loop
      vertex -4.89537 -17.735 3.82258
      vertex -4.9945 -17.7092 3.05
      vertex -4.9834 -17.7121 3.89482
    endloop
  endfacet
  facet normal 0.252777 0.967525 0
    outer loop
      vertex -4.9834 -17.7121 3.89482
      vertex -4.9945 -17.7092 3.05
      vertex -4.9945 -17.7092 3.90469
    endloop
  endfacet
  facet normal 0.252452 0.967609 -0
    outer loop
      vertex -4.29539 -17.8916 8.7418
      vertex -4.9945 -17.7092 11.5
      vertex -4.29539 -17.8916 11.5
    endloop
  endfacet
  facet normal 0.253144 0.967428 0.0001874
    outer loop
      vertex -4.31411 -17.8867 8.73361
      vertex -4.9945 -17.7092 11.5
      vertex -4.29539 -17.8916 8.7418
    endloop
  endfacet
  facet normal 0.252196 0.967676 -6.17263e-05
    outer loop
      vertex -4.41657 -17.86 8.68392
      vertex -4.9945 -17.7092 11.5
      vertex -4.31411 -17.8867 8.73361
    endloop
  endfacet
  facet normal 0.252434 0.967614 -9.48985e-06
    outer loop
      vertex -4.517 -17.8338 8.63024
      vertex -4.9945 -17.7092 11.5
      vertex -4.41657 -17.86 8.68392
    endloop
  endfacet
  facet normal 0.253012 0.967463 9.31671e-05
    outer loop
      vertex -4.61525 -17.8081 8.57266
      vertex -4.9945 -17.7092 11.5
      vertex -4.517 -17.8338 8.63024
    endloop
  endfacet
  facet normal 0.252264 0.967658 -1.03763e-05
    outer loop
      vertex -4.71115 -17.7831 8.51126
      vertex -4.9945 -17.7092 11.5
      vertex -4.61525 -17.8081 8.57266
    endloop
  endfacet
  facet normal 0.252664 0.967554 3.0107e-05
    outer loop
      vertex -4.80458 -17.7587 8.44615
      vertex -4.9945 -17.7092 11.5
      vertex -4.71115 -17.7831 8.51126
    endloop
  endfacet
  facet normal 0.252562 0.967581 2.33269e-05
    outer loop
      vertex -4.89537 -17.735 8.37742
      vertex -4.9945 -17.7092 11.5
      vertex -4.80458 -17.7587 8.44615
    endloop
  endfacet
  facet normal 0.251762 0.967789 -3.76421e-06
    outer loop
      vertex -4.9834 -17.7121 8.30518
      vertex -4.9945 -17.7092 11.5
      vertex -4.89537 -17.735 8.37742
    endloop
  endfacet
  facet normal 0.252777 0.967525 0
    outer loop
      vertex -4.9945 -17.7092 11.5
      vertex -4.9834 -17.7121 8.30518
      vertex -4.9945 -17.7092 8.29531
    endloop
  endfacet
  facet normal 0.0588218 0.998268 -0
    outer loop
      vertex -0.72238 -18.3858 3.05
      vertex -1.44365 -18.3433 3.2
      vertex -0.72238 -18.3858 3.2
    endloop
  endfacet
  facet normal 0.0588218 0.998268 0
    outer loop
      vertex -1.44365 -18.3433 3.2
      vertex -0.72238 -18.3858 3.05
      vertex -1.44365 -18.3433 3.05
    endloop
  endfacet
  facet normal 0.0588218 0.998268 -0
    outer loop
      vertex -0.72238 -18.3858 9
      vertex -1.44365 -18.3433 11.5
      vertex -0.72238 -18.3858 11.5
    endloop
  endfacet
  facet normal 0.0588218 0.998268 0
    outer loop
      vertex -1.44365 -18.3433 11.5
      vertex -0.72238 -18.3858 9
      vertex -1.44365 -18.3433 9
    endloop
  endfacet
  facet normal 0.916163 0.400805 0
    outer loop
      vertex -16.7098 -7.70334 11.5
      vertex -16.9994 -7.04137 3.05
      vertex -16.9994 -7.04137 11.5
    endloop
  endfacet
  facet normal 0.916163 0.400805 0
    outer loop
      vertex -16.9994 -7.04137 3.05
      vertex -16.7098 -7.70334 11.5
      vertex -16.7098 -7.70334 3.05
    endloop
  endfacet
  facet normal 0.881916 0.471407 0
    outer loop
      vertex -16.0539 -8.99063 11.5
      vertex -16.3945 -8.35343 3.05
      vertex -16.3945 -8.35343 11.5
    endloop
  endfacet
  facet normal 0.881916 0.471407 0
    outer loop
      vertex -16.3945 -8.35343 3.05
      vertex -16.0539 -8.99063 11.5
      vertex -16.0539 -8.99063 3.05
    endloop
  endfacet
  facet normal 0.820394 0.571798 0
    outer loop
      vertex -14.8859 -10.8152 11.5
      vertex -15.299 -10.2225 3.05
      vertex -15.299 -10.2225 11.5
    endloop
  endfacet
  facet normal 0.820394 0.571798 0
    outer loop
      vertex -15.299 -10.2225 3.05
      vertex -14.8859 -10.8152 11.5
      vertex -14.8859 -10.8152 3.05
    endloop
  endfacet
  facet normal 0.931232 0.364426 0
    outer loop
      vertex -16.9994 -7.04137 11.5
      vertex -17.2627 -6.36855 3.05
      vertex -17.2627 -6.36855 11.5
    endloop
  endfacet
  facet normal 0.931232 0.364426 0
    outer loop
      vertex -17.2627 -6.36855 3.05
      vertex -16.9994 -7.04137 11.5
      vertex -16.9994 -7.04137 3.05
    endloop
  endfacet
  facet normal 0.976778 0.214254 0
    outer loop
      vertex -17.8916 -4.29539 11.5
      vertex -18.0464 -3.58966 3.05
      vertex -18.0464 -3.58966 11.5
    endloop
  endfacet
  facet normal 0.976778 0.214254 0
    outer loop
      vertex -18.0464 -3.58966 3.05
      vertex -17.8916 -4.29539 11.5
      vertex -17.8916 -4.29539 3.05
    endloop
  endfacet
  facet normal 0.999807 0.0196534 0
    outer loop
      vertex -18.3858 -0.72238 11.5
      vertex -18.4 0 3.05
      vertex -18.4 0 11.5
    endloop
  endfacet
  facet normal 0.999807 0.0196534 0
    outer loop
      vertex -18.4 0 3.05
      vertex -18.3858 -0.72238 11.5
      vertex -18.3858 -0.72238 3.05
    endloop
  endfacet
  facet normal -0.984407 -0.175908 0
    outer loop
      vertex 18.1735 2.87839 3.05
      vertex 18.0464 3.58966 11.5
      vertex 18.0464 3.58966 3.05
    endloop
  endfacet
  facet normal -0.984407 -0.175908 0
    outer loop
      vertex 18.0464 3.58966 11.5
      vertex 18.1735 2.87839 3.05
      vertex 18.1735 2.87839 11.5
    endloop
  endfacet
  facet normal -0.931232 -0.364426 0
    outer loop
      vertex 17.2627 6.36855 3.05
      vertex 16.9994 7.04137 11.5
      vertex 16.9994 7.04137 3.05
    endloop
  endfacet
  facet normal -0.931232 -0.364426 0
    outer loop
      vertex 16.9994 7.04137 11.5
      vertex 17.2627 6.36855 3.05
      vertex 17.2627 6.36855 11.5
    endloop
  endfacet
  facet normal -0.956916 -0.290365 0
    outer loop
      vertex 17.7092 4.9945 3.05
      vertex 17.4994 5.68591 11.5
      vertex 17.4994 5.68591 3.05
    endloop
  endfacet
  facet normal -0.956916 -0.290365 0
    outer loop
      vertex 17.4994 5.68591 11.5
      vertex 17.7092 4.9945 3.05
      vertex 17.7092 4.9945 11.5
    endloop
  endfacet
  facet normal -0.944814 -0.327607 0
    outer loop
      vertex 17.4994 5.68591 3.05
      vertex 17.2627 6.36855 11.5
      vertex 17.2627 6.36855 3.05
    endloop
  endfacet
  facet normal -0.944814 -0.327607 0
    outer loop
      vertex 17.2627 6.36855 11.5
      vertex 17.4994 5.68591 3.05
      vertex 17.4994 5.68591 11.5
    endloop
  endfacet
  facet normal -0.74747 -0.664295 0
    outer loop
      vertex 13.9915 11.9498 3.05
      vertex 13.5115 12.4899 11.5
      vertex 13.5115 12.4899 3.05
    endloop
  endfacet
  facet normal -0.74747 -0.664295 0
    outer loop
      vertex 13.5115 12.4899 11.5
      vertex 13.9915 11.9498 3.05
      vertex 13.9915 11.9498 11.5
    endloop
  endfacet
  facet normal -0.862762 -0.50561 0
    outer loop
      vertex 16.0539 8.99063 3.05
      vertex 15.6886 9.61397 11.5
      vertex 15.6886 9.61397 3.05
    endloop
  endfacet
  facet normal -0.862762 -0.50561 0
    outer loop
      vertex 15.6886 9.61397 11.5
      vertex 16.0539 8.99063 3.05
      vertex 16.0539 8.99063 11.5
    endloop
  endfacet
  facet normal -0.137021 -0.990568 0
    outer loop
      vertex 2.16269 18.2725 3.05
      vertex 2.87839 18.1735 11.5
      vertex 2.16269 18.2725 11.5
    endloop
  endfacet
  facet normal -0.137021 -0.990568 -0
    outer loop
      vertex 2.87839 18.1735 11.5
      vertex 2.16269 18.2725 3.05
      vertex 2.87839 18.1735 3.05
    endloop
  endfacet
  facet normal -0.364426 -0.931232 0
    outer loop
      vertex 6.36855 17.2627 3.05
      vertex 7.04137 16.9994 11.5
      vertex 6.36855 17.2627 11.5
    endloop
  endfacet
  facet normal -0.364426 -0.931232 -0
    outer loop
      vertex 7.04137 16.9994 11.5
      vertex 6.36855 17.2627 3.05
      vertex 7.04137 16.9994 3.05
    endloop
  endfacet
  facet normal -0.50561 -0.862762 0
    outer loop
      vertex 8.99063 16.0539 3.05
      vertex 9.61397 15.6886 11.5
      vertex 8.99063 16.0539 11.5
    endloop
  endfacet
  facet normal -0.50561 -0.862762 -0
    outer loop
      vertex 9.61397 15.6886 11.5
      vertex 8.99063 16.0539 3.05
      vertex 9.61397 15.6886 3.05
    endloop
  endfacet
  facet normal -0.603559 -0.797318 0
    outer loop
      vertex 10.8152 14.8859 3.05
      vertex 11.3913 14.4498 11.5
      vertex 10.8152 14.8859 11.5
    endloop
  endfacet
  facet normal -0.603559 -0.797318 -0
    outer loop
      vertex 11.3913 14.4498 11.5
      vertex 10.8152 14.8859 3.05
      vertex 11.3913 14.4498 3.05
    endloop
  endfacet
  facet normal -0.634353 -0.773044 0
    outer loop
      vertex 11.3913 14.4498 3.05
      vertex 11.9498 13.9915 11.5
      vertex 11.3913 14.4498 11.5
    endloop
  endfacet
  facet normal -0.634353 -0.773044 -0
    outer loop
      vertex 11.9498 13.9915 11.5
      vertex 11.3913 14.4498 3.05
      vertex 11.9498 13.9915 3.05
    endloop
  endfacet
  facet normal 0.797318 -0.603559 0
    outer loop
      vertex -14.8859 10.8152 11.5
      vertex -14.4498 11.3913 3.05
      vertex -14.4498 11.3913 11.5
    endloop
  endfacet
  facet normal 0.797318 -0.603559 0
    outer loop
      vertex -14.4498 11.3913 3.05
      vertex -14.8859 10.8152 11.5
      vertex -14.8859 10.8152 3.05
    endloop
  endfacet
  facet normal 0.842183 -0.539192 0
    outer loop
      vertex -15.6886 9.61397 11.5
      vertex -15.299 10.2225 3.05
      vertex -15.299 10.2225 11.5
    endloop
  endfacet
  facet normal 0.842183 -0.539192 0
    outer loop
      vertex -15.299 10.2225 3.05
      vertex -15.6886 9.61397 11.5
      vertex -15.6886 9.61397 3.05
    endloop
  endfacet
  facet normal 0.990568 -0.137021 0
    outer loop
      vertex -18.2725 2.16269 11.5
      vertex -18.1735 2.87839 3.05
      vertex -18.1735 2.87839 11.5
    endloop
  endfacet
  facet normal 0.990568 -0.137021 0
    outer loop
      vertex -18.1735 2.87839 3.05
      vertex -18.2725 2.16269 11.5
      vertex -18.2725 2.16269 3.05
    endloop
  endfacet
  facet normal 0.539192 -0.842183 0
    outer loop
      vertex -10.2225 15.299 3.05
      vertex -9.61397 15.6886 11.5
      vertex -10.2225 15.299 11.5
    endloop
  endfacet
  facet normal 0.539192 -0.842183 0
    outer loop
      vertex -9.61397 15.6886 11.5
      vertex -10.2225 15.299 3.05
      vertex -9.61397 15.6886 3.05
    endloop
  endfacet
  facet normal 0.50561 -0.862762 0
    outer loop
      vertex -9.61397 15.6886 3.05
      vertex -8.99063 16.0539 11.5
      vertex -9.61397 15.6886 11.5
    endloop
  endfacet
  facet normal 0.50561 -0.862762 0
    outer loop
      vertex -8.99063 16.0539 11.5
      vertex -9.61397 15.6886 3.05
      vertex -8.99063 16.0539 3.05
    endloop
  endfacet
  facet normal 0.603559 -0.797318 0
    outer loop
      vertex -11.3913 14.4498 3.05
      vertex -10.8152 14.8859 11.5
      vertex -11.3913 14.4498 11.5
    endloop
  endfacet
  facet normal 0.603559 -0.797318 0
    outer loop
      vertex -10.8152 14.8859 11.5
      vertex -11.3913 14.4498 3.05
      vertex -10.8152 14.8859 3.05
    endloop
  endfacet
  facet normal 0.214254 -0.976778 0
    outer loop
      vertex -4.29539 17.8916 3.05
      vertex -3.58966 18.0464 11.5
      vertex -4.29539 17.8916 11.5
    endloop
  endfacet
  facet normal 0.214254 -0.976778 0
    outer loop
      vertex -3.58966 18.0464 11.5
      vertex -4.29539 17.8916 3.05
      vertex -3.58966 18.0464 3.05
    endloop
  endfacet
  facet normal 0.290365 -0.956916 0
    outer loop
      vertex -5.68591 17.4994 3.05
      vertex -4.9945 17.7092 11.5
      vertex -5.68591 17.4994 11.5
    endloop
  endfacet
  facet normal 0.290365 -0.956916 0
    outer loop
      vertex -4.9945 17.7092 11.5
      vertex -5.68591 17.4994 3.05
      vertex -4.9945 17.7092 3.05
    endloop
  endfacet
  facet normal 0.0979907 -0.995187 0
    outer loop
      vertex -2.16269 18.2725 3.05
      vertex -1.44365 18.3433 11.5
      vertex -2.16269 18.2725 11.5
    endloop
  endfacet
  facet normal 0.0979907 -0.995187 0
    outer loop
      vertex -1.44365 18.3433 11.5
      vertex -2.16269 18.2725 3.05
      vertex -1.44365 18.3433 3.05
    endloop
  endfacet
  facet normal 0.137021 -0.990568 0
    outer loop
      vertex -2.87839 18.1735 3.05
      vertex -2.16269 18.2725 11.5
      vertex -2.87839 18.1735 11.5
    endloop
  endfacet
  facet normal 0.137021 -0.990568 0
    outer loop
      vertex -2.16269 18.2725 11.5
      vertex -2.87839 18.1735 3.05
      vertex -2.16269 18.2725 3.05
    endloop
  endfacet
  facet normal -0.0196534 0.999807 0
    outer loop
      vertex 0.72238 -18.3858 3.05
      vertex 0 -18.4 3.2
      vertex 0.72238 -18.3858 3.2
    endloop
  endfacet
  facet normal -0.0196534 0.999807 0
    outer loop
      vertex 0 -18.4 3.2
      vertex 0.72238 -18.3858 3.05
      vertex 0 -18.4 3.05
    endloop
  endfacet
  facet normal -0.0196534 0.999807 0
    outer loop
      vertex 0.72238 -18.3858 9
      vertex 0 -18.4 11.5
      vertex 0.72238 -18.3858 11.5
    endloop
  endfacet
  facet normal -0.0196534 0.999807 0
    outer loop
      vertex 0 -18.4 11.5
      vertex 0.72238 -18.3858 9
      vertex 0 -18.4 9
    endloop
  endfacet
  facet normal -0.0979907 0.995187 0
    outer loop
      vertex 2.16269 -18.2725 3.05
      vertex 1.44365 -18.3433 3.2
      vertex 2.16269 -18.2725 3.2
    endloop
  endfacet
  facet normal -0.0979907 0.995187 0
    outer loop
      vertex 1.44365 -18.3433 3.2
      vertex 2.16269 -18.2725 3.05
      vertex 1.44365 -18.3433 3.05
    endloop
  endfacet
  facet normal -0.0979907 0.995187 0
    outer loop
      vertex 2.16269 -18.2725 9
      vertex 1.44365 -18.3433 11.5
      vertex 2.16269 -18.2725 11.5
    endloop
  endfacet
  facet normal -0.0979907 0.995187 0
    outer loop
      vertex 1.44365 -18.3433 11.5
      vertex 2.16269 -18.2725 9
      vertex 1.44365 -18.3433 9
    endloop
  endfacet
  facet normal -0.21449 0.976726 0
    outer loop
      vertex 4.29539 -17.8916 3.05
      vertex 4.20978 -17.9104 3.42075
      vertex 4.29539 -17.8916 3.4582
    endloop
  endfacet
  facet normal -0.214599 0.976702 -2.64522e-05
    outer loop
      vertex 4.29539 -17.8916 3.05
      vertex 4.10374 -17.9337 3.37924
      vertex 4.20978 -17.9104 3.42075
    endloop
  endfacet
  facet normal -0.214307 0.976766 0.000151408
    outer loop
      vertex 4.29539 -17.8916 3.05
      vertex 3.99615 -17.9573 3.34194
      vertex 4.10374 -17.9337 3.37924
    endloop
  endfacet
  facet normal -0.214285 0.976771 0.000175491
    outer loop
      vertex 4.29539 -17.8916 3.05
      vertex 3.88718 -17.9812 3.30888
      vertex 3.99615 -17.9573 3.34194
    endloop
  endfacet
  facet normal -0.214254 0.976778 0.000227221
    outer loop
      vertex 3.58966 -18.0464 3.05
      vertex 3.88718 -17.9812 3.30888
      vertex 4.29539 -17.8916 3.05
    endloop
  endfacet
  facet normal -0.21349 0.976945 -0.000692441
    outer loop
      vertex 3.88718 -17.9812 3.30888
      vertex 3.58966 -18.0464 3.05
      vertex 3.77699 -18.0053 3.28013
    endloop
  endfacet
  facet normal -0.215283 0.976551 0.00083755
    outer loop
      vertex 3.77699 -18.0053 3.28013
      vertex 3.58966 -18.0464 3.05
      vertex 3.66576 -18.0298 3.25572
    endloop
  endfacet
  facet normal -0.213123 0.977025 0
    outer loop
      vertex 3.66576 -18.0298 3.25572
      vertex 3.58966 -18.0464 3.05
      vertex 3.58966 -18.0464 3.24213
    endloop
  endfacet
  facet normal -0.214254 0.976778 -3.52889e-05
    outer loop
      vertex 3.66576 -18.0298 8.94428
      vertex 3.58966 -18.0464 11.5
      vertex 4.29539 -17.8916 11.5
    endloop
  endfacet
  facet normal -0.213123 0.977025 0
    outer loop
      vertex 3.58966 -18.0464 11.5
      vertex 3.66576 -18.0298 8.94428
      vertex 3.58966 -18.0464 8.95787
    endloop
  endfacet
  facet normal -0.215071 0.976598 0.000175832
    outer loop
      vertex 4.29539 -17.8916 11.5
      vertex 3.77699 -18.0053 8.91987
      vertex 3.66576 -18.0298 8.94428
    endloop
  endfacet
  facet normal -0.213691 0.976901 -0.000114805
    outer loop
      vertex 4.29539 -17.8916 11.5
      vertex 3.88718 -17.9812 8.89112
      vertex 3.77699 -18.0053 8.91987
    endloop
  endfacet
  facet normal -0.214241 0.976781 -2.45782e-05
    outer loop
      vertex 4.29539 -17.8916 11.5
      vertex 3.99615 -17.9573 8.85806
      vertex 3.88718 -17.9812 8.89112
    endloop
  endfacet
  facet normal -0.214265 0.976776 -2.18196e-05
    outer loop
      vertex 4.29539 -17.8916 11.5
      vertex 4.10374 -17.9337 8.82075
      vertex 3.99615 -17.9573 8.85806
    endloop
  endfacet
  facet normal -0.214607 0.9767 3.88257e-06
    outer loop
      vertex 4.29539 -17.8916 11.5
      vertex 4.20978 -17.9104 8.77925
      vertex 4.10374 -17.9337 8.82075
    endloop
  endfacet
  facet normal -0.21449 0.976726 0
    outer loop
      vertex 4.20978 -17.9104 8.77925
      vertex 4.29539 -17.8916 11.5
      vertex 4.29539 -17.8916 8.7418
    endloop
  endfacet
  facet normal -0.288672 0.957428 0
    outer loop
      vertex 5.68591 -17.4994 3.05
      vertex 5.68392 -17.5 4.78343
      vertex 5.68591 -17.4994 4.78754
    endloop
  endfacet
  facet normal -0.290548 0.956861 -2.34981e-06
    outer loop
      vertex 5.68591 -17.4994 3.05
      vertex 5.63024 -17.5163 4.683
      vertex 5.68392 -17.5 4.78343
    endloop
  endfacet
  facet normal -0.290774 0.956792 -1.0799e-05
    outer loop
      vertex 5.68591 -17.4994 3.05
      vertex 5.57266 -17.5338 4.58475
      vertex 5.63024 -17.5163 4.683
    endloop
  endfacet
  facet normal -0.289995 0.957028 5.19974e-05
    outer loop
      vertex 5.68591 -17.4994 3.05
      vertex 5.51126 -17.5524 4.48885
      vertex 5.57266 -17.5338 4.58475
    endloop
  endfacet
  facet normal -0.290863 0.956765 -6.29719e-05
    outer loop
      vertex 5.68591 -17.4994 3.05
      vertex 5.44615 -17.5722 4.39542
      vertex 5.51126 -17.5524 4.48885
    endloop
  endfacet
  facet normal -0.289827 0.957079 0.000138537
    outer loop
      vertex 5.68591 -17.4994 3.05
      vertex 5.37742 -17.593 4.30463
      vertex 5.44615 -17.5722 4.39542
    endloop
  endfacet
  facet normal -0.29017 0.956975 4.6577e-05
    outer loop
      vertex 5.68591 -17.4994 3.05
      vertex 5.30518 -17.6149 4.2166
      vertex 5.37742 -17.593 4.30463
    endloop
  endfacet
  facet normal -0.290754 0.956798 -0.000161542
    outer loop
      vertex 5.68591 -17.4994 3.05
      vertex 5.22954 -17.6379 4.13148
      vertex 5.30518 -17.6149 4.2166
    endloop
  endfacet
  facet normal -0.289988 0.95703 0.000191383
    outer loop
      vertex 5.68591 -17.4994 3.05
      vertex 5.15061 -17.6618 4.04939
      vertex 5.22954 -17.6379 4.13148
    endloop
  endfacet
  facet normal -0.290283 0.956941 1.88322e-05
    outer loop
      vertex 5.68591 -17.4994 3.05
      vertex 5.06852 -17.6867 3.97046
      vertex 5.15061 -17.6618 4.04939
    endloop
  endfacet
  facet normal -0.290637 0.956833 -0.000240479
    outer loop
      vertex 5.68591 -17.4994 3.05
      vertex 4.9945 -17.7092 3.90469
      vertex 5.06852 -17.6867 3.97046
    endloop
  endfacet
  facet normal -0.290365 0.956916 0
    outer loop
      vertex 4.9945 -17.7092 3.90469
      vertex 5.68591 -17.4994 3.05
      vertex 4.9945 -17.7092 3.05
    endloop
  endfacet
  facet normal -0.290365 0.956916 0
    outer loop
      vertex 5.68591 -17.4994 11.5
      vertex 4.9945 -17.7092 8.29531
      vertex 4.9945 -17.7092 11.5
    endloop
  endfacet
  facet normal -0.290757 0.956797 9.24997e-05
    outer loop
      vertex 5.68591 -17.4994 11.5
      vertex 5.06852 -17.6867 8.22954
      vertex 4.9945 -17.7092 8.29531
    endloop
  endfacet
  facet normal -0.290273 0.956944 -7.37915e-06
    outer loop
      vertex 5.68591 -17.4994 11.5
      vertex 5.15061 -17.6618 8.15061
      vertex 5.06852 -17.6867 8.22954
    endloop
  endfacet
  facet normal -0.289878 0.957064 -7.62459e-05
    outer loop
      vertex 5.68591 -17.4994 11.5
      vertex 5.22954 -17.6379 8.06852
      vertex 5.15061 -17.6618 8.15061
    endloop
  endfacet
  facet normal -0.290853 0.956768 6.53121e-05
    outer loop
      vertex 5.68591 -17.4994 11.5
      vertex 5.30518 -17.6149 7.9834
      vertex 5.22954 -17.6379 8.06852
    endloop
  endfacet
  facet normal -0.290139 0.956985 -1.90795e-05
    outer loop
      vertex 5.68591 -17.4994 11.5
      vertex 5.37742 -17.593 7.89537
      vertex 5.30518 -17.6149 7.9834
    endloop
  endfacet
  facet normal -0.289729 0.957109 -5.73944e-05
    outer loop
      vertex 5.68591 -17.4994 11.5
      vertex 5.44615 -17.5722 7.80458
      vertex 5.37742 -17.593 7.89537
    endloop
  endfacet
  facet normal -0.290911 0.95675 2.6337e-05
    outer loop
      vertex 5.68591 -17.4994 11.5
      vertex 5.51126 -17.5524 7.71115
      vertex 5.44615 -17.5722 7.80458
    endloop
  endfacet
  facet normal -0.289952 0.957041 -2.19128e-05
    outer loop
      vertex 5.68591 -17.4994 11.5
      vertex 5.57266 -17.5338 7.61525
      vertex 5.51126 -17.5524 7.71115
    endloop
  endfacet
  facet normal -0.290784 0.956789 4.57591e-06
    outer loop
      vertex 5.68591 -17.4994 11.5
      vertex 5.63024 -17.5163 7.517
      vertex 5.57266 -17.5338 7.61525
    endloop
  endfacet
  facet normal -0.29055 0.95686 9.98735e-07
    outer loop
      vertex 5.68591 -17.4994 11.5
      vertex 5.68392 -17.5 7.41657
      vertex 5.63024 -17.5163 7.517
    endloop
  endfacet
  facet normal -0.288672 0.957428 0
    outer loop
      vertex 5.68392 -17.5 7.41657
      vertex 5.68591 -17.4994 11.5
      vertex 5.68591 -17.4994 7.41246
    endloop
  endfacet
  facet normal -0.634353 0.773044 0
    outer loop
      vertex 11.9498 -13.9915 3.05
      vertex 11.3913 -14.4498 11.5
      vertex 11.9498 -13.9915 11.5
    endloop
  endfacet
  facet normal -0.634353 0.773044 0
    outer loop
      vertex 11.3913 -14.4498 11.5
      vertex 11.9498 -13.9915 3.05
      vertex 11.3913 -14.4498 3.05
    endloop
  endfacet
  facet normal -0.69299 0.720947 0
    outer loop
      vertex 13.0108 -13.0108 3.05
      vertex 12.4899 -13.5115 11.5
      vertex 13.0108 -13.0108 11.5
    endloop
  endfacet
  facet normal -0.69299 0.720947 0
    outer loop
      vertex 12.4899 -13.5115 11.5
      vertex 13.0108 -13.0108 3.05
      vertex 12.4899 -13.5115 3.05
    endloop
  endfacet
  facet normal -0.50561 0.862762 0
    outer loop
      vertex 9.61397 -15.6886 3.05
      vertex 8.99063 -16.0539 11.5
      vertex 9.61397 -15.6886 11.5
    endloop
  endfacet
  facet normal -0.50561 0.862762 0
    outer loop
      vertex 8.99063 -16.0539 11.5
      vertex 9.61397 -15.6886 3.05
      vertex 8.99063 -16.0539 3.05
    endloop
  endfacet
  facet normal -0.571798 0.820394 0
    outer loop
      vertex 10.8152 -14.8859 3.05
      vertex 10.2225 -15.299 11.5
      vertex 10.8152 -14.8859 11.5
    endloop
  endfacet
  facet normal -0.571798 0.820394 0
    outer loop
      vertex 10.2225 -15.299 11.5
      vertex 10.8152 -14.8859 3.05
      vertex 10.2225 -15.299 3.05
    endloop
  endfacet
  facet normal -0.471407 0.881916 0
    outer loop
      vertex 8.99063 -16.0539 3.05
      vertex 8.35343 -16.3945 11.5
      vertex 8.99063 -16.0539 11.5
    endloop
  endfacet
  facet normal -0.471407 0.881916 0
    outer loop
      vertex 8.35343 -16.3945 11.5
      vertex 8.99063 -16.0539 3.05
      vertex 8.35343 -16.3945 3.05
    endloop
  endfacet
  facet normal -0.773044 0.634353 0
    outer loop
      vertex 13.9915 -11.9498 3.05
      vertex 14.4498 -11.3913 11.5
      vertex 14.4498 -11.3913 3.05
    endloop
  endfacet
  facet normal -0.773044 0.634353 0
    outer loop
      vertex 14.4498 -11.3913 11.5
      vertex 13.9915 -11.9498 3.05
      vertex 13.9915 -11.9498 11.5
    endloop
  endfacet
  facet normal -0.842183 0.539192 0
    outer loop
      vertex 15.299 -10.2225 3.05
      vertex 15.6886 -9.61397 11.5
      vertex 15.6886 -9.61397 3.05
    endloop
  endfacet
  facet normal -0.842183 0.539192 0
    outer loop
      vertex 15.6886 -9.61397 11.5
      vertex 15.299 -10.2225 3.05
      vertex 15.299 -10.2225 11.5
    endloop
  endfacet
  facet normal -0.916163 0.400805 0
    outer loop
      vertex 16.7098 -7.70334 3.05
      vertex 16.9994 -7.04137 11.5
      vertex 16.9994 -7.04137 3.05
    endloop
  endfacet
  facet normal -0.916163 0.400805 0
    outer loop
      vertex 16.9994 -7.04137 11.5
      vertex 16.7098 -7.70334 3.05
      vertex 16.7098 -7.70334 11.5
    endloop
  endfacet
  facet normal -0.881916 0.471407 0
    outer loop
      vertex 16.0539 -8.99063 3.05
      vertex 16.3945 -8.35343 11.5
      vertex 16.3945 -8.35343 3.05
    endloop
  endfacet
  facet normal -0.881916 0.471407 0
    outer loop
      vertex 16.3945 -8.35343 11.5
      vertex 16.0539 -8.99063 3.05
      vertex 16.0539 -8.99063 11.5
    endloop
  endfacet
  facet normal -0.956916 0.290365 0
    outer loop
      vertex 17.4994 -5.68591 3.05
      vertex 17.7092 -4.9945 11.5
      vertex 17.7092 -4.9945 3.05
    endloop
  endfacet
  facet normal -0.956916 0.290365 0
    outer loop
      vertex 17.7092 -4.9945 11.5
      vertex 17.4994 -5.68591 3.05
      vertex 17.4994 -5.68591 11.5
    endloop
  endfacet
  facet normal -0.976778 0.214254 0
    outer loop
      vertex 17.8916 -4.29539 3.05
      vertex 18.0464 -3.58966 11.5
      vertex 18.0464 -3.58966 3.05
    endloop
  endfacet
  facet normal -0.976778 0.214254 0
    outer loop
      vertex 18.0464 -3.58966 11.5
      vertex 17.8916 -4.29539 3.05
      vertex 17.8916 -4.29539 11.5
    endloop
  endfacet
  facet normal -0.995187 0.0979907 0
    outer loop
      vertex 18.2725 -2.16269 3.05
      vertex 18.3433 -1.44365 11.5
      vertex 18.3433 -1.44365 3.05
    endloop
  endfacet
  facet normal -0.995187 0.0979907 0
    outer loop
      vertex 18.3433 -1.44365 11.5
      vertex 18.2725 -2.16269 3.05
      vertex 18.2725 -2.16269 11.5
    endloop
  endfacet
  facet normal -0.998268 0.0588218 0
    outer loop
      vertex 18.3433 -1.44365 3.05
      vertex 18.3858 -0.72238 11.5
      vertex 18.3858 -0.72238 3.05
    endloop
  endfacet
  facet normal -0.998268 0.0588218 0
    outer loop
      vertex 18.3858 -0.72238 11.5
      vertex 18.3433 -1.44365 3.05
      vertex 18.3433 -1.44365 11.5
    endloop
  endfacet
  facet normal 0.664295 0.74747 -0
    outer loop
      vertex -11.9498 -13.9915 3.05
      vertex -12.4899 -13.5115 11.5
      vertex -11.9498 -13.9915 11.5
    endloop
  endfacet
  facet normal 0.664295 0.74747 0
    outer loop
      vertex -12.4899 -13.5115 11.5
      vertex -11.9498 -13.9915 3.05
      vertex -12.4899 -13.5115 3.05
    endloop
  endfacet
  facet normal 0.571798 0.820394 -0
    outer loop
      vertex -10.2225 -15.299 3.05
      vertex -10.8152 -14.8859 11.5
      vertex -10.2225 -15.299 11.5
    endloop
  endfacet
  facet normal 0.571798 0.820394 0
    outer loop
      vertex -10.8152 -14.8859 11.5
      vertex -10.2225 -15.299 3.05
      vertex -10.8152 -14.8859 3.05
    endloop
  endfacet
  facet normal 0.634353 0.773044 -0
    outer loop
      vertex -11.3913 -14.4498 3.05
      vertex -11.9498 -13.9915 11.5
      vertex -11.3913 -14.4498 11.5
    endloop
  endfacet
  facet normal 0.634353 0.773044 0
    outer loop
      vertex -11.9498 -13.9915 11.5
      vertex -11.3913 -14.4498 3.05
      vertex -11.9498 -13.9915 3.05
    endloop
  endfacet
  facet normal 0.400805 0.916163 -0
    outer loop
      vertex -7.04137 -16.9994 3.05
      vertex -7.70334 -16.7098 11.5
      vertex -7.04137 -16.9994 11.5
    endloop
  endfacet
  facet normal 0.400805 0.916163 0
    outer loop
      vertex -7.70334 -16.7098 11.5
      vertex -7.04137 -16.9994 3.05
      vertex -7.70334 -16.7098 3.05
    endloop
  endfacet
  facet normal 0.471407 0.881916 -0
    outer loop
      vertex -8.35343 -16.3945 3.05
      vertex -8.99063 -16.0539 11.5
      vertex -8.35343 -16.3945 11.5
    endloop
  endfacet
  facet normal 0.471407 0.881916 0
    outer loop
      vertex -8.99063 -16.0539 11.5
      vertex -8.35343 -16.3945 3.05
      vertex -8.99063 -16.0539 3.05
    endloop
  endfacet
  facet normal 0.539192 0.842183 -0
    outer loop
      vertex -9.61397 -15.6886 3.05
      vertex -10.2225 -15.299 11.5
      vertex -9.61397 -15.6886 11.5
    endloop
  endfacet
  facet normal 0.539192 0.842183 0
    outer loop
      vertex -10.2225 -15.299 11.5
      vertex -9.61397 -15.6886 3.05
      vertex -10.2225 -15.299 3.05
    endloop
  endfacet
  facet normal 0.327607 0.944814 -0
    outer loop
      vertex -5.68591 -17.4994 7.41246
      vertex -6.36855 -17.2627 11.5
      vertex -5.68591 -17.4994 11.5
    endloop
  endfacet
  facet normal 0.327086 0.944995 -9.7451e-05
    outer loop
      vertex -5.73361 -17.4829 7.31411
      vertex -6.36855 -17.2627 11.5
      vertex -5.68591 -17.4994 7.41246
    endloop
  endfacet
  facet normal 0.327273 0.94493 -6.56525e-05
    outer loop
      vertex -5.77925 -17.4671 7.20978
      vertex -6.36855 -17.2627 11.5
      vertex -5.73361 -17.4829 7.31411
    endloop
  endfacet
  facet normal 0.327784 0.944753 1.30401e-05
    outer loop
      vertex -5.82075 -17.4527 7.10374
      vertex -6.36855 -17.2627 11.5
      vertex -5.77925 -17.4671 7.20978
    endloop
  endfacet
  facet normal 0.328677 0.944442 0.000137666
    outer loop
      vertex -5.85806 -17.4397 6.99615
      vertex -6.36855 -17.2627 11.5
      vertex -5.82075 -17.4527 7.10374
    endloop
  endfacet
  facet normal 0.326427 0.945222 -0.000148046
    outer loop
      vertex -5.89112 -17.4283 6.88718
      vertex -6.36855 -17.2627 11.5
      vertex -5.85806 -17.4397 6.99615
    endloop
  endfacet
  facet normal 0.328289 0.944577 6.78244e-05
    outer loop
      vertex -5.91987 -17.4183 6.77699
      vertex -6.36855 -17.2627 11.5
      vertex -5.89112 -17.4283 6.88718
    endloop
  endfacet
  facet normal 0.328489 0.944508 8.91019e-05
    outer loop
      vertex -5.94428 -17.4098 6.66576
      vertex -6.36855 -17.2627 11.5
      vertex -5.91987 -17.4183 6.77699
    endloop
  endfacet
  facet normal 0.326418 0.945226 -0.000114461
    outer loop
      vertex -5.9643 -17.4029 6.55366
      vertex -6.36855 -17.2627 11.5
      vertex -5.94428 -17.4098 6.66576
    endloop
  endfacet
  facet normal 0.327318 0.944914 -3.20969e-05
    outer loop
      vertex -5.9799 -17.3975 6.44086
      vertex -6.36855 -17.2627 11.5
      vertex -5.9643 -17.4029 6.55366
    endloop
  endfacet
  facet normal 0.328932 0.944354 0.000106805
    outer loop
      vertex -5.99106 -17.3936 6.32753
      vertex -6.36855 -17.2627 11.5
      vertex -5.9799 -17.3975 6.44086
    endloop
  endfacet
  facet normal 0.326313 0.945262 -0.000107275
    outer loop
      vertex -5.99776 -17.3913 6.21385
      vertex -6.36855 -17.2627 11.5
      vertex -5.99106 -17.3936 6.32753
    endloop
  endfacet
  facet normal 0.325922 0.945397 0.000230594
    outer loop
      vertex -6.36855 -17.2627 3.05
      vertex -5.99776 -17.3913 6.21385
      vertex -6 -17.3905 6.1
    endloop
  endfacet
  facet normal 0.32885 0.944382 -0.000165838
    outer loop
      vertex -6.36855 -17.2627 3.05
      vertex -6 -17.3905 6.1
      vertex -5.99776 -17.3913 5.98615
    endloop
  endfacet
  facet normal 0.326727 0.945119 0.000134574
    outer loop
      vertex -6.36855 -17.2627 3.05
      vertex -5.99776 -17.3913 5.98615
      vertex -5.99106 -17.3936 5.87247
    endloop
  endfacet
  facet normal 0.327607 0.944814 0
    outer loop
      vertex -6.36855 -17.2627 3.05
      vertex -5.68591 -17.4994 4.78754
      vertex -5.68591 -17.4994 3.05
    endloop
  endfacet
  facet normal 0.32722 0.944948 0.000170259
    outer loop
      vertex -5.68591 -17.4994 4.78754
      vertex -6.36855 -17.2627 3.05
      vertex -5.73361 -17.4829 4.88589
    endloop
  endfacet
  facet normal 0.327369 0.944897 0.000112581
    outer loop
      vertex -5.73361 -17.4829 4.88589
      vertex -6.36855 -17.2627 3.05
      vertex -5.77925 -17.4671 4.99022
    endloop
  endfacet
  facet normal 0.327764 0.94476 -2.1933e-05
    outer loop
      vertex -5.77925 -17.4671 4.99022
      vertex -6.36855 -17.2627 3.05
      vertex -5.82075 -17.4527 5.09626
    endloop
  endfacet
  facet normal 0.328447 0.944522 -0.000226908
    outer loop
      vertex -5.82075 -17.4527 5.09626
      vertex -6.36855 -17.2627 3.05
      vertex -5.85806 -17.4397 5.20385
    endloop
  endfacet
  facet normal 0.326694 0.94513 0.000238707
    outer loop
      vertex -5.85806 -17.4397 5.20385
      vertex -6.36855 -17.2627 3.05
      vertex -5.89112 -17.4283 5.31282
    endloop
  endfacet
  facet normal 0.328156 0.944624 -0.000106774
    outer loop
      vertex -5.89112 -17.4283 5.31282
      vertex -6.36855 -17.2627 3.05
      vertex -5.91987 -17.4183 5.42301
    endloop
  endfacet
  facet normal 0.328296 0.944575 -0.000136511
    outer loop
      vertex -5.91987 -17.4183 5.42301
      vertex -6.36855 -17.2627 3.05
      vertex -5.94428 -17.4098 5.53424
    endloop
  endfacet
  facet normal 0.326695 0.94513 0.000169792
    outer loop
      vertex -5.94428 -17.4098 5.53424
      vertex -6.36855 -17.2627 3.05
      vertex -5.9643 -17.4029 5.64634
    endloop
  endfacet
  facet normal 0.327678 0.944789 0
    outer loop
      vertex -5.99776 -17.3913 6.21385
      vertex -6.36855 -17.2627 3.05
      vertex -6.36855 -17.2627 11.5
    endloop
  endfacet
  facet normal 0.32859 0.944473 -0.000144532
    outer loop
      vertex -5.9799 -17.3975 5.75914
      vertex -6.36855 -17.2627 3.05
      vertex -5.99106 -17.3936 5.87247
    endloop
  endfacet
  facet normal 0.327406 0.944884 4.57614e-05
    outer loop
      vertex -5.9643 -17.4029 5.64634
      vertex -6.36855 -17.2627 3.05
      vertex -5.9799 -17.3975 5.75914
    endloop
  endfacet
  facet normal 0.213123 0.977025 -0
    outer loop
      vertex -3.58966 -18.0464 3.05
      vertex -3.66576 -18.0298 3.25572
      vertex -3.58966 -18.0464 3.24213
    endloop
  endfacet
  facet normal 0.215283 0.976551 0.00083755
    outer loop
      vertex -3.58966 -18.0464 3.05
      vertex -3.77699 -18.0053 3.28013
      vertex -3.66576 -18.0298 3.25572
    endloop
  endfacet
  facet normal 0.21349 0.976945 -0.000692441
    outer loop
      vertex -3.58966 -18.0464 3.05
      vertex -3.88718 -17.9812 3.30888
      vertex -3.77699 -18.0053 3.28013
    endloop
  endfacet
  facet normal 0.214254 0.976778 0.000227221
    outer loop
      vertex -4.29539 -17.8916 3.05
      vertex -3.88718 -17.9812 3.30888
      vertex -3.58966 -18.0464 3.05
    endloop
  endfacet
  facet normal 0.214285 0.976771 0.000175491
    outer loop
      vertex -3.88718 -17.9812 3.30888
      vertex -4.29539 -17.8916 3.05
      vertex -3.99615 -17.9573 3.34194
    endloop
  endfacet
  facet normal 0.214307 0.976766 0.000151408
    outer loop
      vertex -3.99615 -17.9573 3.34194
      vertex -4.29539 -17.8916 3.05
      vertex -4.10374 -17.9337 3.37924
    endloop
  endfacet
  facet normal 0.214599 0.976702 -2.64522e-05
    outer loop
      vertex -4.10374 -17.9337 3.37924
      vertex -4.29539 -17.8916 3.05
      vertex -4.20978 -17.9104 3.42075
    endloop
  endfacet
  facet normal 0.21449 0.976726 0
    outer loop
      vertex -4.20978 -17.9104 3.42075
      vertex -4.29539 -17.8916 3.05
      vertex -4.29539 -17.8916 3.4582
    endloop
  endfacet
  facet normal 0.213123 0.977025 0
    outer loop
      vertex -3.66576 -18.0298 8.94428
      vertex -3.58966 -18.0464 11.5
      vertex -3.58966 -18.0464 8.95787
    endloop
  endfacet
  facet normal 0.214254 0.976778 -3.52889e-05
    outer loop
      vertex -3.58966 -18.0464 11.5
      vertex -3.66576 -18.0298 8.94428
      vertex -4.29539 -17.8916 11.5
    endloop
  endfacet
  facet normal 0.215071 0.976598 0.000175832
    outer loop
      vertex -3.77699 -18.0053 8.91987
      vertex -4.29539 -17.8916 11.5
      vertex -3.66576 -18.0298 8.94428
    endloop
  endfacet
  facet normal 0.213691 0.976901 -0.000114805
    outer loop
      vertex -3.88718 -17.9812 8.89112
      vertex -4.29539 -17.8916 11.5
      vertex -3.77699 -18.0053 8.91987
    endloop
  endfacet
  facet normal 0.214241 0.976781 -2.45782e-05
    outer loop
      vertex -3.99615 -17.9573 8.85806
      vertex -4.29539 -17.8916 11.5
      vertex -3.88718 -17.9812 8.89112
    endloop
  endfacet
  facet normal 0.214265 0.976776 -2.18196e-05
    outer loop
      vertex -4.10374 -17.9337 8.82075
      vertex -4.29539 -17.8916 11.5
      vertex -3.99615 -17.9573 8.85806
    endloop
  endfacet
  facet normal 0.214607 0.9767 3.88257e-06
    outer loop
      vertex -4.20978 -17.9104 8.77925
      vertex -4.29539 -17.8916 11.5
      vertex -4.10374 -17.9337 8.82075
    endloop
  endfacet
  facet normal 0.21449 0.976726 0
    outer loop
      vertex -4.29539 -17.8916 11.5
      vertex -4.20978 -17.9104 8.77925
      vertex -4.29539 -17.8916 8.7418
    endloop
  endfacet
  facet normal 0.137021 0.990568 -0
    outer loop
      vertex -2.16269 -18.2725 3.05
      vertex -2.87839 -18.1735 3.2
      vertex -2.16269 -18.2725 3.2
    endloop
  endfacet
  facet normal 0.137021 0.990568 0
    outer loop
      vertex -2.87839 -18.1735 3.2
      vertex -2.16269 -18.2725 3.05
      vertex -2.87839 -18.1735 3.05
    endloop
  endfacet
  facet normal 0.137021 0.990568 -0
    outer loop
      vertex -2.16269 -18.2725 9
      vertex -2.87839 -18.1735 11.5
      vertex -2.16269 -18.2725 11.5
    endloop
  endfacet
  facet normal 0.137021 0.990568 0
    outer loop
      vertex -2.87839 -18.1735 11.5
      vertex -2.16269 -18.2725 9
      vertex -2.87839 -18.1735 9
    endloop
  endfacet
  facet normal 0.0196534 0.999807 -0
    outer loop
      vertex 0 -18.4 3.05
      vertex -0.72238 -18.3858 3.2
      vertex 0 -18.4 3.2
    endloop
  endfacet
  facet normal 0.0196534 0.999807 0
    outer loop
      vertex -0.72238 -18.3858 3.2
      vertex 0 -18.4 3.05
      vertex -0.72238 -18.3858 3.05
    endloop
  endfacet
  facet normal 0.0196534 0.999807 -0
    outer loop
      vertex 0 -18.4 9
      vertex -0.72238 -18.3858 11.5
      vertex 0 -18.4 11.5
    endloop
  endfacet
  facet normal 0.0196534 0.999807 0
    outer loop
      vertex -0.72238 -18.3858 11.5
      vertex 0 -18.4 9
      vertex -0.72238 -18.3858 9
    endloop
  endfacet
  facet normal 0.899757 0.436391 0
    outer loop
      vertex -16.3945 -8.35343 11.5
      vertex -16.7098 -7.70334 3.05
      vertex -16.7098 -7.70334 11.5
    endloop
  endfacet
  facet normal 0.899757 0.436391 0
    outer loop
      vertex -16.7098 -7.70334 3.05
      vertex -16.3945 -8.35343 11.5
      vertex -16.3945 -8.35343 3.05
    endloop
  endfacet
  facet normal 0.862762 0.50561 0
    outer loop
      vertex -15.6886 -9.61397 11.5
      vertex -16.0539 -8.99063 3.05
      vertex -16.0539 -8.99063 11.5
    endloop
  endfacet
  facet normal 0.862762 0.50561 0
    outer loop
      vertex -16.0539 -8.99063 3.05
      vertex -15.6886 -9.61397 11.5
      vertex -15.6886 -9.61397 3.05
    endloop
  endfacet
  facet normal 0.797318 0.603559 0
    outer loop
      vertex -14.4498 -11.3913 11.5
      vertex -14.8859 -10.8152 3.05
      vertex -14.8859 -10.8152 11.5
    endloop
  endfacet
  facet normal 0.797318 0.603559 0
    outer loop
      vertex -14.8859 -10.8152 3.05
      vertex -14.4498 -11.3913 11.5
      vertex -14.4498 -11.3913 3.05
    endloop
  endfacet
  facet normal 0.956916 0.290365 0
    outer loop
      vertex -17.4994 -5.68591 11.5
      vertex -17.7092 -4.9945 3.05
      vertex -17.7092 -4.9945 11.5
    endloop
  endfacet
  facet normal 0.956916 0.290365 0
    outer loop
      vertex -17.7092 -4.9945 3.05
      vertex -17.4994 -5.68591 11.5
      vertex -17.4994 -5.68591 3.05
    endloop
  endfacet
  facet normal 0.967609 0.252452 0
    outer loop
      vertex -17.7092 -4.9945 11.5
      vertex -17.8916 -4.29539 3.05
      vertex -17.8916 -4.29539 11.5
    endloop
  endfacet
  facet normal 0.967609 0.252452 0
    outer loop
      vertex -17.8916 -4.29539 3.05
      vertex -17.7092 -4.9945 11.5
      vertex -17.7092 -4.9945 3.05
    endloop
  endfacet
  facet normal 0.995187 0.0979907 0
    outer loop
      vertex -18.2725 -2.16269 11.5
      vertex -18.3433 -1.44365 3.05
      vertex -18.3433 -1.44365 11.5
    endloop
  endfacet
  facet normal 0.995187 0.0979907 0
    outer loop
      vertex -18.3433 -1.44365 3.05
      vertex -18.2725 -2.16269 11.5
      vertex -18.2725 -2.16269 3.05
    endloop
  endfacet
  facet normal 0.984407 0.175908 0
    outer loop
      vertex -18.0464 -3.58966 11.5
      vertex -18.1735 -2.87839 3.05
      vertex -18.1735 -2.87839 11.5
    endloop
  endfacet
  facet normal 0.984407 0.175908 0
    outer loop
      vertex -18.1735 -2.87839 3.05
      vertex -18.0464 -3.58966 11.5
      vertex -18.0464 -3.58966 3.05
    endloop
  endfacet
  facet normal 0.998268 0.0588218 0
    outer loop
      vertex -18.3433 -1.44365 11.5
      vertex -18.3858 -0.72238 3.05
      vertex -18.3858 -0.72238 11.5
    endloop
  endfacet
  facet normal 0.998268 0.0588218 0
    outer loop
      vertex -18.3858 -0.72238 3.05
      vertex -18.3433 -1.44365 11.5
      vertex -18.3433 -1.44365 3.05
    endloop
  endfacet
  facet normal 0.956916 -0.290365 0
    outer loop
      vertex -17.7092 4.9945 11.5
      vertex -17.4994 5.68591 3.05
      vertex -17.4994 5.68591 11.5
    endloop
  endfacet
  facet normal 0.956916 -0.290365 0
    outer loop
      vertex -17.4994 5.68591 3.05
      vertex -17.7092 4.9945 11.5
      vertex -17.7092 4.9945 3.05
    endloop
  endfacet
  facet normal 0.944814 -0.327607 0
    outer loop
      vertex -17.4994 5.68591 11.5
      vertex -17.2627 6.36855 3.05
      vertex -17.2627 6.36855 11.5
    endloop
  endfacet
  facet normal 0.944814 -0.327607 0
    outer loop
      vertex -17.2627 6.36855 3.05
      vertex -17.4994 5.68591 11.5
      vertex -17.4994 5.68591 3.05
    endloop
  endfacet
  facet normal 0.931232 -0.364426 0
    outer loop
      vertex -17.2627 6.36855 11.5
      vertex -16.9994 7.04137 3.05
      vertex -16.9994 7.04137 11.5
    endloop
  endfacet
  facet normal 0.931232 -0.364426 0
    outer loop
      vertex -16.9994 7.04137 3.05
      vertex -17.2627 6.36855 11.5
      vertex -17.2627 6.36855 3.05
    endloop
  endfacet
  facet normal -0.0588218 0.998268 0
    outer loop
      vertex 1.44365 -18.3433 3.05
      vertex 0.72238 -18.3858 3.2
      vertex 1.44365 -18.3433 3.2
    endloop
  endfacet
  facet normal -0.0588218 0.998268 0
    outer loop
      vertex 0.72238 -18.3858 3.2
      vertex 1.44365 -18.3433 3.05
      vertex 0.72238 -18.3858 3.05
    endloop
  endfacet
  facet normal -0.0588218 0.998268 0
    outer loop
      vertex 1.44365 -18.3433 9
      vertex 0.72238 -18.3858 11.5
      vertex 1.44365 -18.3433 11.5
    endloop
  endfacet
  facet normal -0.0588218 0.998268 0
    outer loop
      vertex 0.72238 -18.3858 11.5
      vertex 1.44365 -18.3433 9
      vertex 0.72238 -18.3858 9
    endloop
  endfacet
  facet normal -0.177683 0.984088 0
    outer loop
      vertex 3.58966 -18.0464 3.05
      vertex 3.55366 -18.0529 3.2357
      vertex 3.58966 -18.0464 3.24213
    endloop
  endfacet
  facet normal -0.175487 0.984482 0.000439408
    outer loop
      vertex 3.58966 -18.0464 3.05
      vertex 3.44086 -18.073 3.2201
      vertex 3.55366 -18.0529 3.2357
    endloop
  endfacet
  facet normal -0.176289 0.984338 -0.000284986
    outer loop
      vertex 3.58966 -18.0464 3.05
      vertex 3.32753 -18.0933 3.20894
      vertex 3.44086 -18.073 3.2201
    endloop
  endfacet
  facet normal -0.17582 0.984422 0.000514096
    outer loop
      vertex 3.58966 -18.0464 3.05
      vertex 3.21385 -18.1136 3.20224
      vertex 3.32753 -18.0933 3.20894
    endloop
  endfacet
  facet normal -0.175908 0.984407 0.000289939
    outer loop
      vertex 2.87839 -18.1735 3.05
      vertex 3.21385 -18.1136 3.20224
      vertex 3.58966 -18.0464 3.05
    endloop
  endfacet
  facet normal -0.175525 0.984475 -0.000580493
    outer loop
      vertex 3.21385 -18.1136 3.20224
      vertex 2.87839 -18.1735 3.05
      vertex 3.1 -18.1339 3.2
    endloop
  endfacet
  facet normal -0.175906 0.984407 0
    outer loop
      vertex 3.1 -18.1339 3.2
      vertex 2.87839 -18.1735 3.05
      vertex 2.87839 -18.1735 3.2
    endloop
  endfacet
  facet normal -0.175908 0.984407 -1.76403e-05
    outer loop
      vertex 3.21385 -18.1136 8.99776
      vertex 2.87839 -18.1735 11.5
      vertex 3.58966 -18.0464 11.5
    endloop
  endfacet
  facet normal -0.175536 0.984473 3.38762e-05
    outer loop
      vertex 2.87839 -18.1735 11.5
      vertex 3.21385 -18.1136 8.99776
      vertex 3.1 -18.1339 9
    endloop
  endfacet
  facet normal -0.175793 0.984427 -3.55148e-05
    outer loop
      vertex 3.58966 -18.0464 11.5
      vertex 3.32753 -18.0933 8.99106
      vertex 3.21385 -18.1136 8.99776
    endloop
  endfacet
  facet normal -0.176315 0.984334 2.0772e-05
    outer loop
      vertex 3.58966 -18.0464 11.5
      vertex 3.44086 -18.073 8.9799
      vertex 3.32753 -18.0933 8.99106
    endloop
  endfacet
  facet normal -0.175433 0.984491 -3.2978e-05
    outer loop
      vertex 3.58966 -18.0464 11.5
      vertex 3.55366 -18.0529 8.9643
      vertex 3.44086 -18.073 8.9799
    endloop
  endfacet
  facet normal -0.177683 0.984088 0
    outer loop
      vertex 3.55366 -18.0529 8.9643
      vertex 3.58966 -18.0464 11.5
      vertex 3.58966 -18.0464 8.95787
    endloop
  endfacet
  facet normal -0.175906 0.984407 0
    outer loop
      vertex 2.87839 -18.1735 11.5
      vertex 3.1 -18.1339 9
      vertex 2.87839 -18.1735 9
    endloop
  endfacet
  facet normal -0.327607 0.944814 0
    outer loop
      vertex 6.36855 -17.2627 11.5
      vertex 5.68591 -17.4994 7.41246
      vertex 5.68591 -17.4994 11.5
    endloop
  endfacet
  facet normal -0.327086 0.944995 -9.7451e-05
    outer loop
      vertex 6.36855 -17.2627 11.5
      vertex 5.73361 -17.4829 7.31411
      vertex 5.68591 -17.4994 7.41246
    endloop
  endfacet
  facet normal -0.327273 0.94493 -6.56525e-05
    outer loop
      vertex 6.36855 -17.2627 11.5
      vertex 5.77925 -17.4671 7.20978
      vertex 5.73361 -17.4829 7.31411
    endloop
  endfacet
  facet normal -0.327784 0.944753 1.30401e-05
    outer loop
      vertex 6.36855 -17.2627 11.5
      vertex 5.82075 -17.4527 7.10374
      vertex 5.77925 -17.4671 7.20978
    endloop
  endfacet
  facet normal -0.328677 0.944442 0.000137666
    outer loop
      vertex 6.36855 -17.2627 11.5
      vertex 5.85806 -17.4397 6.99615
      vertex 5.82075 -17.4527 7.10374
    endloop
  endfacet
  facet normal -0.326427 0.945222 -0.000148046
    outer loop
      vertex 6.36855 -17.2627 11.5
      vertex 5.89112 -17.4283 6.88718
      vertex 5.85806 -17.4397 6.99615
    endloop
  endfacet
  facet normal -0.328289 0.944577 6.78244e-05
    outer loop
      vertex 6.36855 -17.2627 11.5
      vertex 5.91987 -17.4183 6.77699
      vertex 5.89112 -17.4283 6.88718
    endloop
  endfacet
  facet normal -0.328489 0.944508 8.91019e-05
    outer loop
      vertex 6.36855 -17.2627 11.5
      vertex 5.94428 -17.4098 6.66576
      vertex 5.91987 -17.4183 6.77699
    endloop
  endfacet
  facet normal -0.326418 0.945226 -0.000114461
    outer loop
      vertex 6.36855 -17.2627 11.5
      vertex 5.9643 -17.4029 6.55366
      vertex 5.94428 -17.4098 6.66576
    endloop
  endfacet
  facet normal -0.327318 0.944914 -3.20969e-05
    outer loop
      vertex 6.36855 -17.2627 11.5
      vertex 5.9799 -17.3975 6.44086
      vertex 5.9643 -17.4029 6.55366
    endloop
  endfacet
  facet normal -0.328932 0.944354 0.000106805
    outer loop
      vertex 6.36855 -17.2627 11.5
      vertex 5.99106 -17.3936 6.32753
      vertex 5.9799 -17.3975 6.44086
    endloop
  endfacet
  facet normal -0.326313 0.945262 -0.000107275
    outer loop
      vertex 6.36855 -17.2627 11.5
      vertex 5.99776 -17.3913 6.21385
      vertex 5.99106 -17.3936 6.32753
    endloop
  endfacet
  facet normal -0.327678 0.944789 0
    outer loop
      vertex 6.36855 -17.2627 3.05
      vertex 5.99776 -17.3913 6.21385
      vertex 6.36855 -17.2627 11.5
    endloop
  endfacet
  facet normal -0.325922 0.945397 0.000230594
    outer loop
      vertex 5.99776 -17.3913 6.21385
      vertex 6.36855 -17.2627 3.05
      vertex 6 -17.3905 6.1
    endloop
  endfacet
  facet normal -0.32885 0.944382 -0.000165838
    outer loop
      vertex 6 -17.3905 6.1
      vertex 6.36855 -17.2627 3.05
      vertex 5.99776 -17.3913 5.98615
    endloop
  endfacet
  facet normal -0.326727 0.945119 0.000134574
    outer loop
      vertex 5.99776 -17.3913 5.98615
      vertex 6.36855 -17.2627 3.05
      vertex 5.99106 -17.3936 5.87247
    endloop
  endfacet
  facet normal -0.32859 0.944473 -0.000144532
    outer loop
      vertex 6.36855 -17.2627 3.05
      vertex 5.9799 -17.3975 5.75914
      vertex 5.99106 -17.3936 5.87247
    endloop
  endfacet
  facet normal -0.327406 0.944884 4.57614e-05
    outer loop
      vertex 6.36855 -17.2627 3.05
      vertex 5.9643 -17.4029 5.64634
      vertex 5.9799 -17.3975 5.75914
    endloop
  endfacet
  facet normal -0.326695 0.94513 0.000169792
    outer loop
      vertex 6.36855 -17.2627 3.05
      vertex 5.94428 -17.4098 5.53424
      vertex 5.9643 -17.4029 5.64634
    endloop
  endfacet
  facet normal -0.328296 0.944575 -0.000136511
    outer loop
      vertex 6.36855 -17.2627 3.05
      vertex 5.91987 -17.4183 5.42301
      vertex 5.94428 -17.4098 5.53424
    endloop
  endfacet
  facet normal -0.328156 0.944624 -0.000106774
    outer loop
      vertex 6.36855 -17.2627 3.05
      vertex 5.89112 -17.4283 5.31282
      vertex 5.91987 -17.4183 5.42301
    endloop
  endfacet
  facet normal -0.326694 0.94513 0.000238707
    outer loop
      vertex 6.36855 -17.2627 3.05
      vertex 5.85806 -17.4397 5.20385
      vertex 5.89112 -17.4283 5.31282
    endloop
  endfacet
  facet normal -0.328447 0.944522 -0.000226908
    outer loop
      vertex 6.36855 -17.2627 3.05
      vertex 5.82075 -17.4527 5.09626
      vertex 5.85806 -17.4397 5.20385
    endloop
  endfacet
  facet normal -0.327764 0.94476 -2.1933e-05
    outer loop
      vertex 6.36855 -17.2627 3.05
      vertex 5.77925 -17.4671 4.99022
      vertex 5.82075 -17.4527 5.09626
    endloop
  endfacet
  facet normal -0.327369 0.944897 0.000112581
    outer loop
      vertex 6.36855 -17.2627 3.05
      vertex 5.73361 -17.4829 4.88589
      vertex 5.77925 -17.4671 4.99022
    endloop
  endfacet
  facet normal -0.32722 0.944948 0.000170259
    outer loop
      vertex 6.36855 -17.2627 3.05
      vertex 5.68591 -17.4994 4.78754
      vertex 5.73361 -17.4829 4.88589
    endloop
  endfacet
  facet normal -0.327607 0.944814 0
    outer loop
      vertex 5.68591 -17.4994 4.78754
      vertex 6.36855 -17.2627 3.05
      vertex 5.68591 -17.4994 3.05
    endloop
  endfacet
  facet normal -0.539192 0.842183 0
    outer loop
      vertex 10.2225 -15.299 3.05
      vertex 9.61397 -15.6886 11.5
      vertex 10.2225 -15.299 11.5
    endloop
  endfacet
  facet normal -0.539192 0.842183 0
    outer loop
      vertex 9.61397 -15.6886 11.5
      vertex 10.2225 -15.299 3.05
      vertex 9.61397 -15.6886 3.05
    endloop
  endfacet
  facet normal -0.984407 0.175908 0
    outer loop
      vertex 18.0464 -3.58966 3.05
      vertex 18.1735 -2.87839 11.5
      vertex 18.1735 -2.87839 3.05
    endloop
  endfacet
  facet normal -0.984407 0.175908 0
    outer loop
      vertex 18.1735 -2.87839 11.5
      vertex 18.0464 -3.58966 3.05
      vertex 18.0464 -3.58966 11.5
    endloop
  endfacet
  facet normal -0.999807 0.0196534 0
    outer loop
      vertex 18.3858 -0.72238 3.05
      vertex 18.4 0 11.5
      vertex 18.4 0 3.05
    endloop
  endfacet
  facet normal -0.999807 0.0196534 0
    outer loop
      vertex 18.4 0 11.5
      vertex 18.3858 -0.72238 3.05
      vertex 18.3858 -0.72238 11.5
    endloop
  endfacet
  facet normal 0.603559 0.797318 -0
    outer loop
      vertex -10.8152 -14.8859 3.05
      vertex -11.3913 -14.4498 11.5
      vertex -10.8152 -14.8859 11.5
    endloop
  endfacet
  facet normal 0.603559 0.797318 0
    outer loop
      vertex -11.3913 -14.4498 11.5
      vertex -10.8152 -14.8859 3.05
      vertex -11.3913 -14.4498 3.05
    endloop
  endfacet
  facet normal 0.50561 0.862762 -0
    outer loop
      vertex -8.99063 -16.0539 3.05
      vertex -9.61397 -15.6886 11.5
      vertex -8.99063 -16.0539 11.5
    endloop
  endfacet
  facet normal 0.50561 0.862762 0
    outer loop
      vertex -9.61397 -15.6886 11.5
      vertex -8.99063 -16.0539 3.05
      vertex -9.61397 -15.6886 3.05
    endloop
  endfacet
  facet normal 0.842183 0.539192 0
    outer loop
      vertex -15.299 -10.2225 11.5
      vertex -15.6886 -9.61397 3.05
      vertex -15.6886 -9.61397 11.5
    endloop
  endfacet
  facet normal 0.842183 0.539192 0
    outer loop
      vertex -15.6886 -9.61397 3.05
      vertex -15.299 -10.2225 11.5
      vertex -15.299 -10.2225 3.05
    endloop
  endfacet
  facet normal 0.944814 0.327607 0
    outer loop
      vertex -17.2627 -6.36855 11.5
      vertex -17.4994 -5.68591 3.05
      vertex -17.4994 -5.68591 11.5
    endloop
  endfacet
  facet normal 0.944814 0.327607 0
    outer loop
      vertex -17.4994 -5.68591 3.05
      vertex -17.2627 -6.36855 11.5
      vertex -17.2627 -6.36855 3.05
    endloop
  endfacet
  facet normal 0.990568 0.137021 0
    outer loop
      vertex -18.1735 -2.87839 11.5
      vertex -18.2725 -2.16269 3.05
      vertex -18.2725 -2.16269 11.5
    endloop
  endfacet
  facet normal 0.990568 0.137021 0
    outer loop
      vertex -18.2725 -2.16269 3.05
      vertex -18.1735 -2.87839 11.5
      vertex -18.1735 -2.87839 3.05
    endloop
  endfacet
  facet normal 0.998268 -0 0.0588353
    outer loop
      vertex -5.99776 -19.0765 5.98615
      vertex -5.99106 -17.3936 5.87247
      vertex -5.99776 -17.3913 5.98615
    endloop
  endfacet
  facet normal 0.998268 0 0.0588353
    outer loop
      vertex -5.99106 -17.3936 5.87247
      vertex -5.99776 -19.0765 5.98615
      vertex -5.99106 -19.0785 5.87247
    endloop
  endfacet
  facet normal 0.995186 0 -0.0979995
    outer loop
      vertex -5.9799 -17.3975 6.44086
      vertex -5.99106 -19.0785 6.32753
      vertex -5.99106 -17.3936 6.32753
    endloop
  endfacet
  facet normal 0.995186 0 -0.0979995
    outer loop
      vertex -5.99106 -19.0785 6.32753
      vertex -5.9799 -17.3975 6.44086
      vertex -5.9799 -19.0819 6.44086
    endloop
  endfacet
  facet normal -0.995186 0 -0.0979995
    outer loop
      vertex 5.99106 -19.0785 6.32753
      vertex 5.9799 -17.3975 6.44086
      vertex 5.99106 -17.3936 6.32753
    endloop
  endfacet
  facet normal -0.995186 -0 -0.0979995
    outer loop
      vertex 5.9799 -17.3975 6.44086
      vertex 5.99106 -19.0785 6.32753
      vertex 5.9799 -19.0819 6.44086
    endloop
  endfacet
  facet normal 0.944803 0 -0.327638
    outer loop
      vertex -5.82075 -17.4527 7.10374
      vertex -5.85806 -19.1189 6.99615
      vertex -5.85806 -17.4397 6.99615
    endloop
  endfacet
  facet normal 0.944803 0 -0.327638
    outer loop
      vertex -5.85806 -19.1189 6.99615
      vertex -5.82075 -17.4527 7.10374
      vertex -5.82075 -19.1302 7.10374
    endloop
  endfacet
  facet normal 0.0195153 0 -0.99981
    outer loop
      vertex -3.12869 -19.7538 8.99944
      vertex -3.1 -18.1339 9
      vertex -3.1 -19.7577 9
    endloop
  endfacet
  facet normal 0.0197231 -3.68172e-06 -0.999805
    outer loop
      vertex -3.21385 -19.7386 8.99776
      vertex -3.1 -18.1339 9
      vertex -3.12869 -19.7538 8.99944
    endloop
  endfacet
  facet normal 0.0196712 0 -0.999807
    outer loop
      vertex -3.1 -18.1339 9
      vertex -3.21385 -19.7386 8.99776
      vertex -3.21385 -18.1136 8.99776
    endloop
  endfacet
  facet normal -0.720845 0 0.693096
    outer loop
      vertex 5.15061 -17.6618 4.04939
      vertex 5.22954 -19.3011 4.13148
      vertex 5.22954 -17.6379 4.13148
    endloop
  endfacet
  facet normal -0.720845 0 0.693096
    outer loop
      vertex 5.22954 -19.3011 4.13148
      vertex 5.15061 -17.6618 4.04939
      vertex 5.15061 -19.3217 4.04939
    endloop
  endfacet
  facet normal -0.747506 0 0.664255
    outer loop
      vertex 5.22954 -17.6379 4.13148
      vertex 5.30518 -19.2814 4.2166
      vertex 5.30518 -17.6149 4.2166
    endloop
  endfacet
  facet normal -0.747506 0 0.664255
    outer loop
      vertex 5.30518 -19.2814 4.2166
      vertex 5.22954 -17.6379 4.13148
      vertex 5.22954 -19.3011 4.13148
    endloop
  endfacet
  facet normal -0.0588353 0 0.998268
    outer loop
      vertex 3.21385 -18.1136 3.20224
      vertex 3.32753 -19.7183 3.20894
      vertex 3.32753 -18.0933 3.20894
    endloop
  endfacet
  facet normal -0.0588353 0 0.998268
    outer loop
      vertex 3.32753 -19.7183 3.20894
      vertex 3.21385 -18.1136 3.20224
      vertex 3.21385 -19.7386 3.20224
    endloop
  endfacet
  facet normal 0.967607 -0 0.252461
    outer loop
      vertex -5.91987 -19.1001 5.42301
      vertex -5.89112 -17.4283 5.31282
      vertex -5.91987 -17.4183 5.42301
    endloop
  endfacet
  facet normal 0.967607 0 0.252461
    outer loop
      vertex -5.89112 -17.4283 5.31282
      vertex -5.91987 -19.1001 5.42301
      vertex -5.89112 -19.1089 5.31282
    endloop
  endfacet
  facet normal 0 0 -1
    outer loop
      vertex 3.1 -19.7577 9
      vertex 2.87839 -18.1735 9
      vertex 3.1 -18.1339 9
    endloop
  endfacet
  facet normal 0 0 -1
    outer loop
      vertex 2.16269 -18.2725 9
      vertex 3.1 -19.7577 9
      vertex 2.35075 -19.8614 9
    endloop
  endfacet
  facet normal 0 0 -1
    outer loop
      vertex 3.1 -19.7577 9
      vertex 2.16269 -18.2725 9
      vertex 2.87839 -18.1735 9
    endloop
  endfacet
  facet normal 0 0 -1
    outer loop
      vertex 1.56918 -19.9383 9
      vertex 2.16269 -18.2725 9
      vertex 2.35075 -19.8614 9
    endloop
  endfacet
  facet normal 0 0 -1
    outer loop
      vertex 1.56918 -19.9383 9
      vertex 1.44365 -18.3433 9
      vertex 2.16269 -18.2725 9
    endloop
  endfacet
  facet normal 0 0 -1
    outer loop
      vertex 0.785196 -19.9846 9
      vertex 1.44365 -18.3433 9
      vertex 1.56918 -19.9383 9
    endloop
  endfacet
  facet normal 0 0 -1
    outer loop
      vertex 0.785196 -19.9846 9
      vertex 0.72238 -18.3858 9
      vertex 1.44365 -18.3433 9
    endloop
  endfacet
  facet normal 0 0 -1
    outer loop
      vertex 0 -20 9
      vertex 0.72238 -18.3858 9
      vertex 0.785196 -19.9846 9
    endloop
  endfacet
  facet normal 0 0 -1
    outer loop
      vertex 0 -20 9
      vertex 0 -18.4 9
      vertex 0.72238 -18.3858 9
    endloop
  endfacet
  facet normal 0 0 -1
    outer loop
      vertex 0 -20 9
      vertex -0.72238 -18.3858 9
      vertex 0 -18.4 9
    endloop
  endfacet
  facet normal 0 0 -1
    outer loop
      vertex -0.785196 -19.9846 9
      vertex -0.72238 -18.3858 9
      vertex 0 -20 9
    endloop
  endfacet
  facet normal 0 0 -1
    outer loop
      vertex -0.785196 -19.9846 9
      vertex -1.44365 -18.3433 9
      vertex -0.72238 -18.3858 9
    endloop
  endfacet
  facet normal 0 0 -1
    outer loop
      vertex -1.56918 -19.9383 9
      vertex -1.44365 -18.3433 9
      vertex -0.785196 -19.9846 9
    endloop
  endfacet
  facet normal 0 0 -1
    outer loop
      vertex -1.56918 -19.9383 9
      vertex -2.16269 -18.2725 9
      vertex -1.44365 -18.3433 9
    endloop
  endfacet
  facet normal 0 0 -1
    outer loop
      vertex -2.35075 -19.8614 9
      vertex -2.16269 -18.2725 9
      vertex -1.56918 -19.9383 9
    endloop
  endfacet
  facet normal 0 0 -1
    outer loop
      vertex -3.1 -19.7577 9
      vertex -2.16269 -18.2725 9
      vertex -2.35075 -19.8614 9
    endloop
  endfacet
  facet normal -0 0 -1
    outer loop
      vertex -2.16269 -18.2725 9
      vertex -3.1 -19.7577 9
      vertex -2.87839 -18.1735 9
    endloop
  endfacet
  facet normal -0 0 -1
    outer loop
      vertex -2.87839 -18.1735 9
      vertex -3.1 -19.7577 9
      vertex -3.1 -18.1339 9
    endloop
  endfacet
  facet normal -0.999807 0 0.0196712
    outer loop
      vertex 5.99776 -17.3913 5.98615
      vertex 6 -19.0758 6.1
      vertex 6 -17.3905 6.1
    endloop
  endfacet
  facet normal -0.999807 0 0.0196712
    outer loop
      vertex 6 -19.0758 6.1
      vertex 5.99776 -17.3913 5.98615
      vertex 5.99776 -19.0765 5.98615
    endloop
  endfacet
  facet normal -0.436433 0 0.899737
    outer loop
      vertex 4.31411 -17.8867 3.46638
      vertex 4.41657 -19.5028 3.51608
      vertex 4.41657 -17.86 3.51608
    endloop
  endfacet
  facet normal -0.436433 0 0.899737
    outer loop
      vertex 4.41657 -19.5028 3.51608
      vertex 4.31411 -17.8867 3.46638
      vertex 4.31411 -19.5252 3.46638
    endloop
  endfacet
  facet normal -0.995186 0 0.0979995
    outer loop
      vertex 5.9799 -17.3975 5.75914
      vertex 5.99106 -19.0785 5.87247
      vertex 5.99106 -17.3936 5.87247
    endloop
  endfacet
  facet normal -0.995186 0 0.0979995
    outer loop
      vertex 5.99106 -19.0785 5.87247
      vertex 5.9799 -17.3975 5.75914
      vertex 5.9799 -19.0819 5.75914
    endloop
  endfacet
  facet normal -0.1758 0 0.984426
    outer loop
      vertex 3.58966 -18.0464 3.24213
      vertex 3.66576 -19.6579 3.25572
      vertex 3.66576 -18.0298 3.25572
    endloop
  endfacet
  facet normal -0.175828 -1.39649e-06 0.984421
    outer loop
      vertex 3.55366 -18.0529 3.2357
      vertex 3.66576 -19.6579 3.25572
      vertex 3.58966 -18.0464 3.24213
    endloop
  endfacet
  facet normal -0.175809 0 0.984424
    outer loop
      vertex 3.66576 -19.6579 3.25572
      vertex 3.55366 -18.0529 3.2357
      vertex 3.55366 -19.6779 3.2357
    endloop
  endfacet
  facet normal 0.0195153 0 0.99981
    outer loop
      vertex -3.1 -18.1339 3.2
      vertex -3.12869 -19.7538 3.20056
      vertex -3.1 -19.7577 3.2
    endloop
  endfacet
  facet normal 0.0196712 -0 0.999807
    outer loop
      vertex -3.21385 -19.7386 3.20224
      vertex -3.1 -18.1339 3.2
      vertex -3.21385 -18.1136 3.20224
    endloop
  endfacet
  facet normal 0.0197231 -3.68172e-06 0.999805
    outer loop
      vertex -3.1 -18.1339 3.2
      vertex -3.21385 -19.7386 3.20224
      vertex -3.12869 -19.7538 3.20056
    endloop
  endfacet
  facet normal 0.252461 -0 0.967607
    outer loop
      vertex -3.88718 -19.6183 3.30888
      vertex -3.77699 -18.0053 3.28013
      vertex -3.88718 -17.9812 3.30888
    endloop
  endfacet
  facet normal 0.252461 0 0.967607
    outer loop
      vertex -3.77699 -18.0053 3.28013
      vertex -3.88718 -19.6183 3.30888
      vertex -3.77699 -19.638 3.28013
    endloop
  endfacet
  facet normal 0.773029 -0 0.63437
    outer loop
      vertex -5.37742 -19.2625 4.30463
      vertex -5.30518 -17.6149 4.2166
      vertex -5.37742 -17.593 4.30463
    endloop
  endfacet
  facet normal 0.773029 0 0.63437
    outer loop
      vertex -5.30518 -17.6149 4.2166
      vertex -5.37742 -19.2625 4.30463
      vertex -5.30518 -19.2814 4.2166
    endloop
  endfacet
  facet normal 0.999807 -0 0.0196712
    outer loop
      vertex -6 -19.0758 6.1
      vertex -5.99776 -17.3913 5.98615
      vertex -6 -17.3905 6.1
    endloop
  endfacet
  facet normal 0.999807 0 0.0196712
    outer loop
      vertex -5.99776 -17.3913 5.98615
      vertex -6 -19.0758 6.1
      vertex -5.99776 -19.0765 5.98615
    endloop
  endfacet
  facet normal 0.990572 -0 0.136994
    outer loop
      vertex -5.9799 -19.0819 5.75914
      vertex -5.9643 -17.4029 5.64634
      vertex -5.9799 -17.3975 5.75914
    endloop
  endfacet
  facet normal 0.990572 0 0.136994
    outer loop
      vertex -5.9643 -17.4029 5.64634
      vertex -5.9799 -19.0819 5.75914
      vertex -5.9643 -19.0867 5.64634
    endloop
  endfacet
  facet normal 0.747506 0 -0.664255
    outer loop
      vertex -5.22954 -17.6379 8.06852
      vertex -5.30518 -19.2814 7.9834
      vertex -5.30518 -17.6149 7.9834
    endloop
  endfacet
  facet normal 0.747506 0 -0.664255
    outer loop
      vertex -5.30518 -19.2814 7.9834
      vertex -5.22954 -17.6379 8.06852
      vertex -5.22954 -19.3011 8.06852
    endloop
  endfacet
  facet normal 0.862755 0 -0.505623
    outer loop
      vertex -5.57266 -17.5338 7.61525
      vertex -5.63024 -19.188 7.517
      vertex -5.63024 -17.5163 7.517
    endloop
  endfacet
  facet normal 0.862755 0 -0.505623
    outer loop
      vertex -5.63024 -19.188 7.517
      vertex -5.57266 -17.5338 7.61525
      vertex -5.57266 -19.2055 7.61525
    endloop
  endfacet
  facet normal 0.400787 0 -0.916171
    outer loop
      vertex -4.31411 -19.5252 8.73361
      vertex -4.20978 -17.9104 8.77925
      vertex -4.20978 -19.5481 8.77925
    endloop
  endfacet
  facet normal 0.40078 5.35181e-07 -0.916174
    outer loop
      vertex -4.20978 -17.9104 8.77925
      vertex -4.31411 -19.5252 8.73361
      vertex -4.29539 -17.8916 8.7418
    endloop
  endfacet
  facet normal 0.400819 0 -0.916157
    outer loop
      vertex -4.29539 -17.8916 8.7418
      vertex -4.31411 -19.5252 8.73361
      vertex -4.31411 -17.8867 8.73361
    endloop
  endfacet
  facet normal 0.290407 0 -0.956903
    outer loop
      vertex -3.90181 -19.6157 8.88668
      vertex -3.88718 -17.9812 8.89112
      vertex -3.88718 -19.6183 8.89112
    endloop
  endfacet
  facet normal 0.290306 9.84796e-07 -0.956934
    outer loop
      vertex -3.99615 -19.595 8.85806
      vertex -3.88718 -17.9812 8.89112
      vertex -3.90181 -19.6157 8.88668
    endloop
  endfacet
  facet normal 0.290319 0 -0.95693
    outer loop
      vertex -3.88718 -17.9812 8.89112
      vertex -3.99615 -19.595 8.85806
      vertex -3.99615 -17.9573 8.85806
    endloop
  endfacet
  facet normal 0.214354 0 -0.976756
    outer loop
      vertex -3.77699 -19.638 8.91987
      vertex -3.66576 -18.0298 8.94428
      vertex -3.66576 -19.6579 8.94428
    endloop
  endfacet
  facet normal 0.214354 0 -0.976756
    outer loop
      vertex -3.66576 -18.0298 8.94428
      vertex -3.77699 -19.638 8.91987
      vertex -3.77699 -18.0053 8.91987
    endloop
  endfacet
  facet normal 0.0979995 0 -0.995186
    outer loop
      vertex -3.44086 -19.698 8.9799
      vertex -3.32753 -18.0933 8.99106
      vertex -3.32753 -19.7183 8.99106
    endloop
  endfacet
  facet normal 0.0979995 0 -0.995186
    outer loop
      vertex -3.32753 -18.0933 8.99106
      vertex -3.44086 -19.698 8.9799
      vertex -3.44086 -18.073 8.9799
    endloop
  endfacet
  facet normal 0.571746 0 -0.820431
    outer loop
      vertex -4.80458 -19.412 8.44615
      vertex -4.71115 -17.7831 8.51126
      vertex -4.71115 -19.4364 8.51126
    endloop
  endfacet
  facet normal 0.571746 0 -0.820431
    outer loop
      vertex -4.71115 -17.7831 8.51126
      vertex -4.80458 -19.412 8.44615
      vertex -4.80458 -17.7587 8.44615
    endloop
  endfacet
  facet normal 0.505623 0 -0.862755
    outer loop
      vertex -4.61525 -19.4592 8.57266
      vertex -4.517 -17.8338 8.63024
      vertex -4.517 -19.4807 8.63024
    endloop
  endfacet
  facet normal 0.505623 0 -0.862755
    outer loop
      vertex -4.517 -17.8338 8.63024
      vertex -4.61525 -19.4592 8.57266
      vertex -4.61525 -17.8081 8.57266
    endloop
  endfacet
  facet normal 0.720845 0 -0.693096
    outer loop
      vertex -5.15061 -17.6618 8.15061
      vertex -5.22954 -19.3011 8.06852
      vertex -5.22954 -17.6379 8.06852
    endloop
  endfacet
  facet normal 0.720845 0 -0.693096
    outer loop
      vertex -5.22954 -19.3011 8.06852
      vertex -5.15061 -17.6618 8.15061
      vertex -5.15061 -19.3217 8.15061
    endloop
  endfacet
  facet normal -0.66422 0 -0.747537
    outer loop
      vertex 5.06852 -19.3431 8.22954
      vertex 4.9945 -17.7092 8.29531
      vertex 5.06852 -17.6867 8.22954
    endloop
  endfacet
  facet normal -0.664255 -0 -0.747506
    outer loop
      vertex 4.9834 -17.7121 8.30518
      vertex 5.06852 -19.3431 8.22954
      vertex 4.9834 -19.3653 8.30518
    endloop
  endfacet
  facet normal -0.664486 -2.15993e-05 -0.747301
    outer loop
      vertex 5.06852 -19.3431 8.22954
      vertex 4.9834 -17.7121 8.30518
      vertex 4.9945 -17.7092 8.29531
    endloop
  endfacet
  facet normal -0.797305 0 -0.603577
    outer loop
      vertex 5.44615 -19.2438 7.80458
      vertex 5.37742 -17.593 7.89537
      vertex 5.44615 -17.5722 7.80458
    endloop
  endfacet
  facet normal -0.797235 7.94642e-06 -0.603669
    outer loop
      vertex 5.42881 -19.2491 7.82748
      vertex 5.37742 -17.593 7.89537
      vertex 5.44615 -19.2438 7.80458
    endloop
  endfacet
  facet normal -0.797328 -0 -0.603546
    outer loop
      vertex 5.37742 -17.593 7.89537
      vertex 5.42881 -19.2491 7.82748
      vertex 5.37742 -19.2625 7.89537
    endloop
  endfacet
  facet normal -0.0197231 -3.68172e-06 -0.999805
    outer loop
      vertex 3.1 -18.1339 9
      vertex 3.21385 -19.7386 8.99776
      vertex 3.12869 -19.7538 8.99944
    endloop
  endfacet
  facet normal -0.0195153 -0 -0.99981
    outer loop
      vertex 3.1 -18.1339 9
      vertex 3.12869 -19.7538 8.99944
      vertex 3.1 -19.7577 9
    endloop
  endfacet
  facet normal -0.0196712 0 -0.999807
    outer loop
      vertex 3.21385 -19.7386 8.99776
      vertex 3.1 -18.1339 9
      vertex 3.21385 -18.1136 8.99776
    endloop
  endfacet
  facet normal -0.0979995 -0 -0.995186
    outer loop
      vertex 3.32753 -18.0933 8.99106
      vertex 3.44086 -19.698 8.9799
      vertex 3.32753 -19.7183 8.99106
    endloop
  endfacet
  facet normal -0.0979995 0 -0.995186
    outer loop
      vertex 3.44086 -19.698 8.9799
      vertex 3.32753 -18.0933 8.99106
      vertex 3.44086 -18.073 8.9799
    endloop
  endfacet
  facet normal -0.136994 -0 -0.990572
    outer loop
      vertex 3.44086 -18.073 8.9799
      vertex 3.55366 -19.6779 8.9643
      vertex 3.44086 -19.698 8.9799
    endloop
  endfacet
  facet normal -0.136994 0 -0.990572
    outer loop
      vertex 3.55366 -19.6779 8.9643
      vertex 3.44086 -18.073 8.9799
      vertex 3.55366 -18.0529 8.9643
    endloop
  endfacet
  facet normal -0.214354 -0 -0.976756
    outer loop
      vertex 3.66576 -18.0298 8.94428
      vertex 3.77699 -19.638 8.91987
      vertex 3.66576 -19.6579 8.94428
    endloop
  endfacet
  facet normal -0.214354 0 -0.976756
    outer loop
      vertex 3.77699 -19.638 8.91987
      vertex 3.66576 -18.0298 8.94428
      vertex 3.77699 -18.0053 8.91987
    endloop
  endfacet
  facet normal -0.998268 0 -0.0588353
    outer loop
      vertex 5.99776 -19.0765 6.21385
      vertex 5.99106 -17.3936 6.32753
      vertex 5.99776 -17.3913 6.21385
    endloop
  endfacet
  facet normal -0.998268 -0 -0.0588353
    outer loop
      vertex 5.99106 -17.3936 6.32753
      vertex 5.99776 -19.0765 6.21385
      vertex 5.99106 -19.0785 6.32753
    endloop
  endfacet
  facet normal -0.603577 0 0.797305
    outer loop
      vertex 4.80458 -17.7587 3.75385
      vertex 4.89537 -19.3883 3.82258
      vertex 4.89537 -17.735 3.82258
    endloop
  endfacet
  facet normal -0.603577 0 0.797305
    outer loop
      vertex 4.89537 -19.3883 3.82258
      vertex 4.80458 -17.7587 3.75385
      vertex 4.80458 -19.412 3.75385
    endloop
  endfacet
  facet normal -0.881925 0 0.47139
    outer loop
      vertex 5.63024 -17.5163 4.683
      vertex 5.68392 -19.1717 4.78343
      vertex 5.68392 -17.5 4.78343
    endloop
  endfacet
  facet normal -0.881925 0 0.47139
    outer loop
      vertex 5.68392 -19.1717 4.78343
      vertex 5.63024 -17.5163 4.683
      vertex 5.63024 -19.188 4.683
    endloop
  endfacet
  facet normal -0.95693 0 0.290319
    outer loop
      vertex 5.85806 -17.4397 5.20385
      vertex 5.89112 -19.1089 5.31282
      vertex 5.89112 -17.4283 5.31282
    endloop
  endfacet
  facet normal -0.95693 0 0.290319
    outer loop
      vertex 5.89112 -19.1089 5.31282
      vertex 5.85806 -17.4397 5.20385
      vertex 5.85806 -19.1189 5.20385
    endloop
  endfacet
  facet normal -0.967607 0 0.252461
    outer loop
      vertex 5.89112 -17.4283 5.31282
      vertex 5.91987 -19.1001 5.42301
      vertex 5.91987 -17.4183 5.42301
    endloop
  endfacet
  facet normal -0.967607 0 0.252461
    outer loop
      vertex 5.91987 -19.1001 5.42301
      vertex 5.89112 -17.4283 5.31282
      vertex 5.89112 -19.1089 5.31282
    endloop
  endfacet
  facet normal -0 0 1
    outer loop
      vertex 2.87839 -18.1735 3.2
      vertex 3.1 -19.7577 3.2
      vertex 3.1 -18.1339 3.2
    endloop
  endfacet
  facet normal -0 0 1
    outer loop
      vertex 2.16269 -18.2725 3.2
      vertex 3.1 -19.7577 3.2
      vertex 2.87839 -18.1735 3.2
    endloop
  endfacet
  facet normal 0 0 1
    outer loop
      vertex 3.1 -19.7577 3.2
      vertex 2.16269 -18.2725 3.2
      vertex 2.35075 -19.8614 3.2
    endloop
  endfacet
  facet normal 0 0 1
    outer loop
      vertex 2.16269 -18.2725 3.2
      vertex 1.56918 -19.9383 3.2
      vertex 2.35075 -19.8614 3.2
    endloop
  endfacet
  facet normal -0 0 1
    outer loop
      vertex 1.44365 -18.3433 3.2
      vertex 1.56918 -19.9383 3.2
      vertex 2.16269 -18.2725 3.2
    endloop
  endfacet
  facet normal 0 0 1
    outer loop
      vertex 1.44365 -18.3433 3.2
      vertex 0.785196 -19.9846 3.2
      vertex 1.56918 -19.9383 3.2
    endloop
  endfacet
  facet normal -0 0 1
    outer loop
      vertex 0.72238 -18.3858 3.2
      vertex 0.785196 -19.9846 3.2
      vertex 1.44365 -18.3433 3.2
    endloop
  endfacet
  facet normal -0 0 1
    outer loop
      vertex 0 -18.4 3.2
      vertex 0.785196 -19.9846 3.2
      vertex 0.72238 -18.3858 3.2
    endloop
  endfacet
  facet normal 0 0 1
    outer loop
      vertex 0 -18.4 3.2
      vertex 0 -20 3.2
      vertex 0.785196 -19.9846 3.2
    endloop
  endfacet
  facet normal 0 0 1
    outer loop
      vertex -0.72238 -18.3858 3.2
      vertex 0 -20 3.2
      vertex 0 -18.4 3.2
    endloop
  endfacet
  facet normal 0 0 1
    outer loop
      vertex -0.72238 -18.3858 3.2
      vertex -0.785196 -19.9846 3.2
      vertex 0 -20 3.2
    endloop
  endfacet
  facet normal 0 0 1
    outer loop
      vertex -1.44365 -18.3433 3.2
      vertex -0.785196 -19.9846 3.2
      vertex -0.72238 -18.3858 3.2
    endloop
  endfacet
  facet normal 0 0 1
    outer loop
      vertex -1.44365 -18.3433 3.2
      vertex -1.56918 -19.9383 3.2
      vertex -0.785196 -19.9846 3.2
    endloop
  endfacet
  facet normal 0 0 1
    outer loop
      vertex -2.16269 -18.2725 3.2
      vertex -1.56918 -19.9383 3.2
      vertex -1.44365 -18.3433 3.2
    endloop
  endfacet
  facet normal 0 0 1
    outer loop
      vertex -2.16269 -18.2725 3.2
      vertex -2.35075 -19.8614 3.2
      vertex -1.56918 -19.9383 3.2
    endloop
  endfacet
  facet normal 0 0 1
    outer loop
      vertex -3.1 -19.7577 3.2
      vertex -2.16269 -18.2725 3.2
      vertex -2.87839 -18.1735 3.2
    endloop
  endfacet
  facet normal 0 0 1
    outer loop
      vertex -3.1 -19.7577 3.2
      vertex -2.87839 -18.1735 3.2
      vertex -3.1 -18.1339 3.2
    endloop
  endfacet
  facet normal 0 0 1
    outer loop
      vertex -2.16269 -18.2725 3.2
      vertex -3.1 -19.7577 3.2
      vertex -2.35075 -19.8614 3.2
    endloop
  endfacet
  facet normal -0.0196712 0 0.999807
    outer loop
      vertex 3.1 -18.1339 3.2
      vertex 3.21385 -19.7386 3.20224
      vertex 3.21385 -18.1136 3.20224
    endloop
  endfacet
  facet normal -0.0197231 -3.68172e-06 0.999805
    outer loop
      vertex 3.21385 -19.7386 3.20224
      vertex 3.1 -18.1339 3.2
      vertex 3.12869 -19.7538 3.20056
    endloop
  endfacet
  facet normal -0.0195153 0 0.99981
    outer loop
      vertex 3.12869 -19.7538 3.20056
      vertex 3.1 -18.1339 3.2
      vertex 3.1 -19.7577 3.2
    endloop
  endfacet
  facet normal 0.136994 -0 0.990572
    outer loop
      vertex -3.55366 -19.6779 3.2357
      vertex -3.44086 -18.073 3.2201
      vertex -3.55366 -18.0529 3.2357
    endloop
  endfacet
  facet normal 0.136994 0 0.990572
    outer loop
      vertex -3.44086 -18.073 3.2201
      vertex -3.55366 -19.6779 3.2357
      vertex -3.44086 -19.698 3.2201
    endloop
  endfacet
  facet normal 0.175828 -1.39649e-06 0.984421
    outer loop
      vertex -3.66576 -19.6579 3.25572
      vertex -3.55366 -18.0529 3.2357
      vertex -3.58966 -18.0464 3.24213
    endloop
  endfacet
  facet normal 0.1758 -0 0.984426
    outer loop
      vertex -3.66576 -19.6579 3.25572
      vertex -3.58966 -18.0464 3.24213
      vertex -3.66576 -18.0298 3.25572
    endloop
  endfacet
  facet normal 0.175809 0 0.984424
    outer loop
      vertex -3.55366 -18.0529 3.2357
      vertex -3.66576 -19.6579 3.25572
      vertex -3.55366 -19.6779 3.2357
    endloop
  endfacet
  facet normal 0.842176 -0 0.539203
    outer loop
      vertex -5.57266 -19.2055 4.58475
      vertex -5.51126 -17.5524 4.48885
      vertex -5.57266 -17.5338 4.58475
    endloop
  endfacet
  facet normal 0.842176 0 0.539203
    outer loop
      vertex -5.51126 -17.5524 4.48885
      vertex -5.57266 -19.2055 4.58475
      vertex -5.51126 -19.2241 4.48885
    endloop
  endfacet
  facet normal 0.995186 -0 0.0979995
    outer loop
      vertex -5.99106 -19.0785 5.87247
      vertex -5.9799 -17.3975 5.75914
      vertex -5.99106 -17.3936 5.87247
    endloop
  endfacet
  facet normal 0.995186 0 0.0979995
    outer loop
      vertex -5.9799 -17.3975 5.75914
      vertex -5.99106 -19.0785 5.87247
      vertex -5.9799 -19.0819 5.75914
    endloop
  endfacet
  facet normal 0.95693 0 -0.290319
    outer loop
      vertex -5.85806 -17.4397 6.99615
      vertex -5.89112 -19.1089 6.88718
      vertex -5.89112 -17.4283 6.88718
    endloop
  endfacet
  facet normal 0.95693 0 -0.290319
    outer loop
      vertex -5.89112 -19.1089 6.88718
      vertex -5.85806 -17.4397 6.99615
      vertex -5.85806 -19.1189 6.99615
    endloop
  endfacet
  facet normal 0.773029 0 -0.63437
    outer loop
      vertex -5.30518 -17.6149 7.9834
      vertex -5.37742 -19.2625 7.89537
      vertex -5.37742 -17.593 7.89537
    endloop
  endfacet
  facet normal 0.773029 0 -0.63437
    outer loop
      vertex -5.37742 -19.2625 7.89537
      vertex -5.30518 -17.6149 7.9834
      vertex -5.30518 -19.2814 7.9834
    endloop
  endfacet
  facet normal 0.364446 0 -0.931225
    outer loop
      vertex -4.20978 -19.5481 8.77925
      vertex -4.10374 -17.9337 8.82075
      vertex -4.10374 -19.5714 8.82075
    endloop
  endfacet
  facet normal 0.364446 0 -0.931225
    outer loop
      vertex -4.10374 -17.9337 8.82075
      vertex -4.20978 -19.5481 8.77925
      vertex -4.20978 -17.9104 8.77925
    endloop
  endfacet
  facet normal 0.252461 0 -0.967607
    outer loop
      vertex -3.88718 -19.6183 8.89112
      vertex -3.77699 -18.0053 8.91987
      vertex -3.77699 -19.638 8.91987
    endloop
  endfacet
  facet normal 0.252461 0 -0.967607
    outer loop
      vertex -3.77699 -18.0053 8.91987
      vertex -3.88718 -19.6183 8.89112
      vertex -3.88718 -17.9812 8.89112
    endloop
  endfacet
  facet normal 0.175809 0 -0.984424
    outer loop
      vertex -3.66576 -19.6579 8.94428
      vertex -3.55366 -18.0529 8.9643
      vertex -3.55366 -19.6779 8.9643
    endloop
  endfacet
  facet normal 0.175828 -1.39649e-06 -0.984421
    outer loop
      vertex -3.55366 -18.0529 8.9643
      vertex -3.66576 -19.6579 8.94428
      vertex -3.58966 -18.0464 8.95787
    endloop
  endfacet
  facet normal 0.1758 0 -0.984426
    outer loop
      vertex -3.58966 -18.0464 8.95787
      vertex -3.66576 -19.6579 8.94428
      vertex -3.66576 -18.0298 8.94428
    endloop
  endfacet
  facet normal 0.0588353 0 -0.998268
    outer loop
      vertex -3.32753 -19.7183 8.99106
      vertex -3.21385 -18.1136 8.99776
      vertex -3.21385 -19.7386 8.99776
    endloop
  endfacet
  facet normal 0.0588353 0 -0.998268
    outer loop
      vertex -3.21385 -18.1136 8.99776
      vertex -3.32753 -19.7183 8.99106
      vertex -3.32753 -18.0933 8.99106
    endloop
  endfacet
  facet normal 0.53925 0 -0.842146
    outer loop
      vertex -4.66891 -19.4474 8.5383
      vertex -4.61525 -17.8081 8.57266
      vertex -4.61525 -19.4592 8.57266
    endloop
  endfacet
  facet normal 0.539145 4.82406e-06 -0.842213
    outer loop
      vertex -4.71115 -19.4364 8.51126
      vertex -4.61525 -17.8081 8.57266
      vertex -4.66891 -19.4474 8.5383
    endloop
  endfacet
  facet normal 0.539203 0 -0.842176
    outer loop
      vertex -4.61525 -17.8081 8.57266
      vertex -4.71115 -19.4364 8.51126
      vertex -4.71115 -17.7831 8.51126
    endloop
  endfacet
  facet normal 0.47139 0 -0.881925
    outer loop
      vertex -4.517 -19.4807 8.63024
      vertex -4.41657 -17.86 8.68392
      vertex -4.41657 -19.5028 8.68392
    endloop
  endfacet
  facet normal 0.47139 0 -0.881925
    outer loop
      vertex -4.41657 -17.86 8.68392
      vertex -4.517 -19.4807 8.63024
      vertex -4.517 -17.8338 8.63024
    endloop
  endfacet
  facet normal 0.664255 0 -0.747506
    outer loop
      vertex -5.06852 -19.3431 8.22954
      vertex -4.9834 -17.7121 8.30518
      vertex -4.9834 -19.3653 8.30518
    endloop
  endfacet
  facet normal 0.664486 -2.15993e-05 -0.747301
    outer loop
      vertex -4.9834 -17.7121 8.30518
      vertex -5.06852 -19.3431 8.22954
      vertex -4.9945 -17.7092 8.29531
    endloop
  endfacet
  facet normal 0.66422 0 -0.747537
    outer loop
      vertex -4.9945 -17.7092 8.29531
      vertex -5.06852 -19.3431 8.22954
      vertex -5.06852 -17.6867 8.22954
    endloop
  endfacet
  facet normal 0.603577 0 -0.797305
    outer loop
      vertex -4.89537 -19.3883 8.37742
      vertex -4.80458 -17.7587 8.44615
      vertex -4.80458 -19.412 8.44615
    endloop
  endfacet
  facet normal 0.603577 0 -0.797305
    outer loop
      vertex -4.80458 -17.7587 8.44615
      vertex -4.89537 -19.3883 8.37742
      vertex -4.89537 -17.735 8.37742
    endloop
  endfacet
  facet normal 0.693096 0 -0.720845
    outer loop
      vertex -5.15061 -19.3217 8.15061
      vertex -5.06852 -17.6867 8.22954
      vertex -5.06852 -19.3431 8.22954
    endloop
  endfacet
  facet normal 0.693096 0 -0.720845
    outer loop
      vertex -5.06852 -17.6867 8.22954
      vertex -5.15061 -19.3217 8.15061
      vertex -5.15061 -17.6618 8.15061
    endloop
  endfacet
  facet normal -0.290306 9.84796e-07 -0.956934
    outer loop
      vertex 3.88718 -17.9812 8.89112
      vertex 3.99615 -19.595 8.85806
      vertex 3.90181 -19.6157 8.88668
    endloop
  endfacet
  facet normal -0.290407 -0 -0.956903
    outer loop
      vertex 3.88718 -17.9812 8.89112
      vertex 3.90181 -19.6157 8.88668
      vertex 3.88718 -19.6183 8.89112
    endloop
  endfacet
  facet normal -0.290319 0 -0.95693
    outer loop
      vertex 3.99615 -19.595 8.85806
      vertex 3.88718 -17.9812 8.89112
      vertex 3.99615 -17.9573 8.85806
    endloop
  endfacet
  facet normal -0.364446 -0 -0.931225
    outer loop
      vertex 4.10374 -17.9337 8.82075
      vertex 4.20978 -19.5481 8.77925
      vertex 4.10374 -19.5714 8.82075
    endloop
  endfacet
  facet normal -0.364446 0 -0.931225
    outer loop
      vertex 4.20978 -19.5481 8.77925
      vertex 4.10374 -17.9337 8.82075
      vertex 4.20978 -17.9104 8.77925
    endloop
  endfacet
  facet normal -0.505623 -0 -0.862755
    outer loop
      vertex 4.517 -17.8338 8.63024
      vertex 4.61525 -19.4592 8.57266
      vertex 4.517 -19.4807 8.63024
    endloop
  endfacet
  facet normal -0.505623 0 -0.862755
    outer loop
      vertex 4.61525 -19.4592 8.57266
      vertex 4.517 -17.8338 8.63024
      vertex 4.61525 -17.8081 8.57266
    endloop
  endfacet
  facet normal -0.436362 -0 -0.899771
    outer loop
      vertex 4.31411 -17.8867 8.73361
      vertex 4.41657 -19.5028 8.68392
      vertex 4.31411 -19.5252 8.73361
    endloop
  endfacet
  facet normal -0.436362 0 -0.899771
    outer loop
      vertex 4.41657 -19.5028 8.68392
      vertex 4.31411 -17.8867 8.73361
      vertex 4.41657 -17.86 8.68392
    endloop
  endfacet
  facet normal -0.693096 -0 -0.720845
    outer loop
      vertex 5.06852 -17.6867 8.22954
      vertex 5.15061 -19.3217 8.15061
      vertex 5.06852 -19.3431 8.22954
    endloop
  endfacet
  facet normal -0.693096 0 -0.720845
    outer loop
      vertex 5.15061 -19.3217 8.15061
      vertex 5.06852 -17.6867 8.22954
      vertex 5.15061 -17.6618 8.15061
    endloop
  endfacet
  facet normal -0.747506 0 -0.664255
    outer loop
      vertex 5.30518 -19.2814 7.9834
      vertex 5.22954 -17.6379 8.06852
      vertex 5.30518 -17.6149 7.9834
    endloop
  endfacet
  facet normal -0.747506 -0 -0.664255
    outer loop
      vertex 5.22954 -17.6379 8.06852
      vertex 5.30518 -19.2814 7.9834
      vertex 5.22954 -19.3011 8.06852
    endloop
  endfacet
  facet normal -0.63437 -0 -0.773029
    outer loop
      vertex 4.89537 -17.735 8.37742
      vertex 4.9834 -19.3653 8.30518
      vertex 4.89537 -19.3883 8.37742
    endloop
  endfacet
  facet normal -0.63437 0 -0.773029
    outer loop
      vertex 4.9834 -19.3653 8.30518
      vertex 4.89537 -17.735 8.37742
      vertex 4.9834 -17.7121 8.30518
    endloop
  endfacet
  facet normal -0.571746 -0 -0.820431
    outer loop
      vertex 4.71115 -17.7831 8.51126
      vertex 4.80458 -19.412 8.44615
      vertex 4.71115 -19.4364 8.51126
    endloop
  endfacet
  facet normal -0.571746 0 -0.820431
    outer loop
      vertex 4.80458 -19.412 8.44615
      vertex 4.71115 -17.7831 8.51126
      vertex 4.80458 -17.7587 8.44615
    endloop
  endfacet
  facet normal -0.820431 0 -0.571746
    outer loop
      vertex 5.51126 -19.2241 7.71115
      vertex 5.44615 -17.5722 7.80458
      vertex 5.51126 -17.5524 7.71115
    endloop
  endfacet
  facet normal -0.820431 -0 -0.571746
    outer loop
      vertex 5.44615 -17.5722 7.80458
      vertex 5.51126 -19.2241 7.71115
      vertex 5.44615 -19.2438 7.80458
    endloop
  endfacet
  facet normal -0.89976 0 -0.436386
    outer loop
      vertex 5.73361 -19.1566 7.31411
      vertex 5.68591 -17.4994 7.41246
      vertex 5.73361 -17.4829 7.31411
    endloop
  endfacet
  facet normal -0.900046 -4.32985e-05 -0.435795
    outer loop
      vertex 5.73361 -19.1566 7.31411
      vertex 5.68392 -17.5 7.41657
      vertex 5.68591 -17.4994 7.41246
    endloop
  endfacet
  facet normal -0.899771 -0 -0.436362
    outer loop
      vertex 5.68392 -17.5 7.41657
      vertex 5.73361 -19.1566 7.31411
      vertex 5.68392 -19.1717 7.41657
    endloop
  endfacet
  facet normal -0.862755 0 -0.505623
    outer loop
      vertex 5.63024 -19.188 7.517
      vertex 5.57266 -17.5338 7.61525
      vertex 5.63024 -17.5163 7.517
    endloop
  endfacet
  facet normal -0.862755 -0 -0.505623
    outer loop
      vertex 5.57266 -17.5338 7.61525
      vertex 5.63024 -19.188 7.517
      vertex 5.57266 -19.2055 7.61525
    endloop
  endfacet
  facet normal -0.931225 0 -0.364446
    outer loop
      vertex 5.82075 -19.1302 7.10374
      vertex 5.77925 -17.4671 7.20978
      vertex 5.82075 -17.4527 7.10374
    endloop
  endfacet
  facet normal -0.931225 -0 -0.364446
    outer loop
      vertex 5.77925 -17.4671 7.20978
      vertex 5.82075 -19.1302 7.10374
      vertex 5.77925 -19.1428 7.20978
    endloop
  endfacet
  facet normal -0.95693 0 -0.290319
    outer loop
      vertex 5.89112 -19.1089 6.88718
      vertex 5.85806 -17.4397 6.99615
      vertex 5.89112 -17.4283 6.88718
    endloop
  endfacet
  facet normal -0.95693 -0 -0.290319
    outer loop
      vertex 5.85806 -17.4397 6.99615
      vertex 5.89112 -19.1089 6.88718
      vertex 5.85806 -19.1189 6.99615
    endloop
  endfacet
  facet normal -0.976756 0 -0.214354
    outer loop
      vertex 5.94428 -19.0927 6.66576
      vertex 5.91987 -17.4183 6.77699
      vertex 5.94428 -17.4098 6.66576
    endloop
  endfacet
  facet normal -0.976756 -0 -0.214354
    outer loop
      vertex 5.91987 -17.4183 6.77699
      vertex 5.94428 -19.0927 6.66576
      vertex 5.91987 -19.1001 6.77699
    endloop
  endfacet
  facet normal -0.990572 0 -0.136994
    outer loop
      vertex 5.9799 -19.0819 6.44086
      vertex 5.9643 -17.4029 6.55366
      vertex 5.9799 -17.3975 6.44086
    endloop
  endfacet
  facet normal -0.990572 -0 -0.136994
    outer loop
      vertex 5.9643 -17.4029 6.55366
      vertex 5.9799 -19.0819 6.44086
      vertex 5.9643 -19.0867 6.55366
    endloop
  endfacet
  facet normal -0.0588353 -0 -0.998268
    outer loop
      vertex 3.21385 -18.1136 8.99776
      vertex 3.32753 -19.7183 8.99106
      vertex 3.21385 -19.7386 8.99776
    endloop
  endfacet
  facet normal -0.0588353 0 -0.998268
    outer loop
      vertex 3.32753 -19.7183 8.99106
      vertex 3.21385 -18.1136 8.99776
      vertex 3.32753 -18.0933 8.99106
    endloop
  endfacet
  facet normal -0.1758 0 -0.984426
    outer loop
      vertex 3.66576 -19.6579 8.94428
      vertex 3.58966 -18.0464 8.95787
      vertex 3.66576 -18.0298 8.94428
    endloop
  endfacet
  facet normal -0.175809 -0 -0.984424
    outer loop
      vertex 3.55366 -18.0529 8.9643
      vertex 3.66576 -19.6579 8.94428
      vertex 3.55366 -19.6779 8.9643
    endloop
  endfacet
  facet normal -0.175828 -1.39649e-06 -0.984421
    outer loop
      vertex 3.66576 -19.6579 8.94428
      vertex 3.55366 -18.0529 8.9643
      vertex 3.58966 -18.0464 8.95787
    endloop
  endfacet
  facet normal -0.252461 -0 -0.967607
    outer loop
      vertex 3.77699 -18.0053 8.91987
      vertex 3.88718 -19.6183 8.89112
      vertex 3.77699 -19.638 8.91987
    endloop
  endfacet
  facet normal -0.252461 0 -0.967607
    outer loop
      vertex 3.88718 -19.6183 8.89112
      vertex 3.77699 -18.0053 8.91987
      vertex 3.88718 -17.9812 8.89112
    endloop
  endfacet
  facet normal -0.998268 0 0.0588353
    outer loop
      vertex 5.99106 -17.3936 5.87247
      vertex 5.99776 -19.0765 5.98615
      vertex 5.99776 -17.3913 5.98615
    endloop
  endfacet
  facet normal -0.998268 0 0.0588353
    outer loop
      vertex 5.99776 -19.0765 5.98615
      vertex 5.99106 -17.3936 5.87247
      vertex 5.99106 -19.0785 5.87247
    endloop
  endfacet
  facet normal -0.66422 0 0.747537
    outer loop
      vertex 4.9945 -17.7092 3.90469
      vertex 5.06852 -19.3431 3.97046
      vertex 5.06852 -17.6867 3.97046
    endloop
  endfacet
  facet normal -0.664486 -2.15993e-05 0.747301
    outer loop
      vertex 4.9834 -17.7121 3.89482
      vertex 5.06852 -19.3431 3.97046
      vertex 4.9945 -17.7092 3.90469
    endloop
  endfacet
  facet normal -0.664255 0 0.747506
    outer loop
      vertex 5.06852 -19.3431 3.97046
      vertex 4.9834 -17.7121 3.89482
      vertex 4.9834 -19.3653 3.89482
    endloop
  endfacet
  facet normal -0.862755 0 0.505623
    outer loop
      vertex 5.57266 -17.5338 4.58475
      vertex 5.63024 -19.188 4.683
      vertex 5.63024 -17.5163 4.683
    endloop
  endfacet
  facet normal -0.862755 0 0.505623
    outer loop
      vertex 5.63024 -19.188 4.683
      vertex 5.57266 -17.5338 4.58475
      vertex 5.57266 -19.2055 4.58475
    endloop
  endfacet
  facet normal -0.820431 0 0.571746
    outer loop
      vertex 5.44615 -17.5722 4.39542
      vertex 5.51126 -19.2241 4.48885
      vertex 5.51126 -17.5524 4.48885
    endloop
  endfacet
  facet normal -0.820431 0 0.571746
    outer loop
      vertex 5.51126 -19.2241 4.48885
      vertex 5.44615 -17.5722 4.39542
      vertex 5.44615 -19.2438 4.39542
    endloop
  endfacet
  facet normal -0.916171 0 0.400787
    outer loop
      vertex 5.73361 -17.4829 4.88589
      vertex 5.77925 -19.1428 4.99022
      vertex 5.77925 -17.4671 4.99022
    endloop
  endfacet
  facet normal -0.916171 0 0.400787
    outer loop
      vertex 5.77925 -19.1428 4.99022
      vertex 5.73361 -17.4829 4.88589
      vertex 5.73361 -19.1566 4.88589
    endloop
  endfacet
  facet normal -0.89976 0 0.436386
    outer loop
      vertex 5.68591 -17.4994 4.78754
      vertex 5.73361 -19.1566 4.88589
      vertex 5.73361 -17.4829 4.88589
    endloop
  endfacet
  facet normal -0.900046 -4.32985e-05 0.435795
    outer loop
      vertex 5.68392 -17.5 4.78343
      vertex 5.73361 -19.1566 4.88589
      vertex 5.68591 -17.4994 4.78754
    endloop
  endfacet
  facet normal -0.899771 0 0.436362
    outer loop
      vertex 5.73361 -19.1566 4.88589
      vertex 5.68392 -17.5 4.78343
      vertex 5.68392 -19.1717 4.78343
    endloop
  endfacet
  facet normal -0.63437 0 0.773029
    outer loop
      vertex 4.89537 -17.735 3.82258
      vertex 4.9834 -19.3653 3.89482
      vertex 4.9834 -17.7121 3.89482
    endloop
  endfacet
  facet normal -0.63437 0 0.773029
    outer loop
      vertex 4.9834 -19.3653 3.89482
      vertex 4.89537 -17.735 3.82258
      vertex 4.89537 -19.3883 3.82258
    endloop
  endfacet
  facet normal -0.539203 0 0.842176
    outer loop
      vertex 4.61525 -17.8081 3.62734
      vertex 4.71115 -19.4364 3.68874
      vertex 4.71115 -17.7831 3.68874
    endloop
  endfacet
  facet normal -0.539284 -6.74092e-06 0.842124
    outer loop
      vertex 4.71115 -19.4364 3.68874
      vertex 4.61525 -17.8081 3.62734
      vertex 4.66891 -19.4474 3.66169
    endloop
  endfacet
  facet normal -0.539138 0 0.842217
    outer loop
      vertex 4.66891 -19.4474 3.66169
      vertex 4.61525 -17.8081 3.62734
      vertex 4.61525 -19.4592 3.62734
    endloop
  endfacet
  facet normal -0.505623 0 0.862755
    outer loop
      vertex 4.517 -17.8338 3.56976
      vertex 4.61525 -19.4592 3.62734
      vertex 4.61525 -17.8081 3.62734
    endloop
  endfacet
  facet normal -0.505623 0 0.862755
    outer loop
      vertex 4.61525 -19.4592 3.62734
      vertex 4.517 -17.8338 3.56976
      vertex 4.517 -19.4807 3.56976
    endloop
  endfacet
  facet normal -0.571746 0 0.820431
    outer loop
      vertex 4.71115 -17.7831 3.68874
      vertex 4.80458 -19.412 3.75385
      vertex 4.80458 -17.7587 3.75385
    endloop
  endfacet
  facet normal -0.571746 0 0.820431
    outer loop
      vertex 4.80458 -19.412 3.75385
      vertex 4.71115 -17.7831 3.68874
      vertex 4.71115 -19.4364 3.68874
    endloop
  endfacet
  facet normal -0.136994 0 0.990572
    outer loop
      vertex 3.44086 -18.073 3.2201
      vertex 3.55366 -19.6779 3.2357
      vertex 3.55366 -18.0529 3.2357
    endloop
  endfacet
  facet normal -0.136994 0 0.990572
    outer loop
      vertex 3.55366 -19.6779 3.2357
      vertex 3.44086 -18.073 3.2201
      vertex 3.44086 -19.698 3.2201
    endloop
  endfacet
  facet normal -0.252461 0 0.967607
    outer loop
      vertex 3.77699 -18.0053 3.28013
      vertex 3.88718 -19.6183 3.30888
      vertex 3.88718 -17.9812 3.30888
    endloop
  endfacet
  facet normal -0.252461 0 0.967607
    outer loop
      vertex 3.88718 -19.6183 3.30888
      vertex 3.77699 -18.0053 3.28013
      vertex 3.77699 -19.638 3.28013
    endloop
  endfacet
  facet normal 0.0588353 -0 0.998268
    outer loop
      vertex -3.32753 -19.7183 3.20894
      vertex -3.21385 -18.1136 3.20224
      vertex -3.32753 -18.0933 3.20894
    endloop
  endfacet
  facet normal 0.0588353 0 0.998268
    outer loop
      vertex -3.21385 -18.1136 3.20224
      vertex -3.32753 -19.7183 3.20894
      vertex -3.21385 -19.7386 3.20224
    endloop
  endfacet
  facet normal 0.505623 -0 0.862755
    outer loop
      vertex -4.61525 -19.4592 3.62734
      vertex -4.517 -17.8338 3.56976
      vertex -4.61525 -17.8081 3.62734
    endloop
  endfacet
  facet normal 0.505623 0 0.862755
    outer loop
      vertex -4.517 -17.8338 3.56976
      vertex -4.61525 -19.4592 3.62734
      vertex -4.517 -19.4807 3.56976
    endloop
  endfacet
  facet normal 0.0979995 -0 0.995186
    outer loop
      vertex -3.44086 -19.698 3.2201
      vertex -3.32753 -18.0933 3.20894
      vertex -3.44086 -18.073 3.2201
    endloop
  endfacet
  facet normal 0.0979995 0 0.995186
    outer loop
      vertex -3.32753 -18.0933 3.20894
      vertex -3.44086 -19.698 3.2201
      vertex -3.32753 -19.7183 3.20894
    endloop
  endfacet
  facet normal 0.214354 -0 0.976756
    outer loop
      vertex -3.77699 -19.638 3.28013
      vertex -3.66576 -18.0298 3.25572
      vertex -3.77699 -18.0053 3.28013
    endloop
  endfacet
  facet normal 0.214354 0 0.976756
    outer loop
      vertex -3.66576 -18.0298 3.25572
      vertex -3.77699 -19.638 3.28013
      vertex -3.66576 -19.6579 3.25572
    endloop
  endfacet
  facet normal 0.571746 -0 0.820431
    outer loop
      vertex -4.80458 -19.412 3.75385
      vertex -4.71115 -17.7831 3.68874
      vertex -4.80458 -17.7587 3.75385
    endloop
  endfacet
  facet normal 0.571746 0 0.820431
    outer loop
      vertex -4.71115 -17.7831 3.68874
      vertex -4.80458 -19.412 3.75385
      vertex -4.71115 -19.4364 3.68874
    endloop
  endfacet
  facet normal 0.63437 -0 0.773029
    outer loop
      vertex -4.9834 -19.3653 3.89482
      vertex -4.89537 -17.735 3.82258
      vertex -4.9834 -17.7121 3.89482
    endloop
  endfacet
  facet normal 0.63437 0 0.773029
    outer loop
      vertex -4.89537 -17.735 3.82258
      vertex -4.9834 -19.3653 3.89482
      vertex -4.89537 -19.3883 3.82258
    endloop
  endfacet
  facet normal 0.999807 0 -0.0196712
    outer loop
      vertex -5.99776 -17.3913 6.21385
      vertex -6 -19.0758 6.1
      vertex -6 -17.3905 6.1
    endloop
  endfacet
  facet normal 0.999807 0 -0.0196712
    outer loop
      vertex -6 -19.0758 6.1
      vertex -5.99776 -17.3913 6.21385
      vertex -5.99776 -19.0765 6.21385
    endloop
  endfacet
  facet normal 0.820431 -0 0.571746
    outer loop
      vertex -5.51126 -19.2241 4.48885
      vertex -5.44615 -17.5722 4.39542
      vertex -5.51126 -17.5524 4.48885
    endloop
  endfacet
  facet normal 0.820431 0 0.571746
    outer loop
      vertex -5.44615 -17.5722 4.39542
      vertex -5.51126 -19.2241 4.48885
      vertex -5.44615 -19.2438 4.39542
    endloop
  endfacet
  facet normal 0.95693 -0 0.290319
    outer loop
      vertex -5.89112 -19.1089 5.31282
      vertex -5.85806 -17.4397 5.20385
      vertex -5.89112 -17.4283 5.31282
    endloop
  endfacet
  facet normal 0.95693 0 0.290319
    outer loop
      vertex -5.85806 -17.4397 5.20385
      vertex -5.89112 -19.1089 5.31282
      vertex -5.85806 -19.1189 5.20385
    endloop
  endfacet
  facet normal 0.967607 0 -0.252461
    outer loop
      vertex -5.89112 -17.4283 6.88718
      vertex -5.91987 -19.1001 6.77699
      vertex -5.91987 -17.4183 6.77699
    endloop
  endfacet
  facet normal 0.967607 0 -0.252461
    outer loop
      vertex -5.91987 -19.1001 6.77699
      vertex -5.89112 -17.4283 6.88718
      vertex -5.89112 -19.1089 6.88718
    endloop
  endfacet
  facet normal 0.984424 0 -0.175809
    outer loop
      vertex -5.94428 -17.4098 6.66576
      vertex -5.9643 -19.0867 6.55366
      vertex -5.9643 -17.4029 6.55366
    endloop
  endfacet
  facet normal 0.984424 0 -0.175809
    outer loop
      vertex -5.9643 -19.0867 6.55366
      vertex -5.94428 -17.4098 6.66576
      vertex -5.94428 -19.0927 6.66576
    endloop
  endfacet
  facet normal 0.990572 0 -0.136994
    outer loop
      vertex -5.9643 -17.4029 6.55366
      vertex -5.9799 -19.0819 6.44086
      vertex -5.9799 -17.3975 6.44086
    endloop
  endfacet
  facet normal 0.990572 0 -0.136994
    outer loop
      vertex -5.9799 -19.0819 6.44086
      vertex -5.9643 -17.4029 6.55366
      vertex -5.9643 -19.0867 6.55366
    endloop
  endfacet
  facet normal 0.842176 0 -0.539203
    outer loop
      vertex -5.51126 -17.5524 7.71115
      vertex -5.57266 -19.2055 7.61525
      vertex -5.57266 -17.5338 7.61525
    endloop
  endfacet
  facet normal 0.842176 0 -0.539203
    outer loop
      vertex -5.57266 -19.2055 7.61525
      vertex -5.51126 -17.5524 7.71115
      vertex -5.51126 -19.2241 7.71115
    endloop
  endfacet
  facet normal 0.931225 0 -0.364446
    outer loop
      vertex -5.77925 -17.4671 7.20978
      vertex -5.82075 -19.1302 7.10374
      vertex -5.82075 -17.4527 7.10374
    endloop
  endfacet
  facet normal 0.931225 0 -0.364446
    outer loop
      vertex -5.82075 -19.1302 7.10374
      vertex -5.77925 -17.4671 7.20978
      vertex -5.77925 -19.1428 7.20978
    endloop
  endfacet
  facet normal 0.327638 0 -0.944803
    outer loop
      vertex -4.10374 -19.5714 8.82075
      vertex -3.99615 -17.9573 8.85806
      vertex -3.99615 -19.595 8.85806
    endloop
  endfacet
  facet normal 0.327638 0 -0.944803
    outer loop
      vertex -3.99615 -17.9573 8.85806
      vertex -4.10374 -19.5714 8.82075
      vertex -4.10374 -17.9337 8.82075
    endloop
  endfacet
  facet normal 0.136994 0 -0.990572
    outer loop
      vertex -3.55366 -19.6779 8.9643
      vertex -3.44086 -18.073 8.9799
      vertex -3.44086 -19.698 8.9799
    endloop
  endfacet
  facet normal 0.136994 0 -0.990572
    outer loop
      vertex -3.44086 -18.073 8.9799
      vertex -3.55366 -19.6779 8.9643
      vertex -3.55366 -18.0529 8.9643
    endloop
  endfacet
  facet normal 0.436362 0 -0.899771
    outer loop
      vertex -4.41657 -19.5028 8.68392
      vertex -4.31411 -17.8867 8.73361
      vertex -4.31411 -19.5252 8.73361
    endloop
  endfacet
  facet normal 0.436362 0 -0.899771
    outer loop
      vertex -4.31411 -17.8867 8.73361
      vertex -4.41657 -19.5028 8.68392
      vertex -4.41657 -17.86 8.68392
    endloop
  endfacet
  facet normal 0.63437 0 -0.773029
    outer loop
      vertex -4.9834 -19.3653 8.30518
      vertex -4.89537 -17.735 8.37742
      vertex -4.89537 -19.3883 8.37742
    endloop
  endfacet
  facet normal 0.63437 0 -0.773029
    outer loop
      vertex -4.89537 -17.735 8.37742
      vertex -4.9834 -19.3653 8.30518
      vertex -4.9834 -17.7121 8.30518
    endloop
  endfacet
  facet normal -0.327638 -0 -0.944803
    outer loop
      vertex 3.99615 -17.9573 8.85806
      vertex 4.10374 -19.5714 8.82075
      vertex 3.99615 -19.595 8.85806
    endloop
  endfacet
  facet normal -0.327638 0 -0.944803
    outer loop
      vertex 4.10374 -19.5714 8.82075
      vertex 3.99615 -17.9573 8.85806
      vertex 4.10374 -17.9337 8.82075
    endloop
  endfacet
  facet normal -0.400819 0 -0.916157
    outer loop
      vertex 4.31411 -19.5252 8.73361
      vertex 4.29539 -17.8916 8.7418
      vertex 4.31411 -17.8867 8.73361
    endloop
  endfacet
  facet normal -0.400787 -0 -0.916171
    outer loop
      vertex 4.20978 -17.9104 8.77925
      vertex 4.31411 -19.5252 8.73361
      vertex 4.20978 -19.5481 8.77925
    endloop
  endfacet
  facet normal -0.40078 5.35181e-07 -0.916174
    outer loop
      vertex 4.31411 -19.5252 8.73361
      vertex 4.20978 -17.9104 8.77925
      vertex 4.29539 -17.8916 8.7418
    endloop
  endfacet
  facet normal -0.539145 4.82406e-06 -0.842213
    outer loop
      vertex 4.61525 -17.8081 8.57266
      vertex 4.71115 -19.4364 8.51126
      vertex 4.66891 -19.4474 8.5383
    endloop
  endfacet
  facet normal -0.53925 -0 -0.842146
    outer loop
      vertex 4.61525 -17.8081 8.57266
      vertex 4.66891 -19.4474 8.5383
      vertex 4.61525 -19.4592 8.57266
    endloop
  endfacet
  facet normal -0.539203 0 -0.842176
    outer loop
      vertex 4.71115 -19.4364 8.51126
      vertex 4.61525 -17.8081 8.57266
      vertex 4.71115 -17.7831 8.51126
    endloop
  endfacet
  facet normal -0.47139 -0 -0.881925
    outer loop
      vertex 4.41657 -17.86 8.68392
      vertex 4.517 -19.4807 8.63024
      vertex 4.41657 -19.5028 8.68392
    endloop
  endfacet
  facet normal -0.47139 0 -0.881925
    outer loop
      vertex 4.517 -19.4807 8.63024
      vertex 4.41657 -17.86 8.68392
      vertex 4.517 -17.8338 8.63024
    endloop
  endfacet
  facet normal -0.720845 0 -0.693096
    outer loop
      vertex 5.22954 -19.3011 8.06852
      vertex 5.15061 -17.6618 8.15061
      vertex 5.22954 -17.6379 8.06852
    endloop
  endfacet
  facet normal -0.720845 -0 -0.693096
    outer loop
      vertex 5.15061 -17.6618 8.15061
      vertex 5.22954 -19.3011 8.06852
      vertex 5.15061 -19.3217 8.15061
    endloop
  endfacet
  facet normal -0.773029 0 -0.63437
    outer loop
      vertex 5.37742 -19.2625 7.89537
      vertex 5.30518 -17.6149 7.9834
      vertex 5.37742 -17.593 7.89537
    endloop
  endfacet
  facet normal -0.773029 -0 -0.63437
    outer loop
      vertex 5.30518 -17.6149 7.9834
      vertex 5.37742 -19.2625 7.89537
      vertex 5.30518 -19.2814 7.9834
    endloop
  endfacet
  facet normal -0.603577 -0 -0.797305
    outer loop
      vertex 4.80458 -17.7587 8.44615
      vertex 4.89537 -19.3883 8.37742
      vertex 4.80458 -19.412 8.44615
    endloop
  endfacet
  facet normal -0.603577 0 -0.797305
    outer loop
      vertex 4.89537 -19.3883 8.37742
      vertex 4.80458 -17.7587 8.44615
      vertex 4.89537 -17.735 8.37742
    endloop
  endfacet
  facet normal -0.842176 0 -0.539203
    outer loop
      vertex 5.57266 -19.2055 7.61525
      vertex 5.51126 -17.5524 7.71115
      vertex 5.57266 -17.5338 7.61525
    endloop
  endfacet
  facet normal -0.842176 -0 -0.539203
    outer loop
      vertex 5.51126 -17.5524 7.71115
      vertex 5.57266 -19.2055 7.61525
      vertex 5.51126 -19.2241 7.71115
    endloop
  endfacet
  facet normal -0.916171 0 -0.400787
    outer loop
      vertex 5.77925 -19.1428 7.20978
      vertex 5.73361 -17.4829 7.31411
      vertex 5.77925 -17.4671 7.20978
    endloop
  endfacet
  facet normal -0.916171 -0 -0.400787
    outer loop
      vertex 5.73361 -17.4829 7.31411
      vertex 5.77925 -19.1428 7.20978
      vertex 5.73361 -19.1566 7.31411
    endloop
  endfacet
  facet normal -0.881925 0 -0.47139
    outer loop
      vertex 5.68392 -19.1717 7.41657
      vertex 5.63024 -17.5163 7.517
      vertex 5.68392 -17.5 7.41657
    endloop
  endfacet
  facet normal -0.881925 -0 -0.47139
    outer loop
      vertex 5.63024 -17.5163 7.517
      vertex 5.68392 -19.1717 7.41657
      vertex 5.63024 -19.188 7.517
    endloop
  endfacet
  facet normal -0.944803 0 -0.327638
    outer loop
      vertex 5.85806 -19.1189 6.99615
      vertex 5.82075 -17.4527 7.10374
      vertex 5.85806 -17.4397 6.99615
    endloop
  endfacet
  facet normal -0.944803 -0 -0.327638
    outer loop
      vertex 5.82075 -17.4527 7.10374
      vertex 5.85806 -19.1189 6.99615
      vertex 5.82075 -19.1302 7.10374
    endloop
  endfacet
  facet normal -0.967607 0 -0.252461
    outer loop
      vertex 5.91987 -19.1001 6.77699
      vertex 5.89112 -17.4283 6.88718
      vertex 5.91987 -17.4183 6.77699
    endloop
  endfacet
  facet normal -0.967607 -0 -0.252461
    outer loop
      vertex 5.89112 -17.4283 6.88718
      vertex 5.91987 -19.1001 6.77699
      vertex 5.89112 -19.1089 6.88718
    endloop
  endfacet
  facet normal -0.984424 0 -0.175809
    outer loop
      vertex 5.9643 -19.0867 6.55366
      vertex 5.94428 -17.4098 6.66576
      vertex 5.9643 -17.4029 6.55366
    endloop
  endfacet
  facet normal -0.984424 -0 -0.175809
    outer loop
      vertex 5.94428 -17.4098 6.66576
      vertex 5.9643 -19.0867 6.55366
      vertex 5.94428 -19.0927 6.66576
    endloop
  endfacet
  facet normal -0.976756 0 0.214354
    outer loop
      vertex 5.91987 -17.4183 5.42301
      vertex 5.94428 -19.0927 5.53424
      vertex 5.94428 -17.4098 5.53424
    endloop
  endfacet
  facet normal -0.976756 0 0.214354
    outer loop
      vertex 5.94428 -19.0927 5.53424
      vertex 5.91987 -17.4183 5.42301
      vertex 5.91987 -19.1001 5.42301
    endloop
  endfacet
  facet normal -0.773029 0 0.63437
    outer loop
      vertex 5.30518 -17.6149 4.2166
      vertex 5.37742 -19.2625 4.30463
      vertex 5.37742 -17.593 4.30463
    endloop
  endfacet
  facet normal -0.773029 0 0.63437
    outer loop
      vertex 5.37742 -19.2625 4.30463
      vertex 5.30518 -17.6149 4.2166
      vertex 5.30518 -19.2814 4.2166
    endloop
  endfacet
  facet normal -0.797305 0 0.603577
    outer loop
      vertex 5.37742 -17.593 4.30463
      vertex 5.44615 -19.2438 4.39542
      vertex 5.44615 -17.5722 4.39542
    endloop
  endfacet
  facet normal -0.79736 -6.36414e-06 0.603503
    outer loop
      vertex 5.37742 -17.593 4.30463
      vertex 5.42881 -19.2491 4.37251
      vertex 5.44615 -19.2438 4.39542
    endloop
  endfacet
  facet normal -0.797286 0 0.603602
    outer loop
      vertex 5.42881 -19.2491 4.37251
      vertex 5.37742 -17.593 4.30463
      vertex 5.37742 -19.2625 4.30463
    endloop
  endfacet
  facet normal -0.842176 0 0.539203
    outer loop
      vertex 5.51126 -17.5524 4.48885
      vertex 5.57266 -19.2055 4.58475
      vertex 5.57266 -17.5338 4.58475
    endloop
  endfacet
  facet normal -0.842176 0 0.539203
    outer loop
      vertex 5.57266 -19.2055 4.58475
      vertex 5.51126 -17.5524 4.48885
      vertex 5.51126 -19.2241 4.48885
    endloop
  endfacet
  facet normal -0.931225 0 0.364446
    outer loop
      vertex 5.77925 -17.4671 4.99022
      vertex 5.82075 -19.1302 5.09626
      vertex 5.82075 -17.4527 5.09626
    endloop
  endfacet
  facet normal -0.931225 0 0.364446
    outer loop
      vertex 5.82075 -19.1302 5.09626
      vertex 5.77925 -17.4671 4.99022
      vertex 5.77925 -19.1428 4.99022
    endloop
  endfacet
  facet normal -0.944803 0 0.327638
    outer loop
      vertex 5.82075 -17.4527 5.09626
      vertex 5.85806 -19.1189 5.20385
      vertex 5.85806 -17.4397 5.20385
    endloop
  endfacet
  facet normal -0.944803 0 0.327638
    outer loop
      vertex 5.85806 -19.1189 5.20385
      vertex 5.82075 -17.4527 5.09626
      vertex 5.82075 -19.1302 5.09626
    endloop
  endfacet
  facet normal -0.693096 0 0.720845
    outer loop
      vertex 5.06852 -17.6867 3.97046
      vertex 5.15061 -19.3217 4.04939
      vertex 5.15061 -17.6618 4.04939
    endloop
  endfacet
  facet normal -0.693096 0 0.720845
    outer loop
      vertex 5.15061 -19.3217 4.04939
      vertex 5.06852 -17.6867 3.97046
      vertex 5.06852 -19.3431 3.97046
    endloop
  endfacet
  facet normal -0.47139 0 0.881925
    outer loop
      vertex 4.41657 -17.86 3.51608
      vertex 4.517 -19.4807 3.56976
      vertex 4.517 -17.8338 3.56976
    endloop
  endfacet
  facet normal -0.47139 0 0.881925
    outer loop
      vertex 4.517 -19.4807 3.56976
      vertex 4.41657 -17.86 3.51608
      vertex 4.41657 -19.5028 3.51608
    endloop
  endfacet
  facet normal -0.0979995 0 0.995186
    outer loop
      vertex 3.32753 -18.0933 3.20894
      vertex 3.44086 -19.698 3.2201
      vertex 3.44086 -18.073 3.2201
    endloop
  endfacet
  facet normal -0.0979995 0 0.995186
    outer loop
      vertex 3.44086 -19.698 3.2201
      vertex 3.32753 -18.0933 3.20894
      vertex 3.32753 -19.7183 3.20894
    endloop
  endfacet
  facet normal -0.214354 0 0.976756
    outer loop
      vertex 3.66576 -18.0298 3.25572
      vertex 3.77699 -19.638 3.28013
      vertex 3.77699 -18.0053 3.28013
    endloop
  endfacet
  facet normal -0.214354 0 0.976756
    outer loop
      vertex 3.77699 -19.638 3.28013
      vertex 3.66576 -18.0298 3.25572
      vertex 3.66576 -19.6579 3.25572
    endloop
  endfacet
  facet normal -0.290319 0 0.95693
    outer loop
      vertex 3.88718 -17.9812 3.30888
      vertex 3.99615 -19.595 3.34194
      vertex 3.99615 -17.9573 3.34194
    endloop
  endfacet
  facet normal -0.290306 9.84796e-07 0.956934
    outer loop
      vertex 3.99615 -19.595 3.34194
      vertex 3.88718 -17.9812 3.30888
      vertex 3.90181 -19.6157 3.31332
    endloop
  endfacet
  facet normal -0.290407 0 0.956903
    outer loop
      vertex 3.90181 -19.6157 3.31332
      vertex 3.88718 -17.9812 3.30888
      vertex 3.88718 -19.6183 3.30888
    endloop
  endfacet
  facet normal -0.400408 0 0.916337
    outer loop
      vertex 4.29539 -17.8916 3.4582
      vertex 4.31411 -19.5252 3.46638
      vertex 4.31411 -17.8867 3.46638
    endloop
  endfacet
  facet normal -0.400779 -5.05906e-06 0.916175
    outer loop
      vertex 4.20978 -17.9104 3.42075
      vertex 4.31411 -19.5252 3.46638
      vertex 4.29539 -17.8916 3.4582
    endloop
  endfacet
  facet normal -0.400713 0 0.916204
    outer loop
      vertex 4.31411 -19.5252 3.46638
      vertex 4.20978 -17.9104 3.42075
      vertex 4.20978 -19.5481 3.42075
    endloop
  endfacet
  facet normal 0.436433 -0 0.899737
    outer loop
      vertex -4.41657 -19.5028 3.51608
      vertex -4.31411 -17.8867 3.46638
      vertex -4.41657 -17.86 3.51608
    endloop
  endfacet
  facet normal 0.436433 0 0.899737
    outer loop
      vertex -4.31411 -17.8867 3.46638
      vertex -4.41657 -19.5028 3.51608
      vertex -4.31411 -19.5252 3.46638
    endloop
  endfacet
  facet normal 0.539138 0 0.842217
    outer loop
      vertex -4.61525 -17.8081 3.62734
      vertex -4.66891 -19.4474 3.66169
      vertex -4.61525 -19.4592 3.62734
    endloop
  endfacet
  facet normal 0.539203 -0 0.842176
    outer loop
      vertex -4.71115 -19.4364 3.68874
      vertex -4.61525 -17.8081 3.62734
      vertex -4.71115 -17.7831 3.68874
    endloop
  endfacet
  facet normal 0.539284 -6.74092e-06 0.842124
    outer loop
      vertex -4.61525 -17.8081 3.62734
      vertex -4.71115 -19.4364 3.68874
      vertex -4.66891 -19.4474 3.66169
    endloop
  endfacet
  facet normal 0.998268 0 -0.0588353
    outer loop
      vertex -5.99106 -17.3936 6.32753
      vertex -5.99776 -19.0765 6.21385
      vertex -5.99776 -17.3913 6.21385
    endloop
  endfacet
  facet normal 0.998268 0 -0.0588353
    outer loop
      vertex -5.99776 -19.0765 6.21385
      vertex -5.99106 -17.3936 6.32753
      vertex -5.99106 -19.0785 6.32753
    endloop
  endfacet
  facet normal 0.89976 -0 0.436386
    outer loop
      vertex -5.73361 -19.1566 4.88589
      vertex -5.68591 -17.4994 4.78754
      vertex -5.73361 -17.4829 4.88589
    endloop
  endfacet
  facet normal 0.900046 -4.32985e-05 0.435795
    outer loop
      vertex -5.73361 -19.1566 4.88589
      vertex -5.68392 -17.5 4.78343
      vertex -5.68591 -17.4994 4.78754
    endloop
  endfacet
  facet normal 0.899771 0 0.436362
    outer loop
      vertex -5.68392 -17.5 4.78343
      vertex -5.73361 -19.1566 4.88589
      vertex -5.68392 -19.1717 4.78343
    endloop
  endfacet
  facet normal 0.881925 -0 0.47139
    outer loop
      vertex -5.68392 -19.1717 4.78343
      vertex -5.63024 -17.5163 4.683
      vertex -5.68392 -17.5 4.78343
    endloop
  endfacet
  facet normal 0.881925 0 0.47139
    outer loop
      vertex -5.63024 -17.5163 4.683
      vertex -5.68392 -19.1717 4.78343
      vertex -5.63024 -19.188 4.683
    endloop
  endfacet
  facet normal 0.862755 -0 0.505623
    outer loop
      vertex -5.63024 -19.188 4.683
      vertex -5.57266 -17.5338 4.58475
      vertex -5.63024 -17.5163 4.683
    endloop
  endfacet
  facet normal 0.862755 0 0.505623
    outer loop
      vertex -5.57266 -17.5338 4.58475
      vertex -5.63024 -19.188 4.683
      vertex -5.57266 -19.2055 4.58475
    endloop
  endfacet
  facet normal 0.931225 -0 0.364446
    outer loop
      vertex -5.82075 -19.1302 5.09626
      vertex -5.77925 -17.4671 4.99022
      vertex -5.82075 -17.4527 5.09626
    endloop
  endfacet
  facet normal 0.931225 0 0.364446
    outer loop
      vertex -5.77925 -17.4671 4.99022
      vertex -5.82075 -19.1302 5.09626
      vertex -5.77925 -19.1428 4.99022
    endloop
  endfacet
  facet normal 0.976756 0 -0.214354
    outer loop
      vertex -5.91987 -17.4183 6.77699
      vertex -5.94428 -19.0927 6.66576
      vertex -5.94428 -17.4098 6.66576
    endloop
  endfacet
  facet normal 0.976756 0 -0.214354
    outer loop
      vertex -5.94428 -19.0927 6.66576
      vertex -5.91987 -17.4183 6.77699
      vertex -5.91987 -19.1001 6.77699
    endloop
  endfacet
  facet normal 0.916171 0 -0.400787
    outer loop
      vertex -5.73361 -17.4829 7.31411
      vertex -5.77925 -19.1428 7.20978
      vertex -5.77925 -17.4671 7.20978
    endloop
  endfacet
  facet normal 0.916171 0 -0.400787
    outer loop
      vertex -5.77925 -19.1428 7.20978
      vertex -5.73361 -17.4829 7.31411
      vertex -5.73361 -19.1566 7.31411
    endloop
  endfacet
  facet normal 0.89976 0 -0.436386
    outer loop
      vertex -5.68591 -17.4994 7.41246
      vertex -5.73361 -19.1566 7.31411
      vertex -5.73361 -17.4829 7.31411
    endloop
  endfacet
  facet normal 0.900046 -4.32985e-05 -0.435795
    outer loop
      vertex -5.68392 -17.5 7.41657
      vertex -5.73361 -19.1566 7.31411
      vertex -5.68591 -17.4994 7.41246
    endloop
  endfacet
  facet normal 0.899771 0 -0.436362
    outer loop
      vertex -5.73361 -19.1566 7.31411
      vertex -5.68392 -17.5 7.41657
      vertex -5.68392 -19.1717 7.41657
    endloop
  endfacet
  facet normal -0.990572 0 0.136994
    outer loop
      vertex 5.9643 -17.4029 5.64634
      vertex 5.9799 -19.0819 5.75914
      vertex 5.9799 -17.3975 5.75914
    endloop
  endfacet
  facet normal -0.990572 0 0.136994
    outer loop
      vertex 5.9799 -19.0819 5.75914
      vertex 5.9643 -17.4029 5.64634
      vertex 5.9643 -19.0867 5.64634
    endloop
  endfacet
  facet normal -0.984424 0 0.175809
    outer loop
      vertex 5.94428 -17.4098 5.53424
      vertex 5.9643 -19.0867 5.64634
      vertex 5.9643 -17.4029 5.64634
    endloop
  endfacet
  facet normal -0.984424 0 0.175809
    outer loop
      vertex 5.9643 -19.0867 5.64634
      vertex 5.94428 -17.4098 5.53424
      vertex 5.94428 -19.0927 5.53424
    endloop
  endfacet
  facet normal -0.32756 0 0.94483
    outer loop
      vertex 3.99615 -17.9573 3.34194
      vertex 4.10374 -19.5714 3.37924
      vertex 4.10374 -17.9337 3.37924
    endloop
  endfacet
  facet normal -0.32756 0 0.94483
    outer loop
      vertex 4.10374 -19.5714 3.37924
      vertex 3.99615 -17.9573 3.34194
      vertex 3.99615 -19.595 3.34194
    endloop
  endfacet
  facet normal -0.364522 0 0.931195
    outer loop
      vertex 4.10374 -17.9337 3.37924
      vertex 4.20978 -19.5481 3.42075
      vertex 4.20978 -17.9104 3.42075
    endloop
  endfacet
  facet normal -0.364522 0 0.931195
    outer loop
      vertex 4.20978 -19.5481 3.42075
      vertex 4.10374 -17.9337 3.37924
      vertex 4.10374 -19.5714 3.37924
    endloop
  endfacet
  facet normal 0.47139 -0 0.881925
    outer loop
      vertex -4.517 -19.4807 3.56976
      vertex -4.41657 -17.86 3.51608
      vertex -4.517 -17.8338 3.56976
    endloop
  endfacet
  facet normal 0.47139 0 0.881925
    outer loop
      vertex -4.41657 -17.86 3.51608
      vertex -4.517 -19.4807 3.56976
      vertex -4.41657 -19.5028 3.51608
    endloop
  endfacet
  facet normal 0.400779 -5.05906e-06 0.916175
    outer loop
      vertex -4.31411 -19.5252 3.46638
      vertex -4.20978 -17.9104 3.42075
      vertex -4.29539 -17.8916 3.4582
    endloop
  endfacet
  facet normal 0.400408 -0 0.916337
    outer loop
      vertex -4.31411 -19.5252 3.46638
      vertex -4.29539 -17.8916 3.4582
      vertex -4.31411 -17.8867 3.46638
    endloop
  endfacet
  facet normal 0.400713 0 0.916204
    outer loop
      vertex -4.20978 -17.9104 3.42075
      vertex -4.31411 -19.5252 3.46638
      vertex -4.20978 -19.5481 3.42075
    endloop
  endfacet
  facet normal 0.364522 -0 0.931195
    outer loop
      vertex -4.20978 -19.5481 3.42075
      vertex -4.10374 -17.9337 3.37924
      vertex -4.20978 -17.9104 3.42075
    endloop
  endfacet
  facet normal 0.364522 0 0.931195
    outer loop
      vertex -4.10374 -17.9337 3.37924
      vertex -4.20978 -19.5481 3.42075
      vertex -4.10374 -19.5714 3.37924
    endloop
  endfacet
  facet normal 0.32756 -0 0.94483
    outer loop
      vertex -4.10374 -19.5714 3.37924
      vertex -3.99615 -17.9573 3.34194
      vertex -4.10374 -17.9337 3.37924
    endloop
  endfacet
  facet normal 0.32756 0 0.94483
    outer loop
      vertex -3.99615 -17.9573 3.34194
      vertex -4.10374 -19.5714 3.37924
      vertex -3.99615 -19.595 3.34194
    endloop
  endfacet
  facet normal 0.290407 0 0.956903
    outer loop
      vertex -3.88718 -17.9812 3.30888
      vertex -3.90181 -19.6157 3.31332
      vertex -3.88718 -19.6183 3.30888
    endloop
  endfacet
  facet normal 0.290319 -0 0.95693
    outer loop
      vertex -3.99615 -19.595 3.34194
      vertex -3.88718 -17.9812 3.30888
      vertex -3.99615 -17.9573 3.34194
    endloop
  endfacet
  facet normal 0.290306 9.84796e-07 0.956934
    outer loop
      vertex -3.88718 -17.9812 3.30888
      vertex -3.99615 -19.595 3.34194
      vertex -3.90181 -19.6157 3.31332
    endloop
  endfacet
  facet normal 0.797305 -0 0.603577
    outer loop
      vertex -5.44615 -19.2438 4.39542
      vertex -5.37742 -17.593 4.30463
      vertex -5.44615 -17.5722 4.39542
    endloop
  endfacet
  facet normal 0.79736 -6.36414e-06 0.603503
    outer loop
      vertex -5.42881 -19.2491 4.37251
      vertex -5.37742 -17.593 4.30463
      vertex -5.44615 -19.2438 4.39542
    endloop
  endfacet
  facet normal 0.797286 0 0.603602
    outer loop
      vertex -5.37742 -17.593 4.30463
      vertex -5.42881 -19.2491 4.37251
      vertex -5.37742 -19.2625 4.30463
    endloop
  endfacet
  facet normal 0.747506 -0 0.664255
    outer loop
      vertex -5.30518 -19.2814 4.2166
      vertex -5.22954 -17.6379 4.13148
      vertex -5.30518 -17.6149 4.2166
    endloop
  endfacet
  facet normal 0.747506 0 0.664255
    outer loop
      vertex -5.22954 -17.6379 4.13148
      vertex -5.30518 -19.2814 4.2166
      vertex -5.22954 -19.3011 4.13148
    endloop
  endfacet
  facet normal 0.693096 -0 0.720845
    outer loop
      vertex -5.15061 -19.3217 4.04939
      vertex -5.06852 -17.6867 3.97046
      vertex -5.15061 -17.6618 4.04939
    endloop
  endfacet
  facet normal 0.693096 0 0.720845
    outer loop
      vertex -5.06852 -17.6867 3.97046
      vertex -5.15061 -19.3217 4.04939
      vertex -5.06852 -19.3431 3.97046
    endloop
  endfacet
  facet normal 0.603577 -0 0.797305
    outer loop
      vertex -4.89537 -19.3883 3.82258
      vertex -4.80458 -17.7587 3.75385
      vertex -4.89537 -17.735 3.82258
    endloop
  endfacet
  facet normal 0.603577 0 0.797305
    outer loop
      vertex -4.80458 -17.7587 3.75385
      vertex -4.89537 -19.3883 3.82258
      vertex -4.80458 -19.412 3.75385
    endloop
  endfacet
  facet normal 0.916171 -0 0.400787
    outer loop
      vertex -5.77925 -19.1428 4.99022
      vertex -5.73361 -17.4829 4.88589
      vertex -5.77925 -17.4671 4.99022
    endloop
  endfacet
  facet normal 0.916171 0 0.400787
    outer loop
      vertex -5.73361 -17.4829 4.88589
      vertex -5.77925 -19.1428 4.99022
      vertex -5.73361 -19.1566 4.88589
    endloop
  endfacet
  facet normal 0.944803 -0 0.327638
    outer loop
      vertex -5.85806 -19.1189 5.20385
      vertex -5.82075 -17.4527 5.09626
      vertex -5.85806 -17.4397 5.20385
    endloop
  endfacet
  facet normal 0.944803 0 0.327638
    outer loop
      vertex -5.82075 -17.4527 5.09626
      vertex -5.85806 -19.1189 5.20385
      vertex -5.82075 -19.1302 5.09626
    endloop
  endfacet
  facet normal 0.976756 -0 0.214354
    outer loop
      vertex -5.94428 -19.0927 5.53424
      vertex -5.91987 -17.4183 5.42301
      vertex -5.94428 -17.4098 5.53424
    endloop
  endfacet
  facet normal 0.976756 0 0.214354
    outer loop
      vertex -5.91987 -17.4183 5.42301
      vertex -5.94428 -19.0927 5.53424
      vertex -5.91987 -19.1001 5.42301
    endloop
  endfacet
  facet normal 0.881925 0 -0.47139
    outer loop
      vertex -5.63024 -17.5163 7.517
      vertex -5.68392 -19.1717 7.41657
      vertex -5.68392 -17.5 7.41657
    endloop
  endfacet
  facet normal 0.881925 0 -0.47139
    outer loop
      vertex -5.68392 -19.1717 7.41657
      vertex -5.63024 -17.5163 7.517
      vertex -5.63024 -19.188 7.517
    endloop
  endfacet
  facet normal 0.797305 0 -0.603577
    outer loop
      vertex -5.37742 -17.593 7.89537
      vertex -5.44615 -19.2438 7.80458
      vertex -5.44615 -17.5722 7.80458
    endloop
  endfacet
  facet normal 0.797235 7.94642e-06 -0.603669
    outer loop
      vertex -5.37742 -17.593 7.89537
      vertex -5.42881 -19.2491 7.82748
      vertex -5.44615 -19.2438 7.80458
    endloop
  endfacet
  facet normal 0.797328 0 -0.603546
    outer loop
      vertex -5.42881 -19.2491 7.82748
      vertex -5.37742 -17.593 7.89537
      vertex -5.37742 -19.2625 7.89537
    endloop
  endfacet
  facet normal 0.820431 0 -0.571746
    outer loop
      vertex -5.44615 -17.5722 7.80458
      vertex -5.51126 -19.2241 7.71115
      vertex -5.51126 -17.5524 7.71115
    endloop
  endfacet
  facet normal 0.820431 0 -0.571746
    outer loop
      vertex -5.51126 -19.2241 7.71115
      vertex -5.44615 -17.5722 7.80458
      vertex -5.44615 -19.2438 7.80458
    endloop
  endfacet
  facet normal -0.999807 0 -0.0196712
    outer loop
      vertex 6 -19.0758 6.1
      vertex 5.99776 -17.3913 6.21385
      vertex 6 -17.3905 6.1
    endloop
  endfacet
  facet normal -0.999807 -0 -0.0196712
    outer loop
      vertex 5.99776 -17.3913 6.21385
      vertex 6 -19.0758 6.1
      vertex 5.99776 -19.0765 6.21385
    endloop
  endfacet
  facet normal 0.720845 -0 0.693096
    outer loop
      vertex -5.22954 -19.3011 4.13148
      vertex -5.15061 -17.6618 4.04939
      vertex -5.22954 -17.6379 4.13148
    endloop
  endfacet
  facet normal 0.720845 0 0.693096
    outer loop
      vertex -5.15061 -17.6618 4.04939
      vertex -5.22954 -19.3011 4.13148
      vertex -5.15061 -19.3217 4.04939
    endloop
  endfacet
  facet normal 0.664486 -2.15993e-05 0.747301
    outer loop
      vertex -5.06852 -19.3431 3.97046
      vertex -4.9834 -17.7121 3.89482
      vertex -4.9945 -17.7092 3.90469
    endloop
  endfacet
  facet normal 0.66422 -0 0.747537
    outer loop
      vertex -5.06852 -19.3431 3.97046
      vertex -4.9945 -17.7092 3.90469
      vertex -5.06852 -17.6867 3.97046
    endloop
  endfacet
  facet normal 0.664255 0 0.747506
    outer loop
      vertex -4.9834 -17.7121 3.89482
      vertex -5.06852 -19.3431 3.97046
      vertex -4.9834 -19.3653 3.89482
    endloop
  endfacet
  facet normal 0.984424 -0 0.175809
    outer loop
      vertex -5.9643 -19.0867 5.64634
      vertex -5.94428 -17.4098 5.53424
      vertex -5.9643 -17.4029 5.64634
    endloop
  endfacet
  facet normal 0.984424 0 0.175809
    outer loop
      vertex -5.94428 -17.4098 5.53424
      vertex -5.9643 -19.0867 5.64634
      vertex -5.94428 -19.0927 5.53424
    endloop
  endfacet
endsolid OpenSCAD_Model
