solid OpenSCAD_Model
  facet normal 0.999807 0.0196657 0
    outer loop
      vertex 18 0 11.5
      vertex 17.9861 0.706676 0
      vertex 17.9861 0.706676 11.5
    endloop
  endfacet
  facet normal 0.999807 0.0196657 0
    outer loop
      vertex 17.9861 0.706676 0
      vertex 18 0 11.5
      vertex 18 0 0
    endloop
  endfacet
  facet normal -0.999807 0.0196657 0
    outer loop
      vertex -18 0 0
      vertex -17.9861 0.706676 11.5
      vertex -17.9861 0.706676 0
    endloop
  endfacet
  facet normal -0.999807 0.0196657 0
    outer loop
      vertex -17.9861 0.706676 11.5
      vertex -18 0 0
      vertex -18 0 11.5
    endloop
  endfacet
  facet normal 0.0196657 0.999807 -0
    outer loop
      vertex 0.706676 17.9861 0
      vertex 0 18 11.5
      vertex 0.706676 17.9861 11.5
    endloop
  endfacet
  facet normal 0.0196657 0.999807 0
    outer loop
      vertex 0 18 11.5
      vertex 0.706676 17.9861 0
      vertex 0 18 0
    endloop
  endfacet
  facet normal 0.693106 0.720836 -0
    outer loop
      vertex 12.7279 12.7279 0
      vertex 12.2184 13.2178 11.5
      vertex 12.7279 12.7279 11.5
    endloop
  endfacet
  facet normal 0.693106 0.720836 0
    outer loop
      vertex 12.2184 13.2178 11.5
      vertex 12.7279 12.7279 0
      vertex 12.2184 13.2178 0
    endloop
  endfacet
  facet normal -0.693106 0.720836 0
    outer loop
      vertex -12.2184 13.2178 0
      vertex -12.7279 12.7279 11.5
      vertex -12.2184 13.2178 11.5
    endloop
  endfacet
  facet normal -0.693106 0.720836 0
    outer loop
      vertex -12.7279 12.7279 11.5
      vertex -12.2184 13.2178 0
      vertex -12.7279 12.7279 0
    endloop
  endfacet
  facet normal -0.364457 0.93122 0
    outer loop
      vertex -6.23011 16.8874 0
      vertex -6.8883 16.6298 11.5
      vertex -6.23011 16.8874 11.5
    endloop
  endfacet
  facet normal -0.364457 0.93122 0
    outer loop
      vertex -6.8883 16.6298 11.5
      vertex -6.23011 16.8874 0
      vertex -6.8883 16.6298 0
    endloop
  endfacet
  facet normal 0.720836 -0.693106 0
    outer loop
      vertex 12.7279 -12.7279 11.5
      vertex 13.2178 -12.2184 0
      vertex 13.2178 -12.2184 11.5
    endloop
  endfacet
  facet normal 0.720836 -0.693106 0
    outer loop
      vertex 13.2178 -12.2184 0
      vertex 12.7279 -12.7279 11.5
      vertex 12.7279 -12.7279 0
    endloop
  endfacet
  facet normal 0.916215 0.400686 0
    outer loop
      vertex 16.6298 6.8883 11.5
      vertex 16.3466 7.53587 0
      vertex 16.3466 7.53587 11.5
    endloop
  endfacet
  facet normal 0.916215 0.400686 0
    outer loop
      vertex 16.3466 7.53587 0
      vertex 16.6298 6.8883 11.5
      vertex 16.6298 6.8883 0
    endloop
  endfacet
  facet normal 0.400686 0.916215 -0
    outer loop
      vertex 7.53587 16.3466 0
      vertex 6.8883 16.6298 11.5
      vertex 7.53587 16.3466 11.5
    endloop
  endfacet
  facet normal 0.400686 0.916215 0
    outer loop
      vertex 6.8883 16.6298 11.5
      vertex 7.53587 16.3466 0
      vertex 6.8883 16.6298 0
    endloop
  endfacet
  facet normal 0.539042 0.842279 -0
    outer loop
      vertex 10.0003 14.9665 0
      vertex 9.40497 15.3475 11.5
      vertex 10.0003 14.9665 11.5
    endloop
  endfacet
  facet normal 0.539042 0.842279 0
    outer loop
      vertex 9.40497 15.3475 11.5
      vertex 10.0003 14.9665 0
      vertex 9.40497 15.3475 0
    endloop
  endfacet
  facet normal -0.916215 0.400686 0
    outer loop
      vertex -16.6298 6.8883 0
      vertex -16.3466 7.53587 11.5
      vertex -16.3466 7.53587 0
    endloop
  endfacet
  facet normal -0.916215 0.400686 0
    outer loop
      vertex -16.3466 7.53587 11.5
      vertex -16.6298 6.8883 0
      vertex -16.6298 6.8883 11.5
    endloop
  endfacet
  facet normal -0.175857 0.984416 0
    outer loop
      vertex -2.81582 17.7784 0
      vertex -3.51163 17.6541 11.5
      vertex -2.81582 17.7784 11.5
    endloop
  endfacet
  facet normal -0.175857 0.984416 0
    outer loop
      vertex -3.51163 17.6541 11.5
      vertex -2.81582 17.7784 0
      vertex -3.51163 17.6541 0
    endloop
  endfacet
  facet normal 0.976788 0.214206 0
    outer loop
      vertex 17.6541 3.51163 11.5
      vertex 17.5027 4.20202 0
      vertex 17.5027 4.20202 11.5
    endloop
  endfacet
  facet normal 0.976788 0.214206 0
    outer loop
      vertex 17.5027 4.20202 0
      vertex 17.6541 3.51163 11.5
      vertex 17.6541 3.51163 0
    endloop
  endfacet
  facet normal 0.820334 0.571885 0
    outer loop
      vertex 14.9665 10.0003 11.5
      vertex 14.5623 10.5801 0
      vertex 14.5623 10.5801 11.5
    endloop
  endfacet
  facet normal 0.820334 0.571885 0
    outer loop
      vertex 14.5623 10.5801 0
      vertex 14.9665 10.0003 11.5
      vertex 14.9665 10.0003 0
    endloop
  endfacet
  facet normal 0.862737 0.505653 0
    outer loop
      vertex 15.7049 8.79518 11.5
      vertex 15.3475 9.40497 0
      vertex 15.3475 9.40497 11.5
    endloop
  endfacet
  facet normal 0.862737 0.505653 0
    outer loop
      vertex 15.3475 9.40497 0
      vertex 15.7049 8.79518 11.5
      vertex 15.7049 8.79518 0
    endloop
  endfacet
  facet normal 0.214206 0.976788 -0
    outer loop
      vertex 4.20202 17.5027 0
      vertex 3.51163 17.6541 11.5
      vertex 4.20202 17.5027 11.5
    endloop
  endfacet
  facet normal 0.214206 0.976788 0
    outer loop
      vertex 3.51163 17.6541 11.5
      vertex 4.20202 17.5027 0
      vertex 3.51163 17.6541 0
    endloop
  endfacet
  facet normal 0.603525 0.797344 -0
    outer loop
      vertex 11.1437 14.1357 0
      vertex 10.5801 14.5623 11.5
      vertex 11.1437 14.1357 11.5
    endloop
  endfacet
  facet normal 0.603525 0.797344 0
    outer loop
      vertex 10.5801 14.5623 11.5
      vertex 11.1437 14.1357 0
      vertex 10.5801 14.5623 0
    endloop
  endfacet
  facet normal -0.976788 0.214206 0
    outer loop
      vertex -17.6541 3.51163 0
      vertex -17.5027 4.20202 11.5
      vertex -17.5027 4.20202 0
    endloop
  endfacet
  facet normal -0.976788 0.214206 0
    outer loop
      vertex -17.5027 4.20202 11.5
      vertex -17.6541 3.51163 0
      vertex -17.6541 3.51163 11.5
    endloop
  endfacet
  facet normal -0.820334 0.571885 0
    outer loop
      vertex -14.9665 10.0003 0
      vertex -14.5623 10.5801 11.5
      vertex -14.5623 10.5801 0
    endloop
  endfacet
  facet normal -0.820334 0.571885 0
    outer loop
      vertex -14.5623 10.5801 11.5
      vertex -14.9665 10.0003 0
      vertex -14.9665 10.0003 11.5
    endloop
  endfacet
  facet normal -0.539042 0.842279 0
    outer loop
      vertex -9.40497 15.3475 0
      vertex -10.0003 14.9665 11.5
      vertex -9.40497 15.3475 11.5
    endloop
  endfacet
  facet normal -0.539042 0.842279 0
    outer loop
      vertex -10.0003 14.9665 11.5
      vertex -9.40497 15.3475 0
      vertex -10.0003 14.9665 0
    endloop
  endfacet
  facet normal -0.0980454 0.995182 0
    outer loop
      vertex -1.41226 17.9445 0
      vertex -2.11567 17.8752 11.5
      vertex -1.41226 17.9445 11.5
    endloop
  endfacet
  facet normal -0.0980454 0.995182 0
    outer loop
      vertex -2.11567 17.8752 11.5
      vertex -1.41226 17.9445 0
      vertex -2.11567 17.8752 0
    endloop
  endfacet
  facet normal 0.984416 -0.175857 0
    outer loop
      vertex 17.6541 -3.51163 11.5
      vertex 17.7784 -2.81582 0
      vertex 17.7784 -2.81582 11.5
    endloop
  endfacet
  facet normal 0.984416 -0.175857 0
    outer loop
      vertex 17.7784 -2.81582 0
      vertex 17.6541 -3.51163 11.5
      vertex 17.6541 -3.51163 0
    endloop
  endfacet
  facet normal 0.539042 -0.842279 0
    outer loop
      vertex 9.40497 -15.3475 0
      vertex 10.0003 -14.9665 11.5
      vertex 9.40497 -15.3475 11.5
    endloop
  endfacet
  facet normal 0.539042 -0.842279 0
    outer loop
      vertex 10.0003 -14.9665 11.5
      vertex 9.40497 -15.3475 0
      vertex 10.0003 -14.9665 0
    endloop
  endfacet
  facet normal 0.990577 0.136953 0
    outer loop
      vertex 17.8752 2.11567 11.5
      vertex 17.7784 2.81582 0
      vertex 17.7784 2.81582 11.5
    endloop
  endfacet
  facet normal 0.990577 0.136953 0
    outer loop
      vertex 17.7784 2.81582 0
      vertex 17.8752 2.11567 11.5
      vertex 17.8752 2.11567 0
    endloop
  endfacet
  facet normal 0.984416 0.175857 0
    outer loop
      vertex 17.7784 2.81582 11.5
      vertex 17.6541 3.51163 0
      vertex 17.6541 3.51163 11.5
    endloop
  endfacet
  facet normal 0.984416 0.175857 0
    outer loop
      vertex 17.6541 3.51163 0
      vertex 17.7784 2.81582 11.5
      vertex 17.7784 2.81582 0
    endloop
  endfacet
  facet normal 0.944794 0.327664 0
    outer loop
      vertex 17.119 5.56231 11.5
      vertex 16.8874 6.23011 0
      vertex 16.8874 6.23011 11.5
    endloop
  endfacet
  facet normal 0.944794 0.327664 0
    outer loop
      vertex 16.8874 6.23011 0
      vertex 17.119 5.56231 11.5
      vertex 17.119 5.56231 0
    endloop
  endfacet
  facet normal 0.93122 0.364457 0
    outer loop
      vertex 16.8874 6.23011 11.5
      vertex 16.6298 6.8883 0
      vertex 16.6298 6.8883 11.5
    endloop
  endfacet
  facet normal 0.93122 0.364457 0
    outer loop
      vertex 16.6298 6.8883 0
      vertex 16.8874 6.23011 11.5
      vertex 16.8874 6.23011 0
    endloop
  endfacet
  facet normal 0.967587 0.252539 0
    outer loop
      vertex 17.5027 4.20202 11.5
      vertex 17.3242 4.88593 0
      vertex 17.3242 4.88593 11.5
    endloop
  endfacet
  facet normal 0.967587 0.252539 0
    outer loop
      vertex 17.3242 4.88593 0
      vertex 17.5027 4.20202 11.5
      vertex 17.5027 4.20202 0
    endloop
  endfacet
  facet normal 0.74748 0.664285 0
    outer loop
      vertex 13.6873 11.6901 11.5
      vertex 13.2178 12.2184 0
      vertex 13.2178 12.2184 11.5
    endloop
  endfacet
  facet normal 0.74748 0.664285 0
    outer loop
      vertex 13.2178 12.2184 0
      vertex 13.6873 11.6901 11.5
      vertex 13.6873 11.6901 0
    endloop
  endfacet
  facet normal 0.720836 0.693106 0
    outer loop
      vertex 13.2178 12.2184 11.5
      vertex 12.7279 12.7279 0
      vertex 12.7279 12.7279 11.5
    endloop
  endfacet
  facet normal 0.720836 0.693106 0
    outer loop
      vertex 12.7279 12.7279 0
      vertex 13.2178 12.2184 11.5
      vertex 13.2178 12.2184 0
    endloop
  endfacet
  facet normal 0.842279 0.539042 0
    outer loop
      vertex 15.3475 9.40497 11.5
      vertex 14.9665 10.0003 0
      vertex 14.9665 10.0003 11.5
    endloop
  endfacet
  facet normal 0.842279 0.539042 0
    outer loop
      vertex 14.9665 10.0003 0
      vertex 15.3475 9.40497 11.5
      vertex 15.3475 9.40497 0
    endloop
  endfacet
  facet normal 0.899728 0.436452 0
    outer loop
      vertex 16.3466 7.53587 11.5
      vertex 16.0381 8.17183 0
      vertex 16.0381 8.17183 11.5
    endloop
  endfacet
  facet normal 0.899728 0.436452 0
    outer loop
      vertex 16.0381 8.17183 0
      vertex 16.3466 7.53587 11.5
      vertex 16.3466 7.53587 0
    endloop
  endfacet
  facet normal 0.136953 0.990577 -0
    outer loop
      vertex 2.81582 17.7784 0
      vertex 2.11567 17.8752 11.5
      vertex 2.81582 17.7784 11.5
    endloop
  endfacet
  facet normal 0.136953 0.990577 0
    outer loop
      vertex 2.11567 17.8752 11.5
      vertex 2.81582 17.7784 0
      vertex 2.11567 17.8752 0
    endloop
  endfacet
  facet normal 0.290314 0.956932 -0
    outer loop
      vertex 5.56231 17.119 0
      vertex 4.88593 17.3242 11.5
      vertex 5.56231 17.119 11.5
    endloop
  endfacet
  facet normal 0.290314 0.956932 0
    outer loop
      vertex 4.88593 17.3242 11.5
      vertex 5.56231 17.119 0
      vertex 4.88593 17.3242 0
    endloop
  endfacet
  facet normal 0.364457 0.93122 -0
    outer loop
      vertex 6.8883 16.6298 0
      vertex 6.23011 16.8874 11.5
      vertex 6.8883 16.6298 11.5
    endloop
  endfacet
  facet normal 0.364457 0.93122 0
    outer loop
      vertex 6.23011 16.8874 11.5
      vertex 6.8883 16.6298 0
      vertex 6.23011 16.8874 0
    endloop
  endfacet
  facet normal 0.252539 0.967587 -0
    outer loop
      vertex 4.88593 17.3242 0
      vertex 4.20202 17.5027 11.5
      vertex 4.88593 17.3242 11.5
    endloop
  endfacet
  facet normal 0.252539 0.967587 0
    outer loop
      vertex 4.20202 17.5027 11.5
      vertex 4.88593 17.3242 0
      vertex 4.20202 17.5027 0
    endloop
  endfacet
  facet normal 0.175857 0.984416 -0
    outer loop
      vertex 3.51163 17.6541 0
      vertex 2.81582 17.7784 11.5
      vertex 3.51163 17.6541 11.5
    endloop
  endfacet
  facet normal 0.175857 0.984416 0
    outer loop
      vertex 2.81582 17.7784 11.5
      vertex 3.51163 17.6541 0
      vertex 2.81582 17.7784 0
    endloop
  endfacet
  facet normal 0.0980454 0.995182 -0
    outer loop
      vertex 2.11567 17.8752 0
      vertex 1.41226 17.9445 11.5
      vertex 2.11567 17.8752 11.5
    endloop
  endfacet
  facet normal 0.0980454 0.995182 0
    outer loop
      vertex 1.41226 17.9445 11.5
      vertex 2.11567 17.8752 0
      vertex 1.41226 17.9445 0
    endloop
  endfacet
  facet normal 0.47141 0.881914 -0
    outer loop
      vertex 8.79518 15.7049 0
      vertex 8.17183 16.0381 11.5
      vertex 8.79518 15.7049 11.5
    endloop
  endfacet
  facet normal 0.47141 0.881914 0
    outer loop
      vertex 8.17183 16.0381 11.5
      vertex 8.79518 15.7049 0
      vertex 8.17183 16.0381 0
    endloop
  endfacet
  facet normal 0.505653 0.862737 -0
    outer loop
      vertex 9.40497 15.3475 0
      vertex 8.79518 15.7049 11.5
      vertex 9.40497 15.3475 11.5
    endloop
  endfacet
  facet normal 0.505653 0.862737 0
    outer loop
      vertex 8.79518 15.7049 11.5
      vertex 9.40497 15.3475 0
      vertex 8.79518 15.7049 0
    endloop
  endfacet
  facet normal 0.436452 0.899728 -0
    outer loop
      vertex 8.17183 16.0381 0
      vertex 7.53587 16.3466 11.5
      vertex 8.17183 16.0381 11.5
    endloop
  endfacet
  facet normal 0.436452 0.899728 0
    outer loop
      vertex 7.53587 16.3466 11.5
      vertex 8.17183 16.0381 0
      vertex 7.53587 16.3466 0
    endloop
  endfacet
  facet normal 0.571885 0.820334 -0
    outer loop
      vertex 10.5801 14.5623 0
      vertex 10.0003 14.9665 11.5
      vertex 10.5801 14.5623 11.5
    endloop
  endfacet
  facet normal 0.571885 0.820334 0
    outer loop
      vertex 10.0003 14.9665 11.5
      vertex 10.5801 14.5623 0
      vertex 10.0003 14.9665 0
    endloop
  endfacet
  facet normal 0.664285 0.74748 -0
    outer loop
      vertex 12.2184 13.2178 0
      vertex 11.6901 13.6873 11.5
      vertex 12.2184 13.2178 11.5
    endloop
  endfacet
  facet normal 0.664285 0.74748 0
    outer loop
      vertex 11.6901 13.6873 11.5
      vertex 12.2184 13.2178 0
      vertex 11.6901 13.6873 0
    endloop
  endfacet
  facet normal -0.990577 0.136953 0
    outer loop
      vertex -17.8752 2.11567 0
      vertex -17.7784 2.81582 11.5
      vertex -17.7784 2.81582 0
    endloop
  endfacet
  facet normal -0.990577 0.136953 0
    outer loop
      vertex -17.7784 2.81582 11.5
      vertex -17.8752 2.11567 0
      vertex -17.8752 2.11567 11.5
    endloop
  endfacet
  facet normal -0.74748 0.664285 0
    outer loop
      vertex -13.6873 11.6901 0
      vertex -13.2178 12.2184 11.5
      vertex -13.2178 12.2184 0
    endloop
  endfacet
  facet normal -0.74748 0.664285 0
    outer loop
      vertex -13.2178 12.2184 11.5
      vertex -13.6873 11.6901 0
      vertex -13.6873 11.6901 11.5
    endloop
  endfacet
  facet normal -0.720836 0.693106 0
    outer loop
      vertex -13.2178 12.2184 0
      vertex -12.7279 12.7279 11.5
      vertex -12.7279 12.7279 0
    endloop
  endfacet
  facet normal -0.720836 0.693106 0
    outer loop
      vertex -12.7279 12.7279 11.5
      vertex -13.2178 12.2184 0
      vertex -13.2178 12.2184 11.5
    endloop
  endfacet
  facet normal -0.881914 0.47141 0
    outer loop
      vertex -16.0381 8.17183 0
      vertex -15.7049 8.79518 11.5
      vertex -15.7049 8.79518 0
    endloop
  endfacet
  facet normal -0.881914 0.47141 0
    outer loop
      vertex -15.7049 8.79518 11.5
      vertex -16.0381 8.17183 0
      vertex -16.0381 8.17183 11.5
    endloop
  endfacet
  facet normal -0.899728 0.436452 0
    outer loop
      vertex -16.3466 7.53587 0
      vertex -16.0381 8.17183 11.5
      vertex -16.0381 8.17183 0
    endloop
  endfacet
  facet normal -0.899728 0.436452 0
    outer loop
      vertex -16.0381 8.17183 11.5
      vertex -16.3466 7.53587 0
      vertex -16.3466 7.53587 11.5
    endloop
  endfacet
  facet normal -0.842279 0.539042 0
    outer loop
      vertex -15.3475 9.40497 0
      vertex -14.9665 10.0003 11.5
      vertex -14.9665 10.0003 0
    endloop
  endfacet
  facet normal -0.842279 0.539042 0
    outer loop
      vertex -14.9665 10.0003 11.5
      vertex -15.3475 9.40497 0
      vertex -15.3475 9.40497 11.5
    endloop
  endfacet
  facet normal -0.956932 0.290314 0
    outer loop
      vertex -17.3242 4.88593 0
      vertex -17.119 5.56231 11.5
      vertex -17.119 5.56231 0
    endloop
  endfacet
  facet normal -0.956932 0.290314 0
    outer loop
      vertex -17.119 5.56231 11.5
      vertex -17.3242 4.88593 0
      vertex -17.3242 4.88593 11.5
    endloop
  endfacet
  facet normal -0.93122 0.364457 0
    outer loop
      vertex -16.8874 6.23011 0
      vertex -16.6298 6.8883 11.5
      vertex -16.6298 6.8883 0
    endloop
  endfacet
  facet normal -0.93122 0.364457 0
    outer loop
      vertex -16.6298 6.8883 11.5
      vertex -16.8874 6.23011 0
      vertex -16.8874 6.23011 11.5
    endloop
  endfacet
  facet normal -0.967587 0.252539 0
    outer loop
      vertex -17.5027 4.20202 0
      vertex -17.3242 4.88593 11.5
      vertex -17.3242 4.88593 0
    endloop
  endfacet
  facet normal -0.967587 0.252539 0
    outer loop
      vertex -17.3242 4.88593 11.5
      vertex -17.5027 4.20202 0
      vertex -17.5027 4.20202 11.5
    endloop
  endfacet
  facet normal -0.984416 0.175857 0
    outer loop
      vertex -17.7784 2.81582 0
      vertex -17.6541 3.51163 11.5
      vertex -17.6541 3.51163 0
    endloop
  endfacet
  facet normal -0.984416 0.175857 0
    outer loop
      vertex -17.6541 3.51163 11.5
      vertex -17.7784 2.81582 0
      vertex -17.7784 2.81582 11.5
    endloop
  endfacet
  facet normal -0.995182 0.0980454 0
    outer loop
      vertex -17.9445 1.41226 0
      vertex -17.8752 2.11567 11.5
      vertex -17.8752 2.11567 0
    endloop
  endfacet
  facet normal -0.995182 0.0980454 0
    outer loop
      vertex -17.8752 2.11567 11.5
      vertex -17.9445 1.41226 0
      vertex -17.9445 1.41226 11.5
    endloop
  endfacet
  facet normal -0.634377 0.773024 0
    outer loop
      vertex -11.1437 14.1357 0
      vertex -11.6901 13.6873 11.5
      vertex -11.1437 14.1357 11.5
    endloop
  endfacet
  facet normal -0.634377 0.773024 0
    outer loop
      vertex -11.6901 13.6873 11.5
      vertex -11.1437 14.1357 0
      vertex -11.6901 13.6873 0
    endloop
  endfacet
  facet normal -0.436452 0.899728 0
    outer loop
      vertex -7.53587 16.3466 0
      vertex -8.17183 16.0381 11.5
      vertex -7.53587 16.3466 11.5
    endloop
  endfacet
  facet normal -0.436452 0.899728 0
    outer loop
      vertex -8.17183 16.0381 11.5
      vertex -7.53587 16.3466 0
      vertex -8.17183 16.0381 0
    endloop
  endfacet
  facet normal -0.400686 0.916215 0
    outer loop
      vertex -6.8883 16.6298 0
      vertex -7.53587 16.3466 11.5
      vertex -6.8883 16.6298 11.5
    endloop
  endfacet
  facet normal -0.400686 0.916215 0
    outer loop
      vertex -7.53587 16.3466 11.5
      vertex -6.8883 16.6298 0
      vertex -7.53587 16.3466 0
    endloop
  endfacet
  facet normal -0.571885 0.820334 0
    outer loop
      vertex -10.0003 14.9665 0
      vertex -10.5801 14.5623 11.5
      vertex -10.0003 14.9665 11.5
    endloop
  endfacet
  facet normal -0.571885 0.820334 0
    outer loop
      vertex -10.5801 14.5623 11.5
      vertex -10.0003 14.9665 0
      vertex -10.5801 14.5623 0
    endloop
  endfacet
  facet normal -0.664285 0.74748 0
    outer loop
      vertex -11.6901 13.6873 0
      vertex -12.2184 13.2178 11.5
      vertex -11.6901 13.6873 11.5
    endloop
  endfacet
  facet normal -0.664285 0.74748 0
    outer loop
      vertex -12.2184 13.2178 11.5
      vertex -11.6901 13.6873 0
      vertex -12.2184 13.2178 0
    endloop
  endfacet
  facet normal -0.252539 0.967587 0
    outer loop
      vertex -4.20202 17.5027 0
      vertex -4.88593 17.3242 11.5
      vertex -4.20202 17.5027 11.5
    endloop
  endfacet
  facet normal -0.252539 0.967587 0
    outer loop
      vertex -4.88593 17.3242 11.5
      vertex -4.20202 17.5027 0
      vertex -4.88593 17.3242 0
    endloop
  endfacet
  facet normal -0.214206 0.976788 0
    outer loop
      vertex -3.51163 17.6541 0
      vertex -4.20202 17.5027 11.5
      vertex -3.51163 17.6541 11.5
    endloop
  endfacet
  facet normal -0.214206 0.976788 0
    outer loop
      vertex -4.20202 17.5027 11.5
      vertex -3.51163 17.6541 0
      vertex -4.20202 17.5027 0
    endloop
  endfacet
  facet normal -0.136953 0.990577 0
    outer loop
      vertex -2.11567 17.8752 0
      vertex -2.81582 17.7784 11.5
      vertex -2.11567 17.8752 11.5
    endloop
  endfacet
  facet normal -0.136953 0.990577 0
    outer loop
      vertex -2.81582 17.7784 11.5
      vertex -2.11567 17.8752 0
      vertex -2.81582 17.7784 0
    endloop
  endfacet
  facet normal -0.058856 0.998266 0
    outer loop
      vertex -0.706676 17.9861 0
      vertex -1.41226 17.9445 11.5
      vertex -0.706676 17.9861 11.5
    endloop
  endfacet
  facet normal -0.058856 0.998266 0
    outer loop
      vertex -1.41226 17.9445 11.5
      vertex -0.706676 17.9861 0
      vertex -1.41226 17.9445 0
    endloop
  endfacet
  facet normal 0.136953 -0.990577 0
    outer loop
      vertex 2.11567 -17.8752 0
      vertex 2.81582 -17.7784 3.2
      vertex 2.11567 -17.8752 3.2
    endloop
  endfacet
  facet normal 0.136953 -0.990577 0
    outer loop
      vertex 2.81582 -17.7784 3.2
      vertex 2.11567 -17.8752 0
      vertex 2.81582 -17.7784 0
    endloop
  endfacet
  facet normal 0.136953 -0.990577 0
    outer loop
      vertex 2.11567 -17.8752 9
      vertex 2.81582 -17.7784 11.5
      vertex 2.11567 -17.8752 11.5
    endloop
  endfacet
  facet normal 0.136953 -0.990577 0
    outer loop
      vertex 2.81582 -17.7784 11.5
      vertex 2.11567 -17.8752 9
      vertex 2.81582 -17.7784 9
    endloop
  endfacet
  facet normal 0.213829 -0.976871 0
    outer loop
      vertex 3.51163 -17.6541 0
      vertex 3.55366 -17.6449 3.2357
      vertex 3.51163 -17.6541 3.22989
    endloop
  endfacet
  facet normal 0.214206 -0.976788 -5.13953e-06
    outer loop
      vertex 4.20202 -17.5027 0
      vertex 3.55366 -17.6449 3.2357
      vertex 3.51163 -17.6541 0
    endloop
  endfacet
  facet normal 0.214342 -0.976759 2.3492e-05
    outer loop
      vertex 3.55366 -17.6449 3.2357
      vertex 4.20202 -17.5027 0
      vertex 3.66576 -17.6203 3.25572
    endloop
  endfacet
  facet normal 0.214268 -0.976775 1.06626e-05
    outer loop
      vertex 3.66576 -17.6203 3.25572
      vertex 4.20202 -17.5027 0
      vertex 3.77699 -17.5959 3.28013
    endloop
  endfacet
  facet normal 0.214498 -0.976724 4.18704e-05
    outer loop
      vertex 3.77699 -17.5959 3.28013
      vertex 4.20202 -17.5027 0
      vertex 3.88718 -17.5717 3.30888
    endloop
  endfacet
  facet normal 0.21423 -0.976783 1.51292e-05
    outer loop
      vertex 3.88718 -17.5717 3.30888
      vertex 4.20202 -17.5027 0
      vertex 3.99615 -17.5478 3.34194
    endloop
  endfacet
  facet normal 0.214252 -0.976778 1.65519e-05
    outer loop
      vertex 3.99615 -17.5478 3.34194
      vertex 4.20202 -17.5027 0
      vertex 4.10374 -17.5242 3.37924
    endloop
  endfacet
  facet normal 0.213709 -0.976897 0
    outer loop
      vertex 4.10374 -17.5242 3.37924
      vertex 4.20202 -17.5027 0
      vertex 4.20202 -17.5027 3.41771
    endloop
  endfacet
  facet normal 0.213829 -0.976871 0
    outer loop
      vertex 3.55366 -17.6449 8.9643
      vertex 3.51163 -17.6541 11.5
      vertex 3.51163 -17.6541 8.97011
    endloop
  endfacet
  facet normal 0.214348 -0.976757 9.02278e-06
    outer loop
      vertex 3.66576 -17.6203 8.94428
      vertex 3.51163 -17.6541 11.5
      vertex 3.55366 -17.6449 8.9643
    endloop
  endfacet
  facet normal 0.214206 -0.976788 5.53596e-08
    outer loop
      vertex 3.51163 -17.6541 11.5
      vertex 3.66576 -17.6203 8.94428
      vertex 4.20202 -17.5027 11.5
    endloop
  endfacet
  facet normal 0.214268 -0.976775 -1.34545e-05
    outer loop
      vertex 3.77699 -17.5959 8.91987
      vertex 4.20202 -17.5027 11.5
      vertex 3.66576 -17.6203 8.94428
    endloop
  endfacet
  facet normal 0.214495 -0.976725 -5.27619e-05
    outer loop
      vertex 3.88718 -17.5717 8.89112
      vertex 4.20202 -17.5027 11.5
      vertex 3.77699 -17.5959 8.91987
    endloop
  endfacet
  facet normal 0.214229 -0.976784 -1.90452e-05
    outer loop
      vertex 3.99615 -17.5478 8.85806
      vertex 4.20202 -17.5027 11.5
      vertex 3.88718 -17.5717 8.89112
    endloop
  endfacet
  facet normal 0.21425 -0.976779 -2.08219e-05
    outer loop
      vertex 4.10374 -17.5242 8.82075
      vertex 4.20202 -17.5027 11.5
      vertex 3.99615 -17.5478 8.85806
    endloop
  endfacet
  facet normal 0.213709 -0.976897 0
    outer loop
      vertex 4.20202 -17.5027 11.5
      vertex 4.10374 -17.5242 8.82075
      vertex 4.20202 -17.5027 8.78229
    endloop
  endfacet
  facet normal 0.571885 -0.820334 0
    outer loop
      vertex 10.0003 -14.9665 0
      vertex 10.5801 -14.5623 11.5
      vertex 10.0003 -14.9665 11.5
    endloop
  endfacet
  facet normal 0.571885 -0.820334 0
    outer loop
      vertex 10.5801 -14.5623 11.5
      vertex 10.0003 -14.9665 0
      vertex 10.5801 -14.5623 0
    endloop
  endfacet
  facet normal 0.664285 -0.74748 0
    outer loop
      vertex 11.6901 -13.6873 0
      vertex 12.2184 -13.2178 11.5
      vertex 11.6901 -13.6873 11.5
    endloop
  endfacet
  facet normal 0.664285 -0.74748 0
    outer loop
      vertex 12.2184 -13.2178 11.5
      vertex 11.6901 -13.6873 0
      vertex 12.2184 -13.2178 0
    endloop
  endfacet
  facet normal 0.400686 -0.916215 0
    outer loop
      vertex 6.8883 -16.6298 0
      vertex 7.53587 -16.3466 11.5
      vertex 6.8883 -16.6298 11.5
    endloop
  endfacet
  facet normal 0.400686 -0.916215 0
    outer loop
      vertex 7.53587 -16.3466 11.5
      vertex 6.8883 -16.6298 0
      vertex 7.53587 -16.3466 0
    endloop
  endfacet
  facet normal 0.74748 -0.664285 0
    outer loop
      vertex 13.2178 -12.2184 11.5
      vertex 13.6873 -11.6901 0
      vertex 13.6873 -11.6901 11.5
    endloop
  endfacet
  facet normal 0.74748 -0.664285 0
    outer loop
      vertex 13.6873 -11.6901 0
      vertex 13.2178 -12.2184 11.5
      vertex 13.2178 -12.2184 0
    endloop
  endfacet
  facet normal 0.820334 -0.571885 0
    outer loop
      vertex 14.5623 -10.5801 11.5
      vertex 14.9665 -10.0003 0
      vertex 14.9665 -10.0003 11.5
    endloop
  endfacet
  facet normal 0.820334 -0.571885 0
    outer loop
      vertex 14.9665 -10.0003 0
      vertex 14.5623 -10.5801 11.5
      vertex 14.5623 -10.5801 0
    endloop
  endfacet
  facet normal 0.862737 -0.505653 0
    outer loop
      vertex 15.3475 -9.40497 11.5
      vertex 15.7049 -8.79518 0
      vertex 15.7049 -8.79518 11.5
    endloop
  endfacet
  facet normal 0.862737 -0.505653 0
    outer loop
      vertex 15.7049 -8.79518 0
      vertex 15.3475 -9.40497 11.5
      vertex 15.3475 -9.40497 0
    endloop
  endfacet
  facet normal 0.944794 -0.327664 0
    outer loop
      vertex 16.8874 -6.23011 11.5
      vertex 17.119 -5.56231 0
      vertex 17.119 -5.56231 11.5
    endloop
  endfacet
  facet normal 0.944794 -0.327664 0
    outer loop
      vertex 17.119 -5.56231 0
      vertex 16.8874 -6.23011 11.5
      vertex 16.8874 -6.23011 0
    endloop
  endfacet
  facet normal -0.693106 -0.720836 0
    outer loop
      vertex -12.7279 -12.7279 0
      vertex -12.2184 -13.2178 11.5
      vertex -12.7279 -12.7279 11.5
    endloop
  endfacet
  facet normal -0.693106 -0.720836 -0
    outer loop
      vertex -12.2184 -13.2178 11.5
      vertex -12.7279 -12.7279 0
      vertex -12.2184 -13.2178 0
    endloop
  endfacet
  facet normal -0.436452 -0.899728 0
    outer loop
      vertex -8.17183 -16.0381 0
      vertex -7.53587 -16.3466 11.5
      vertex -8.17183 -16.0381 11.5
    endloop
  endfacet
  facet normal -0.436452 -0.899728 -0
    outer loop
      vertex -7.53587 -16.3466 11.5
      vertex -8.17183 -16.0381 0
      vertex -7.53587 -16.3466 0
    endloop
  endfacet
  facet normal -0.539042 -0.842279 0
    outer loop
      vertex -10.0003 -14.9665 0
      vertex -9.40497 -15.3475 11.5
      vertex -10.0003 -14.9665 11.5
    endloop
  endfacet
  facet normal -0.539042 -0.842279 -0
    outer loop
      vertex -9.40497 -15.3475 11.5
      vertex -10.0003 -14.9665 0
      vertex -9.40497 -15.3475 0
    endloop
  endfacet
  facet normal -0.364457 -0.93122 0
    outer loop
      vertex -6.8883 -16.6298 0
      vertex -6.23011 -16.8874 11.5
      vertex -6.8883 -16.6298 11.5
    endloop
  endfacet
  facet normal -0.364457 -0.93122 -0
    outer loop
      vertex -6.23011 -16.8874 11.5
      vertex -6.8883 -16.6298 0
      vertex -6.23011 -16.8874 0
    endloop
  endfacet
  facet normal -0.25218 -0.96768 0
    outer loop
      vertex -4.88593 -17.3242 0
      vertex -4.80458 -17.3454 3.75385
      vertex -4.88593 -17.3242 3.81543
    endloop
  endfacet
  facet normal -0.252676 -0.967551 1.14795e-05
    outer loop
      vertex -4.88593 -17.3242 0
      vertex -4.71115 -17.3698 3.68874
      vertex -4.80458 -17.3454 3.75385
    endloop
  endfacet
  facet normal -0.252263 -0.967659 -9.39831e-06
    outer loop
      vertex -4.88593 -17.3242 0
      vertex -4.61525 -17.3948 3.62734
      vertex -4.71115 -17.3698 3.68874
    endloop
  endfacet
  facet normal -0.253035 -0.967457 5.20854e-05
    outer loop
      vertex -4.88593 -17.3242 0
      vertex -4.517 -17.4205 3.56976
      vertex -4.61525 -17.3948 3.62734
    endloop
  endfacet
  facet normal -0.252437 -0.967613 -1.39215e-05
    outer loop
      vertex -4.88593 -17.3242 0
      vertex -4.41657 -17.4467 3.51608
      vertex -4.517 -17.4205 3.56976
    endloop
  endfacet
  facet normal -0.25219 -0.967678 -4.90367e-05
    outer loop
      vertex -4.88593 -17.3242 0
      vertex -4.31411 -17.4734 3.46638
      vertex -4.41657 -17.4467 3.51608
    endloop
  endfacet
  facet normal -0.252291 -0.967651 -3.12751e-05
    outer loop
      vertex -4.88593 -17.3242 0
      vertex -4.20978 -17.5006 3.42075
      vertex -4.31411 -17.4734 3.46638
    endloop
  endfacet
  facet normal -0.260593 -0.965447 0.00172329
    outer loop
      vertex -4.88593 -17.3242 0
      vertex -4.20202 -17.5027 3.41771
      vertex -4.20978 -17.5006 3.42075
    endloop
  endfacet
  facet normal -0.252539 -0.967587 -0
    outer loop
      vertex -4.20202 -17.5027 3.41771
      vertex -4.88593 -17.3242 0
      vertex -4.20202 -17.5027 0
    endloop
  endfacet
  facet normal -0.252539 -0.967587 0
    outer loop
      vertex -4.88593 -17.3242 11.5
      vertex -4.20202 -17.5027 8.78229
      vertex -4.20202 -17.5027 11.5
    endloop
  endfacet
  facet normal -0.260445 -0.965486 -0.00212741
    outer loop
      vertex -4.88593 -17.3242 11.5
      vertex -4.20978 -17.5006 8.77925
      vertex -4.20202 -17.5027 8.78229
    endloop
  endfacet
  facet normal -0.252294 -0.967651 3.8532e-05
    outer loop
      vertex -4.88593 -17.3242 11.5
      vertex -4.31411 -17.4734 8.73361
      vertex -4.20978 -17.5006 8.77925
    endloop
  endfacet
  facet normal -0.252196 -0.967676 6.03149e-05
    outer loop
      vertex -4.88593 -17.3242 11.5
      vertex -4.41657 -17.4467 8.68392
      vertex -4.31411 -17.4734 8.73361
    endloop
  endfacet
  facet normal -0.252438 -0.967613 1.70989e-05
    outer loop
      vertex -4.88593 -17.3242 11.5
      vertex -4.517 -17.4205 8.63024
      vertex -4.41657 -17.4467 8.68392
    endloop
  endfacet
  facet normal -0.253028 -0.967459 -6.39002e-05
    outer loop
      vertex -4.88593 -17.3242 11.5
      vertex -4.61525 -17.3948 8.57266
      vertex -4.517 -17.4205 8.63024
    endloop
  endfacet
  facet normal -0.252264 -0.967658 1.15201e-05
    outer loop
      vertex -4.88593 -17.3242 11.5
      vertex -4.71115 -17.3698 8.51126
      vertex -4.61525 -17.3948 8.57266
    endloop
  endfacet
  facet normal -0.252674 -0.967551 -1.40629e-05
    outer loop
      vertex -4.88593 -17.3242 11.5
      vertex -4.80458 -17.3454 8.44615
      vertex -4.71115 -17.3698 8.51126
    endloop
  endfacet
  facet normal -0.25218 -0.96768 0
    outer loop
      vertex -4.80458 -17.3454 8.44615
      vertex -4.88593 -17.3242 11.5
      vertex -4.88593 -17.3242 8.38457
    endloop
  endfacet
  facet normal -0.176633 -0.984277 0
    outer loop
      vertex -3.51163 -17.6541 0
      vertex -3.44086 -17.6668 3.2201
      vertex -3.51163 -17.6541 3.22989
    endloop
  endfacet
  facet normal -0.175477 -0.984483 -2.62108e-05
    outer loop
      vertex -3.51163 -17.6541 0
      vertex -3.32753 -17.687 3.20894
      vertex -3.44086 -17.6668 3.2201
    endloop
  endfacet
  facet normal -0.175791 -0.984427 -7.64357e-06
    outer loop
      vertex -3.51163 -17.6541 0
      vertex -3.21385 -17.7073 3.20224
      vertex -3.32753 -17.687 3.20894
    endloop
  endfacet
  facet normal -0.175537 -0.984473 -3.20375e-05
    outer loop
      vertex -3.51163 -17.6541 0
      vertex -3.1 -17.7276 3.2
      vertex -3.21385 -17.7073 3.20224
    endloop
  endfacet
  facet normal -0.175857 -0.984416 1.04225e-05
    outer loop
      vertex -2.81582 -17.7784 0
      vertex -3.1 -17.7276 3.2
      vertex -3.51163 -17.6541 0
    endloop
  endfacet
  facet normal -0.17597 -0.984395 0
    outer loop
      vertex -3.1 -17.7276 3.2
      vertex -2.81582 -17.7784 0
      vertex -2.81582 -17.7784 3.2
    endloop
  endfacet
  facet normal -0.175857 -0.984416 -1.33408e-05
    outer loop
      vertex -3.51163 -17.6541 11.5
      vertex -3.1 -17.7276 9
      vertex -2.81582 -17.7784 11.5
    endloop
  endfacet
  facet normal -0.175537 -0.984473 4.0979e-05
    outer loop
      vertex -3.51163 -17.6541 11.5
      vertex -3.21385 -17.7073 8.99776
      vertex -3.1 -17.7276 9
    endloop
  endfacet
  facet normal -0.175791 -0.984427 9.76696e-06
    outer loop
      vertex -3.51163 -17.6541 11.5
      vertex -3.32753 -17.687 8.99106
      vertex -3.21385 -17.7073 8.99776
    endloop
  endfacet
  facet normal -0.175478 -0.984483 3.34712e-05
    outer loop
      vertex -3.51163 -17.6541 11.5
      vertex -3.44086 -17.6668 8.9799
      vertex -3.32753 -17.687 8.99106
    endloop
  endfacet
  facet normal -0.176633 -0.984277 0
    outer loop
      vertex -3.44086 -17.6668 8.9799
      vertex -3.51163 -17.6541 11.5
      vertex -3.51163 -17.6541 8.97011
    endloop
  endfacet
  facet normal -0.17597 -0.984395 -0
    outer loop
      vertex -2.81582 -17.7784 11.5
      vertex -3.1 -17.7276 9
      vertex -2.81582 -17.7784 9
    endloop
  endfacet
  facet normal -0.0980454 -0.995182 0
    outer loop
      vertex -2.11567 -17.8752 0
      vertex -1.41226 -17.9445 3.2
      vertex -2.11567 -17.8752 3.2
    endloop
  endfacet
  facet normal -0.0980454 -0.995182 -0
    outer loop
      vertex -1.41226 -17.9445 3.2
      vertex -2.11567 -17.8752 0
      vertex -1.41226 -17.9445 0
    endloop
  endfacet
  facet normal -0.0980454 -0.995182 0
    outer loop
      vertex -2.11567 -17.8752 9
      vertex -1.41226 -17.9445 11.5
      vertex -2.11567 -17.8752 11.5
    endloop
  endfacet
  facet normal -0.0980454 -0.995182 -0
    outer loop
      vertex -1.41226 -17.9445 11.5
      vertex -2.11567 -17.8752 9
      vertex -1.41226 -17.9445 9
    endloop
  endfacet
  facet normal -0.916215 -0.400686 0
    outer loop
      vertex -16.3466 -7.53587 0
      vertex -16.6298 -6.8883 11.5
      vertex -16.6298 -6.8883 0
    endloop
  endfacet
  facet normal -0.916215 -0.400686 0
    outer loop
      vertex -16.6298 -6.8883 11.5
      vertex -16.3466 -7.53587 0
      vertex -16.3466 -7.53587 11.5
    endloop
  endfacet
  facet normal -0.820334 -0.571885 0
    outer loop
      vertex -14.5623 -10.5801 0
      vertex -14.9665 -10.0003 11.5
      vertex -14.9665 -10.0003 0
    endloop
  endfacet
  facet normal -0.820334 -0.571885 0
    outer loop
      vertex -14.9665 -10.0003 11.5
      vertex -14.5623 -10.5801 0
      vertex -14.5623 -10.5801 11.5
    endloop
  endfacet
  facet normal -0.74748 -0.664285 0
    outer loop
      vertex -13.2178 -12.2184 0
      vertex -13.6873 -11.6901 11.5
      vertex -13.6873 -11.6901 0
    endloop
  endfacet
  facet normal -0.74748 -0.664285 0
    outer loop
      vertex -13.6873 -11.6901 11.5
      vertex -13.2178 -12.2184 0
      vertex -13.2178 -12.2184 11.5
    endloop
  endfacet
  facet normal -0.976788 -0.214206 0
    outer loop
      vertex -17.5027 -4.20202 0
      vertex -17.6541 -3.51163 11.5
      vertex -17.6541 -3.51163 0
    endloop
  endfacet
  facet normal -0.976788 -0.214206 0
    outer loop
      vertex -17.6541 -3.51163 11.5
      vertex -17.5027 -4.20202 0
      vertex -17.5027 -4.20202 11.5
    endloop
  endfacet
  facet normal -0.990577 -0.136953 0
    outer loop
      vertex -17.7784 -2.81582 0
      vertex -17.8752 -2.11567 11.5
      vertex -17.8752 -2.11567 0
    endloop
  endfacet
  facet normal -0.990577 -0.136953 0
    outer loop
      vertex -17.8752 -2.11567 11.5
      vertex -17.7784 -2.81582 0
      vertex -17.7784 -2.81582 11.5
    endloop
  endfacet
  facet normal 0 0 -1
    outer loop
      vertex 14.605 0 0
      vertex 18 0 0
      vertex 17.9861 -0.706676 0
    endloop
  endfacet
  facet normal 0 0 -1
    outer loop
      vertex 14.5937 -0.573389 0
      vertex 17.9861 -0.706676 0
      vertex 17.9445 -1.41226 0
    endloop
  endfacet
  facet normal 0 0 -1
    outer loop
      vertex 18 0 0
      vertex 14.605 0 0
      vertex 17.9861 0.706676 0
    endloop
  endfacet
  facet normal 0 0 -1
    outer loop
      vertex 14.56 -1.1459 0
      vertex 17.9445 -1.41226 0
      vertex 17.8752 -2.11567 0
    endloop
  endfacet
  facet normal 0 0 -1
    outer loop
      vertex 14.5937 0.573389 0
      vertex 17.9861 0.706676 0
      vertex 14.605 0 0
    endloop
  endfacet
  facet normal 0 0 -1
    outer loop
      vertex 14.5038 -1.71663 0
      vertex 17.8752 -2.11567 0
      vertex 17.7784 -2.81582 0
    endloop
  endfacet
  facet normal -0 0 -1
    outer loop
      vertex 17.9861 0.706676 0
      vertex 14.5937 0.573389 0
      vertex 17.9445 1.41226 0
    endloop
  endfacet
  facet normal 0 0 -1
    outer loop
      vertex 14.4252 -2.28473 0
      vertex 17.7784 -2.81582 0
      vertex 17.6541 -3.51163 0
    endloop
  endfacet
  facet normal 0 0 -1
    outer loop
      vertex 14.56 1.1459 0
      vertex 17.9445 1.41226 0
      vertex 14.5937 0.573389 0
    endloop
  endfacet
  facet normal 0 0 -1
    outer loop
      vertex 14.3244 -2.84929 0
      vertex 17.6541 -3.51163 0
      vertex 17.5027 -4.20202 0
    endloop
  endfacet
  facet normal -0 0 -1
    outer loop
      vertex 17.9445 1.41226 0
      vertex 14.56 1.1459 0
      vertex 17.8752 2.11567 0
    endloop
  endfacet
  facet normal 0 0 -1
    outer loop
      vertex 14.2015 -3.40947 0
      vertex 17.5027 -4.20202 0
      vertex 17.3242 -4.88593 0
    endloop
  endfacet
  facet normal 0 0 -1
    outer loop
      vertex 14.5038 1.71663 0
      vertex 17.8752 2.11567 0
      vertex 14.56 1.1459 0
    endloop
  endfacet
  facet normal 0 0 -1
    outer loop
      vertex 14.0567 -3.96439 0
      vertex 17.3242 -4.88593 0
      vertex 17.119 -5.56231 0
    endloop
  endfacet
  facet normal -0 0 -1
    outer loop
      vertex 17.8752 2.11567 0
      vertex 14.5038 1.71663 0
      vertex 17.7784 2.81582 0
    endloop
  endfacet
  facet normal 0 0 -1
    outer loop
      vertex 13.8902 -4.51319 0
      vertex 17.119 -5.56231 0
      vertex 16.8874 -6.23011 0
    endloop
  endfacet
  facet normal 0 0 -1
    outer loop
      vertex 14.4252 2.28473 0
      vertex 17.7784 2.81582 0
      vertex 14.5038 1.71663 0
    endloop
  endfacet
  facet normal 0 0 -1
    outer loop
      vertex 13.7023 -5.05504 0
      vertex 16.8874 -6.23011 0
      vertex 16.6298 -6.8883 0
    endloop
  endfacet
  facet normal -0 0 -1
    outer loop
      vertex 17.7784 2.81582 0
      vertex 14.4252 2.28473 0
      vertex 17.6541 3.51163 0
    endloop
  endfacet
  facet normal 0 0 -1
    outer loop
      vertex 13.4933 -5.58909 0
      vertex 16.6298 -6.8883 0
      vertex 16.3466 -7.53587 0
    endloop
  endfacet
  facet normal 0 0 -1
    outer loop
      vertex 14.3244 2.84929 0
      vertex 17.6541 3.51163 0
      vertex 14.4252 2.28473 0
    endloop
  endfacet
  facet normal 0 0 -1
    outer loop
      vertex 13.2634 -6.11452 0
      vertex 16.3466 -7.53587 0
      vertex 16.0381 -8.17183 0
    endloop
  endfacet
  facet normal -0 0 -1
    outer loop
      vertex 17.6541 3.51163 0
      vertex 14.3244 2.84929 0
      vertex 17.5027 4.20202 0
    endloop
  endfacet
  facet normal 0 0 -1
    outer loop
      vertex 13.0132 -6.63053 0
      vertex 16.0381 -8.17183 0
      vertex 15.7049 -8.79518 0
    endloop
  endfacet
  facet normal 0 0 -1
    outer loop
      vertex 14.2015 3.40947 0
      vertex 17.5027 4.20202 0
      vertex 14.3244 2.84929 0
    endloop
  endfacet
  facet normal 0 0 -1
    outer loop
      vertex 12.7428 -7.13631 0
      vertex 15.7049 -8.79518 0
      vertex 15.3475 -9.40497 0
    endloop
  endfacet
  facet normal -0 0 -1
    outer loop
      vertex 17.5027 4.20202 0
      vertex 14.2015 3.40947 0
      vertex 17.3242 4.88593 0
    endloop
  endfacet
  facet normal 0 0 -1
    outer loop
      vertex 12.4528 -7.63109 0
      vertex 15.3475 -9.40497 0
      vertex 14.9665 -10.0003 0
    endloop
  endfacet
  facet normal 0 0 -1
    outer loop
      vertex 14.0567 3.96439 0
      vertex 17.3242 4.88593 0
      vertex 14.2015 3.40947 0
    endloop
  endfacet
  facet normal -0 0 -1
    outer loop
      vertex 17.3242 4.88593 0
      vertex 14.0567 3.96439 0
      vertex 17.119 5.56231 0
    endloop
  endfacet
  facet normal 0 0 -1
    outer loop
      vertex 17.9861 -0.706676 0
      vertex 14.5937 -0.573389 0
      vertex 14.605 0 0
    endloop
  endfacet
  facet normal 0 0 -1
    outer loop
      vertex 12.1436 -8.1141 0
      vertex 14.9665 -10.0003 0
      vertex 14.5623 -10.5801 0
    endloop
  endfacet
  facet normal 0 0 -1
    outer loop
      vertex 17.9445 -1.41226 0
      vertex 14.56 -1.1459 0
      vertex 14.5937 -0.573389 0
    endloop
  endfacet
  facet normal 0 0 -1
    outer loop
      vertex 17.8752 -2.11567 0
      vertex 14.5038 -1.71663 0
      vertex 14.56 -1.1459 0
    endloop
  endfacet
  facet normal 0 0 -1
    outer loop
      vertex 17.7784 -2.81582 0
      vertex 14.4252 -2.28473 0
      vertex 14.5038 -1.71663 0
    endloop
  endfacet
  facet normal 0 0 -1
    outer loop
      vertex 17.6541 -3.51163 0
      vertex 14.3244 -2.84929 0
      vertex 14.4252 -2.28473 0
    endloop
  endfacet
  facet normal 0 0 -1
    outer loop
      vertex 17.5027 -4.20202 0
      vertex 14.2015 -3.40947 0
      vertex 14.3244 -2.84929 0
    endloop
  endfacet
  facet normal 0 0 -1
    outer loop
      vertex 11.8157 -8.5846 0
      vertex 14.5623 -10.5801 0
      vertex 14.1357 -11.1437 0
    endloop
  endfacet
  facet normal 0 0 -1
    outer loop
      vertex 17.3242 -4.88593 0
      vertex 14.0567 -3.96439 0
      vertex 14.2015 -3.40947 0
    endloop
  endfacet
  facet normal 0 0 -1
    outer loop
      vertex 17.119 -5.56231 0
      vertex 13.8902 -4.51319 0
      vertex 14.0567 -3.96439 0
    endloop
  endfacet
  facet normal 0 0 -1
    outer loop
      vertex 16.8874 -6.23011 0
      vertex 13.7023 -5.05504 0
      vertex 13.8902 -4.51319 0
    endloop
  endfacet
  facet normal 0 0 -1
    outer loop
      vertex 11.4696 -9.04187 0
      vertex 14.1357 -11.1437 0
      vertex 13.6873 -11.6901 0
    endloop
  endfacet
  facet normal 0 0 -1
    outer loop
      vertex 16.6298 -6.8883 0
      vertex 13.4933 -5.58909 0
      vertex 13.7023 -5.05504 0
    endloop
  endfacet
  facet normal 0 0 -1
    outer loop
      vertex 16.3466 -7.53587 0
      vertex 13.2634 -6.11452 0
      vertex 13.4933 -5.58909 0
    endloop
  endfacet
  facet normal 0 0 -1
    outer loop
      vertex 11.1057 -9.48519 0
      vertex 13.6873 -11.6901 0
      vertex 13.2178 -12.2184 0
    endloop
  endfacet
  facet normal 0 0 -1
    outer loop
      vertex 16.0381 -8.17183 0
      vertex 13.0132 -6.63053 0
      vertex 13.2634 -6.11452 0
    endloop
  endfacet
  facet normal 0 0 -1
    outer loop
      vertex 15.7049 -8.79518 0
      vertex 12.7428 -7.13631 0
      vertex 13.0132 -6.63053 0
    endloop
  endfacet
  facet normal 0 0 -1
    outer loop
      vertex 10.7248 -9.91388 0
      vertex 13.2178 -12.2184 0
      vertex 12.7279 -12.7279 0
    endloop
  endfacet
  facet normal 0 0 -1
    outer loop
      vertex 15.3475 -9.40497 0
      vertex 12.4528 -7.63109 0
      vertex 12.7428 -7.13631 0
    endloop
  endfacet
  facet normal 0 0 -1
    outer loop
      vertex 10.3273 -10.3273 0
      vertex 12.7279 -12.7279 0
      vertex 12.2184 -13.2178 0
    endloop
  endfacet
  facet normal 0 0 -1
    outer loop
      vertex 14.9665 -10.0003 0
      vertex 12.1436 -8.1141 0
      vertex 12.4528 -7.63109 0
    endloop
  endfacet
  facet normal 0 0 -1
    outer loop
      vertex 14.5623 -10.5801 0
      vertex 11.8157 -8.5846 0
      vertex 12.1436 -8.1141 0
    endloop
  endfacet
  facet normal 0 0 -1
    outer loop
      vertex 9.91388 -10.7248 0
      vertex 12.2184 -13.2178 0
      vertex 11.6901 -13.6873 0
    endloop
  endfacet
  facet normal 0 0 -1
    outer loop
      vertex 14.1357 -11.1437 0
      vertex 11.4696 -9.04187 0
      vertex 11.8157 -8.5846 0
    endloop
  endfacet
  facet normal 0 0 -1
    outer loop
      vertex 9.48519 -11.1057 0
      vertex 11.6901 -13.6873 0
      vertex 11.1437 -14.1357 0
    endloop
  endfacet
  facet normal 0 0 -1
    outer loop
      vertex 13.6873 -11.6901 0
      vertex 11.1057 -9.48519 0
      vertex 11.4696 -9.04187 0
    endloop
  endfacet
  facet normal 0 0 -1
    outer loop
      vertex 13.2178 -12.2184 0
      vertex 10.7248 -9.91388 0
      vertex 11.1057 -9.48519 0
    endloop
  endfacet
  facet normal 0 0 -1
    outer loop
      vertex 9.04187 -11.4696 0
      vertex 11.1437 -14.1357 0
      vertex 10.5801 -14.5623 0
    endloop
  endfacet
  facet normal 0 0 -1
    outer loop
      vertex 12.7279 -12.7279 0
      vertex 10.3273 -10.3273 0
      vertex 10.7248 -9.91388 0
    endloop
  endfacet
  facet normal 0 0 -1
    outer loop
      vertex 8.5846 -11.8157 0
      vertex 10.5801 -14.5623 0
      vertex 10.0003 -14.9665 0
    endloop
  endfacet
  facet normal 0 0 -1
    outer loop
      vertex 12.2184 -13.2178 0
      vertex 9.91388 -10.7248 0
      vertex 10.3273 -10.3273 0
    endloop
  endfacet
  facet normal 0 0 -1
    outer loop
      vertex 11.6901 -13.6873 0
      vertex 9.48519 -11.1057 0
      vertex 9.91388 -10.7248 0
    endloop
  endfacet
  facet normal 0 0 -1
    outer loop
      vertex 8.1141 -12.1436 0
      vertex 10.0003 -14.9665 0
      vertex 9.40497 -15.3475 0
    endloop
  endfacet
  facet normal 0 0 -1
    outer loop
      vertex 11.1437 -14.1357 0
      vertex 9.04187 -11.4696 0
      vertex 9.48519 -11.1057 0
    endloop
  endfacet
  facet normal 0 0 -1
    outer loop
      vertex 7.63109 -12.4528 0
      vertex 9.40497 -15.3475 0
      vertex 8.79518 -15.7049 0
    endloop
  endfacet
  facet normal 0 0 -1
    outer loop
      vertex 10.5801 -14.5623 0
      vertex 8.5846 -11.8157 0
      vertex 9.04187 -11.4696 0
    endloop
  endfacet
  facet normal 0 0 -1
    outer loop
      vertex 7.13631 -12.7428 0
      vertex 8.79518 -15.7049 0
      vertex 8.17183 -16.0381 0
    endloop
  endfacet
  facet normal 0 0 -1
    outer loop
      vertex 10.0003 -14.9665 0
      vertex 8.1141 -12.1436 0
      vertex 8.5846 -11.8157 0
    endloop
  endfacet
  facet normal 0 0 -1
    outer loop
      vertex 9.40497 -15.3475 0
      vertex 7.63109 -12.4528 0
      vertex 8.1141 -12.1436 0
    endloop
  endfacet
  facet normal 0 0 -1
    outer loop
      vertex 6.63053 -13.0132 0
      vertex 8.17183 -16.0381 0
      vertex 7.53587 -16.3466 0
    endloop
  endfacet
  facet normal 0 0 -1
    outer loop
      vertex 8.79518 -15.7049 0
      vertex 7.13631 -12.7428 0
      vertex 7.63109 -12.4528 0
    endloop
  endfacet
  facet normal 0 0 -1
    outer loop
      vertex 6.11452 -13.2634 0
      vertex 7.53587 -16.3466 0
      vertex 6.8883 -16.6298 0
    endloop
  endfacet
  facet normal 0 0 -1
    outer loop
      vertex 8.17183 -16.0381 0
      vertex 6.63053 -13.0132 0
      vertex 7.13631 -12.7428 0
    endloop
  endfacet
  facet normal 0 0 -1
    outer loop
      vertex 5.58909 -13.4933 0
      vertex 6.8883 -16.6298 0
      vertex 6.23011 -16.8874 0
    endloop
  endfacet
  facet normal 0 0 -1
    outer loop
      vertex 7.53587 -16.3466 0
      vertex 6.11452 -13.2634 0
      vertex 6.63053 -13.0132 0
    endloop
  endfacet
  facet normal 0 0 -1
    outer loop
      vertex 6.8883 -16.6298 0
      vertex 5.58909 -13.4933 0
      vertex 6.11452 -13.2634 0
    endloop
  endfacet
  facet normal 0 0 -1
    outer loop
      vertex 5.05504 -13.7023 0
      vertex 6.23011 -16.8874 0
      vertex 5.56231 -17.119 0
    endloop
  endfacet
  facet normal 0 0 -1
    outer loop
      vertex 6.23011 -16.8874 0
      vertex 5.05504 -13.7023 0
      vertex 5.58909 -13.4933 0
    endloop
  endfacet
  facet normal 0 0 -1
    outer loop
      vertex 4.51319 -13.8902 0
      vertex 5.56231 -17.119 0
      vertex 4.88593 -17.3242 0
    endloop
  endfacet
  facet normal 0 0 -1
    outer loop
      vertex 5.56231 -17.119 0
      vertex 4.51319 -13.8902 0
      vertex 5.05504 -13.7023 0
    endloop
  endfacet
  facet normal 0 0 -1
    outer loop
      vertex 3.96439 -14.0567 0
      vertex 4.88593 -17.3242 0
      vertex 4.20202 -17.5027 0
    endloop
  endfacet
  facet normal 0 0 -1
    outer loop
      vertex 4.88593 -17.3242 0
      vertex 3.96439 -14.0567 0
      vertex 4.51319 -13.8902 0
    endloop
  endfacet
  facet normal 0 0 -1
    outer loop
      vertex 3.40947 -14.2015 0
      vertex 4.20202 -17.5027 0
      vertex 3.51163 -17.6541 0
    endloop
  endfacet
  facet normal 0 0 -1
    outer loop
      vertex 4.20202 -17.5027 0
      vertex 3.40947 -14.2015 0
      vertex 3.96439 -14.0567 0
    endloop
  endfacet
  facet normal 0 0 -1
    outer loop
      vertex 3.51163 -17.6541 0
      vertex 2.84929 -14.3244 0
      vertex 3.40947 -14.2015 0
    endloop
  endfacet
  facet normal 0 0 -1
    outer loop
      vertex 2.81582 -17.7784 0
      vertex 2.84929 -14.3244 0
      vertex 3.51163 -17.6541 0
    endloop
  endfacet
  facet normal 0 0 -1
    outer loop
      vertex 2.81582 -17.7784 0
      vertex 2.28473 -14.4252 0
      vertex 2.84929 -14.3244 0
    endloop
  endfacet
  facet normal 0 0 -1
    outer loop
      vertex 2.11567 -17.8752 0
      vertex 2.28473 -14.4252 0
      vertex 2.81582 -17.7784 0
    endloop
  endfacet
  facet normal 0 0 -1
    outer loop
      vertex 2.11567 -17.8752 0
      vertex 1.71663 -14.5038 0
      vertex 2.28473 -14.4252 0
    endloop
  endfacet
  facet normal 0 0 -1
    outer loop
      vertex 1.41226 -17.9445 0
      vertex 1.71663 -14.5038 0
      vertex 2.11567 -17.8752 0
    endloop
  endfacet
  facet normal 0 0 -1
    outer loop
      vertex 1.41226 -17.9445 0
      vertex 1.1459 -14.56 0
      vertex 1.71663 -14.5038 0
    endloop
  endfacet
  facet normal 0 0 -1
    outer loop
      vertex 0.706676 -17.9861 0
      vertex 1.1459 -14.56 0
      vertex 1.41226 -17.9445 0
    endloop
  endfacet
  facet normal 0 0 -1
    outer loop
      vertex 0.706676 -17.9861 0
      vertex 0.573389 -14.5937 0
      vertex 1.1459 -14.56 0
    endloop
  endfacet
  facet normal 0 0 -1
    outer loop
      vertex 0 -18 0
      vertex 0.573389 -14.5937 0
      vertex 0.706676 -17.9861 0
    endloop
  endfacet
  facet normal 0 0 -1
    outer loop
      vertex 0 -18 0
      vertex 0 -14.605 0
      vertex 0.573389 -14.5937 0
    endloop
  endfacet
  facet normal 0 0 -1
    outer loop
      vertex 0 -18 0
      vertex -0.573389 -14.5937 0
      vertex 0 -14.605 0
    endloop
  endfacet
  facet normal 0 0 -1
    outer loop
      vertex -0.706676 -17.9861 0
      vertex -0.573389 -14.5937 0
      vertex 0 -18 0
    endloop
  endfacet
  facet normal 0 0 -1
    outer loop
      vertex -0.706676 -17.9861 0
      vertex -1.1459 -14.56 0
      vertex -0.573389 -14.5937 0
    endloop
  endfacet
  facet normal 0 0 -1
    outer loop
      vertex -1.41226 -17.9445 0
      vertex -1.1459 -14.56 0
      vertex -0.706676 -17.9861 0
    endloop
  endfacet
  facet normal 0 0 -1
    outer loop
      vertex -1.41226 -17.9445 0
      vertex -1.71663 -14.5038 0
      vertex -1.1459 -14.56 0
    endloop
  endfacet
  facet normal 0 0 -1
    outer loop
      vertex -2.11567 -17.8752 0
      vertex -1.71663 -14.5038 0
      vertex -1.41226 -17.9445 0
    endloop
  endfacet
  facet normal 0 0 -1
    outer loop
      vertex -2.11567 -17.8752 0
      vertex -2.28473 -14.4252 0
      vertex -1.71663 -14.5038 0
    endloop
  endfacet
  facet normal 0 0 -1
    outer loop
      vertex -2.81582 -17.7784 0
      vertex -2.28473 -14.4252 0
      vertex -2.11567 -17.8752 0
    endloop
  endfacet
  facet normal 0 0 -1
    outer loop
      vertex -2.81582 -17.7784 0
      vertex -2.84929 -14.3244 0
      vertex -2.28473 -14.4252 0
    endloop
  endfacet
  facet normal 0 0 -1
    outer loop
      vertex -3.51163 -17.6541 0
      vertex -2.84929 -14.3244 0
      vertex -2.81582 -17.7784 0
    endloop
  endfacet
  facet normal -0 0 -1
    outer loop
      vertex -2.84929 -14.3244 0
      vertex -3.51163 -17.6541 0
      vertex -3.40947 -14.2015 0
    endloop
  endfacet
  facet normal 0 0 -1
    outer loop
      vertex -4.20202 -17.5027 0
      vertex -3.40947 -14.2015 0
      vertex -3.51163 -17.6541 0
    endloop
  endfacet
  facet normal -0 0 -1
    outer loop
      vertex -3.40947 -14.2015 0
      vertex -4.20202 -17.5027 0
      vertex -3.96439 -14.0567 0
    endloop
  endfacet
  facet normal 0 0 -1
    outer loop
      vertex -4.88593 -17.3242 0
      vertex -3.96439 -14.0567 0
      vertex -4.20202 -17.5027 0
    endloop
  endfacet
  facet normal -0 0 -1
    outer loop
      vertex -3.96439 -14.0567 0
      vertex -4.88593 -17.3242 0
      vertex -4.51319 -13.8902 0
    endloop
  endfacet
  facet normal 0 0 -1
    outer loop
      vertex -5.56231 -17.119 0
      vertex -4.51319 -13.8902 0
      vertex -4.88593 -17.3242 0
    endloop
  endfacet
  facet normal -0 0 -1
    outer loop
      vertex -4.51319 -13.8902 0
      vertex -5.56231 -17.119 0
      vertex -5.05504 -13.7023 0
    endloop
  endfacet
  facet normal 0 0 -1
    outer loop
      vertex -6.23011 -16.8874 0
      vertex -5.05504 -13.7023 0
      vertex -5.56231 -17.119 0
    endloop
  endfacet
  facet normal -0 0 -1
    outer loop
      vertex -5.05504 -13.7023 0
      vertex -6.23011 -16.8874 0
      vertex -5.58909 -13.4933 0
    endloop
  endfacet
  facet normal 0 0 -1
    outer loop
      vertex -6.8883 -16.6298 0
      vertex -5.58909 -13.4933 0
      vertex -6.23011 -16.8874 0
    endloop
  endfacet
  facet normal -0 0 -1
    outer loop
      vertex -5.58909 -13.4933 0
      vertex -6.8883 -16.6298 0
      vertex -6.11452 -13.2634 0
    endloop
  endfacet
  facet normal 0 0 -1
    outer loop
      vertex -7.53587 -16.3466 0
      vertex -6.11452 -13.2634 0
      vertex -6.8883 -16.6298 0
    endloop
  endfacet
  facet normal -0 0 -1
    outer loop
      vertex -6.11452 -13.2634 0
      vertex -7.53587 -16.3466 0
      vertex -6.63053 -13.0132 0
    endloop
  endfacet
  facet normal 0 0 -1
    outer loop
      vertex -8.17183 -16.0381 0
      vertex -6.63053 -13.0132 0
      vertex -7.53587 -16.3466 0
    endloop
  endfacet
  facet normal -0 0 -1
    outer loop
      vertex -6.63053 -13.0132 0
      vertex -8.17183 -16.0381 0
      vertex -7.13631 -12.7428 0
    endloop
  endfacet
  facet normal 0 0 -1
    outer loop
      vertex -8.79518 -15.7049 0
      vertex -7.13631 -12.7428 0
      vertex -8.17183 -16.0381 0
    endloop
  endfacet
  facet normal -0 0 -1
    outer loop
      vertex -7.13631 -12.7428 0
      vertex -8.79518 -15.7049 0
      vertex -7.63109 -12.4528 0
    endloop
  endfacet
  facet normal 0 0 -1
    outer loop
      vertex -9.40497 -15.3475 0
      vertex -7.63109 -12.4528 0
      vertex -8.79518 -15.7049 0
    endloop
  endfacet
  facet normal -0 0 -1
    outer loop
      vertex -7.63109 -12.4528 0
      vertex -9.40497 -15.3475 0
      vertex -8.1141 -12.1436 0
    endloop
  endfacet
  facet normal 0 0 -1
    outer loop
      vertex -10.0003 -14.9665 0
      vertex -8.1141 -12.1436 0
      vertex -9.40497 -15.3475 0
    endloop
  endfacet
  facet normal -0 0 -1
    outer loop
      vertex -8.1141 -12.1436 0
      vertex -10.0003 -14.9665 0
      vertex -8.5846 -11.8157 0
    endloop
  endfacet
  facet normal 0 0 -1
    outer loop
      vertex -10.5801 -14.5623 0
      vertex -8.5846 -11.8157 0
      vertex -10.0003 -14.9665 0
    endloop
  endfacet
  facet normal -0 0 -1
    outer loop
      vertex -8.5846 -11.8157 0
      vertex -10.5801 -14.5623 0
      vertex -9.04187 -11.4696 0
    endloop
  endfacet
  facet normal 0 0 -1
    outer loop
      vertex -11.1437 -14.1357 0
      vertex -9.04187 -11.4696 0
      vertex -10.5801 -14.5623 0
    endloop
  endfacet
  facet normal -0 0 -1
    outer loop
      vertex -9.04187 -11.4696 0
      vertex -11.1437 -14.1357 0
      vertex -9.48519 -11.1057 0
    endloop
  endfacet
  facet normal 0 0 -1
    outer loop
      vertex -11.6901 -13.6873 0
      vertex -9.48519 -11.1057 0
      vertex -11.1437 -14.1357 0
    endloop
  endfacet
  facet normal -0 0 -1
    outer loop
      vertex -9.48519 -11.1057 0
      vertex -11.6901 -13.6873 0
      vertex -9.91388 -10.7248 0
    endloop
  endfacet
  facet normal 0 0 -1
    outer loop
      vertex -12.2184 -13.2178 0
      vertex -9.91388 -10.7248 0
      vertex -11.6901 -13.6873 0
    endloop
  endfacet
  facet normal -0 0 -1
    outer loop
      vertex -9.91388 -10.7248 0
      vertex -12.2184 -13.2178 0
      vertex -10.3273 -10.3273 0
    endloop
  endfacet
  facet normal 0 0 -1
    outer loop
      vertex -12.7279 -12.7279 0
      vertex -10.3273 -10.3273 0
      vertex -12.2184 -13.2178 0
    endloop
  endfacet
  facet normal -0 0 -1
    outer loop
      vertex -10.3273 -10.3273 0
      vertex -12.7279 -12.7279 0
      vertex -10.7248 -9.91388 0
    endloop
  endfacet
  facet normal 0 0 -1
    outer loop
      vertex -13.2178 -12.2184 0
      vertex -10.7248 -9.91388 0
      vertex -12.7279 -12.7279 0
    endloop
  endfacet
  facet normal -0 0 -1
    outer loop
      vertex -10.7248 -9.91388 0
      vertex -13.2178 -12.2184 0
      vertex -11.1057 -9.48519 0
    endloop
  endfacet
  facet normal 0 0 -1
    outer loop
      vertex -13.6873 -11.6901 0
      vertex -11.1057 -9.48519 0
      vertex -13.2178 -12.2184 0
    endloop
  endfacet
  facet normal -0 0 -1
    outer loop
      vertex -11.1057 -9.48519 0
      vertex -13.6873 -11.6901 0
      vertex -11.4696 -9.04187 0
    endloop
  endfacet
  facet normal 0 0 -1
    outer loop
      vertex -14.1357 -11.1437 0
      vertex -11.4696 -9.04187 0
      vertex -13.6873 -11.6901 0
    endloop
  endfacet
  facet normal -0 0 -1
    outer loop
      vertex -11.4696 -9.04187 0
      vertex -14.1357 -11.1437 0
      vertex -11.8157 -8.5846 0
    endloop
  endfacet
  facet normal 0 0 -1
    outer loop
      vertex -14.5623 -10.5801 0
      vertex -11.8157 -8.5846 0
      vertex -14.1357 -11.1437 0
    endloop
  endfacet
  facet normal -0 0 -1
    outer loop
      vertex -11.8157 -8.5846 0
      vertex -14.5623 -10.5801 0
      vertex -12.1436 -8.1141 0
    endloop
  endfacet
  facet normal 0 0 -1
    outer loop
      vertex -14.9665 -10.0003 0
      vertex -12.1436 -8.1141 0
      vertex -14.5623 -10.5801 0
    endloop
  endfacet
  facet normal -0 0 -1
    outer loop
      vertex -12.1436 -8.1141 0
      vertex -14.9665 -10.0003 0
      vertex -12.4528 -7.63109 0
    endloop
  endfacet
  facet normal 0 0 -1
    outer loop
      vertex -15.3475 -9.40497 0
      vertex -12.4528 -7.63109 0
      vertex -14.9665 -10.0003 0
    endloop
  endfacet
  facet normal -0 0 -1
    outer loop
      vertex -12.4528 -7.63109 0
      vertex -15.3475 -9.40497 0
      vertex -12.7428 -7.13631 0
    endloop
  endfacet
  facet normal 0 0 -1
    outer loop
      vertex -15.7049 -8.79518 0
      vertex -12.7428 -7.13631 0
      vertex -15.3475 -9.40497 0
    endloop
  endfacet
  facet normal -0 0 -1
    outer loop
      vertex -12.7428 -7.13631 0
      vertex -15.7049 -8.79518 0
      vertex -13.0132 -6.63053 0
    endloop
  endfacet
  facet normal 0 0 -1
    outer loop
      vertex -16.0381 -8.17183 0
      vertex -13.0132 -6.63053 0
      vertex -15.7049 -8.79518 0
    endloop
  endfacet
  facet normal -0 0 -1
    outer loop
      vertex -13.0132 -6.63053 0
      vertex -16.0381 -8.17183 0
      vertex -13.2634 -6.11452 0
    endloop
  endfacet
  facet normal 0 0 -1
    outer loop
      vertex -16.3466 -7.53587 0
      vertex -13.2634 -6.11452 0
      vertex -16.0381 -8.17183 0
    endloop
  endfacet
  facet normal -0 0 -1
    outer loop
      vertex -13.2634 -6.11452 0
      vertex -16.3466 -7.53587 0
      vertex -13.4933 -5.58909 0
    endloop
  endfacet
  facet normal 0 0 -1
    outer loop
      vertex -16.6298 -6.8883 0
      vertex -13.4933 -5.58909 0
      vertex -16.3466 -7.53587 0
    endloop
  endfacet
  facet normal -0 0 -1
    outer loop
      vertex -13.4933 -5.58909 0
      vertex -16.6298 -6.8883 0
      vertex -13.7023 -5.05504 0
    endloop
  endfacet
  facet normal 0 0 -1
    outer loop
      vertex -16.8874 -6.23011 0
      vertex -13.7023 -5.05504 0
      vertex -16.6298 -6.8883 0
    endloop
  endfacet
  facet normal -0 0 -1
    outer loop
      vertex -13.7023 -5.05504 0
      vertex -16.8874 -6.23011 0
      vertex -13.8902 -4.51319 0
    endloop
  endfacet
  facet normal 0 0 -1
    outer loop
      vertex -17.119 -5.56231 0
      vertex -13.8902 -4.51319 0
      vertex -16.8874 -6.23011 0
    endloop
  endfacet
  facet normal -0 0 -1
    outer loop
      vertex -13.8902 -4.51319 0
      vertex -17.119 -5.56231 0
      vertex -14.0567 -3.96439 0
    endloop
  endfacet
  facet normal 0 0 -1
    outer loop
      vertex 13.8902 4.51319 0
      vertex 17.119 5.56231 0
      vertex 14.0567 3.96439 0
    endloop
  endfacet
  facet normal -0 0 -1
    outer loop
      vertex 17.119 5.56231 0
      vertex 13.8902 4.51319 0
      vertex 16.8874 6.23011 0
    endloop
  endfacet
  facet normal 0 0 -1
    outer loop
      vertex 13.7023 5.05504 0
      vertex 16.8874 6.23011 0
      vertex 13.8902 4.51319 0
    endloop
  endfacet
  facet normal -0 0 -1
    outer loop
      vertex 16.8874 6.23011 0
      vertex 13.7023 5.05504 0
      vertex 16.6298 6.8883 0
    endloop
  endfacet
  facet normal 0 0 -1
    outer loop
      vertex 13.4933 5.58909 0
      vertex 16.6298 6.8883 0
      vertex 13.7023 5.05504 0
    endloop
  endfacet
  facet normal -0 0 -1
    outer loop
      vertex 16.6298 6.8883 0
      vertex 13.4933 5.58909 0
      vertex 16.3466 7.53587 0
    endloop
  endfacet
  facet normal 0 0 -1
    outer loop
      vertex 13.2634 6.11452 0
      vertex 16.3466 7.53587 0
      vertex 13.4933 5.58909 0
    endloop
  endfacet
  facet normal -0 0 -1
    outer loop
      vertex 16.3466 7.53587 0
      vertex 13.2634 6.11452 0
      vertex 16.0381 8.17183 0
    endloop
  endfacet
  facet normal 0 0 -1
    outer loop
      vertex 13.0132 6.63053 0
      vertex 16.0381 8.17183 0
      vertex 13.2634 6.11452 0
    endloop
  endfacet
  facet normal -0 0 -1
    outer loop
      vertex 16.0381 8.17183 0
      vertex 13.0132 6.63053 0
      vertex 15.7049 8.79518 0
    endloop
  endfacet
  facet normal 0 0 -1
    outer loop
      vertex 12.7428 7.13631 0
      vertex 15.7049 8.79518 0
      vertex 13.0132 6.63053 0
    endloop
  endfacet
  facet normal -0 0 -1
    outer loop
      vertex 15.7049 8.79518 0
      vertex 12.7428 7.13631 0
      vertex 15.3475 9.40497 0
    endloop
  endfacet
  facet normal 0 0 -1
    outer loop
      vertex 12.4528 7.63109 0
      vertex 15.3475 9.40497 0
      vertex 12.7428 7.13631 0
    endloop
  endfacet
  facet normal -0 0 -1
    outer loop
      vertex 15.3475 9.40497 0
      vertex 12.4528 7.63109 0
      vertex 14.9665 10.0003 0
    endloop
  endfacet
  facet normal 0 0 -1
    outer loop
      vertex 12.1436 8.1141 0
      vertex 14.9665 10.0003 0
      vertex 12.4528 7.63109 0
    endloop
  endfacet
  facet normal -0 0 -1
    outer loop
      vertex 14.9665 10.0003 0
      vertex 12.1436 8.1141 0
      vertex 14.5623 10.5801 0
    endloop
  endfacet
  facet normal 0 0 -1
    outer loop
      vertex 11.8157 8.5846 0
      vertex 14.5623 10.5801 0
      vertex 12.1436 8.1141 0
    endloop
  endfacet
  facet normal -0 0 -1
    outer loop
      vertex 14.5623 10.5801 0
      vertex 11.8157 8.5846 0
      vertex 14.1357 11.1437 0
    endloop
  endfacet
  facet normal 0 0 -1
    outer loop
      vertex 11.4696 9.04187 0
      vertex 14.1357 11.1437 0
      vertex 11.8157 8.5846 0
    endloop
  endfacet
  facet normal -0 0 -1
    outer loop
      vertex 14.1357 11.1437 0
      vertex 11.4696 9.04187 0
      vertex 13.6873 11.6901 0
    endloop
  endfacet
  facet normal 0 0 -1
    outer loop
      vertex 11.1057 9.48519 0
      vertex 13.6873 11.6901 0
      vertex 11.4696 9.04187 0
    endloop
  endfacet
  facet normal -0 0 -1
    outer loop
      vertex 13.6873 11.6901 0
      vertex 11.1057 9.48519 0
      vertex 13.2178 12.2184 0
    endloop
  endfacet
  facet normal 0 0 -1
    outer loop
      vertex 10.7248 9.91388 0
      vertex 13.2178 12.2184 0
      vertex 11.1057 9.48519 0
    endloop
  endfacet
  facet normal -0 0 -1
    outer loop
      vertex 13.2178 12.2184 0
      vertex 10.7248 9.91388 0
      vertex 12.7279 12.7279 0
    endloop
  endfacet
  facet normal 0 0 -1
    outer loop
      vertex 10.3273 10.3273 0
      vertex 12.7279 12.7279 0
      vertex 10.7248 9.91388 0
    endloop
  endfacet
  facet normal -0 0 -1
    outer loop
      vertex 12.7279 12.7279 0
      vertex 10.3273 10.3273 0
      vertex 12.2184 13.2178 0
    endloop
  endfacet
  facet normal 0 0 -1
    outer loop
      vertex 9.91388 10.7248 0
      vertex 12.2184 13.2178 0
      vertex 10.3273 10.3273 0
    endloop
  endfacet
  facet normal -0 0 -1
    outer loop
      vertex 12.2184 13.2178 0
      vertex 9.91388 10.7248 0
      vertex 11.6901 13.6873 0
    endloop
  endfacet
  facet normal 0 0 -1
    outer loop
      vertex 9.48519 11.1057 0
      vertex 11.6901 13.6873 0
      vertex 9.91388 10.7248 0
    endloop
  endfacet
  facet normal -0 0 -1
    outer loop
      vertex 11.6901 13.6873 0
      vertex 9.48519 11.1057 0
      vertex 11.1437 14.1357 0
    endloop
  endfacet
  facet normal 0 0 -1
    outer loop
      vertex 9.04187 11.4696 0
      vertex 11.1437 14.1357 0
      vertex 9.48519 11.1057 0
    endloop
  endfacet
  facet normal -0 0 -1
    outer loop
      vertex 11.1437 14.1357 0
      vertex 9.04187 11.4696 0
      vertex 10.5801 14.5623 0
    endloop
  endfacet
  facet normal 0 0 -1
    outer loop
      vertex 8.5846 11.8157 0
      vertex 10.5801 14.5623 0
      vertex 9.04187 11.4696 0
    endloop
  endfacet
  facet normal -0 0 -1
    outer loop
      vertex 10.5801 14.5623 0
      vertex 8.5846 11.8157 0
      vertex 10.0003 14.9665 0
    endloop
  endfacet
  facet normal 0 0 -1
    outer loop
      vertex 8.1141 12.1436 0
      vertex 10.0003 14.9665 0
      vertex 8.5846 11.8157 0
    endloop
  endfacet
  facet normal -0 0 -1
    outer loop
      vertex 10.0003 14.9665 0
      vertex 8.1141 12.1436 0
      vertex 9.40497 15.3475 0
    endloop
  endfacet
  facet normal 0 0 -1
    outer loop
      vertex 7.63109 12.4528 0
      vertex 9.40497 15.3475 0
      vertex 8.1141 12.1436 0
    endloop
  endfacet
  facet normal -0 0 -1
    outer loop
      vertex 9.40497 15.3475 0
      vertex 7.63109 12.4528 0
      vertex 8.79518 15.7049 0
    endloop
  endfacet
  facet normal 0 0 -1
    outer loop
      vertex 7.13631 12.7428 0
      vertex 8.79518 15.7049 0
      vertex 7.63109 12.4528 0
    endloop
  endfacet
  facet normal -0 0 -1
    outer loop
      vertex 8.79518 15.7049 0
      vertex 7.13631 12.7428 0
      vertex 8.17183 16.0381 0
    endloop
  endfacet
  facet normal 0 0 -1
    outer loop
      vertex 6.63053 13.0132 0
      vertex 8.17183 16.0381 0
      vertex 7.13631 12.7428 0
    endloop
  endfacet
  facet normal -0 0 -1
    outer loop
      vertex 8.17183 16.0381 0
      vertex 6.63053 13.0132 0
      vertex 7.53587 16.3466 0
    endloop
  endfacet
  facet normal 0 0 -1
    outer loop
      vertex 6.11452 13.2634 0
      vertex 7.53587 16.3466 0
      vertex 6.63053 13.0132 0
    endloop
  endfacet
  facet normal -0 0 -1
    outer loop
      vertex 7.53587 16.3466 0
      vertex 6.11452 13.2634 0
      vertex 6.8883 16.6298 0
    endloop
  endfacet
  facet normal 0 0 -1
    outer loop
      vertex 5.58909 13.4933 0
      vertex 6.8883 16.6298 0
      vertex 6.11452 13.2634 0
    endloop
  endfacet
  facet normal -0 0 -1
    outer loop
      vertex 6.8883 16.6298 0
      vertex 5.58909 13.4933 0
      vertex 6.23011 16.8874 0
    endloop
  endfacet
  facet normal 0 0 -1
    outer loop
      vertex 5.05504 13.7023 0
      vertex 6.23011 16.8874 0
      vertex 5.58909 13.4933 0
    endloop
  endfacet
  facet normal -0 0 -1
    outer loop
      vertex 6.23011 16.8874 0
      vertex 5.05504 13.7023 0
      vertex 5.56231 17.119 0
    endloop
  endfacet
  facet normal 0 0 -1
    outer loop
      vertex 4.51319 13.8902 0
      vertex 5.56231 17.119 0
      vertex 5.05504 13.7023 0
    endloop
  endfacet
  facet normal -0 0 -1
    outer loop
      vertex 5.56231 17.119 0
      vertex 4.51319 13.8902 0
      vertex 4.88593 17.3242 0
    endloop
  endfacet
  facet normal 0 0 -1
    outer loop
      vertex 3.96439 14.0567 0
      vertex 4.88593 17.3242 0
      vertex 4.51319 13.8902 0
    endloop
  endfacet
  facet normal -0 0 -1
    outer loop
      vertex 4.88593 17.3242 0
      vertex 3.96439 14.0567 0
      vertex 4.20202 17.5027 0
    endloop
  endfacet
  facet normal 0 0 -1
    outer loop
      vertex 3.40947 14.2015 0
      vertex 4.20202 17.5027 0
      vertex 3.96439 14.0567 0
    endloop
  endfacet
  facet normal -0 0 -1
    outer loop
      vertex 4.20202 17.5027 0
      vertex 3.40947 14.2015 0
      vertex 3.51163 17.6541 0
    endloop
  endfacet
  facet normal 0 0 -1
    outer loop
      vertex 2.84929 14.3244 0
      vertex 3.51163 17.6541 0
      vertex 3.40947 14.2015 0
    endloop
  endfacet
  facet normal 0 0 -1
    outer loop
      vertex 2.84929 14.3244 0
      vertex 2.81582 17.7784 0
      vertex 3.51163 17.6541 0
    endloop
  endfacet
  facet normal 0 0 -1
    outer loop
      vertex 2.28473 14.4252 0
      vertex 2.81582 17.7784 0
      vertex 2.84929 14.3244 0
    endloop
  endfacet
  facet normal 0 0 -1
    outer loop
      vertex 2.28473 14.4252 0
      vertex 2.11567 17.8752 0
      vertex 2.81582 17.7784 0
    endloop
  endfacet
  facet normal 0 0 -1
    outer loop
      vertex 1.71663 14.5038 0
      vertex 2.11567 17.8752 0
      vertex 2.28473 14.4252 0
    endloop
  endfacet
  facet normal 0 0 -1
    outer loop
      vertex 1.71663 14.5038 0
      vertex 1.41226 17.9445 0
      vertex 2.11567 17.8752 0
    endloop
  endfacet
  facet normal 0 0 -1
    outer loop
      vertex 1.1459 14.56 0
      vertex 1.41226 17.9445 0
      vertex 1.71663 14.5038 0
    endloop
  endfacet
  facet normal 0 0 -1
    outer loop
      vertex 1.1459 14.56 0
      vertex 0.706676 17.9861 0
      vertex 1.41226 17.9445 0
    endloop
  endfacet
  facet normal 0 0 -1
    outer loop
      vertex 0.573389 14.5937 0
      vertex 0.706676 17.9861 0
      vertex 1.1459 14.56 0
    endloop
  endfacet
  facet normal 0 0 -1
    outer loop
      vertex 0 14.605 0
      vertex 0.706676 17.9861 0
      vertex 0.573389 14.5937 0
    endloop
  endfacet
  facet normal 0 0 -1
    outer loop
      vertex 0 14.605 0
      vertex 0 18 0
      vertex 0.706676 17.9861 0
    endloop
  endfacet
  facet normal 0 0 -1
    outer loop
      vertex -0.573389 14.5937 0
      vertex 0 18 0
      vertex 0 14.605 0
    endloop
  endfacet
  facet normal 0 0 -1
    outer loop
      vertex -0.573389 14.5937 0
      vertex -0.706676 17.9861 0
      vertex 0 18 0
    endloop
  endfacet
  facet normal 0 0 -1
    outer loop
      vertex -1.1459 14.56 0
      vertex -0.706676 17.9861 0
      vertex -0.573389 14.5937 0
    endloop
  endfacet
  facet normal 0 0 -1
    outer loop
      vertex -1.1459 14.56 0
      vertex -1.41226 17.9445 0
      vertex -0.706676 17.9861 0
    endloop
  endfacet
  facet normal 0 0 -1
    outer loop
      vertex -1.71663 14.5038 0
      vertex -1.41226 17.9445 0
      vertex -1.1459 14.56 0
    endloop
  endfacet
  facet normal 0 0 -1
    outer loop
      vertex -1.71663 14.5038 0
      vertex -2.11567 17.8752 0
      vertex -1.41226 17.9445 0
    endloop
  endfacet
  facet normal 0 0 -1
    outer loop
      vertex -2.28473 14.4252 0
      vertex -2.11567 17.8752 0
      vertex -1.71663 14.5038 0
    endloop
  endfacet
  facet normal 0 0 -1
    outer loop
      vertex -2.28473 14.4252 0
      vertex -2.81582 17.7784 0
      vertex -2.11567 17.8752 0
    endloop
  endfacet
  facet normal 0 0 -1
    outer loop
      vertex -2.84929 14.3244 0
      vertex -2.81582 17.7784 0
      vertex -2.28473 14.4252 0
    endloop
  endfacet
  facet normal 0 0 -1
    outer loop
      vertex -3.51163 17.6541 0
      vertex -2.84929 14.3244 0
      vertex -3.40947 14.2015 0
    endloop
  endfacet
  facet normal 0 0 -1
    outer loop
      vertex -2.84929 14.3244 0
      vertex -3.51163 17.6541 0
      vertex -2.81582 17.7784 0
    endloop
  endfacet
  facet normal 0 0 -1
    outer loop
      vertex -4.20202 17.5027 0
      vertex -3.40947 14.2015 0
      vertex -3.96439 14.0567 0
    endloop
  endfacet
  facet normal 0 0 -1
    outer loop
      vertex -3.40947 14.2015 0
      vertex -4.20202 17.5027 0
      vertex -3.51163 17.6541 0
    endloop
  endfacet
  facet normal 0 0 -1
    outer loop
      vertex -4.88593 17.3242 0
      vertex -3.96439 14.0567 0
      vertex -4.51319 13.8902 0
    endloop
  endfacet
  facet normal 0 0 -1
    outer loop
      vertex -3.96439 14.0567 0
      vertex -4.88593 17.3242 0
      vertex -4.20202 17.5027 0
    endloop
  endfacet
  facet normal 0 0 -1
    outer loop
      vertex -5.56231 17.119 0
      vertex -4.51319 13.8902 0
      vertex -5.05504 13.7023 0
    endloop
  endfacet
  facet normal 0 0 -1
    outer loop
      vertex -4.51319 13.8902 0
      vertex -5.56231 17.119 0
      vertex -4.88593 17.3242 0
    endloop
  endfacet
  facet normal 0 0 -1
    outer loop
      vertex -6.23011 16.8874 0
      vertex -5.05504 13.7023 0
      vertex -5.58909 13.4933 0
    endloop
  endfacet
  facet normal 0 0 -1
    outer loop
      vertex -6.8883 16.6298 0
      vertex -5.58909 13.4933 0
      vertex -6.11452 13.2634 0
    endloop
  endfacet
  facet normal 0 0 -1
    outer loop
      vertex -5.05504 13.7023 0
      vertex -6.23011 16.8874 0
      vertex -5.56231 17.119 0
    endloop
  endfacet
  facet normal 0 0 -1
    outer loop
      vertex -7.53587 16.3466 0
      vertex -6.11452 13.2634 0
      vertex -6.63053 13.0132 0
    endloop
  endfacet
  facet normal 0 0 -1
    outer loop
      vertex -5.58909 13.4933 0
      vertex -6.8883 16.6298 0
      vertex -6.23011 16.8874 0
    endloop
  endfacet
  facet normal 0 0 -1
    outer loop
      vertex -8.17183 16.0381 0
      vertex -6.63053 13.0132 0
      vertex -7.13631 12.7428 0
    endloop
  endfacet
  facet normal 0 0 -1
    outer loop
      vertex -6.11452 13.2634 0
      vertex -7.53587 16.3466 0
      vertex -6.8883 16.6298 0
    endloop
  endfacet
  facet normal 0 0 -1
    outer loop
      vertex -8.79518 15.7049 0
      vertex -7.13631 12.7428 0
      vertex -7.63109 12.4528 0
    endloop
  endfacet
  facet normal 0 0 -1
    outer loop
      vertex -9.40497 15.3475 0
      vertex -7.63109 12.4528 0
      vertex -8.1141 12.1436 0
    endloop
  endfacet
  facet normal 0 0 -1
    outer loop
      vertex -6.63053 13.0132 0
      vertex -8.17183 16.0381 0
      vertex -7.53587 16.3466 0
    endloop
  endfacet
  facet normal 0 0 -1
    outer loop
      vertex -10.0003 14.9665 0
      vertex -8.1141 12.1436 0
      vertex -8.5846 11.8157 0
    endloop
  endfacet
  facet normal 0 0 -1
    outer loop
      vertex -7.13631 12.7428 0
      vertex -8.79518 15.7049 0
      vertex -8.17183 16.0381 0
    endloop
  endfacet
  facet normal 0 0 -1
    outer loop
      vertex -10.5801 14.5623 0
      vertex -8.5846 11.8157 0
      vertex -9.04187 11.4696 0
    endloop
  endfacet
  facet normal 0 0 -1
    outer loop
      vertex -7.63109 12.4528 0
      vertex -9.40497 15.3475 0
      vertex -8.79518 15.7049 0
    endloop
  endfacet
  facet normal 0 0 -1
    outer loop
      vertex -11.1437 14.1357 0
      vertex -9.04187 11.4696 0
      vertex -9.48519 11.1057 0
    endloop
  endfacet
  facet normal 0 0 -1
    outer loop
      vertex -11.6901 13.6873 0
      vertex -9.48519 11.1057 0
      vertex -9.91388 10.7248 0
    endloop
  endfacet
  facet normal 0 0 -1
    outer loop
      vertex -8.1141 12.1436 0
      vertex -10.0003 14.9665 0
      vertex -9.40497 15.3475 0
    endloop
  endfacet
  facet normal 0 0 -1
    outer loop
      vertex -12.2184 13.2178 0
      vertex -9.91388 10.7248 0
      vertex -10.3273 10.3273 0
    endloop
  endfacet
  facet normal 0 0 -1
    outer loop
      vertex -8.5846 11.8157 0
      vertex -10.5801 14.5623 0
      vertex -10.0003 14.9665 0
    endloop
  endfacet
  facet normal 0 0 -1
    outer loop
      vertex -12.7279 12.7279 0
      vertex -10.3273 10.3273 0
      vertex -10.7248 9.91388 0
    endloop
  endfacet
  facet normal 0 0 -1
    outer loop
      vertex -13.2178 12.2184 0
      vertex -10.7248 9.91388 0
      vertex -11.1057 9.48519 0
    endloop
  endfacet
  facet normal 0 0 -1
    outer loop
      vertex -9.04187 11.4696 0
      vertex -11.1437 14.1357 0
      vertex -10.5801 14.5623 0
    endloop
  endfacet
  facet normal 0 0 -1
    outer loop
      vertex -13.6873 11.6901 0
      vertex -11.1057 9.48519 0
      vertex -11.4696 9.04187 0
    endloop
  endfacet
  facet normal 0 0 -1
    outer loop
      vertex -9.48519 11.1057 0
      vertex -11.6901 13.6873 0
      vertex -11.1437 14.1357 0
    endloop
  endfacet
  facet normal 0 0 -1
    outer loop
      vertex -14.1357 11.1437 0
      vertex -11.4696 9.04187 0
      vertex -11.8157 8.5846 0
    endloop
  endfacet
  facet normal 0 0 -1
    outer loop
      vertex -14.5623 10.5801 0
      vertex -11.8157 8.5846 0
      vertex -12.1436 8.1141 0
    endloop
  endfacet
  facet normal 0 0 -1
    outer loop
      vertex -9.91388 10.7248 0
      vertex -12.2184 13.2178 0
      vertex -11.6901 13.6873 0
    endloop
  endfacet
  facet normal 0 0 -1
    outer loop
      vertex -14.9665 10.0003 0
      vertex -12.1436 8.1141 0
      vertex -12.4528 7.63109 0
    endloop
  endfacet
  facet normal 0 0 -1
    outer loop
      vertex -10.3273 10.3273 0
      vertex -12.7279 12.7279 0
      vertex -12.2184 13.2178 0
    endloop
  endfacet
  facet normal 0 0 -1
    outer loop
      vertex -15.3475 9.40497 0
      vertex -12.4528 7.63109 0
      vertex -12.7428 7.13631 0
    endloop
  endfacet
  facet normal 0 0 -1
    outer loop
      vertex -15.7049 8.79518 0
      vertex -12.7428 7.13631 0
      vertex -13.0132 6.63053 0
    endloop
  endfacet
  facet normal 0 0 -1
    outer loop
      vertex -10.7248 9.91388 0
      vertex -13.2178 12.2184 0
      vertex -12.7279 12.7279 0
    endloop
  endfacet
  facet normal 0 0 -1
    outer loop
      vertex -16.0381 8.17183 0
      vertex -13.0132 6.63053 0
      vertex -13.2634 6.11452 0
    endloop
  endfacet
  facet normal 0 0 -1
    outer loop
      vertex -16.3466 7.53587 0
      vertex -13.2634 6.11452 0
      vertex -13.4933 5.58909 0
    endloop
  endfacet
  facet normal 0 0 -1
    outer loop
      vertex -11.1057 9.48519 0
      vertex -13.6873 11.6901 0
      vertex -13.2178 12.2184 0
    endloop
  endfacet
  facet normal 0 0 -1
    outer loop
      vertex -16.6298 6.8883 0
      vertex -13.4933 5.58909 0
      vertex -13.7023 5.05504 0
    endloop
  endfacet
  facet normal 0 0 -1
    outer loop
      vertex -16.8874 6.23011 0
      vertex -13.7023 5.05504 0
      vertex -13.8902 4.51319 0
    endloop
  endfacet
  facet normal 0 0 -1
    outer loop
      vertex -17.119 5.56231 0
      vertex -13.8902 4.51319 0
      vertex -14.0567 3.96439 0
    endloop
  endfacet
  facet normal 0 0 -1
    outer loop
      vertex -11.4696 9.04187 0
      vertex -14.1357 11.1437 0
      vertex -13.6873 11.6901 0
    endloop
  endfacet
  facet normal 0 0 -1
    outer loop
      vertex -17.3242 4.88593 0
      vertex -14.0567 3.96439 0
      vertex -14.2015 3.40947 0
    endloop
  endfacet
  facet normal 0 0 -1
    outer loop
      vertex -17.5027 4.20202 0
      vertex -14.2015 3.40947 0
      vertex -14.3244 2.84929 0
    endloop
  endfacet
  facet normal 0 0 -1
    outer loop
      vertex -17.6541 3.51163 0
      vertex -14.3244 2.84929 0
      vertex -14.4252 2.28473 0
    endloop
  endfacet
  facet normal 0 0 -1
    outer loop
      vertex -17.7784 2.81582 0
      vertex -14.4252 2.28473 0
      vertex -14.5038 1.71663 0
    endloop
  endfacet
  facet normal 0 0 -1
    outer loop
      vertex -17.8752 2.11567 0
      vertex -14.5038 1.71663 0
      vertex -14.56 1.1459 0
    endloop
  endfacet
  facet normal 0 0 -1
    outer loop
      vertex -11.8157 8.5846 0
      vertex -14.5623 10.5801 0
      vertex -14.1357 11.1437 0
    endloop
  endfacet
  facet normal 0 0 -1
    outer loop
      vertex -17.9445 1.41226 0
      vertex -14.56 1.1459 0
      vertex -14.5937 0.573389 0
    endloop
  endfacet
  facet normal 0 0 -1
    outer loop
      vertex -17.9861 0.706676 0
      vertex -14.5937 0.573389 0
      vertex -14.605 0 0
    endloop
  endfacet
  facet normal 0 0 -1
    outer loop
      vertex -17.3242 -4.88593 0
      vertex -14.0567 -3.96439 0
      vertex -17.119 -5.56231 0
    endloop
  endfacet
  facet normal 0 0 -1
    outer loop
      vertex -12.1436 8.1141 0
      vertex -14.9665 10.0003 0
      vertex -14.5623 10.5801 0
    endloop
  endfacet
  facet normal -0 0 -1
    outer loop
      vertex -14.0567 -3.96439 0
      vertex -17.3242 -4.88593 0
      vertex -14.2015 -3.40947 0
    endloop
  endfacet
  facet normal 0 0 -1
    outer loop
      vertex -12.4528 7.63109 0
      vertex -15.3475 9.40497 0
      vertex -14.9665 10.0003 0
    endloop
  endfacet
  facet normal 0 0 -1
    outer loop
      vertex -17.5027 -4.20202 0
      vertex -14.2015 -3.40947 0
      vertex -17.3242 -4.88593 0
    endloop
  endfacet
  facet normal 0 0 -1
    outer loop
      vertex -12.7428 7.13631 0
      vertex -15.7049 8.79518 0
      vertex -15.3475 9.40497 0
    endloop
  endfacet
  facet normal -0 0 -1
    outer loop
      vertex -14.2015 -3.40947 0
      vertex -17.5027 -4.20202 0
      vertex -14.3244 -2.84929 0
    endloop
  endfacet
  facet normal 0 0 -1
    outer loop
      vertex -13.0132 6.63053 0
      vertex -16.0381 8.17183 0
      vertex -15.7049 8.79518 0
    endloop
  endfacet
  facet normal 0 0 -1
    outer loop
      vertex -17.6541 -3.51163 0
      vertex -14.3244 -2.84929 0
      vertex -17.5027 -4.20202 0
    endloop
  endfacet
  facet normal 0 0 -1
    outer loop
      vertex -13.2634 6.11452 0
      vertex -16.3466 7.53587 0
      vertex -16.0381 8.17183 0
    endloop
  endfacet
  facet normal -0 0 -1
    outer loop
      vertex -14.3244 -2.84929 0
      vertex -17.6541 -3.51163 0
      vertex -14.4252 -2.28473 0
    endloop
  endfacet
  facet normal 0 0 -1
    outer loop
      vertex -13.4933 5.58909 0
      vertex -16.6298 6.8883 0
      vertex -16.3466 7.53587 0
    endloop
  endfacet
  facet normal 0 0 -1
    outer loop
      vertex -17.7784 -2.81582 0
      vertex -14.4252 -2.28473 0
      vertex -17.6541 -3.51163 0
    endloop
  endfacet
  facet normal 0 0 -1
    outer loop
      vertex -13.7023 5.05504 0
      vertex -16.8874 6.23011 0
      vertex -16.6298 6.8883 0
    endloop
  endfacet
  facet normal -0 0 -1
    outer loop
      vertex -14.4252 -2.28473 0
      vertex -17.7784 -2.81582 0
      vertex -14.5038 -1.71663 0
    endloop
  endfacet
  facet normal 0 0 -1
    outer loop
      vertex -13.8902 4.51319 0
      vertex -17.119 5.56231 0
      vertex -16.8874 6.23011 0
    endloop
  endfacet
  facet normal 0 0 -1
    outer loop
      vertex -17.8752 -2.11567 0
      vertex -14.5038 -1.71663 0
      vertex -17.7784 -2.81582 0
    endloop
  endfacet
  facet normal 0 0 -1
    outer loop
      vertex -14.0567 3.96439 0
      vertex -17.3242 4.88593 0
      vertex -17.119 5.56231 0
    endloop
  endfacet
  facet normal -0 0 -1
    outer loop
      vertex -14.5038 -1.71663 0
      vertex -17.8752 -2.11567 0
      vertex -14.56 -1.1459 0
    endloop
  endfacet
  facet normal 0 0 -1
    outer loop
      vertex -14.2015 3.40947 0
      vertex -17.5027 4.20202 0
      vertex -17.3242 4.88593 0
    endloop
  endfacet
  facet normal 0 0 -1
    outer loop
      vertex -17.9445 -1.41226 0
      vertex -14.56 -1.1459 0
      vertex -17.8752 -2.11567 0
    endloop
  endfacet
  facet normal 0 0 -1
    outer loop
      vertex -14.3244 2.84929 0
      vertex -17.6541 3.51163 0
      vertex -17.5027 4.20202 0
    endloop
  endfacet
  facet normal -0 0 -1
    outer loop
      vertex -14.56 -1.1459 0
      vertex -17.9445 -1.41226 0
      vertex -14.5937 -0.573389 0
    endloop
  endfacet
  facet normal 0 0 -1
    outer loop
      vertex -14.4252 2.28473 0
      vertex -17.7784 2.81582 0
      vertex -17.6541 3.51163 0
    endloop
  endfacet
  facet normal 0 0 -1
    outer loop
      vertex -17.9861 -0.706676 0
      vertex -14.5937 -0.573389 0
      vertex -17.9445 -1.41226 0
    endloop
  endfacet
  facet normal 0 0 -1
    outer loop
      vertex -14.5038 1.71663 0
      vertex -17.8752 2.11567 0
      vertex -17.7784 2.81582 0
    endloop
  endfacet
  facet normal -0 0 -1
    outer loop
      vertex -14.5937 -0.573389 0
      vertex -17.9861 -0.706676 0
      vertex -14.605 0 0
    endloop
  endfacet
  facet normal 0 0 -1
    outer loop
      vertex -14.56 1.1459 0
      vertex -17.9445 1.41226 0
      vertex -17.8752 2.11567 0
    endloop
  endfacet
  facet normal 0 0 -1
    outer loop
      vertex -18 0 0
      vertex -14.605 0 0
      vertex -17.9861 -0.706676 0
    endloop
  endfacet
  facet normal 0 0 -1
    outer loop
      vertex -14.5937 0.573389 0
      vertex -17.9861 0.706676 0
      vertex -17.9445 1.41226 0
    endloop
  endfacet
  facet normal 0 0 -1
    outer loop
      vertex -14.605 0 0
      vertex -18 0 0
      vertex -17.9861 0.706676 0
    endloop
  endfacet
  facet normal 0.995182 0.0980454 0
    outer loop
      vertex 17.9445 1.41226 11.5
      vertex 17.8752 2.11567 0
      vertex 17.8752 2.11567 11.5
    endloop
  endfacet
  facet normal 0.995182 0.0980454 0
    outer loop
      vertex 17.8752 2.11567 0
      vertex 17.9445 1.41226 11.5
      vertex 17.9445 1.41226 0
    endloop
  endfacet
  facet normal 0.998266 0.058856 0
    outer loop
      vertex 17.9861 0.706676 11.5
      vertex 17.9445 1.41226 0
      vertex 17.9445 1.41226 11.5
    endloop
  endfacet
  facet normal 0.998266 0.058856 0
    outer loop
      vertex 17.9445 1.41226 0
      vertex 17.9861 0.706676 11.5
      vertex 17.9861 0.706676 0
    endloop
  endfacet
  facet normal 0.956932 0.290314 0
    outer loop
      vertex 17.3242 4.88593 11.5
      vertex 17.119 5.56231 0
      vertex 17.119 5.56231 11.5
    endloop
  endfacet
  facet normal 0.956932 0.290314 0
    outer loop
      vertex 17.119 5.56231 0
      vertex 17.3242 4.88593 11.5
      vertex 17.3242 4.88593 0
    endloop
  endfacet
  facet normal 0.773024 0.634377 0
    outer loop
      vertex 14.1357 11.1437 11.5
      vertex 13.6873 11.6901 0
      vertex 13.6873 11.6901 11.5
    endloop
  endfacet
  facet normal 0.773024 0.634377 0
    outer loop
      vertex 13.6873 11.6901 0
      vertex 14.1357 11.1437 11.5
      vertex 14.1357 11.1437 0
    endloop
  endfacet
  facet normal 0.797344 0.603525 0
    outer loop
      vertex 14.5623 10.5801 11.5
      vertex 14.1357 11.1437 0
      vertex 14.1357 11.1437 11.5
    endloop
  endfacet
  facet normal 0.797344 0.603525 0
    outer loop
      vertex 14.1357 11.1437 0
      vertex 14.5623 10.5801 11.5
      vertex 14.5623 10.5801 0
    endloop
  endfacet
  facet normal 0.881914 0.47141 0
    outer loop
      vertex 16.0381 8.17183 11.5
      vertex 15.7049 8.79518 0
      vertex 15.7049 8.79518 11.5
    endloop
  endfacet
  facet normal 0.881914 0.47141 0
    outer loop
      vertex 15.7049 8.79518 0
      vertex 16.0381 8.17183 11.5
      vertex 16.0381 8.17183 0
    endloop
  endfacet
  facet normal 0.327664 0.944794 -0
    outer loop
      vertex 6.23011 16.8874 0
      vertex 5.56231 17.119 11.5
      vertex 6.23011 16.8874 11.5
    endloop
  endfacet
  facet normal 0.327664 0.944794 0
    outer loop
      vertex 5.56231 17.119 11.5
      vertex 6.23011 16.8874 0
      vertex 5.56231 17.119 0
    endloop
  endfacet
  facet normal 0.058856 0.998266 -0
    outer loop
      vertex 1.41226 17.9445 0
      vertex 0.706676 17.9861 11.5
      vertex 1.41226 17.9445 11.5
    endloop
  endfacet
  facet normal 0.058856 0.998266 0
    outer loop
      vertex 0.706676 17.9861 11.5
      vertex 1.41226 17.9445 0
      vertex 0.706676 17.9861 0
    endloop
  endfacet
  facet normal 0.634377 0.773024 -0
    outer loop
      vertex 11.6901 13.6873 0
      vertex 11.1437 14.1357 11.5
      vertex 11.6901 13.6873 11.5
    endloop
  endfacet
  facet normal 0.634377 0.773024 0
    outer loop
      vertex 11.1437 14.1357 11.5
      vertex 11.6901 13.6873 0
      vertex 11.1437 14.1357 0
    endloop
  endfacet
  facet normal -0.797344 0.603525 0
    outer loop
      vertex -14.5623 10.5801 0
      vertex -14.1357 11.1437 11.5
      vertex -14.1357 11.1437 0
    endloop
  endfacet
  facet normal -0.797344 0.603525 0
    outer loop
      vertex -14.1357 11.1437 11.5
      vertex -14.5623 10.5801 0
      vertex -14.5623 10.5801 11.5
    endloop
  endfacet
  facet normal -0.773024 0.634377 0
    outer loop
      vertex -14.1357 11.1437 0
      vertex -13.6873 11.6901 11.5
      vertex -13.6873 11.6901 0
    endloop
  endfacet
  facet normal -0.773024 0.634377 0
    outer loop
      vertex -13.6873 11.6901 11.5
      vertex -14.1357 11.1437 0
      vertex -14.1357 11.1437 11.5
    endloop
  endfacet
  facet normal -0.862737 0.505653 0
    outer loop
      vertex -15.7049 8.79518 0
      vertex -15.3475 9.40497 11.5
      vertex -15.3475 9.40497 0
    endloop
  endfacet
  facet normal -0.862737 0.505653 0
    outer loop
      vertex -15.3475 9.40497 11.5
      vertex -15.7049 8.79518 0
      vertex -15.7049 8.79518 11.5
    endloop
  endfacet
  facet normal -0.944794 0.327664 0
    outer loop
      vertex -17.119 5.56231 0
      vertex -16.8874 6.23011 11.5
      vertex -16.8874 6.23011 0
    endloop
  endfacet
  facet normal -0.944794 0.327664 0
    outer loop
      vertex -16.8874 6.23011 11.5
      vertex -17.119 5.56231 0
      vertex -17.119 5.56231 11.5
    endloop
  endfacet
  facet normal -0.998266 0.058856 0
    outer loop
      vertex -17.9861 0.706676 0
      vertex -17.9445 1.41226 11.5
      vertex -17.9445 1.41226 0
    endloop
  endfacet
  facet normal -0.998266 0.058856 0
    outer loop
      vertex -17.9445 1.41226 11.5
      vertex -17.9861 0.706676 0
      vertex -17.9861 0.706676 11.5
    endloop
  endfacet
  facet normal 0 0 1
    outer loop
      vertex 16.4 0 11.5
      vertex 18 0 11.5
      vertex 17.9861 0.706676 11.5
    endloop
  endfacet
  facet normal 0 0 1
    outer loop
      vertex 16.3874 0.643861 11.5
      vertex 17.9861 0.706676 11.5
      vertex 17.9445 1.41226 11.5
    endloop
  endfacet
  facet normal 0 0 1
    outer loop
      vertex 18 0 11.5
      vertex 16.4 0 11.5
      vertex 17.9861 -0.706676 11.5
    endloop
  endfacet
  facet normal 0 0 1
    outer loop
      vertex 16.3494 1.28673 11.5
      vertex 17.9445 1.41226 11.5
      vertex 17.8752 2.11567 11.5
    endloop
  endfacet
  facet normal -0 0 1
    outer loop
      vertex 16.3874 -0.643861 11.5
      vertex 17.9861 -0.706676 11.5
      vertex 16.4 0 11.5
    endloop
  endfacet
  facet normal 0 0 1
    outer loop
      vertex 16.2863 1.92761 11.5
      vertex 17.8752 2.11567 11.5
      vertex 17.7784 2.81582 11.5
    endloop
  endfacet
  facet normal 0 0 1
    outer loop
      vertex 17.9861 -0.706676 11.5
      vertex 16.3874 -0.643861 11.5
      vertex 17.9445 -1.41226 11.5
    endloop
  endfacet
  facet normal 0 0 1
    outer loop
      vertex 16.1981 2.56553 11.5
      vertex 17.7784 2.81582 11.5
      vertex 17.6541 3.51163 11.5
    endloop
  endfacet
  facet normal -0 0 1
    outer loop
      vertex 16.3494 -1.28673 11.5
      vertex 17.9445 -1.41226 11.5
      vertex 16.3874 -0.643861 11.5
    endloop
  endfacet
  facet normal 0 0 1
    outer loop
      vertex 16.0849 3.19948 11.5
      vertex 17.6541 3.51163 11.5
      vertex 17.5027 4.20202 11.5
    endloop
  endfacet
  facet normal 0 0 1
    outer loop
      vertex 17.9445 -1.41226 11.5
      vertex 16.3494 -1.28673 11.5
      vertex 17.8752 -2.11567 11.5
    endloop
  endfacet
  facet normal 0 0 1
    outer loop
      vertex 15.9469 3.8285 11.5
      vertex 17.5027 4.20202 11.5
      vertex 17.3242 4.88593 11.5
    endloop
  endfacet
  facet normal -0 0 1
    outer loop
      vertex 16.2863 -1.92761 11.5
      vertex 17.8752 -2.11567 11.5
      vertex 16.3494 -1.28673 11.5
    endloop
  endfacet
  facet normal 0 0 1
    outer loop
      vertex 15.7843 4.45162 11.5
      vertex 17.3242 4.88593 11.5
      vertex 17.119 5.56231 11.5
    endloop
  endfacet
  facet normal 0 0 1
    outer loop
      vertex 17.8752 -2.11567 11.5
      vertex 16.2863 -1.92761 11.5
      vertex 17.7784 -2.81582 11.5
    endloop
  endfacet
  facet normal 0 0 1
    outer loop
      vertex 15.5973 5.06788 11.5
      vertex 17.119 5.56231 11.5
      vertex 16.8874 6.23011 11.5
    endloop
  endfacet
  facet normal -0 0 1
    outer loop
      vertex 16.1981 -2.56553 11.5
      vertex 17.7784 -2.81582 11.5
      vertex 16.2863 -1.92761 11.5
    endloop
  endfacet
  facet normal 0 0 1
    outer loop
      vertex 15.3863 5.67632 11.5
      vertex 16.8874 6.23011 11.5
      vertex 16.6298 6.8883 11.5
    endloop
  endfacet
  facet normal 0 0 1
    outer loop
      vertex 17.7784 -2.81582 11.5
      vertex 16.1981 -2.56553 11.5
      vertex 17.6541 -3.51163 11.5
    endloop
  endfacet
  facet normal -0 0 1
    outer loop
      vertex 16.0849 -3.19948 11.5
      vertex 17.6541 -3.51163 11.5
      vertex 16.1981 -2.56553 11.5
    endloop
  endfacet
  facet normal 0 0 1
    outer loop
      vertex 17.9861 0.706676 11.5
      vertex 16.3874 0.643861 11.5
      vertex 16.4 0 11.5
    endloop
  endfacet
  facet normal 0 0 1
    outer loop
      vertex 17.9445 1.41226 11.5
      vertex 16.3494 1.28673 11.5
      vertex 16.3874 0.643861 11.5
    endloop
  endfacet
  facet normal 0 0 1
    outer loop
      vertex 15.1516 6.27601 11.5
      vertex 16.6298 6.8883 11.5
      vertex 16.3466 7.53587 11.5
    endloop
  endfacet
  facet normal 0 0 1
    outer loop
      vertex 17.8752 2.11567 11.5
      vertex 16.2863 1.92761 11.5
      vertex 16.3494 1.28673 11.5
    endloop
  endfacet
  facet normal 0 0 1
    outer loop
      vertex 17.7784 2.81582 11.5
      vertex 16.1981 2.56553 11.5
      vertex 16.2863 1.92761 11.5
    endloop
  endfacet
  facet normal 0 0 1
    outer loop
      vertex 17.6541 3.51163 11.5
      vertex 16.0849 3.19948 11.5
      vertex 16.1981 2.56553 11.5
    endloop
  endfacet
  facet normal 0 0 1
    outer loop
      vertex 14.8935 6.86602 11.5
      vertex 16.3466 7.53587 11.5
      vertex 16.0381 8.17183 11.5
    endloop
  endfacet
  facet normal 0 0 1
    outer loop
      vertex 17.5027 4.20202 11.5
      vertex 15.9469 3.8285 11.5
      vertex 16.0849 3.19948 11.5
    endloop
  endfacet
  facet normal 0 0 1
    outer loop
      vertex 17.3242 4.88593 11.5
      vertex 15.7843 4.45162 11.5
      vertex 15.9469 3.8285 11.5
    endloop
  endfacet
  facet normal 0 0 1
    outer loop
      vertex 14.6125 7.44544 11.5
      vertex 16.0381 8.17183 11.5
      vertex 15.7049 8.79518 11.5
    endloop
  endfacet
  facet normal 0 0 1
    outer loop
      vertex 17.119 5.56231 11.5
      vertex 15.5973 5.06788 11.5
      vertex 15.7843 4.45162 11.5
    endloop
  endfacet
  facet normal 0 0 1
    outer loop
      vertex 16.8874 6.23011 11.5
      vertex 15.3863 5.67632 11.5
      vertex 15.5973 5.06788 11.5
    endloop
  endfacet
  facet normal 0 0 1
    outer loop
      vertex 14.3089 8.01339 11.5
      vertex 15.7049 8.79518 11.5
      vertex 15.3475 9.40497 11.5
    endloop
  endfacet
  facet normal 0 0 1
    outer loop
      vertex 16.6298 6.8883 11.5
      vertex 15.1516 6.27601 11.5
      vertex 15.3863 5.67632 11.5
    endloop
  endfacet
  facet normal 0 0 1
    outer loop
      vertex 13.9833 8.56898 11.5
      vertex 15.3475 9.40497 11.5
      vertex 14.9665 10.0003 11.5
    endloop
  endfacet
  facet normal 0 0 1
    outer loop
      vertex 16.3466 7.53587 11.5
      vertex 14.8935 6.86602 11.5
      vertex 15.1516 6.27601 11.5
    endloop
  endfacet
  facet normal 0 0 1
    outer loop
      vertex 16.0381 8.17183 11.5
      vertex 14.6125 7.44544 11.5
      vertex 14.8935 6.86602 11.5
    endloop
  endfacet
  facet normal 0 0 1
    outer loop
      vertex 13.6361 9.11135 11.5
      vertex 14.9665 10.0003 11.5
      vertex 14.5623 10.5801 11.5
    endloop
  endfacet
  facet normal 0 0 1
    outer loop
      vertex 15.7049 8.79518 11.5
      vertex 14.3089 8.01339 11.5
      vertex 14.6125 7.44544 11.5
    endloop
  endfacet
  facet normal 0 0 1
    outer loop
      vertex 13.2679 9.63968 11.5
      vertex 14.5623 10.5801 11.5
      vertex 14.1357 11.1437 11.5
    endloop
  endfacet
  facet normal 0 0 1
    outer loop
      vertex 15.3475 9.40497 11.5
      vertex 13.9833 8.56898 11.5
      vertex 14.3089 8.01339 11.5
    endloop
  endfacet
  facet normal 0 0 1
    outer loop
      vertex 12.8792 10.1531 11.5
      vertex 14.1357 11.1437 11.5
      vertex 13.6873 11.6901 11.5
    endloop
  endfacet
  facet normal 0 0 1
    outer loop
      vertex 14.9665 10.0003 11.5
      vertex 13.6361 9.11135 11.5
      vertex 13.9833 8.56898 11.5
    endloop
  endfacet
  facet normal 0 0 1
    outer loop
      vertex 14.5623 10.5801 11.5
      vertex 13.2679 9.63968 11.5
      vertex 13.6361 9.11135 11.5
    endloop
  endfacet
  facet normal 0 0 1
    outer loop
      vertex 12.4707 10.6509 11.5
      vertex 13.6873 11.6901 11.5
      vertex 13.2178 12.2184 11.5
    endloop
  endfacet
  facet normal 0 0 1
    outer loop
      vertex 14.1357 11.1437 11.5
      vertex 12.8792 10.1531 11.5
      vertex 13.2679 9.63968 11.5
    endloop
  endfacet
  facet normal 0 0 1
    outer loop
      vertex 12.0429 11.1323 11.5
      vertex 13.2178 12.2184 11.5
      vertex 12.7279 12.7279 11.5
    endloop
  endfacet
  facet normal 0 0 1
    outer loop
      vertex 13.6873 11.6901 11.5
      vertex 12.4707 10.6509 11.5
      vertex 12.8792 10.1531 11.5
    endloop
  endfacet
  facet normal 0 0 1
    outer loop
      vertex 11.5966 11.5966 11.5
      vertex 12.7279 12.7279 11.5
      vertex 12.2184 13.2178 11.5
    endloop
  endfacet
  facet normal 0 0 1
    outer loop
      vertex 13.2178 12.2184 11.5
      vertex 12.0429 11.1323 11.5
      vertex 12.4707 10.6509 11.5
    endloop
  endfacet
  facet normal 0 0 1
    outer loop
      vertex 11.1323 12.0429 11.5
      vertex 12.2184 13.2178 11.5
      vertex 11.6901 13.6873 11.5
    endloop
  endfacet
  facet normal 0 0 1
    outer loop
      vertex 12.7279 12.7279 11.5
      vertex 11.5966 11.5966 11.5
      vertex 12.0429 11.1323 11.5
    endloop
  endfacet
  facet normal 0 0 1
    outer loop
      vertex 10.6509 12.4707 11.5
      vertex 11.6901 13.6873 11.5
      vertex 11.1437 14.1357 11.5
    endloop
  endfacet
  facet normal 0 0 1
    outer loop
      vertex 12.2184 13.2178 11.5
      vertex 11.1323 12.0429 11.5
      vertex 11.5966 11.5966 11.5
    endloop
  endfacet
  facet normal 0 0 1
    outer loop
      vertex 11.6901 13.6873 11.5
      vertex 10.6509 12.4707 11.5
      vertex 11.1323 12.0429 11.5
    endloop
  endfacet
  facet normal 0 0 1
    outer loop
      vertex 10.1531 12.8792 11.5
      vertex 11.1437 14.1357 11.5
      vertex 10.5801 14.5623 11.5
    endloop
  endfacet
  facet normal 0 0 1
    outer loop
      vertex 11.1437 14.1357 11.5
      vertex 10.1531 12.8792 11.5
      vertex 10.6509 12.4707 11.5
    endloop
  endfacet
  facet normal 0 0 1
    outer loop
      vertex 9.63968 13.2679 11.5
      vertex 10.5801 14.5623 11.5
      vertex 10.0003 14.9665 11.5
    endloop
  endfacet
  facet normal 0 0 1
    outer loop
      vertex 10.5801 14.5623 11.5
      vertex 9.63968 13.2679 11.5
      vertex 10.1531 12.8792 11.5
    endloop
  endfacet
  facet normal 0 0 1
    outer loop
      vertex 9.11135 13.6361 11.5
      vertex 10.0003 14.9665 11.5
      vertex 9.40497 15.3475 11.5
    endloop
  endfacet
  facet normal 0 0 1
    outer loop
      vertex 10.0003 14.9665 11.5
      vertex 9.11135 13.6361 11.5
      vertex 9.63968 13.2679 11.5
    endloop
  endfacet
  facet normal 0 0 1
    outer loop
      vertex 8.56898 13.9833 11.5
      vertex 9.40497 15.3475 11.5
      vertex 8.79518 15.7049 11.5
    endloop
  endfacet
  facet normal 0 0 1
    outer loop
      vertex 9.40497 15.3475 11.5
      vertex 8.56898 13.9833 11.5
      vertex 9.11135 13.6361 11.5
    endloop
  endfacet
  facet normal 0 0 1
    outer loop
      vertex 8.01339 14.3089 11.5
      vertex 8.79518 15.7049 11.5
      vertex 8.17183 16.0381 11.5
    endloop
  endfacet
  facet normal 0 0 1
    outer loop
      vertex 8.79518 15.7049 11.5
      vertex 8.01339 14.3089 11.5
      vertex 8.56898 13.9833 11.5
    endloop
  endfacet
  facet normal 0 0 1
    outer loop
      vertex 7.44544 14.6125 11.5
      vertex 8.17183 16.0381 11.5
      vertex 7.53587 16.3466 11.5
    endloop
  endfacet
  facet normal 0 0 1
    outer loop
      vertex 8.17183 16.0381 11.5
      vertex 7.44544 14.6125 11.5
      vertex 8.01339 14.3089 11.5
    endloop
  endfacet
  facet normal 0 0 1
    outer loop
      vertex 6.86602 14.8935 11.5
      vertex 7.53587 16.3466 11.5
      vertex 6.8883 16.6298 11.5
    endloop
  endfacet
  facet normal 0 0 1
    outer loop
      vertex 7.53587 16.3466 11.5
      vertex 6.86602 14.8935 11.5
      vertex 7.44544 14.6125 11.5
    endloop
  endfacet
  facet normal 0 0 1
    outer loop
      vertex 6.8883 16.6298 11.5
      vertex 6.27601 15.1516 11.5
      vertex 6.86602 14.8935 11.5
    endloop
  endfacet
  facet normal 0 0 1
    outer loop
      vertex 6.23011 16.8874 11.5
      vertex 6.27601 15.1516 11.5
      vertex 6.8883 16.6298 11.5
    endloop
  endfacet
  facet normal 0 0 1
    outer loop
      vertex 6.23011 16.8874 11.5
      vertex 5.67632 15.3863 11.5
      vertex 6.27601 15.1516 11.5
    endloop
  endfacet
  facet normal 0 0 1
    outer loop
      vertex 5.56231 17.119 11.5
      vertex 5.67632 15.3863 11.5
      vertex 6.23011 16.8874 11.5
    endloop
  endfacet
  facet normal 0 0 1
    outer loop
      vertex 5.56231 17.119 11.5
      vertex 5.06788 15.5973 11.5
      vertex 5.67632 15.3863 11.5
    endloop
  endfacet
  facet normal 0 0 1
    outer loop
      vertex 4.88593 17.3242 11.5
      vertex 5.06788 15.5973 11.5
      vertex 5.56231 17.119 11.5
    endloop
  endfacet
  facet normal 0 0 1
    outer loop
      vertex 4.88593 17.3242 11.5
      vertex 4.45162 15.7843 11.5
      vertex 5.06788 15.5973 11.5
    endloop
  endfacet
  facet normal 0 0 1
    outer loop
      vertex 4.20202 17.5027 11.5
      vertex 4.45162 15.7843 11.5
      vertex 4.88593 17.3242 11.5
    endloop
  endfacet
  facet normal 0 0 1
    outer loop
      vertex 4.20202 17.5027 11.5
      vertex 3.8285 15.9469 11.5
      vertex 4.45162 15.7843 11.5
    endloop
  endfacet
  facet normal 0 0 1
    outer loop
      vertex 3.51163 17.6541 11.5
      vertex 3.8285 15.9469 11.5
      vertex 4.20202 17.5027 11.5
    endloop
  endfacet
  facet normal 0 0 1
    outer loop
      vertex 3.51163 17.6541 11.5
      vertex 3.19948 16.0849 11.5
      vertex 3.8285 15.9469 11.5
    endloop
  endfacet
  facet normal 0 0 1
    outer loop
      vertex 2.81582 17.7784 11.5
      vertex 3.19948 16.0849 11.5
      vertex 3.51163 17.6541 11.5
    endloop
  endfacet
  facet normal 0 0 1
    outer loop
      vertex 2.81582 17.7784 11.5
      vertex 2.56553 16.1981 11.5
      vertex 3.19948 16.0849 11.5
    endloop
  endfacet
  facet normal 0 0 1
    outer loop
      vertex 2.11567 17.8752 11.5
      vertex 2.56553 16.1981 11.5
      vertex 2.81582 17.7784 11.5
    endloop
  endfacet
  facet normal 0 0 1
    outer loop
      vertex 2.11567 17.8752 11.5
      vertex 1.92761 16.2863 11.5
      vertex 2.56553 16.1981 11.5
    endloop
  endfacet
  facet normal 0 0 1
    outer loop
      vertex 1.41226 17.9445 11.5
      vertex 1.92761 16.2863 11.5
      vertex 2.11567 17.8752 11.5
    endloop
  endfacet
  facet normal 0 0 1
    outer loop
      vertex 1.41226 17.9445 11.5
      vertex 1.28673 16.3494 11.5
      vertex 1.92761 16.2863 11.5
    endloop
  endfacet
  facet normal 0 0 1
    outer loop
      vertex 0.706676 17.9861 11.5
      vertex 1.28673 16.3494 11.5
      vertex 1.41226 17.9445 11.5
    endloop
  endfacet
  facet normal 0 0 1
    outer loop
      vertex 0.706676 17.9861 11.5
      vertex 0.643861 16.3874 11.5
      vertex 1.28673 16.3494 11.5
    endloop
  endfacet
  facet normal 0 0 1
    outer loop
      vertex 0 18 11.5
      vertex 0.643861 16.3874 11.5
      vertex 0.706676 17.9861 11.5
    endloop
  endfacet
  facet normal 0 0 1
    outer loop
      vertex 0 18 11.5
      vertex 0 16.4 11.5
      vertex 0.643861 16.3874 11.5
    endloop
  endfacet
  facet normal 0 0 1
    outer loop
      vertex 0 18 11.5
      vertex -0.643861 16.3874 11.5
      vertex 0 16.4 11.5
    endloop
  endfacet
  facet normal -0 0 1
    outer loop
      vertex -0.706676 17.9861 11.5
      vertex -0.643861 16.3874 11.5
      vertex 0 18 11.5
    endloop
  endfacet
  facet normal 0 0 1
    outer loop
      vertex -0.706676 17.9861 11.5
      vertex -1.28673 16.3494 11.5
      vertex -0.643861 16.3874 11.5
    endloop
  endfacet
  facet normal -0 0 1
    outer loop
      vertex -1.41226 17.9445 11.5
      vertex -1.28673 16.3494 11.5
      vertex -0.706676 17.9861 11.5
    endloop
  endfacet
  facet normal 0 0 1
    outer loop
      vertex -1.41226 17.9445 11.5
      vertex -1.92761 16.2863 11.5
      vertex -1.28673 16.3494 11.5
    endloop
  endfacet
  facet normal -0 0 1
    outer loop
      vertex -2.11567 17.8752 11.5
      vertex -1.92761 16.2863 11.5
      vertex -1.41226 17.9445 11.5
    endloop
  endfacet
  facet normal 0 0 1
    outer loop
      vertex -2.11567 17.8752 11.5
      vertex -2.56553 16.1981 11.5
      vertex -1.92761 16.2863 11.5
    endloop
  endfacet
  facet normal -0 0 1
    outer loop
      vertex -2.81582 17.7784 11.5
      vertex -2.56553 16.1981 11.5
      vertex -2.11567 17.8752 11.5
    endloop
  endfacet
  facet normal 0 0 1
    outer loop
      vertex -2.81582 17.7784 11.5
      vertex -3.19948 16.0849 11.5
      vertex -2.56553 16.1981 11.5
    endloop
  endfacet
  facet normal -0 0 1
    outer loop
      vertex -3.51163 17.6541 11.5
      vertex -3.19948 16.0849 11.5
      vertex -2.81582 17.7784 11.5
    endloop
  endfacet
  facet normal 0 0 1
    outer loop
      vertex -3.51163 17.6541 11.5
      vertex -3.8285 15.9469 11.5
      vertex -3.19948 16.0849 11.5
    endloop
  endfacet
  facet normal -0 0 1
    outer loop
      vertex -4.20202 17.5027 11.5
      vertex -3.8285 15.9469 11.5
      vertex -3.51163 17.6541 11.5
    endloop
  endfacet
  facet normal 0 0 1
    outer loop
      vertex -4.20202 17.5027 11.5
      vertex -4.45162 15.7843 11.5
      vertex -3.8285 15.9469 11.5
    endloop
  endfacet
  facet normal -0 0 1
    outer loop
      vertex -4.88593 17.3242 11.5
      vertex -4.45162 15.7843 11.5
      vertex -4.20202 17.5027 11.5
    endloop
  endfacet
  facet normal 0 0 1
    outer loop
      vertex -4.88593 17.3242 11.5
      vertex -5.06788 15.5973 11.5
      vertex -4.45162 15.7843 11.5
    endloop
  endfacet
  facet normal -0 0 1
    outer loop
      vertex -5.56231 17.119 11.5
      vertex -5.06788 15.5973 11.5
      vertex -4.88593 17.3242 11.5
    endloop
  endfacet
  facet normal 0 0 1
    outer loop
      vertex -5.56231 17.119 11.5
      vertex -5.67632 15.3863 11.5
      vertex -5.06788 15.5973 11.5
    endloop
  endfacet
  facet normal -0 0 1
    outer loop
      vertex -6.23011 16.8874 11.5
      vertex -5.67632 15.3863 11.5
      vertex -5.56231 17.119 11.5
    endloop
  endfacet
  facet normal 0 0 1
    outer loop
      vertex -6.23011 16.8874 11.5
      vertex -6.27601 15.1516 11.5
      vertex -5.67632 15.3863 11.5
    endloop
  endfacet
  facet normal -0 0 1
    outer loop
      vertex -6.8883 16.6298 11.5
      vertex -6.27601 15.1516 11.5
      vertex -6.23011 16.8874 11.5
    endloop
  endfacet
  facet normal 0 0 1
    outer loop
      vertex -6.27601 15.1516 11.5
      vertex -6.8883 16.6298 11.5
      vertex -6.86602 14.8935 11.5
    endloop
  endfacet
  facet normal -0 0 1
    outer loop
      vertex -7.53587 16.3466 11.5
      vertex -6.86602 14.8935 11.5
      vertex -6.8883 16.6298 11.5
    endloop
  endfacet
  facet normal 0 0 1
    outer loop
      vertex -6.86602 14.8935 11.5
      vertex -7.53587 16.3466 11.5
      vertex -7.44544 14.6125 11.5
    endloop
  endfacet
  facet normal -0 0 1
    outer loop
      vertex -8.17183 16.0381 11.5
      vertex -7.44544 14.6125 11.5
      vertex -7.53587 16.3466 11.5
    endloop
  endfacet
  facet normal 0 0 1
    outer loop
      vertex -7.44544 14.6125 11.5
      vertex -8.17183 16.0381 11.5
      vertex -8.01339 14.3089 11.5
    endloop
  endfacet
  facet normal -0 0 1
    outer loop
      vertex -8.79518 15.7049 11.5
      vertex -8.01339 14.3089 11.5
      vertex -8.17183 16.0381 11.5
    endloop
  endfacet
  facet normal 0 0 1
    outer loop
      vertex -8.01339 14.3089 11.5
      vertex -8.79518 15.7049 11.5
      vertex -8.56898 13.9833 11.5
    endloop
  endfacet
  facet normal -0 0 1
    outer loop
      vertex -9.40497 15.3475 11.5
      vertex -8.56898 13.9833 11.5
      vertex -8.79518 15.7049 11.5
    endloop
  endfacet
  facet normal 0 0 1
    outer loop
      vertex -8.56898 13.9833 11.5
      vertex -9.40497 15.3475 11.5
      vertex -9.11135 13.6361 11.5
    endloop
  endfacet
  facet normal -0 0 1
    outer loop
      vertex -10.0003 14.9665 11.5
      vertex -9.11135 13.6361 11.5
      vertex -9.40497 15.3475 11.5
    endloop
  endfacet
  facet normal 0 0 1
    outer loop
      vertex -9.11135 13.6361 11.5
      vertex -10.0003 14.9665 11.5
      vertex -9.63968 13.2679 11.5
    endloop
  endfacet
  facet normal -0 0 1
    outer loop
      vertex -10.5801 14.5623 11.5
      vertex -9.63968 13.2679 11.5
      vertex -10.0003 14.9665 11.5
    endloop
  endfacet
  facet normal 0 0 1
    outer loop
      vertex -9.63968 13.2679 11.5
      vertex -10.5801 14.5623 11.5
      vertex -10.1531 12.8792 11.5
    endloop
  endfacet
  facet normal -0 0 1
    outer loop
      vertex -11.1437 14.1357 11.5
      vertex -10.1531 12.8792 11.5
      vertex -10.5801 14.5623 11.5
    endloop
  endfacet
  facet normal 0 0 1
    outer loop
      vertex -10.1531 12.8792 11.5
      vertex -11.1437 14.1357 11.5
      vertex -10.6509 12.4707 11.5
    endloop
  endfacet
  facet normal -0 0 1
    outer loop
      vertex -11.6901 13.6873 11.5
      vertex -10.6509 12.4707 11.5
      vertex -11.1437 14.1357 11.5
    endloop
  endfacet
  facet normal 0 0 1
    outer loop
      vertex -10.6509 12.4707 11.5
      vertex -11.6901 13.6873 11.5
      vertex -11.1323 12.0429 11.5
    endloop
  endfacet
  facet normal -0 0 1
    outer loop
      vertex -12.2184 13.2178 11.5
      vertex -11.1323 12.0429 11.5
      vertex -11.6901 13.6873 11.5
    endloop
  endfacet
  facet normal 0 0 1
    outer loop
      vertex -11.1323 12.0429 11.5
      vertex -12.2184 13.2178 11.5
      vertex -11.5966 11.5966 11.5
    endloop
  endfacet
  facet normal -0 0 1
    outer loop
      vertex -12.7279 12.7279 11.5
      vertex -11.5966 11.5966 11.5
      vertex -12.2184 13.2178 11.5
    endloop
  endfacet
  facet normal 0 0 1
    outer loop
      vertex -11.5966 11.5966 11.5
      vertex -12.7279 12.7279 11.5
      vertex -12.0429 11.1323 11.5
    endloop
  endfacet
  facet normal -0 0 1
    outer loop
      vertex -13.2178 12.2184 11.5
      vertex -12.0429 11.1323 11.5
      vertex -12.7279 12.7279 11.5
    endloop
  endfacet
  facet normal 0 0 1
    outer loop
      vertex -12.0429 11.1323 11.5
      vertex -13.2178 12.2184 11.5
      vertex -12.4707 10.6509 11.5
    endloop
  endfacet
  facet normal -0 0 1
    outer loop
      vertex -13.6873 11.6901 11.5
      vertex -12.4707 10.6509 11.5
      vertex -13.2178 12.2184 11.5
    endloop
  endfacet
  facet normal 0 0 1
    outer loop
      vertex -12.4707 10.6509 11.5
      vertex -13.6873 11.6901 11.5
      vertex -12.8792 10.1531 11.5
    endloop
  endfacet
  facet normal -0 0 1
    outer loop
      vertex -14.1357 11.1437 11.5
      vertex -12.8792 10.1531 11.5
      vertex -13.6873 11.6901 11.5
    endloop
  endfacet
  facet normal 0 0 1
    outer loop
      vertex -12.8792 10.1531 11.5
      vertex -14.1357 11.1437 11.5
      vertex -13.2679 9.63968 11.5
    endloop
  endfacet
  facet normal -0 0 1
    outer loop
      vertex -14.5623 10.5801 11.5
      vertex -13.2679 9.63968 11.5
      vertex -14.1357 11.1437 11.5
    endloop
  endfacet
  facet normal 0 0 1
    outer loop
      vertex -13.2679 9.63968 11.5
      vertex -14.5623 10.5801 11.5
      vertex -13.6361 9.11135 11.5
    endloop
  endfacet
  facet normal -0 0 1
    outer loop
      vertex -14.9665 10.0003 11.5
      vertex -13.6361 9.11135 11.5
      vertex -14.5623 10.5801 11.5
    endloop
  endfacet
  facet normal 0 0 1
    outer loop
      vertex -13.6361 9.11135 11.5
      vertex -14.9665 10.0003 11.5
      vertex -13.9833 8.56898 11.5
    endloop
  endfacet
  facet normal -0 0 1
    outer loop
      vertex -15.3475 9.40497 11.5
      vertex -13.9833 8.56898 11.5
      vertex -14.9665 10.0003 11.5
    endloop
  endfacet
  facet normal 0 0 1
    outer loop
      vertex -13.9833 8.56898 11.5
      vertex -15.3475 9.40497 11.5
      vertex -14.3089 8.01339 11.5
    endloop
  endfacet
  facet normal -0 0 1
    outer loop
      vertex -15.7049 8.79518 11.5
      vertex -14.3089 8.01339 11.5
      vertex -15.3475 9.40497 11.5
    endloop
  endfacet
  facet normal 0 0 1
    outer loop
      vertex -14.3089 8.01339 11.5
      vertex -15.7049 8.79518 11.5
      vertex -14.6125 7.44544 11.5
    endloop
  endfacet
  facet normal -0 0 1
    outer loop
      vertex -16.0381 8.17183 11.5
      vertex -14.6125 7.44544 11.5
      vertex -15.7049 8.79518 11.5
    endloop
  endfacet
  facet normal 0 0 1
    outer loop
      vertex -14.6125 7.44544 11.5
      vertex -16.0381 8.17183 11.5
      vertex -14.8935 6.86602 11.5
    endloop
  endfacet
  facet normal -0 0 1
    outer loop
      vertex -16.3466 7.53587 11.5
      vertex -14.8935 6.86602 11.5
      vertex -16.0381 8.17183 11.5
    endloop
  endfacet
  facet normal 0 0 1
    outer loop
      vertex -14.8935 6.86602 11.5
      vertex -16.3466 7.53587 11.5
      vertex -15.1516 6.27601 11.5
    endloop
  endfacet
  facet normal -0 0 1
    outer loop
      vertex -16.6298 6.8883 11.5
      vertex -15.1516 6.27601 11.5
      vertex -16.3466 7.53587 11.5
    endloop
  endfacet
  facet normal 0 0 1
    outer loop
      vertex -15.1516 6.27601 11.5
      vertex -16.6298 6.8883 11.5
      vertex -15.3863 5.67632 11.5
    endloop
  endfacet
  facet normal -0 0 1
    outer loop
      vertex -16.8874 6.23011 11.5
      vertex -15.3863 5.67632 11.5
      vertex -16.6298 6.8883 11.5
    endloop
  endfacet
  facet normal 0 0 1
    outer loop
      vertex -15.3863 5.67632 11.5
      vertex -16.8874 6.23011 11.5
      vertex -15.5973 5.06788 11.5
    endloop
  endfacet
  facet normal -0 0 1
    outer loop
      vertex -17.119 5.56231 11.5
      vertex -15.5973 5.06788 11.5
      vertex -16.8874 6.23011 11.5
    endloop
  endfacet
  facet normal 0 0 1
    outer loop
      vertex -15.5973 5.06788 11.5
      vertex -17.119 5.56231 11.5
      vertex -15.7843 4.45162 11.5
    endloop
  endfacet
  facet normal -0 0 1
    outer loop
      vertex -17.3242 4.88593 11.5
      vertex -15.7843 4.45162 11.5
      vertex -17.119 5.56231 11.5
    endloop
  endfacet
  facet normal 0 0 1
    outer loop
      vertex -15.7843 4.45162 11.5
      vertex -17.3242 4.88593 11.5
      vertex -15.9469 3.8285 11.5
    endloop
  endfacet
  facet normal -0 0 1
    outer loop
      vertex -17.5027 4.20202 11.5
      vertex -15.9469 3.8285 11.5
      vertex -17.3242 4.88593 11.5
    endloop
  endfacet
  facet normal 0 0 1
    outer loop
      vertex -15.9469 3.8285 11.5
      vertex -17.5027 4.20202 11.5
      vertex -16.0849 3.19948 11.5
    endloop
  endfacet
  facet normal -0 0 1
    outer loop
      vertex -17.6541 3.51163 11.5
      vertex -16.0849 3.19948 11.5
      vertex -17.5027 4.20202 11.5
    endloop
  endfacet
  facet normal 0 0 1
    outer loop
      vertex 17.6541 -3.51163 11.5
      vertex 16.0849 -3.19948 11.5
      vertex 17.5027 -4.20202 11.5
    endloop
  endfacet
  facet normal -0 0 1
    outer loop
      vertex 15.9469 -3.8285 11.5
      vertex 17.5027 -4.20202 11.5
      vertex 16.0849 -3.19948 11.5
    endloop
  endfacet
  facet normal 0 0 1
    outer loop
      vertex 17.5027 -4.20202 11.5
      vertex 15.9469 -3.8285 11.5
      vertex 17.3242 -4.88593 11.5
    endloop
  endfacet
  facet normal -0 0 1
    outer loop
      vertex 15.7843 -4.45162 11.5
      vertex 17.3242 -4.88593 11.5
      vertex 15.9469 -3.8285 11.5
    endloop
  endfacet
  facet normal 0 0 1
    outer loop
      vertex 17.3242 -4.88593 11.5
      vertex 15.7843 -4.45162 11.5
      vertex 17.119 -5.56231 11.5
    endloop
  endfacet
  facet normal -0 0 1
    outer loop
      vertex 15.5973 -5.06788 11.5
      vertex 17.119 -5.56231 11.5
      vertex 15.7843 -4.45162 11.5
    endloop
  endfacet
  facet normal 0 0 1
    outer loop
      vertex 17.119 -5.56231 11.5
      vertex 15.5973 -5.06788 11.5
      vertex 16.8874 -6.23011 11.5
    endloop
  endfacet
  facet normal -0 0 1
    outer loop
      vertex 15.3863 -5.67632 11.5
      vertex 16.8874 -6.23011 11.5
      vertex 15.5973 -5.06788 11.5
    endloop
  endfacet
  facet normal 0 0 1
    outer loop
      vertex 16.8874 -6.23011 11.5
      vertex 15.3863 -5.67632 11.5
      vertex 16.6298 -6.8883 11.5
    endloop
  endfacet
  facet normal -0 0 1
    outer loop
      vertex 15.1516 -6.27601 11.5
      vertex 16.6298 -6.8883 11.5
      vertex 15.3863 -5.67632 11.5
    endloop
  endfacet
  facet normal 0 0 1
    outer loop
      vertex 16.6298 -6.8883 11.5
      vertex 15.1516 -6.27601 11.5
      vertex 16.3466 -7.53587 11.5
    endloop
  endfacet
  facet normal -0 0 1
    outer loop
      vertex 14.8935 -6.86602 11.5
      vertex 16.3466 -7.53587 11.5
      vertex 15.1516 -6.27601 11.5
    endloop
  endfacet
  facet normal 0 0 1
    outer loop
      vertex 16.3466 -7.53587 11.5
      vertex 14.8935 -6.86602 11.5
      vertex 16.0381 -8.17183 11.5
    endloop
  endfacet
  facet normal -0 0 1
    outer loop
      vertex 14.6125 -7.44544 11.5
      vertex 16.0381 -8.17183 11.5
      vertex 14.8935 -6.86602 11.5
    endloop
  endfacet
  facet normal 0 0 1
    outer loop
      vertex 16.0381 -8.17183 11.5
      vertex 14.6125 -7.44544 11.5
      vertex 15.7049 -8.79518 11.5
    endloop
  endfacet
  facet normal -0 0 1
    outer loop
      vertex 14.3089 -8.01339 11.5
      vertex 15.7049 -8.79518 11.5
      vertex 14.6125 -7.44544 11.5
    endloop
  endfacet
  facet normal 0 0 1
    outer loop
      vertex 15.7049 -8.79518 11.5
      vertex 14.3089 -8.01339 11.5
      vertex 15.3475 -9.40497 11.5
    endloop
  endfacet
  facet normal -0 0 1
    outer loop
      vertex 13.9833 -8.56898 11.5
      vertex 15.3475 -9.40497 11.5
      vertex 14.3089 -8.01339 11.5
    endloop
  endfacet
  facet normal 0 0 1
    outer loop
      vertex 15.3475 -9.40497 11.5
      vertex 13.9833 -8.56898 11.5
      vertex 14.9665 -10.0003 11.5
    endloop
  endfacet
  facet normal -0 0 1
    outer loop
      vertex 13.6361 -9.11135 11.5
      vertex 14.9665 -10.0003 11.5
      vertex 13.9833 -8.56898 11.5
    endloop
  endfacet
  facet normal 0 0 1
    outer loop
      vertex 14.9665 -10.0003 11.5
      vertex 13.6361 -9.11135 11.5
      vertex 14.5623 -10.5801 11.5
    endloop
  endfacet
  facet normal -0 0 1
    outer loop
      vertex 13.2679 -9.63968 11.5
      vertex 14.5623 -10.5801 11.5
      vertex 13.6361 -9.11135 11.5
    endloop
  endfacet
  facet normal 0 0 1
    outer loop
      vertex 14.5623 -10.5801 11.5
      vertex 13.2679 -9.63968 11.5
      vertex 14.1357 -11.1437 11.5
    endloop
  endfacet
  facet normal -0 0 1
    outer loop
      vertex 12.8792 -10.1531 11.5
      vertex 14.1357 -11.1437 11.5
      vertex 13.2679 -9.63968 11.5
    endloop
  endfacet
  facet normal 0 0 1
    outer loop
      vertex 14.1357 -11.1437 11.5
      vertex 12.8792 -10.1531 11.5
      vertex 13.6873 -11.6901 11.5
    endloop
  endfacet
  facet normal -0 0 1
    outer loop
      vertex 12.4707 -10.6509 11.5
      vertex 13.6873 -11.6901 11.5
      vertex 12.8792 -10.1531 11.5
    endloop
  endfacet
  facet normal 0 0 1
    outer loop
      vertex 13.6873 -11.6901 11.5
      vertex 12.4707 -10.6509 11.5
      vertex 13.2178 -12.2184 11.5
    endloop
  endfacet
  facet normal -0 0 1
    outer loop
      vertex 12.0429 -11.1323 11.5
      vertex 13.2178 -12.2184 11.5
      vertex 12.4707 -10.6509 11.5
    endloop
  endfacet
  facet normal 0 0 1
    outer loop
      vertex 13.2178 -12.2184 11.5
      vertex 12.0429 -11.1323 11.5
      vertex 12.7279 -12.7279 11.5
    endloop
  endfacet
  facet normal -0 0 1
    outer loop
      vertex 11.5966 -11.5966 11.5
      vertex 12.7279 -12.7279 11.5
      vertex 12.0429 -11.1323 11.5
    endloop
  endfacet
  facet normal 0 0 1
    outer loop
      vertex 12.7279 -12.7279 11.5
      vertex 11.5966 -11.5966 11.5
      vertex 12.2184 -13.2178 11.5
    endloop
  endfacet
  facet normal -0 0 1
    outer loop
      vertex 11.1323 -12.0429 11.5
      vertex 12.2184 -13.2178 11.5
      vertex 11.5966 -11.5966 11.5
    endloop
  endfacet
  facet normal 0 0 1
    outer loop
      vertex 12.2184 -13.2178 11.5
      vertex 11.1323 -12.0429 11.5
      vertex 11.6901 -13.6873 11.5
    endloop
  endfacet
  facet normal -0 0 1
    outer loop
      vertex 10.6509 -12.4707 11.5
      vertex 11.6901 -13.6873 11.5
      vertex 11.1323 -12.0429 11.5
    endloop
  endfacet
  facet normal 0 0 1
    outer loop
      vertex 11.6901 -13.6873 11.5
      vertex 10.6509 -12.4707 11.5
      vertex 11.1437 -14.1357 11.5
    endloop
  endfacet
  facet normal -0 0 1
    outer loop
      vertex 10.1531 -12.8792 11.5
      vertex 11.1437 -14.1357 11.5
      vertex 10.6509 -12.4707 11.5
    endloop
  endfacet
  facet normal 0 0 1
    outer loop
      vertex 11.1437 -14.1357 11.5
      vertex 10.1531 -12.8792 11.5
      vertex 10.5801 -14.5623 11.5
    endloop
  endfacet
  facet normal -0 0 1
    outer loop
      vertex 9.63968 -13.2679 11.5
      vertex 10.5801 -14.5623 11.5
      vertex 10.1531 -12.8792 11.5
    endloop
  endfacet
  facet normal 0 0 1
    outer loop
      vertex 10.5801 -14.5623 11.5
      vertex 9.63968 -13.2679 11.5
      vertex 10.0003 -14.9665 11.5
    endloop
  endfacet
  facet normal -0 0 1
    outer loop
      vertex 9.11135 -13.6361 11.5
      vertex 10.0003 -14.9665 11.5
      vertex 9.63968 -13.2679 11.5
    endloop
  endfacet
  facet normal 0 0 1
    outer loop
      vertex 10.0003 -14.9665 11.5
      vertex 9.11135 -13.6361 11.5
      vertex 9.40497 -15.3475 11.5
    endloop
  endfacet
  facet normal -0 0 1
    outer loop
      vertex 8.56898 -13.9833 11.5
      vertex 9.40497 -15.3475 11.5
      vertex 9.11135 -13.6361 11.5
    endloop
  endfacet
  facet normal 0 0 1
    outer loop
      vertex 9.40497 -15.3475 11.5
      vertex 8.56898 -13.9833 11.5
      vertex 8.79518 -15.7049 11.5
    endloop
  endfacet
  facet normal -0 0 1
    outer loop
      vertex 8.01339 -14.3089 11.5
      vertex 8.79518 -15.7049 11.5
      vertex 8.56898 -13.9833 11.5
    endloop
  endfacet
  facet normal 0 0 1
    outer loop
      vertex 8.79518 -15.7049 11.5
      vertex 8.01339 -14.3089 11.5
      vertex 8.17183 -16.0381 11.5
    endloop
  endfacet
  facet normal -0 0 1
    outer loop
      vertex 7.44544 -14.6125 11.5
      vertex 8.17183 -16.0381 11.5
      vertex 8.01339 -14.3089 11.5
    endloop
  endfacet
  facet normal 0 0 1
    outer loop
      vertex 8.17183 -16.0381 11.5
      vertex 7.44544 -14.6125 11.5
      vertex 7.53587 -16.3466 11.5
    endloop
  endfacet
  facet normal -0 0 1
    outer loop
      vertex 6.86602 -14.8935 11.5
      vertex 7.53587 -16.3466 11.5
      vertex 7.44544 -14.6125 11.5
    endloop
  endfacet
  facet normal 0 0 1
    outer loop
      vertex 7.53587 -16.3466 11.5
      vertex 6.86602 -14.8935 11.5
      vertex 6.8883 -16.6298 11.5
    endloop
  endfacet
  facet normal -0 0 1
    outer loop
      vertex 6.27601 -15.1516 11.5
      vertex 6.8883 -16.6298 11.5
      vertex 6.86602 -14.8935 11.5
    endloop
  endfacet
  facet normal 0 0 1
    outer loop
      vertex 6.27601 -15.1516 11.5
      vertex 6.23011 -16.8874 11.5
      vertex 6.8883 -16.6298 11.5
    endloop
  endfacet
  facet normal -0 0 1
    outer loop
      vertex 5.67632 -15.3863 11.5
      vertex 6.23011 -16.8874 11.5
      vertex 6.27601 -15.1516 11.5
    endloop
  endfacet
  facet normal 0 0 1
    outer loop
      vertex 5.67632 -15.3863 11.5
      vertex 5.56231 -17.119 11.5
      vertex 6.23011 -16.8874 11.5
    endloop
  endfacet
  facet normal -0 0 1
    outer loop
      vertex 5.06788 -15.5973 11.5
      vertex 5.56231 -17.119 11.5
      vertex 5.67632 -15.3863 11.5
    endloop
  endfacet
  facet normal 0 0 1
    outer loop
      vertex 5.06788 -15.5973 11.5
      vertex 4.88593 -17.3242 11.5
      vertex 5.56231 -17.119 11.5
    endloop
  endfacet
  facet normal -0 0 1
    outer loop
      vertex 4.45162 -15.7843 11.5
      vertex 4.88593 -17.3242 11.5
      vertex 5.06788 -15.5973 11.5
    endloop
  endfacet
  facet normal 0 0 1
    outer loop
      vertex 4.45162 -15.7843 11.5
      vertex 4.20202 -17.5027 11.5
      vertex 4.88593 -17.3242 11.5
    endloop
  endfacet
  facet normal -0 0 1
    outer loop
      vertex 3.8285 -15.9469 11.5
      vertex 4.20202 -17.5027 11.5
      vertex 4.45162 -15.7843 11.5
    endloop
  endfacet
  facet normal 0 0 1
    outer loop
      vertex 3.8285 -15.9469 11.5
      vertex 3.51163 -17.6541 11.5
      vertex 4.20202 -17.5027 11.5
    endloop
  endfacet
  facet normal -0 0 1
    outer loop
      vertex 3.19948 -16.0849 11.5
      vertex 3.51163 -17.6541 11.5
      vertex 3.8285 -15.9469 11.5
    endloop
  endfacet
  facet normal 0 0 1
    outer loop
      vertex 3.19948 -16.0849 11.5
      vertex 2.81582 -17.7784 11.5
      vertex 3.51163 -17.6541 11.5
    endloop
  endfacet
  facet normal -0 0 1
    outer loop
      vertex 2.56553 -16.1981 11.5
      vertex 2.81582 -17.7784 11.5
      vertex 3.19948 -16.0849 11.5
    endloop
  endfacet
  facet normal 0 0 1
    outer loop
      vertex 2.56553 -16.1981 11.5
      vertex 2.11567 -17.8752 11.5
      vertex 2.81582 -17.7784 11.5
    endloop
  endfacet
  facet normal -0 0 1
    outer loop
      vertex 1.92761 -16.2863 11.5
      vertex 2.11567 -17.8752 11.5
      vertex 2.56553 -16.1981 11.5
    endloop
  endfacet
  facet normal 0 0 1
    outer loop
      vertex 1.92761 -16.2863 11.5
      vertex 1.41226 -17.9445 11.5
      vertex 2.11567 -17.8752 11.5
    endloop
  endfacet
  facet normal -0 0 1
    outer loop
      vertex 1.28673 -16.3494 11.5
      vertex 1.41226 -17.9445 11.5
      vertex 1.92761 -16.2863 11.5
    endloop
  endfacet
  facet normal 0 0 1
    outer loop
      vertex 1.28673 -16.3494 11.5
      vertex 0.706676 -17.9861 11.5
      vertex 1.41226 -17.9445 11.5
    endloop
  endfacet
  facet normal -0 0 1
    outer loop
      vertex 0.643861 -16.3874 11.5
      vertex 0.706676 -17.9861 11.5
      vertex 1.28673 -16.3494 11.5
    endloop
  endfacet
  facet normal -0 0 1
    outer loop
      vertex 0 -16.4 11.5
      vertex 0.706676 -17.9861 11.5
      vertex 0.643861 -16.3874 11.5
    endloop
  endfacet
  facet normal 0 0 1
    outer loop
      vertex 0 -16.4 11.5
      vertex 0 -18 11.5
      vertex 0.706676 -17.9861 11.5
    endloop
  endfacet
  facet normal 0 0 1
    outer loop
      vertex -0.643861 -16.3874 11.5
      vertex 0 -18 11.5
      vertex 0 -16.4 11.5
    endloop
  endfacet
  facet normal 0 0 1
    outer loop
      vertex -0.643861 -16.3874 11.5
      vertex -0.706676 -17.9861 11.5
      vertex 0 -18 11.5
    endloop
  endfacet
  facet normal 0 0 1
    outer loop
      vertex -1.28673 -16.3494 11.5
      vertex -0.706676 -17.9861 11.5
      vertex -0.643861 -16.3874 11.5
    endloop
  endfacet
  facet normal 0 0 1
    outer loop
      vertex -1.28673 -16.3494 11.5
      vertex -1.41226 -17.9445 11.5
      vertex -0.706676 -17.9861 11.5
    endloop
  endfacet
  facet normal 0 0 1
    outer loop
      vertex -1.92761 -16.2863 11.5
      vertex -1.41226 -17.9445 11.5
      vertex -1.28673 -16.3494 11.5
    endloop
  endfacet
  facet normal 0 0 1
    outer loop
      vertex -1.92761 -16.2863 11.5
      vertex -2.11567 -17.8752 11.5
      vertex -1.41226 -17.9445 11.5
    endloop
  endfacet
  facet normal 0 0 1
    outer loop
      vertex -2.56553 -16.1981 11.5
      vertex -2.11567 -17.8752 11.5
      vertex -1.92761 -16.2863 11.5
    endloop
  endfacet
  facet normal 0 0 1
    outer loop
      vertex -2.56553 -16.1981 11.5
      vertex -2.81582 -17.7784 11.5
      vertex -2.11567 -17.8752 11.5
    endloop
  endfacet
  facet normal 0 0 1
    outer loop
      vertex -3.19948 -16.0849 11.5
      vertex -2.81582 -17.7784 11.5
      vertex -2.56553 -16.1981 11.5
    endloop
  endfacet
  facet normal 0 0 1
    outer loop
      vertex -3.19948 -16.0849 11.5
      vertex -3.51163 -17.6541 11.5
      vertex -2.81582 -17.7784 11.5
    endloop
  endfacet
  facet normal 0 0 1
    outer loop
      vertex -3.8285 -15.9469 11.5
      vertex -3.51163 -17.6541 11.5
      vertex -3.19948 -16.0849 11.5
    endloop
  endfacet
  facet normal 0 0 1
    outer loop
      vertex -3.8285 -15.9469 11.5
      vertex -4.20202 -17.5027 11.5
      vertex -3.51163 -17.6541 11.5
    endloop
  endfacet
  facet normal 0 0 1
    outer loop
      vertex -4.45162 -15.7843 11.5
      vertex -4.20202 -17.5027 11.5
      vertex -3.8285 -15.9469 11.5
    endloop
  endfacet
  facet normal 0 0 1
    outer loop
      vertex -4.45162 -15.7843 11.5
      vertex -4.88593 -17.3242 11.5
      vertex -4.20202 -17.5027 11.5
    endloop
  endfacet
  facet normal 0 0 1
    outer loop
      vertex -5.06788 -15.5973 11.5
      vertex -4.88593 -17.3242 11.5
      vertex -4.45162 -15.7843 11.5
    endloop
  endfacet
  facet normal 0 0 1
    outer loop
      vertex -5.06788 -15.5973 11.5
      vertex -5.56231 -17.119 11.5
      vertex -4.88593 -17.3242 11.5
    endloop
  endfacet
  facet normal 0 0 1
    outer loop
      vertex -5.67632 -15.3863 11.5
      vertex -5.56231 -17.119 11.5
      vertex -5.06788 -15.5973 11.5
    endloop
  endfacet
  facet normal 0 0 1
    outer loop
      vertex -5.67632 -15.3863 11.5
      vertex -6.23011 -16.8874 11.5
      vertex -5.56231 -17.119 11.5
    endloop
  endfacet
  facet normal 0 0 1
    outer loop
      vertex -6.27601 -15.1516 11.5
      vertex -6.23011 -16.8874 11.5
      vertex -5.67632 -15.3863 11.5
    endloop
  endfacet
  facet normal 0 0 1
    outer loop
      vertex -6.8883 -16.6298 11.5
      vertex -6.27601 -15.1516 11.5
      vertex -6.86602 -14.8935 11.5
    endloop
  endfacet
  facet normal 0 0 1
    outer loop
      vertex -6.27601 -15.1516 11.5
      vertex -6.8883 -16.6298 11.5
      vertex -6.23011 -16.8874 11.5
    endloop
  endfacet
  facet normal 0 0 1
    outer loop
      vertex -7.53587 -16.3466 11.5
      vertex -6.86602 -14.8935 11.5
      vertex -7.44544 -14.6125 11.5
    endloop
  endfacet
  facet normal 0 0 1
    outer loop
      vertex -6.86602 -14.8935 11.5
      vertex -7.53587 -16.3466 11.5
      vertex -6.8883 -16.6298 11.5
    endloop
  endfacet
  facet normal 0 0 1
    outer loop
      vertex -8.17183 -16.0381 11.5
      vertex -7.44544 -14.6125 11.5
      vertex -8.01339 -14.3089 11.5
    endloop
  endfacet
  facet normal 0 0 1
    outer loop
      vertex -7.44544 -14.6125 11.5
      vertex -8.17183 -16.0381 11.5
      vertex -7.53587 -16.3466 11.5
    endloop
  endfacet
  facet normal 0 0 1
    outer loop
      vertex -8.79518 -15.7049 11.5
      vertex -8.01339 -14.3089 11.5
      vertex -8.56898 -13.9833 11.5
    endloop
  endfacet
  facet normal 0 0 1
    outer loop
      vertex -8.01339 -14.3089 11.5
      vertex -8.79518 -15.7049 11.5
      vertex -8.17183 -16.0381 11.5
    endloop
  endfacet
  facet normal 0 0 1
    outer loop
      vertex -9.40497 -15.3475 11.5
      vertex -8.56898 -13.9833 11.5
      vertex -9.11135 -13.6361 11.5
    endloop
  endfacet
  facet normal 0 0 1
    outer loop
      vertex -8.56898 -13.9833 11.5
      vertex -9.40497 -15.3475 11.5
      vertex -8.79518 -15.7049 11.5
    endloop
  endfacet
  facet normal 0 0 1
    outer loop
      vertex -10.0003 -14.9665 11.5
      vertex -9.11135 -13.6361 11.5
      vertex -9.63968 -13.2679 11.5
    endloop
  endfacet
  facet normal 0 0 1
    outer loop
      vertex -9.11135 -13.6361 11.5
      vertex -10.0003 -14.9665 11.5
      vertex -9.40497 -15.3475 11.5
    endloop
  endfacet
  facet normal 0 0 1
    outer loop
      vertex -10.5801 -14.5623 11.5
      vertex -9.63968 -13.2679 11.5
      vertex -10.1531 -12.8792 11.5
    endloop
  endfacet
  facet normal 0 0 1
    outer loop
      vertex -9.63968 -13.2679 11.5
      vertex -10.5801 -14.5623 11.5
      vertex -10.0003 -14.9665 11.5
    endloop
  endfacet
  facet normal 0 0 1
    outer loop
      vertex -11.1437 -14.1357 11.5
      vertex -10.1531 -12.8792 11.5
      vertex -10.6509 -12.4707 11.5
    endloop
  endfacet
  facet normal 0 0 1
    outer loop
      vertex -11.6901 -13.6873 11.5
      vertex -10.6509 -12.4707 11.5
      vertex -11.1323 -12.0429 11.5
    endloop
  endfacet
  facet normal 0 0 1
    outer loop
      vertex -10.1531 -12.8792 11.5
      vertex -11.1437 -14.1357 11.5
      vertex -10.5801 -14.5623 11.5
    endloop
  endfacet
  facet normal 0 0 1
    outer loop
      vertex -12.2184 -13.2178 11.5
      vertex -11.1323 -12.0429 11.5
      vertex -11.5966 -11.5966 11.5
    endloop
  endfacet
  facet normal 0 0 1
    outer loop
      vertex -10.6509 -12.4707 11.5
      vertex -11.6901 -13.6873 11.5
      vertex -11.1437 -14.1357 11.5
    endloop
  endfacet
  facet normal 0 0 1
    outer loop
      vertex -12.7279 -12.7279 11.5
      vertex -11.5966 -11.5966 11.5
      vertex -12.0429 -11.1323 11.5
    endloop
  endfacet
  facet normal 0 0 1
    outer loop
      vertex -11.1323 -12.0429 11.5
      vertex -12.2184 -13.2178 11.5
      vertex -11.6901 -13.6873 11.5
    endloop
  endfacet
  facet normal 0 0 1
    outer loop
      vertex -13.2178 -12.2184 11.5
      vertex -12.0429 -11.1323 11.5
      vertex -12.4707 -10.6509 11.5
    endloop
  endfacet
  facet normal 0 0 1
    outer loop
      vertex -11.5966 -11.5966 11.5
      vertex -12.7279 -12.7279 11.5
      vertex -12.2184 -13.2178 11.5
    endloop
  endfacet
  facet normal 0 0 1
    outer loop
      vertex -13.6873 -11.6901 11.5
      vertex -12.4707 -10.6509 11.5
      vertex -12.8792 -10.1531 11.5
    endloop
  endfacet
  facet normal 0 0 1
    outer loop
      vertex -12.0429 -11.1323 11.5
      vertex -13.2178 -12.2184 11.5
      vertex -12.7279 -12.7279 11.5
    endloop
  endfacet
  facet normal 0 0 1
    outer loop
      vertex -14.1357 -11.1437 11.5
      vertex -12.8792 -10.1531 11.5
      vertex -13.2679 -9.63968 11.5
    endloop
  endfacet
  facet normal 0 0 1
    outer loop
      vertex -14.5623 -10.5801 11.5
      vertex -13.2679 -9.63968 11.5
      vertex -13.6361 -9.11135 11.5
    endloop
  endfacet
  facet normal 0 0 1
    outer loop
      vertex -12.4707 -10.6509 11.5
      vertex -13.6873 -11.6901 11.5
      vertex -13.2178 -12.2184 11.5
    endloop
  endfacet
  facet normal 0 0 1
    outer loop
      vertex -14.9665 -10.0003 11.5
      vertex -13.6361 -9.11135 11.5
      vertex -13.9833 -8.56898 11.5
    endloop
  endfacet
  facet normal 0 0 1
    outer loop
      vertex -12.8792 -10.1531 11.5
      vertex -14.1357 -11.1437 11.5
      vertex -13.6873 -11.6901 11.5
    endloop
  endfacet
  facet normal 0 0 1
    outer loop
      vertex -15.3475 -9.40497 11.5
      vertex -13.9833 -8.56898 11.5
      vertex -14.3089 -8.01339 11.5
    endloop
  endfacet
  facet normal 0 0 1
    outer loop
      vertex -13.2679 -9.63968 11.5
      vertex -14.5623 -10.5801 11.5
      vertex -14.1357 -11.1437 11.5
    endloop
  endfacet
  facet normal 0 0 1
    outer loop
      vertex -15.7049 -8.79518 11.5
      vertex -14.3089 -8.01339 11.5
      vertex -14.6125 -7.44544 11.5
    endloop
  endfacet
  facet normal 0 0 1
    outer loop
      vertex -16.0381 -8.17183 11.5
      vertex -14.6125 -7.44544 11.5
      vertex -14.8935 -6.86602 11.5
    endloop
  endfacet
  facet normal 0 0 1
    outer loop
      vertex -13.6361 -9.11135 11.5
      vertex -14.9665 -10.0003 11.5
      vertex -14.5623 -10.5801 11.5
    endloop
  endfacet
  facet normal 0 0 1
    outer loop
      vertex -16.3466 -7.53587 11.5
      vertex -14.8935 -6.86602 11.5
      vertex -15.1516 -6.27601 11.5
    endloop
  endfacet
  facet normal 0 0 1
    outer loop
      vertex -13.9833 -8.56898 11.5
      vertex -15.3475 -9.40497 11.5
      vertex -14.9665 -10.0003 11.5
    endloop
  endfacet
  facet normal 0 0 1
    outer loop
      vertex -16.6298 -6.8883 11.5
      vertex -15.1516 -6.27601 11.5
      vertex -15.3863 -5.67632 11.5
    endloop
  endfacet
  facet normal 0 0 1
    outer loop
      vertex -16.8874 -6.23011 11.5
      vertex -15.3863 -5.67632 11.5
      vertex -15.5973 -5.06788 11.5
    endloop
  endfacet
  facet normal 0 0 1
    outer loop
      vertex -14.3089 -8.01339 11.5
      vertex -15.7049 -8.79518 11.5
      vertex -15.3475 -9.40497 11.5
    endloop
  endfacet
  facet normal 0 0 1
    outer loop
      vertex -17.119 -5.56231 11.5
      vertex -15.5973 -5.06788 11.5
      vertex -15.7843 -4.45162 11.5
    endloop
  endfacet
  facet normal 0 0 1
    outer loop
      vertex -17.3242 -4.88593 11.5
      vertex -15.7843 -4.45162 11.5
      vertex -15.9469 -3.8285 11.5
    endloop
  endfacet
  facet normal 0 0 1
    outer loop
      vertex -14.6125 -7.44544 11.5
      vertex -16.0381 -8.17183 11.5
      vertex -15.7049 -8.79518 11.5
    endloop
  endfacet
  facet normal 0 0 1
    outer loop
      vertex -17.5027 -4.20202 11.5
      vertex -15.9469 -3.8285 11.5
      vertex -16.0849 -3.19948 11.5
    endloop
  endfacet
  facet normal 0 0 1
    outer loop
      vertex -17.6541 -3.51163 11.5
      vertex -16.0849 -3.19948 11.5
      vertex -16.1981 -2.56553 11.5
    endloop
  endfacet
  facet normal 0 0 1
    outer loop
      vertex -17.7784 -2.81582 11.5
      vertex -16.1981 -2.56553 11.5
      vertex -16.2863 -1.92761 11.5
    endloop
  endfacet
  facet normal 0 0 1
    outer loop
      vertex -14.8935 -6.86602 11.5
      vertex -16.3466 -7.53587 11.5
      vertex -16.0381 -8.17183 11.5
    endloop
  endfacet
  facet normal 0 0 1
    outer loop
      vertex -17.8752 -2.11567 11.5
      vertex -16.2863 -1.92761 11.5
      vertex -16.3494 -1.28673 11.5
    endloop
  endfacet
  facet normal 0 0 1
    outer loop
      vertex -17.9445 -1.41226 11.5
      vertex -16.3494 -1.28673 11.5
      vertex -16.3874 -0.643861 11.5
    endloop
  endfacet
  facet normal 0 0 1
    outer loop
      vertex -17.9861 -0.706676 11.5
      vertex -16.3874 -0.643861 11.5
      vertex -16.4 0 11.5
    endloop
  endfacet
  facet normal 0 0 1
    outer loop
      vertex -16.0849 3.19948 11.5
      vertex -17.6541 3.51163 11.5
      vertex -16.1981 2.56553 11.5
    endloop
  endfacet
  facet normal 0 0 1
    outer loop
      vertex -15.1516 -6.27601 11.5
      vertex -16.6298 -6.8883 11.5
      vertex -16.3466 -7.53587 11.5
    endloop
  endfacet
  facet normal -0 0 1
    outer loop
      vertex -17.7784 2.81582 11.5
      vertex -16.1981 2.56553 11.5
      vertex -17.6541 3.51163 11.5
    endloop
  endfacet
  facet normal 0 0 1
    outer loop
      vertex -15.3863 -5.67632 11.5
      vertex -16.8874 -6.23011 11.5
      vertex -16.6298 -6.8883 11.5
    endloop
  endfacet
  facet normal 0 0 1
    outer loop
      vertex -16.1981 2.56553 11.5
      vertex -17.7784 2.81582 11.5
      vertex -16.2863 1.92761 11.5
    endloop
  endfacet
  facet normal 0 0 1
    outer loop
      vertex -15.5973 -5.06788 11.5
      vertex -17.119 -5.56231 11.5
      vertex -16.8874 -6.23011 11.5
    endloop
  endfacet
  facet normal -0 0 1
    outer loop
      vertex -17.8752 2.11567 11.5
      vertex -16.2863 1.92761 11.5
      vertex -17.7784 2.81582 11.5
    endloop
  endfacet
  facet normal 0 0 1
    outer loop
      vertex -15.7843 -4.45162 11.5
      vertex -17.3242 -4.88593 11.5
      vertex -17.119 -5.56231 11.5
    endloop
  endfacet
  facet normal 0 0 1
    outer loop
      vertex -16.2863 1.92761 11.5
      vertex -17.8752 2.11567 11.5
      vertex -16.3494 1.28673 11.5
    endloop
  endfacet
  facet normal 0 0 1
    outer loop
      vertex -15.9469 -3.8285 11.5
      vertex -17.5027 -4.20202 11.5
      vertex -17.3242 -4.88593 11.5
    endloop
  endfacet
  facet normal -0 0 1
    outer loop
      vertex -17.9445 1.41226 11.5
      vertex -16.3494 1.28673 11.5
      vertex -17.8752 2.11567 11.5
    endloop
  endfacet
  facet normal 0 0 1
    outer loop
      vertex -16.0849 -3.19948 11.5
      vertex -17.6541 -3.51163 11.5
      vertex -17.5027 -4.20202 11.5
    endloop
  endfacet
  facet normal 0 0 1
    outer loop
      vertex -16.3494 1.28673 11.5
      vertex -17.9445 1.41226 11.5
      vertex -16.3874 0.643861 11.5
    endloop
  endfacet
  facet normal 0 0 1
    outer loop
      vertex -16.1981 -2.56553 11.5
      vertex -17.7784 -2.81582 11.5
      vertex -17.6541 -3.51163 11.5
    endloop
  endfacet
  facet normal -0 0 1
    outer loop
      vertex -17.9861 0.706676 11.5
      vertex -16.3874 0.643861 11.5
      vertex -17.9445 1.41226 11.5
    endloop
  endfacet
  facet normal 0 0 1
    outer loop
      vertex -16.2863 -1.92761 11.5
      vertex -17.8752 -2.11567 11.5
      vertex -17.7784 -2.81582 11.5
    endloop
  endfacet
  facet normal 0 0 1
    outer loop
      vertex -16.3874 0.643861 11.5
      vertex -17.9861 0.706676 11.5
      vertex -16.4 0 11.5
    endloop
  endfacet
  facet normal 0 0 1
    outer loop
      vertex -16.3494 -1.28673 11.5
      vertex -17.9445 -1.41226 11.5
      vertex -17.8752 -2.11567 11.5
    endloop
  endfacet
  facet normal 0 0 1
    outer loop
      vertex -18 0 11.5
      vertex -16.4 0 11.5
      vertex -17.9861 0.706676 11.5
    endloop
  endfacet
  facet normal 0 0 1
    outer loop
      vertex -16.3874 -0.643861 11.5
      vertex -17.9861 -0.706676 11.5
      vertex -17.9445 -1.41226 11.5
    endloop
  endfacet
  facet normal 0 0 1
    outer loop
      vertex -16.4 0 11.5
      vertex -18 0 11.5
      vertex -17.9861 -0.706676 11.5
    endloop
  endfacet
  facet normal -0.505653 0.862737 0
    outer loop
      vertex -8.79518 15.7049 0
      vertex -9.40497 15.3475 11.5
      vertex -8.79518 15.7049 11.5
    endloop
  endfacet
  facet normal -0.505653 0.862737 0
    outer loop
      vertex -9.40497 15.3475 11.5
      vertex -8.79518 15.7049 0
      vertex -9.40497 15.3475 0
    endloop
  endfacet
  facet normal -0.47141 0.881914 0
    outer loop
      vertex -8.17183 16.0381 0
      vertex -8.79518 15.7049 11.5
      vertex -8.17183 16.0381 11.5
    endloop
  endfacet
  facet normal -0.47141 0.881914 0
    outer loop
      vertex -8.79518 15.7049 11.5
      vertex -8.17183 16.0381 0
      vertex -8.79518 15.7049 0
    endloop
  endfacet
  facet normal -0.603525 0.797344 0
    outer loop
      vertex -10.5801 14.5623 0
      vertex -11.1437 14.1357 11.5
      vertex -10.5801 14.5623 11.5
    endloop
  endfacet
  facet normal -0.603525 0.797344 0
    outer loop
      vertex -11.1437 14.1357 11.5
      vertex -10.5801 14.5623 0
      vertex -11.1437 14.1357 0
    endloop
  endfacet
  facet normal -0.290314 0.956932 0
    outer loop
      vertex -4.88593 17.3242 0
      vertex -5.56231 17.119 11.5
      vertex -4.88593 17.3242 11.5
    endloop
  endfacet
  facet normal -0.290314 0.956932 0
    outer loop
      vertex -5.56231 17.119 11.5
      vertex -4.88593 17.3242 0
      vertex -5.56231 17.119 0
    endloop
  endfacet
  facet normal -0.327664 0.944794 0
    outer loop
      vertex -5.56231 17.119 0
      vertex -6.23011 16.8874 11.5
      vertex -5.56231 17.119 11.5
    endloop
  endfacet
  facet normal -0.327664 0.944794 0
    outer loop
      vertex -6.23011 16.8874 11.5
      vertex -5.56231 17.119 0
      vertex -6.23011 16.8874 0
    endloop
  endfacet
  facet normal -0.0196657 0.999807 0
    outer loop
      vertex 0 18 0
      vertex -0.706676 17.9861 11.5
      vertex 0 18 11.5
    endloop
  endfacet
  facet normal -0.0196657 0.999807 0
    outer loop
      vertex -0.706676 17.9861 11.5
      vertex 0 18 0
      vertex -0.706676 17.9861 0
    endloop
  endfacet
  facet normal 0.0196657 -0.999807 0
    outer loop
      vertex 0 -18 0
      vertex 0.706676 -17.9861 3.2
      vertex 0 -18 3.2
    endloop
  endfacet
  facet normal 0.0196657 -0.999807 0
    outer loop
      vertex 0.706676 -17.9861 3.2
      vertex 0 -18 0
      vertex 0.706676 -17.9861 0
    endloop
  endfacet
  facet normal 0.0196657 -0.999807 0
    outer loop
      vertex 0 -18 9
      vertex 0.706676 -17.9861 11.5
      vertex 0 -18 11.5
    endloop
  endfacet
  facet normal 0.0196657 -0.999807 0
    outer loop
      vertex 0.706676 -17.9861 11.5
      vertex 0 -18 9
      vertex 0.706676 -17.9861 9
    endloop
  endfacet
  facet normal 0.0980454 -0.995182 0
    outer loop
      vertex 1.41226 -17.9445 0
      vertex 2.11567 -17.8752 3.2
      vertex 1.41226 -17.9445 3.2
    endloop
  endfacet
  facet normal 0.0980454 -0.995182 0
    outer loop
      vertex 2.11567 -17.8752 3.2
      vertex 1.41226 -17.9445 0
      vertex 2.11567 -17.8752 0
    endloop
  endfacet
  facet normal 0.0980454 -0.995182 0
    outer loop
      vertex 1.41226 -17.9445 9
      vertex 2.11567 -17.8752 11.5
      vertex 1.41226 -17.9445 11.5
    endloop
  endfacet
  facet normal 0.0980454 -0.995182 0
    outer loop
      vertex 2.11567 -17.8752 11.5
      vertex 1.41226 -17.9445 9
      vertex 2.11567 -17.8752 9
    endloop
  endfacet
  facet normal 0.17597 -0.984395 0
    outer loop
      vertex 2.81582 -17.7784 3.2
      vertex 2.81582 -17.7784 0
      vertex 3.1 -17.7276 3.2
    endloop
  endfacet
  facet normal 0.175857 -0.984416 1.04225e-05
    outer loop
      vertex 3.51163 -17.6541 0
      vertex 3.1 -17.7276 3.2
      vertex 2.81582 -17.7784 0
    endloop
  endfacet
  facet normal 0.175537 -0.984473 -3.20375e-05
    outer loop
      vertex 3.1 -17.7276 3.2
      vertex 3.51163 -17.6541 0
      vertex 3.21385 -17.7073 3.20224
    endloop
  endfacet
  facet normal 0.175791 -0.984427 -7.64357e-06
    outer loop
      vertex 3.21385 -17.7073 3.20224
      vertex 3.51163 -17.6541 0
      vertex 3.32753 -17.687 3.20894
    endloop
  endfacet
  facet normal 0.175477 -0.984483 -2.62108e-05
    outer loop
      vertex 3.32753 -17.687 3.20894
      vertex 3.51163 -17.6541 0
      vertex 3.44086 -17.6668 3.2201
    endloop
  endfacet
  facet normal 0.176633 -0.984277 0
    outer loop
      vertex 3.44086 -17.6668 3.2201
      vertex 3.51163 -17.6541 0
      vertex 3.51163 -17.6541 3.22989
    endloop
  endfacet
  facet normal 0.17597 -0.984395 0
    outer loop
      vertex 3.1 -17.7276 9
      vertex 2.81582 -17.7784 11.5
      vertex 2.81582 -17.7784 9
    endloop
  endfacet
  facet normal 0.175857 -0.984416 -1.33408e-05
    outer loop
      vertex 2.81582 -17.7784 11.5
      vertex 3.1 -17.7276 9
      vertex 3.51163 -17.6541 11.5
    endloop
  endfacet
  facet normal 0.175537 -0.984473 4.0979e-05
    outer loop
      vertex 3.21385 -17.7073 8.99776
      vertex 3.51163 -17.6541 11.5
      vertex 3.1 -17.7276 9
    endloop
  endfacet
  facet normal 0.175791 -0.984427 9.76696e-06
    outer loop
      vertex 3.32753 -17.687 8.99106
      vertex 3.51163 -17.6541 11.5
      vertex 3.21385 -17.7073 8.99776
    endloop
  endfacet
  facet normal 0.175478 -0.984483 3.34712e-05
    outer loop
      vertex 3.44086 -17.6668 8.9799
      vertex 3.51163 -17.6541 11.5
      vertex 3.32753 -17.687 8.99106
    endloop
  endfacet
  facet normal 0.176633 -0.984277 0
    outer loop
      vertex 3.51163 -17.6541 11.5
      vertex 3.44086 -17.6668 8.9799
      vertex 3.51163 -17.6541 8.97011
    endloop
  endfacet
  facet normal 0.290314 -0.956932 0
    outer loop
      vertex 5.56231 -17.119 0
      vertex 4.88593 -17.3242 3.81543
      vertex 4.88593 -17.3242 0
    endloop
  endfacet
  facet normal 0.293263 -0.956032 0.000571319
    outer loop
      vertex 4.88593 -17.3242 3.81543
      vertex 5.56231 -17.119 0
      vertex 4.89537 -17.3213 3.82258
    endloop
  endfacet
  facet normal 0.290251 -0.956951 -2.91303e-06
    outer loop
      vertex 4.89537 -17.3213 3.82258
      vertex 5.56231 -17.119 0
      vertex 4.9834 -17.2946 3.89482
    endloop
  endfacet
  facet normal 0.290093 -0.956998 -2.8543e-05
    outer loop
      vertex 4.9834 -17.2946 3.89482
      vertex 5.56231 -17.119 0
      vertex 5.06852 -17.2688 3.97046
    endloop
  endfacet
  facet normal 0.29027 -0.956945 -4.48695e-06
    outer loop
      vertex 5.06852 -17.2688 3.97046
      vertex 5.56231 -17.119 0
      vertex 5.15061 -17.2439 4.04939
    endloop
  endfacet
  facet normal 0.289854 -0.957071 -5.0714e-05
    outer loop
      vertex 5.15061 -17.2439 4.04939
      vertex 5.56231 -17.119 0
      vertex 5.22954 -17.22 4.13148
    endloop
  endfacet
  facet normal 0.290879 -0.95676 3.94965e-05
    outer loop
      vertex 5.22954 -17.22 4.13148
      vertex 5.56231 -17.119 0
      vertex 5.30518 -17.197 4.2166
    endloop
  endfacet
  facet normal 0.290129 -0.956987 -1.04489e-05
    outer loop
      vertex 5.30518 -17.197 4.2166
      vertex 5.56231 -17.119 0
      vertex 5.37742 -17.1751 4.30463
    endloop
  endfacet
  facet normal 0.289697 -0.957118 -3.07393e-05
    outer loop
      vertex 5.37742 -17.1751 4.30463
      vertex 5.56231 -17.119 0
      vertex 5.44615 -17.1543 4.39542
    endloop
  endfacet
  facet normal 0.290939 -0.956742 5.10518e-06
    outer loop
      vertex 5.44615 -17.1543 4.39542
      vertex 5.56231 -17.119 0
      vertex 5.51126 -17.1345 4.48885
    endloop
  endfacet
  facet normal 0.290528 -0.956867 0
    outer loop
      vertex 5.51126 -17.1345 4.48885
      vertex 5.56231 -17.119 0
      vertex 5.56231 -17.119 4.56859
    endloop
  endfacet
  facet normal 0.290314 -0.956932 0
    outer loop
      vertex 4.88593 -17.3242 8.38457
      vertex 5.56231 -17.119 11.5
      vertex 4.88593 -17.3242 11.5
    endloop
  endfacet
  facet normal 0.293187 -0.956055 -0.000681577
    outer loop
      vertex 4.89537 -17.3213 8.37742
      vertex 5.56231 -17.119 11.5
      vertex 4.88593 -17.3242 8.38457
    endloop
  endfacet
  facet normal 0.290251 -0.95695 3.46867e-06
    outer loop
      vertex 4.9834 -17.2946 8.30518
      vertex 5.56231 -17.119 11.5
      vertex 4.89537 -17.3213 8.37742
    endloop
  endfacet
  facet normal 0.290097 -0.956997 3.39295e-05
    outer loop
      vertex 5.06852 -17.2688 8.22954
      vertex 5.56231 -17.119 11.5
      vertex 4.9834 -17.2946 8.30518
    endloop
  endfacet
  facet normal 0.290271 -0.956945 5.32558e-06
    outer loop
      vertex 5.15061 -17.2439 8.15061
      vertex 5.56231 -17.119 11.5
      vertex 5.06852 -17.2688 8.22954
    endloop
  endfacet
  facet normal 0.289863 -0.957068 6.01113e-05
    outer loop
      vertex 5.22954 -17.22 8.06852
      vertex 5.56231 -17.119 11.5
      vertex 5.15061 -17.2439 8.15061
    endloop
  endfacet
  facet normal 0.290872 -0.956762 -4.67609e-05
    outer loop
      vertex 5.30518 -17.197 7.9834
      vertex 5.56231 -17.119 11.5
      vertex 5.22954 -17.22 8.06852
    endloop
  endfacet
  facet normal 0.290131 -0.956987 1.23586e-05
    outer loop
      vertex 5.37742 -17.1751 7.89537
      vertex 5.56231 -17.119 11.5
      vertex 5.30518 -17.197 7.9834
    endloop
  endfacet
  facet normal 0.289703 -0.957116 3.63298e-05
    outer loop
      vertex 5.44615 -17.1543 7.80458
      vertex 5.56231 -17.119 11.5
      vertex 5.37742 -17.1751 7.89537
    endloop
  endfacet
  facet normal 0.290937 -0.956742 -6.03049e-06
    outer loop
      vertex 5.51126 -17.1345 7.71115
      vertex 5.56231 -17.119 11.5
      vertex 5.44615 -17.1543 7.80458
    endloop
  endfacet
  facet normal 0.290528 -0.956867 0
    outer loop
      vertex 5.56231 -17.119 11.5
      vertex 5.51126 -17.1345 7.71115
      vertex 5.56231 -17.119 7.63141
    endloop
  endfacet
  facet normal 0.364457 -0.93122 0
    outer loop
      vertex 6.23011 -16.8874 0
      vertex 6.8883 -16.6298 11.5
      vertex 6.23011 -16.8874 11.5
    endloop
  endfacet
  facet normal 0.364457 -0.93122 0
    outer loop
      vertex 6.8883 -16.6298 11.5
      vertex 6.23011 -16.8874 0
      vertex 6.8883 -16.6298 0
    endloop
  endfacet
  facet normal 0.252539 -0.967587 0
    outer loop
      vertex 4.88593 -17.3242 0
      vertex 4.20202 -17.5027 3.41771
      vertex 4.20202 -17.5027 0
    endloop
  endfacet
  facet normal 0.260593 -0.965447 0.00172329
    outer loop
      vertex 4.20202 -17.5027 3.41771
      vertex 4.88593 -17.3242 0
      vertex 4.20978 -17.5006 3.42075
    endloop
  endfacet
  facet normal 0.252291 -0.967651 -3.12751e-05
    outer loop
      vertex 4.20978 -17.5006 3.42075
      vertex 4.88593 -17.3242 0
      vertex 4.31411 -17.4734 3.46638
    endloop
  endfacet
  facet normal 0.25219 -0.967678 -4.90367e-05
    outer loop
      vertex 4.31411 -17.4734 3.46638
      vertex 4.88593 -17.3242 0
      vertex 4.41657 -17.4467 3.51608
    endloop
  endfacet
  facet normal 0.252437 -0.967613 -1.39215e-05
    outer loop
      vertex 4.41657 -17.4467 3.51608
      vertex 4.88593 -17.3242 0
      vertex 4.517 -17.4205 3.56976
    endloop
  endfacet
  facet normal 0.253035 -0.967457 5.20854e-05
    outer loop
      vertex 4.517 -17.4205 3.56976
      vertex 4.88593 -17.3242 0
      vertex 4.61525 -17.3948 3.62734
    endloop
  endfacet
  facet normal 0.252263 -0.967659 -9.39831e-06
    outer loop
      vertex 4.61525 -17.3948 3.62734
      vertex 4.88593 -17.3242 0
      vertex 4.71115 -17.3698 3.68874
    endloop
  endfacet
  facet normal 0.252676 -0.967551 1.14795e-05
    outer loop
      vertex 4.71115 -17.3698 3.68874
      vertex 4.88593 -17.3242 0
      vertex 4.80458 -17.3454 3.75385
    endloop
  endfacet
  facet normal 0.25218 -0.96768 0
    outer loop
      vertex 4.80458 -17.3454 3.75385
      vertex 4.88593 -17.3242 0
      vertex 4.88593 -17.3242 3.81543
    endloop
  endfacet
  facet normal 0.252539 -0.967587 0
    outer loop
      vertex 4.20202 -17.5027 8.78229
      vertex 4.88593 -17.3242 11.5
      vertex 4.20202 -17.5027 11.5
    endloop
  endfacet
  facet normal 0.260445 -0.965486 -0.00212741
    outer loop
      vertex 4.20978 -17.5006 8.77925
      vertex 4.88593 -17.3242 11.5
      vertex 4.20202 -17.5027 8.78229
    endloop
  endfacet
  facet normal 0.252294 -0.967651 3.8532e-05
    outer loop
      vertex 4.31411 -17.4734 8.73361
      vertex 4.88593 -17.3242 11.5
      vertex 4.20978 -17.5006 8.77925
    endloop
  endfacet
  facet normal 0.252196 -0.967676 6.03149e-05
    outer loop
      vertex 4.41657 -17.4467 8.68392
      vertex 4.88593 -17.3242 11.5
      vertex 4.31411 -17.4734 8.73361
    endloop
  endfacet
  facet normal 0.252438 -0.967613 1.70989e-05
    outer loop
      vertex 4.517 -17.4205 8.63024
      vertex 4.88593 -17.3242 11.5
      vertex 4.41657 -17.4467 8.68392
    endloop
  endfacet
  facet normal 0.253028 -0.967459 -6.39002e-05
    outer loop
      vertex 4.61525 -17.3948 8.57266
      vertex 4.88593 -17.3242 11.5
      vertex 4.517 -17.4205 8.63024
    endloop
  endfacet
  facet normal 0.252264 -0.967658 1.15201e-05
    outer loop
      vertex 4.71115 -17.3698 8.51126
      vertex 4.88593 -17.3242 11.5
      vertex 4.61525 -17.3948 8.57266
    endloop
  endfacet
  facet normal 0.252674 -0.967551 -1.40629e-05
    outer loop
      vertex 4.80458 -17.3454 8.44615
      vertex 4.88593 -17.3242 11.5
      vertex 4.71115 -17.3698 8.51126
    endloop
  endfacet
  facet normal 0.25218 -0.96768 0
    outer loop
      vertex 4.88593 -17.3242 11.5
      vertex 4.80458 -17.3454 8.44615
      vertex 4.88593 -17.3242 8.38457
    endloop
  endfacet
  facet normal 0.603525 -0.797344 0
    outer loop
      vertex 10.5801 -14.5623 0
      vertex 11.1437 -14.1357 11.5
      vertex 10.5801 -14.5623 11.5
    endloop
  endfacet
  facet normal 0.603525 -0.797344 0
    outer loop
      vertex 11.1437 -14.1357 11.5
      vertex 10.5801 -14.5623 0
      vertex 11.1437 -14.1357 0
    endloop
  endfacet
  facet normal 0.693106 -0.720836 0
    outer loop
      vertex 12.2184 -13.2178 0
      vertex 12.7279 -12.7279 11.5
      vertex 12.2184 -13.2178 11.5
    endloop
  endfacet
  facet normal 0.693106 -0.720836 0
    outer loop
      vertex 12.7279 -12.7279 11.5
      vertex 12.2184 -13.2178 0
      vertex 12.7279 -12.7279 0
    endloop
  endfacet
  facet normal 0.47141 -0.881914 0
    outer loop
      vertex 8.17183 -16.0381 0
      vertex 8.79518 -15.7049 11.5
      vertex 8.17183 -16.0381 11.5
    endloop
  endfacet
  facet normal 0.47141 -0.881914 0
    outer loop
      vertex 8.79518 -15.7049 11.5
      vertex 8.17183 -16.0381 0
      vertex 8.79518 -15.7049 0
    endloop
  endfacet
  facet normal 0.436452 -0.899728 0
    outer loop
      vertex 7.53587 -16.3466 0
      vertex 8.17183 -16.0381 11.5
      vertex 7.53587 -16.3466 11.5
    endloop
  endfacet
  facet normal 0.436452 -0.899728 0
    outer loop
      vertex 8.17183 -16.0381 11.5
      vertex 7.53587 -16.3466 0
      vertex 8.17183 -16.0381 0
    endloop
  endfacet
  facet normal 0.773024 -0.634377 0
    outer loop
      vertex 13.6873 -11.6901 11.5
      vertex 14.1357 -11.1437 0
      vertex 14.1357 -11.1437 11.5
    endloop
  endfacet
  facet normal 0.773024 -0.634377 0
    outer loop
      vertex 14.1357 -11.1437 0
      vertex 13.6873 -11.6901 11.5
      vertex 13.6873 -11.6901 0
    endloop
  endfacet
  facet normal 0.842279 -0.539042 0
    outer loop
      vertex 14.9665 -10.0003 11.5
      vertex 15.3475 -9.40497 0
      vertex 15.3475 -9.40497 11.5
    endloop
  endfacet
  facet normal 0.842279 -0.539042 0
    outer loop
      vertex 15.3475 -9.40497 0
      vertex 14.9665 -10.0003 11.5
      vertex 14.9665 -10.0003 0
    endloop
  endfacet
  facet normal 0.899728 -0.436452 0
    outer loop
      vertex 16.0381 -8.17183 11.5
      vertex 16.3466 -7.53587 0
      vertex 16.3466 -7.53587 11.5
    endloop
  endfacet
  facet normal 0.899728 -0.436452 0
    outer loop
      vertex 16.3466 -7.53587 0
      vertex 16.0381 -8.17183 11.5
      vertex 16.0381 -8.17183 0
    endloop
  endfacet
  facet normal 0.93122 -0.364457 0
    outer loop
      vertex 16.6298 -6.8883 11.5
      vertex 16.8874 -6.23011 0
      vertex 16.8874 -6.23011 11.5
    endloop
  endfacet
  facet normal 0.93122 -0.364457 0
    outer loop
      vertex 16.8874 -6.23011 0
      vertex 16.6298 -6.8883 11.5
      vertex 16.6298 -6.8883 0
    endloop
  endfacet
  facet normal 0.881914 -0.47141 0
    outer loop
      vertex 15.7049 -8.79518 11.5
      vertex 16.0381 -8.17183 0
      vertex 16.0381 -8.17183 11.5
    endloop
  endfacet
  facet normal 0.881914 -0.47141 0
    outer loop
      vertex 16.0381 -8.17183 0
      vertex 15.7049 -8.79518 11.5
      vertex 15.7049 -8.79518 0
    endloop
  endfacet
  facet normal 0.956932 -0.290314 0
    outer loop
      vertex 17.119 -5.56231 11.5
      vertex 17.3242 -4.88593 0
      vertex 17.3242 -4.88593 11.5
    endloop
  endfacet
  facet normal 0.956932 -0.290314 0
    outer loop
      vertex 17.3242 -4.88593 0
      vertex 17.119 -5.56231 11.5
      vertex 17.119 -5.56231 0
    endloop
  endfacet
  facet normal 0.967587 -0.252539 0
    outer loop
      vertex 17.3242 -4.88593 11.5
      vertex 17.5027 -4.20202 0
      vertex 17.5027 -4.20202 11.5
    endloop
  endfacet
  facet normal 0.967587 -0.252539 0
    outer loop
      vertex 17.5027 -4.20202 0
      vertex 17.3242 -4.88593 11.5
      vertex 17.3242 -4.88593 0
    endloop
  endfacet
  facet normal 0.995182 -0.0980454 0
    outer loop
      vertex 17.8752 -2.11567 11.5
      vertex 17.9445 -1.41226 0
      vertex 17.9445 -1.41226 11.5
    endloop
  endfacet
  facet normal 0.995182 -0.0980454 0
    outer loop
      vertex 17.9445 -1.41226 0
      vertex 17.8752 -2.11567 11.5
      vertex 17.8752 -2.11567 0
    endloop
  endfacet
  facet normal 0.990577 -0.136953 0
    outer loop
      vertex 17.7784 -2.81582 11.5
      vertex 17.8752 -2.11567 0
      vertex 17.8752 -2.11567 11.5
    endloop
  endfacet
  facet normal 0.990577 -0.136953 0
    outer loop
      vertex 17.8752 -2.11567 0
      vertex 17.7784 -2.81582 11.5
      vertex 17.7784 -2.81582 0
    endloop
  endfacet
  facet normal 0.998266 -0.058856 0
    outer loop
      vertex 17.9445 -1.41226 11.5
      vertex 17.9861 -0.706676 0
      vertex 17.9861 -0.706676 11.5
    endloop
  endfacet
  facet normal 0.998266 -0.058856 0
    outer loop
      vertex 17.9861 -0.706676 0
      vertex 17.9445 -1.41226 11.5
      vertex 17.9445 -1.41226 0
    endloop
  endfacet
  facet normal -0.664285 -0.74748 0
    outer loop
      vertex -12.2184 -13.2178 0
      vertex -11.6901 -13.6873 11.5
      vertex -12.2184 -13.2178 11.5
    endloop
  endfacet
  facet normal -0.664285 -0.74748 -0
    outer loop
      vertex -11.6901 -13.6873 11.5
      vertex -12.2184 -13.2178 0
      vertex -11.6901 -13.6873 0
    endloop
  endfacet
  facet normal -0.571885 -0.820334 0
    outer loop
      vertex -10.5801 -14.5623 0
      vertex -10.0003 -14.9665 11.5
      vertex -10.5801 -14.5623 11.5
    endloop
  endfacet
  facet normal -0.571885 -0.820334 -0
    outer loop
      vertex -10.0003 -14.9665 11.5
      vertex -10.5801 -14.5623 0
      vertex -10.0003 -14.9665 0
    endloop
  endfacet
  facet normal -0.634377 -0.773024 0
    outer loop
      vertex -11.6901 -13.6873 0
      vertex -11.1437 -14.1357 11.5
      vertex -11.6901 -13.6873 11.5
    endloop
  endfacet
  facet normal -0.634377 -0.773024 -0
    outer loop
      vertex -11.1437 -14.1357 11.5
      vertex -11.6901 -13.6873 0
      vertex -11.1437 -14.1357 0
    endloop
  endfacet
  facet normal -0.400686 -0.916215 0
    outer loop
      vertex -7.53587 -16.3466 0
      vertex -6.8883 -16.6298 11.5
      vertex -7.53587 -16.3466 11.5
    endloop
  endfacet
  facet normal -0.400686 -0.916215 -0
    outer loop
      vertex -6.8883 -16.6298 11.5
      vertex -7.53587 -16.3466 0
      vertex -6.8883 -16.6298 0
    endloop
  endfacet
  facet normal -0.505653 -0.862737 0
    outer loop
      vertex -9.40497 -15.3475 0
      vertex -8.79518 -15.7049 11.5
      vertex -9.40497 -15.3475 11.5
    endloop
  endfacet
  facet normal -0.505653 -0.862737 -0
    outer loop
      vertex -8.79518 -15.7049 11.5
      vertex -9.40497 -15.3475 0
      vertex -8.79518 -15.7049 0
    endloop
  endfacet
  facet normal -0.327664 -0.944794 0
    outer loop
      vertex -6.23011 -16.8874 11.5
      vertex -5.56231 -17.119 7.63141
      vertex -5.56231 -17.119 11.5
    endloop
  endfacet
  facet normal -0.328339 -0.94456 -0.000130447
    outer loop
      vertex -6.23011 -16.8874 11.5
      vertex -5.57266 -17.1154 7.61525
      vertex -5.56231 -17.119 7.63141
    endloop
  endfacet
  facet normal -0.326873 -0.945068 0.000147475
    outer loop
      vertex -6.23011 -16.8874 11.5
      vertex -5.63024 -17.0955 7.517
      vertex -5.57266 -17.1154 7.61525
    endloop
  endfacet
  facet normal -0.328702 -0.944434 -0.000161147
    outer loop
      vertex -6.23011 -16.8874 11.5
      vertex -5.68392 -17.0768 7.41657
      vertex -5.63024 -17.0955 7.517
    endloop
  endfacet
  facet normal -0.327217 -0.944949 6.13909e-05
    outer loop
      vertex -6.23011 -16.8874 11.5
      vertex -5.73361 -17.0596 7.31411
      vertex -5.68392 -17.0768 7.41657
    endloop
  endfacet
  facet normal -0.327254 -0.944936 5.64525e-05
    outer loop
      vertex -6.23011 -16.8874 11.5
      vertex -5.77925 -17.0438 7.20978
      vertex -5.73361 -17.0596 7.31411
    endloop
  endfacet
  facet normal -0.327797 -0.944748 -7.4625e-06
    outer loop
      vertex -6.23011 -16.8874 11.5
      vertex -5.82075 -17.0294 7.10374
      vertex -5.77925 -17.0438 7.20978
    endloop
  endfacet
  facet normal -0.326973 -0.945034 7.84668e-05
    outer loop
      vertex -6.23011 -16.8874 11.5
      vertex -5.85806 -17.0165 6.99615
      vertex -5.82075 -17.0294 7.10374
    endloop
  endfacet
  facet normal -0.328388 -0.944543 -5.24974e-05
    outer loop
      vertex -6.23011 -16.8874 11.5
      vertex -5.89112 -17.005 6.88718
      vertex -5.85806 -17.0165 6.99615
    endloop
  endfacet
  facet normal -0.328352 -0.944556 -4.94584e-05
    outer loop
      vertex -6.23011 -16.8874 11.5
      vertex -5.91987 -16.995 6.77699
      vertex -5.89112 -17.005 6.88718
    endloop
  endfacet
  facet normal -0.325921 -0.945397 0.00012938
    outer loop
      vertex -6.23011 -16.8874 11.5
      vertex -5.94428 -16.9866 6.66576
      vertex -5.91987 -16.995 6.77699
    endloop
  endfacet
  facet normal -0.329514 -0.944151 -0.000108661
    outer loop
      vertex -6.23011 -16.8874 11.5
      vertex -5.9643 -16.9796 6.55366
      vertex -5.94428 -16.9866 6.66576
    endloop
  endfacet
  facet normal -0.327278 -0.944928 2.59809e-05
    outer loop
      vertex -6.23011 -16.8874 11.5
      vertex -5.9799 -16.9742 6.44086
      vertex -5.9643 -16.9796 6.55366
    endloop
  endfacet
  facet normal -0.32918 -0.944267 -7.939e-05
    outer loop
      vertex -6.23011 -16.8874 11.5
      vertex -5.99106 -16.9703 6.32753
      vertex -5.9799 -16.9742 6.44086
    endloop
  endfacet
  facet normal -0.325988 -0.945374 8.58517e-05
    outer loop
      vertex -6.23011 -16.8874 11.5
      vertex -5.99776 -16.968 6.21385
      vertex -5.99106 -16.9703 6.32753
    endloop
  endfacet
  facet normal -0.330401 -0.943841 -0.000131517
    outer loop
      vertex -6.23011 -16.8874 11.5
      vertex -6 -16.9672 6.1
      vertex -5.99776 -16.968 6.21385
    endloop
  endfacet
  facet normal -0.327648 -0.9448 0
    outer loop
      vertex -6.23011 -16.8874 0
      vertex -6 -16.9672 6.1
      vertex -6.23011 -16.8874 11.5
    endloop
  endfacet
  facet normal -0.330636 -0.943758 0.000126333
    outer loop
      vertex -6 -16.9672 6.1
      vertex -6.23011 -16.8874 0
      vertex -5.99776 -16.968 5.98615
    endloop
  endfacet
  facet normal -0.325896 -0.945406 -7.98014e-05
    outer loop
      vertex -6.23011 -16.8874 0
      vertex -5.99106 -16.9703 5.87247
      vertex -5.99776 -16.968 5.98615
    endloop
  endfacet
  facet normal -0.32924 -0.944246 7.26929e-05
    outer loop
      vertex -6.23011 -16.8874 0
      vertex -5.9799 -16.9742 5.75914
      vertex -5.99106 -16.9703 5.87247
    endloop
  endfacet
  facet normal -0.327263 -0.944933 -2.35781e-05
    outer loop
      vertex -6.23011 -16.8874 0
      vertex -5.9643 -16.9796 5.64634
      vertex -5.9799 -16.9742 5.75914
    endloop
  endfacet
  facet normal -0.329567 -0.944132 9.79977e-05
    outer loop
      vertex -6.23011 -16.8874 0
      vertex -5.94428 -16.9866 5.53424
      vertex -5.9643 -16.9796 5.64634
    endloop
  endfacet
  facet normal -0.325867 -0.945416 -0.000116135
    outer loop
      vertex -6.23011 -16.8874 0
      vertex -5.91987 -16.995 5.42301
      vertex -5.94428 -16.9866 5.53424
    endloop
  endfacet
  facet normal -0.328369 -0.944549 4.42221e-05
    outer loop
      vertex -6.23011 -16.8874 0
      vertex -5.89112 -17.005 5.31282
      vertex -5.91987 -16.995 5.42301
    endloop
  endfacet
  facet normal -0.328405 -0.944537 4.67822e-05
    outer loop
      vertex -6.23011 -16.8874 0
      vertex -5.85806 -17.0165 5.20385
      vertex -5.89112 -17.005 5.31282
    endloop
  endfacet
  facet normal -0.326951 -0.945041 -6.97165e-05
    outer loop
      vertex -6.23011 -16.8874 0
      vertex -5.82075 -17.0294 5.09626
      vertex -5.85806 -17.0165 5.20385
    endloop
  endfacet
  facet normal -0.327799 -0.944747 6.61203e-06
    outer loop
      vertex -6.23011 -16.8874 0
      vertex -5.77925 -17.0438 4.99022
      vertex -5.82075 -17.0294 5.09626
    endloop
  endfacet
  facet normal -0.327241 -0.944941 -4.98894e-05
    outer loop
      vertex -6.23011 -16.8874 0
      vertex -5.73361 -17.0596 4.88589
      vertex -5.77925 -17.0438 4.99022
    endloop
  endfacet
  facet normal -0.327204 -0.944954 -5.41194e-05
    outer loop
      vertex -6.23011 -16.8874 0
      vertex -5.68392 -17.0768 4.78343
      vertex -5.73361 -17.0596 4.88589
    endloop
  endfacet
  facet normal -0.328734 -0.944422 0.000141714
    outer loop
      vertex -6.23011 -16.8874 0
      vertex -5.63024 -17.0955 4.683
      vertex -5.68392 -17.0768 4.78343
    endloop
  endfacet
  facet normal -0.326845 -0.945078 -0.000129386
    outer loop
      vertex -6.23011 -16.8874 0
      vertex -5.57266 -17.1154 4.58475
      vertex -5.63024 -17.0955 4.683
    endloop
  endfacet
  facet normal -0.328362 -0.944552 0.000114173
    outer loop
      vertex -6.23011 -16.8874 0
      vertex -5.56231 -17.119 4.56859
      vertex -5.57266 -17.1154 4.58475
    endloop
  endfacet
  facet normal -0.327664 -0.944794 -0
    outer loop
      vertex -5.56231 -17.119 4.56859
      vertex -6.23011 -16.8874 0
      vertex -5.56231 -17.119 0
    endloop
  endfacet
  facet normal -0.213709 -0.976897 0
    outer loop
      vertex -4.20202 -17.5027 0
      vertex -4.10374 -17.5242 3.37924
      vertex -4.20202 -17.5027 3.41771
    endloop
  endfacet
  facet normal -0.214252 -0.976778 1.65519e-05
    outer loop
      vertex -4.20202 -17.5027 0
      vertex -3.99615 -17.5478 3.34194
      vertex -4.10374 -17.5242 3.37924
    endloop
  endfacet
  facet normal -0.21423 -0.976783 1.51292e-05
    outer loop
      vertex -4.20202 -17.5027 0
      vertex -3.88718 -17.5717 3.30888
      vertex -3.99615 -17.5478 3.34194
    endloop
  endfacet
  facet normal -0.214498 -0.976724 4.18704e-05
    outer loop
      vertex -4.20202 -17.5027 0
      vertex -3.77699 -17.5959 3.28013
      vertex -3.88718 -17.5717 3.30888
    endloop
  endfacet
  facet normal -0.214268 -0.976775 1.06626e-05
    outer loop
      vertex -4.20202 -17.5027 0
      vertex -3.66576 -17.6203 3.25572
      vertex -3.77699 -17.5959 3.28013
    endloop
  endfacet
  facet normal -0.214342 -0.976759 2.3492e-05
    outer loop
      vertex -4.20202 -17.5027 0
      vertex -3.55366 -17.6449 3.2357
      vertex -3.66576 -17.6203 3.25572
    endloop
  endfacet
  facet normal -0.214206 -0.976788 -5.13953e-06
    outer loop
      vertex -3.51163 -17.6541 0
      vertex -3.55366 -17.6449 3.2357
      vertex -4.20202 -17.5027 0
    endloop
  endfacet
  facet normal -0.213829 -0.976871 0
    outer loop
      vertex -3.55366 -17.6449 3.2357
      vertex -3.51163 -17.6541 0
      vertex -3.51163 -17.6541 3.22989
    endloop
  endfacet
  facet normal -0.214206 -0.976788 5.53596e-08
    outer loop
      vertex -3.66576 -17.6203 8.94428
      vertex -3.51163 -17.6541 11.5
      vertex -4.20202 -17.5027 11.5
    endloop
  endfacet
  facet normal -0.213829 -0.976871 -0
    outer loop
      vertex -3.51163 -17.6541 11.5
      vertex -3.55366 -17.6449 8.9643
      vertex -3.51163 -17.6541 8.97011
    endloop
  endfacet
  facet normal -0.214348 -0.976757 9.02278e-06
    outer loop
      vertex -3.51163 -17.6541 11.5
      vertex -3.66576 -17.6203 8.94428
      vertex -3.55366 -17.6449 8.9643
    endloop
  endfacet
  facet normal -0.214268 -0.976775 -1.34545e-05
    outer loop
      vertex -4.20202 -17.5027 11.5
      vertex -3.77699 -17.5959 8.91987
      vertex -3.66576 -17.6203 8.94428
    endloop
  endfacet
  facet normal -0.214495 -0.976725 -5.27619e-05
    outer loop
      vertex -4.20202 -17.5027 11.5
      vertex -3.88718 -17.5717 8.89112
      vertex -3.77699 -17.5959 8.91987
    endloop
  endfacet
  facet normal -0.214229 -0.976784 -1.90452e-05
    outer loop
      vertex -4.20202 -17.5027 11.5
      vertex -3.99615 -17.5478 8.85806
      vertex -3.88718 -17.5717 8.89112
    endloop
  endfacet
  facet normal -0.21425 -0.976779 -2.08219e-05
    outer loop
      vertex -4.20202 -17.5027 11.5
      vertex -4.10374 -17.5242 8.82075
      vertex -3.99615 -17.5478 8.85806
    endloop
  endfacet
  facet normal -0.213709 -0.976897 0
    outer loop
      vertex -4.10374 -17.5242 8.82075
      vertex -4.20202 -17.5027 11.5
      vertex -4.20202 -17.5027 8.78229
    endloop
  endfacet
  facet normal -0.136953 -0.990577 0
    outer loop
      vertex -2.81582 -17.7784 0
      vertex -2.11567 -17.8752 3.2
      vertex -2.81582 -17.7784 3.2
    endloop
  endfacet
  facet normal -0.136953 -0.990577 -0
    outer loop
      vertex -2.11567 -17.8752 3.2
      vertex -2.81582 -17.7784 0
      vertex -2.11567 -17.8752 0
    endloop
  endfacet
  facet normal -0.136953 -0.990577 0
    outer loop
      vertex -2.81582 -17.7784 9
      vertex -2.11567 -17.8752 11.5
      vertex -2.81582 -17.7784 11.5
    endloop
  endfacet
  facet normal -0.136953 -0.990577 -0
    outer loop
      vertex -2.11567 -17.8752 11.5
      vertex -2.81582 -17.7784 9
      vertex -2.11567 -17.8752 9
    endloop
  endfacet
  facet normal -0.058856 -0.998266 0
    outer loop
      vertex -1.41226 -17.9445 0
      vertex -0.706676 -17.9861 3.2
      vertex -1.41226 -17.9445 3.2
    endloop
  endfacet
  facet normal -0.058856 -0.998266 -0
    outer loop
      vertex -0.706676 -17.9861 3.2
      vertex -1.41226 -17.9445 0
      vertex -0.706676 -17.9861 0
    endloop
  endfacet
  facet normal -0.058856 -0.998266 0
    outer loop
      vertex -1.41226 -17.9445 9
      vertex -0.706676 -17.9861 11.5
      vertex -1.41226 -17.9445 11.5
    endloop
  endfacet
  facet normal -0.058856 -0.998266 -0
    outer loop
      vertex -0.706676 -17.9861 11.5
      vertex -1.41226 -17.9445 9
      vertex -0.706676 -17.9861 9
    endloop
  endfacet
  facet normal -0.899728 -0.436452 0
    outer loop
      vertex -16.0381 -8.17183 0
      vertex -16.3466 -7.53587 11.5
      vertex -16.3466 -7.53587 0
    endloop
  endfacet
  facet normal -0.899728 -0.436452 0
    outer loop
      vertex -16.3466 -7.53587 11.5
      vertex -16.0381 -8.17183 0
      vertex -16.0381 -8.17183 11.5
    endloop
  endfacet
  facet normal -0.842279 -0.539042 0
    outer loop
      vertex -14.9665 -10.0003 0
      vertex -15.3475 -9.40497 11.5
      vertex -15.3475 -9.40497 0
    endloop
  endfacet
  facet normal -0.842279 -0.539042 0
    outer loop
      vertex -15.3475 -9.40497 11.5
      vertex -14.9665 -10.0003 0
      vertex -14.9665 -10.0003 11.5
    endloop
  endfacet
  facet normal -0.881914 -0.47141 0
    outer loop
      vertex -15.7049 -8.79518 0
      vertex -16.0381 -8.17183 11.5
      vertex -16.0381 -8.17183 0
    endloop
  endfacet
  facet normal -0.881914 -0.47141 0
    outer loop
      vertex -16.0381 -8.17183 11.5
      vertex -15.7049 -8.79518 0
      vertex -15.7049 -8.79518 11.5
    endloop
  endfacet
  facet normal -0.797344 -0.603525 0
    outer loop
      vertex -14.1357 -11.1437 0
      vertex -14.5623 -10.5801 11.5
      vertex -14.5623 -10.5801 0
    endloop
  endfacet
  facet normal -0.797344 -0.603525 0
    outer loop
      vertex -14.5623 -10.5801 11.5
      vertex -14.1357 -11.1437 0
      vertex -14.1357 -11.1437 11.5
    endloop
  endfacet
  facet normal -0.720836 -0.693106 0
    outer loop
      vertex -12.7279 -12.7279 0
      vertex -13.2178 -12.2184 11.5
      vertex -13.2178 -12.2184 0
    endloop
  endfacet
  facet normal -0.720836 -0.693106 0
    outer loop
      vertex -13.2178 -12.2184 11.5
      vertex -12.7279 -12.7279 0
      vertex -12.7279 -12.7279 11.5
    endloop
  endfacet
  facet normal -0.967587 -0.252539 0
    outer loop
      vertex -17.3242 -4.88593 0
      vertex -17.5027 -4.20202 11.5
      vertex -17.5027 -4.20202 0
    endloop
  endfacet
  facet normal -0.967587 -0.252539 0
    outer loop
      vertex -17.5027 -4.20202 11.5
      vertex -17.3242 -4.88593 0
      vertex -17.3242 -4.88593 11.5
    endloop
  endfacet
  facet normal -0.956932 -0.290314 0
    outer loop
      vertex -17.119 -5.56231 0
      vertex -17.3242 -4.88593 11.5
      vertex -17.3242 -4.88593 0
    endloop
  endfacet
  facet normal -0.956932 -0.290314 0
    outer loop
      vertex -17.3242 -4.88593 11.5
      vertex -17.119 -5.56231 0
      vertex -17.119 -5.56231 11.5
    endloop
  endfacet
  facet normal -0.93122 -0.364457 0
    outer loop
      vertex -16.6298 -6.8883 0
      vertex -16.8874 -6.23011 11.5
      vertex -16.8874 -6.23011 0
    endloop
  endfacet
  facet normal -0.93122 -0.364457 0
    outer loop
      vertex -16.8874 -6.23011 11.5
      vertex -16.6298 -6.8883 0
      vertex -16.6298 -6.8883 11.5
    endloop
  endfacet
  facet normal -0.984416 -0.175857 0
    outer loop
      vertex -17.6541 -3.51163 0
      vertex -17.7784 -2.81582 11.5
      vertex -17.7784 -2.81582 0
    endloop
  endfacet
  facet normal -0.984416 -0.175857 0
    outer loop
      vertex -17.7784 -2.81582 11.5
      vertex -17.6541 -3.51163 0
      vertex -17.6541 -3.51163 11.5
    endloop
  endfacet
  facet normal -0.995182 -0.0980454 0
    outer loop
      vertex -17.8752 -2.11567 0
      vertex -17.9445 -1.41226 11.5
      vertex -17.9445 -1.41226 0
    endloop
  endfacet
  facet normal -0.995182 -0.0980454 0
    outer loop
      vertex -17.9445 -1.41226 11.5
      vertex -17.8752 -2.11567 0
      vertex -17.8752 -2.11567 11.5
    endloop
  endfacet
  facet normal -0.999807 -0.0196657 0
    outer loop
      vertex -17.9861 -0.706676 0
      vertex -18 0 11.5
      vertex -18 0 0
    endloop
  endfacet
  facet normal -0.999807 -0.0196657 0
    outer loop
      vertex -18 0 11.5
      vertex -17.9861 -0.706676 0
      vertex -17.9861 -0.706676 11.5
    endloop
  endfacet
  facet normal 0.058856 -0.998266 0
    outer loop
      vertex 0.706676 -17.9861 9
      vertex 1.41226 -17.9445 11.5
      vertex 0.706676 -17.9861 11.5
    endloop
  endfacet
  facet normal 0.058856 -0.998266 0
    outer loop
      vertex 1.41226 -17.9445 11.5
      vertex 0.706676 -17.9861 9
      vertex 1.41226 -17.9445 9
    endloop
  endfacet
  facet normal 0.058856 -0.998266 0
    outer loop
      vertex 0.706676 -17.9861 0
      vertex 1.41226 -17.9445 3.2
      vertex 0.706676 -17.9861 3.2
    endloop
  endfacet
  facet normal 0.058856 -0.998266 0
    outer loop
      vertex 1.41226 -17.9445 3.2
      vertex 0.706676 -17.9861 0
      vertex 1.41226 -17.9445 0
    endloop
  endfacet
  facet normal 0.327664 -0.944794 0
    outer loop
      vertex 5.56231 -17.119 7.63141
      vertex 6.23011 -16.8874 11.5
      vertex 5.56231 -17.119 11.5
    endloop
  endfacet
  facet normal 0.328339 -0.94456 -0.000130447
    outer loop
      vertex 5.57266 -17.1154 7.61525
      vertex 6.23011 -16.8874 11.5
      vertex 5.56231 -17.119 7.63141
    endloop
  endfacet
  facet normal 0.326873 -0.945068 0.000147475
    outer loop
      vertex 5.63024 -17.0955 7.517
      vertex 6.23011 -16.8874 11.5
      vertex 5.57266 -17.1154 7.61525
    endloop
  endfacet
  facet normal 0.328702 -0.944434 -0.000161147
    outer loop
      vertex 5.68392 -17.0768 7.41657
      vertex 6.23011 -16.8874 11.5
      vertex 5.63024 -17.0955 7.517
    endloop
  endfacet
  facet normal 0.327217 -0.944949 6.13909e-05
    outer loop
      vertex 5.73361 -17.0596 7.31411
      vertex 6.23011 -16.8874 11.5
      vertex 5.68392 -17.0768 7.41657
    endloop
  endfacet
  facet normal 0.327254 -0.944936 5.64525e-05
    outer loop
      vertex 5.77925 -17.0438 7.20978
      vertex 6.23011 -16.8874 11.5
      vertex 5.73361 -17.0596 7.31411
    endloop
  endfacet
  facet normal 0.327797 -0.944748 -7.4625e-06
    outer loop
      vertex 5.82075 -17.0294 7.10374
      vertex 6.23011 -16.8874 11.5
      vertex 5.77925 -17.0438 7.20978
    endloop
  endfacet
  facet normal 0.326973 -0.945034 7.84668e-05
    outer loop
      vertex 5.85806 -17.0165 6.99615
      vertex 6.23011 -16.8874 11.5
      vertex 5.82075 -17.0294 7.10374
    endloop
  endfacet
  facet normal 0.328388 -0.944543 -5.24974e-05
    outer loop
      vertex 5.89112 -17.005 6.88718
      vertex 6.23011 -16.8874 11.5
      vertex 5.85806 -17.0165 6.99615
    endloop
  endfacet
  facet normal 0.328352 -0.944556 -4.94584e-05
    outer loop
      vertex 5.91987 -16.995 6.77699
      vertex 6.23011 -16.8874 11.5
      vertex 5.89112 -17.005 6.88718
    endloop
  endfacet
  facet normal 0.325921 -0.945397 0.00012938
    outer loop
      vertex 5.94428 -16.9866 6.66576
      vertex 6.23011 -16.8874 11.5
      vertex 5.91987 -16.995 6.77699
    endloop
  endfacet
  facet normal 0.329514 -0.944151 -0.000108661
    outer loop
      vertex 5.9643 -16.9796 6.55366
      vertex 6.23011 -16.8874 11.5
      vertex 5.94428 -16.9866 6.66576
    endloop
  endfacet
  facet normal 0.327278 -0.944928 2.59809e-05
    outer loop
      vertex 5.9799 -16.9742 6.44086
      vertex 6.23011 -16.8874 11.5
      vertex 5.9643 -16.9796 6.55366
    endloop
  endfacet
  facet normal 0.32918 -0.944267 -7.939e-05
    outer loop
      vertex 5.99106 -16.9703 6.32753
      vertex 6.23011 -16.8874 11.5
      vertex 5.9799 -16.9742 6.44086
    endloop
  endfacet
  facet normal 0.325988 -0.945374 8.58517e-05
    outer loop
      vertex 5.99776 -16.968 6.21385
      vertex 6.23011 -16.8874 11.5
      vertex 5.99106 -16.9703 6.32753
    endloop
  endfacet
  facet normal 0.330401 -0.943841 -0.000131517
    outer loop
      vertex 6 -16.9672 6.1
      vertex 6.23011 -16.8874 11.5
      vertex 5.99776 -16.968 6.21385
    endloop
  endfacet
  facet normal 0.330636 -0.943758 0.000126333
    outer loop
      vertex 6.23011 -16.8874 0
      vertex 6 -16.9672 6.1
      vertex 5.99776 -16.968 5.98615
    endloop
  endfacet
  facet normal 0.327664 -0.944794 0
    outer loop
      vertex 6.23011 -16.8874 0
      vertex 5.56231 -17.119 4.56859
      vertex 5.56231 -17.119 0
    endloop
  endfacet
  facet normal 0.328362 -0.944552 0.000114173
    outer loop
      vertex 5.56231 -17.119 4.56859
      vertex 6.23011 -16.8874 0
      vertex 5.57266 -17.1154 4.58475
    endloop
  endfacet
  facet normal 0.326845 -0.945078 -0.000129386
    outer loop
      vertex 5.57266 -17.1154 4.58475
      vertex 6.23011 -16.8874 0
      vertex 5.63024 -17.0955 4.683
    endloop
  endfacet
  facet normal 0.328734 -0.944422 0.000141714
    outer loop
      vertex 5.63024 -17.0955 4.683
      vertex 6.23011 -16.8874 0
      vertex 5.68392 -17.0768 4.78343
    endloop
  endfacet
  facet normal 0.327204 -0.944954 -5.41194e-05
    outer loop
      vertex 5.68392 -17.0768 4.78343
      vertex 6.23011 -16.8874 0
      vertex 5.73361 -17.0596 4.88589
    endloop
  endfacet
  facet normal 0.327241 -0.944941 -4.98894e-05
    outer loop
      vertex 5.73361 -17.0596 4.88589
      vertex 6.23011 -16.8874 0
      vertex 5.77925 -17.0438 4.99022
    endloop
  endfacet
  facet normal 0.327799 -0.944747 6.61203e-06
    outer loop
      vertex 5.77925 -17.0438 4.99022
      vertex 6.23011 -16.8874 0
      vertex 5.82075 -17.0294 5.09626
    endloop
  endfacet
  facet normal 0.326951 -0.945041 -6.97165e-05
    outer loop
      vertex 5.82075 -17.0294 5.09626
      vertex 6.23011 -16.8874 0
      vertex 5.85806 -17.0165 5.20385
    endloop
  endfacet
  facet normal 0.328405 -0.944537 4.67822e-05
    outer loop
      vertex 5.85806 -17.0165 5.20385
      vertex 6.23011 -16.8874 0
      vertex 5.89112 -17.005 5.31282
    endloop
  endfacet
  facet normal 0.328369 -0.944549 4.42221e-05
    outer loop
      vertex 5.89112 -17.005 5.31282
      vertex 6.23011 -16.8874 0
      vertex 5.91987 -16.995 5.42301
    endloop
  endfacet
  facet normal 0.325867 -0.945416 -0.000116135
    outer loop
      vertex 5.91987 -16.995 5.42301
      vertex 6.23011 -16.8874 0
      vertex 5.94428 -16.9866 5.53424
    endloop
  endfacet
  facet normal 0.329567 -0.944132 9.79977e-05
    outer loop
      vertex 5.94428 -16.9866 5.53424
      vertex 6.23011 -16.8874 0
      vertex 5.9643 -16.9796 5.64634
    endloop
  endfacet
  facet normal 0.327263 -0.944933 -2.35781e-05
    outer loop
      vertex 5.9643 -16.9796 5.64634
      vertex 6.23011 -16.8874 0
      vertex 5.9799 -16.9742 5.75914
    endloop
  endfacet
  facet normal 0.327648 -0.9448 0
    outer loop
      vertex 6 -16.9672 6.1
      vertex 6.23011 -16.8874 0
      vertex 6.23011 -16.8874 11.5
    endloop
  endfacet
  facet normal 0.325896 -0.945406 -7.98014e-05
    outer loop
      vertex 5.99106 -16.9703 5.87247
      vertex 6.23011 -16.8874 0
      vertex 5.99776 -16.968 5.98615
    endloop
  endfacet
  facet normal 0.32924 -0.944246 7.26929e-05
    outer loop
      vertex 5.9799 -16.9742 5.75914
      vertex 6.23011 -16.8874 0
      vertex 5.99106 -16.9703 5.87247
    endloop
  endfacet
  facet normal 0.634377 -0.773024 0
    outer loop
      vertex 11.1437 -14.1357 0
      vertex 11.6901 -13.6873 11.5
      vertex 11.1437 -14.1357 11.5
    endloop
  endfacet
  facet normal 0.634377 -0.773024 0
    outer loop
      vertex 11.6901 -13.6873 11.5
      vertex 11.1437 -14.1357 0
      vertex 11.6901 -13.6873 0
    endloop
  endfacet
  facet normal 0.505653 -0.862737 0
    outer loop
      vertex 8.79518 -15.7049 0
      vertex 9.40497 -15.3475 11.5
      vertex 8.79518 -15.7049 11.5
    endloop
  endfacet
  facet normal 0.505653 -0.862737 0
    outer loop
      vertex 9.40497 -15.3475 11.5
      vertex 8.79518 -15.7049 0
      vertex 9.40497 -15.3475 0
    endloop
  endfacet
  facet normal 0.797344 -0.603525 0
    outer loop
      vertex 14.1357 -11.1437 11.5
      vertex 14.5623 -10.5801 0
      vertex 14.5623 -10.5801 11.5
    endloop
  endfacet
  facet normal 0.797344 -0.603525 0
    outer loop
      vertex 14.5623 -10.5801 0
      vertex 14.1357 -11.1437 11.5
      vertex 14.1357 -11.1437 0
    endloop
  endfacet
  facet normal 0.916215 -0.400686 0
    outer loop
      vertex 16.3466 -7.53587 11.5
      vertex 16.6298 -6.8883 0
      vertex 16.6298 -6.8883 11.5
    endloop
  endfacet
  facet normal 0.916215 -0.400686 0
    outer loop
      vertex 16.6298 -6.8883 0
      vertex 16.3466 -7.53587 11.5
      vertex 16.3466 -7.53587 0
    endloop
  endfacet
  facet normal 0.976788 -0.214206 0
    outer loop
      vertex 17.5027 -4.20202 11.5
      vertex 17.6541 -3.51163 0
      vertex 17.6541 -3.51163 11.5
    endloop
  endfacet
  facet normal 0.976788 -0.214206 0
    outer loop
      vertex 17.6541 -3.51163 0
      vertex 17.5027 -4.20202 11.5
      vertex 17.5027 -4.20202 0
    endloop
  endfacet
  facet normal 0.999807 -0.0196657 0
    outer loop
      vertex 17.9861 -0.706676 11.5
      vertex 18 0 0
      vertex 18 0 11.5
    endloop
  endfacet
  facet normal 0.999807 -0.0196657 0
    outer loop
      vertex 18 0 0
      vertex 17.9861 -0.706676 11.5
      vertex 17.9861 -0.706676 0
    endloop
  endfacet
  facet normal -0.603525 -0.797344 0
    outer loop
      vertex -11.1437 -14.1357 0
      vertex -10.5801 -14.5623 11.5
      vertex -11.1437 -14.1357 11.5
    endloop
  endfacet
  facet normal -0.603525 -0.797344 -0
    outer loop
      vertex -10.5801 -14.5623 11.5
      vertex -11.1437 -14.1357 0
      vertex -10.5801 -14.5623 0
    endloop
  endfacet
  facet normal -0.47141 -0.881914 0
    outer loop
      vertex -8.79518 -15.7049 0
      vertex -8.17183 -16.0381 11.5
      vertex -8.79518 -15.7049 11.5
    endloop
  endfacet
  facet normal -0.47141 -0.881914 -0
    outer loop
      vertex -8.17183 -16.0381 11.5
      vertex -8.79518 -15.7049 0
      vertex -8.17183 -16.0381 0
    endloop
  endfacet
  facet normal -0.290528 -0.956867 0
    outer loop
      vertex -5.56231 -17.119 0
      vertex -5.51126 -17.1345 4.48885
      vertex -5.56231 -17.119 4.56859
    endloop
  endfacet
  facet normal -0.290939 -0.956742 5.10518e-06
    outer loop
      vertex -5.56231 -17.119 0
      vertex -5.44615 -17.1543 4.39542
      vertex -5.51126 -17.1345 4.48885
    endloop
  endfacet
  facet normal -0.289697 -0.957118 -3.07393e-05
    outer loop
      vertex -5.56231 -17.119 0
      vertex -5.37742 -17.1751 4.30463
      vertex -5.44615 -17.1543 4.39542
    endloop
  endfacet
  facet normal -0.290129 -0.956987 -1.04489e-05
    outer loop
      vertex -5.56231 -17.119 0
      vertex -5.30518 -17.197 4.2166
      vertex -5.37742 -17.1751 4.30463
    endloop
  endfacet
  facet normal -0.290879 -0.95676 3.94965e-05
    outer loop
      vertex -5.56231 -17.119 0
      vertex -5.22954 -17.22 4.13148
      vertex -5.30518 -17.197 4.2166
    endloop
  endfacet
  facet normal -0.289854 -0.957071 -5.0714e-05
    outer loop
      vertex -5.56231 -17.119 0
      vertex -5.15061 -17.2439 4.04939
      vertex -5.22954 -17.22 4.13148
    endloop
  endfacet
  facet normal -0.29027 -0.956945 -4.48695e-06
    outer loop
      vertex -5.56231 -17.119 0
      vertex -5.06852 -17.2688 3.97046
      vertex -5.15061 -17.2439 4.04939
    endloop
  endfacet
  facet normal -0.290093 -0.956998 -2.8543e-05
    outer loop
      vertex -5.56231 -17.119 0
      vertex -4.9834 -17.2946 3.89482
      vertex -5.06852 -17.2688 3.97046
    endloop
  endfacet
  facet normal -0.290251 -0.956951 -2.91303e-06
    outer loop
      vertex -5.56231 -17.119 0
      vertex -4.89537 -17.3213 3.82258
      vertex -4.9834 -17.2946 3.89482
    endloop
  endfacet
  facet normal -0.293263 -0.956032 0.000571319
    outer loop
      vertex -5.56231 -17.119 0
      vertex -4.88593 -17.3242 3.81543
      vertex -4.89537 -17.3213 3.82258
    endloop
  endfacet
  facet normal -0.290314 -0.956932 -0
    outer loop
      vertex -4.88593 -17.3242 3.81543
      vertex -5.56231 -17.119 0
      vertex -4.88593 -17.3242 0
    endloop
  endfacet
  facet normal -0.290314 -0.956932 0
    outer loop
      vertex -5.56231 -17.119 11.5
      vertex -4.88593 -17.3242 8.38457
      vertex -4.88593 -17.3242 11.5
    endloop
  endfacet
  facet normal -0.293187 -0.956055 -0.000681577
    outer loop
      vertex -5.56231 -17.119 11.5
      vertex -4.89537 -17.3213 8.37742
      vertex -4.88593 -17.3242 8.38457
    endloop
  endfacet
  facet normal -0.290251 -0.95695 3.46867e-06
    outer loop
      vertex -5.56231 -17.119 11.5
      vertex -4.9834 -17.2946 8.30518
      vertex -4.89537 -17.3213 8.37742
    endloop
  endfacet
  facet normal -0.290097 -0.956997 3.39295e-05
    outer loop
      vertex -5.56231 -17.119 11.5
      vertex -5.06852 -17.2688 8.22954
      vertex -4.9834 -17.2946 8.30518
    endloop
  endfacet
  facet normal -0.290271 -0.956945 5.32558e-06
    outer loop
      vertex -5.56231 -17.119 11.5
      vertex -5.15061 -17.2439 8.15061
      vertex -5.06852 -17.2688 8.22954
    endloop
  endfacet
  facet normal -0.289863 -0.957068 6.01113e-05
    outer loop
      vertex -5.56231 -17.119 11.5
      vertex -5.22954 -17.22 8.06852
      vertex -5.15061 -17.2439 8.15061
    endloop
  endfacet
  facet normal -0.290872 -0.956762 -4.67609e-05
    outer loop
      vertex -5.56231 -17.119 11.5
      vertex -5.30518 -17.197 7.9834
      vertex -5.22954 -17.22 8.06852
    endloop
  endfacet
  facet normal -0.290131 -0.956987 1.23586e-05
    outer loop
      vertex -5.56231 -17.119 11.5
      vertex -5.37742 -17.1751 7.89537
      vertex -5.30518 -17.197 7.9834
    endloop
  endfacet
  facet normal -0.289703 -0.957116 3.63298e-05
    outer loop
      vertex -5.56231 -17.119 11.5
      vertex -5.44615 -17.1543 7.80458
      vertex -5.37742 -17.1751 7.89537
    endloop
  endfacet
  facet normal -0.290937 -0.956742 -6.03049e-06
    outer loop
      vertex -5.56231 -17.119 11.5
      vertex -5.51126 -17.1345 7.71115
      vertex -5.44615 -17.1543 7.80458
    endloop
  endfacet
  facet normal -0.290528 -0.956867 0
    outer loop
      vertex -5.51126 -17.1345 7.71115
      vertex -5.56231 -17.119 11.5
      vertex -5.56231 -17.119 7.63141
    endloop
  endfacet
  facet normal -0.0196657 -0.999807 0
    outer loop
      vertex -0.706676 -17.9861 0
      vertex 0 -18 3.2
      vertex -0.706676 -17.9861 3.2
    endloop
  endfacet
  facet normal -0.0196657 -0.999807 -0
    outer loop
      vertex 0 -18 3.2
      vertex -0.706676 -17.9861 0
      vertex 0 -18 0
    endloop
  endfacet
  facet normal -0.0196657 -0.999807 0
    outer loop
      vertex -0.706676 -17.9861 9
      vertex 0 -18 11.5
      vertex -0.706676 -17.9861 11.5
    endloop
  endfacet
  facet normal -0.0196657 -0.999807 -0
    outer loop
      vertex 0 -18 11.5
      vertex -0.706676 -17.9861 9
      vertex 0 -18 9
    endloop
  endfacet
  facet normal -0.862737 -0.505653 0
    outer loop
      vertex -15.3475 -9.40497 0
      vertex -15.7049 -8.79518 11.5
      vertex -15.7049 -8.79518 0
    endloop
  endfacet
  facet normal -0.862737 -0.505653 0
    outer loop
      vertex -15.7049 -8.79518 11.5
      vertex -15.3475 -9.40497 0
      vertex -15.3475 -9.40497 11.5
    endloop
  endfacet
  facet normal -0.773024 -0.634377 0
    outer loop
      vertex -13.6873 -11.6901 0
      vertex -14.1357 -11.1437 11.5
      vertex -14.1357 -11.1437 0
    endloop
  endfacet
  facet normal -0.773024 -0.634377 0
    outer loop
      vertex -14.1357 -11.1437 11.5
      vertex -13.6873 -11.6901 0
      vertex -13.6873 -11.6901 11.5
    endloop
  endfacet
  facet normal -0.944794 -0.327664 0
    outer loop
      vertex -16.8874 -6.23011 0
      vertex -17.119 -5.56231 11.5
      vertex -17.119 -5.56231 0
    endloop
  endfacet
  facet normal -0.944794 -0.327664 0
    outer loop
      vertex -17.119 -5.56231 11.5
      vertex -16.8874 -6.23011 0
      vertex -16.8874 -6.23011 11.5
    endloop
  endfacet
  facet normal -0.998266 -0.058856 0
    outer loop
      vertex -17.9445 -1.41226 0
      vertex -17.9861 -0.706676 11.5
      vertex -17.9861 -0.706676 0
    endloop
  endfacet
  facet normal -0.998266 -0.058856 0
    outer loop
      vertex -17.9861 -0.706676 11.5
      vertex -17.9445 -1.41226 0
      vertex -17.9445 -1.41226 11.5
    endloop
  endfacet
  facet normal -0.995187 -0.0979964 0
    outer loop
      vertex 14.56 1.1459 0
      vertex 14.5038 1.71663 2.54
      vertex 14.5038 1.71663 0
    endloop
  endfacet
  facet normal -0.995187 -0.0979964 0
    outer loop
      vertex 14.5038 1.71663 2.54
      vertex 14.56 1.1459 0
      vertex 14.56 1.1459 2.54
    endloop
  endfacet
  facet normal -0.999806 -0.0197036 0
    outer loop
      vertex 14.605 0 0
      vertex 14.5937 0.573389 2.54
      vertex 14.5937 0.573389 0
    endloop
  endfacet
  facet normal -0.999806 -0.0197036 0
    outer loop
      vertex 14.5937 0.573389 2.54
      vertex 14.605 0 0
      vertex 14.605 0 2.54
    endloop
  endfacet
  facet normal 0.999806 -0.0197036 0
    outer loop
      vertex -14.605 0 2.54
      vertex -14.5937 0.573389 0
      vertex -14.5937 0.573389 2.54
    endloop
  endfacet
  facet normal 0.999806 -0.0197036 0
    outer loop
      vertex -14.5937 0.573389 0
      vertex -14.605 0 2.54
      vertex -14.605 0 0
    endloop
  endfacet
  facet normal -0.0197036 -0.999806 0
    outer loop
      vertex 0 14.605 0
      vertex 0.573389 14.5937 2.54
      vertex 0 14.605 2.54
    endloop
  endfacet
  facet normal -0.0197036 -0.999806 -0
    outer loop
      vertex 0.573389 14.5937 2.54
      vertex 0 14.605 0
      vertex 0.573389 14.5937 0
    endloop
  endfacet
  facet normal 0.0197036 0.999806 -0
    outer loop
      vertex 0 -14.605 0
      vertex -0.573389 -14.5937 2.54
      vertex 0 -14.605 2.54
    endloop
  endfacet
  facet normal 0.0197036 0.999806 0
    outer loop
      vertex -0.573389 -14.5937 2.54
      vertex 0 -14.605 0
      vertex -0.573389 -14.5937 0
    endloop
  endfacet
  facet normal -0.72085 -0.693091 0
    outer loop
      vertex 10.7248 9.91388 0
      vertex 10.3273 10.3273 2.54
      vertex 10.3273 10.3273 0
    endloop
  endfacet
  facet normal -0.72085 -0.693091 0
    outer loop
      vertex 10.3273 10.3273 2.54
      vertex 10.7248 9.91388 0
      vertex 10.7248 9.91388 2.54
    endloop
  endfacet
  facet normal 0.693091 -0.72085 0
    outer loop
      vertex -10.3273 10.3273 0
      vertex -9.91388 10.7248 2.54
      vertex -10.3273 10.3273 2.54
    endloop
  endfacet
  facet normal 0.693091 -0.72085 0
    outer loop
      vertex -9.91388 10.7248 2.54
      vertex -10.3273 10.3273 0
      vertex -9.91388 10.7248 0
    endloop
  endfacet
  facet normal 0.364436 -0.931229 0
    outer loop
      vertex -5.58909 13.4933 0
      vertex -5.05504 13.7023 2.54
      vertex -5.58909 13.4933 2.54
    endloop
  endfacet
  facet normal 0.364436 -0.931229 0
    outer loop
      vertex -5.05504 13.7023 2.54
      vertex -5.58909 13.4933 0
      vertex -5.05504 13.7023 0
    endloop
  endfacet
  facet normal -0.931229 -0.364436 0
    outer loop
      vertex 13.7023 5.05504 0
      vertex 13.4933 5.58909 2.54
      vertex 13.4933 5.58909 0
    endloop
  endfacet
  facet normal -0.931229 -0.364436 0
    outer loop
      vertex 13.4933 5.58909 2.54
      vertex 13.7023 5.05504 0
      vertex 13.7023 5.05504 2.54
    endloop
  endfacet
  facet normal -0.400855 -0.916142 0
    outer loop
      vertex 5.58909 13.4933 0
      vertex 6.11452 13.2634 2.54
      vertex 5.58909 13.4933 2.54
    endloop
  endfacet
  facet normal -0.400855 -0.916142 -0
    outer loop
      vertex 6.11452 13.2634 2.54
      vertex 5.58909 13.4933 0
      vertex 6.11452 13.2634 0
    endloop
  endfacet
  facet normal -0.571764 -0.820418 0
    outer loop
      vertex 8.1141 12.1436 0
      vertex 8.5846 11.8157 2.54
      vertex 8.1141 12.1436 2.54
    endloop
  endfacet
  facet normal -0.571764 -0.820418 -0
    outer loop
      vertex 8.5846 11.8157 2.54
      vertex 8.1141 12.1436 0
      vertex 8.5846 11.8157 0
    endloop
  endfacet
  facet normal 0.916142 -0.400855 0
    outer loop
      vertex -13.4933 5.58909 2.54
      vertex -13.2634 6.11452 0
      vertex -13.2634 6.11452 2.54
    endloop
  endfacet
  facet normal 0.916142 -0.400855 0
    outer loop
      vertex -13.2634 6.11452 0
      vertex -13.4933 5.58909 2.54
      vertex -13.4933 5.58909 0
    endloop
  endfacet
  facet normal 0.747546 -0.66421 0
    outer loop
      vertex -11.1057 9.48519 2.54
      vertex -10.7248 9.91388 0
      vertex -10.7248 9.91388 2.54
    endloop
  endfacet
  facet normal 0.747546 -0.66421 0
    outer loop
      vertex -10.7248 9.91388 0
      vertex -11.1057 9.48519 2.54
      vertex -11.1057 9.48519 0
    endloop
  endfacet
  facet normal 0.175766 -0.984432 0
    outer loop
      vertex -2.84929 14.3244 0
      vertex -2.28473 14.4252 2.54
      vertex -2.84929 14.3244 2.54
    endloop
  endfacet
  facet normal 0.175766 -0.984432 0
    outer loop
      vertex -2.28473 14.4252 2.54
      vertex -2.84929 14.3244 0
      vertex -2.28473 14.4252 0
    endloop
  endfacet
  facet normal 0.747546 0.66421 0
    outer loop
      vertex -10.7248 -9.91388 2.54
      vertex -11.1057 -9.48519 0
      vertex -11.1057 -9.48519 2.54
    endloop
  endfacet
  facet normal 0.747546 0.66421 0
    outer loop
      vertex -11.1057 -9.48519 0
      vertex -10.7248 -9.91388 2.54
      vertex -10.7248 -9.91388 0
    endloop
  endfacet
  facet normal 0.944805 0.327635 0
    outer loop
      vertex -13.7023 -5.05504 2.54
      vertex -13.8902 -4.51319 0
      vertex -13.8902 -4.51319 2.54
    endloop
  endfacet
  facet normal 0.944805 0.327635 0
    outer loop
      vertex -13.8902 -4.51319 0
      vertex -13.7023 -5.05504 2.54
      vertex -13.7023 -5.05504 0
    endloop
  endfacet
  facet normal -0.990564 -0.13705 0
    outer loop
      vertex 14.5038 1.71663 0
      vertex 14.4252 2.28473 2.54
      vertex 14.4252 2.28473 0
    endloop
  endfacet
  facet normal -0.990564 -0.13705 0
    outer loop
      vertex 14.4252 2.28473 2.54
      vertex 14.5038 1.71663 0
      vertex 14.5038 1.71663 2.54
    endloop
  endfacet
  facet normal -0.842213 -0.539145 0
    outer loop
      vertex 12.4528 7.63109 0
      vertex 12.1436 8.1141 2.54
      vertex 12.1436 8.1141 0
    endloop
  endfacet
  facet normal -0.842213 -0.539145 0
    outer loop
      vertex 12.1436 8.1141 2.54
      vertex 12.4528 7.63109 0
      vertex 12.4528 7.63109 2.54
    endloop
  endfacet
  facet normal -0.290322 -0.956929 0
    outer loop
      vertex 3.96439 14.0567 0
      vertex 4.51319 13.8902 2.54
      vertex 3.96439 14.0567 2.54
    endloop
  endfacet
  facet normal -0.290322 -0.956929 -0
    outer loop
      vertex 4.51319 13.8902 2.54
      vertex 3.96439 14.0567 0
      vertex 4.51319 13.8902 0
    endloop
  endfacet
  facet normal -0.327635 -0.944805 0
    outer loop
      vertex 4.51319 13.8902 0
      vertex 5.05504 13.7023 2.54
      vertex 4.51319 13.8902 2.54
    endloop
  endfacet
  facet normal -0.327635 -0.944805 -0
    outer loop
      vertex 5.05504 13.7023 2.54
      vertex 4.51319 13.8902 0
      vertex 5.05504 13.7023 0
    endloop
  endfacet
  facet normal 0.956929 -0.290322 0
    outer loop
      vertex -14.0567 3.96439 2.54
      vertex -13.8902 4.51319 0
      vertex -13.8902 4.51319 2.54
    endloop
  endfacet
  facet normal 0.956929 -0.290322 0
    outer loop
      vertex -13.8902 4.51319 0
      vertex -14.0567 3.96439 2.54
      vertex -14.0567 3.96439 0
    endloop
  endfacet
  facet normal 0.772945 -0.634473 0
    outer loop
      vertex -11.4696 9.04187 2.54
      vertex -11.1057 9.48519 0
      vertex -11.1057 9.48519 2.54
    endloop
  endfacet
  facet normal 0.772945 -0.634473 0
    outer loop
      vertex -11.1057 9.48519 0
      vertex -11.4696 9.04187 2.54
      vertex -11.4696 9.04187 0
    endloop
  endfacet
  facet normal 0.944805 -0.327635 0
    outer loop
      vertex -13.8902 4.51319 2.54
      vertex -13.7023 5.05504 0
      vertex -13.7023 5.05504 2.54
    endloop
  endfacet
  facet normal 0.944805 -0.327635 0
    outer loop
      vertex -13.7023 5.05504 0
      vertex -13.8902 4.51319 2.54
      vertex -13.8902 4.51319 0
    endloop
  endfacet
  facet normal 0.471471 -0.881881 0
    outer loop
      vertex -7.13631 12.7428 0
      vertex -6.63053 13.0132 2.54
      vertex -7.13631 12.7428 2.54
    endloop
  endfacet
  facet normal 0.471471 -0.881881 0
    outer loop
      vertex -6.63053 13.0132 2.54
      vertex -7.13631 12.7428 0
      vertex -6.63053 13.0132 0
    endloop
  endfacet
  facet normal 0.436292 -0.899805 0
    outer loop
      vertex -6.63053 13.0132 0
      vertex -6.11452 13.2634 2.54
      vertex -6.63053 13.0132 2.54
    endloop
  endfacet
  facet normal 0.436292 -0.899805 0
    outer loop
      vertex -6.11452 13.2634 2.54
      vertex -6.63053 13.0132 0
      vertex -6.11452 13.2634 0
    endloop
  endfacet
  facet normal -0.0979964 0.995187 0
    outer loop
      vertex 1.71663 -14.5038 0
      vertex 1.1459 -14.56 2.54
      vertex 1.71663 -14.5038 2.54
    endloop
  endfacet
  facet normal -0.0979964 0.995187 0
    outer loop
      vertex 1.1459 -14.56 2.54
      vertex 1.71663 -14.5038 0
      vertex 1.1459 -14.56 0
    endloop
  endfacet
  facet normal -0.364436 0.931229 0
    outer loop
      vertex 5.58909 -13.4933 0
      vertex 5.05504 -13.7023 2.54
      vertex 5.58909 -13.4933 2.54
    endloop
  endfacet
  facet normal -0.364436 0.931229 0
    outer loop
      vertex 5.05504 -13.7023 2.54
      vertex 5.58909 -13.4933 0
      vertex 5.05504 -13.7023 0
    endloop
  endfacet
  facet normal 0.634473 0.772945 -0
    outer loop
      vertex -9.04187 -11.4696 0
      vertex -9.48519 -11.1057 2.54
      vertex -9.04187 -11.4696 2.54
    endloop
  endfacet
  facet normal 0.634473 0.772945 0
    outer loop
      vertex -9.48519 -11.1057 2.54
      vertex -9.04187 -11.4696 0
      vertex -9.48519 -11.1057 0
    endloop
  endfacet
  facet normal 0.400855 0.916142 -0
    outer loop
      vertex -5.58909 -13.4933 0
      vertex -6.11452 -13.2634 2.54
      vertex -5.58909 -13.4933 2.54
    endloop
  endfacet
  facet normal 0.400855 0.916142 0
    outer loop
      vertex -6.11452 -13.2634 2.54
      vertex -5.58909 -13.4933 0
      vertex -6.11452 -13.2634 0
    endloop
  endfacet
  facet normal 0.175766 0.984432 -0
    outer loop
      vertex -2.28473 -14.4252 0
      vertex -2.84929 -14.3244 2.54
      vertex -2.28473 -14.4252 2.54
    endloop
  endfacet
  facet normal 0.175766 0.984432 0
    outer loop
      vertex -2.84929 -14.3244 2.54
      vertex -2.28473 -14.4252 0
      vertex -2.84929 -14.3244 0
    endloop
  endfacet
  facet normal 0.772945 0.634473 0
    outer loop
      vertex -11.1057 -9.48519 2.54
      vertex -11.4696 -9.04187 0
      vertex -11.4696 -9.04187 2.54
    endloop
  endfacet
  facet normal 0.772945 0.634473 0
    outer loop
      vertex -11.4696 -9.04187 0
      vertex -11.1057 -9.48519 2.54
      vertex -11.1057 -9.48519 0
    endloop
  endfacet
  facet normal -0.984432 -0.175766 0
    outer loop
      vertex 14.4252 2.28473 0
      vertex 14.3244 2.84929 2.54
      vertex 14.3244 2.84929 0
    endloop
  endfacet
  facet normal -0.984432 -0.175766 0
    outer loop
      vertex 14.3244 2.84929 2.54
      vertex 14.4252 2.28473 0
      vertex 14.4252 2.28473 2.54
    endloop
  endfacet
  facet normal -0.967601 -0.252484 0
    outer loop
      vertex 14.2015 3.40947 0
      vertex 14.0567 3.96439 2.54
      vertex 14.0567 3.96439 0
    endloop
  endfacet
  facet normal -0.967601 -0.252484 0
    outer loop
      vertex 14.0567 3.96439 2.54
      vertex 14.2015 3.40947 0
      vertex 14.2015 3.40947 2.54
    endloop
  endfacet
  facet normal -0.944805 -0.327635 0
    outer loop
      vertex 13.8902 4.51319 0
      vertex 13.7023 5.05504 2.54
      vertex 13.7023 5.05504 0
    endloop
  endfacet
  facet normal -0.944805 -0.327635 0
    outer loop
      vertex 13.7023 5.05504 2.54
      vertex 13.8902 4.51319 0
      vertex 13.8902 4.51319 2.54
    endloop
  endfacet
  facet normal -0.956929 -0.290322 0
    outer loop
      vertex 14.0567 3.96439 0
      vertex 13.8902 4.51319 2.54
      vertex 13.8902 4.51319 0
    endloop
  endfacet
  facet normal -0.956929 -0.290322 0
    outer loop
      vertex 13.8902 4.51319 2.54
      vertex 14.0567 3.96439 0
      vertex 14.0567 3.96439 2.54
    endloop
  endfacet
  facet normal -0.772945 -0.634473 0
    outer loop
      vertex 11.4696 9.04187 0
      vertex 11.1057 9.48519 2.54
      vertex 11.1057 9.48519 0
    endloop
  endfacet
  facet normal -0.772945 -0.634473 0
    outer loop
      vertex 11.1057 9.48519 2.54
      vertex 11.4696 9.04187 0
      vertex 11.4696 9.04187 2.54
    endloop
  endfacet
  facet normal -0.820418 -0.571764 0
    outer loop
      vertex 12.1436 8.1141 0
      vertex 11.8157 8.5846 2.54
      vertex 11.8157 8.5846 0
    endloop
  endfacet
  facet normal -0.820418 -0.571764 0
    outer loop
      vertex 11.8157 8.5846 2.54
      vertex 12.1436 8.1141 0
      vertex 12.1436 8.1141 2.54
    endloop
  endfacet
  facet normal -0.916142 -0.400855 0
    outer loop
      vertex 13.4933 5.58909 0
      vertex 13.2634 6.11452 2.54
      vertex 13.2634 6.11452 0
    endloop
  endfacet
  facet normal -0.916142 -0.400855 0
    outer loop
      vertex 13.2634 6.11452 2.54
      vertex 13.4933 5.58909 0
      vertex 13.4933 5.58909 2.54
    endloop
  endfacet
  facet normal -0.862731 -0.505663 0
    outer loop
      vertex 12.7428 7.13631 0
      vertex 12.4528 7.63109 2.54
      vertex 12.4528 7.63109 0
    endloop
  endfacet
  facet normal -0.862731 -0.505663 0
    outer loop
      vertex 12.4528 7.63109 2.54
      vertex 12.7428 7.13631 0
      vertex 12.7428 7.13631 2.54
    endloop
  endfacet
  facet normal -0.899805 -0.436292 0
    outer loop
      vertex 13.2634 6.11452 0
      vertex 13.0132 6.63053 2.54
      vertex 13.0132 6.63053 0
    endloop
  endfacet
  facet normal -0.899805 -0.436292 0
    outer loop
      vertex 13.0132 6.63053 2.54
      vertex 13.2634 6.11452 0
      vertex 13.2634 6.11452 2.54
    endloop
  endfacet
  facet normal -0.0979964 -0.995187 0
    outer loop
      vertex 1.1459 14.56 0
      vertex 1.71663 14.5038 2.54
      vertex 1.1459 14.56 2.54
    endloop
  endfacet
  facet normal -0.0979964 -0.995187 -0
    outer loop
      vertex 1.71663 14.5038 2.54
      vertex 1.1459 14.56 0
      vertex 1.71663 14.5038 0
    endloop
  endfacet
  facet normal -0.175766 -0.984432 0
    outer loop
      vertex 2.28473 14.4252 0
      vertex 2.84929 14.3244 2.54
      vertex 2.28473 14.4252 2.54
    endloop
  endfacet
  facet normal -0.175766 -0.984432 -0
    outer loop
      vertex 2.84929 14.3244 2.54
      vertex 2.28473 14.4252 0
      vertex 2.84929 14.3244 0
    endloop
  endfacet
  facet normal -0.471471 -0.881881 0
    outer loop
      vertex 6.63053 13.0132 0
      vertex 7.13631 12.7428 2.54
      vertex 6.63053 13.0132 2.54
    endloop
  endfacet
  facet normal -0.471471 -0.881881 -0
    outer loop
      vertex 7.13631 12.7428 2.54
      vertex 6.63053 13.0132 0
      vertex 7.13631 12.7428 0
    endloop
  endfacet
  facet normal -0.539145 -0.842213 0
    outer loop
      vertex 7.63109 12.4528 0
      vertex 8.1141 12.1436 2.54
      vertex 7.63109 12.4528 2.54
    endloop
  endfacet
  facet normal -0.539145 -0.842213 -0
    outer loop
      vertex 8.1141 12.1436 2.54
      vertex 7.63109 12.4528 0
      vertex 8.1141 12.1436 0
    endloop
  endfacet
  facet normal -0.693091 -0.72085 0
    outer loop
      vertex 9.91388 10.7248 0
      vertex 10.3273 10.3273 2.54
      vertex 9.91388 10.7248 2.54
    endloop
  endfacet
  facet normal -0.693091 -0.72085 -0
    outer loop
      vertex 10.3273 10.3273 2.54
      vertex 9.91388 10.7248 0
      vertex 10.3273 10.3273 0
    endloop
  endfacet
  facet normal -0.603507 -0.797358 0
    outer loop
      vertex 8.5846 11.8157 0
      vertex 9.04187 11.4696 2.54
      vertex 8.5846 11.8157 2.54
    endloop
  endfacet
  facet normal -0.603507 -0.797358 -0
    outer loop
      vertex 9.04187 11.4696 2.54
      vertex 8.5846 11.8157 0
      vertex 9.04187 11.4696 0
    endloop
  endfacet
  facet normal -0.66421 -0.747546 0
    outer loop
      vertex 9.48519 11.1057 0
      vertex 9.91388 10.7248 2.54
      vertex 9.48519 11.1057 2.54
    endloop
  endfacet
  facet normal -0.66421 -0.747546 -0
    outer loop
      vertex 9.91388 10.7248 2.54
      vertex 9.48519 11.1057 0
      vertex 9.91388 10.7248 0
    endloop
  endfacet
  facet normal 0.995187 -0.0979964 0
    outer loop
      vertex -14.56 1.1459 2.54
      vertex -14.5038 1.71663 0
      vertex -14.5038 1.71663 2.54
    endloop
  endfacet
  facet normal 0.995187 -0.0979964 0
    outer loop
      vertex -14.5038 1.71663 0
      vertex -14.56 1.1459 2.54
      vertex -14.56 1.1459 0
    endloop
  endfacet
  facet normal 0.72085 -0.693091 0
    outer loop
      vertex -10.7248 9.91388 2.54
      vertex -10.3273 10.3273 0
      vertex -10.3273 10.3273 2.54
    endloop
  endfacet
  facet normal 0.72085 -0.693091 0
    outer loop
      vertex -10.3273 10.3273 0
      vertex -10.7248 9.91388 2.54
      vertex -10.7248 9.91388 0
    endloop
  endfacet
  facet normal 0.820418 -0.571764 0
    outer loop
      vertex -12.1436 8.1141 2.54
      vertex -11.8157 8.5846 0
      vertex -11.8157 8.5846 2.54
    endloop
  endfacet
  facet normal 0.820418 -0.571764 0
    outer loop
      vertex -11.8157 8.5846 0
      vertex -12.1436 8.1141 2.54
      vertex -12.1436 8.1141 0
    endloop
  endfacet
  facet normal 0.842213 -0.539145 0
    outer loop
      vertex -12.4528 7.63109 2.54
      vertex -12.1436 8.1141 0
      vertex -12.1436 8.1141 2.54
    endloop
  endfacet
  facet normal 0.842213 -0.539145 0
    outer loop
      vertex -12.1436 8.1141 0
      vertex -12.4528 7.63109 2.54
      vertex -12.4528 7.63109 0
    endloop
  endfacet
  facet normal 0.899805 -0.436292 0
    outer loop
      vertex -13.2634 6.11452 2.54
      vertex -13.0132 6.63053 0
      vertex -13.0132 6.63053 2.54
    endloop
  endfacet
  facet normal 0.899805 -0.436292 0
    outer loop
      vertex -13.0132 6.63053 0
      vertex -13.2634 6.11452 2.54
      vertex -13.2634 6.11452 0
    endloop
  endfacet
  facet normal 0.931229 -0.364436 0
    outer loop
      vertex -13.7023 5.05504 2.54
      vertex -13.4933 5.58909 0
      vertex -13.4933 5.58909 2.54
    endloop
  endfacet
  facet normal 0.931229 -0.364436 0
    outer loop
      vertex -13.4933 5.58909 0
      vertex -13.7023 5.05504 2.54
      vertex -13.7023 5.05504 0
    endloop
  endfacet
  facet normal 0.984432 -0.175766 0
    outer loop
      vertex -14.4252 2.28473 2.54
      vertex -14.3244 2.84929 0
      vertex -14.3244 2.84929 2.54
    endloop
  endfacet
  facet normal 0.984432 -0.175766 0
    outer loop
      vertex -14.3244 2.84929 0
      vertex -14.4252 2.28473 2.54
      vertex -14.4252 2.28473 0
    endloop
  endfacet
  facet normal 0.634473 -0.772945 0
    outer loop
      vertex -9.48519 11.1057 0
      vertex -9.04187 11.4696 2.54
      vertex -9.48519 11.1057 2.54
    endloop
  endfacet
  facet normal 0.634473 -0.772945 0
    outer loop
      vertex -9.04187 11.4696 2.54
      vertex -9.48519 11.1057 0
      vertex -9.04187 11.4696 0
    endloop
  endfacet
  facet normal 0.400855 -0.916142 0
    outer loop
      vertex -6.11452 13.2634 0
      vertex -5.58909 13.4933 2.54
      vertex -6.11452 13.2634 2.54
    endloop
  endfacet
  facet normal 0.400855 -0.916142 0
    outer loop
      vertex -5.58909 13.4933 2.54
      vertex -6.11452 13.2634 0
      vertex -5.58909 13.4933 0
    endloop
  endfacet
  facet normal 0.539145 -0.842213 0
    outer loop
      vertex -8.1141 12.1436 0
      vertex -7.63109 12.4528 2.54
      vertex -8.1141 12.1436 2.54
    endloop
  endfacet
  facet normal 0.539145 -0.842213 0
    outer loop
      vertex -7.63109 12.4528 2.54
      vertex -8.1141 12.1436 0
      vertex -7.63109 12.4528 0
    endloop
  endfacet
  facet normal 0.571764 -0.820418 0
    outer loop
      vertex -8.5846 11.8157 0
      vertex -8.1141 12.1436 2.54
      vertex -8.5846 11.8157 2.54
    endloop
  endfacet
  facet normal 0.571764 -0.820418 0
    outer loop
      vertex -8.1141 12.1436 2.54
      vertex -8.5846 11.8157 0
      vertex -8.1141 12.1436 0
    endloop
  endfacet
  facet normal 0.290322 -0.956929 0
    outer loop
      vertex -4.51319 13.8902 0
      vertex -3.96439 14.0567 2.54
      vertex -4.51319 13.8902 2.54
    endloop
  endfacet
  facet normal 0.290322 -0.956929 0
    outer loop
      vertex -3.96439 14.0567 2.54
      vertex -4.51319 13.8902 0
      vertex -3.96439 14.0567 0
    endloop
  endfacet
  facet normal 0.327635 -0.944805 0
    outer loop
      vertex -5.05504 13.7023 0
      vertex -4.51319 13.8902 2.54
      vertex -5.05504 13.7023 2.54
    endloop
  endfacet
  facet normal 0.327635 -0.944805 0
    outer loop
      vertex -4.51319 13.8902 2.54
      vertex -5.05504 13.7023 0
      vertex -4.51319 13.8902 0
    endloop
  endfacet
  facet normal 0.0197036 -0.999806 0
    outer loop
      vertex -0.573389 14.5937 0
      vertex 0 14.605 2.54
      vertex -0.573389 14.5937 2.54
    endloop
  endfacet
  facet normal 0.0197036 -0.999806 0
    outer loop
      vertex 0 14.605 2.54
      vertex -0.573389 14.5937 0
      vertex 0 14.605 0
    endloop
  endfacet
  facet normal 0.13705 -0.990564 0
    outer loop
      vertex -2.28473 14.4252 0
      vertex -1.71663 14.5038 2.54
      vertex -2.28473 14.4252 2.54
    endloop
  endfacet
  facet normal 0.13705 -0.990564 0
    outer loop
      vertex -1.71663 14.5038 2.54
      vertex -2.28473 14.4252 0
      vertex -1.71663 14.5038 0
    endloop
  endfacet
  facet normal 0.0587618 -0.998272 0
    outer loop
      vertex -1.1459 14.56 0
      vertex -0.573389 14.5937 2.54
      vertex -1.1459 14.56 2.54
    endloop
  endfacet
  facet normal 0.0587618 -0.998272 0
    outer loop
      vertex -0.573389 14.5937 2.54
      vertex -1.1459 14.56 0
      vertex -0.573389 14.5937 0
    endloop
  endfacet
  facet normal -0.999806 0.0197036 0
    outer loop
      vertex 14.5937 -0.573389 0
      vertex 14.605 0 2.54
      vertex 14.605 0 0
    endloop
  endfacet
  facet normal -0.999806 0.0197036 0
    outer loop
      vertex 14.605 0 2.54
      vertex 14.5937 -0.573389 0
      vertex 14.5937 -0.573389 2.54
    endloop
  endfacet
  facet normal -0.0197036 0.999806 0
    outer loop
      vertex 0.573389 -14.5937 0
      vertex 0 -14.605 2.54
      vertex 0.573389 -14.5937 2.54
    endloop
  endfacet
  facet normal -0.0197036 0.999806 0
    outer loop
      vertex 0 -14.605 2.54
      vertex 0.573389 -14.5937 0
      vertex 0 -14.605 0
    endloop
  endfacet
  facet normal -0.0587618 0.998272 0
    outer loop
      vertex 1.1459 -14.56 0
      vertex 0.573389 -14.5937 2.54
      vertex 1.1459 -14.56 2.54
    endloop
  endfacet
  facet normal -0.0587618 0.998272 0
    outer loop
      vertex 0.573389 -14.5937 2.54
      vertex 1.1459 -14.56 0
      vertex 0.573389 -14.5937 0
    endloop
  endfacet
  facet normal -0.252484 0.967601 0
    outer loop
      vertex 3.96439 -14.0567 0
      vertex 3.40947 -14.2015 2.54
      vertex 3.96439 -14.0567 2.54
    endloop
  endfacet
  facet normal -0.252484 0.967601 0
    outer loop
      vertex 3.40947 -14.2015 2.54
      vertex 3.96439 -14.0567 0
      vertex 3.40947 -14.2015 0
    endloop
  endfacet
  facet normal -0.327635 0.944805 0
    outer loop
      vertex 5.05504 -13.7023 0
      vertex 4.51319 -13.8902 2.54
      vertex 5.05504 -13.7023 2.54
    endloop
  endfacet
  facet normal -0.327635 0.944805 0
    outer loop
      vertex 4.51319 -13.8902 2.54
      vertex 5.05504 -13.7023 0
      vertex 4.51319 -13.8902 0
    endloop
  endfacet
  facet normal -0.290322 0.956929 0
    outer loop
      vertex 4.51319 -13.8902 0
      vertex 3.96439 -14.0567 2.54
      vertex 4.51319 -13.8902 2.54
    endloop
  endfacet
  facet normal -0.290322 0.956929 0
    outer loop
      vertex 3.96439 -14.0567 2.54
      vertex 4.51319 -13.8902 0
      vertex 3.96439 -14.0567 0
    endloop
  endfacet
  facet normal -0.634473 0.772945 0
    outer loop
      vertex 9.48519 -11.1057 0
      vertex 9.04187 -11.4696 2.54
      vertex 9.48519 -11.1057 2.54
    endloop
  endfacet
  facet normal -0.634473 0.772945 0
    outer loop
      vertex 9.04187 -11.4696 2.54
      vertex 9.48519 -11.1057 0
      vertex 9.04187 -11.4696 0
    endloop
  endfacet
  facet normal -0.571764 0.820418 0
    outer loop
      vertex 8.5846 -11.8157 0
      vertex 8.1141 -12.1436 2.54
      vertex 8.5846 -11.8157 2.54
    endloop
  endfacet
  facet normal -0.571764 0.820418 0
    outer loop
      vertex 8.1141 -12.1436 2.54
      vertex 8.5846 -11.8157 0
      vertex 8.1141 -12.1436 0
    endloop
  endfacet
  facet normal -0.66421 0.747546 0
    outer loop
      vertex 9.91388 -10.7248 0
      vertex 9.48519 -11.1057 2.54
      vertex 9.91388 -10.7248 2.54
    endloop
  endfacet
  facet normal -0.66421 0.747546 0
    outer loop
      vertex 9.48519 -11.1057 2.54
      vertex 9.91388 -10.7248 0
      vertex 9.48519 -11.1057 0
    endloop
  endfacet
  facet normal -0.539145 0.842213 0
    outer loop
      vertex 8.1141 -12.1436 0
      vertex 7.63109 -12.4528 2.54
      vertex 8.1141 -12.1436 2.54
    endloop
  endfacet
  facet normal -0.539145 0.842213 0
    outer loop
      vertex 7.63109 -12.4528 2.54
      vertex 8.1141 -12.1436 0
      vertex 7.63109 -12.4528 0
    endloop
  endfacet
  facet normal -0.400855 0.916142 0
    outer loop
      vertex 6.11452 -13.2634 0
      vertex 5.58909 -13.4933 2.54
      vertex 6.11452 -13.2634 2.54
    endloop
  endfacet
  facet normal -0.400855 0.916142 0
    outer loop
      vertex 5.58909 -13.4933 2.54
      vertex 6.11452 -13.2634 0
      vertex 5.58909 -13.4933 0
    endloop
  endfacet
  facet normal -0.72085 0.693091 0
    outer loop
      vertex 10.3273 -10.3273 0
      vertex 10.7248 -9.91388 2.54
      vertex 10.7248 -9.91388 0
    endloop
  endfacet
  facet normal -0.72085 0.693091 0
    outer loop
      vertex 10.7248 -9.91388 2.54
      vertex 10.3273 -10.3273 0
      vertex 10.3273 -10.3273 2.54
    endloop
  endfacet
  facet normal -0.772945 0.634473 0
    outer loop
      vertex 11.1057 -9.48519 0
      vertex 11.4696 -9.04187 2.54
      vertex 11.4696 -9.04187 0
    endloop
  endfacet
  facet normal -0.772945 0.634473 0
    outer loop
      vertex 11.4696 -9.04187 2.54
      vertex 11.1057 -9.48519 0
      vertex 11.1057 -9.48519 2.54
    endloop
  endfacet
  facet normal -0.899805 0.436292 0
    outer loop
      vertex 13.0132 -6.63053 0
      vertex 13.2634 -6.11452 2.54
      vertex 13.2634 -6.11452 0
    endloop
  endfacet
  facet normal -0.899805 0.436292 0
    outer loop
      vertex 13.2634 -6.11452 2.54
      vertex 13.0132 -6.63053 0
      vertex 13.0132 -6.63053 2.54
    endloop
  endfacet
  facet normal -0.842213 0.539145 0
    outer loop
      vertex 12.1436 -8.1141 0
      vertex 12.4528 -7.63109 2.54
      vertex 12.4528 -7.63109 0
    endloop
  endfacet
  facet normal -0.842213 0.539145 0
    outer loop
      vertex 12.4528 -7.63109 2.54
      vertex 12.1436 -8.1141 0
      vertex 12.1436 -8.1141 2.54
    endloop
  endfacet
  facet normal -0.967601 0.252484 0
    outer loop
      vertex 14.0567 -3.96439 0
      vertex 14.2015 -3.40947 2.54
      vertex 14.2015 -3.40947 0
    endloop
  endfacet
  facet normal -0.967601 0.252484 0
    outer loop
      vertex 14.2015 -3.40947 2.54
      vertex 14.0567 -3.96439 0
      vertex 14.0567 -3.96439 2.54
    endloop
  endfacet
  facet normal 0.0587618 0.998272 -0
    outer loop
      vertex -0.573389 -14.5937 0
      vertex -1.1459 -14.56 2.54
      vertex -0.573389 -14.5937 2.54
    endloop
  endfacet
  facet normal 0.0587618 0.998272 0
    outer loop
      vertex -1.1459 -14.56 2.54
      vertex -0.573389 -14.5937 0
      vertex -1.1459 -14.56 0
    endloop
  endfacet
  facet normal 0.693091 0.72085 -0
    outer loop
      vertex -9.91388 -10.7248 0
      vertex -10.3273 -10.3273 2.54
      vertex -9.91388 -10.7248 2.54
    endloop
  endfacet
  facet normal 0.693091 0.72085 0
    outer loop
      vertex -10.3273 -10.3273 2.54
      vertex -9.91388 -10.7248 0
      vertex -10.3273 -10.3273 0
    endloop
  endfacet
  facet normal 0.539145 0.842213 -0
    outer loop
      vertex -7.63109 -12.4528 0
      vertex -8.1141 -12.1436 2.54
      vertex -7.63109 -12.4528 2.54
    endloop
  endfacet
  facet normal 0.539145 0.842213 0
    outer loop
      vertex -8.1141 -12.1436 2.54
      vertex -7.63109 -12.4528 0
      vertex -8.1141 -12.1436 0
    endloop
  endfacet
  facet normal 0.436292 0.899805 -0
    outer loop
      vertex -6.11452 -13.2634 0
      vertex -6.63053 -13.0132 2.54
      vertex -6.11452 -13.2634 2.54
    endloop
  endfacet
  facet normal 0.436292 0.899805 0
    outer loop
      vertex -6.63053 -13.0132 2.54
      vertex -6.11452 -13.2634 0
      vertex -6.63053 -13.0132 0
    endloop
  endfacet
  facet normal 0.327635 0.944805 -0
    outer loop
      vertex -4.51319 -13.8902 0
      vertex -5.05504 -13.7023 2.54
      vertex -4.51319 -13.8902 2.54
    endloop
  endfacet
  facet normal 0.327635 0.944805 0
    outer loop
      vertex -5.05504 -13.7023 2.54
      vertex -4.51319 -13.8902 0
      vertex -5.05504 -13.7023 0
    endloop
  endfacet
  facet normal 0.364436 0.931229 -0
    outer loop
      vertex -5.05504 -13.7023 0
      vertex -5.58909 -13.4933 2.54
      vertex -5.05504 -13.7023 2.54
    endloop
  endfacet
  facet normal 0.364436 0.931229 0
    outer loop
      vertex -5.58909 -13.4933 2.54
      vertex -5.05504 -13.7023 0
      vertex -5.58909 -13.4933 0
    endloop
  endfacet
  facet normal 0.290322 0.956929 -0
    outer loop
      vertex -3.96439 -14.0567 0
      vertex -4.51319 -13.8902 2.54
      vertex -3.96439 -14.0567 2.54
    endloop
  endfacet
  facet normal 0.290322 0.956929 0
    outer loop
      vertex -4.51319 -13.8902 2.54
      vertex -3.96439 -14.0567 0
      vertex -4.51319 -13.8902 0
    endloop
  endfacet
  facet normal 0.916142 0.400855 0
    outer loop
      vertex -13.2634 -6.11452 2.54
      vertex -13.4933 -5.58909 0
      vertex -13.4933 -5.58909 2.54
    endloop
  endfacet
  facet normal 0.916142 0.400855 0
    outer loop
      vertex -13.4933 -5.58909 0
      vertex -13.2634 -6.11452 2.54
      vertex -13.2634 -6.11452 0
    endloop
  endfacet
  facet normal 0.899805 0.436292 0
    outer loop
      vertex -13.0132 -6.63053 2.54
      vertex -13.2634 -6.11452 0
      vertex -13.2634 -6.11452 2.54
    endloop
  endfacet
  facet normal 0.899805 0.436292 0
    outer loop
      vertex -13.2634 -6.11452 0
      vertex -13.0132 -6.63053 2.54
      vertex -13.0132 -6.63053 0
    endloop
  endfacet
  facet normal 0.820418 0.571764 0
    outer loop
      vertex -11.8157 -8.5846 2.54
      vertex -12.1436 -8.1141 0
      vertex -12.1436 -8.1141 2.54
    endloop
  endfacet
  facet normal 0.820418 0.571764 0
    outer loop
      vertex -12.1436 -8.1141 0
      vertex -11.8157 -8.5846 2.54
      vertex -11.8157 -8.5846 0
    endloop
  endfacet
  facet normal 0.931229 0.364436 0
    outer loop
      vertex -13.4933 -5.58909 2.54
      vertex -13.7023 -5.05504 0
      vertex -13.7023 -5.05504 2.54
    endloop
  endfacet
  facet normal 0.931229 0.364436 0
    outer loop
      vertex -13.7023 -5.05504 0
      vertex -13.4933 -5.58909 2.54
      vertex -13.4933 -5.58909 0
    endloop
  endfacet
  facet normal 0.976769 0.214297 0
    outer loop
      vertex -14.2015 -3.40947 2.54
      vertex -14.3244 -2.84929 0
      vertex -14.3244 -2.84929 2.54
    endloop
  endfacet
  facet normal 0.976769 0.214297 0
    outer loop
      vertex -14.3244 -2.84929 0
      vertex -14.2015 -3.40947 2.54
      vertex -14.2015 -3.40947 0
    endloop
  endfacet
  facet normal 0.999806 0.0197036 0
    outer loop
      vertex -14.5937 -0.573389 2.54
      vertex -14.605 0 0
      vertex -14.605 0 2.54
    endloop
  endfacet
  facet normal 0.999806 0.0197036 0
    outer loop
      vertex -14.605 0 0
      vertex -14.5937 -0.573389 2.54
      vertex -14.5937 -0.573389 0
    endloop
  endfacet
  facet normal -0.998272 -0.0587618 0
    outer loop
      vertex 14.5937 0.573389 0
      vertex 14.56 1.1459 2.54
      vertex 14.56 1.1459 0
    endloop
  endfacet
  facet normal -0.998272 -0.0587618 0
    outer loop
      vertex 14.56 1.1459 2.54
      vertex 14.5937 0.573389 0
      vertex 14.5937 0.573389 2.54
    endloop
  endfacet
  facet normal -0.976769 -0.214297 0
    outer loop
      vertex 14.3244 2.84929 0
      vertex 14.2015 3.40947 2.54
      vertex 14.2015 3.40947 0
    endloop
  endfacet
  facet normal -0.976769 -0.214297 0
    outer loop
      vertex 14.2015 3.40947 2.54
      vertex 14.3244 2.84929 0
      vertex 14.3244 2.84929 2.54
    endloop
  endfacet
  facet normal -0.747546 -0.66421 0
    outer loop
      vertex 11.1057 9.48519 0
      vertex 10.7248 9.91388 2.54
      vertex 10.7248 9.91388 0
    endloop
  endfacet
  facet normal -0.747546 -0.66421 0
    outer loop
      vertex 10.7248 9.91388 2.54
      vertex 11.1057 9.48519 0
      vertex 11.1057 9.48519 2.54
    endloop
  endfacet
  facet normal -0.797358 -0.603507 0
    outer loop
      vertex 11.8157 8.5846 0
      vertex 11.4696 9.04187 2.54
      vertex 11.4696 9.04187 0
    endloop
  endfacet
  facet normal -0.797358 -0.603507 0
    outer loop
      vertex 11.4696 9.04187 2.54
      vertex 11.8157 8.5846 0
      vertex 11.8157 8.5846 2.54
    endloop
  endfacet
  facet normal -0.881881 -0.471471 0
    outer loop
      vertex 13.0132 6.63053 0
      vertex 12.7428 7.13631 2.54
      vertex 12.7428 7.13631 0
    endloop
  endfacet
  facet normal -0.881881 -0.471471 0
    outer loop
      vertex 12.7428 7.13631 2.54
      vertex 13.0132 6.63053 0
      vertex 13.0132 6.63053 2.54
    endloop
  endfacet
  facet normal -0.364436 -0.931229 0
    outer loop
      vertex 5.05504 13.7023 0
      vertex 5.58909 13.4933 2.54
      vertex 5.05504 13.7023 2.54
    endloop
  endfacet
  facet normal -0.364436 -0.931229 -0
    outer loop
      vertex 5.58909 13.4933 2.54
      vertex 5.05504 13.7023 0
      vertex 5.58909 13.4933 0
    endloop
  endfacet
  facet normal -0.214297 -0.976769 0
    outer loop
      vertex 2.84929 14.3244 0
      vertex 3.40947 14.2015 2.54
      vertex 2.84929 14.3244 2.54
    endloop
  endfacet
  facet normal -0.214297 -0.976769 -0
    outer loop
      vertex 3.40947 14.2015 2.54
      vertex 2.84929 14.3244 0
      vertex 3.40947 14.2015 0
    endloop
  endfacet
  facet normal -0.252484 -0.967601 0
    outer loop
      vertex 3.40947 14.2015 0
      vertex 3.96439 14.0567 2.54
      vertex 3.40947 14.2015 2.54
    endloop
  endfacet
  facet normal -0.252484 -0.967601 -0
    outer loop
      vertex 3.96439 14.0567 2.54
      vertex 3.40947 14.2015 0
      vertex 3.96439 14.0567 0
    endloop
  endfacet
  facet normal -0.0587618 -0.998272 0
    outer loop
      vertex 0.573389 14.5937 0
      vertex 1.1459 14.56 2.54
      vertex 0.573389 14.5937 2.54
    endloop
  endfacet
  facet normal -0.0587618 -0.998272 -0
    outer loop
      vertex 1.1459 14.56 2.54
      vertex 0.573389 14.5937 0
      vertex 1.1459 14.56 0
    endloop
  endfacet
  facet normal -0.13705 -0.990564 0
    outer loop
      vertex 1.71663 14.5038 0
      vertex 2.28473 14.4252 2.54
      vertex 1.71663 14.5038 2.54
    endloop
  endfacet
  facet normal -0.13705 -0.990564 -0
    outer loop
      vertex 2.28473 14.4252 2.54
      vertex 1.71663 14.5038 0
      vertex 2.28473 14.4252 0
    endloop
  endfacet
  facet normal -0.436292 -0.899805 0
    outer loop
      vertex 6.11452 13.2634 0
      vertex 6.63053 13.0132 2.54
      vertex 6.11452 13.2634 2.54
    endloop
  endfacet
  facet normal -0.436292 -0.899805 -0
    outer loop
      vertex 6.63053 13.0132 2.54
      vertex 6.11452 13.2634 0
      vertex 6.63053 13.0132 0
    endloop
  endfacet
  facet normal -0.505663 -0.862731 0
    outer loop
      vertex 7.13631 12.7428 0
      vertex 7.63109 12.4528 2.54
      vertex 7.13631 12.7428 2.54
    endloop
  endfacet
  facet normal -0.505663 -0.862731 -0
    outer loop
      vertex 7.63109 12.4528 2.54
      vertex 7.13631 12.7428 0
      vertex 7.63109 12.4528 0
    endloop
  endfacet
  facet normal -0.634473 -0.772945 0
    outer loop
      vertex 9.04187 11.4696 0
      vertex 9.48519 11.1057 2.54
      vertex 9.04187 11.4696 2.54
    endloop
  endfacet
  facet normal -0.634473 -0.772945 -0
    outer loop
      vertex 9.48519 11.1057 2.54
      vertex 9.04187 11.4696 0
      vertex 9.48519 11.1057 0
    endloop
  endfacet
  facet normal 0.797358 -0.603507 0
    outer loop
      vertex -11.8157 8.5846 2.54
      vertex -11.4696 9.04187 0
      vertex -11.4696 9.04187 2.54
    endloop
  endfacet
  facet normal 0.797358 -0.603507 0
    outer loop
      vertex -11.4696 9.04187 0
      vertex -11.8157 8.5846 2.54
      vertex -11.8157 8.5846 0
    endloop
  endfacet
  facet normal 0.862731 -0.505663 0
    outer loop
      vertex -12.7428 7.13631 2.54
      vertex -12.4528 7.63109 0
      vertex -12.4528 7.63109 2.54
    endloop
  endfacet
  facet normal 0.862731 -0.505663 0
    outer loop
      vertex -12.4528 7.63109 0
      vertex -12.7428 7.13631 2.54
      vertex -12.7428 7.13631 0
    endloop
  endfacet
  facet normal 0.881881 -0.471471 0
    outer loop
      vertex -13.0132 6.63053 2.54
      vertex -12.7428 7.13631 0
      vertex -12.7428 7.13631 2.54
    endloop
  endfacet
  facet normal 0.881881 -0.471471 0
    outer loop
      vertex -12.7428 7.13631 0
      vertex -13.0132 6.63053 2.54
      vertex -13.0132 6.63053 0
    endloop
  endfacet
  facet normal 0.976769 -0.214297 0
    outer loop
      vertex -14.3244 2.84929 2.54
      vertex -14.2015 3.40947 0
      vertex -14.2015 3.40947 2.54
    endloop
  endfacet
  facet normal 0.976769 -0.214297 0
    outer loop
      vertex -14.2015 3.40947 0
      vertex -14.3244 2.84929 2.54
      vertex -14.3244 2.84929 0
    endloop
  endfacet
  facet normal 0.967601 -0.252484 0
    outer loop
      vertex -14.2015 3.40947 2.54
      vertex -14.0567 3.96439 0
      vertex -14.0567 3.96439 2.54
    endloop
  endfacet
  facet normal 0.967601 -0.252484 0
    outer loop
      vertex -14.0567 3.96439 0
      vertex -14.2015 3.40947 2.54
      vertex -14.2015 3.40947 0
    endloop
  endfacet
  facet normal 0 0 -1
    outer loop
      vertex 14.5937 -0.573389 2.54
      vertex 14.5937 0.573389 2.54
      vertex 14.605 0 2.54
    endloop
  endfacet
  facet normal 0 0 -1
    outer loop
      vertex 14.56 -1.1459 2.54
      vertex 14.5937 0.573389 2.54
      vertex 14.5937 -0.573389 2.54
    endloop
  endfacet
  facet normal 0 0 -1
    outer loop
      vertex 14.56 -1.1459 2.54
      vertex 14.56 1.1459 2.54
      vertex 14.5937 0.573389 2.54
    endloop
  endfacet
  facet normal 0 0 -1
    outer loop
      vertex 14.5038 -1.71663 2.54
      vertex 14.56 1.1459 2.54
      vertex 14.56 -1.1459 2.54
    endloop
  endfacet
  facet normal 0 0 -1
    outer loop
      vertex 14.5038 -1.71663 2.54
      vertex 14.5038 1.71663 2.54
      vertex 14.56 1.1459 2.54
    endloop
  endfacet
  facet normal 0 0 -1
    outer loop
      vertex 14.4252 -2.28473 2.54
      vertex 14.5038 1.71663 2.54
      vertex 14.5038 -1.71663 2.54
    endloop
  endfacet
  facet normal 0 0 -1
    outer loop
      vertex 14.4252 -2.28473 2.54
      vertex 14.4252 2.28473 2.54
      vertex 14.5038 1.71663 2.54
    endloop
  endfacet
  facet normal 0 0 -1
    outer loop
      vertex 14.3244 -2.84929 2.54
      vertex 14.4252 2.28473 2.54
      vertex 14.4252 -2.28473 2.54
    endloop
  endfacet
  facet normal 0 0 -1
    outer loop
      vertex 14.3244 -2.84929 2.54
      vertex 14.3244 2.84929 2.54
      vertex 14.4252 2.28473 2.54
    endloop
  endfacet
  facet normal 0 0 -1
    outer loop
      vertex 14.2015 -3.40947 2.54
      vertex 14.3244 2.84929 2.54
      vertex 14.3244 -2.84929 2.54
    endloop
  endfacet
  facet normal 0 0 -1
    outer loop
      vertex 14.2015 -3.40947 2.54
      vertex 14.2015 3.40947 2.54
      vertex 14.3244 2.84929 2.54
    endloop
  endfacet
  facet normal 0 0 -1
    outer loop
      vertex 14.0567 -3.96439 2.54
      vertex 14.2015 3.40947 2.54
      vertex 14.2015 -3.40947 2.54
    endloop
  endfacet
  facet normal 0 0 -1
    outer loop
      vertex 14.0567 -3.96439 2.54
      vertex 14.0567 3.96439 2.54
      vertex 14.2015 3.40947 2.54
    endloop
  endfacet
  facet normal 0 0 -1
    outer loop
      vertex 13.8902 -4.51319 2.54
      vertex 14.0567 3.96439 2.54
      vertex 14.0567 -3.96439 2.54
    endloop
  endfacet
  facet normal 0 0 -1
    outer loop
      vertex 13.8902 -4.51319 2.54
      vertex 13.8902 4.51319 2.54
      vertex 14.0567 3.96439 2.54
    endloop
  endfacet
  facet normal 0 0 -1
    outer loop
      vertex 13.7023 -5.05504 2.54
      vertex 13.8902 4.51319 2.54
      vertex 13.8902 -4.51319 2.54
    endloop
  endfacet
  facet normal 0 0 -1
    outer loop
      vertex 13.7023 -5.05504 2.54
      vertex 13.7023 5.05504 2.54
      vertex 13.8902 4.51319 2.54
    endloop
  endfacet
  facet normal 0 0 -1
    outer loop
      vertex 13.4933 -5.58909 2.54
      vertex 13.7023 5.05504 2.54
      vertex 13.7023 -5.05504 2.54
    endloop
  endfacet
  facet normal 0 0 -1
    outer loop
      vertex 13.4933 -5.58909 2.54
      vertex 13.4933 5.58909 2.54
      vertex 13.7023 5.05504 2.54
    endloop
  endfacet
  facet normal 0 0 -1
    outer loop
      vertex 13.2634 -6.11452 2.54
      vertex 13.4933 5.58909 2.54
      vertex 13.4933 -5.58909 2.54
    endloop
  endfacet
  facet normal 0 0 -1
    outer loop
      vertex 13.2634 -6.11452 2.54
      vertex 13.2634 6.11452 2.54
      vertex 13.4933 5.58909 2.54
    endloop
  endfacet
  facet normal 0 0 -1
    outer loop
      vertex 13.0132 -6.63053 2.54
      vertex 13.2634 6.11452 2.54
      vertex 13.2634 -6.11452 2.54
    endloop
  endfacet
  facet normal 0 0 -1
    outer loop
      vertex 13.0132 -6.63053 2.54
      vertex 13.0132 6.63053 2.54
      vertex 13.2634 6.11452 2.54
    endloop
  endfacet
  facet normal 0 0 -1
    outer loop
      vertex 12.7428 -7.13631 2.54
      vertex 13.0132 6.63053 2.54
      vertex 13.0132 -6.63053 2.54
    endloop
  endfacet
  facet normal 0 0 -1
    outer loop
      vertex 12.7428 -7.13631 2.54
      vertex 12.7428 7.13631 2.54
      vertex 13.0132 6.63053 2.54
    endloop
  endfacet
  facet normal 0 0 -1
    outer loop
      vertex 12.4528 -7.63109 2.54
      vertex 12.7428 7.13631 2.54
      vertex 12.7428 -7.13631 2.54
    endloop
  endfacet
  facet normal 0 0 -1
    outer loop
      vertex 12.4528 -7.63109 2.54
      vertex 12.4528 7.63109 2.54
      vertex 12.7428 7.13631 2.54
    endloop
  endfacet
  facet normal 0 0 -1
    outer loop
      vertex 12.1436 -8.1141 2.54
      vertex 12.4528 7.63109 2.54
      vertex 12.4528 -7.63109 2.54
    endloop
  endfacet
  facet normal 0 0 -1
    outer loop
      vertex 12.1436 -8.1141 2.54
      vertex 12.1436 8.1141 2.54
      vertex 12.4528 7.63109 2.54
    endloop
  endfacet
  facet normal 0 0 -1
    outer loop
      vertex 11.8157 -8.5846 2.54
      vertex 12.1436 8.1141 2.54
      vertex 12.1436 -8.1141 2.54
    endloop
  endfacet
  facet normal 0 0 -1
    outer loop
      vertex 11.8157 -8.5846 2.54
      vertex 11.8157 8.5846 2.54
      vertex 12.1436 8.1141 2.54
    endloop
  endfacet
  facet normal 0 0 -1
    outer loop
      vertex 11.4696 -9.04187 2.54
      vertex 11.8157 8.5846 2.54
      vertex 11.8157 -8.5846 2.54
    endloop
  endfacet
  facet normal 0 0 -1
    outer loop
      vertex 11.4696 -9.04187 2.54
      vertex 11.4696 9.04187 2.54
      vertex 11.8157 8.5846 2.54
    endloop
  endfacet
  facet normal 0 0 -1
    outer loop
      vertex 11.1057 -9.48519 2.54
      vertex 11.4696 9.04187 2.54
      vertex 11.4696 -9.04187 2.54
    endloop
  endfacet
  facet normal 0 0 -1
    outer loop
      vertex 11.1057 -9.48519 2.54
      vertex 11.1057 9.48519 2.54
      vertex 11.4696 9.04187 2.54
    endloop
  endfacet
  facet normal 0 0 -1
    outer loop
      vertex 10.7248 -9.91388 2.54
      vertex 11.1057 9.48519 2.54
      vertex 11.1057 -9.48519 2.54
    endloop
  endfacet
  facet normal 0 0 -1
    outer loop
      vertex 10.7248 -9.91388 2.54
      vertex 10.7248 9.91388 2.54
      vertex 11.1057 9.48519 2.54
    endloop
  endfacet
  facet normal 0 0 -1
    outer loop
      vertex 10.3273 -10.3273 2.54
      vertex 10.7248 9.91388 2.54
      vertex 10.7248 -9.91388 2.54
    endloop
  endfacet
  facet normal 0 0 -1
    outer loop
      vertex 10.3273 -10.3273 2.54
      vertex 10.3273 10.3273 2.54
      vertex 10.7248 9.91388 2.54
    endloop
  endfacet
  facet normal 0 0 -1
    outer loop
      vertex 9.91388 -10.7248 2.54
      vertex 10.3273 10.3273 2.54
      vertex 10.3273 -10.3273 2.54
    endloop
  endfacet
  facet normal 0 0 -1
    outer loop
      vertex 9.91388 -10.7248 2.54
      vertex 9.91388 10.7248 2.54
      vertex 10.3273 10.3273 2.54
    endloop
  endfacet
  facet normal 0 0 -1
    outer loop
      vertex 9.48519 -11.1057 2.54
      vertex 9.91388 10.7248 2.54
      vertex 9.91388 -10.7248 2.54
    endloop
  endfacet
  facet normal 0 0 -1
    outer loop
      vertex 9.48519 -11.1057 2.54
      vertex 9.48519 11.1057 2.54
      vertex 9.91388 10.7248 2.54
    endloop
  endfacet
  facet normal 0 0 -1
    outer loop
      vertex 9.04187 -11.4696 2.54
      vertex 9.48519 11.1057 2.54
      vertex 9.48519 -11.1057 2.54
    endloop
  endfacet
  facet normal 0 0 -1
    outer loop
      vertex 9.04187 -11.4696 2.54
      vertex 9.04187 11.4696 2.54
      vertex 9.48519 11.1057 2.54
    endloop
  endfacet
  facet normal 0 0 -1
    outer loop
      vertex 8.5846 -11.8157 2.54
      vertex 9.04187 11.4696 2.54
      vertex 9.04187 -11.4696 2.54
    endloop
  endfacet
  facet normal 0 0 -1
    outer loop
      vertex 8.5846 -11.8157 2.54
      vertex 8.5846 11.8157 2.54
      vertex 9.04187 11.4696 2.54
    endloop
  endfacet
  facet normal 0 0 -1
    outer loop
      vertex 8.1141 -12.1436 2.54
      vertex 8.5846 11.8157 2.54
      vertex 8.5846 -11.8157 2.54
    endloop
  endfacet
  facet normal 0 0 -1
    outer loop
      vertex 8.1141 -12.1436 2.54
      vertex 8.1141 12.1436 2.54
      vertex 8.5846 11.8157 2.54
    endloop
  endfacet
  facet normal 0 0 -1
    outer loop
      vertex 7.63109 -12.4528 2.54
      vertex 8.1141 12.1436 2.54
      vertex 8.1141 -12.1436 2.54
    endloop
  endfacet
  facet normal 0 0 -1
    outer loop
      vertex 7.63109 -12.4528 2.54
      vertex 7.63109 12.4528 2.54
      vertex 8.1141 12.1436 2.54
    endloop
  endfacet
  facet normal 0 0 -1
    outer loop
      vertex 7.13631 -12.7428 2.54
      vertex 7.63109 12.4528 2.54
      vertex 7.63109 -12.4528 2.54
    endloop
  endfacet
  facet normal 0 0 -1
    outer loop
      vertex 7.13631 -12.7428 2.54
      vertex 7.13631 12.7428 2.54
      vertex 7.63109 12.4528 2.54
    endloop
  endfacet
  facet normal 0 0 -1
    outer loop
      vertex 6.63053 -13.0132 2.54
      vertex 7.13631 12.7428 2.54
      vertex 7.13631 -12.7428 2.54
    endloop
  endfacet
  facet normal 0 0 -1
    outer loop
      vertex 6.63053 -13.0132 2.54
      vertex 6.63053 13.0132 2.54
      vertex 7.13631 12.7428 2.54
    endloop
  endfacet
  facet normal 0 0 -1
    outer loop
      vertex 6.11452 -13.2634 2.54
      vertex 6.63053 13.0132 2.54
      vertex 6.63053 -13.0132 2.54
    endloop
  endfacet
  facet normal 0 0 -1
    outer loop
      vertex 6.11452 -13.2634 2.54
      vertex 6.11452 13.2634 2.54
      vertex 6.63053 13.0132 2.54
    endloop
  endfacet
  facet normal 0 0 -1
    outer loop
      vertex 5.58909 -13.4933 2.54
      vertex 6.11452 13.2634 2.54
      vertex 6.11452 -13.2634 2.54
    endloop
  endfacet
  facet normal 0 0 -1
    outer loop
      vertex 5.58909 -13.4933 2.54
      vertex 5.58909 13.4933 2.54
      vertex 6.11452 13.2634 2.54
    endloop
  endfacet
  facet normal 0 0 -1
    outer loop
      vertex 5.05504 -13.7023 2.54
      vertex 5.58909 13.4933 2.54
      vertex 5.58909 -13.4933 2.54
    endloop
  endfacet
  facet normal 0 0 -1
    outer loop
      vertex 5.05504 -13.7023 2.54
      vertex 5.05504 13.7023 2.54
      vertex 5.58909 13.4933 2.54
    endloop
  endfacet
  facet normal 0 0 -1
    outer loop
      vertex 4.51319 -13.8902 2.54
      vertex 5.05504 13.7023 2.54
      vertex 5.05504 -13.7023 2.54
    endloop
  endfacet
  facet normal 0 0 -1
    outer loop
      vertex 4.51319 -13.8902 2.54
      vertex 4.51319 13.8902 2.54
      vertex 5.05504 13.7023 2.54
    endloop
  endfacet
  facet normal 0 0 -1
    outer loop
      vertex 3.96439 -14.0567 2.54
      vertex 4.51319 13.8902 2.54
      vertex 4.51319 -13.8902 2.54
    endloop
  endfacet
  facet normal 0 0 -1
    outer loop
      vertex 3.96439 -14.0567 2.54
      vertex 3.96439 14.0567 2.54
      vertex 4.51319 13.8902 2.54
    endloop
  endfacet
  facet normal 0 0 -1
    outer loop
      vertex 3.40947 -14.2015 2.54
      vertex 3.96439 14.0567 2.54
      vertex 3.96439 -14.0567 2.54
    endloop
  endfacet
  facet normal 0 0 -1
    outer loop
      vertex 3.40947 -14.2015 2.54
      vertex 3.40947 14.2015 2.54
      vertex 3.96439 14.0567 2.54
    endloop
  endfacet
  facet normal 0 0 -1
    outer loop
      vertex 2.84929 -14.3244 2.54
      vertex 3.40947 14.2015 2.54
      vertex 3.40947 -14.2015 2.54
    endloop
  endfacet
  facet normal 0 0 -1
    outer loop
      vertex 2.84929 -14.3244 2.54
      vertex 2.84929 14.3244 2.54
      vertex 3.40947 14.2015 2.54
    endloop
  endfacet
  facet normal 0 0 -1
    outer loop
      vertex 2.28473 -14.4252 2.54
      vertex 2.84929 14.3244 2.54
      vertex 2.84929 -14.3244 2.54
    endloop
  endfacet
  facet normal 0 0 -1
    outer loop
      vertex 2.28473 -14.4252 2.54
      vertex 2.28473 14.4252 2.54
      vertex 2.84929 14.3244 2.54
    endloop
  endfacet
  facet normal 0 0 -1
    outer loop
      vertex 1.71663 -14.5038 2.54
      vertex 2.28473 14.4252 2.54
      vertex 2.28473 -14.4252 2.54
    endloop
  endfacet
  facet normal 0 0 -1
    outer loop
      vertex 1.71663 -14.5038 2.54
      vertex 1.71663 14.5038 2.54
      vertex 2.28473 14.4252 2.54
    endloop
  endfacet
  facet normal 0 0 -1
    outer loop
      vertex 1.1459 -14.56 2.54
      vertex 1.71663 14.5038 2.54
      vertex 1.71663 -14.5038 2.54
    endloop
  endfacet
  facet normal 0 0 -1
    outer loop
      vertex 1.1459 -14.56 2.54
      vertex 1.1459 14.56 2.54
      vertex 1.71663 14.5038 2.54
    endloop
  endfacet
  facet normal 0 0 -1
    outer loop
      vertex 0.573389 -14.5937 2.54
      vertex 1.1459 14.56 2.54
      vertex 1.1459 -14.56 2.54
    endloop
  endfacet
  facet normal 0 0 -1
    outer loop
      vertex 0.573389 -14.5937 2.54
      vertex 0.573389 14.5937 2.54
      vertex 1.1459 14.56 2.54
    endloop
  endfacet
  facet normal 0 0 -1
    outer loop
      vertex 0 -14.605 2.54
      vertex 0.573389 14.5937 2.54
      vertex 0.573389 -14.5937 2.54
    endloop
  endfacet
  facet normal 0 0 -1
    outer loop
      vertex 0 -14.605 2.54
      vertex 0 14.605 2.54
      vertex 0.573389 14.5937 2.54
    endloop
  endfacet
  facet normal 0 0 -1
    outer loop
      vertex -0.573389 -14.5937 2.54
      vertex 0 14.605 2.54
      vertex 0 -14.605 2.54
    endloop
  endfacet
  facet normal 0 0 -1
    outer loop
      vertex -0.573389 -14.5937 2.54
      vertex -0.573389 14.5937 2.54
      vertex 0 14.605 2.54
    endloop
  endfacet
  facet normal 0 0 -1
    outer loop
      vertex -1.1459 -14.56 2.54
      vertex -0.573389 14.5937 2.54
      vertex -0.573389 -14.5937 2.54
    endloop
  endfacet
  facet normal 0 0 -1
    outer loop
      vertex -1.1459 -14.56 2.54
      vertex -1.1459 14.56 2.54
      vertex -0.573389 14.5937 2.54
    endloop
  endfacet
  facet normal 0 0 -1
    outer loop
      vertex -1.71663 -14.5038 2.54
      vertex -1.1459 14.56 2.54
      vertex -1.1459 -14.56 2.54
    endloop
  endfacet
  facet normal 0 0 -1
    outer loop
      vertex -1.71663 -14.5038 2.54
      vertex -1.71663 14.5038 2.54
      vertex -1.1459 14.56 2.54
    endloop
  endfacet
  facet normal 0 0 -1
    outer loop
      vertex -2.28473 -14.4252 2.54
      vertex -1.71663 14.5038 2.54
      vertex -1.71663 -14.5038 2.54
    endloop
  endfacet
  facet normal 0 0 -1
    outer loop
      vertex -2.28473 -14.4252 2.54
      vertex -2.28473 14.4252 2.54
      vertex -1.71663 14.5038 2.54
    endloop
  endfacet
  facet normal 0 0 -1
    outer loop
      vertex -2.84929 -14.3244 2.54
      vertex -2.28473 14.4252 2.54
      vertex -2.28473 -14.4252 2.54
    endloop
  endfacet
  facet normal 0 0 -1
    outer loop
      vertex -2.84929 -14.3244 2.54
      vertex -2.84929 14.3244 2.54
      vertex -2.28473 14.4252 2.54
    endloop
  endfacet
  facet normal 0 0 -1
    outer loop
      vertex -3.40947 -14.2015 2.54
      vertex -2.84929 14.3244 2.54
      vertex -2.84929 -14.3244 2.54
    endloop
  endfacet
  facet normal 0 0 -1
    outer loop
      vertex -3.40947 -14.2015 2.54
      vertex -3.40947 14.2015 2.54
      vertex -2.84929 14.3244 2.54
    endloop
  endfacet
  facet normal 0 0 -1
    outer loop
      vertex -3.96439 -14.0567 2.54
      vertex -3.40947 14.2015 2.54
      vertex -3.40947 -14.2015 2.54
    endloop
  endfacet
  facet normal 0 0 -1
    outer loop
      vertex -3.96439 -14.0567 2.54
      vertex -3.96439 14.0567 2.54
      vertex -3.40947 14.2015 2.54
    endloop
  endfacet
  facet normal 0 0 -1
    outer loop
      vertex -4.51319 -13.8902 2.54
      vertex -3.96439 14.0567 2.54
      vertex -3.96439 -14.0567 2.54
    endloop
  endfacet
  facet normal 0 0 -1
    outer loop
      vertex -4.51319 -13.8902 2.54
      vertex -4.51319 13.8902 2.54
      vertex -3.96439 14.0567 2.54
    endloop
  endfacet
  facet normal 0 0 -1
    outer loop
      vertex -5.05504 -13.7023 2.54
      vertex -4.51319 13.8902 2.54
      vertex -4.51319 -13.8902 2.54
    endloop
  endfacet
  facet normal 0 0 -1
    outer loop
      vertex -5.05504 -13.7023 2.54
      vertex -5.05504 13.7023 2.54
      vertex -4.51319 13.8902 2.54
    endloop
  endfacet
  facet normal 0 0 -1
    outer loop
      vertex -5.58909 -13.4933 2.54
      vertex -5.05504 13.7023 2.54
      vertex -5.05504 -13.7023 2.54
    endloop
  endfacet
  facet normal 0 0 -1
    outer loop
      vertex -5.58909 -13.4933 2.54
      vertex -5.58909 13.4933 2.54
      vertex -5.05504 13.7023 2.54
    endloop
  endfacet
  facet normal 0 0 -1
    outer loop
      vertex -6.11452 -13.2634 2.54
      vertex -5.58909 13.4933 2.54
      vertex -5.58909 -13.4933 2.54
    endloop
  endfacet
  facet normal 0 0 -1
    outer loop
      vertex -6.11452 -13.2634 2.54
      vertex -6.11452 13.2634 2.54
      vertex -5.58909 13.4933 2.54
    endloop
  endfacet
  facet normal 0 0 -1
    outer loop
      vertex -6.63053 -13.0132 2.54
      vertex -6.11452 13.2634 2.54
      vertex -6.11452 -13.2634 2.54
    endloop
  endfacet
  facet normal 0 0 -1
    outer loop
      vertex -6.63053 -13.0132 2.54
      vertex -6.63053 13.0132 2.54
      vertex -6.11452 13.2634 2.54
    endloop
  endfacet
  facet normal 0 0 -1
    outer loop
      vertex -7.13631 -12.7428 2.54
      vertex -6.63053 13.0132 2.54
      vertex -6.63053 -13.0132 2.54
    endloop
  endfacet
  facet normal 0 0 -1
    outer loop
      vertex -7.13631 -12.7428 2.54
      vertex -7.13631 12.7428 2.54
      vertex -6.63053 13.0132 2.54
    endloop
  endfacet
  facet normal 0 0 -1
    outer loop
      vertex -7.63109 -12.4528 2.54
      vertex -7.13631 12.7428 2.54
      vertex -7.13631 -12.7428 2.54
    endloop
  endfacet
  facet normal 0 0 -1
    outer loop
      vertex -7.63109 -12.4528 2.54
      vertex -7.63109 12.4528 2.54
      vertex -7.13631 12.7428 2.54
    endloop
  endfacet
  facet normal 0 0 -1
    outer loop
      vertex -8.1141 -12.1436 2.54
      vertex -7.63109 12.4528 2.54
      vertex -7.63109 -12.4528 2.54
    endloop
  endfacet
  facet normal 0 0 -1
    outer loop
      vertex -8.1141 -12.1436 2.54
      vertex -8.1141 12.1436 2.54
      vertex -7.63109 12.4528 2.54
    endloop
  endfacet
  facet normal 0 0 -1
    outer loop
      vertex -8.5846 -11.8157 2.54
      vertex -8.1141 12.1436 2.54
      vertex -8.1141 -12.1436 2.54
    endloop
  endfacet
  facet normal 0 0 -1
    outer loop
      vertex -8.5846 -11.8157 2.54
      vertex -8.5846 11.8157 2.54
      vertex -8.1141 12.1436 2.54
    endloop
  endfacet
  facet normal 0 0 -1
    outer loop
      vertex -9.04187 -11.4696 2.54
      vertex -8.5846 11.8157 2.54
      vertex -8.5846 -11.8157 2.54
    endloop
  endfacet
  facet normal 0 0 -1
    outer loop
      vertex -9.04187 -11.4696 2.54
      vertex -9.04187 11.4696 2.54
      vertex -8.5846 11.8157 2.54
    endloop
  endfacet
  facet normal 0 0 -1
    outer loop
      vertex -9.48519 -11.1057 2.54
      vertex -9.04187 11.4696 2.54
      vertex -9.04187 -11.4696 2.54
    endloop
  endfacet
  facet normal 0 0 -1
    outer loop
      vertex -9.48519 -11.1057 2.54
      vertex -9.48519 11.1057 2.54
      vertex -9.04187 11.4696 2.54
    endloop
  endfacet
  facet normal 0 0 -1
    outer loop
      vertex -9.91388 -10.7248 2.54
      vertex -9.48519 11.1057 2.54
      vertex -9.48519 -11.1057 2.54
    endloop
  endfacet
  facet normal 0 0 -1
    outer loop
      vertex -9.91388 -10.7248 2.54
      vertex -9.91388 10.7248 2.54
      vertex -9.48519 11.1057 2.54
    endloop
  endfacet
  facet normal 0 0 -1
    outer loop
      vertex -10.3273 -10.3273 2.54
      vertex -9.91388 10.7248 2.54
      vertex -9.91388 -10.7248 2.54
    endloop
  endfacet
  facet normal 0 0 -1
    outer loop
      vertex -10.3273 -10.3273 2.54
      vertex -10.3273 10.3273 2.54
      vertex -9.91388 10.7248 2.54
    endloop
  endfacet
  facet normal 0 0 -1
    outer loop
      vertex -10.7248 -9.91388 2.54
      vertex -10.3273 10.3273 2.54
      vertex -10.3273 -10.3273 2.54
    endloop
  endfacet
  facet normal 0 0 -1
    outer loop
      vertex -10.7248 -9.91388 2.54
      vertex -10.7248 9.91388 2.54
      vertex -10.3273 10.3273 2.54
    endloop
  endfacet
  facet normal 0 0 -1
    outer loop
      vertex -11.1057 -9.48519 2.54
      vertex -10.7248 9.91388 2.54
      vertex -10.7248 -9.91388 2.54
    endloop
  endfacet
  facet normal 0 0 -1
    outer loop
      vertex -11.1057 -9.48519 2.54
      vertex -11.1057 9.48519 2.54
      vertex -10.7248 9.91388 2.54
    endloop
  endfacet
  facet normal 0 0 -1
    outer loop
      vertex -11.4696 -9.04187 2.54
      vertex -11.1057 9.48519 2.54
      vertex -11.1057 -9.48519 2.54
    endloop
  endfacet
  facet normal 0 0 -1
    outer loop
      vertex -11.4696 -9.04187 2.54
      vertex -11.4696 9.04187 2.54
      vertex -11.1057 9.48519 2.54
    endloop
  endfacet
  facet normal 0 0 -1
    outer loop
      vertex -11.8157 -8.5846 2.54
      vertex -11.4696 9.04187 2.54
      vertex -11.4696 -9.04187 2.54
    endloop
  endfacet
  facet normal 0 0 -1
    outer loop
      vertex -11.8157 -8.5846 2.54
      vertex -11.8157 8.5846 2.54
      vertex -11.4696 9.04187 2.54
    endloop
  endfacet
  facet normal 0 0 -1
    outer loop
      vertex -12.1436 -8.1141 2.54
      vertex -11.8157 8.5846 2.54
      vertex -11.8157 -8.5846 2.54
    endloop
  endfacet
  facet normal 0 0 -1
    outer loop
      vertex -12.1436 -8.1141 2.54
      vertex -12.1436 8.1141 2.54
      vertex -11.8157 8.5846 2.54
    endloop
  endfacet
  facet normal 0 0 -1
    outer loop
      vertex -12.4528 -7.63109 2.54
      vertex -12.1436 8.1141 2.54
      vertex -12.1436 -8.1141 2.54
    endloop
  endfacet
  facet normal 0 0 -1
    outer loop
      vertex -12.4528 -7.63109 2.54
      vertex -12.4528 7.63109 2.54
      vertex -12.1436 8.1141 2.54
    endloop
  endfacet
  facet normal 0 0 -1
    outer loop
      vertex -12.7428 -7.13631 2.54
      vertex -12.4528 7.63109 2.54
      vertex -12.4528 -7.63109 2.54
    endloop
  endfacet
  facet normal 0 0 -1
    outer loop
      vertex -12.7428 -7.13631 2.54
      vertex -12.7428 7.13631 2.54
      vertex -12.4528 7.63109 2.54
    endloop
  endfacet
  facet normal 0 0 -1
    outer loop
      vertex -13.0132 -6.63053 2.54
      vertex -12.7428 7.13631 2.54
      vertex -12.7428 -7.13631 2.54
    endloop
  endfacet
  facet normal 0 0 -1
    outer loop
      vertex -13.0132 -6.63053 2.54
      vertex -13.0132 6.63053 2.54
      vertex -12.7428 7.13631 2.54
    endloop
  endfacet
  facet normal 0 0 -1
    outer loop
      vertex -13.2634 -6.11452 2.54
      vertex -13.0132 6.63053 2.54
      vertex -13.0132 -6.63053 2.54
    endloop
  endfacet
  facet normal 0 0 -1
    outer loop
      vertex -13.2634 -6.11452 2.54
      vertex -13.2634 6.11452 2.54
      vertex -13.0132 6.63053 2.54
    endloop
  endfacet
  facet normal 0 0 -1
    outer loop
      vertex -13.4933 -5.58909 2.54
      vertex -13.2634 6.11452 2.54
      vertex -13.2634 -6.11452 2.54
    endloop
  endfacet
  facet normal 0 0 -1
    outer loop
      vertex -13.4933 -5.58909 2.54
      vertex -13.4933 5.58909 2.54
      vertex -13.2634 6.11452 2.54
    endloop
  endfacet
  facet normal 0 0 -1
    outer loop
      vertex -13.7023 -5.05504 2.54
      vertex -13.4933 5.58909 2.54
      vertex -13.4933 -5.58909 2.54
    endloop
  endfacet
  facet normal 0 0 -1
    outer loop
      vertex -13.7023 -5.05504 2.54
      vertex -13.7023 5.05504 2.54
      vertex -13.4933 5.58909 2.54
    endloop
  endfacet
  facet normal 0 0 -1
    outer loop
      vertex -13.8902 -4.51319 2.54
      vertex -13.7023 5.05504 2.54
      vertex -13.7023 -5.05504 2.54
    endloop
  endfacet
  facet normal 0 0 -1
    outer loop
      vertex -13.8902 -4.51319 2.54
      vertex -13.8902 4.51319 2.54
      vertex -13.7023 5.05504 2.54
    endloop
  endfacet
  facet normal 0 0 -1
    outer loop
      vertex -14.0567 -3.96439 2.54
      vertex -13.8902 4.51319 2.54
      vertex -13.8902 -4.51319 2.54
    endloop
  endfacet
  facet normal 0 0 -1
    outer loop
      vertex -14.0567 -3.96439 2.54
      vertex -14.0567 3.96439 2.54
      vertex -13.8902 4.51319 2.54
    endloop
  endfacet
  facet normal 0 0 -1
    outer loop
      vertex -14.2015 -3.40947 2.54
      vertex -14.0567 3.96439 2.54
      vertex -14.0567 -3.96439 2.54
    endloop
  endfacet
  facet normal 0 0 -1
    outer loop
      vertex -14.2015 -3.40947 2.54
      vertex -14.2015 3.40947 2.54
      vertex -14.0567 3.96439 2.54
    endloop
  endfacet
  facet normal 0 0 -1
    outer loop
      vertex -14.3244 -2.84929 2.54
      vertex -14.2015 3.40947 2.54
      vertex -14.2015 -3.40947 2.54
    endloop
  endfacet
  facet normal 0 0 -1
    outer loop
      vertex -14.3244 -2.84929 2.54
      vertex -14.3244 2.84929 2.54
      vertex -14.2015 3.40947 2.54
    endloop
  endfacet
  facet normal 0 0 -1
    outer loop
      vertex -14.4252 -2.28473 2.54
      vertex -14.3244 2.84929 2.54
      vertex -14.3244 -2.84929 2.54
    endloop
  endfacet
  facet normal 0 0 -1
    outer loop
      vertex -14.4252 -2.28473 2.54
      vertex -14.4252 2.28473 2.54
      vertex -14.3244 2.84929 2.54
    endloop
  endfacet
  facet normal 0 0 -1
    outer loop
      vertex -14.5038 -1.71663 2.54
      vertex -14.4252 2.28473 2.54
      vertex -14.4252 -2.28473 2.54
    endloop
  endfacet
  facet normal 0 0 -1
    outer loop
      vertex -14.5038 -1.71663 2.54
      vertex -14.5038 1.71663 2.54
      vertex -14.4252 2.28473 2.54
    endloop
  endfacet
  facet normal 0 0 -1
    outer loop
      vertex -14.56 -1.1459 2.54
      vertex -14.5038 1.71663 2.54
      vertex -14.5038 -1.71663 2.54
    endloop
  endfacet
  facet normal 0 0 -1
    outer loop
      vertex -14.56 -1.1459 2.54
      vertex -14.56 1.1459 2.54
      vertex -14.5038 1.71663 2.54
    endloop
  endfacet
  facet normal 0 0 -1
    outer loop
      vertex -14.5937 -0.573389 2.54
      vertex -14.56 1.1459 2.54
      vertex -14.56 -1.1459 2.54
    endloop
  endfacet
  facet normal 0 0 -1
    outer loop
      vertex -14.5937 -0.573389 2.54
      vertex -14.5937 0.573389 2.54
      vertex -14.56 1.1459 2.54
    endloop
  endfacet
  facet normal 0 -0 -1
    outer loop
      vertex -14.5937 0.573389 2.54
      vertex -14.5937 -0.573389 2.54
      vertex -14.605 0 2.54
    endloop
  endfacet
  facet normal 0.998272 -0.0587618 0
    outer loop
      vertex -14.5937 0.573389 2.54
      vertex -14.56 1.1459 0
      vertex -14.56 1.1459 2.54
    endloop
  endfacet
  facet normal 0.998272 -0.0587618 0
    outer loop
      vertex -14.56 1.1459 0
      vertex -14.5937 0.573389 2.54
      vertex -14.5937 0.573389 0
    endloop
  endfacet
  facet normal 0.990564 -0.13705 0
    outer loop
      vertex -14.5038 1.71663 2.54
      vertex -14.4252 2.28473 0
      vertex -14.4252 2.28473 2.54
    endloop
  endfacet
  facet normal 0.990564 -0.13705 0
    outer loop
      vertex -14.4252 2.28473 0
      vertex -14.5038 1.71663 2.54
      vertex -14.5038 1.71663 0
    endloop
  endfacet
  facet normal 0.505663 -0.862731 0
    outer loop
      vertex -7.63109 12.4528 0
      vertex -7.13631 12.7428 2.54
      vertex -7.63109 12.4528 2.54
    endloop
  endfacet
  facet normal 0.505663 -0.862731 0
    outer loop
      vertex -7.13631 12.7428 2.54
      vertex -7.63109 12.4528 0
      vertex -7.13631 12.7428 0
    endloop
  endfacet
  facet normal 0.66421 -0.747546 0
    outer loop
      vertex -9.91388 10.7248 0
      vertex -9.48519 11.1057 2.54
      vertex -9.91388 10.7248 2.54
    endloop
  endfacet
  facet normal 0.66421 -0.747546 0
    outer loop
      vertex -9.48519 11.1057 2.54
      vertex -9.91388 10.7248 0
      vertex -9.48519 11.1057 0
    endloop
  endfacet
  facet normal 0.603507 -0.797358 0
    outer loop
      vertex -9.04187 11.4696 0
      vertex -8.5846 11.8157 2.54
      vertex -9.04187 11.4696 2.54
    endloop
  endfacet
  facet normal 0.603507 -0.797358 0
    outer loop
      vertex -8.5846 11.8157 2.54
      vertex -9.04187 11.4696 0
      vertex -8.5846 11.8157 0
    endloop
  endfacet
  facet normal 0.214297 -0.976769 0
    outer loop
      vertex -3.40947 14.2015 0
      vertex -2.84929 14.3244 2.54
      vertex -3.40947 14.2015 2.54
    endloop
  endfacet
  facet normal 0.214297 -0.976769 0
    outer loop
      vertex -2.84929 14.3244 2.54
      vertex -3.40947 14.2015 0
      vertex -2.84929 14.3244 0
    endloop
  endfacet
  facet normal 0.252484 -0.967601 0
    outer loop
      vertex -3.96439 14.0567 0
      vertex -3.40947 14.2015 2.54
      vertex -3.96439 14.0567 2.54
    endloop
  endfacet
  facet normal 0.252484 -0.967601 0
    outer loop
      vertex -3.40947 14.2015 2.54
      vertex -3.96439 14.0567 0
      vertex -3.40947 14.2015 0
    endloop
  endfacet
  facet normal 0.0979964 -0.995187 0
    outer loop
      vertex -1.71663 14.5038 0
      vertex -1.1459 14.56 2.54
      vertex -1.71663 14.5038 2.54
    endloop
  endfacet
  facet normal 0.0979964 -0.995187 0
    outer loop
      vertex -1.1459 14.56 2.54
      vertex -1.71663 14.5038 0
      vertex -1.1459 14.56 0
    endloop
  endfacet
  facet normal -0.175766 0.984432 0
    outer loop
      vertex 2.84929 -14.3244 0
      vertex 2.28473 -14.4252 2.54
      vertex 2.84929 -14.3244 2.54
    endloop
  endfacet
  facet normal -0.175766 0.984432 0
    outer loop
      vertex 2.28473 -14.4252 2.54
      vertex 2.84929 -14.3244 0
      vertex 2.28473 -14.4252 0
    endloop
  endfacet
  facet normal -0.214297 0.976769 0
    outer loop
      vertex 3.40947 -14.2015 0
      vertex 2.84929 -14.3244 2.54
      vertex 3.40947 -14.2015 2.54
    endloop
  endfacet
  facet normal -0.214297 0.976769 0
    outer loop
      vertex 2.84929 -14.3244 2.54
      vertex 3.40947 -14.2015 0
      vertex 2.84929 -14.3244 0
    endloop
  endfacet
  facet normal -0.603507 0.797358 0
    outer loop
      vertex 9.04187 -11.4696 0
      vertex 8.5846 -11.8157 2.54
      vertex 9.04187 -11.4696 2.54
    endloop
  endfacet
  facet normal -0.603507 0.797358 0
    outer loop
      vertex 8.5846 -11.8157 2.54
      vertex 9.04187 -11.4696 0
      vertex 8.5846 -11.8157 0
    endloop
  endfacet
  facet normal -0.693091 0.72085 0
    outer loop
      vertex 10.3273 -10.3273 0
      vertex 9.91388 -10.7248 2.54
      vertex 10.3273 -10.3273 2.54
    endloop
  endfacet
  facet normal -0.693091 0.72085 0
    outer loop
      vertex 9.91388 -10.7248 2.54
      vertex 10.3273 -10.3273 0
      vertex 9.91388 -10.7248 0
    endloop
  endfacet
  facet normal -0.471471 0.881881 0
    outer loop
      vertex 7.13631 -12.7428 0
      vertex 6.63053 -13.0132 2.54
      vertex 7.13631 -12.7428 2.54
    endloop
  endfacet
  facet normal -0.471471 0.881881 0
    outer loop
      vertex 6.63053 -13.0132 2.54
      vertex 7.13631 -12.7428 0
      vertex 6.63053 -13.0132 0
    endloop
  endfacet
  facet normal -0.436292 0.899805 0
    outer loop
      vertex 6.63053 -13.0132 0
      vertex 6.11452 -13.2634 2.54
      vertex 6.63053 -13.0132 2.54
    endloop
  endfacet
  facet normal -0.436292 0.899805 0
    outer loop
      vertex 6.11452 -13.2634 2.54
      vertex 6.63053 -13.0132 0
      vertex 6.11452 -13.2634 0
    endloop
  endfacet
  facet normal -0.747546 0.66421 0
    outer loop
      vertex 10.7248 -9.91388 0
      vertex 11.1057 -9.48519 2.54
      vertex 11.1057 -9.48519 0
    endloop
  endfacet
  facet normal -0.747546 0.66421 0
    outer loop
      vertex 11.1057 -9.48519 2.54
      vertex 10.7248 -9.91388 0
      vertex 10.7248 -9.91388 2.54
    endloop
  endfacet
  facet normal -0.820418 0.571764 0
    outer loop
      vertex 11.8157 -8.5846 0
      vertex 12.1436 -8.1141 2.54
      vertex 12.1436 -8.1141 0
    endloop
  endfacet
  facet normal -0.820418 0.571764 0
    outer loop
      vertex 12.1436 -8.1141 2.54
      vertex 11.8157 -8.5846 0
      vertex 11.8157 -8.5846 2.54
    endloop
  endfacet
  facet normal -0.916142 0.400855 0
    outer loop
      vertex 13.2634 -6.11452 0
      vertex 13.4933 -5.58909 2.54
      vertex 13.4933 -5.58909 0
    endloop
  endfacet
  facet normal -0.916142 0.400855 0
    outer loop
      vertex 13.4933 -5.58909 2.54
      vertex 13.2634 -6.11452 0
      vertex 13.2634 -6.11452 2.54
    endloop
  endfacet
  facet normal -0.881881 0.471471 0
    outer loop
      vertex 12.7428 -7.13631 0
      vertex 13.0132 -6.63053 2.54
      vertex 13.0132 -6.63053 0
    endloop
  endfacet
  facet normal -0.881881 0.471471 0
    outer loop
      vertex 13.0132 -6.63053 2.54
      vertex 12.7428 -7.13631 0
      vertex 12.7428 -7.13631 2.54
    endloop
  endfacet
  facet normal -0.862731 0.505663 0
    outer loop
      vertex 12.4528 -7.63109 0
      vertex 12.7428 -7.13631 2.54
      vertex 12.7428 -7.13631 0
    endloop
  endfacet
  facet normal -0.862731 0.505663 0
    outer loop
      vertex 12.7428 -7.13631 2.54
      vertex 12.4528 -7.63109 0
      vertex 12.4528 -7.63109 2.54
    endloop
  endfacet
  facet normal -0.931229 0.364436 0
    outer loop
      vertex 13.4933 -5.58909 0
      vertex 13.7023 -5.05504 2.54
      vertex 13.7023 -5.05504 0
    endloop
  endfacet
  facet normal -0.931229 0.364436 0
    outer loop
      vertex 13.7023 -5.05504 2.54
      vertex 13.4933 -5.58909 0
      vertex 13.4933 -5.58909 2.54
    endloop
  endfacet
  facet normal -0.956929 0.290322 0
    outer loop
      vertex 13.8902 -4.51319 0
      vertex 14.0567 -3.96439 2.54
      vertex 14.0567 -3.96439 0
    endloop
  endfacet
  facet normal -0.956929 0.290322 0
    outer loop
      vertex 14.0567 -3.96439 2.54
      vertex 13.8902 -4.51319 0
      vertex 13.8902 -4.51319 2.54
    endloop
  endfacet
  facet normal -0.984432 0.175766 0
    outer loop
      vertex 14.3244 -2.84929 0
      vertex 14.4252 -2.28473 2.54
      vertex 14.4252 -2.28473 0
    endloop
  endfacet
  facet normal -0.984432 0.175766 0
    outer loop
      vertex 14.4252 -2.28473 2.54
      vertex 14.3244 -2.84929 0
      vertex 14.3244 -2.84929 2.54
    endloop
  endfacet
  facet normal -0.995187 0.0979964 0
    outer loop
      vertex 14.5038 -1.71663 0
      vertex 14.56 -1.1459 2.54
      vertex 14.56 -1.1459 0
    endloop
  endfacet
  facet normal -0.995187 0.0979964 0
    outer loop
      vertex 14.56 -1.1459 2.54
      vertex 14.5038 -1.71663 0
      vertex 14.5038 -1.71663 2.54
    endloop
  endfacet
  facet normal -0.990564 0.13705 0
    outer loop
      vertex 14.4252 -2.28473 0
      vertex 14.5038 -1.71663 2.54
      vertex 14.5038 -1.71663 0
    endloop
  endfacet
  facet normal -0.990564 0.13705 0
    outer loop
      vertex 14.5038 -1.71663 2.54
      vertex 14.4252 -2.28473 0
      vertex 14.4252 -2.28473 2.54
    endloop
  endfacet
  facet normal -0.998272 0.0587618 0
    outer loop
      vertex 14.56 -1.1459 0
      vertex 14.5937 -0.573389 2.54
      vertex 14.5937 -0.573389 0
    endloop
  endfacet
  facet normal -0.998272 0.0587618 0
    outer loop
      vertex 14.5937 -0.573389 2.54
      vertex 14.56 -1.1459 0
      vertex 14.56 -1.1459 2.54
    endloop
  endfacet
  facet normal 0.66421 0.747546 -0
    outer loop
      vertex -9.48519 -11.1057 0
      vertex -9.91388 -10.7248 2.54
      vertex -9.48519 -11.1057 2.54
    endloop
  endfacet
  facet normal 0.66421 0.747546 0
    outer loop
      vertex -9.91388 -10.7248 2.54
      vertex -9.48519 -11.1057 0
      vertex -9.91388 -10.7248 0
    endloop
  endfacet
  facet normal 0.571764 0.820418 -0
    outer loop
      vertex -8.1141 -12.1436 0
      vertex -8.5846 -11.8157 2.54
      vertex -8.1141 -12.1436 2.54
    endloop
  endfacet
  facet normal 0.571764 0.820418 0
    outer loop
      vertex -8.5846 -11.8157 2.54
      vertex -8.1141 -12.1436 0
      vertex -8.5846 -11.8157 0
    endloop
  endfacet
  facet normal 0.505663 0.862731 -0
    outer loop
      vertex -7.13631 -12.7428 0
      vertex -7.63109 -12.4528 2.54
      vertex -7.13631 -12.7428 2.54
    endloop
  endfacet
  facet normal 0.505663 0.862731 0
    outer loop
      vertex -7.63109 -12.4528 2.54
      vertex -7.13631 -12.7428 0
      vertex -7.63109 -12.4528 0
    endloop
  endfacet
  facet normal 0.471471 0.881881 -0
    outer loop
      vertex -6.63053 -13.0132 0
      vertex -7.13631 -12.7428 2.54
      vertex -6.63053 -13.0132 2.54
    endloop
  endfacet
  facet normal 0.471471 0.881881 0
    outer loop
      vertex -7.13631 -12.7428 2.54
      vertex -6.63053 -13.0132 0
      vertex -7.13631 -12.7428 0
    endloop
  endfacet
  facet normal 0.252484 0.967601 -0
    outer loop
      vertex -3.40947 -14.2015 0
      vertex -3.96439 -14.0567 2.54
      vertex -3.40947 -14.2015 2.54
    endloop
  endfacet
  facet normal 0.252484 0.967601 0
    outer loop
      vertex -3.96439 -14.0567 2.54
      vertex -3.40947 -14.2015 0
      vertex -3.96439 -14.0567 0
    endloop
  endfacet
  facet normal 0.214297 0.976769 -0
    outer loop
      vertex -2.84929 -14.3244 0
      vertex -3.40947 -14.2015 2.54
      vertex -2.84929 -14.3244 2.54
    endloop
  endfacet
  facet normal 0.214297 0.976769 0
    outer loop
      vertex -3.40947 -14.2015 2.54
      vertex -2.84929 -14.3244 0
      vertex -3.40947 -14.2015 0
    endloop
  endfacet
  facet normal 0.0979964 0.995187 -0
    outer loop
      vertex -1.1459 -14.56 0
      vertex -1.71663 -14.5038 2.54
      vertex -1.1459 -14.56 2.54
    endloop
  endfacet
  facet normal 0.0979964 0.995187 0
    outer loop
      vertex -1.71663 -14.5038 2.54
      vertex -1.1459 -14.56 0
      vertex -1.71663 -14.5038 0
    endloop
  endfacet
  facet normal 0.13705 0.990564 -0
    outer loop
      vertex -1.71663 -14.5038 0
      vertex -2.28473 -14.4252 2.54
      vertex -1.71663 -14.5038 2.54
    endloop
  endfacet
  facet normal 0.13705 0.990564 0
    outer loop
      vertex -2.28473 -14.4252 2.54
      vertex -1.71663 -14.5038 0
      vertex -2.28473 -14.4252 0
    endloop
  endfacet
  facet normal 0.72085 0.693091 0
    outer loop
      vertex -10.3273 -10.3273 2.54
      vertex -10.7248 -9.91388 0
      vertex -10.7248 -9.91388 2.54
    endloop
  endfacet
  facet normal 0.72085 0.693091 0
    outer loop
      vertex -10.7248 -9.91388 0
      vertex -10.3273 -10.3273 2.54
      vertex -10.3273 -10.3273 0
    endloop
  endfacet
  facet normal 0.842213 0.539145 0
    outer loop
      vertex -12.1436 -8.1141 2.54
      vertex -12.4528 -7.63109 0
      vertex -12.4528 -7.63109 2.54
    endloop
  endfacet
  facet normal 0.842213 0.539145 0
    outer loop
      vertex -12.4528 -7.63109 0
      vertex -12.1436 -8.1141 2.54
      vertex -12.1436 -8.1141 0
    endloop
  endfacet
  facet normal 0.881881 0.471471 0
    outer loop
      vertex -12.7428 -7.13631 2.54
      vertex -13.0132 -6.63053 0
      vertex -13.0132 -6.63053 2.54
    endloop
  endfacet
  facet normal 0.881881 0.471471 0
    outer loop
      vertex -13.0132 -6.63053 0
      vertex -12.7428 -7.13631 2.54
      vertex -12.7428 -7.13631 0
    endloop
  endfacet
  facet normal 0.797358 0.603507 0
    outer loop
      vertex -11.4696 -9.04187 2.54
      vertex -11.8157 -8.5846 0
      vertex -11.8157 -8.5846 2.54
    endloop
  endfacet
  facet normal 0.797358 0.603507 0
    outer loop
      vertex -11.8157 -8.5846 0
      vertex -11.4696 -9.04187 2.54
      vertex -11.4696 -9.04187 0
    endloop
  endfacet
  facet normal 0.956929 0.290322 0
    outer loop
      vertex -13.8902 -4.51319 2.54
      vertex -14.0567 -3.96439 0
      vertex -14.0567 -3.96439 2.54
    endloop
  endfacet
  facet normal 0.956929 0.290322 0
    outer loop
      vertex -14.0567 -3.96439 0
      vertex -13.8902 -4.51319 2.54
      vertex -13.8902 -4.51319 0
    endloop
  endfacet
  facet normal 0.998272 0.0587618 0
    outer loop
      vertex -14.56 -1.1459 2.54
      vertex -14.5937 -0.573389 0
      vertex -14.5937 -0.573389 2.54
    endloop
  endfacet
  facet normal 0.998272 0.0587618 0
    outer loop
      vertex -14.5937 -0.573389 0
      vertex -14.56 -1.1459 2.54
      vertex -14.56 -1.1459 0
    endloop
  endfacet
  facet normal 0.984432 0.175766 0
    outer loop
      vertex -14.3244 -2.84929 2.54
      vertex -14.4252 -2.28473 0
      vertex -14.4252 -2.28473 2.54
    endloop
  endfacet
  facet normal 0.984432 0.175766 0
    outer loop
      vertex -14.4252 -2.28473 0
      vertex -14.3244 -2.84929 2.54
      vertex -14.3244 -2.84929 0
    endloop
  endfacet
  facet normal 0.995187 0.0979964 0
    outer loop
      vertex -14.5038 -1.71663 2.54
      vertex -14.56 -1.1459 0
      vertex -14.56 -1.1459 2.54
    endloop
  endfacet
  facet normal 0.995187 0.0979964 0
    outer loop
      vertex -14.56 -1.1459 0
      vertex -14.5038 -1.71663 2.54
      vertex -14.5038 -1.71663 0
    endloop
  endfacet
  facet normal -0.13705 0.990564 0
    outer loop
      vertex 2.28473 -14.4252 0
      vertex 1.71663 -14.5038 2.54
      vertex 2.28473 -14.4252 2.54
    endloop
  endfacet
  facet normal -0.13705 0.990564 0
    outer loop
      vertex 1.71663 -14.5038 2.54
      vertex 2.28473 -14.4252 0
      vertex 1.71663 -14.5038 0
    endloop
  endfacet
  facet normal -0.505663 0.862731 0
    outer loop
      vertex 7.63109 -12.4528 0
      vertex 7.13631 -12.7428 2.54
      vertex 7.63109 -12.4528 2.54
    endloop
  endfacet
  facet normal -0.505663 0.862731 0
    outer loop
      vertex 7.13631 -12.7428 2.54
      vertex 7.63109 -12.4528 0
      vertex 7.13631 -12.7428 0
    endloop
  endfacet
  facet normal -0.797358 0.603507 0
    outer loop
      vertex 11.4696 -9.04187 0
      vertex 11.8157 -8.5846 2.54
      vertex 11.8157 -8.5846 0
    endloop
  endfacet
  facet normal -0.797358 0.603507 0
    outer loop
      vertex 11.8157 -8.5846 2.54
      vertex 11.4696 -9.04187 0
      vertex 11.4696 -9.04187 2.54
    endloop
  endfacet
  facet normal -0.944805 0.327635 0
    outer loop
      vertex 13.7023 -5.05504 0
      vertex 13.8902 -4.51319 2.54
      vertex 13.8902 -4.51319 0
    endloop
  endfacet
  facet normal -0.944805 0.327635 0
    outer loop
      vertex 13.8902 -4.51319 2.54
      vertex 13.7023 -5.05504 0
      vertex 13.7023 -5.05504 2.54
    endloop
  endfacet
  facet normal -0.976769 0.214297 0
    outer loop
      vertex 14.2015 -3.40947 0
      vertex 14.3244 -2.84929 2.54
      vertex 14.3244 -2.84929 0
    endloop
  endfacet
  facet normal -0.976769 0.214297 0
    outer loop
      vertex 14.3244 -2.84929 2.54
      vertex 14.2015 -3.40947 0
      vertex 14.2015 -3.40947 2.54
    endloop
  endfacet
  facet normal 0.603507 0.797358 -0
    outer loop
      vertex -8.5846 -11.8157 0
      vertex -9.04187 -11.4696 2.54
      vertex -8.5846 -11.8157 2.54
    endloop
  endfacet
  facet normal 0.603507 0.797358 0
    outer loop
      vertex -9.04187 -11.4696 2.54
      vertex -8.5846 -11.8157 0
      vertex -9.04187 -11.4696 0
    endloop
  endfacet
  facet normal 0.862731 0.505663 0
    outer loop
      vertex -12.4528 -7.63109 2.54
      vertex -12.7428 -7.13631 0
      vertex -12.7428 -7.13631 2.54
    endloop
  endfacet
  facet normal 0.862731 0.505663 0
    outer loop
      vertex -12.7428 -7.13631 0
      vertex -12.4528 -7.63109 2.54
      vertex -12.4528 -7.63109 0
    endloop
  endfacet
  facet normal 0.967601 0.252484 0
    outer loop
      vertex -14.0567 -3.96439 2.54
      vertex -14.2015 -3.40947 0
      vertex -14.2015 -3.40947 2.54
    endloop
  endfacet
  facet normal 0.967601 0.252484 0
    outer loop
      vertex -14.2015 -3.40947 0
      vertex -14.0567 -3.96439 2.54
      vertex -14.0567 -3.96439 0
    endloop
  endfacet
  facet normal 0.990564 0.13705 0
    outer loop
      vertex -14.4252 -2.28473 2.54
      vertex -14.5038 -1.71663 0
      vertex -14.5038 -1.71663 2.54
    endloop
  endfacet
  facet normal 0.990564 0.13705 0
    outer loop
      vertex -14.5038 -1.71663 0
      vertex -14.4252 -2.28473 2.54
      vertex -14.4252 -2.28473 0
    endloop
  endfacet
  facet normal -0.999809 -0.0195657 0
    outer loop
      vertex 16.4 0 3.05
      vertex 16.3874 0.643861 11.5
      vertex 16.3874 0.643861 3.05
    endloop
  endfacet
  facet normal -0.999809 -0.0195657 0
    outer loop
      vertex 16.3874 0.643861 11.5
      vertex 16.4 0 3.05
      vertex 16.4 0 11.5
    endloop
  endfacet
  facet normal 0.999809 -0.0195657 0
    outer loop
      vertex -16.4 0 11.5
      vertex -16.3874 0.643861 3.05
      vertex -16.3874 0.643861 11.5
    endloop
  endfacet
  facet normal 0.999809 -0.0195657 0
    outer loop
      vertex -16.3874 0.643861 3.05
      vertex -16.4 0 11.5
      vertex -16.4 0 3.05
    endloop
  endfacet
  facet normal -0.0195657 -0.999809 0
    outer loop
      vertex 0 16.4 3.05
      vertex 0.643861 16.3874 11.5
      vertex 0 16.4 11.5
    endloop
  endfacet
  facet normal -0.0195657 -0.999809 -0
    outer loop
      vertex 0.643861 16.3874 11.5
      vertex 0 16.4 3.05
      vertex 0.643861 16.3874 3.05
    endloop
  endfacet
  facet normal 0.720943 0.692994 0
    outer loop
      vertex -11.5966 -11.5966 11.5
      vertex -12.0429 -11.1323 3.05
      vertex -12.0429 -11.1323 11.5
    endloop
  endfacet
  facet normal 0.720943 0.692994 0
    outer loop
      vertex -12.0429 -11.1323 3.05
      vertex -11.5966 -11.5966 11.5
      vertex -11.5966 -11.5966 3.05
    endloop
  endfacet
  facet normal -0.720943 -0.692994 0
    outer loop
      vertex 12.0429 11.1323 3.05
      vertex 11.5966 11.5966 11.5
      vertex 11.5966 11.5966 3.05
    endloop
  endfacet
  facet normal -0.720943 -0.692994 0
    outer loop
      vertex 11.5966 11.5966 11.5
      vertex 12.0429 11.1323 3.05
      vertex 12.0429 11.1323 11.5
    endloop
  endfacet
  facet normal 0.692994 -0.720943 0
    outer loop
      vertex -11.5966 11.5966 3.05
      vertex -11.1323 12.0429 11.5
      vertex -11.5966 11.5966 11.5
    endloop
  endfacet
  facet normal 0.692994 -0.720943 0
    outer loop
      vertex -11.1323 12.0429 11.5
      vertex -11.5966 11.5966 3.05
      vertex -11.1323 12.0429 3.05
    endloop
  endfacet
  facet normal -0.916174 -0.400781 0
    outer loop
      vertex 15.1516 6.27601 3.05
      vertex 14.8935 6.86602 11.5
      vertex 14.8935 6.86602 3.05
    endloop
  endfacet
  facet normal -0.916174 -0.400781 0
    outer loop
      vertex 14.8935 6.86602 11.5
      vertex 15.1516 6.27601 3.05
      vertex 15.1516 6.27601 11.5
    endloop
  endfacet
  facet normal -0.747495 -0.664267 0
    outer loop
      vertex 12.4707 10.6509 3.05
      vertex 12.0429 11.1323 11.5
      vertex 12.0429 11.1323 3.05
    endloop
  endfacet
  facet normal -0.747495 -0.664267 0
    outer loop
      vertex 12.0429 11.1323 11.5
      vertex 12.4707 10.6509 3.05
      vertex 12.4707 10.6509 11.5
    endloop
  endfacet
  facet normal -0.43636 -0.899772 0
    outer loop
      vertex 6.86602 14.8935 3.05
      vertex 7.44544 14.6125 11.5
      vertex 6.86602 14.8935 11.5
    endloop
  endfacet
  facet normal -0.43636 -0.899772 -0
    outer loop
      vertex 7.44544 14.6125 11.5
      vertex 6.86602 14.8935 3.05
      vertex 7.44544 14.6125 3.05
    endloop
  endfacet
  facet normal 0.842213 -0.539145 0
    outer loop
      vertex -13.9833 8.56898 11.5
      vertex -13.6361 9.11135 3.05
      vertex -13.6361 9.11135 11.5
    endloop
  endfacet
  facet normal 0.842213 -0.539145 0
    outer loop
      vertex -13.6361 9.11135 3.05
      vertex -13.9833 8.56898 11.5
      vertex -13.9833 8.56898 3.05
    endloop
  endfacet
  facet normal 0.664267 -0.747495 0
    outer loop
      vertex -11.1323 12.0429 3.05
      vertex -10.6509 12.4707 11.5
      vertex -11.1323 12.0429 11.5
    endloop
  endfacet
  facet normal 0.664267 -0.747495 0
    outer loop
      vertex -10.6509 12.4707 11.5
      vertex -11.1323 12.0429 3.05
      vertex -10.6509 12.4707 3.05
    endloop
  endfacet
  facet normal 0.136959 -0.990577 0
    outer loop
      vertex -2.56553 16.1981 3.05
      vertex -1.92761 16.2863 11.5
      vertex -2.56553 16.1981 11.5
    endloop
  endfacet
  facet normal 0.136959 -0.990577 0
    outer loop
      vertex -1.92761 16.2863 11.5
      vertex -2.56553 16.1981 3.05
      vertex -1.92761 16.2863 3.05
    endloop
  endfacet
  facet normal -0.842213 0.539145 0
    outer loop
      vertex 13.6361 -9.11135 3.05
      vertex 13.9833 -8.56898 11.5
      vertex 13.9833 -8.56898 3.05
    endloop
  endfacet
  facet normal -0.842213 0.539145 0
    outer loop
      vertex 13.9833 -8.56898 11.5
      vertex 13.6361 -9.11135 3.05
      vertex 13.6361 -9.11135 11.5
    endloop
  endfacet
  facet normal -0.214279 0.976772 0
    outer loop
      vertex 3.8285 -15.9469 3.05
      vertex 3.77699 -15.9582 3.28013
      vertex 3.8285 -15.9469 3.29357
    endloop
  endfacet
  facet normal -0.214271 0.976774 2.00049e-06
    outer loop
      vertex 3.8285 -15.9469 3.05
      vertex 3.66576 -15.9826 3.25572
      vertex 3.77699 -15.9582 3.28013
    endloop
  endfacet
  facet normal -0.214337 0.97676 -5.32186e-05
    outer loop
      vertex 3.8285 -15.9469 3.05
      vertex 3.55366 -16.0072 3.2357
      vertex 3.66576 -15.9826 3.25572
    endloop
  endfacet
  facet normal -0.213971 0.97684 0.000514541
    outer loop
      vertex 3.8285 -15.9469 3.05
      vertex 3.44086 -16.0319 3.2201
      vertex 3.55366 -16.0072 3.2357
    endloop
  endfacet
  facet normal -0.214292 0.97677 -0.000252143
    outer loop
      vertex 3.19948 -16.0849 3.05
      vertex 3.44086 -16.0319 3.2201
      vertex 3.8285 -15.9469 3.05
    endloop
  endfacet
  facet normal -0.214615 0.976699 0.000228043
    outer loop
      vertex 3.44086 -16.0319 3.2201
      vertex 3.19948 -16.0849 3.05
      vertex 3.32753 -16.0568 3.20894
    endloop
  endfacet
  facet normal -0.213944 0.976846 -0.000338455
    outer loop
      vertex 3.32753 -16.0568 3.20894
      vertex 3.19948 -16.0849 3.05
      vertex 3.21385 -16.0817 3.20224
    endloop
  endfacet
  facet normal -0.217362 0.976091 0
    outer loop
      vertex 3.21385 -16.0817 3.20224
      vertex 3.19948 -16.0849 3.05
      vertex 3.19948 -16.0849 3.20195
    endloop
  endfacet
  facet normal -0.214292 0.97677 2.82353e-06
    outer loop
      vertex 3.32753 -16.0568 8.99106
      vertex 3.19948 -16.0849 11.5
      vertex 3.8285 -15.9469 11.5
    endloop
  endfacet
  facet normal -0.217362 0.976091 0
    outer loop
      vertex 3.19948 -16.0849 11.5
      vertex 3.21385 -16.0817 8.99776
      vertex 3.19948 -16.0849 8.99805
    endloop
  endfacet
  facet normal -0.213962 0.976842 2.04844e-05
    outer loop
      vertex 3.19948 -16.0849 11.5
      vertex 3.32753 -16.0568 8.99106
      vertex 3.21385 -16.0817 8.99776
    endloop
  endfacet
  facet normal -0.214588 0.976705 6.46333e-05
    outer loop
      vertex 3.8285 -15.9469 11.5
      vertex 3.44086 -16.0319 8.9799
      vertex 3.32753 -16.0568 8.99106
    endloop
  endfacet
  facet normal -0.213909 0.976854 -4.47251e-05
    outer loop
      vertex 3.8285 -15.9469 11.5
      vertex 3.55366 -16.0072 8.9643
      vertex 3.44086 -16.0319 8.9799
    endloop
  endfacet
  facet normal -0.214346 0.976758 4.834e-06
    outer loop
      vertex 3.8285 -15.9469 11.5
      vertex 3.66576 -15.9826 8.94428
      vertex 3.55366 -16.0072 8.9643
    endloop
  endfacet
  facet normal -0.21427 0.976774 -1.86378e-07
    outer loop
      vertex 3.8285 -15.9469 11.5
      vertex 3.77699 -15.9582 8.91987
      vertex 3.66576 -15.9826 8.94428
    endloop
  endfacet
  facet normal -0.214279 0.976772 0
    outer loop
      vertex 3.77699 -15.9582 8.91987
      vertex 3.8285 -15.9469 11.5
      vertex 3.8285 -15.9469 8.90643
    endloop
  endfacet
  facet normal -0.664267 0.747495 0
    outer loop
      vertex 11.1323 -12.0429 3.05
      vertex 10.6509 -12.4707 11.5
      vertex 11.1323 -12.0429 11.5
    endloop
  endfacet
  facet normal -0.664267 0.747495 0
    outer loop
      vertex 10.6509 -12.4707 11.5
      vertex 11.1323 -12.0429 3.05
      vertex 10.6509 -12.4707 3.05
    endloop
  endfacet
  facet normal 0.364451 0.931222 -0
    outer loop
      vertex -5.67632 -15.3863 7.43079
      vertex -6.27601 -15.1516 11.5
      vertex -5.67632 -15.3863 11.5
    endloop
  endfacet
  facet normal 0.35823 0.933633 -0.00105587
    outer loop
      vertex -5.68392 -15.3834 7.41657
      vertex -6.27601 -15.1516 11.5
      vertex -5.67632 -15.3863 7.43079
    endloop
  endfacet
  facet normal 0.365136 0.930954 9.75313e-05
    outer loop
      vertex -5.73361 -15.3639 7.31411
      vertex -6.27601 -15.1516 11.5
      vertex -5.68392 -15.3834 7.41657
    endloop
  endfacet
  facet normal 0.363611 0.931551 -0.000130355
    outer loop
      vertex -5.77925 -15.3461 7.20978
      vertex -6.27601 -15.1516 11.5
      vertex -5.73361 -15.3639 7.31411
    endloop
  endfacet
  facet normal 0.365356 0.930868 0.000102632
    outer loop
      vertex -5.82075 -15.3298 7.10374
      vertex -6.27601 -15.1516 11.5
      vertex -5.77925 -15.3461 7.20978
    endloop
  endfacet
  facet normal 0.364429 0.931231 -8.07045e-06
    outer loop
      vertex -5.85806 -15.3152 6.99615
      vertex -6.27601 -15.1516 11.5
      vertex -5.82075 -15.3298 7.10374
    endloop
  endfacet
  facet normal 0.36374 0.9315 -8.17333e-05
    outer loop
      vertex -5.89112 -15.3023 6.88718
      vertex -6.27601 -15.1516 11.5
      vertex -5.85806 -15.3152 6.99615
    endloop
  endfacet
  facet normal 0.365509 0.930808 8.8449e-05
    outer loop
      vertex -5.91987 -15.291 6.77699
      vertex -6.27601 -15.1516 11.5
      vertex -5.89112 -15.3023 6.88718
    endloop
  endfacet
  facet normal 0.363148 0.931731 -0.000116835
    outer loop
      vertex -5.94428 -15.2815 6.66576
      vertex -6.27601 -15.1516 11.5
      vertex -5.91987 -15.291 6.77699
    endloop
  endfacet
  facet normal 0.366385 0.930463 0.000139387
    outer loop
      vertex -5.9643 -15.2736 6.55366
      vertex -6.27601 -15.1516 11.5
      vertex -5.94428 -15.2815 6.66576
    endloop
  endfacet
  facet normal 0.364266 0.931295 -1.46671e-05
    outer loop
      vertex -5.9799 -15.2675 6.44086
      vertex -6.27601 -15.1516 11.5
      vertex -5.9643 -15.2736 6.55366
    endloop
  endfacet
  facet normal 0.361386 0.932416 -0.000208933
    outer loop
      vertex -5.99106 -15.2632 6.32753
      vertex -6.27601 -15.1516 11.5
      vertex -5.9799 -15.2675 6.44086
    endloop
  endfacet
  facet normal 0.369393 0.929273 0.000299993
    outer loop
      vertex -5.99776 -15.2605 6.21385
      vertex -6.27601 -15.1516 11.5
      vertex -5.99106 -15.2632 6.32753
    endloop
  endfacet
  facet normal 0.372382 0.928079 -0.000805209
    outer loop
      vertex -6.27601 -15.1516 3.05
      vertex -5.99776 -15.2605 6.21385
      vertex -6 -15.2597 6.1
    endloop
  endfacet
  facet normal 0.359689 0.933072 0.000520393
    outer loop
      vertex -6.27601 -15.1516 3.05
      vertex -6 -15.2597 6.1
      vertex -5.99776 -15.2605 5.98615
    endloop
  endfacet
  facet normal 0.364451 0.931222 0
    outer loop
      vertex -6.27601 -15.1516 3.05
      vertex -5.67632 -15.3863 4.76921
      vertex -5.67632 -15.3863 3.05
    endloop
  endfacet
  facet normal 0.359653 0.933084 0.00192804
    outer loop
      vertex -5.67632 -15.3863 4.76921
      vertex -6.27601 -15.1516 3.05
      vertex -5.68392 -15.3834 4.78343
    endloop
  endfacet
  facet normal 0.364997 0.931009 -0.000175123
    outer loop
      vertex -5.68392 -15.3834 4.78343
      vertex -6.27601 -15.1516 3.05
      vertex -5.73361 -15.3639 4.88589
    endloop
  endfacet
  facet normal 0.363809 0.931474 0.000229931
    outer loop
      vertex -5.73361 -15.3639 4.88589
      vertex -6.27601 -15.1516 3.05
      vertex -5.77925 -15.3461 4.99022
    endloop
  endfacet
  facet normal 0.365189 0.930933 -0.000177792
    outer loop
      vertex -5.77925 -15.3461 4.99022
      vertex -6.27601 -15.1516 3.05
      vertex -5.82075 -15.3298 5.09626
    endloop
  endfacet
  facet normal 0.364443 0.931226 1.37164e-05
    outer loop
      vertex -5.82075 -15.3298 5.09626
      vertex -6.27601 -15.1516 3.05
      vertex -5.85806 -15.3152 5.20385
    endloop
  endfacet
  facet normal 0.363896 0.93144 0.000136113
    outer loop
      vertex -5.85806 -15.3152 5.20385
      vertex -6.27601 -15.1516 3.05
      vertex -5.89112 -15.3023 5.31282
    endloop
  endfacet
  facet normal 0.365324 0.93088 -0.000144066
    outer loop
      vertex -5.89112 -15.3023 5.31282
      vertex -6.27601 -15.1516 3.05
      vertex -5.91987 -15.291 5.42301
    endloop
  endfacet
  facet normal 0.36342 0.931625 0.000185525
    outer loop
      vertex -5.91987 -15.291 5.42301
      vertex -6.27601 -15.1516 3.05
      vertex -5.94428 -15.2815 5.53424
    endloop
  endfacet
  facet normal 0.366019 0.930607 -0.000214865
    outer loop
      vertex -5.94428 -15.2815 5.53424
      vertex -6.27601 -15.1516 3.05
      vertex -5.9643 -15.2736 5.64634
    endloop
  endfacet
  facet normal 0.364456 0.931221 0
    outer loop
      vertex -5.99776 -15.2605 6.21385
      vertex -6.27601 -15.1516 3.05
      vertex -6.27601 -15.1516 11.5
    endloop
  endfacet
  facet normal 0.368043 0.929809 -0.000392286
    outer loop
      vertex -5.99106 -15.2632 5.87247
      vertex -6.27601 -15.1516 3.05
      vertex -5.99776 -15.2605 5.98615
    endloop
  endfacet
  facet normal 0.362144 0.932122 0.000294736
    outer loop
      vertex -5.9799 -15.2675 5.75914
      vertex -6.27601 -15.1516 3.05
      vertex -5.99106 -15.2632 5.87247
    endloop
  endfacet
  facet normal 0.364311 0.931277 2.1773e-05
    outer loop
      vertex -5.9643 -15.2736 5.64634
      vertex -6.27601 -15.1516 3.05
      vertex -5.9799 -15.2675 5.75914
    endloop
  endfacet
  facet normal -0.967599 -0.25249 0
    outer loop
      vertex 15.9469 3.8285 3.05
      vertex 15.7843 4.45162 11.5
      vertex 15.7843 4.45162 3.05
    endloop
  endfacet
  facet normal -0.967599 -0.25249 0
    outer loop
      vertex 15.7843 4.45162 11.5
      vertex 15.9469 3.8285 3.05
      vertex 15.9469 3.8285 11.5
    endloop
  endfacet
  facet normal -0.862759 -0.505615 0
    outer loop
      vertex 14.3089 8.01339 3.05
      vertex 13.9833 8.56898 11.5
      vertex 13.9833 8.56898 3.05
    endloop
  endfacet
  facet normal -0.862759 -0.505615 0
    outer loop
      vertex 13.9833 8.56898 11.5
      vertex 14.3089 8.01339 3.05
      vertex 14.3089 8.01339 11.5
    endloop
  endfacet
  facet normal -0.773036 -0.634362 0
    outer loop
      vertex 12.8792 10.1531 3.05
      vertex 12.4707 10.6509 11.5
      vertex 12.4707 10.6509 3.05
    endloop
  endfacet
  facet normal -0.773036 -0.634362 0
    outer loop
      vertex 12.4707 10.6509 11.5
      vertex 12.8792 10.1531 3.05
      vertex 12.8792 10.1531 11.5
    endloop
  endfacet
  facet normal -0.214292 -0.97677 0
    outer loop
      vertex 3.19948 16.0849 3.05
      vertex 3.8285 15.9469 11.5
      vertex 3.19948 16.0849 11.5
    endloop
  endfacet
  facet normal -0.214292 -0.97677 -0
    outer loop
      vertex 3.8285 15.9469 11.5
      vertex 3.19948 16.0849 3.05
      vertex 3.8285 15.9469 3.05
    endloop
  endfacet
  facet normal -0.664267 -0.747495 0
    outer loop
      vertex 10.6509 12.4707 3.05
      vertex 11.1323 12.0429 11.5
      vertex 10.6509 12.4707 11.5
    endloop
  endfacet
  facet normal -0.664267 -0.747495 -0
    outer loop
      vertex 11.1323 12.0429 11.5
      vertex 10.6509 12.4707 3.05
      vertex 11.1323 12.0429 3.05
    endloop
  endfacet
  facet normal -0.471426 -0.881906 0
    outer loop
      vertex 7.44544 14.6125 3.05
      vertex 8.01339 14.3089 11.5
      vertex 7.44544 14.6125 11.5
    endloop
  endfacet
  facet normal -0.471426 -0.881906 -0
    outer loop
      vertex 8.01339 14.3089 11.5
      vertex 7.44544 14.6125 3.05
      vertex 8.01339 14.3089 3.05
    endloop
  endfacet
  facet normal 0.97677 -0.214292 0
    outer loop
      vertex -16.0849 3.19948 11.5
      vertex -15.9469 3.8285 3.05
      vertex -15.9469 3.8285 11.5
    endloop
  endfacet
  facet normal 0.97677 -0.214292 0
    outer loop
      vertex -15.9469 3.8285 3.05
      vertex -16.0849 3.19948 11.5
      vertex -16.0849 3.19948 3.05
    endloop
  endfacet
  facet normal 0.539145 -0.842213 0
    outer loop
      vertex -9.11135 13.6361 3.05
      vertex -8.56898 13.9833 11.5
      vertex -9.11135 13.6361 11.5
    endloop
  endfacet
  facet normal 0.539145 -0.842213 0
    outer loop
      vertex -8.56898 13.9833 11.5
      vertex -9.11135 13.6361 3.05
      vertex -8.56898 13.9833 3.05
    endloop
  endfacet
  facet normal 0.634362 -0.773036 0
    outer loop
      vertex -10.6509 12.4707 3.05
      vertex -10.1531 12.8792 11.5
      vertex -10.6509 12.4707 11.5
    endloop
  endfacet
  facet normal 0.634362 -0.773036 0
    outer loop
      vertex -10.1531 12.8792 11.5
      vertex -10.6509 12.4707 3.05
      vertex -10.1531 12.8792 3.05
    endloop
  endfacet
  facet normal 0.327646 -0.944801 0
    outer loop
      vertex -5.67632 15.3863 3.05
      vertex -5.06788 15.5973 11.5
      vertex -5.67632 15.3863 11.5
    endloop
  endfacet
  facet normal 0.327646 -0.944801 0
    outer loop
      vertex -5.06788 15.5973 11.5
      vertex -5.67632 15.3863 3.05
      vertex -5.06788 15.5973 3.05
    endloop
  endfacet
  facet normal 0.0979846 -0.995188 0
    outer loop
      vertex -1.92761 16.2863 3.05
      vertex -1.28673 16.3494 11.5
      vertex -1.92761 16.2863 11.5
    endloop
  endfacet
  facet normal 0.0979846 -0.995188 0
    outer loop
      vertex -1.28673 16.3494 11.5
      vertex -1.92761 16.2863 3.05
      vertex -1.28673 16.3494 3.05
    endloop
  endfacet
  facet normal -0.990577 0.136959 0
    outer loop
      vertex 16.1981 -2.56553 3.05
      vertex 16.2863 -1.92761 11.5
      vertex 16.2863 -1.92761 3.05
    endloop
  endfacet
  facet normal -0.990577 0.136959 0
    outer loop
      vertex 16.2863 -1.92761 11.5
      vertex 16.1981 -2.56553 3.05
      vertex 16.1981 -2.56553 11.5
    endloop
  endfacet
  facet normal 0.916174 0.400781 0
    outer loop
      vertex -14.8935 -6.86602 11.5
      vertex -15.1516 -6.27601 3.05
      vertex -15.1516 -6.27601 11.5
    endloop
  endfacet
  facet normal 0.916174 0.400781 0
    outer loop
      vertex -15.1516 -6.27601 3.05
      vertex -14.8935 -6.86602 11.5
      vertex -14.8935 -6.86602 3.05
    endloop
  endfacet
  facet normal 0 0 1
    outer loop
      vertex 16.3874 0.643861 3.05
      vertex 16.3874 -0.643861 3.05
      vertex 16.4 0 3.05
    endloop
  endfacet
  facet normal 0 0 1
    outer loop
      vertex 16.3494 1.28673 3.05
      vertex 16.3874 -0.643861 3.05
      vertex 16.3874 0.643861 3.05
    endloop
  endfacet
  facet normal 0 0 1
    outer loop
      vertex 16.3494 1.28673 3.05
      vertex 16.3494 -1.28673 3.05
      vertex 16.3874 -0.643861 3.05
    endloop
  endfacet
  facet normal 0 0 1
    outer loop
      vertex 16.2863 1.92761 3.05
      vertex 16.3494 -1.28673 3.05
      vertex 16.3494 1.28673 3.05
    endloop
  endfacet
  facet normal 0 0 1
    outer loop
      vertex 16.2863 1.92761 3.05
      vertex 16.2863 -1.92761 3.05
      vertex 16.3494 -1.28673 3.05
    endloop
  endfacet
  facet normal 0 0 1
    outer loop
      vertex 16.1981 2.56553 3.05
      vertex 16.2863 -1.92761 3.05
      vertex 16.2863 1.92761 3.05
    endloop
  endfacet
  facet normal 0 0 1
    outer loop
      vertex 16.1981 2.56553 3.05
      vertex 16.1981 -2.56553 3.05
      vertex 16.2863 -1.92761 3.05
    endloop
  endfacet
  facet normal 0 0 1
    outer loop
      vertex 16.0849 3.19948 3.05
      vertex 16.1981 -2.56553 3.05
      vertex 16.1981 2.56553 3.05
    endloop
  endfacet
  facet normal 0 0 1
    outer loop
      vertex 16.0849 3.19948 3.05
      vertex 16.0849 -3.19948 3.05
      vertex 16.1981 -2.56553 3.05
    endloop
  endfacet
  facet normal 0 0 1
    outer loop
      vertex 15.9469 3.8285 3.05
      vertex 16.0849 -3.19948 3.05
      vertex 16.0849 3.19948 3.05
    endloop
  endfacet
  facet normal 0 0 1
    outer loop
      vertex 15.9469 3.8285 3.05
      vertex 15.9469 -3.8285 3.05
      vertex 16.0849 -3.19948 3.05
    endloop
  endfacet
  facet normal 0 0 1
    outer loop
      vertex 15.7843 4.45162 3.05
      vertex 15.9469 -3.8285 3.05
      vertex 15.9469 3.8285 3.05
    endloop
  endfacet
  facet normal 0 0 1
    outer loop
      vertex 15.7843 4.45162 3.05
      vertex 15.7843 -4.45162 3.05
      vertex 15.9469 -3.8285 3.05
    endloop
  endfacet
  facet normal 0 0 1
    outer loop
      vertex 15.5973 5.06788 3.05
      vertex 15.7843 -4.45162 3.05
      vertex 15.7843 4.45162 3.05
    endloop
  endfacet
  facet normal 0 0 1
    outer loop
      vertex 15.5973 5.06788 3.05
      vertex 15.5973 -5.06788 3.05
      vertex 15.7843 -4.45162 3.05
    endloop
  endfacet
  facet normal 0 0 1
    outer loop
      vertex 15.3863 5.67632 3.05
      vertex 15.5973 -5.06788 3.05
      vertex 15.5973 5.06788 3.05
    endloop
  endfacet
  facet normal 0 0 1
    outer loop
      vertex 15.3863 5.67632 3.05
      vertex 15.3863 -5.67632 3.05
      vertex 15.5973 -5.06788 3.05
    endloop
  endfacet
  facet normal 0 0 1
    outer loop
      vertex 15.1516 6.27601 3.05
      vertex 15.3863 -5.67632 3.05
      vertex 15.3863 5.67632 3.05
    endloop
  endfacet
  facet normal 0 0 1
    outer loop
      vertex 15.1516 6.27601 3.05
      vertex 15.1516 -6.27601 3.05
      vertex 15.3863 -5.67632 3.05
    endloop
  endfacet
  facet normal 0 0 1
    outer loop
      vertex 14.8935 6.86602 3.05
      vertex 15.1516 -6.27601 3.05
      vertex 15.1516 6.27601 3.05
    endloop
  endfacet
  facet normal 0 0 1
    outer loop
      vertex 14.8935 6.86602 3.05
      vertex 14.8935 -6.86602 3.05
      vertex 15.1516 -6.27601 3.05
    endloop
  endfacet
  facet normal 0 0 1
    outer loop
      vertex 14.6125 7.44544 3.05
      vertex 14.8935 -6.86602 3.05
      vertex 14.8935 6.86602 3.05
    endloop
  endfacet
  facet normal 0 0 1
    outer loop
      vertex 14.6125 7.44544 3.05
      vertex 14.6125 -7.44544 3.05
      vertex 14.8935 -6.86602 3.05
    endloop
  endfacet
  facet normal 0 0 1
    outer loop
      vertex 14.3089 8.01339 3.05
      vertex 14.6125 -7.44544 3.05
      vertex 14.6125 7.44544 3.05
    endloop
  endfacet
  facet normal 0 0 1
    outer loop
      vertex 14.3089 8.01339 3.05
      vertex 14.3089 -8.01339 3.05
      vertex 14.6125 -7.44544 3.05
    endloop
  endfacet
  facet normal 0 0 1
    outer loop
      vertex 13.9833 8.56898 3.05
      vertex 14.3089 -8.01339 3.05
      vertex 14.3089 8.01339 3.05
    endloop
  endfacet
  facet normal 0 0 1
    outer loop
      vertex 13.9833 8.56898 3.05
      vertex 13.9833 -8.56898 3.05
      vertex 14.3089 -8.01339 3.05
    endloop
  endfacet
  facet normal 0 0 1
    outer loop
      vertex 13.6361 9.11135 3.05
      vertex 13.9833 -8.56898 3.05
      vertex 13.9833 8.56898 3.05
    endloop
  endfacet
  facet normal 0 0 1
    outer loop
      vertex 13.6361 9.11135 3.05
      vertex 13.6361 -9.11135 3.05
      vertex 13.9833 -8.56898 3.05
    endloop
  endfacet
  facet normal 0 0 1
    outer loop
      vertex 13.2679 9.63968 3.05
      vertex 13.6361 -9.11135 3.05
      vertex 13.6361 9.11135 3.05
    endloop
  endfacet
  facet normal 0 0 1
    outer loop
      vertex 13.2679 9.63968 3.05
      vertex 13.2679 -9.63968 3.05
      vertex 13.6361 -9.11135 3.05
    endloop
  endfacet
  facet normal 0 0 1
    outer loop
      vertex 12.8792 10.1531 3.05
      vertex 13.2679 -9.63968 3.05
      vertex 13.2679 9.63968 3.05
    endloop
  endfacet
  facet normal 0 0 1
    outer loop
      vertex 12.8792 10.1531 3.05
      vertex 12.8792 -10.1531 3.05
      vertex 13.2679 -9.63968 3.05
    endloop
  endfacet
  facet normal 0 0 1
    outer loop
      vertex 12.4707 10.6509 3.05
      vertex 12.8792 -10.1531 3.05
      vertex 12.8792 10.1531 3.05
    endloop
  endfacet
  facet normal 0 0 1
    outer loop
      vertex 12.4707 10.6509 3.05
      vertex 12.4707 -10.6509 3.05
      vertex 12.8792 -10.1531 3.05
    endloop
  endfacet
  facet normal 0 0 1
    outer loop
      vertex 12.0429 11.1323 3.05
      vertex 12.4707 -10.6509 3.05
      vertex 12.4707 10.6509 3.05
    endloop
  endfacet
  facet normal 0 0 1
    outer loop
      vertex 12.0429 11.1323 3.05
      vertex 12.0429 -11.1323 3.05
      vertex 12.4707 -10.6509 3.05
    endloop
  endfacet
  facet normal 0 0 1
    outer loop
      vertex 11.5966 11.5966 3.05
      vertex 12.0429 -11.1323 3.05
      vertex 12.0429 11.1323 3.05
    endloop
  endfacet
  facet normal 0 0 1
    outer loop
      vertex 11.5966 11.5966 3.05
      vertex 11.5966 -11.5966 3.05
      vertex 12.0429 -11.1323 3.05
    endloop
  endfacet
  facet normal 0 0 1
    outer loop
      vertex 11.1323 12.0429 3.05
      vertex 11.5966 -11.5966 3.05
      vertex 11.5966 11.5966 3.05
    endloop
  endfacet
  facet normal 0 0 1
    outer loop
      vertex 11.1323 12.0429 3.05
      vertex 11.1323 -12.0429 3.05
      vertex 11.5966 -11.5966 3.05
    endloop
  endfacet
  facet normal 0 0 1
    outer loop
      vertex 10.6509 12.4707 3.05
      vertex 11.1323 -12.0429 3.05
      vertex 11.1323 12.0429 3.05
    endloop
  endfacet
  facet normal 0 0 1
    outer loop
      vertex 10.6509 12.4707 3.05
      vertex 10.6509 -12.4707 3.05
      vertex 11.1323 -12.0429 3.05
    endloop
  endfacet
  facet normal 0 0 1
    outer loop
      vertex 10.1531 12.8792 3.05
      vertex 10.6509 -12.4707 3.05
      vertex 10.6509 12.4707 3.05
    endloop
  endfacet
  facet normal 0 0 1
    outer loop
      vertex 10.1531 12.8792 3.05
      vertex 10.1531 -12.8792 3.05
      vertex 10.6509 -12.4707 3.05
    endloop
  endfacet
  facet normal 0 0 1
    outer loop
      vertex 9.63968 13.2679 3.05
      vertex 10.1531 -12.8792 3.05
      vertex 10.1531 12.8792 3.05
    endloop
  endfacet
  facet normal 0 0 1
    outer loop
      vertex 9.63968 13.2679 3.05
      vertex 9.63968 -13.2679 3.05
      vertex 10.1531 -12.8792 3.05
    endloop
  endfacet
  facet normal 0 0 1
    outer loop
      vertex 9.11135 13.6361 3.05
      vertex 9.63968 -13.2679 3.05
      vertex 9.63968 13.2679 3.05
    endloop
  endfacet
  facet normal 0 0 1
    outer loop
      vertex 9.11135 13.6361 3.05
      vertex 9.11135 -13.6361 3.05
      vertex 9.63968 -13.2679 3.05
    endloop
  endfacet
  facet normal 0 0 1
    outer loop
      vertex 8.56898 13.9833 3.05
      vertex 9.11135 -13.6361 3.05
      vertex 9.11135 13.6361 3.05
    endloop
  endfacet
  facet normal 0 0 1
    outer loop
      vertex 8.56898 13.9833 3.05
      vertex 8.56898 -13.9833 3.05
      vertex 9.11135 -13.6361 3.05
    endloop
  endfacet
  facet normal 0 0 1
    outer loop
      vertex 8.01339 14.3089 3.05
      vertex 8.56898 -13.9833 3.05
      vertex 8.56898 13.9833 3.05
    endloop
  endfacet
  facet normal 0 0 1
    outer loop
      vertex 8.01339 14.3089 3.05
      vertex 8.01339 -14.3089 3.05
      vertex 8.56898 -13.9833 3.05
    endloop
  endfacet
  facet normal 0 0 1
    outer loop
      vertex 7.44544 14.6125 3.05
      vertex 8.01339 -14.3089 3.05
      vertex 8.01339 14.3089 3.05
    endloop
  endfacet
  facet normal 0 0 1
    outer loop
      vertex 7.44544 14.6125 3.05
      vertex 7.44544 -14.6125 3.05
      vertex 8.01339 -14.3089 3.05
    endloop
  endfacet
  facet normal 0 0 1
    outer loop
      vertex 6.86602 14.8935 3.05
      vertex 7.44544 -14.6125 3.05
      vertex 7.44544 14.6125 3.05
    endloop
  endfacet
  facet normal 0 0 1
    outer loop
      vertex 6.86602 14.8935 3.05
      vertex 6.86602 -14.8935 3.05
      vertex 7.44544 -14.6125 3.05
    endloop
  endfacet
  facet normal 0 0 1
    outer loop
      vertex 6.27601 15.1516 3.05
      vertex 6.86602 -14.8935 3.05
      vertex 6.86602 14.8935 3.05
    endloop
  endfacet
  facet normal 0 0 1
    outer loop
      vertex 6.27601 15.1516 3.05
      vertex 6.27601 -15.1516 3.05
      vertex 6.86602 -14.8935 3.05
    endloop
  endfacet
  facet normal 0 0 1
    outer loop
      vertex 5.67632 15.3863 3.05
      vertex 6.27601 -15.1516 3.05
      vertex 6.27601 15.1516 3.05
    endloop
  endfacet
  facet normal 0 0 1
    outer loop
      vertex 5.67632 15.3863 3.05
      vertex 5.67632 -15.3863 3.05
      vertex 6.27601 -15.1516 3.05
    endloop
  endfacet
  facet normal 0 0 1
    outer loop
      vertex 5.06788 15.5973 3.05
      vertex 5.67632 -15.3863 3.05
      vertex 5.67632 15.3863 3.05
    endloop
  endfacet
  facet normal 0 0 1
    outer loop
      vertex 5.06788 15.5973 3.05
      vertex 5.06788 -15.5973 3.05
      vertex 5.67632 -15.3863 3.05
    endloop
  endfacet
  facet normal 0 0 1
    outer loop
      vertex 4.45162 15.7843 3.05
      vertex 5.06788 -15.5973 3.05
      vertex 5.06788 15.5973 3.05
    endloop
  endfacet
  facet normal 0 0 1
    outer loop
      vertex 4.45162 15.7843 3.05
      vertex 4.45162 -15.7843 3.05
      vertex 5.06788 -15.5973 3.05
    endloop
  endfacet
  facet normal 0 0 1
    outer loop
      vertex 3.8285 15.9469 3.05
      vertex 4.45162 -15.7843 3.05
      vertex 4.45162 15.7843 3.05
    endloop
  endfacet
  facet normal 0 0 1
    outer loop
      vertex 3.8285 15.9469 3.05
      vertex 3.8285 -15.9469 3.05
      vertex 4.45162 -15.7843 3.05
    endloop
  endfacet
  facet normal 0 0 1
    outer loop
      vertex 3.19948 16.0849 3.05
      vertex 3.8285 -15.9469 3.05
      vertex 3.8285 15.9469 3.05
    endloop
  endfacet
  facet normal 0 0 1
    outer loop
      vertex 3.19948 16.0849 3.05
      vertex 3.19948 -16.0849 3.05
      vertex 3.8285 -15.9469 3.05
    endloop
  endfacet
  facet normal 0 0 1
    outer loop
      vertex 2.56553 16.1981 3.05
      vertex 3.19948 -16.0849 3.05
      vertex 3.19948 16.0849 3.05
    endloop
  endfacet
  facet normal 0 0 1
    outer loop
      vertex 2.56553 16.1981 3.05
      vertex 2.56553 -16.1981 3.05
      vertex 3.19948 -16.0849 3.05
    endloop
  endfacet
  facet normal 0 0 1
    outer loop
      vertex 1.92761 16.2863 3.05
      vertex 2.56553 -16.1981 3.05
      vertex 2.56553 16.1981 3.05
    endloop
  endfacet
  facet normal 0 0 1
    outer loop
      vertex 1.92761 16.2863 3.05
      vertex 1.92761 -16.2863 3.05
      vertex 2.56553 -16.1981 3.05
    endloop
  endfacet
  facet normal 0 0 1
    outer loop
      vertex 1.28673 16.3494 3.05
      vertex 1.92761 -16.2863 3.05
      vertex 1.92761 16.2863 3.05
    endloop
  endfacet
  facet normal 0 0 1
    outer loop
      vertex 1.28673 16.3494 3.05
      vertex 1.28673 -16.3494 3.05
      vertex 1.92761 -16.2863 3.05
    endloop
  endfacet
  facet normal 0 0 1
    outer loop
      vertex 0.643861 16.3874 3.05
      vertex 1.28673 -16.3494 3.05
      vertex 1.28673 16.3494 3.05
    endloop
  endfacet
  facet normal 0 0 1
    outer loop
      vertex 0.643861 16.3874 3.05
      vertex 0.643861 -16.3874 3.05
      vertex 1.28673 -16.3494 3.05
    endloop
  endfacet
  facet normal 0 0 1
    outer loop
      vertex 0 16.4 3.05
      vertex 0.643861 -16.3874 3.05
      vertex 0.643861 16.3874 3.05
    endloop
  endfacet
  facet normal 0 0 1
    outer loop
      vertex 0 16.4 3.05
      vertex 0 -16.4 3.05
      vertex 0.643861 -16.3874 3.05
    endloop
  endfacet
  facet normal -0 0 1
    outer loop
      vertex -0.643861 16.3874 3.05
      vertex 0 -16.4 3.05
      vertex 0 16.4 3.05
    endloop
  endfacet
  facet normal 0 0 1
    outer loop
      vertex -0.643861 16.3874 3.05
      vertex -0.643861 -16.3874 3.05
      vertex 0 -16.4 3.05
    endloop
  endfacet
  facet normal -0 0 1
    outer loop
      vertex -1.28673 16.3494 3.05
      vertex -0.643861 -16.3874 3.05
      vertex -0.643861 16.3874 3.05
    endloop
  endfacet
  facet normal 0 0 1
    outer loop
      vertex -1.28673 16.3494 3.05
      vertex -1.28673 -16.3494 3.05
      vertex -0.643861 -16.3874 3.05
    endloop
  endfacet
  facet normal -0 0 1
    outer loop
      vertex -1.92761 16.2863 3.05
      vertex -1.28673 -16.3494 3.05
      vertex -1.28673 16.3494 3.05
    endloop
  endfacet
  facet normal 0 0 1
    outer loop
      vertex -1.92761 16.2863 3.05
      vertex -1.92761 -16.2863 3.05
      vertex -1.28673 -16.3494 3.05
    endloop
  endfacet
  facet normal -0 0 1
    outer loop
      vertex -2.56553 16.1981 3.05
      vertex -1.92761 -16.2863 3.05
      vertex -1.92761 16.2863 3.05
    endloop
  endfacet
  facet normal 0 0 1
    outer loop
      vertex -2.56553 16.1981 3.05
      vertex -2.56553 -16.1981 3.05
      vertex -1.92761 -16.2863 3.05
    endloop
  endfacet
  facet normal -0 0 1
    outer loop
      vertex -3.19948 16.0849 3.05
      vertex -2.56553 -16.1981 3.05
      vertex -2.56553 16.1981 3.05
    endloop
  endfacet
  facet normal 0 0 1
    outer loop
      vertex -3.19948 16.0849 3.05
      vertex -3.19948 -16.0849 3.05
      vertex -2.56553 -16.1981 3.05
    endloop
  endfacet
  facet normal -0 0 1
    outer loop
      vertex -3.8285 15.9469 3.05
      vertex -3.19948 -16.0849 3.05
      vertex -3.19948 16.0849 3.05
    endloop
  endfacet
  facet normal 0 0 1
    outer loop
      vertex -3.8285 15.9469 3.05
      vertex -3.8285 -15.9469 3.05
      vertex -3.19948 -16.0849 3.05
    endloop
  endfacet
  facet normal -0 0 1
    outer loop
      vertex -4.45162 15.7843 3.05
      vertex -3.8285 -15.9469 3.05
      vertex -3.8285 15.9469 3.05
    endloop
  endfacet
  facet normal 0 0 1
    outer loop
      vertex -4.45162 15.7843 3.05
      vertex -4.45162 -15.7843 3.05
      vertex -3.8285 -15.9469 3.05
    endloop
  endfacet
  facet normal -0 0 1
    outer loop
      vertex -5.06788 15.5973 3.05
      vertex -4.45162 -15.7843 3.05
      vertex -4.45162 15.7843 3.05
    endloop
  endfacet
  facet normal 0 0 1
    outer loop
      vertex -5.06788 15.5973 3.05
      vertex -5.06788 -15.5973 3.05
      vertex -4.45162 -15.7843 3.05
    endloop
  endfacet
  facet normal -0 0 1
    outer loop
      vertex -5.67632 15.3863 3.05
      vertex -5.06788 -15.5973 3.05
      vertex -5.06788 15.5973 3.05
    endloop
  endfacet
  facet normal 0 0 1
    outer loop
      vertex -5.67632 15.3863 3.05
      vertex -5.67632 -15.3863 3.05
      vertex -5.06788 -15.5973 3.05
    endloop
  endfacet
  facet normal -0 0 1
    outer loop
      vertex -6.27601 15.1516 3.05
      vertex -5.67632 -15.3863 3.05
      vertex -5.67632 15.3863 3.05
    endloop
  endfacet
  facet normal 0 0 1
    outer loop
      vertex -6.27601 15.1516 3.05
      vertex -6.27601 -15.1516 3.05
      vertex -5.67632 -15.3863 3.05
    endloop
  endfacet
  facet normal -0 0 1
    outer loop
      vertex -6.86602 14.8935 3.05
      vertex -6.27601 -15.1516 3.05
      vertex -6.27601 15.1516 3.05
    endloop
  endfacet
  facet normal 0 0 1
    outer loop
      vertex -6.86602 14.8935 3.05
      vertex -6.86602 -14.8935 3.05
      vertex -6.27601 -15.1516 3.05
    endloop
  endfacet
  facet normal -0 0 1
    outer loop
      vertex -7.44544 14.6125 3.05
      vertex -6.86602 -14.8935 3.05
      vertex -6.86602 14.8935 3.05
    endloop
  endfacet
  facet normal 0 0 1
    outer loop
      vertex -7.44544 14.6125 3.05
      vertex -7.44544 -14.6125 3.05
      vertex -6.86602 -14.8935 3.05
    endloop
  endfacet
  facet normal -0 0 1
    outer loop
      vertex -8.01339 14.3089 3.05
      vertex -7.44544 -14.6125 3.05
      vertex -7.44544 14.6125 3.05
    endloop
  endfacet
  facet normal 0 0 1
    outer loop
      vertex -8.01339 14.3089 3.05
      vertex -8.01339 -14.3089 3.05
      vertex -7.44544 -14.6125 3.05
    endloop
  endfacet
  facet normal -0 0 1
    outer loop
      vertex -8.56898 13.9833 3.05
      vertex -8.01339 -14.3089 3.05
      vertex -8.01339 14.3089 3.05
    endloop
  endfacet
  facet normal 0 0 1
    outer loop
      vertex -8.56898 13.9833 3.05
      vertex -8.56898 -13.9833 3.05
      vertex -8.01339 -14.3089 3.05
    endloop
  endfacet
  facet normal -0 0 1
    outer loop
      vertex -9.11135 13.6361 3.05
      vertex -8.56898 -13.9833 3.05
      vertex -8.56898 13.9833 3.05
    endloop
  endfacet
  facet normal 0 0 1
    outer loop
      vertex -9.11135 13.6361 3.05
      vertex -9.11135 -13.6361 3.05
      vertex -8.56898 -13.9833 3.05
    endloop
  endfacet
  facet normal -0 0 1
    outer loop
      vertex -9.63968 13.2679 3.05
      vertex -9.11135 -13.6361 3.05
      vertex -9.11135 13.6361 3.05
    endloop
  endfacet
  facet normal 0 0 1
    outer loop
      vertex -9.63968 13.2679 3.05
      vertex -9.63968 -13.2679 3.05
      vertex -9.11135 -13.6361 3.05
    endloop
  endfacet
  facet normal -0 0 1
    outer loop
      vertex -10.1531 12.8792 3.05
      vertex -9.63968 -13.2679 3.05
      vertex -9.63968 13.2679 3.05
    endloop
  endfacet
  facet normal 0 0 1
    outer loop
      vertex -10.1531 12.8792 3.05
      vertex -10.1531 -12.8792 3.05
      vertex -9.63968 -13.2679 3.05
    endloop
  endfacet
  facet normal -0 0 1
    outer loop
      vertex -10.6509 12.4707 3.05
      vertex -10.1531 -12.8792 3.05
      vertex -10.1531 12.8792 3.05
    endloop
  endfacet
  facet normal 0 0 1
    outer loop
      vertex -10.6509 12.4707 3.05
      vertex -10.6509 -12.4707 3.05
      vertex -10.1531 -12.8792 3.05
    endloop
  endfacet
  facet normal -0 0 1
    outer loop
      vertex -11.1323 12.0429 3.05
      vertex -10.6509 -12.4707 3.05
      vertex -10.6509 12.4707 3.05
    endloop
  endfacet
  facet normal 0 0 1
    outer loop
      vertex -11.1323 12.0429 3.05
      vertex -11.1323 -12.0429 3.05
      vertex -10.6509 -12.4707 3.05
    endloop
  endfacet
  facet normal -0 0 1
    outer loop
      vertex -11.5966 11.5966 3.05
      vertex -11.1323 -12.0429 3.05
      vertex -11.1323 12.0429 3.05
    endloop
  endfacet
  facet normal 0 0 1
    outer loop
      vertex -11.5966 11.5966 3.05
      vertex -11.5966 -11.5966 3.05
      vertex -11.1323 -12.0429 3.05
    endloop
  endfacet
  facet normal -0 0 1
    outer loop
      vertex -12.0429 11.1323 3.05
      vertex -11.5966 -11.5966 3.05
      vertex -11.5966 11.5966 3.05
    endloop
  endfacet
  facet normal 0 0 1
    outer loop
      vertex -12.0429 11.1323 3.05
      vertex -12.0429 -11.1323 3.05
      vertex -11.5966 -11.5966 3.05
    endloop
  endfacet
  facet normal -0 0 1
    outer loop
      vertex -12.4707 10.6509 3.05
      vertex -12.0429 -11.1323 3.05
      vertex -12.0429 11.1323 3.05
    endloop
  endfacet
  facet normal 0 0 1
    outer loop
      vertex -12.4707 10.6509 3.05
      vertex -12.4707 -10.6509 3.05
      vertex -12.0429 -11.1323 3.05
    endloop
  endfacet
  facet normal -0 0 1
    outer loop
      vertex -12.8792 10.1531 3.05
      vertex -12.4707 -10.6509 3.05
      vertex -12.4707 10.6509 3.05
    endloop
  endfacet
  facet normal 0 0 1
    outer loop
      vertex -12.8792 10.1531 3.05
      vertex -12.8792 -10.1531 3.05
      vertex -12.4707 -10.6509 3.05
    endloop
  endfacet
  facet normal -0 0 1
    outer loop
      vertex -13.2679 9.63968 3.05
      vertex -12.8792 -10.1531 3.05
      vertex -12.8792 10.1531 3.05
    endloop
  endfacet
  facet normal 0 0 1
    outer loop
      vertex -13.2679 9.63968 3.05
      vertex -13.2679 -9.63968 3.05
      vertex -12.8792 -10.1531 3.05
    endloop
  endfacet
  facet normal -0 0 1
    outer loop
      vertex -13.6361 9.11135 3.05
      vertex -13.2679 -9.63968 3.05
      vertex -13.2679 9.63968 3.05
    endloop
  endfacet
  facet normal 0 0 1
    outer loop
      vertex -13.6361 9.11135 3.05
      vertex -13.6361 -9.11135 3.05
      vertex -13.2679 -9.63968 3.05
    endloop
  endfacet
  facet normal -0 0 1
    outer loop
      vertex -13.9833 8.56898 3.05
      vertex -13.6361 -9.11135 3.05
      vertex -13.6361 9.11135 3.05
    endloop
  endfacet
  facet normal 0 0 1
    outer loop
      vertex -13.9833 8.56898 3.05
      vertex -13.9833 -8.56898 3.05
      vertex -13.6361 -9.11135 3.05
    endloop
  endfacet
  facet normal -0 0 1
    outer loop
      vertex -14.3089 8.01339 3.05
      vertex -13.9833 -8.56898 3.05
      vertex -13.9833 8.56898 3.05
    endloop
  endfacet
  facet normal 0 0 1
    outer loop
      vertex -14.3089 8.01339 3.05
      vertex -14.3089 -8.01339 3.05
      vertex -13.9833 -8.56898 3.05
    endloop
  endfacet
  facet normal -0 0 1
    outer loop
      vertex -14.6125 7.44544 3.05
      vertex -14.3089 -8.01339 3.05
      vertex -14.3089 8.01339 3.05
    endloop
  endfacet
  facet normal 0 0 1
    outer loop
      vertex -14.6125 7.44544 3.05
      vertex -14.6125 -7.44544 3.05
      vertex -14.3089 -8.01339 3.05
    endloop
  endfacet
  facet normal -0 0 1
    outer loop
      vertex -14.8935 6.86602 3.05
      vertex -14.6125 -7.44544 3.05
      vertex -14.6125 7.44544 3.05
    endloop
  endfacet
  facet normal 0 0 1
    outer loop
      vertex -14.8935 6.86602 3.05
      vertex -14.8935 -6.86602 3.05
      vertex -14.6125 -7.44544 3.05
    endloop
  endfacet
  facet normal -0 0 1
    outer loop
      vertex -15.1516 6.27601 3.05
      vertex -14.8935 -6.86602 3.05
      vertex -14.8935 6.86602 3.05
    endloop
  endfacet
  facet normal 0 0 1
    outer loop
      vertex -15.1516 6.27601 3.05
      vertex -15.1516 -6.27601 3.05
      vertex -14.8935 -6.86602 3.05
    endloop
  endfacet
  facet normal -0 0 1
    outer loop
      vertex -15.3863 5.67632 3.05
      vertex -15.1516 -6.27601 3.05
      vertex -15.1516 6.27601 3.05
    endloop
  endfacet
  facet normal 0 0 1
    outer loop
      vertex -15.3863 5.67632 3.05
      vertex -15.3863 -5.67632 3.05
      vertex -15.1516 -6.27601 3.05
    endloop
  endfacet
  facet normal -0 0 1
    outer loop
      vertex -15.5973 5.06788 3.05
      vertex -15.3863 -5.67632 3.05
      vertex -15.3863 5.67632 3.05
    endloop
  endfacet
  facet normal 0 0 1
    outer loop
      vertex -15.5973 5.06788 3.05
      vertex -15.5973 -5.06788 3.05
      vertex -15.3863 -5.67632 3.05
    endloop
  endfacet
  facet normal -0 0 1
    outer loop
      vertex -15.7843 4.45162 3.05
      vertex -15.5973 -5.06788 3.05
      vertex -15.5973 5.06788 3.05
    endloop
  endfacet
  facet normal 0 0 1
    outer loop
      vertex -15.7843 4.45162 3.05
      vertex -15.7843 -4.45162 3.05
      vertex -15.5973 -5.06788 3.05
    endloop
  endfacet
  facet normal -0 0 1
    outer loop
      vertex -15.9469 3.8285 3.05
      vertex -15.7843 -4.45162 3.05
      vertex -15.7843 4.45162 3.05
    endloop
  endfacet
  facet normal 0 0 1
    outer loop
      vertex -15.9469 3.8285 3.05
      vertex -15.9469 -3.8285 3.05
      vertex -15.7843 -4.45162 3.05
    endloop
  endfacet
  facet normal -0 0 1
    outer loop
      vertex -16.0849 3.19948 3.05
      vertex -15.9469 -3.8285 3.05
      vertex -15.9469 3.8285 3.05
    endloop
  endfacet
  facet normal 0 0 1
    outer loop
      vertex -16.0849 3.19948 3.05
      vertex -16.0849 -3.19948 3.05
      vertex -15.9469 -3.8285 3.05
    endloop
  endfacet
  facet normal -0 0 1
    outer loop
      vertex -16.1981 2.56553 3.05
      vertex -16.0849 -3.19948 3.05
      vertex -16.0849 3.19948 3.05
    endloop
  endfacet
  facet normal 0 0 1
    outer loop
      vertex -16.1981 2.56553 3.05
      vertex -16.1981 -2.56553 3.05
      vertex -16.0849 -3.19948 3.05
    endloop
  endfacet
  facet normal -0 0 1
    outer loop
      vertex -16.2863 1.92761 3.05
      vertex -16.1981 -2.56553 3.05
      vertex -16.1981 2.56553 3.05
    endloop
  endfacet
  facet normal 0 0 1
    outer loop
      vertex -16.2863 1.92761 3.05
      vertex -16.2863 -1.92761 3.05
      vertex -16.1981 -2.56553 3.05
    endloop
  endfacet
  facet normal -0 0 1
    outer loop
      vertex -16.3494 1.28673 3.05
      vertex -16.2863 -1.92761 3.05
      vertex -16.2863 1.92761 3.05
    endloop
  endfacet
  facet normal 0 0 1
    outer loop
      vertex -16.3494 1.28673 3.05
      vertex -16.3494 -1.28673 3.05
      vertex -16.2863 -1.92761 3.05
    endloop
  endfacet
  facet normal -0 0 1
    outer loop
      vertex -16.3874 0.643861 3.05
      vertex -16.3494 -1.28673 3.05
      vertex -16.3494 1.28673 3.05
    endloop
  endfacet
  facet normal 0 0 1
    outer loop
      vertex -16.3874 0.643861 3.05
      vertex -16.3874 -0.643861 3.05
      vertex -16.3494 -1.28673 3.05
    endloop
  endfacet
  facet normal 0 -0 1
    outer loop
      vertex -16.3874 -0.643861 3.05
      vertex -16.3874 0.643861 3.05
      vertex -16.4 0 3.05
    endloop
  endfacet
  facet normal -0.990577 -0.136959 0
    outer loop
      vertex 16.2863 1.92761 3.05
      vertex 16.1981 2.56553 11.5
      vertex 16.1981 2.56553 3.05
    endloop
  endfacet
  facet normal -0.990577 -0.136959 0
    outer loop
      vertex 16.1981 2.56553 11.5
      vertex 16.2863 1.92761 3.05
      vertex 16.2863 1.92761 11.5
    endloop
  endfacet
  facet normal -0.97677 -0.214292 0
    outer loop
      vertex 16.0849 3.19948 3.05
      vertex 15.9469 3.8285 11.5
      vertex 15.9469 3.8285 3.05
    endloop
  endfacet
  facet normal -0.97677 -0.214292 0
    outer loop
      vertex 15.9469 3.8285 11.5
      vertex 16.0849 3.19948 3.05
      vertex 16.0849 3.19948 11.5
    endloop
  endfacet
  facet normal -0.984429 -0.175783 0
    outer loop
      vertex 16.1981 2.56553 3.05
      vertex 16.0849 3.19948 11.5
      vertex 16.0849 3.19948 3.05
    endloop
  endfacet
  facet normal -0.984429 -0.175783 0
    outer loop
      vertex 16.0849 3.19948 11.5
      vertex 16.1981 2.56553 3.05
      vertex 16.1981 2.56553 11.5
    endloop
  endfacet
  facet normal -0.944801 -0.327646 0
    outer loop
      vertex 15.5973 5.06788 3.05
      vertex 15.3863 5.67632 11.5
      vertex 15.3863 5.67632 3.05
    endloop
  endfacet
  facet normal -0.944801 -0.327646 0
    outer loop
      vertex 15.3863 5.67632 11.5
      vertex 15.5973 5.06788 3.05
      vertex 15.5973 5.06788 11.5
    endloop
  endfacet
  facet normal -0.956915 -0.290369 0
    outer loop
      vertex 15.7843 4.45162 3.05
      vertex 15.5973 5.06788 11.5
      vertex 15.5973 5.06788 3.05
    endloop
  endfacet
  facet normal -0.956915 -0.290369 0
    outer loop
      vertex 15.5973 5.06788 11.5
      vertex 15.7843 4.45162 3.05
      vertex 15.7843 4.45162 11.5
    endloop
  endfacet
  facet normal -0.797282 -0.603607 0
    outer loop
      vertex 13.2679 9.63968 3.05
      vertex 12.8792 10.1531 11.5
      vertex 12.8792 10.1531 3.05
    endloop
  endfacet
  facet normal -0.797282 -0.603607 0
    outer loop
      vertex 12.8792 10.1531 11.5
      vertex 13.2679 9.63968 3.05
      vertex 13.2679 9.63968 11.5
    endloop
  endfacet
  facet normal -0.82042 -0.571761 0
    outer loop
      vertex 13.6361 9.11135 3.05
      vertex 13.2679 9.63968 11.5
      vertex 13.2679 9.63968 3.05
    endloop
  endfacet
  facet normal -0.82042 -0.571761 0
    outer loop
      vertex 13.2679 9.63968 11.5
      vertex 13.6361 9.11135 3.05
      vertex 13.6361 9.11135 11.5
    endloop
  endfacet
  facet normal -0.842213 -0.539145 0
    outer loop
      vertex 13.9833 8.56898 3.05
      vertex 13.6361 9.11135 11.5
      vertex 13.6361 9.11135 3.05
    endloop
  endfacet
  facet normal -0.842213 -0.539145 0
    outer loop
      vertex 13.6361 9.11135 11.5
      vertex 13.9833 8.56898 3.05
      vertex 13.9833 8.56898 11.5
    endloop
  endfacet
  facet normal -0.899772 -0.43636 0
    outer loop
      vertex 14.8935 6.86602 3.05
      vertex 14.6125 7.44544 11.5
      vertex 14.6125 7.44544 3.05
    endloop
  endfacet
  facet normal -0.899772 -0.43636 0
    outer loop
      vertex 14.6125 7.44544 11.5
      vertex 14.8935 6.86602 3.05
      vertex 14.8935 6.86602 11.5
    endloop
  endfacet
  facet normal -0.136959 -0.990577 0
    outer loop
      vertex 1.92761 16.2863 3.05
      vertex 2.56553 16.1981 11.5
      vertex 1.92761 16.2863 11.5
    endloop
  endfacet
  facet normal -0.136959 -0.990577 -0
    outer loop
      vertex 2.56553 16.1981 11.5
      vertex 1.92761 16.2863 3.05
      vertex 2.56553 16.1981 3.05
    endloop
  endfacet
  facet normal -0.364451 -0.931222 0
    outer loop
      vertex 5.67632 15.3863 3.05
      vertex 6.27601 15.1516 11.5
      vertex 5.67632 15.3863 11.5
    endloop
  endfacet
  facet normal -0.364451 -0.931222 -0
    outer loop
      vertex 6.27601 15.1516 11.5
      vertex 5.67632 15.3863 3.05
      vertex 6.27601 15.1516 3.05
    endloop
  endfacet
  facet normal -0.290369 -0.956915 0
    outer loop
      vertex 4.45162 15.7843 3.05
      vertex 5.06788 15.5973 11.5
      vertex 4.45162 15.7843 11.5
    endloop
  endfacet
  facet normal -0.290369 -0.956915 -0
    outer loop
      vertex 5.06788 15.5973 11.5
      vertex 4.45162 15.7843 3.05
      vertex 5.06788 15.5973 3.05
    endloop
  endfacet
  facet normal -0.25249 -0.967599 0
    outer loop
      vertex 3.8285 15.9469 3.05
      vertex 4.45162 15.7843 11.5
      vertex 3.8285 15.9469 11.5
    endloop
  endfacet
  facet normal -0.25249 -0.967599 -0
    outer loop
      vertex 4.45162 15.7843 11.5
      vertex 3.8285 15.9469 3.05
      vertex 4.45162 15.7843 3.05
    endloop
  endfacet
  facet normal -0.175783 -0.984429 0
    outer loop
      vertex 2.56553 16.1981 3.05
      vertex 3.19948 16.0849 11.5
      vertex 2.56553 16.1981 11.5
    endloop
  endfacet
  facet normal -0.175783 -0.984429 -0
    outer loop
      vertex 3.19948 16.0849 11.5
      vertex 2.56553 16.1981 3.05
      vertex 3.19948 16.0849 3.05
    endloop
  endfacet
  facet normal -0.400781 -0.916174 0
    outer loop
      vertex 6.27601 15.1516 3.05
      vertex 6.86602 14.8935 11.5
      vertex 6.27601 15.1516 11.5
    endloop
  endfacet
  facet normal -0.400781 -0.916174 -0
    outer loop
      vertex 6.86602 14.8935 11.5
      vertex 6.27601 15.1516 3.05
      vertex 6.86602 14.8935 3.05
    endloop
  endfacet
  facet normal -0.539145 -0.842213 0
    outer loop
      vertex 8.56898 13.9833 3.05
      vertex 9.11135 13.6361 11.5
      vertex 8.56898 13.9833 11.5
    endloop
  endfacet
  facet normal -0.539145 -0.842213 -0
    outer loop
      vertex 9.11135 13.6361 11.5
      vertex 8.56898 13.9833 3.05
      vertex 9.11135 13.6361 3.05
    endloop
  endfacet
  facet normal -0.571761 -0.82042 0
    outer loop
      vertex 9.11135 13.6361 3.05
      vertex 9.63968 13.2679 11.5
      vertex 9.11135 13.6361 11.5
    endloop
  endfacet
  facet normal -0.571761 -0.82042 -0
    outer loop
      vertex 9.63968 13.2679 11.5
      vertex 9.11135 13.6361 3.05
      vertex 9.63968 13.2679 3.05
    endloop
  endfacet
  facet normal -0.692994 -0.720943 0
    outer loop
      vertex 11.1323 12.0429 3.05
      vertex 11.5966 11.5966 11.5
      vertex 11.1323 12.0429 11.5
    endloop
  endfacet
  facet normal -0.692994 -0.720943 -0
    outer loop
      vertex 11.5966 11.5966 11.5
      vertex 11.1323 12.0429 3.05
      vertex 11.5966 11.5966 3.05
    endloop
  endfacet
  facet normal 0.990577 -0.136959 0
    outer loop
      vertex -16.2863 1.92761 11.5
      vertex -16.1981 2.56553 3.05
      vertex -16.1981 2.56553 11.5
    endloop
  endfacet
  facet normal 0.990577 -0.136959 0
    outer loop
      vertex -16.1981 2.56553 3.05
      vertex -16.2863 1.92761 11.5
      vertex -16.2863 1.92761 3.05
    endloop
  endfacet
  facet normal 0.720943 -0.692994 0
    outer loop
      vertex -12.0429 11.1323 11.5
      vertex -11.5966 11.5966 3.05
      vertex -11.5966 11.5966 11.5
    endloop
  endfacet
  facet normal 0.720943 -0.692994 0
    outer loop
      vertex -11.5966 11.5966 3.05
      vertex -12.0429 11.1323 11.5
      vertex -12.0429 11.1323 3.05
    endloop
  endfacet
  facet normal 0.797282 -0.603607 0
    outer loop
      vertex -13.2679 9.63968 11.5
      vertex -12.8792 10.1531 3.05
      vertex -12.8792 10.1531 11.5
    endloop
  endfacet
  facet normal 0.797282 -0.603607 0
    outer loop
      vertex -12.8792 10.1531 3.05
      vertex -13.2679 9.63968 11.5
      vertex -13.2679 9.63968 3.05
    endloop
  endfacet
  facet normal 0.881906 -0.471426 0
    outer loop
      vertex -14.6125 7.44544 11.5
      vertex -14.3089 8.01339 3.05
      vertex -14.3089 8.01339 11.5
    endloop
  endfacet
  facet normal 0.881906 -0.471426 0
    outer loop
      vertex -14.3089 8.01339 3.05
      vertex -14.6125 7.44544 11.5
      vertex -14.6125 7.44544 3.05
    endloop
  endfacet
  facet normal 0.916174 -0.400781 0
    outer loop
      vertex -15.1516 6.27601 11.5
      vertex -14.8935 6.86602 3.05
      vertex -14.8935 6.86602 11.5
    endloop
  endfacet
  facet normal 0.916174 -0.400781 0
    outer loop
      vertex -14.8935 6.86602 3.05
      vertex -15.1516 6.27601 11.5
      vertex -15.1516 6.27601 3.05
    endloop
  endfacet
  facet normal 0.899772 -0.43636 0
    outer loop
      vertex -14.8935 6.86602 11.5
      vertex -14.6125 7.44544 3.05
      vertex -14.6125 7.44544 11.5
    endloop
  endfacet
  facet normal 0.899772 -0.43636 0
    outer loop
      vertex -14.6125 7.44544 3.05
      vertex -14.8935 6.86602 11.5
      vertex -14.8935 6.86602 3.05
    endloop
  endfacet
  facet normal 0.931222 -0.364451 0
    outer loop
      vertex -15.3863 5.67632 11.5
      vertex -15.1516 6.27601 3.05
      vertex -15.1516 6.27601 11.5
    endloop
  endfacet
  facet normal 0.931222 -0.364451 0
    outer loop
      vertex -15.1516 6.27601 3.05
      vertex -15.3863 5.67632 11.5
      vertex -15.3863 5.67632 3.05
    endloop
  endfacet
  facet normal 0.956915 -0.290369 0
    outer loop
      vertex -15.7843 4.45162 11.5
      vertex -15.5973 5.06788 3.05
      vertex -15.5973 5.06788 11.5
    endloop
  endfacet
  facet normal 0.956915 -0.290369 0
    outer loop
      vertex -15.5973 5.06788 3.05
      vertex -15.7843 4.45162 11.5
      vertex -15.7843 4.45162 3.05
    endloop
  endfacet
  facet normal 0.967599 -0.25249 0
    outer loop
      vertex -15.9469 3.8285 11.5
      vertex -15.7843 4.45162 3.05
      vertex -15.7843 4.45162 11.5
    endloop
  endfacet
  facet normal 0.967599 -0.25249 0
    outer loop
      vertex -15.7843 4.45162 3.05
      vertex -15.9469 3.8285 11.5
      vertex -15.9469 3.8285 3.05
    endloop
  endfacet
  facet normal 0.984429 -0.175783 0
    outer loop
      vertex -16.1981 2.56553 11.5
      vertex -16.0849 3.19948 3.05
      vertex -16.0849 3.19948 11.5
    endloop
  endfacet
  facet normal 0.984429 -0.175783 0
    outer loop
      vertex -16.0849 3.19948 3.05
      vertex -16.1981 2.56553 11.5
      vertex -16.1981 2.56553 3.05
    endloop
  endfacet
  facet normal 0.400781 -0.916174 0
    outer loop
      vertex -6.86602 14.8935 3.05
      vertex -6.27601 15.1516 11.5
      vertex -6.86602 14.8935 11.5
    endloop
  endfacet
  facet normal 0.400781 -0.916174 0
    outer loop
      vertex -6.27601 15.1516 11.5
      vertex -6.86602 14.8935 3.05
      vertex -6.27601 15.1516 3.05
    endloop
  endfacet
  facet normal 0.43636 -0.899772 0
    outer loop
      vertex -7.44544 14.6125 3.05
      vertex -6.86602 14.8935 11.5
      vertex -7.44544 14.6125 11.5
    endloop
  endfacet
  facet normal 0.43636 -0.899772 0
    outer loop
      vertex -6.86602 14.8935 11.5
      vertex -7.44544 14.6125 3.05
      vertex -6.86602 14.8935 3.05
    endloop
  endfacet
  facet normal 0.571761 -0.82042 0
    outer loop
      vertex -9.63968 13.2679 3.05
      vertex -9.11135 13.6361 11.5
      vertex -9.63968 13.2679 11.5
    endloop
  endfacet
  facet normal 0.571761 -0.82042 0
    outer loop
      vertex -9.11135 13.6361 11.5
      vertex -9.63968 13.2679 3.05
      vertex -9.11135 13.6361 3.05
    endloop
  endfacet
  facet normal 0.364451 -0.931222 0
    outer loop
      vertex -6.27601 15.1516 3.05
      vertex -5.67632 15.3863 11.5
      vertex -6.27601 15.1516 11.5
    endloop
  endfacet
  facet normal 0.364451 -0.931222 0
    outer loop
      vertex -5.67632 15.3863 11.5
      vertex -6.27601 15.1516 3.05
      vertex -5.67632 15.3863 3.05
    endloop
  endfacet
  facet normal 0.214292 -0.97677 0
    outer loop
      vertex -3.8285 15.9469 3.05
      vertex -3.19948 16.0849 11.5
      vertex -3.8285 15.9469 11.5
    endloop
  endfacet
  facet normal 0.214292 -0.97677 0
    outer loop
      vertex -3.19948 16.0849 11.5
      vertex -3.8285 15.9469 3.05
      vertex -3.19948 16.0849 3.05
    endloop
  endfacet
  facet normal 0.25249 -0.967599 0
    outer loop
      vertex -4.45162 15.7843 3.05
      vertex -3.8285 15.9469 11.5
      vertex -4.45162 15.7843 11.5
    endloop
  endfacet
  facet normal 0.25249 -0.967599 0
    outer loop
      vertex -3.8285 15.9469 11.5
      vertex -4.45162 15.7843 3.05
      vertex -3.8285 15.9469 3.05
    endloop
  endfacet
  facet normal 0.175783 -0.984429 0
    outer loop
      vertex -3.19948 16.0849 3.05
      vertex -2.56553 16.1981 11.5
      vertex -3.19948 16.0849 11.5
    endloop
  endfacet
  facet normal 0.175783 -0.984429 0
    outer loop
      vertex -2.56553 16.1981 11.5
      vertex -3.19948 16.0849 3.05
      vertex -2.56553 16.1981 3.05
    endloop
  endfacet
  facet normal 0.0195657 -0.999809 0
    outer loop
      vertex -0.643861 16.3874 3.05
      vertex 0 16.4 11.5
      vertex -0.643861 16.3874 11.5
    endloop
  endfacet
  facet normal 0.0195657 -0.999809 0
    outer loop
      vertex 0 16.4 11.5
      vertex -0.643861 16.3874 3.05
      vertex 0 16.4 3.05
    endloop
  endfacet
  facet normal -0.059007 0.998258 0
    outer loop
      vertex 1.28673 -16.3494 3.05
      vertex 0.643861 -16.3874 3.2
      vertex 1.28673 -16.3494 3.2
    endloop
  endfacet
  facet normal -0.059007 0.998258 0
    outer loop
      vertex 0.643861 -16.3874 3.2
      vertex 1.28673 -16.3494 3.05
      vertex 0.643861 -16.3874 3.05
    endloop
  endfacet
  facet normal -0.059007 0.998258 0
    outer loop
      vertex 1.28673 -16.3494 9
      vertex 0.643861 -16.3874 11.5
      vertex 1.28673 -16.3494 11.5
    endloop
  endfacet
  facet normal -0.059007 0.998258 0
    outer loop
      vertex 0.643861 -16.3874 11.5
      vertex 1.28673 -16.3494 9
      vertex 0.643861 -16.3874 9
    endloop
  endfacet
  facet normal -0.0195657 0.999809 0
    outer loop
      vertex 0.643861 -16.3874 3.05
      vertex 0 -16.4 3.2
      vertex 0.643861 -16.3874 3.2
    endloop
  endfacet
  facet normal -0.0195657 0.999809 0
    outer loop
      vertex 0 -16.4 3.2
      vertex 0.643861 -16.3874 3.05
      vertex 0 -16.4 3.05
    endloop
  endfacet
  facet normal -0.0195657 0.999809 0
    outer loop
      vertex 0.643861 -16.3874 9
      vertex 0 -16.4 11.5
      vertex 0.643861 -16.3874 11.5
    endloop
  endfacet
  facet normal -0.0195657 0.999809 0
    outer loop
      vertex 0 -16.4 11.5
      vertex 0.643861 -16.3874 9
      vertex 0 -16.4 9
    endloop
  endfacet
  facet normal -0.136959 0.990577 0
    outer loop
      vertex 2.56553 -16.1981 3.05
      vertex 1.92761 -16.2863 3.2
      vertex 2.56553 -16.1981 3.2
    endloop
  endfacet
  facet normal -0.136959 0.990577 0
    outer loop
      vertex 1.92761 -16.2863 3.2
      vertex 2.56553 -16.1981 3.05
      vertex 1.92761 -16.2863 3.05
    endloop
  endfacet
  facet normal -0.136959 0.990577 0
    outer loop
      vertex 2.56553 -16.1981 9
      vertex 1.92761 -16.2863 11.5
      vertex 2.56553 -16.1981 11.5
    endloop
  endfacet
  facet normal -0.136959 0.990577 0
    outer loop
      vertex 1.92761 -16.2863 11.5
      vertex 2.56553 -16.1981 9
      vertex 1.92761 -16.2863 9
    endloop
  endfacet
  facet normal -0.634362 0.773036 0
    outer loop
      vertex 10.6509 -12.4707 3.05
      vertex 10.1531 -12.8792 11.5
      vertex 10.6509 -12.4707 11.5
    endloop
  endfacet
  facet normal -0.634362 0.773036 0
    outer loop
      vertex 10.1531 -12.8792 11.5
      vertex 10.6509 -12.4707 3.05
      vertex 10.1531 -12.8792 3.05
    endloop
  endfacet
  facet normal -0.571761 0.82042 0
    outer loop
      vertex 9.63968 -13.2679 3.05
      vertex 9.11135 -13.6361 11.5
      vertex 9.63968 -13.2679 11.5
    endloop
  endfacet
  facet normal -0.571761 0.82042 0
    outer loop
      vertex 9.11135 -13.6361 11.5
      vertex 9.63968 -13.2679 3.05
      vertex 9.11135 -13.6361 3.05
    endloop
  endfacet
  facet normal -0.400781 0.916174 0
    outer loop
      vertex 6.86602 -14.8935 3.05
      vertex 6.27601 -15.1516 11.5
      vertex 6.86602 -14.8935 11.5
    endloop
  endfacet
  facet normal -0.400781 0.916174 0
    outer loop
      vertex 6.27601 -15.1516 11.5
      vertex 6.86602 -14.8935 3.05
      vertex 6.27601 -15.1516 3.05
    endloop
  endfacet
  facet normal -0.720943 0.692994 0
    outer loop
      vertex 11.5966 -11.5966 3.05
      vertex 12.0429 -11.1323 11.5
      vertex 12.0429 -11.1323 3.05
    endloop
  endfacet
  facet normal -0.720943 0.692994 0
    outer loop
      vertex 12.0429 -11.1323 11.5
      vertex 11.5966 -11.5966 3.05
      vertex 11.5966 -11.5966 11.5
    endloop
  endfacet
  facet normal -0.862759 0.505615 0
    outer loop
      vertex 13.9833 -8.56898 3.05
      vertex 14.3089 -8.01339 11.5
      vertex 14.3089 -8.01339 3.05
    endloop
  endfacet
  facet normal -0.862759 0.505615 0
    outer loop
      vertex 14.3089 -8.01339 11.5
      vertex 13.9833 -8.56898 3.05
      vertex 13.9833 -8.56898 11.5
    endloop
  endfacet
  facet normal -0.899772 0.43636 0
    outer loop
      vertex 14.6125 -7.44544 3.05
      vertex 14.8935 -6.86602 11.5
      vertex 14.8935 -6.86602 3.05
    endloop
  endfacet
  facet normal -0.899772 0.43636 0
    outer loop
      vertex 14.8935 -6.86602 11.5
      vertex 14.6125 -7.44544 3.05
      vertex 14.6125 -7.44544 11.5
    endloop
  endfacet
  facet normal -0.931222 0.364451 0
    outer loop
      vertex 15.1516 -6.27601 3.05
      vertex 15.3863 -5.67632 11.5
      vertex 15.3863 -5.67632 3.05
    endloop
  endfacet
  facet normal -0.931222 0.364451 0
    outer loop
      vertex 15.3863 -5.67632 11.5
      vertex 15.1516 -6.27601 3.05
      vertex 15.1516 -6.27601 11.5
    endloop
  endfacet
  facet normal -0.944801 0.327646 0
    outer loop
      vertex 15.3863 -5.67632 3.05
      vertex 15.5973 -5.06788 11.5
      vertex 15.5973 -5.06788 3.05
    endloop
  endfacet
  facet normal -0.944801 0.327646 0
    outer loop
      vertex 15.5973 -5.06788 11.5
      vertex 15.3863 -5.67632 3.05
      vertex 15.3863 -5.67632 11.5
    endloop
  endfacet
  facet normal -0.984429 0.175783 0
    outer loop
      vertex 16.0849 -3.19948 3.05
      vertex 16.1981 -2.56553 11.5
      vertex 16.1981 -2.56553 3.05
    endloop
  endfacet
  facet normal -0.984429 0.175783 0
    outer loop
      vertex 16.1981 -2.56553 11.5
      vertex 16.0849 -3.19948 3.05
      vertex 16.0849 -3.19948 11.5
    endloop
  endfacet
  facet normal -0.967599 0.25249 0
    outer loop
      vertex 15.7843 -4.45162 3.05
      vertex 15.9469 -3.8285 11.5
      vertex 15.9469 -3.8285 3.05
    endloop
  endfacet
  facet normal -0.967599 0.25249 0
    outer loop
      vertex 15.9469 -3.8285 11.5
      vertex 15.7843 -4.45162 3.05
      vertex 15.7843 -4.45162 11.5
    endloop
  endfacet
  facet normal 0.692994 0.720943 -0
    outer loop
      vertex -11.1323 -12.0429 3.05
      vertex -11.5966 -11.5966 11.5
      vertex -11.1323 -12.0429 11.5
    endloop
  endfacet
  facet normal 0.692994 0.720943 0
    outer loop
      vertex -11.5966 -11.5966 11.5
      vertex -11.1323 -12.0429 3.05
      vertex -11.5966 -11.5966 3.05
    endloop
  endfacet
  facet normal 0.43636 0.899772 -0
    outer loop
      vertex -6.86602 -14.8935 3.05
      vertex -7.44544 -14.6125 11.5
      vertex -6.86602 -14.8935 11.5
    endloop
  endfacet
  facet normal 0.43636 0.899772 0
    outer loop
      vertex -7.44544 -14.6125 11.5
      vertex -6.86602 -14.8935 3.05
      vertex -7.44544 -14.6125 3.05
    endloop
  endfacet
  facet normal 0.471426 0.881906 -0
    outer loop
      vertex -7.44544 -14.6125 3.05
      vertex -8.01339 -14.3089 11.5
      vertex -7.44544 -14.6125 11.5
    endloop
  endfacet
  facet normal 0.471426 0.881906 0
    outer loop
      vertex -8.01339 -14.3089 11.5
      vertex -7.44544 -14.6125 3.05
      vertex -8.01339 -14.3089 3.05
    endloop
  endfacet
  facet normal 0.539145 0.842213 -0
    outer loop
      vertex -8.56898 -13.9833 3.05
      vertex -9.11135 -13.6361 11.5
      vertex -8.56898 -13.9833 11.5
    endloop
  endfacet
  facet normal 0.539145 0.842213 0
    outer loop
      vertex -9.11135 -13.6361 11.5
      vertex -8.56898 -13.9833 3.05
      vertex -9.11135 -13.6361 3.05
    endloop
  endfacet
  facet normal 0.327646 0.944801 0
    outer loop
      vertex -5.67632 -15.3863 3.05
      vertex -5.06788 -15.5973 3.96989
      vertex -5.06788 -15.5973 3.05
    endloop
  endfacet
  facet normal 0.309239 0.950888 0.013571
    outer loop
      vertex -5.06788 -15.5973 3.96989
      vertex -5.67632 -15.3863 3.05
      vertex -5.06852 -15.5971 3.97046
    endloop
  endfacet
  facet normal 0.32786 0.944726 -0.000135575
    outer loop
      vertex -5.06852 -15.5971 3.97046
      vertex -5.67632 -15.3863 3.05
      vertex -5.15061 -15.5686 4.04939
    endloop
  endfacet
  facet normal 0.327143 0.944975 0.000286937
    outer loop
      vertex -5.15061 -15.5686 4.04939
      vertex -5.67632 -15.3863 3.05
      vertex -5.22954 -15.5413 4.13148
    endloop
  endfacet
  facet normal 0.328207 0.944606 -0.000205848
    outer loop
      vertex -5.22954 -15.5413 4.13148
      vertex -5.67632 -15.3863 3.05
      vertex -5.30518 -15.515 4.2166
    endloop
  endfacet
  facet normal 0.327204 0.944954 0.000151811
    outer loop
      vertex -5.30518 -15.515 4.2166
      vertex -5.67632 -15.3863 3.05
      vertex -5.37742 -15.49 4.30463
    endloop
  endfacet
  facet normal 0.327352 0.944903 0.000112362
    outer loop
      vertex -5.37742 -15.49 4.30463
      vertex -5.67632 -15.3863 3.05
      vertex -5.44615 -15.4662 4.39542
    endloop
  endfacet
  facet normal 0.327918 0.944706 3.87043e-06
    outer loop
      vertex -5.44615 -15.4662 4.39542
      vertex -5.67632 -15.3863 3.05
      vertex -5.51126 -15.4436 4.48885
    endloop
  endfacet
  facet normal 0.327776 0.944756 2.21464e-05
    outer loop
      vertex -5.51126 -15.4436 4.48885
      vertex -5.67632 -15.3863 3.05
      vertex -5.57266 -15.4223 4.58475
    endloop
  endfacet
  facet normal 0.328109 0.94464 -3.06715e-06
    outer loop
      vertex -5.57266 -15.4223 4.58475
      vertex -5.67632 -15.3863 3.05
      vertex -5.63024 -15.4023 4.683
    endloop
  endfacet
  facet normal 0.328012 0.944674 0
    outer loop
      vertex -5.63024 -15.4023 4.683
      vertex -5.67632 -15.3863 3.05
      vertex -5.67632 -15.3863 4.76921
    endloop
  endfacet
  facet normal 0.327646 0.944801 -0
    outer loop
      vertex -5.06788 -15.5973 8.23011
      vertex -5.67632 -15.3863 11.5
      vertex -5.06788 -15.5973 11.5
    endloop
  endfacet
  facet normal 0.302501 0.953135 -0.00521666
    outer loop
      vertex -5.06852 -15.5971 8.22954
      vertex -5.67632 -15.3863 11.5
      vertex -5.06788 -15.5973 8.23011
    endloop
  endfacet
  facet normal 0.327931 0.944702 5.29243e-05
    outer loop
      vertex -5.15061 -15.5686 8.15061
      vertex -5.67632 -15.3863 11.5
      vertex -5.06852 -15.5971 8.22954
    endloop
  endfacet
  facet normal 0.326982 0.945031 -0.000113875
    outer loop
      vertex -5.22954 -15.5413 8.06852
      vertex -5.67632 -15.3863 11.5
      vertex -5.15061 -15.5686 8.15061
    endloop
  endfacet
  facet normal 0.328331 0.944563 8.28877e-05
    outer loop
      vertex -5.30518 -15.515 7.9834
      vertex -5.67632 -15.3863 11.5
      vertex -5.22954 -15.5413 8.06852
    endloop
  endfacet
  facet normal 0.327106 0.944988 -6.19246e-05
    outer loop
      vertex -5.37742 -15.49 7.89537
      vertex -5.67632 -15.3863 11.5
      vertex -5.30518 -15.515 7.9834
    endloop
  endfacet
  facet normal 0.327274 0.94493 -4.63418e-05
    outer loop
      vertex -5.44615 -15.4662 7.80458
      vertex -5.67632 -15.3863 11.5
      vertex -5.37742 -15.49 7.89537
    endloop
  endfacet
  facet normal 0.327915 0.944707 -1.61107e-06
    outer loop
      vertex -5.51126 -15.4436 7.71115
      vertex -5.67632 -15.3863 11.5
      vertex -5.44615 -15.4662 7.80458
    endloop
  endfacet
  facet normal 0.327758 0.944762 -9.28546e-06
    outer loop
      vertex -5.57266 -15.4223 7.61525
      vertex -5.67632 -15.3863 11.5
      vertex -5.51126 -15.4436 7.71115
    endloop
  endfacet
  facet normal 0.328111 0.944639 1.29254e-06
    outer loop
      vertex -5.63024 -15.4023 7.517
      vertex -5.67632 -15.3863 11.5
      vertex -5.57266 -15.4223 7.61525
    endloop
  endfacet
  facet normal 0.328012 0.944674 0
    outer loop
      vertex -5.67632 -15.3863 11.5
      vertex -5.63024 -15.4023 7.517
      vertex -5.67632 -15.3863 7.43079
    endloop
  endfacet
  facet normal 0.252301 0.967649 -0
    outer loop
      vertex -3.8285 -15.9469 3.05
      vertex -3.88718 -15.9316 3.30888
      vertex -3.8285 -15.9469 3.29357
    endloop
  endfacet
  facet normal 0.253083 0.967445 0.000189252
    outer loop
      vertex -3.8285 -15.9469 3.05
      vertex -3.99615 -15.9031 3.34194
      vertex -3.88718 -15.9316 3.30888
    endloop
  endfacet
  facet normal 0.25249 0.967599 -0.000174282
    outer loop
      vertex -4.45162 -15.7843 3.05
      vertex -3.99615 -15.9031 3.34194
      vertex -3.8285 -15.9469 3.05
    endloop
  endfacet
  facet normal 0.25259 0.967573 -0.000340158
    outer loop
      vertex -3.99615 -15.9031 3.34194
      vertex -4.45162 -15.7843 3.05
      vertex -4.10374 -15.875 3.37924
    endloop
  endfacet
  facet normal 0.252004 0.967726 0.000320398
    outer loop
      vertex -4.10374 -15.875 3.37924
      vertex -4.45162 -15.7843 3.05
      vertex -4.20978 -15.8474 3.42075
    endloop
  endfacet
  facet normal 0.252995 0.967467 -0.000369917
    outer loop
      vertex -4.20978 -15.8474 3.42075
      vertex -4.45162 -15.7843 3.05
      vertex -4.31411 -15.8201 3.46638
    endloop
  endfacet
  facet normal 0.252138 0.967691 -6.74303e-05
    outer loop
      vertex -4.31411 -15.8201 3.46638
      vertex -4.45162 -15.7843 3.05
      vertex -4.41657 -15.7934 3.51608
    endloop
  endfacet
  facet normal 0.251298 0.96791 0
    outer loop
      vertex -4.41657 -15.7934 3.51608
      vertex -4.45162 -15.7843 3.05
      vertex -4.45162 -15.7843 3.53482
    endloop
  endfacet
  facet normal 0.25249 0.967599 -0
    outer loop
      vertex -3.8285 -15.9469 8.90643
      vertex -4.45162 -15.7843 11.5
      vertex -3.8285 -15.9469 11.5
    endloop
  endfacet
  facet normal 0.252312 0.967646 -4.56628e-05
    outer loop
      vertex -3.88718 -15.9316 8.89112
      vertex -4.45162 -15.7843 11.5
      vertex -3.8285 -15.9469 8.90643
    endloop
  endfacet
  facet normal 0.252997 0.967467 0.000112599
    outer loop
      vertex -3.99615 -15.9031 8.85806
      vertex -4.45162 -15.7843 11.5
      vertex -3.88718 -15.9316 8.89112
    endloop
  endfacet
  facet normal 0.252682 0.967549 5.46503e-05
    outer loop
      vertex -4.10374 -15.875 8.82075
      vertex -4.45162 -15.7843 11.5
      vertex -3.99615 -15.9031 8.85806
    endloop
  endfacet
  facet normal 0.251906 0.967752 -5.29672e-05
    outer loop
      vertex -4.20978 -15.8474 8.77925
      vertex -4.45162 -15.7843 11.5
      vertex -4.10374 -15.875 8.82075
    endloop
  endfacet
  facet normal 0.253121 0.967435 6.23614e-05
    outer loop
      vertex -4.31411 -15.8201 8.73361
      vertex -4.45162 -15.7843 11.5
      vertex -4.20978 -15.8474 8.77925
    endloop
  endfacet
  facet normal 0.252163 0.967685 1.14978e-05
    outer loop
      vertex -4.41657 -15.7934 8.68392
      vertex -4.45162 -15.7843 11.5
      vertex -4.31411 -15.8201 8.73361
    endloop
  endfacet
  facet normal 0.251298 0.96791 0
    outer loop
      vertex -4.45162 -15.7843 11.5
      vertex -4.41657 -15.7934 8.68392
      vertex -4.45162 -15.7843 8.66518
    endloop
  endfacet
  facet normal 0.175896 0.984409 0
    outer loop
      vertex -2.56553 -16.1981 3.2
      vertex -2.56553 -16.1981 3.05
      vertex -3.1 -16.1026 3.2
    endloop
  endfacet
  facet normal 0.175783 0.984429 -0.000416381
    outer loop
      vertex -3.19948 -16.0849 3.05
      vertex -3.1 -16.1026 3.2
      vertex -2.56553 -16.1981 3.05
    endloop
  endfacet
  facet normal 0.175174 0.984537 0
    outer loop
      vertex -3.1 -16.1026 3.2
      vertex -3.19948 -16.0849 3.05
      vertex -3.19948 -16.0849 3.20195
    endloop
  endfacet
  facet normal 0.175896 0.984409 0
    outer loop
      vertex -3.1 -16.1026 9
      vertex -2.56553 -16.1981 11.5
      vertex -2.56553 -16.1981 9
    endloop
  endfacet
  facet normal 0.175783 0.984429 2.49829e-05
    outer loop
      vertex -2.56553 -16.1981 11.5
      vertex -3.1 -16.1026 9
      vertex -3.19948 -16.0849 11.5
    endloop
  endfacet
  facet normal 0.175174 0.984537 0
    outer loop
      vertex -3.19948 -16.0849 11.5
      vertex -3.1 -16.1026 9
      vertex -3.19948 -16.0849 8.99805
    endloop
  endfacet
  facet normal 0.797282 0.603607 0
    outer loop
      vertex -12.8792 -10.1531 11.5
      vertex -13.2679 -9.63968 3.05
      vertex -13.2679 -9.63968 11.5
    endloop
  endfacet
  facet normal 0.797282 0.603607 0
    outer loop
      vertex -13.2679 -9.63968 3.05
      vertex -12.8792 -10.1531 11.5
      vertex -12.8792 -10.1531 3.05
    endloop
  endfacet
  facet normal 0.82042 0.571761 0
    outer loop
      vertex -13.2679 -9.63968 11.5
      vertex -13.6361 -9.11135 3.05
      vertex -13.6361 -9.11135 11.5
    endloop
  endfacet
  facet normal 0.82042 0.571761 0
    outer loop
      vertex -13.6361 -9.11135 3.05
      vertex -13.2679 -9.63968 11.5
      vertex -13.2679 -9.63968 3.05
    endloop
  endfacet
  facet normal 0.747495 0.664267 0
    outer loop
      vertex -12.0429 -11.1323 11.5
      vertex -12.4707 -10.6509 3.05
      vertex -12.4707 -10.6509 11.5
    endloop
  endfacet
  facet normal 0.747495 0.664267 0
    outer loop
      vertex -12.4707 -10.6509 3.05
      vertex -12.0429 -11.1323 11.5
      vertex -12.0429 -11.1323 3.05
    endloop
  endfacet
  facet normal 0.97677 0.214292 0
    outer loop
      vertex -15.9469 -3.8285 11.5
      vertex -16.0849 -3.19948 3.05
      vertex -16.0849 -3.19948 11.5
    endloop
  endfacet
  facet normal 0.97677 0.214292 0
    outer loop
      vertex -16.0849 -3.19948 3.05
      vertex -15.9469 -3.8285 11.5
      vertex -15.9469 -3.8285 3.05
    endloop
  endfacet
  facet normal 0.956915 0.290369 0
    outer loop
      vertex -15.5973 -5.06788 11.5
      vertex -15.7843 -4.45162 3.05
      vertex -15.7843 -4.45162 11.5
    endloop
  endfacet
  facet normal 0.956915 0.290369 0
    outer loop
      vertex -15.7843 -4.45162 3.05
      vertex -15.5973 -5.06788 11.5
      vertex -15.5973 -5.06788 3.05
    endloop
  endfacet
  facet normal 0.990577 0.136959 0
    outer loop
      vertex -16.1981 -2.56553 11.5
      vertex -16.2863 -1.92761 3.05
      vertex -16.2863 -1.92761 11.5
    endloop
  endfacet
  facet normal 0.990577 0.136959 0
    outer loop
      vertex -16.2863 -1.92761 3.05
      vertex -16.1981 -2.56553 11.5
      vertex -16.1981 -2.56553 3.05
    endloop
  endfacet
  facet normal 0.995188 0.0979846 0
    outer loop
      vertex -16.2863 -1.92761 11.5
      vertex -16.3494 -1.28673 3.05
      vertex -16.3494 -1.28673 11.5
    endloop
  endfacet
  facet normal 0.995188 0.0979846 0
    outer loop
      vertex -16.3494 -1.28673 3.05
      vertex -16.2863 -1.92761 11.5
      vertex -16.2863 -1.92761 3.05
    endloop
  endfacet
  facet normal 0.999809 0.0195657 0
    outer loop
      vertex -16.3874 -0.643861 11.5
      vertex -16.4 0 3.05
      vertex -16.4 0 11.5
    endloop
  endfacet
  facet normal 0.999809 0.0195657 0
    outer loop
      vertex -16.4 0 3.05
      vertex -16.3874 -0.643861 11.5
      vertex -16.3874 -0.643861 3.05
    endloop
  endfacet
  facet normal -0.995188 -0.0979846 0
    outer loop
      vertex 16.3494 1.28673 3.05
      vertex 16.2863 1.92761 11.5
      vertex 16.2863 1.92761 3.05
    endloop
  endfacet
  facet normal -0.995188 -0.0979846 0
    outer loop
      vertex 16.2863 1.92761 11.5
      vertex 16.3494 1.28673 3.05
      vertex 16.3494 1.28673 11.5
    endloop
  endfacet
  facet normal -0.998258 -0.059007 0
    outer loop
      vertex 16.3874 0.643861 3.05
      vertex 16.3494 1.28673 11.5
      vertex 16.3494 1.28673 3.05
    endloop
  endfacet
  facet normal -0.998258 -0.059007 0
    outer loop
      vertex 16.3494 1.28673 11.5
      vertex 16.3874 0.643861 3.05
      vertex 16.3874 0.643861 11.5
    endloop
  endfacet
  facet normal -0.931222 -0.364451 0
    outer loop
      vertex 15.3863 5.67632 3.05
      vertex 15.1516 6.27601 11.5
      vertex 15.1516 6.27601 3.05
    endloop
  endfacet
  facet normal -0.931222 -0.364451 0
    outer loop
      vertex 15.1516 6.27601 11.5
      vertex 15.3863 5.67632 3.05
      vertex 15.3863 5.67632 11.5
    endloop
  endfacet
  facet normal -0.881906 -0.471426 0
    outer loop
      vertex 14.6125 7.44544 3.05
      vertex 14.3089 8.01339 11.5
      vertex 14.3089 8.01339 3.05
    endloop
  endfacet
  facet normal -0.881906 -0.471426 0
    outer loop
      vertex 14.3089 8.01339 11.5
      vertex 14.6125 7.44544 3.05
      vertex 14.6125 7.44544 11.5
    endloop
  endfacet
  facet normal -0.327646 -0.944801 0
    outer loop
      vertex 5.06788 15.5973 3.05
      vertex 5.67632 15.3863 11.5
      vertex 5.06788 15.5973 11.5
    endloop
  endfacet
  facet normal -0.327646 -0.944801 -0
    outer loop
      vertex 5.67632 15.3863 11.5
      vertex 5.06788 15.5973 3.05
      vertex 5.67632 15.3863 3.05
    endloop
  endfacet
  facet normal -0.0979846 -0.995188 0
    outer loop
      vertex 1.28673 16.3494 3.05
      vertex 1.92761 16.2863 11.5
      vertex 1.28673 16.3494 11.5
    endloop
  endfacet
  facet normal -0.0979846 -0.995188 -0
    outer loop
      vertex 1.92761 16.2863 11.5
      vertex 1.28673 16.3494 3.05
      vertex 1.92761 16.2863 3.05
    endloop
  endfacet
  facet normal -0.059007 -0.998258 0
    outer loop
      vertex 0.643861 16.3874 3.05
      vertex 1.28673 16.3494 11.5
      vertex 0.643861 16.3874 11.5
    endloop
  endfacet
  facet normal -0.059007 -0.998258 -0
    outer loop
      vertex 1.28673 16.3494 11.5
      vertex 0.643861 16.3874 3.05
      vertex 1.28673 16.3494 3.05
    endloop
  endfacet
  facet normal -0.505615 -0.862759 0
    outer loop
      vertex 8.01339 14.3089 3.05
      vertex 8.56898 13.9833 11.5
      vertex 8.01339 14.3089 11.5
    endloop
  endfacet
  facet normal -0.505615 -0.862759 -0
    outer loop
      vertex 8.56898 13.9833 11.5
      vertex 8.01339 14.3089 3.05
      vertex 8.56898 13.9833 3.05
    endloop
  endfacet
  facet normal -0.634362 -0.773036 0
    outer loop
      vertex 10.1531 12.8792 3.05
      vertex 10.6509 12.4707 11.5
      vertex 10.1531 12.8792 11.5
    endloop
  endfacet
  facet normal -0.634362 -0.773036 -0
    outer loop
      vertex 10.6509 12.4707 11.5
      vertex 10.1531 12.8792 3.05
      vertex 10.6509 12.4707 3.05
    endloop
  endfacet
  facet normal -0.603607 -0.797282 0
    outer loop
      vertex 9.63968 13.2679 3.05
      vertex 10.1531 12.8792 11.5
      vertex 9.63968 13.2679 11.5
    endloop
  endfacet
  facet normal -0.603607 -0.797282 -0
    outer loop
      vertex 10.1531 12.8792 11.5
      vertex 9.63968 13.2679 3.05
      vertex 10.1531 12.8792 3.05
    endloop
  endfacet
  facet normal 0.82042 -0.571761 0
    outer loop
      vertex -13.6361 9.11135 11.5
      vertex -13.2679 9.63968 3.05
      vertex -13.2679 9.63968 11.5
    endloop
  endfacet
  facet normal 0.82042 -0.571761 0
    outer loop
      vertex -13.2679 9.63968 3.05
      vertex -13.6361 9.11135 11.5
      vertex -13.6361 9.11135 3.05
    endloop
  endfacet
  facet normal 0.747495 -0.664267 0
    outer loop
      vertex -12.4707 10.6509 11.5
      vertex -12.0429 11.1323 3.05
      vertex -12.0429 11.1323 11.5
    endloop
  endfacet
  facet normal 0.747495 -0.664267 0
    outer loop
      vertex -12.0429 11.1323 3.05
      vertex -12.4707 10.6509 11.5
      vertex -12.4707 10.6509 3.05
    endloop
  endfacet
  facet normal 0.862759 -0.505615 0
    outer loop
      vertex -14.3089 8.01339 11.5
      vertex -13.9833 8.56898 3.05
      vertex -13.9833 8.56898 11.5
    endloop
  endfacet
  facet normal 0.862759 -0.505615 0
    outer loop
      vertex -13.9833 8.56898 3.05
      vertex -14.3089 8.01339 11.5
      vertex -14.3089 8.01339 3.05
    endloop
  endfacet
  facet normal 0.944801 -0.327646 0
    outer loop
      vertex -15.5973 5.06788 11.5
      vertex -15.3863 5.67632 3.05
      vertex -15.3863 5.67632 11.5
    endloop
  endfacet
  facet normal 0.944801 -0.327646 0
    outer loop
      vertex -15.3863 5.67632 3.05
      vertex -15.5973 5.06788 11.5
      vertex -15.5973 5.06788 3.05
    endloop
  endfacet
  facet normal 0.995188 -0.0979846 0
    outer loop
      vertex -16.3494 1.28673 11.5
      vertex -16.2863 1.92761 3.05
      vertex -16.2863 1.92761 11.5
    endloop
  endfacet
  facet normal 0.995188 -0.0979846 0
    outer loop
      vertex -16.2863 1.92761 3.05
      vertex -16.3494 1.28673 11.5
      vertex -16.3494 1.28673 3.05
    endloop
  endfacet
  facet normal 0.998258 -0.059007 0
    outer loop
      vertex -16.3874 0.643861 11.5
      vertex -16.3494 1.28673 3.05
      vertex -16.3494 1.28673 11.5
    endloop
  endfacet
  facet normal 0.998258 -0.059007 0
    outer loop
      vertex -16.3494 1.28673 3.05
      vertex -16.3874 0.643861 11.5
      vertex -16.3874 0.643861 3.05
    endloop
  endfacet
  facet normal 0.505615 -0.862759 0
    outer loop
      vertex -8.56898 13.9833 3.05
      vertex -8.01339 14.3089 11.5
      vertex -8.56898 13.9833 11.5
    endloop
  endfacet
  facet normal 0.505615 -0.862759 0
    outer loop
      vertex -8.01339 14.3089 11.5
      vertex -8.56898 13.9833 3.05
      vertex -8.01339 14.3089 3.05
    endloop
  endfacet
  facet normal 0.471426 -0.881906 0
    outer loop
      vertex -8.01339 14.3089 3.05
      vertex -7.44544 14.6125 11.5
      vertex -8.01339 14.3089 11.5
    endloop
  endfacet
  facet normal 0.471426 -0.881906 0
    outer loop
      vertex -7.44544 14.6125 11.5
      vertex -8.01339 14.3089 3.05
      vertex -7.44544 14.6125 3.05
    endloop
  endfacet
  facet normal 0.603607 -0.797282 0
    outer loop
      vertex -10.1531 12.8792 3.05
      vertex -9.63968 13.2679 11.5
      vertex -10.1531 12.8792 11.5
    endloop
  endfacet
  facet normal 0.603607 -0.797282 0
    outer loop
      vertex -9.63968 13.2679 11.5
      vertex -10.1531 12.8792 3.05
      vertex -9.63968 13.2679 3.05
    endloop
  endfacet
  facet normal 0.059007 -0.998258 0
    outer loop
      vertex -1.28673 16.3494 3.05
      vertex -0.643861 16.3874 11.5
      vertex -1.28673 16.3494 11.5
    endloop
  endfacet
  facet normal 0.059007 -0.998258 0
    outer loop
      vertex -0.643861 16.3874 11.5
      vertex -1.28673 16.3494 3.05
      vertex -0.643861 16.3874 3.05
    endloop
  endfacet
  facet normal -0.175174 0.984537 0
    outer loop
      vertex 3.19948 -16.0849 3.05
      vertex 3.1 -16.1026 3.2
      vertex 3.19948 -16.0849 3.20195
    endloop
  endfacet
  facet normal -0.175783 0.984429 -0.000416381
    outer loop
      vertex 2.56553 -16.1981 3.05
      vertex 3.1 -16.1026 3.2
      vertex 3.19948 -16.0849 3.05
    endloop
  endfacet
  facet normal -0.175896 0.984409 0
    outer loop
      vertex 3.1 -16.1026 3.2
      vertex 2.56553 -16.1981 3.05
      vertex 2.56553 -16.1981 3.2
    endloop
  endfacet
  facet normal -0.175783 0.984429 2.49829e-05
    outer loop
      vertex 3.19948 -16.0849 11.5
      vertex 3.1 -16.1026 9
      vertex 2.56553 -16.1981 11.5
    endloop
  endfacet
  facet normal -0.175174 0.984537 0
    outer loop
      vertex 3.1 -16.1026 9
      vertex 3.19948 -16.0849 11.5
      vertex 3.19948 -16.0849 8.99805
    endloop
  endfacet
  facet normal -0.175896 0.984409 0
    outer loop
      vertex 2.56553 -16.1981 11.5
      vertex 3.1 -16.1026 9
      vertex 2.56553 -16.1981 9
    endloop
  endfacet
  facet normal -0.251298 0.96791 0
    outer loop
      vertex 4.45162 -15.7843 3.05
      vertex 4.41657 -15.7934 3.51608
      vertex 4.45162 -15.7843 3.53482
    endloop
  endfacet
  facet normal -0.252138 0.967691 -6.74303e-05
    outer loop
      vertex 4.45162 -15.7843 3.05
      vertex 4.31411 -15.8201 3.46638
      vertex 4.41657 -15.7934 3.51608
    endloop
  endfacet
  facet normal -0.252995 0.967467 -0.000369917
    outer loop
      vertex 4.45162 -15.7843 3.05
      vertex 4.20978 -15.8474 3.42075
      vertex 4.31411 -15.8201 3.46638
    endloop
  endfacet
  facet normal -0.252004 0.967726 0.000320398
    outer loop
      vertex 4.45162 -15.7843 3.05
      vertex 4.10374 -15.875 3.37924
      vertex 4.20978 -15.8474 3.42075
    endloop
  endfacet
  facet normal -0.25259 0.967573 -0.000340158
    outer loop
      vertex 4.45162 -15.7843 3.05
      vertex 3.99615 -15.9031 3.34194
      vertex 4.10374 -15.875 3.37924
    endloop
  endfacet
  facet normal -0.25249 0.967599 -0.000174282
    outer loop
      vertex 3.8285 -15.9469 3.05
      vertex 3.99615 -15.9031 3.34194
      vertex 4.45162 -15.7843 3.05
    endloop
  endfacet
  facet normal -0.253083 0.967445 0.000189252
    outer loop
      vertex 3.99615 -15.9031 3.34194
      vertex 3.8285 -15.9469 3.05
      vertex 3.88718 -15.9316 3.30888
    endloop
  endfacet
  facet normal -0.252301 0.967649 0
    outer loop
      vertex 3.88718 -15.9316 3.30888
      vertex 3.8285 -15.9469 3.05
      vertex 3.8285 -15.9469 3.29357
    endloop
  endfacet
  facet normal -0.25249 0.967599 0
    outer loop
      vertex 4.45162 -15.7843 11.5
      vertex 3.8285 -15.9469 8.90643
      vertex 3.8285 -15.9469 11.5
    endloop
  endfacet
  facet normal -0.252312 0.967646 -4.56628e-05
    outer loop
      vertex 4.45162 -15.7843 11.5
      vertex 3.88718 -15.9316 8.89112
      vertex 3.8285 -15.9469 8.90643
    endloop
  endfacet
  facet normal -0.252997 0.967467 0.000112599
    outer loop
      vertex 4.45162 -15.7843 11.5
      vertex 3.99615 -15.9031 8.85806
      vertex 3.88718 -15.9316 8.89112
    endloop
  endfacet
  facet normal -0.252682 0.967549 5.46503e-05
    outer loop
      vertex 4.45162 -15.7843 11.5
      vertex 4.10374 -15.875 8.82075
      vertex 3.99615 -15.9031 8.85806
    endloop
  endfacet
  facet normal -0.251906 0.967752 -5.29672e-05
    outer loop
      vertex 4.45162 -15.7843 11.5
      vertex 4.20978 -15.8474 8.77925
      vertex 4.10374 -15.875 8.82075
    endloop
  endfacet
  facet normal -0.253121 0.967435 6.23614e-05
    outer loop
      vertex 4.45162 -15.7843 11.5
      vertex 4.31411 -15.8201 8.73361
      vertex 4.20978 -15.8474 8.77925
    endloop
  endfacet
  facet normal -0.252163 0.967685 1.14978e-05
    outer loop
      vertex 4.45162 -15.7843 11.5
      vertex 4.41657 -15.7934 8.68392
      vertex 4.31411 -15.8201 8.73361
    endloop
  endfacet
  facet normal -0.251298 0.96791 0
    outer loop
      vertex 4.41657 -15.7934 8.68392
      vertex 4.45162 -15.7843 11.5
      vertex 4.45162 -15.7843 8.66518
    endloop
  endfacet
  facet normal -0.364451 0.931222 0
    outer loop
      vertex 6.27601 -15.1516 11.5
      vertex 5.67632 -15.3863 7.43079
      vertex 5.67632 -15.3863 11.5
    endloop
  endfacet
  facet normal -0.35823 0.933633 -0.00105587
    outer loop
      vertex 6.27601 -15.1516 11.5
      vertex 5.68392 -15.3834 7.41657
      vertex 5.67632 -15.3863 7.43079
    endloop
  endfacet
  facet normal -0.365136 0.930954 9.75313e-05
    outer loop
      vertex 6.27601 -15.1516 11.5
      vertex 5.73361 -15.3639 7.31411
      vertex 5.68392 -15.3834 7.41657
    endloop
  endfacet
  facet normal -0.363611 0.931551 -0.000130355
    outer loop
      vertex 6.27601 -15.1516 11.5
      vertex 5.77925 -15.3461 7.20978
      vertex 5.73361 -15.3639 7.31411
    endloop
  endfacet
  facet normal -0.365356 0.930868 0.000102632
    outer loop
      vertex 6.27601 -15.1516 11.5
      vertex 5.82075 -15.3298 7.10374
      vertex 5.77925 -15.3461 7.20978
    endloop
  endfacet
  facet normal -0.364429 0.931231 -8.07045e-06
    outer loop
      vertex 6.27601 -15.1516 11.5
      vertex 5.85806 -15.3152 6.99615
      vertex 5.82075 -15.3298 7.10374
    endloop
  endfacet
  facet normal -0.36374 0.9315 -8.17333e-05
    outer loop
      vertex 6.27601 -15.1516 11.5
      vertex 5.89112 -15.3023 6.88718
      vertex 5.85806 -15.3152 6.99615
    endloop
  endfacet
  facet normal -0.365509 0.930808 8.8449e-05
    outer loop
      vertex 6.27601 -15.1516 11.5
      vertex 5.91987 -15.291 6.77699
      vertex 5.89112 -15.3023 6.88718
    endloop
  endfacet
  facet normal -0.363148 0.931731 -0.000116835
    outer loop
      vertex 6.27601 -15.1516 11.5
      vertex 5.94428 -15.2815 6.66576
      vertex 5.91987 -15.291 6.77699
    endloop
  endfacet
  facet normal -0.366385 0.930463 0.000139387
    outer loop
      vertex 6.27601 -15.1516 11.5
      vertex 5.9643 -15.2736 6.55366
      vertex 5.94428 -15.2815 6.66576
    endloop
  endfacet
  facet normal -0.364266 0.931295 -1.46671e-05
    outer loop
      vertex 6.27601 -15.1516 11.5
      vertex 5.9799 -15.2675 6.44086
      vertex 5.9643 -15.2736 6.55366
    endloop
  endfacet
  facet normal -0.361386 0.932416 -0.000208933
    outer loop
      vertex 6.27601 -15.1516 11.5
      vertex 5.99106 -15.2632 6.32753
      vertex 5.9799 -15.2675 6.44086
    endloop
  endfacet
  facet normal -0.369393 0.929273 0.000299993
    outer loop
      vertex 6.27601 -15.1516 11.5
      vertex 5.99776 -15.2605 6.21385
      vertex 5.99106 -15.2632 6.32753
    endloop
  endfacet
  facet normal -0.364456 0.931221 0
    outer loop
      vertex 6.27601 -15.1516 3.05
      vertex 5.99776 -15.2605 6.21385
      vertex 6.27601 -15.1516 11.5
    endloop
  endfacet
  facet normal -0.372382 0.928079 -0.000805209
    outer loop
      vertex 5.99776 -15.2605 6.21385
      vertex 6.27601 -15.1516 3.05
      vertex 6 -15.2597 6.1
    endloop
  endfacet
  facet normal -0.359689 0.933072 0.000520393
    outer loop
      vertex 6 -15.2597 6.1
      vertex 6.27601 -15.1516 3.05
      vertex 5.99776 -15.2605 5.98615
    endloop
  endfacet
  facet normal -0.368043 0.929809 -0.000392286
    outer loop
      vertex 6.27601 -15.1516 3.05
      vertex 5.99106 -15.2632 5.87247
      vertex 5.99776 -15.2605 5.98615
    endloop
  endfacet
  facet normal -0.362144 0.932122 0.000294736
    outer loop
      vertex 6.27601 -15.1516 3.05
      vertex 5.9799 -15.2675 5.75914
      vertex 5.99106 -15.2632 5.87247
    endloop
  endfacet
  facet normal -0.364311 0.931277 2.1773e-05
    outer loop
      vertex 6.27601 -15.1516 3.05
      vertex 5.9643 -15.2736 5.64634
      vertex 5.9799 -15.2675 5.75914
    endloop
  endfacet
  facet normal -0.366019 0.930607 -0.000214865
    outer loop
      vertex 6.27601 -15.1516 3.05
      vertex 5.94428 -15.2815 5.53424
      vertex 5.9643 -15.2736 5.64634
    endloop
  endfacet
  facet normal -0.36342 0.931625 0.000185525
    outer loop
      vertex 6.27601 -15.1516 3.05
      vertex 5.91987 -15.291 5.42301
      vertex 5.94428 -15.2815 5.53424
    endloop
  endfacet
  facet normal -0.365324 0.93088 -0.000144066
    outer loop
      vertex 6.27601 -15.1516 3.05
      vertex 5.89112 -15.3023 5.31282
      vertex 5.91987 -15.291 5.42301
    endloop
  endfacet
  facet normal -0.363896 0.93144 0.000136113
    outer loop
      vertex 6.27601 -15.1516 3.05
      vertex 5.85806 -15.3152 5.20385
      vertex 5.89112 -15.3023 5.31282
    endloop
  endfacet
  facet normal -0.364443 0.931226 1.37164e-05
    outer loop
      vertex 6.27601 -15.1516 3.05
      vertex 5.82075 -15.3298 5.09626
      vertex 5.85806 -15.3152 5.20385
    endloop
  endfacet
  facet normal -0.365189 0.930933 -0.000177792
    outer loop
      vertex 6.27601 -15.1516 3.05
      vertex 5.77925 -15.3461 4.99022
      vertex 5.82075 -15.3298 5.09626
    endloop
  endfacet
  facet normal -0.363809 0.931474 0.000229931
    outer loop
      vertex 6.27601 -15.1516 3.05
      vertex 5.73361 -15.3639 4.88589
      vertex 5.77925 -15.3461 4.99022
    endloop
  endfacet
  facet normal -0.364997 0.931009 -0.000175123
    outer loop
      vertex 6.27601 -15.1516 3.05
      vertex 5.68392 -15.3834 4.78343
      vertex 5.73361 -15.3639 4.88589
    endloop
  endfacet
  facet normal -0.359653 0.933084 0.00192804
    outer loop
      vertex 6.27601 -15.1516 3.05
      vertex 5.67632 -15.3863 4.76921
      vertex 5.68392 -15.3834 4.78343
    endloop
  endfacet
  facet normal -0.364451 0.931222 0
    outer loop
      vertex 5.67632 -15.3863 4.76921
      vertex 6.27601 -15.1516 3.05
      vertex 5.67632 -15.3863 3.05
    endloop
  endfacet
  facet normal -0.291044 0.95671 0
    outer loop
      vertex 5.06788 -15.5973 3.05
      vertex 4.9834 -15.623 3.89482
      vertex 5.06788 -15.5973 3.96989
    endloop
  endfacet
  facet normal -0.290309 0.956933 8.03268e-05
    outer loop
      vertex 5.06788 -15.5973 3.05
      vertex 4.89537 -15.6497 3.82258
      vertex 4.9834 -15.623 3.89482
    endloop
  endfacet
  facet normal -0.289999 0.957027 0.000156055
    outer loop
      vertex 5.06788 -15.5973 3.05
      vertex 4.80458 -15.6772 3.75385
      vertex 4.89537 -15.6497 3.82258
    endloop
  endfacet
  facet normal -0.289994 0.957028 0.000157769
    outer loop
      vertex 5.06788 -15.5973 3.05
      vertex 4.71115 -15.7055 3.68874
      vertex 4.80458 -15.6772 3.75385
    endloop
  endfacet
  facet normal -0.290337 0.956924 -5.13569e-05
    outer loop
      vertex 5.06788 -15.5973 3.05
      vertex 4.61525 -15.7346 3.62734
      vertex 4.71115 -15.7055 3.68874
    endloop
  endfacet
  facet normal -0.290259 0.956948 1.56166e-05
    outer loop
      vertex 5.06788 -15.5973 3.05
      vertex 4.517 -15.7644 3.56976
      vertex 4.61525 -15.7346 3.62734
    endloop
  endfacet
  facet normal -0.290369 0.956915 -0.000112073
    outer loop
      vertex 4.45162 -15.7843 3.05
      vertex 4.517 -15.7644 3.56976
      vertex 5.06788 -15.5973 3.05
    endloop
  endfacet
  facet normal -0.291185 0.956667 0
    outer loop
      vertex 4.517 -15.7644 3.56976
      vertex 4.45162 -15.7843 3.05
      vertex 4.45162 -15.7843 3.53482
    endloop
  endfacet
  facet normal -0.290369 0.956915 0
    outer loop
      vertex 5.06788 -15.5973 11.5
      vertex 4.45162 -15.7843 8.66518
      vertex 4.45162 -15.7843 11.5
    endloop
  endfacet
  facet normal -0.2911 0.956693 0.000173485
    outer loop
      vertex 5.06788 -15.5973 11.5
      vertex 4.517 -15.7644 8.63024
      vertex 4.45162 -15.7843 8.66518
    endloop
  endfacet
  facet normal -0.290253 0.95695 -4.12161e-06
    outer loop
      vertex 5.06788 -15.5973 11.5
      vertex 4.61525 -15.7346 8.57266
      vertex 4.517 -15.7644 8.63024
    endloop
  endfacet
  facet normal -0.290359 0.956918 1.38425e-05
    outer loop
      vertex 5.06788 -15.5973 11.5
      vertex 4.71115 -15.7055 8.51126
      vertex 4.61525 -15.7346 8.57266
    endloop
  endfacet
  facet normal -0.289921 0.95705 -4.32448e-05
    outer loop
      vertex 5.06788 -15.5973 11.5
      vertex 4.80458 -15.6772 8.44615
      vertex 4.71115 -15.7055 8.51126
    endloop
  endfacet
  facet normal -0.28992 0.957051 -4.33265e-05
    outer loop
      vertex 5.06788 -15.5973 11.5
      vertex 4.89537 -15.6497 8.37742
      vertex 4.80458 -15.6772 8.44615
    endloop
  endfacet
  facet normal -0.290266 0.956946 -2.24964e-05
    outer loop
      vertex 5.06788 -15.5973 11.5
      vertex 4.9834 -15.623 8.30518
      vertex 4.89537 -15.6497 8.37742
    endloop
  endfacet
  facet normal -0.291044 0.95671 0
    outer loop
      vertex 4.9834 -15.623 8.30518
      vertex 5.06788 -15.5973 11.5
      vertex 5.06788 -15.5973 8.23011
    endloop
  endfacet
  facet normal -0.328012 0.944674 0
    outer loop
      vertex 5.67632 -15.3863 3.05
      vertex 5.63024 -15.4023 4.683
      vertex 5.67632 -15.3863 4.76921
    endloop
  endfacet
  facet normal -0.328109 0.94464 -3.06715e-06
    outer loop
      vertex 5.67632 -15.3863 3.05
      vertex 5.57266 -15.4223 4.58475
      vertex 5.63024 -15.4023 4.683
    endloop
  endfacet
  facet normal -0.327776 0.944756 2.21464e-05
    outer loop
      vertex 5.67632 -15.3863 3.05
      vertex 5.51126 -15.4436 4.48885
      vertex 5.57266 -15.4223 4.58475
    endloop
  endfacet
  facet normal -0.327918 0.944706 3.87043e-06
    outer loop
      vertex 5.67632 -15.3863 3.05
      vertex 5.44615 -15.4662 4.39542
      vertex 5.51126 -15.4436 4.48885
    endloop
  endfacet
  facet normal -0.327352 0.944903 0.000112362
    outer loop
      vertex 5.67632 -15.3863 3.05
      vertex 5.37742 -15.49 4.30463
      vertex 5.44615 -15.4662 4.39542
    endloop
  endfacet
  facet normal -0.327204 0.944954 0.000151811
    outer loop
      vertex 5.67632 -15.3863 3.05
      vertex 5.30518 -15.515 4.2166
      vertex 5.37742 -15.49 4.30463
    endloop
  endfacet
  facet normal -0.328207 0.944606 -0.000205848
    outer loop
      vertex 5.67632 -15.3863 3.05
      vertex 5.22954 -15.5413 4.13148
      vertex 5.30518 -15.515 4.2166
    endloop
  endfacet
  facet normal -0.327143 0.944975 0.000286937
    outer loop
      vertex 5.67632 -15.3863 3.05
      vertex 5.15061 -15.5686 4.04939
      vertex 5.22954 -15.5413 4.13148
    endloop
  endfacet
  facet normal -0.32786 0.944726 -0.000135575
    outer loop
      vertex 5.67632 -15.3863 3.05
      vertex 5.06852 -15.5971 3.97046
      vertex 5.15061 -15.5686 4.04939
    endloop
  endfacet
  facet normal -0.309239 0.950888 0.013571
    outer loop
      vertex 5.67632 -15.3863 3.05
      vertex 5.06788 -15.5973 3.96989
      vertex 5.06852 -15.5971 3.97046
    endloop
  endfacet
  facet normal -0.327646 0.944801 0
    outer loop
      vertex 5.06788 -15.5973 3.96989
      vertex 5.67632 -15.3863 3.05
      vertex 5.06788 -15.5973 3.05
    endloop
  endfacet
  facet normal -0.327646 0.944801 0
    outer loop
      vertex 5.67632 -15.3863 11.5
      vertex 5.06788 -15.5973 8.23011
      vertex 5.06788 -15.5973 11.5
    endloop
  endfacet
  facet normal -0.302501 0.953135 -0.00521666
    outer loop
      vertex 5.67632 -15.3863 11.5
      vertex 5.06852 -15.5971 8.22954
      vertex 5.06788 -15.5973 8.23011
    endloop
  endfacet
  facet normal -0.327931 0.944702 5.29243e-05
    outer loop
      vertex 5.67632 -15.3863 11.5
      vertex 5.15061 -15.5686 8.15061
      vertex 5.06852 -15.5971 8.22954
    endloop
  endfacet
  facet normal -0.326982 0.945031 -0.000113875
    outer loop
      vertex 5.67632 -15.3863 11.5
      vertex 5.22954 -15.5413 8.06852
      vertex 5.15061 -15.5686 8.15061
    endloop
  endfacet
  facet normal -0.328331 0.944563 8.28877e-05
    outer loop
      vertex 5.67632 -15.3863 11.5
      vertex 5.30518 -15.515 7.9834
      vertex 5.22954 -15.5413 8.06852
    endloop
  endfacet
  facet normal -0.327106 0.944988 -6.19246e-05
    outer loop
      vertex 5.67632 -15.3863 11.5
      vertex 5.37742 -15.49 7.89537
      vertex 5.30518 -15.515 7.9834
    endloop
  endfacet
  facet normal -0.327274 0.94493 -4.63418e-05
    outer loop
      vertex 5.67632 -15.3863 11.5
      vertex 5.44615 -15.4662 7.80458
      vertex 5.37742 -15.49 7.89537
    endloop
  endfacet
  facet normal -0.327915 0.944707 -1.61107e-06
    outer loop
      vertex 5.67632 -15.3863 11.5
      vertex 5.51126 -15.4436 7.71115
      vertex 5.44615 -15.4662 7.80458
    endloop
  endfacet
  facet normal -0.327758 0.944762 -9.28546e-06
    outer loop
      vertex 5.67632 -15.3863 11.5
      vertex 5.57266 -15.4223 7.61525
      vertex 5.51126 -15.4436 7.71115
    endloop
  endfacet
  facet normal -0.328111 0.944639 1.29254e-06
    outer loop
      vertex 5.67632 -15.3863 11.5
      vertex 5.63024 -15.4023 7.517
      vertex 5.57266 -15.4223 7.61525
    endloop
  endfacet
  facet normal -0.328012 0.944674 0
    outer loop
      vertex 5.63024 -15.4023 7.517
      vertex 5.67632 -15.3863 11.5
      vertex 5.67632 -15.3863 7.43079
    endloop
  endfacet
  facet normal -0.692994 0.720943 0
    outer loop
      vertex 11.5966 -11.5966 3.05
      vertex 11.1323 -12.0429 11.5
      vertex 11.5966 -11.5966 11.5
    endloop
  endfacet
  facet normal -0.692994 0.720943 0
    outer loop
      vertex 11.1323 -12.0429 11.5
      vertex 11.5966 -11.5966 3.05
      vertex 11.1323 -12.0429 3.05
    endloop
  endfacet
  facet normal -0.603607 0.797282 0
    outer loop
      vertex 10.1531 -12.8792 3.05
      vertex 9.63968 -13.2679 11.5
      vertex 10.1531 -12.8792 11.5
    endloop
  endfacet
  facet normal -0.603607 0.797282 0
    outer loop
      vertex 9.63968 -13.2679 11.5
      vertex 10.1531 -12.8792 3.05
      vertex 9.63968 -13.2679 3.05
    endloop
  endfacet
  facet normal -0.43636 0.899772 0
    outer loop
      vertex 7.44544 -14.6125 3.05
      vertex 6.86602 -14.8935 11.5
      vertex 7.44544 -14.6125 11.5
    endloop
  endfacet
  facet normal -0.43636 0.899772 0
    outer loop
      vertex 6.86602 -14.8935 11.5
      vertex 7.44544 -14.6125 3.05
      vertex 6.86602 -14.8935 3.05
    endloop
  endfacet
  facet normal -0.471426 0.881906 0
    outer loop
      vertex 8.01339 -14.3089 3.05
      vertex 7.44544 -14.6125 11.5
      vertex 8.01339 -14.3089 11.5
    endloop
  endfacet
  facet normal -0.471426 0.881906 0
    outer loop
      vertex 7.44544 -14.6125 11.5
      vertex 8.01339 -14.3089 3.05
      vertex 7.44544 -14.6125 3.05
    endloop
  endfacet
  facet normal -0.539145 0.842213 0
    outer loop
      vertex 9.11135 -13.6361 3.05
      vertex 8.56898 -13.9833 11.5
      vertex 9.11135 -13.6361 11.5
    endloop
  endfacet
  facet normal -0.539145 0.842213 0
    outer loop
      vertex 8.56898 -13.9833 11.5
      vertex 9.11135 -13.6361 3.05
      vertex 8.56898 -13.9833 3.05
    endloop
  endfacet
  facet normal -0.82042 0.571761 0
    outer loop
      vertex 13.2679 -9.63968 3.05
      vertex 13.6361 -9.11135 11.5
      vertex 13.6361 -9.11135 3.05
    endloop
  endfacet
  facet normal -0.82042 0.571761 0
    outer loop
      vertex 13.6361 -9.11135 11.5
      vertex 13.2679 -9.63968 3.05
      vertex 13.2679 -9.63968 11.5
    endloop
  endfacet
  facet normal -0.916174 0.400781 0
    outer loop
      vertex 14.8935 -6.86602 3.05
      vertex 15.1516 -6.27601 11.5
      vertex 15.1516 -6.27601 3.05
    endloop
  endfacet
  facet normal -0.916174 0.400781 0
    outer loop
      vertex 15.1516 -6.27601 11.5
      vertex 14.8935 -6.86602 3.05
      vertex 14.8935 -6.86602 11.5
    endloop
  endfacet
  facet normal -0.97677 0.214292 0
    outer loop
      vertex 15.9469 -3.8285 3.05
      vertex 16.0849 -3.19948 11.5
      vertex 16.0849 -3.19948 3.05
    endloop
  endfacet
  facet normal -0.97677 0.214292 0
    outer loop
      vertex 16.0849 -3.19948 11.5
      vertex 15.9469 -3.8285 3.05
      vertex 15.9469 -3.8285 11.5
    endloop
  endfacet
  facet normal 0.664267 0.747495 -0
    outer loop
      vertex -10.6509 -12.4707 3.05
      vertex -11.1323 -12.0429 11.5
      vertex -10.6509 -12.4707 11.5
    endloop
  endfacet
  facet normal 0.664267 0.747495 0
    outer loop
      vertex -11.1323 -12.0429 11.5
      vertex -10.6509 -12.4707 3.05
      vertex -11.1323 -12.0429 3.05
    endloop
  endfacet
  facet normal 0.634362 0.773036 -0
    outer loop
      vertex -10.1531 -12.8792 3.05
      vertex -10.6509 -12.4707 11.5
      vertex -10.1531 -12.8792 11.5
    endloop
  endfacet
  facet normal 0.634362 0.773036 0
    outer loop
      vertex -10.6509 -12.4707 11.5
      vertex -10.1531 -12.8792 3.05
      vertex -10.6509 -12.4707 3.05
    endloop
  endfacet
  facet normal 0.571761 0.82042 -0
    outer loop
      vertex -9.11135 -13.6361 3.05
      vertex -9.63968 -13.2679 11.5
      vertex -9.11135 -13.6361 11.5
    endloop
  endfacet
  facet normal 0.571761 0.82042 0
    outer loop
      vertex -9.63968 -13.2679 11.5
      vertex -9.11135 -13.6361 3.05
      vertex -9.63968 -13.2679 3.05
    endloop
  endfacet
  facet normal 0.400781 0.916174 -0
    outer loop
      vertex -6.27601 -15.1516 3.05
      vertex -6.86602 -14.8935 11.5
      vertex -6.27601 -15.1516 11.5
    endloop
  endfacet
  facet normal 0.400781 0.916174 0
    outer loop
      vertex -6.86602 -14.8935 11.5
      vertex -6.27601 -15.1516 3.05
      vertex -6.86602 -14.8935 3.05
    endloop
  endfacet
  facet normal 0.505615 0.862759 -0
    outer loop
      vertex -8.01339 -14.3089 3.05
      vertex -8.56898 -13.9833 11.5
      vertex -8.01339 -14.3089 11.5
    endloop
  endfacet
  facet normal 0.505615 0.862759 0
    outer loop
      vertex -8.56898 -13.9833 11.5
      vertex -8.01339 -14.3089 3.05
      vertex -8.56898 -13.9833 3.05
    endloop
  endfacet
  facet normal 0.217362 0.976091 -0
    outer loop
      vertex -3.19948 -16.0849 3.05
      vertex -3.21385 -16.0817 3.20224
      vertex -3.19948 -16.0849 3.20195
    endloop
  endfacet
  facet normal 0.213944 0.976846 -0.000338455
    outer loop
      vertex -3.19948 -16.0849 3.05
      vertex -3.32753 -16.0568 3.20894
      vertex -3.21385 -16.0817 3.20224
    endloop
  endfacet
  facet normal 0.214615 0.976699 0.000228043
    outer loop
      vertex -3.19948 -16.0849 3.05
      vertex -3.44086 -16.0319 3.2201
      vertex -3.32753 -16.0568 3.20894
    endloop
  endfacet
  facet normal 0.214292 0.97677 -0.000252143
    outer loop
      vertex -3.8285 -15.9469 3.05
      vertex -3.44086 -16.0319 3.2201
      vertex -3.19948 -16.0849 3.05
    endloop
  endfacet
  facet normal 0.213971 0.97684 0.000514541
    outer loop
      vertex -3.44086 -16.0319 3.2201
      vertex -3.8285 -15.9469 3.05
      vertex -3.55366 -16.0072 3.2357
    endloop
  endfacet
  facet normal 0.214337 0.97676 -5.32186e-05
    outer loop
      vertex -3.55366 -16.0072 3.2357
      vertex -3.8285 -15.9469 3.05
      vertex -3.66576 -15.9826 3.25572
    endloop
  endfacet
  facet normal 0.214271 0.976774 2.00049e-06
    outer loop
      vertex -3.66576 -15.9826 3.25572
      vertex -3.8285 -15.9469 3.05
      vertex -3.77699 -15.9582 3.28013
    endloop
  endfacet
  facet normal 0.214279 0.976772 0
    outer loop
      vertex -3.77699 -15.9582 3.28013
      vertex -3.8285 -15.9469 3.05
      vertex -3.8285 -15.9469 3.29357
    endloop
  endfacet
  facet normal 0.217362 0.976091 0
    outer loop
      vertex -3.21385 -16.0817 8.99776
      vertex -3.19948 -16.0849 11.5
      vertex -3.19948 -16.0849 8.99805
    endloop
  endfacet
  facet normal 0.213962 0.976842 2.04844e-05
    outer loop
      vertex -3.32753 -16.0568 8.99106
      vertex -3.19948 -16.0849 11.5
      vertex -3.21385 -16.0817 8.99776
    endloop
  endfacet
  facet normal 0.214292 0.97677 2.82353e-06
    outer loop
      vertex -3.19948 -16.0849 11.5
      vertex -3.32753 -16.0568 8.99106
      vertex -3.8285 -15.9469 11.5
    endloop
  endfacet
  facet normal 0.214588 0.976705 6.46333e-05
    outer loop
      vertex -3.44086 -16.0319 8.9799
      vertex -3.8285 -15.9469 11.5
      vertex -3.32753 -16.0568 8.99106
    endloop
  endfacet
  facet normal 0.213909 0.976854 -4.47251e-05
    outer loop
      vertex -3.55366 -16.0072 8.9643
      vertex -3.8285 -15.9469 11.5
      vertex -3.44086 -16.0319 8.9799
    endloop
  endfacet
  facet normal 0.214346 0.976758 4.834e-06
    outer loop
      vertex -3.66576 -15.9826 8.94428
      vertex -3.8285 -15.9469 11.5
      vertex -3.55366 -16.0072 8.9643
    endloop
  endfacet
  facet normal 0.21427 0.976774 -1.86378e-07
    outer loop
      vertex -3.77699 -15.9582 8.91987
      vertex -3.8285 -15.9469 11.5
      vertex -3.66576 -15.9826 8.94428
    endloop
  endfacet
  facet normal 0.214279 0.976772 0
    outer loop
      vertex -3.8285 -15.9469 11.5
      vertex -3.77699 -15.9582 8.91987
      vertex -3.8285 -15.9469 8.90643
    endloop
  endfacet
  facet normal 0.136959 0.990577 -0
    outer loop
      vertex -1.92761 -16.2863 3.05
      vertex -2.56553 -16.1981 3.2
      vertex -1.92761 -16.2863 3.2
    endloop
  endfacet
  facet normal 0.136959 0.990577 0
    outer loop
      vertex -2.56553 -16.1981 3.2
      vertex -1.92761 -16.2863 3.05
      vertex -2.56553 -16.1981 3.05
    endloop
  endfacet
  facet normal 0.136959 0.990577 -0
    outer loop
      vertex -1.92761 -16.2863 9
      vertex -2.56553 -16.1981 11.5
      vertex -1.92761 -16.2863 11.5
    endloop
  endfacet
  facet normal 0.136959 0.990577 0
    outer loop
      vertex -2.56553 -16.1981 11.5
      vertex -1.92761 -16.2863 9
      vertex -2.56553 -16.1981 9
    endloop
  endfacet
  facet normal 0.0195657 0.999809 -0
    outer loop
      vertex 0 -16.4 3.05
      vertex -0.643861 -16.3874 3.2
      vertex 0 -16.4 3.2
    endloop
  endfacet
  facet normal 0.0195657 0.999809 0
    outer loop
      vertex -0.643861 -16.3874 3.2
      vertex 0 -16.4 3.05
      vertex -0.643861 -16.3874 3.05
    endloop
  endfacet
  facet normal 0.0195657 0.999809 -0
    outer loop
      vertex 0 -16.4 9
      vertex -0.643861 -16.3874 11.5
      vertex 0 -16.4 11.5
    endloop
  endfacet
  facet normal 0.0195657 0.999809 0
    outer loop
      vertex -0.643861 -16.3874 11.5
      vertex 0 -16.4 9
      vertex -0.643861 -16.3874 9
    endloop
  endfacet
  facet normal 0.0979846 0.995188 -0
    outer loop
      vertex -1.28673 -16.3494 3.05
      vertex -1.92761 -16.2863 3.2
      vertex -1.28673 -16.3494 3.2
    endloop
  endfacet
  facet normal 0.0979846 0.995188 0
    outer loop
      vertex -1.92761 -16.2863 3.2
      vertex -1.28673 -16.3494 3.05
      vertex -1.92761 -16.2863 3.05
    endloop
  endfacet
  facet normal 0.0979846 0.995188 -0
    outer loop
      vertex -1.28673 -16.3494 9
      vertex -1.92761 -16.2863 11.5
      vertex -1.28673 -16.3494 11.5
    endloop
  endfacet
  facet normal 0.0979846 0.995188 0
    outer loop
      vertex -1.92761 -16.2863 11.5
      vertex -1.28673 -16.3494 9
      vertex -1.92761 -16.2863 9
    endloop
  endfacet
  facet normal 0.059007 0.998258 -0
    outer loop
      vertex -0.643861 -16.3874 3.05
      vertex -1.28673 -16.3494 3.2
      vertex -0.643861 -16.3874 3.2
    endloop
  endfacet
  facet normal 0.059007 0.998258 0
    outer loop
      vertex -1.28673 -16.3494 3.2
      vertex -0.643861 -16.3874 3.05
      vertex -1.28673 -16.3494 3.05
    endloop
  endfacet
  facet normal 0.059007 0.998258 -0
    outer loop
      vertex -0.643861 -16.3874 9
      vertex -1.28673 -16.3494 11.5
      vertex -0.643861 -16.3874 11.5
    endloop
  endfacet
  facet normal 0.059007 0.998258 0
    outer loop
      vertex -1.28673 -16.3494 11.5
      vertex -0.643861 -16.3874 9
      vertex -1.28673 -16.3494 9
    endloop
  endfacet
  facet normal 0.899772 0.43636 0
    outer loop
      vertex -14.6125 -7.44544 11.5
      vertex -14.8935 -6.86602 3.05
      vertex -14.8935 -6.86602 11.5
    endloop
  endfacet
  facet normal 0.899772 0.43636 0
    outer loop
      vertex -14.8935 -6.86602 3.05
      vertex -14.6125 -7.44544 11.5
      vertex -14.6125 -7.44544 3.05
    endloop
  endfacet
  facet normal 0.881906 0.471426 0
    outer loop
      vertex -14.3089 -8.01339 11.5
      vertex -14.6125 -7.44544 3.05
      vertex -14.6125 -7.44544 11.5
    endloop
  endfacet
  facet normal 0.881906 0.471426 0
    outer loop
      vertex -14.6125 -7.44544 3.05
      vertex -14.3089 -8.01339 11.5
      vertex -14.3089 -8.01339 3.05
    endloop
  endfacet
  facet normal 0.842213 0.539145 0
    outer loop
      vertex -13.6361 -9.11135 11.5
      vertex -13.9833 -8.56898 3.05
      vertex -13.9833 -8.56898 11.5
    endloop
  endfacet
  facet normal 0.842213 0.539145 0
    outer loop
      vertex -13.9833 -8.56898 3.05
      vertex -13.6361 -9.11135 11.5
      vertex -13.6361 -9.11135 3.05
    endloop
  endfacet
  facet normal 0.967599 0.25249 0
    outer loop
      vertex -15.7843 -4.45162 11.5
      vertex -15.9469 -3.8285 3.05
      vertex -15.9469 -3.8285 11.5
    endloop
  endfacet
  facet normal 0.967599 0.25249 0
    outer loop
      vertex -15.9469 -3.8285 3.05
      vertex -15.7843 -4.45162 11.5
      vertex -15.7843 -4.45162 3.05
    endloop
  endfacet
  facet normal 0.984429 0.175783 0
    outer loop
      vertex -16.0849 -3.19948 11.5
      vertex -16.1981 -2.56553 3.05
      vertex -16.1981 -2.56553 11.5
    endloop
  endfacet
  facet normal 0.984429 0.175783 0
    outer loop
      vertex -16.1981 -2.56553 3.05
      vertex -16.0849 -3.19948 11.5
      vertex -16.0849 -3.19948 3.05
    endloop
  endfacet
  facet normal 0.998258 0.059007 0
    outer loop
      vertex -16.3494 -1.28673 11.5
      vertex -16.3874 -0.643861 3.05
      vertex -16.3874 -0.643861 11.5
    endloop
  endfacet
  facet normal 0.998258 0.059007 0
    outer loop
      vertex -16.3874 -0.643861 3.05
      vertex -16.3494 -1.28673 11.5
      vertex -16.3494 -1.28673 3.05
    endloop
  endfacet
  facet normal 0.773036 -0.634362 0
    outer loop
      vertex -12.8792 10.1531 11.5
      vertex -12.4707 10.6509 3.05
      vertex -12.4707 10.6509 11.5
    endloop
  endfacet
  facet normal 0.773036 -0.634362 0
    outer loop
      vertex -12.4707 10.6509 3.05
      vertex -12.8792 10.1531 11.5
      vertex -12.8792 10.1531 3.05
    endloop
  endfacet
  facet normal 0.290369 -0.956915 0
    outer loop
      vertex -5.06788 15.5973 3.05
      vertex -4.45162 15.7843 11.5
      vertex -5.06788 15.5973 11.5
    endloop
  endfacet
  facet normal 0.290369 -0.956915 0
    outer loop
      vertex -4.45162 15.7843 11.5
      vertex -5.06788 15.5973 3.05
      vertex -4.45162 15.7843 3.05
    endloop
  endfacet
  facet normal -0.0979846 0.995188 0
    outer loop
      vertex 1.92761 -16.2863 3.05
      vertex 1.28673 -16.3494 3.2
      vertex 1.92761 -16.2863 3.2
    endloop
  endfacet
  facet normal -0.0979846 0.995188 0
    outer loop
      vertex 1.28673 -16.3494 3.2
      vertex 1.92761 -16.2863 3.05
      vertex 1.28673 -16.3494 3.05
    endloop
  endfacet
  facet normal -0.0979846 0.995188 0
    outer loop
      vertex 1.92761 -16.2863 9
      vertex 1.28673 -16.3494 11.5
      vertex 1.92761 -16.2863 11.5
    endloop
  endfacet
  facet normal -0.0979846 0.995188 0
    outer loop
      vertex 1.28673 -16.3494 11.5
      vertex 1.92761 -16.2863 9
      vertex 1.28673 -16.3494 9
    endloop
  endfacet
  facet normal -0.505615 0.862759 0
    outer loop
      vertex 8.56898 -13.9833 3.05
      vertex 8.01339 -14.3089 11.5
      vertex 8.56898 -13.9833 11.5
    endloop
  endfacet
  facet normal -0.505615 0.862759 0
    outer loop
      vertex 8.01339 -14.3089 11.5
      vertex 8.56898 -13.9833 3.05
      vertex 8.01339 -14.3089 3.05
    endloop
  endfacet
  facet normal -0.773036 0.634362 0
    outer loop
      vertex 12.4707 -10.6509 3.05
      vertex 12.8792 -10.1531 11.5
      vertex 12.8792 -10.1531 3.05
    endloop
  endfacet
  facet normal -0.773036 0.634362 0
    outer loop
      vertex 12.8792 -10.1531 11.5
      vertex 12.4707 -10.6509 3.05
      vertex 12.4707 -10.6509 11.5
    endloop
  endfacet
  facet normal -0.747495 0.664267 0
    outer loop
      vertex 12.0429 -11.1323 3.05
      vertex 12.4707 -10.6509 11.5
      vertex 12.4707 -10.6509 3.05
    endloop
  endfacet
  facet normal -0.747495 0.664267 0
    outer loop
      vertex 12.4707 -10.6509 11.5
      vertex 12.0429 -11.1323 3.05
      vertex 12.0429 -11.1323 11.5
    endloop
  endfacet
  facet normal -0.881906 0.471426 0
    outer loop
      vertex 14.3089 -8.01339 3.05
      vertex 14.6125 -7.44544 11.5
      vertex 14.6125 -7.44544 3.05
    endloop
  endfacet
  facet normal -0.881906 0.471426 0
    outer loop
      vertex 14.6125 -7.44544 11.5
      vertex 14.3089 -8.01339 3.05
      vertex 14.3089 -8.01339 11.5
    endloop
  endfacet
  facet normal -0.956915 0.290369 0
    outer loop
      vertex 15.5973 -5.06788 3.05
      vertex 15.7843 -4.45162 11.5
      vertex 15.7843 -4.45162 3.05
    endloop
  endfacet
  facet normal -0.956915 0.290369 0
    outer loop
      vertex 15.7843 -4.45162 11.5
      vertex 15.5973 -5.06788 3.05
      vertex 15.5973 -5.06788 11.5
    endloop
  endfacet
  facet normal -0.995188 0.0979846 0
    outer loop
      vertex 16.2863 -1.92761 3.05
      vertex 16.3494 -1.28673 11.5
      vertex 16.3494 -1.28673 3.05
    endloop
  endfacet
  facet normal -0.995188 0.0979846 0
    outer loop
      vertex 16.3494 -1.28673 11.5
      vertex 16.2863 -1.92761 3.05
      vertex 16.2863 -1.92761 11.5
    endloop
  endfacet
  facet normal -0.998258 0.059007 0
    outer loop
      vertex 16.3494 -1.28673 3.05
      vertex 16.3874 -0.643861 11.5
      vertex 16.3874 -0.643861 3.05
    endloop
  endfacet
  facet normal -0.998258 0.059007 0
    outer loop
      vertex 16.3874 -0.643861 11.5
      vertex 16.3494 -1.28673 3.05
      vertex 16.3494 -1.28673 11.5
    endloop
  endfacet
  facet normal -0.999809 0.0195657 0
    outer loop
      vertex 16.3874 -0.643861 3.05
      vertex 16.4 0 11.5
      vertex 16.4 0 3.05
    endloop
  endfacet
  facet normal -0.999809 0.0195657 0
    outer loop
      vertex 16.4 0 11.5
      vertex 16.3874 -0.643861 3.05
      vertex 16.3874 -0.643861 11.5
    endloop
  endfacet
  facet normal 0.603607 0.797282 -0
    outer loop
      vertex -9.63968 -13.2679 3.05
      vertex -10.1531 -12.8792 11.5
      vertex -9.63968 -13.2679 11.5
    endloop
  endfacet
  facet normal 0.603607 0.797282 0
    outer loop
      vertex -10.1531 -12.8792 11.5
      vertex -9.63968 -13.2679 3.05
      vertex -10.1531 -12.8792 3.05
    endloop
  endfacet
  facet normal 0.291185 0.956667 -0
    outer loop
      vertex -4.45162 -15.7843 3.05
      vertex -4.517 -15.7644 3.56976
      vertex -4.45162 -15.7843 3.53482
    endloop
  endfacet
  facet normal 0.290176 0.956973 -0.000138604
    outer loop
      vertex -4.45162 -15.7843 3.05
      vertex -4.61525 -15.7346 3.62734
      vertex -4.517 -15.7644 3.56976
    endloop
  endfacet
  facet normal 0.290369 0.956915 -7.88357e-05
    outer loop
      vertex -5.06788 -15.5973 3.05
      vertex -4.61525 -15.7346 3.62734
      vertex -4.45162 -15.7843 3.05
    endloop
  endfacet
  facet normal 0.290337 0.956924 -5.13569e-05
    outer loop
      vertex -4.61525 -15.7346 3.62734
      vertex -5.06788 -15.5973 3.05
      vertex -4.71115 -15.7055 3.68874
    endloop
  endfacet
  facet normal 0.289994 0.957028 0.000157769
    outer loop
      vertex -4.71115 -15.7055 3.68874
      vertex -5.06788 -15.5973 3.05
      vertex -4.80458 -15.6772 3.75385
    endloop
  endfacet
  facet normal 0.289999 0.957027 0.000156055
    outer loop
      vertex -4.80458 -15.6772 3.75385
      vertex -5.06788 -15.5973 3.05
      vertex -4.89537 -15.6497 3.82258
    endloop
  endfacet
  facet normal 0.290309 0.956933 8.03268e-05
    outer loop
      vertex -4.89537 -15.6497 3.82258
      vertex -5.06788 -15.5973 3.05
      vertex -4.9834 -15.623 3.89482
    endloop
  endfacet
  facet normal 0.291044 0.95671 0
    outer loop
      vertex -4.9834 -15.623 3.89482
      vertex -5.06788 -15.5973 3.05
      vertex -5.06788 -15.5973 3.96989
    endloop
  endfacet
  facet normal 0.290369 0.956915 -0
    outer loop
      vertex -4.45162 -15.7843 8.66518
      vertex -5.06788 -15.5973 11.5
      vertex -4.45162 -15.7843 11.5
    endloop
  endfacet
  facet normal 0.2911 0.956693 0.000173485
    outer loop
      vertex -4.517 -15.7644 8.63024
      vertex -5.06788 -15.5973 11.5
      vertex -4.45162 -15.7843 8.66518
    endloop
  endfacet
  facet normal 0.290253 0.95695 -4.12161e-06
    outer loop
      vertex -4.61525 -15.7346 8.57266
      vertex -5.06788 -15.5973 11.5
      vertex -4.517 -15.7644 8.63024
    endloop
  endfacet
  facet normal 0.290359 0.956918 1.38425e-05
    outer loop
      vertex -4.71115 -15.7055 8.51126
      vertex -5.06788 -15.5973 11.5
      vertex -4.61525 -15.7346 8.57266
    endloop
  endfacet
  facet normal 0.289921 0.95705 -4.32448e-05
    outer loop
      vertex -4.80458 -15.6772 8.44615
      vertex -5.06788 -15.5973 11.5
      vertex -4.71115 -15.7055 8.51126
    endloop
  endfacet
  facet normal 0.28992 0.957051 -4.33265e-05
    outer loop
      vertex -4.89537 -15.6497 8.37742
      vertex -5.06788 -15.5973 11.5
      vertex -4.80458 -15.6772 8.44615
    endloop
  endfacet
  facet normal 0.290266 0.956946 -2.24964e-05
    outer loop
      vertex -4.9834 -15.623 8.30518
      vertex -5.06788 -15.5973 11.5
      vertex -4.89537 -15.6497 8.37742
    endloop
  endfacet
  facet normal 0.291044 0.95671 0
    outer loop
      vertex -5.06788 -15.5973 11.5
      vertex -4.9834 -15.623 8.30518
      vertex -5.06788 -15.5973 8.23011
    endloop
  endfacet
  facet normal 0.773036 0.634362 0
    outer loop
      vertex -12.4707 -10.6509 11.5
      vertex -12.8792 -10.1531 3.05
      vertex -12.8792 -10.1531 11.5
    endloop
  endfacet
  facet normal 0.773036 0.634362 0
    outer loop
      vertex -12.8792 -10.1531 3.05
      vertex -12.4707 -10.6509 11.5
      vertex -12.4707 -10.6509 3.05
    endloop
  endfacet
  facet normal 0.862759 0.505615 0
    outer loop
      vertex -13.9833 -8.56898 11.5
      vertex -14.3089 -8.01339 3.05
      vertex -14.3089 -8.01339 11.5
    endloop
  endfacet
  facet normal 0.862759 0.505615 0
    outer loop
      vertex -14.3089 -8.01339 3.05
      vertex -13.9833 -8.56898 11.5
      vertex -13.9833 -8.56898 3.05
    endloop
  endfacet
  facet normal 0.944801 0.327646 0
    outer loop
      vertex -15.3863 -5.67632 11.5
      vertex -15.5973 -5.06788 3.05
      vertex -15.5973 -5.06788 11.5
    endloop
  endfacet
  facet normal 0.944801 0.327646 0
    outer loop
      vertex -15.5973 -5.06788 3.05
      vertex -15.3863 -5.67632 11.5
      vertex -15.3863 -5.67632 3.05
    endloop
  endfacet
  facet normal 0.931222 0.364451 0
    outer loop
      vertex -15.1516 -6.27601 11.5
      vertex -15.3863 -5.67632 3.05
      vertex -15.3863 -5.67632 11.5
    endloop
  endfacet
  facet normal 0.931222 0.364451 0
    outer loop
      vertex -15.3863 -5.67632 3.05
      vertex -15.1516 -6.27601 11.5
      vertex -15.1516 -6.27601 3.05
    endloop
  endfacet
  facet normal -0.797282 0.603607 0
    outer loop
      vertex 12.8792 -10.1531 3.05
      vertex 13.2679 -9.63968 11.5
      vertex 13.2679 -9.63968 3.05
    endloop
  endfacet
  facet normal -0.797282 0.603607 0
    outer loop
      vertex 13.2679 -9.63968 11.5
      vertex 12.8792 -10.1531 3.05
      vertex 12.8792 -10.1531 11.5
    endloop
  endfacet
  facet normal 0.998268 -0 0.0588353
    outer loop
      vertex -5.99776 -16.968 5.98615
      vertex -5.99106 -15.2632 5.87247
      vertex -5.99776 -15.2605 5.98615
    endloop
  endfacet
  facet normal 0.998268 0 0.0588353
    outer loop
      vertex -5.99106 -15.2632 5.87247
      vertex -5.99776 -16.968 5.98615
      vertex -5.99106 -16.9703 5.87247
    endloop
  endfacet
  facet normal 0.995186 0 -0.0979995
    outer loop
      vertex -5.9799 -15.2675 6.44086
      vertex -5.99106 -16.9703 6.32753
      vertex -5.99106 -15.2632 6.32753
    endloop
  endfacet
  facet normal 0.995186 0 -0.0979995
    outer loop
      vertex -5.99106 -16.9703 6.32753
      vertex -5.9799 -15.2675 6.44086
      vertex -5.9799 -16.9742 6.44086
    endloop
  endfacet
  facet normal 0.944803 0 -0.327638
    outer loop
      vertex -5.82075 -15.3298 7.10374
      vertex -5.85806 -17.0165 6.99615
      vertex -5.85806 -15.3152 6.99615
    endloop
  endfacet
  facet normal 0.944803 0 -0.327638
    outer loop
      vertex -5.85806 -17.0165 6.99615
      vertex -5.82075 -15.3298 7.10374
      vertex -5.82075 -17.0294 7.10374
    endloop
  endfacet
  facet normal 0.862755 -0 0.505623
    outer loop
      vertex -5.63024 -17.0955 4.683
      vertex -5.57266 -15.4223 4.58475
      vertex -5.63024 -15.4023 4.683
    endloop
  endfacet
  facet normal 0.862755 0 0.505623
    outer loop
      vertex -5.57266 -15.4223 4.58475
      vertex -5.63024 -17.0955 4.683
      vertex -5.57266 -17.1154 4.58475
    endloop
  endfacet
  facet normal 0.0196712 0 -0.999807
    outer loop
      vertex -3.21385 -17.7073 8.99776
      vertex -3.1 -16.1026 9
      vertex -3.1 -17.7276 9
    endloop
  endfacet
  facet normal 0.0195991 5.11932e-06 -0.999808
    outer loop
      vertex -3.1 -16.1026 9
      vertex -3.21385 -17.7073 8.99776
      vertex -3.19948 -16.0849 8.99805
    endloop
  endfacet
  facet normal 0.0201768 0 -0.999796
    outer loop
      vertex -3.19948 -16.0849 8.99805
      vertex -3.21385 -17.7073 8.99776
      vertex -3.21385 -16.0817 8.99776
    endloop
  endfacet
  facet normal -0.747506 0 0.664255
    outer loop
      vertex 5.22954 -15.5413 4.13148
      vertex 5.30518 -17.197 4.2166
      vertex 5.30518 -15.515 4.2166
    endloop
  endfacet
  facet normal -0.747506 0 0.664255
    outer loop
      vertex 5.30518 -17.197 4.2166
      vertex 5.22954 -15.5413 4.13148
      vertex 5.22954 -17.22 4.13148
    endloop
  endfacet
  facet normal -0.984424 0 0.175809
    outer loop
      vertex 5.94428 -15.2815 5.53424
      vertex 5.9643 -16.9796 5.64634
      vertex 5.9643 -15.2736 5.64634
    endloop
  endfacet
  facet normal -0.984424 0 0.175809
    outer loop
      vertex 5.9643 -16.9796 5.64634
      vertex 5.94428 -15.2815 5.53424
      vertex 5.94428 -16.9866 5.53424
    endloop
  endfacet
  facet normal 0 0 -1
    outer loop
      vertex 2.56553 -16.1981 9
      vertex 3.1 -17.7276 9
      vertex 2.81582 -17.7784 9
    endloop
  endfacet
  facet normal 0 0 -1
    outer loop
      vertex 3.1 -17.7276 9
      vertex 2.56553 -16.1981 9
      vertex 3.1 -16.1026 9
    endloop
  endfacet
  facet normal 0 0 -1
    outer loop
      vertex 2.11567 -17.8752 9
      vertex 2.56553 -16.1981 9
      vertex 2.81582 -17.7784 9
    endloop
  endfacet
  facet normal 0 0 -1
    outer loop
      vertex 2.11567 -17.8752 9
      vertex 1.92761 -16.2863 9
      vertex 2.56553 -16.1981 9
    endloop
  endfacet
  facet normal 0 0 -1
    outer loop
      vertex 1.41226 -17.9445 9
      vertex 1.92761 -16.2863 9
      vertex 2.11567 -17.8752 9
    endloop
  endfacet
  facet normal 0 0 -1
    outer loop
      vertex 1.41226 -17.9445 9
      vertex 1.28673 -16.3494 9
      vertex 1.92761 -16.2863 9
    endloop
  endfacet
  facet normal 0 0 -1
    outer loop
      vertex 0.706676 -17.9861 9
      vertex 1.28673 -16.3494 9
      vertex 1.41226 -17.9445 9
    endloop
  endfacet
  facet normal 0 0 -1
    outer loop
      vertex 0.706676 -17.9861 9
      vertex 0.643861 -16.3874 9
      vertex 1.28673 -16.3494 9
    endloop
  endfacet
  facet normal 0 0 -1
    outer loop
      vertex 0 -18 9
      vertex 0.643861 -16.3874 9
      vertex 0.706676 -17.9861 9
    endloop
  endfacet
  facet normal 0 0 -1
    outer loop
      vertex 0 -18 9
      vertex 0 -16.4 9
      vertex 0.643861 -16.3874 9
    endloop
  endfacet
  facet normal 0 0 -1
    outer loop
      vertex 0 -18 9
      vertex -0.643861 -16.3874 9
      vertex 0 -16.4 9
    endloop
  endfacet
  facet normal 0 0 -1
    outer loop
      vertex -0.706676 -17.9861 9
      vertex -0.643861 -16.3874 9
      vertex 0 -18 9
    endloop
  endfacet
  facet normal 0 0 -1
    outer loop
      vertex -0.706676 -17.9861 9
      vertex -1.28673 -16.3494 9
      vertex -0.643861 -16.3874 9
    endloop
  endfacet
  facet normal 0 0 -1
    outer loop
      vertex -1.41226 -17.9445 9
      vertex -1.28673 -16.3494 9
      vertex -0.706676 -17.9861 9
    endloop
  endfacet
  facet normal 0 0 -1
    outer loop
      vertex -1.41226 -17.9445 9
      vertex -1.92761 -16.2863 9
      vertex -1.28673 -16.3494 9
    endloop
  endfacet
  facet normal 0 0 -1
    outer loop
      vertex -2.11567 -17.8752 9
      vertex -1.92761 -16.2863 9
      vertex -1.41226 -17.9445 9
    endloop
  endfacet
  facet normal 0 0 -1
    outer loop
      vertex -2.11567 -17.8752 9
      vertex -2.56553 -16.1981 9
      vertex -1.92761 -16.2863 9
    endloop
  endfacet
  facet normal 0 0 -1
    outer loop
      vertex -2.81582 -17.7784 9
      vertex -2.56553 -16.1981 9
      vertex -2.11567 -17.8752 9
    endloop
  endfacet
  facet normal 0 0 -1
    outer loop
      vertex -3.1 -17.7276 9
      vertex -2.56553 -16.1981 9
      vertex -2.81582 -17.7784 9
    endloop
  endfacet
  facet normal -0 0 -1
    outer loop
      vertex -2.56553 -16.1981 9
      vertex -3.1 -17.7276 9
      vertex -3.1 -16.1026 9
    endloop
  endfacet
  facet normal -0.999807 0 0.0196712
    outer loop
      vertex 5.99776 -15.2605 5.98615
      vertex 6 -16.9672 6.1
      vertex 6 -15.2597 6.1
    endloop
  endfacet
  facet normal -0.999807 0 0.0196712
    outer loop
      vertex 6 -16.9672 6.1
      vertex 5.99776 -15.2605 5.98615
      vertex 5.99776 -16.968 5.98615
    endloop
  endfacet
  facet normal 0.0588353 -0 0.998268
    outer loop
      vertex -3.32753 -17.687 3.20894
      vertex -3.21385 -16.0817 3.20224
      vertex -3.32753 -16.0568 3.20894
    endloop
  endfacet
  facet normal 0.0588353 0 0.998268
    outer loop
      vertex -3.21385 -16.0817 3.20224
      vertex -3.32753 -17.687 3.20894
      vertex -3.21385 -17.7073 3.20224
    endloop
  endfacet
  facet normal 0.252468 -4.71434e-07 0.967605
    outer loop
      vertex -3.88718 -17.5717 3.30888
      vertex -3.77699 -15.9582 3.28013
      vertex -3.8285 -15.9469 3.29357
    endloop
  endfacet
  facet normal 0.252455 -0 0.967609
    outer loop
      vertex -3.88718 -17.5717 3.30888
      vertex -3.8285 -15.9469 3.29357
      vertex -3.88718 -15.9316 3.30888
    endloop
  endfacet
  facet normal 0.252461 0 0.967607
    outer loop
      vertex -3.77699 -15.9582 3.28013
      vertex -3.88718 -17.5717 3.30888
      vertex -3.77699 -17.5959 3.28013
    endloop
  endfacet
  facet normal 0.999807 -0 0.0196712
    outer loop
      vertex -6 -16.9672 6.1
      vertex -5.99776 -15.2605 5.98615
      vertex -6 -15.2597 6.1
    endloop
  endfacet
  facet normal 0.999807 0 0.0196712
    outer loop
      vertex -5.99776 -15.2605 5.98615
      vertex -6 -16.9672 6.1
      vertex -5.99776 -16.968 5.98615
    endloop
  endfacet
  facet normal 0.990572 0 -0.136994
    outer loop
      vertex -5.9643 -15.2736 6.55366
      vertex -5.9799 -16.9742 6.44086
      vertex -5.9799 -15.2675 6.44086
    endloop
  endfacet
  facet normal 0.990572 0 -0.136994
    outer loop
      vertex -5.9799 -16.9742 6.44086
      vertex -5.9643 -15.2736 6.55366
      vertex -5.9643 -16.9796 6.55366
    endloop
  endfacet
  facet normal 0.931225 -0 0.364446
    outer loop
      vertex -5.82075 -17.0294 5.09626
      vertex -5.77925 -15.3461 4.99022
      vertex -5.82075 -15.3298 5.09626
    endloop
  endfacet
  facet normal 0.931225 0 0.364446
    outer loop
      vertex -5.77925 -15.3461 4.99022
      vertex -5.82075 -17.0294 5.09626
      vertex -5.77925 -17.0438 4.99022
    endloop
  endfacet
  facet normal 0.990572 -0 0.136994
    outer loop
      vertex -5.9799 -16.9742 5.75914
      vertex -5.9643 -15.2736 5.64634
      vertex -5.9799 -15.2675 5.75914
    endloop
  endfacet
  facet normal 0.990572 0 0.136994
    outer loop
      vertex -5.9643 -15.2736 5.64634
      vertex -5.9799 -16.9742 5.75914
      vertex -5.9643 -16.9796 5.64634
    endloop
  endfacet
  facet normal 0.747506 0 -0.664255
    outer loop
      vertex -5.22954 -15.5413 8.06852
      vertex -5.30518 -17.197 7.9834
      vertex -5.30518 -15.515 7.9834
    endloop
  endfacet
  facet normal 0.747506 0 -0.664255
    outer loop
      vertex -5.30518 -17.197 7.9834
      vertex -5.22954 -15.5413 8.06852
      vertex -5.22954 -17.22 8.06852
    endloop
  endfacet
  facet normal 0.862755 0 -0.505623
    outer loop
      vertex -5.57266 -15.4223 7.61525
      vertex -5.63024 -17.0955 7.517
      vertex -5.63024 -15.4023 7.517
    endloop
  endfacet
  facet normal 0.862755 0 -0.505623
    outer loop
      vertex -5.63024 -17.0955 7.517
      vertex -5.57266 -15.4223 7.61525
      vertex -5.57266 -17.1154 7.61525
    endloop
  endfacet
  facet normal 0.400787 0 -0.916171
    outer loop
      vertex -4.31411 -17.4734 8.73361
      vertex -4.20978 -15.8474 8.77925
      vertex -4.20978 -17.5006 8.77925
    endloop
  endfacet
  facet normal 0.400787 0 -0.916171
    outer loop
      vertex -4.20978 -15.8474 8.77925
      vertex -4.31411 -17.4734 8.73361
      vertex -4.31411 -15.8201 8.73361
    endloop
  endfacet
  facet normal 0.290319 0 -0.95693
    outer loop
      vertex -3.99615 -17.5478 8.85806
      vertex -3.88718 -15.9316 8.89112
      vertex -3.88718 -17.5717 8.89112
    endloop
  endfacet
  facet normal 0.290319 0 -0.95693
    outer loop
      vertex -3.88718 -15.9316 8.89112
      vertex -3.99615 -17.5478 8.85806
      vertex -3.99615 -15.9031 8.85806
    endloop
  endfacet
  facet normal 0.214354 0 -0.976756
    outer loop
      vertex -3.77699 -17.5959 8.91987
      vertex -3.66576 -15.9826 8.94428
      vertex -3.66576 -17.6203 8.94428
    endloop
  endfacet
  facet normal 0.214354 0 -0.976756
    outer loop
      vertex -3.66576 -15.9826 8.94428
      vertex -3.77699 -17.5959 8.91987
      vertex -3.77699 -15.9582 8.91987
    endloop
  endfacet
  facet normal 0.0979995 0 -0.995186
    outer loop
      vertex -3.44086 -17.6668 8.9799
      vertex -3.32753 -16.0568 8.99106
      vertex -3.32753 -17.687 8.99106
    endloop
  endfacet
  facet normal 0.0979995 0 -0.995186
    outer loop
      vertex -3.32753 -16.0568 8.99106
      vertex -3.44086 -17.6668 8.9799
      vertex -3.44086 -16.0319 8.9799
    endloop
  endfacet
  facet normal 0.571746 0 -0.820431
    outer loop
      vertex -4.80458 -17.3454 8.44615
      vertex -4.71115 -15.7055 8.51126
      vertex -4.71115 -17.3698 8.51126
    endloop
  endfacet
  facet normal 0.571746 0 -0.820431
    outer loop
      vertex -4.71115 -15.7055 8.51126
      vertex -4.80458 -17.3454 8.44615
      vertex -4.80458 -15.6772 8.44615
    endloop
  endfacet
  facet normal 0.505623 0 -0.862755
    outer loop
      vertex -4.61525 -17.3948 8.57266
      vertex -4.517 -15.7644 8.63024
      vertex -4.517 -17.4205 8.63024
    endloop
  endfacet
  facet normal 0.505623 0 -0.862755
    outer loop
      vertex -4.517 -15.7644 8.63024
      vertex -4.61525 -17.3948 8.57266
      vertex -4.61525 -15.7346 8.57266
    endloop
  endfacet
  facet normal 0.436362 0 -0.899771
    outer loop
      vertex -4.41657 -17.4467 8.68392
      vertex -4.31411 -15.8201 8.73361
      vertex -4.31411 -17.4734 8.73361
    endloop
  endfacet
  facet normal 0.436362 0 -0.899771
    outer loop
      vertex -4.31411 -15.8201 8.73361
      vertex -4.41657 -17.4467 8.68392
      vertex -4.41657 -15.7934 8.68392
    endloop
  endfacet
  facet normal 0.720845 0 -0.693096
    outer loop
      vertex -5.15061 -15.5686 8.15061
      vertex -5.22954 -17.22 8.06852
      vertex -5.22954 -15.5413 8.06852
    endloop
  endfacet
  facet normal 0.720845 0 -0.693096
    outer loop
      vertex -5.22954 -17.22 8.06852
      vertex -5.15061 -15.5686 8.15061
      vertex -5.15061 -17.2439 8.15061
    endloop
  endfacet
  facet normal -0.95693 0 -0.290319
    outer loop
      vertex 5.89112 -17.005 6.88718
      vertex 5.85806 -15.3152 6.99615
      vertex 5.89112 -15.3023 6.88718
    endloop
  endfacet
  facet normal -0.95693 -0 -0.290319
    outer loop
      vertex 5.85806 -15.3152 6.99615
      vertex 5.89112 -17.005 6.88718
      vertex 5.85806 -17.0165 6.99615
    endloop
  endfacet
  facet normal -0.364756 -2.33259e-05 -0.931103
    outer loop
      vertex 4.10374 -15.875 8.82075
      vertex 4.20978 -17.5006 8.77925
      vertex 4.20202 -17.5027 8.78229
    endloop
  endfacet
  facet normal -0.364421 -0 -0.931234
    outer loop
      vertex 4.10374 -15.875 8.82075
      vertex 4.20202 -17.5027 8.78229
      vertex 4.10374 -17.5242 8.82075
    endloop
  endfacet
  facet normal -0.364446 0 -0.931225
    outer loop
      vertex 4.20978 -17.5006 8.77925
      vertex 4.10374 -15.875 8.82075
      vertex 4.20978 -15.8474 8.77925
    endloop
  endfacet
  facet normal -0.539203 -0 -0.842176
    outer loop
      vertex 4.61525 -15.7346 8.57266
      vertex 4.71115 -17.3698 8.51126
      vertex 4.61525 -17.3948 8.57266
    endloop
  endfacet
  facet normal -0.539203 0 -0.842176
    outer loop
      vertex 4.71115 -17.3698 8.51126
      vertex 4.61525 -15.7346 8.57266
      vertex 4.71115 -15.7055 8.51126
    endloop
  endfacet
  facet normal -0.773029 0 -0.63437
    outer loop
      vertex 5.37742 -17.1751 7.89537
      vertex 5.30518 -15.515 7.9834
      vertex 5.37742 -15.49 7.89537
    endloop
  endfacet
  facet normal -0.773029 -0 -0.63437
    outer loop
      vertex 5.30518 -15.515 7.9834
      vertex 5.37742 -17.1751 7.89537
      vertex 5.30518 -17.197 7.9834
    endloop
  endfacet
  facet normal -0.665088 0 -0.746765
    outer loop
      vertex 5.06852 -17.2688 8.22954
      vertex 5.06788 -15.5973 8.23011
      vertex 5.06852 -15.5971 8.22954
    endloop
  endfacet
  facet normal -0.664255 -0 -0.747506
    outer loop
      vertex 4.9834 -15.623 8.30518
      vertex 5.06852 -17.2688 8.22954
      vertex 4.9834 -17.2946 8.30518
    endloop
  endfacet
  facet normal -0.664249 5.75885e-07 -0.747512
    outer loop
      vertex 5.06852 -17.2688 8.22954
      vertex 4.9834 -15.623 8.30518
      vertex 5.06788 -15.5973 8.23011
    endloop
  endfacet
  facet normal -0.820431 0 -0.571746
    outer loop
      vertex 5.51126 -17.1345 7.71115
      vertex 5.44615 -15.4662 7.80458
      vertex 5.51126 -15.4436 7.71115
    endloop
  endfacet
  facet normal -0.820431 -0 -0.571746
    outer loop
      vertex 5.44615 -15.4662 7.80458
      vertex 5.51126 -17.1345 7.71115
      vertex 5.44615 -17.1543 7.80458
    endloop
  endfacet
  facet normal -0.797305 0 -0.603577
    outer loop
      vertex 5.44615 -17.1543 7.80458
      vertex 5.37742 -15.49 7.89537
      vertex 5.44615 -15.4662 7.80458
    endloop
  endfacet
  facet normal -0.797305 -0 -0.603577
    outer loop
      vertex 5.37742 -15.49 7.89537
      vertex 5.44615 -17.1543 7.80458
      vertex 5.37742 -17.1751 7.89537
    endloop
  endfacet
  facet normal -0.916171 0 -0.400787
    outer loop
      vertex 5.77925 -17.0438 7.20978
      vertex 5.73361 -15.3639 7.31411
      vertex 5.77925 -15.3461 7.20978
    endloop
  endfacet
  facet normal -0.916171 -0 -0.400787
    outer loop
      vertex 5.73361 -15.3639 7.31411
      vertex 5.77925 -17.0438 7.20978
      vertex 5.73361 -17.0596 7.31411
    endloop
  endfacet
  facet normal -0.995186 0 -0.0979995
    outer loop
      vertex 5.99106 -16.9703 6.32753
      vertex 5.9799 -15.2675 6.44086
      vertex 5.99106 -15.2632 6.32753
    endloop
  endfacet
  facet normal -0.995186 -0 -0.0979995
    outer loop
      vertex 5.9799 -15.2675 6.44086
      vertex 5.99106 -16.9703 6.32753
      vertex 5.9799 -16.9742 6.44086
    endloop
  endfacet
  facet normal -0.0201768 0 -0.999796
    outer loop
      vertex 3.21385 -17.7073 8.99776
      vertex 3.19948 -16.0849 8.99805
      vertex 3.21385 -16.0817 8.99776
    endloop
  endfacet
  facet normal -0.0196712 -0 -0.999807
    outer loop
      vertex 3.1 -16.1026 9
      vertex 3.21385 -17.7073 8.99776
      vertex 3.1 -17.7276 9
    endloop
  endfacet
  facet normal -0.0195991 5.11932e-06 -0.999808
    outer loop
      vertex 3.21385 -17.7073 8.99776
      vertex 3.1 -16.1026 9
      vertex 3.19948 -16.0849 8.99805
    endloop
  endfacet
  facet normal -0.0979995 -0 -0.995186
    outer loop
      vertex 3.32753 -16.0568 8.99106
      vertex 3.44086 -17.6668 8.9799
      vertex 3.32753 -17.687 8.99106
    endloop
  endfacet
  facet normal -0.0979995 0 -0.995186
    outer loop
      vertex 3.44086 -17.6668 8.9799
      vertex 3.32753 -16.0568 8.99106
      vertex 3.44086 -16.0319 8.9799
    endloop
  endfacet
  facet normal -0.136933 4.31737e-06 -0.99058
    outer loop
      vertex 3.44086 -16.0319 8.9799
      vertex 3.55366 -17.6449 8.9643
      vertex 3.51163 -17.6541 8.97011
    endloop
  endfacet
  facet normal -0.137031 -0 -0.990567
    outer loop
      vertex 3.44086 -16.0319 8.9799
      vertex 3.51163 -17.6541 8.97011
      vertex 3.44086 -17.6668 8.9799
    endloop
  endfacet
  facet normal -0.136994 0 -0.990572
    outer loop
      vertex 3.55366 -17.6449 8.9643
      vertex 3.44086 -16.0319 8.9799
      vertex 3.55366 -16.0072 8.9643
    endloop
  endfacet
  facet normal -0.214354 -0 -0.976756
    outer loop
      vertex 3.66576 -15.9826 8.94428
      vertex 3.77699 -17.5959 8.91987
      vertex 3.66576 -17.6203 8.94428
    endloop
  endfacet
  facet normal -0.214354 0 -0.976756
    outer loop
      vertex 3.77699 -17.5959 8.91987
      vertex 3.66576 -15.9826 8.94428
      vertex 3.77699 -15.9582 8.91987
    endloop
  endfacet
  facet normal -0.998268 0 -0.0588353
    outer loop
      vertex 5.99776 -16.968 6.21385
      vertex 5.99106 -15.2632 6.32753
      vertex 5.99776 -15.2605 6.21385
    endloop
  endfacet
  facet normal -0.998268 -0 -0.0588353
    outer loop
      vertex 5.99106 -15.2632 6.32753
      vertex 5.99776 -16.968 6.21385
      vertex 5.99106 -16.9703 6.32753
    endloop
  endfacet
  facet normal -0.63437 0 0.773029
    outer loop
      vertex 4.89537 -15.6497 3.82258
      vertex 4.9834 -17.2946 3.89482
      vertex 4.9834 -15.623 3.89482
    endloop
  endfacet
  facet normal -0.63437 0 0.773029
    outer loop
      vertex 4.9834 -17.2946 3.89482
      vertex 4.89537 -15.6497 3.82258
      vertex 4.89537 -17.3213 3.82258
    endloop
  endfacet
  facet normal -0.944803 0 0.327638
    outer loop
      vertex 5.82075 -15.3298 5.09626
      vertex 5.85806 -17.0165 5.20385
      vertex 5.85806 -15.3152 5.20385
    endloop
  endfacet
  facet normal -0.944803 0 0.327638
    outer loop
      vertex 5.85806 -17.0165 5.20385
      vertex 5.82075 -15.3298 5.09626
      vertex 5.82075 -17.0294 5.09626
    endloop
  endfacet
  facet normal -0.881941 0 0.471361
    outer loop
      vertex 5.67632 -15.3863 4.76921
      vertex 5.68392 -17.0768 4.78343
      vertex 5.68392 -15.3834 4.78343
    endloop
  endfacet
  facet normal -0.881922 3.72187e-07 0.471395
    outer loop
      vertex 5.63024 -15.4023 4.683
      vertex 5.68392 -17.0768 4.78343
      vertex 5.67632 -15.3863 4.76921
    endloop
  endfacet
  facet normal -0.881925 0 0.47139
    outer loop
      vertex 5.68392 -17.0768 4.78343
      vertex 5.63024 -15.4023 4.683
      vertex 5.63024 -17.0955 4.683
    endloop
  endfacet
  facet normal -0.95693 0 0.290319
    outer loop
      vertex 5.85806 -15.3152 5.20385
      vertex 5.89112 -17.005 5.31282
      vertex 5.89112 -15.3023 5.31282
    endloop
  endfacet
  facet normal -0.95693 0 0.290319
    outer loop
      vertex 5.89112 -17.005 5.31282
      vertex 5.85806 -15.3152 5.20385
      vertex 5.85806 -17.0165 5.20385
    endloop
  endfacet
  facet normal -0.967607 0 0.252461
    outer loop
      vertex 5.89112 -15.3023 5.31282
      vertex 5.91987 -16.995 5.42301
      vertex 5.91987 -15.291 5.42301
    endloop
  endfacet
  facet normal -0.967607 0 0.252461
    outer loop
      vertex 5.91987 -16.995 5.42301
      vertex 5.89112 -15.3023 5.31282
      vertex 5.89112 -17.005 5.31282
    endloop
  endfacet
  facet normal -0 0 1
    outer loop
      vertex 2.56553 -16.1981 3.2
      vertex 3.1 -17.7276 3.2
      vertex 3.1 -16.1026 3.2
    endloop
  endfacet
  facet normal 0 0 1
    outer loop
      vertex 3.1 -17.7276 3.2
      vertex 2.56553 -16.1981 3.2
      vertex 2.81582 -17.7784 3.2
    endloop
  endfacet
  facet normal 0 0 1
    outer loop
      vertex 2.56553 -16.1981 3.2
      vertex 2.11567 -17.8752 3.2
      vertex 2.81582 -17.7784 3.2
    endloop
  endfacet
  facet normal -0 0 1
    outer loop
      vertex 1.92761 -16.2863 3.2
      vertex 2.11567 -17.8752 3.2
      vertex 2.56553 -16.1981 3.2
    endloop
  endfacet
  facet normal 0 0 1
    outer loop
      vertex 1.92761 -16.2863 3.2
      vertex 1.41226 -17.9445 3.2
      vertex 2.11567 -17.8752 3.2
    endloop
  endfacet
  facet normal -0 0 1
    outer loop
      vertex 1.28673 -16.3494 3.2
      vertex 1.41226 -17.9445 3.2
      vertex 1.92761 -16.2863 3.2
    endloop
  endfacet
  facet normal 0 0 1
    outer loop
      vertex 1.28673 -16.3494 3.2
      vertex 0.706676 -17.9861 3.2
      vertex 1.41226 -17.9445 3.2
    endloop
  endfacet
  facet normal -0 0 1
    outer loop
      vertex 0.643861 -16.3874 3.2
      vertex 0.706676 -17.9861 3.2
      vertex 1.28673 -16.3494 3.2
    endloop
  endfacet
  facet normal -0 0 1
    outer loop
      vertex 0 -16.4 3.2
      vertex 0.706676 -17.9861 3.2
      vertex 0.643861 -16.3874 3.2
    endloop
  endfacet
  facet normal 0 0 1
    outer loop
      vertex 0 -16.4 3.2
      vertex 0 -18 3.2
      vertex 0.706676 -17.9861 3.2
    endloop
  endfacet
  facet normal 0 0 1
    outer loop
      vertex -0.643861 -16.3874 3.2
      vertex 0 -18 3.2
      vertex 0 -16.4 3.2
    endloop
  endfacet
  facet normal 0 0 1
    outer loop
      vertex -0.643861 -16.3874 3.2
      vertex -0.706676 -17.9861 3.2
      vertex 0 -18 3.2
    endloop
  endfacet
  facet normal 0 0 1
    outer loop
      vertex -1.28673 -16.3494 3.2
      vertex -0.706676 -17.9861 3.2
      vertex -0.643861 -16.3874 3.2
    endloop
  endfacet
  facet normal 0 0 1
    outer loop
      vertex -1.28673 -16.3494 3.2
      vertex -1.41226 -17.9445 3.2
      vertex -0.706676 -17.9861 3.2
    endloop
  endfacet
  facet normal 0 0 1
    outer loop
      vertex -1.92761 -16.2863 3.2
      vertex -1.41226 -17.9445 3.2
      vertex -1.28673 -16.3494 3.2
    endloop
  endfacet
  facet normal 0 0 1
    outer loop
      vertex -1.92761 -16.2863 3.2
      vertex -2.11567 -17.8752 3.2
      vertex -1.41226 -17.9445 3.2
    endloop
  endfacet
  facet normal 0 0 1
    outer loop
      vertex -2.56553 -16.1981 3.2
      vertex -2.11567 -17.8752 3.2
      vertex -1.92761 -16.2863 3.2
    endloop
  endfacet
  facet normal 0 0 1
    outer loop
      vertex -2.56553 -16.1981 3.2
      vertex -2.81582 -17.7784 3.2
      vertex -2.11567 -17.8752 3.2
    endloop
  endfacet
  facet normal 0 0 1
    outer loop
      vertex -3.1 -17.7276 3.2
      vertex -2.56553 -16.1981 3.2
      vertex -3.1 -16.1026 3.2
    endloop
  endfacet
  facet normal 0 0 1
    outer loop
      vertex -2.56553 -16.1981 3.2
      vertex -3.1 -17.7276 3.2
      vertex -2.81582 -17.7784 3.2
    endloop
  endfacet
  facet normal -0.0201768 0 0.999796
    outer loop
      vertex 3.19948 -16.0849 3.20195
      vertex 3.21385 -17.7073 3.20224
      vertex 3.21385 -16.0817 3.20224
    endloop
  endfacet
  facet normal -0.0195991 5.11932e-06 0.999808
    outer loop
      vertex 3.1 -16.1026 3.2
      vertex 3.21385 -17.7073 3.20224
      vertex 3.19948 -16.0849 3.20195
    endloop
  endfacet
  facet normal -0.0196712 0 0.999807
    outer loop
      vertex 3.21385 -17.7073 3.20224
      vertex 3.1 -16.1026 3.2
      vertex 3.1 -17.7276 3.2
    endloop
  endfacet
  facet normal -0.0588353 0 0.998268
    outer loop
      vertex 3.21385 -16.0817 3.20224
      vertex 3.32753 -17.687 3.20894
      vertex 3.32753 -16.0568 3.20894
    endloop
  endfacet
  facet normal -0.0588353 0 0.998268
    outer loop
      vertex 3.32753 -17.687 3.20894
      vertex 3.21385 -16.0817 3.20224
      vertex 3.21385 -17.7073 3.20224
    endloop
  endfacet
  facet normal 0.0979995 -0 0.995186
    outer loop
      vertex -3.44086 -17.6668 3.2201
      vertex -3.32753 -16.0568 3.20894
      vertex -3.44086 -16.0319 3.2201
    endloop
  endfacet
  facet normal 0.0979995 0 0.995186
    outer loop
      vertex -3.32753 -16.0568 3.20894
      vertex -3.44086 -17.6668 3.2201
      vertex -3.32753 -17.687 3.20894
    endloop
  endfacet
  facet normal 0.175809 -0 0.984424
    outer loop
      vertex -3.66576 -17.6203 3.25572
      vertex -3.55366 -16.0072 3.2357
      vertex -3.66576 -15.9826 3.25572
    endloop
  endfacet
  facet normal 0.175809 0 0.984424
    outer loop
      vertex -3.55366 -16.0072 3.2357
      vertex -3.66576 -17.6203 3.25572
      vertex -3.55366 -17.6449 3.2357
    endloop
  endfacet
  facet normal 0.842176 -0 0.539203
    outer loop
      vertex -5.57266 -17.1154 4.58475
      vertex -5.51126 -15.4436 4.48885
      vertex -5.57266 -15.4223 4.58475
    endloop
  endfacet
  facet normal 0.842093 1.04948e-05 0.539333
    outer loop
      vertex -5.56231 -17.119 4.56859
      vertex -5.51126 -15.4436 4.48885
      vertex -5.57266 -17.1154 4.58475
    endloop
  endfacet
  facet normal 0.842193 0 0.539177
    outer loop
      vertex -5.51126 -15.4436 4.48885
      vertex -5.56231 -17.119 4.56859
      vertex -5.51126 -17.1345 4.48885
    endloop
  endfacet
  facet normal 0.995186 -0 0.0979995
    outer loop
      vertex -5.99106 -16.9703 5.87247
      vertex -5.9799 -15.2675 5.75914
      vertex -5.99106 -15.2632 5.87247
    endloop
  endfacet
  facet normal 0.995186 0 0.0979995
    outer loop
      vertex -5.9799 -15.2675 5.75914
      vertex -5.99106 -16.9703 5.87247
      vertex -5.9799 -16.9742 5.75914
    endloop
  endfacet
  facet normal 0.95693 0 -0.290319
    outer loop
      vertex -5.85806 -15.3152 6.99615
      vertex -5.89112 -17.005 6.88718
      vertex -5.89112 -15.3023 6.88718
    endloop
  endfacet
  facet normal 0.95693 0 -0.290319
    outer loop
      vertex -5.89112 -17.005 6.88718
      vertex -5.85806 -15.3152 6.99615
      vertex -5.85806 -17.0165 6.99615
    endloop
  endfacet
  facet normal 0.976756 0 -0.214354
    outer loop
      vertex -5.91987 -15.291 6.77699
      vertex -5.94428 -16.9866 6.66576
      vertex -5.94428 -15.2815 6.66576
    endloop
  endfacet
  facet normal 0.976756 0 -0.214354
    outer loop
      vertex -5.94428 -16.9866 6.66576
      vertex -5.91987 -15.291 6.77699
      vertex -5.91987 -16.995 6.77699
    endloop
  endfacet
  facet normal 0.773029 0 -0.63437
    outer loop
      vertex -5.30518 -15.515 7.9834
      vertex -5.37742 -17.1751 7.89537
      vertex -5.37742 -15.49 7.89537
    endloop
  endfacet
  facet normal 0.773029 0 -0.63437
    outer loop
      vertex -5.37742 -17.1751 7.89537
      vertex -5.30518 -15.515 7.9834
      vertex -5.30518 -17.197 7.9834
    endloop
  endfacet
  facet normal 0.364421 0 -0.931234
    outer loop
      vertex -4.20202 -17.5027 8.78229
      vertex -4.10374 -15.875 8.82075
      vertex -4.10374 -17.5242 8.82075
    endloop
  endfacet
  facet normal 0.364756 -2.33259e-05 -0.931103
    outer loop
      vertex -4.20978 -17.5006 8.77925
      vertex -4.10374 -15.875 8.82075
      vertex -4.20202 -17.5027 8.78229
    endloop
  endfacet
  facet normal 0.364446 0 -0.931225
    outer loop
      vertex -4.10374 -15.875 8.82075
      vertex -4.20978 -17.5006 8.77925
      vertex -4.20978 -15.8474 8.77925
    endloop
  endfacet
  facet normal 0.252461 0 -0.967607
    outer loop
      vertex -3.88718 -17.5717 8.89112
      vertex -3.77699 -15.9582 8.91987
      vertex -3.77699 -17.5959 8.91987
    endloop
  endfacet
  facet normal 0.252468 -4.71434e-07 -0.967605
    outer loop
      vertex -3.77699 -15.9582 8.91987
      vertex -3.88718 -17.5717 8.89112
      vertex -3.8285 -15.9469 8.90643
    endloop
  endfacet
  facet normal 0.252455 0 -0.967609
    outer loop
      vertex -3.8285 -15.9469 8.90643
      vertex -3.88718 -17.5717 8.89112
      vertex -3.88718 -15.9316 8.89112
    endloop
  endfacet
  facet normal 0.137031 0 -0.990567
    outer loop
      vertex -3.51163 -17.6541 8.97011
      vertex -3.44086 -16.0319 8.9799
      vertex -3.44086 -17.6668 8.9799
    endloop
  endfacet
  facet normal 0.136933 4.31737e-06 -0.99058
    outer loop
      vertex -3.55366 -17.6449 8.9643
      vertex -3.44086 -16.0319 8.9799
      vertex -3.51163 -17.6541 8.97011
    endloop
  endfacet
  facet normal 0.136994 0 -0.990572
    outer loop
      vertex -3.44086 -16.0319 8.9799
      vertex -3.55366 -17.6449 8.9643
      vertex -3.55366 -16.0072 8.9643
    endloop
  endfacet
  facet normal 0.175809 0 -0.984424
    outer loop
      vertex -3.66576 -17.6203 8.94428
      vertex -3.55366 -16.0072 8.9643
      vertex -3.55366 -17.6449 8.9643
    endloop
  endfacet
  facet normal 0.175809 0 -0.984424
    outer loop
      vertex -3.55366 -16.0072 8.9643
      vertex -3.66576 -17.6203 8.94428
      vertex -3.66576 -15.9826 8.94428
    endloop
  endfacet
  facet normal 0.0588353 0 -0.998268
    outer loop
      vertex -3.32753 -17.687 8.99106
      vertex -3.21385 -16.0817 8.99776
      vertex -3.21385 -17.7073 8.99776
    endloop
  endfacet
  facet normal 0.0588353 0 -0.998268
    outer loop
      vertex -3.21385 -16.0817 8.99776
      vertex -3.32753 -17.687 8.99106
      vertex -3.32753 -16.0568 8.99106
    endloop
  endfacet
  facet normal 0.539203 0 -0.842176
    outer loop
      vertex -4.71115 -17.3698 8.51126
      vertex -4.61525 -15.7346 8.57266
      vertex -4.61525 -17.3948 8.57266
    endloop
  endfacet
  facet normal 0.539203 0 -0.842176
    outer loop
      vertex -4.61525 -15.7346 8.57266
      vertex -4.71115 -17.3698 8.51126
      vertex -4.71115 -15.7055 8.51126
    endloop
  endfacet
  facet normal 0.47139 0 -0.881925
    outer loop
      vertex -4.517 -17.4205 8.63024
      vertex -4.41657 -15.7934 8.68392
      vertex -4.41657 -17.4467 8.68392
    endloop
  endfacet
  facet normal 0.4715 -8.73894e-06 -0.881866
    outer loop
      vertex -4.41657 -15.7934 8.68392
      vertex -4.517 -17.4205 8.63024
      vertex -4.45162 -15.7843 8.66518
    endloop
  endfacet
  facet normal 0.47133 0 -0.881957
    outer loop
      vertex -4.45162 -15.7843 8.66518
      vertex -4.517 -17.4205 8.63024
      vertex -4.517 -15.7644 8.63024
    endloop
  endfacet
  facet normal 0.603554 0 -0.797322
    outer loop
      vertex -4.88593 -17.3242 8.38457
      vertex -4.80458 -15.6772 8.44615
      vertex -4.80458 -17.3454 8.44615
    endloop
  endfacet
  facet normal 0.603773 -1.70355e-05 -0.797156
    outer loop
      vertex -4.89537 -17.3213 8.37742
      vertex -4.80458 -15.6772 8.44615
      vertex -4.88593 -17.3242 8.38457
    endloop
  endfacet
  facet normal 0.603577 0 -0.797305
    outer loop
      vertex -4.80458 -15.6772 8.44615
      vertex -4.89537 -17.3213 8.37742
      vertex -4.89537 -15.6497 8.37742
    endloop
  endfacet
  facet normal 0.664255 0 -0.747506
    outer loop
      vertex -5.06852 -17.2688 8.22954
      vertex -4.9834 -15.623 8.30518
      vertex -4.9834 -17.2946 8.30518
    endloop
  endfacet
  facet normal 0.664249 5.75885e-07 -0.747512
    outer loop
      vertex -4.9834 -15.623 8.30518
      vertex -5.06852 -17.2688 8.22954
      vertex -5.06788 -15.5973 8.23011
    endloop
  endfacet
  facet normal 0.665088 0 -0.746765
    outer loop
      vertex -5.06788 -15.5973 8.23011
      vertex -5.06852 -17.2688 8.22954
      vertex -5.06852 -15.5971 8.22954
    endloop
  endfacet
  facet normal 0.63437 0 -0.773029
    outer loop
      vertex -4.9834 -17.2946 8.30518
      vertex -4.89537 -15.6497 8.37742
      vertex -4.89537 -17.3213 8.37742
    endloop
  endfacet
  facet normal 0.63437 0 -0.773029
    outer loop
      vertex -4.89537 -15.6497 8.37742
      vertex -4.9834 -17.2946 8.30518
      vertex -4.9834 -15.623 8.30518
    endloop
  endfacet
  facet normal 0.693096 0 -0.720845
    outer loop
      vertex -5.15061 -17.2439 8.15061
      vertex -5.06852 -15.5971 8.22954
      vertex -5.06852 -17.2688 8.22954
    endloop
  endfacet
  facet normal 0.693096 0 -0.720845
    outer loop
      vertex -5.06852 -15.5971 8.22954
      vertex -5.15061 -17.2439 8.15061
      vertex -5.15061 -15.5686 8.15061
    endloop
  endfacet
  facet normal -0.984424 0 -0.175809
    outer loop
      vertex 5.9643 -16.9796 6.55366
      vertex 5.94428 -15.2815 6.66576
      vertex 5.9643 -15.2736 6.55366
    endloop
  endfacet
  facet normal -0.984424 -0 -0.175809
    outer loop
      vertex 5.94428 -15.2815 6.66576
      vertex 5.9643 -16.9796 6.55366
      vertex 5.94428 -16.9866 6.66576
    endloop
  endfacet
  facet normal -0.290319 -0 -0.95693
    outer loop
      vertex 3.88718 -15.9316 8.89112
      vertex 3.99615 -17.5478 8.85806
      vertex 3.88718 -17.5717 8.89112
    endloop
  endfacet
  facet normal -0.290319 0 -0.95693
    outer loop
      vertex 3.99615 -17.5478 8.85806
      vertex 3.88718 -15.9316 8.89112
      vertex 3.99615 -15.9031 8.85806
    endloop
  endfacet
  facet normal -0.327638 -0 -0.944803
    outer loop
      vertex 3.99615 -15.9031 8.85806
      vertex 4.10374 -17.5242 8.82075
      vertex 3.99615 -17.5478 8.85806
    endloop
  endfacet
  facet normal -0.327638 0 -0.944803
    outer loop
      vertex 4.10374 -17.5242 8.82075
      vertex 3.99615 -15.9031 8.85806
      vertex 4.10374 -15.875 8.82075
    endloop
  endfacet
  facet normal -0.436362 -0 -0.899771
    outer loop
      vertex 4.31411 -15.8201 8.73361
      vertex 4.41657 -17.4467 8.68392
      vertex 4.31411 -17.4734 8.73361
    endloop
  endfacet
  facet normal -0.436362 0 -0.899771
    outer loop
      vertex 4.41657 -17.4467 8.68392
      vertex 4.31411 -15.8201 8.73361
      vertex 4.41657 -15.7934 8.68392
    endloop
  endfacet
  facet normal -0.505623 -0 -0.862755
    outer loop
      vertex 4.517 -15.7644 8.63024
      vertex 4.61525 -17.3948 8.57266
      vertex 4.517 -17.4205 8.63024
    endloop
  endfacet
  facet normal -0.505623 0 -0.862755
    outer loop
      vertex 4.61525 -17.3948 8.57266
      vertex 4.517 -15.7644 8.63024
      vertex 4.61525 -15.7346 8.57266
    endloop
  endfacet
  facet normal -0.47133 0 -0.881957
    outer loop
      vertex 4.517 -17.4205 8.63024
      vertex 4.45162 -15.7843 8.66518
      vertex 4.517 -15.7644 8.63024
    endloop
  endfacet
  facet normal -0.47139 -0 -0.881925
    outer loop
      vertex 4.41657 -15.7934 8.68392
      vertex 4.517 -17.4205 8.63024
      vertex 4.41657 -17.4467 8.68392
    endloop
  endfacet
  facet normal -0.4715 -8.73894e-06 -0.881866
    outer loop
      vertex 4.517 -17.4205 8.63024
      vertex 4.41657 -15.7934 8.68392
      vertex 4.45162 -15.7843 8.66518
    endloop
  endfacet
  facet normal -0.720845 0 -0.693096
    outer loop
      vertex 5.22954 -17.22 8.06852
      vertex 5.15061 -15.5686 8.15061
      vertex 5.22954 -15.5413 8.06852
    endloop
  endfacet
  facet normal -0.720845 -0 -0.693096
    outer loop
      vertex 5.15061 -15.5686 8.15061
      vertex 5.22954 -17.22 8.06852
      vertex 5.15061 -17.2439 8.15061
    endloop
  endfacet
  facet normal -0.693096 -0 -0.720845
    outer loop
      vertex 5.06852 -15.5971 8.22954
      vertex 5.15061 -17.2439 8.15061
      vertex 5.06852 -17.2688 8.22954
    endloop
  endfacet
  facet normal -0.693096 0 -0.720845
    outer loop
      vertex 5.15061 -17.2439 8.15061
      vertex 5.06852 -15.5971 8.22954
      vertex 5.15061 -15.5686 8.15061
    endloop
  endfacet
  facet normal -0.747506 0 -0.664255
    outer loop
      vertex 5.30518 -17.197 7.9834
      vertex 5.22954 -15.5413 8.06852
      vertex 5.30518 -15.515 7.9834
    endloop
  endfacet
  facet normal -0.747506 -0 -0.664255
    outer loop
      vertex 5.22954 -15.5413 8.06852
      vertex 5.30518 -17.197 7.9834
      vertex 5.22954 -17.22 8.06852
    endloop
  endfacet
  facet normal -0.571746 -0 -0.820431
    outer loop
      vertex 4.71115 -15.7055 8.51126
      vertex 4.80458 -17.3454 8.44615
      vertex 4.71115 -17.3698 8.51126
    endloop
  endfacet
  facet normal -0.571746 0 -0.820431
    outer loop
      vertex 4.80458 -17.3454 8.44615
      vertex 4.71115 -15.7055 8.51126
      vertex 4.80458 -15.6772 8.44615
    endloop
  endfacet
  facet normal -0.63437 -0 -0.773029
    outer loop
      vertex 4.89537 -15.6497 8.37742
      vertex 4.9834 -17.2946 8.30518
      vertex 4.89537 -17.3213 8.37742
    endloop
  endfacet
  facet normal -0.63437 0 -0.773029
    outer loop
      vertex 4.9834 -17.2946 8.30518
      vertex 4.89537 -15.6497 8.37742
      vertex 4.9834 -15.623 8.30518
    endloop
  endfacet
  facet normal -0.603773 -1.70355e-05 -0.797156
    outer loop
      vertex 4.80458 -15.6772 8.44615
      vertex 4.89537 -17.3213 8.37742
      vertex 4.88593 -17.3242 8.38457
    endloop
  endfacet
  facet normal -0.603554 -0 -0.797322
    outer loop
      vertex 4.80458 -15.6772 8.44615
      vertex 4.88593 -17.3242 8.38457
      vertex 4.80458 -17.3454 8.44615
    endloop
  endfacet
  facet normal -0.603577 0 -0.797305
    outer loop
      vertex 4.89537 -17.3213 8.37742
      vertex 4.80458 -15.6772 8.44615
      vertex 4.89537 -15.6497 8.37742
    endloop
  endfacet
  facet normal -0.862755 0 -0.505623
    outer loop
      vertex 5.63024 -17.0955 7.517
      vertex 5.57266 -15.4223 7.61525
      vertex 5.63024 -15.4023 7.517
    endloop
  endfacet
  facet normal -0.862755 -0 -0.505623
    outer loop
      vertex 5.57266 -15.4223 7.61525
      vertex 5.63024 -17.0955 7.517
      vertex 5.57266 -17.1154 7.61525
    endloop
  endfacet
  facet normal -0.899771 0 -0.436362
    outer loop
      vertex 5.73361 -17.0596 7.31411
      vertex 5.68392 -15.3834 7.41657
      vertex 5.73361 -15.3639 7.31411
    endloop
  endfacet
  facet normal -0.899771 -0 -0.436362
    outer loop
      vertex 5.68392 -15.3834 7.41657
      vertex 5.73361 -17.0596 7.31411
      vertex 5.68392 -17.0768 7.41657
    endloop
  endfacet
  facet normal -0.931225 0 -0.364446
    outer loop
      vertex 5.82075 -17.0294 7.10374
      vertex 5.77925 -15.3461 7.20978
      vertex 5.82075 -15.3298 7.10374
    endloop
  endfacet
  facet normal -0.931225 -0 -0.364446
    outer loop
      vertex 5.77925 -15.3461 7.20978
      vertex 5.82075 -17.0294 7.10374
      vertex 5.77925 -17.0438 7.20978
    endloop
  endfacet
  facet normal -0.944803 0 -0.327638
    outer loop
      vertex 5.85806 -17.0165 6.99615
      vertex 5.82075 -15.3298 7.10374
      vertex 5.85806 -15.3152 6.99615
    endloop
  endfacet
  facet normal -0.944803 -0 -0.327638
    outer loop
      vertex 5.82075 -15.3298 7.10374
      vertex 5.85806 -17.0165 6.99615
      vertex 5.82075 -17.0294 7.10374
    endloop
  endfacet
  facet normal -0.976756 0 -0.214354
    outer loop
      vertex 5.94428 -16.9866 6.66576
      vertex 5.91987 -15.291 6.77699
      vertex 5.94428 -15.2815 6.66576
    endloop
  endfacet
  facet normal -0.976756 -0 -0.214354
    outer loop
      vertex 5.91987 -15.291 6.77699
      vertex 5.94428 -16.9866 6.66576
      vertex 5.91987 -16.995 6.77699
    endloop
  endfacet
  facet normal -0.990572 0 -0.136994
    outer loop
      vertex 5.9799 -16.9742 6.44086
      vertex 5.9643 -15.2736 6.55366
      vertex 5.9799 -15.2675 6.44086
    endloop
  endfacet
  facet normal -0.990572 -0 -0.136994
    outer loop
      vertex 5.9643 -15.2736 6.55366
      vertex 5.9799 -16.9742 6.44086
      vertex 5.9643 -16.9796 6.55366
    endloop
  endfacet
  facet normal -0.0588353 -0 -0.998268
    outer loop
      vertex 3.21385 -16.0817 8.99776
      vertex 3.32753 -17.687 8.99106
      vertex 3.21385 -17.7073 8.99776
    endloop
  endfacet
  facet normal -0.0588353 0 -0.998268
    outer loop
      vertex 3.32753 -17.687 8.99106
      vertex 3.21385 -16.0817 8.99776
      vertex 3.32753 -16.0568 8.99106
    endloop
  endfacet
  facet normal -0.175809 -0 -0.984424
    outer loop
      vertex 3.55366 -16.0072 8.9643
      vertex 3.66576 -17.6203 8.94428
      vertex 3.55366 -17.6449 8.9643
    endloop
  endfacet
  facet normal -0.175809 0 -0.984424
    outer loop
      vertex 3.66576 -17.6203 8.94428
      vertex 3.55366 -16.0072 8.9643
      vertex 3.66576 -15.9826 8.94428
    endloop
  endfacet
  facet normal -0.252455 0 -0.967609
    outer loop
      vertex 3.88718 -17.5717 8.89112
      vertex 3.8285 -15.9469 8.90643
      vertex 3.88718 -15.9316 8.89112
    endloop
  endfacet
  facet normal -0.252461 -0 -0.967607
    outer loop
      vertex 3.77699 -15.9582 8.91987
      vertex 3.88718 -17.5717 8.89112
      vertex 3.77699 -17.5959 8.91987
    endloop
  endfacet
  facet normal -0.252468 -4.71434e-07 -0.967605
    outer loop
      vertex 3.88718 -17.5717 8.89112
      vertex 3.77699 -15.9582 8.91987
      vertex 3.8285 -15.9469 8.90643
    endloop
  endfacet
  facet normal -0.998268 0 0.0588353
    outer loop
      vertex 5.99106 -15.2632 5.87247
      vertex 5.99776 -16.968 5.98615
      vertex 5.99776 -15.2605 5.98615
    endloop
  endfacet
  facet normal -0.998268 0 0.0588353
    outer loop
      vertex 5.99776 -16.968 5.98615
      vertex 5.99106 -15.2632 5.87247
      vertex 5.99106 -16.9703 5.87247
    endloop
  endfacet
  facet normal -0.773029 0 0.63437
    outer loop
      vertex 5.30518 -15.515 4.2166
      vertex 5.37742 -17.1751 4.30463
      vertex 5.37742 -15.49 4.30463
    endloop
  endfacet
  facet normal -0.773029 0 0.63437
    outer loop
      vertex 5.37742 -17.1751 4.30463
      vertex 5.30518 -15.515 4.2166
      vertex 5.30518 -17.197 4.2166
    endloop
  endfacet
  facet normal -0.862755 0 0.505623
    outer loop
      vertex 5.57266 -15.4223 4.58475
      vertex 5.63024 -17.0955 4.683
      vertex 5.63024 -15.4023 4.683
    endloop
  endfacet
  facet normal -0.862755 0 0.505623
    outer loop
      vertex 5.63024 -17.0955 4.683
      vertex 5.57266 -15.4223 4.58475
      vertex 5.57266 -17.1154 4.58475
    endloop
  endfacet
  facet normal -0.916171 0 0.400787
    outer loop
      vertex 5.73361 -15.3639 4.88589
      vertex 5.77925 -17.0438 4.99022
      vertex 5.77925 -15.3461 4.99022
    endloop
  endfacet
  facet normal -0.916171 0 0.400787
    outer loop
      vertex 5.77925 -17.0438 4.99022
      vertex 5.73361 -15.3639 4.88589
      vertex 5.73361 -17.0596 4.88589
    endloop
  endfacet
  facet normal -0.899771 0 0.436362
    outer loop
      vertex 5.68392 -15.3834 4.78343
      vertex 5.73361 -17.0596 4.88589
      vertex 5.73361 -15.3639 4.88589
    endloop
  endfacet
  facet normal -0.899771 0 0.436362
    outer loop
      vertex 5.73361 -17.0596 4.88589
      vertex 5.68392 -15.3834 4.78343
      vertex 5.68392 -17.0768 4.78343
    endloop
  endfacet
  facet normal -0.136994 0 0.990572
    outer loop
      vertex 3.44086 -16.0319 3.2201
      vertex 3.55366 -17.6449 3.2357
      vertex 3.55366 -16.0072 3.2357
    endloop
  endfacet
  facet normal -0.136933 4.31737e-06 0.99058
    outer loop
      vertex 3.55366 -17.6449 3.2357
      vertex 3.44086 -16.0319 3.2201
      vertex 3.51163 -17.6541 3.22989
    endloop
  endfacet
  facet normal -0.137031 0 0.990567
    outer loop
      vertex 3.51163 -17.6541 3.22989
      vertex 3.44086 -16.0319 3.2201
      vertex 3.44086 -17.6668 3.2201
    endloop
  endfacet
  facet normal -0.603577 0 0.797305
    outer loop
      vertex 4.80458 -15.6772 3.75385
      vertex 4.89537 -17.3213 3.82258
      vertex 4.89537 -15.6497 3.82258
    endloop
  endfacet
  facet normal -0.603773 -1.70355e-05 0.797156
    outer loop
      vertex 4.89537 -17.3213 3.82258
      vertex 4.80458 -15.6772 3.75385
      vertex 4.88593 -17.3242 3.81543
    endloop
  endfacet
  facet normal -0.603554 0 0.797322
    outer loop
      vertex 4.88593 -17.3242 3.81543
      vertex 4.80458 -15.6772 3.75385
      vertex 4.80458 -17.3454 3.75385
    endloop
  endfacet
  facet normal -0.571746 0 0.820431
    outer loop
      vertex 4.71115 -15.7055 3.68874
      vertex 4.80458 -17.3454 3.75385
      vertex 4.80458 -15.6772 3.75385
    endloop
  endfacet
  facet normal -0.571746 0 0.820431
    outer loop
      vertex 4.80458 -17.3454 3.75385
      vertex 4.71115 -15.7055 3.68874
      vertex 4.71115 -17.3698 3.68874
    endloop
  endfacet
  facet normal -0.505623 0 0.862755
    outer loop
      vertex 4.517 -15.7644 3.56976
      vertex 4.61525 -17.3948 3.62734
      vertex 4.61525 -15.7346 3.62734
    endloop
  endfacet
  facet normal -0.505623 0 0.862755
    outer loop
      vertex 4.61525 -17.3948 3.62734
      vertex 4.517 -15.7644 3.56976
      vertex 4.517 -17.4205 3.56976
    endloop
  endfacet
  facet normal -0.539203 0 0.842176
    outer loop
      vertex 4.61525 -15.7346 3.62734
      vertex 4.71115 -17.3698 3.68874
      vertex 4.71115 -15.7055 3.68874
    endloop
  endfacet
  facet normal -0.539203 0 0.842176
    outer loop
      vertex 4.71115 -17.3698 3.68874
      vertex 4.61525 -15.7346 3.62734
      vertex 4.61525 -17.3948 3.62734
    endloop
  endfacet
  facet normal -0.0979995 0 0.995186
    outer loop
      vertex 3.32753 -16.0568 3.20894
      vertex 3.44086 -17.6668 3.2201
      vertex 3.44086 -16.0319 3.2201
    endloop
  endfacet
  facet normal -0.0979995 0 0.995186
    outer loop
      vertex 3.44086 -17.6668 3.2201
      vertex 3.32753 -16.0568 3.20894
      vertex 3.32753 -17.687 3.20894
    endloop
  endfacet
  facet normal -0.32756 0 0.94483
    outer loop
      vertex 3.99615 -15.9031 3.34194
      vertex 4.10374 -17.5242 3.37924
      vertex 4.10374 -15.875 3.37924
    endloop
  endfacet
  facet normal -0.32756 0 0.94483
    outer loop
      vertex 4.10374 -17.5242 3.37924
      vertex 3.99615 -15.9031 3.34194
      vertex 3.99615 -17.5478 3.34194
    endloop
  endfacet
  facet normal 0.400713 -0 0.916204
    outer loop
      vertex -4.31411 -17.4734 3.46638
      vertex -4.20978 -15.8474 3.42075
      vertex -4.31411 -15.8201 3.46638
    endloop
  endfacet
  facet normal 0.400713 0 0.916204
    outer loop
      vertex -4.20978 -15.8474 3.42075
      vertex -4.31411 -17.4734 3.46638
      vertex -4.20978 -17.5006 3.42075
    endloop
  endfacet
  facet normal 0.137031 0 0.990567
    outer loop
      vertex -3.44086 -16.0319 3.2201
      vertex -3.51163 -17.6541 3.22989
      vertex -3.44086 -17.6668 3.2201
    endloop
  endfacet
  facet normal 0.136994 -0 0.990572
    outer loop
      vertex -3.55366 -17.6449 3.2357
      vertex -3.44086 -16.0319 3.2201
      vertex -3.55366 -16.0072 3.2357
    endloop
  endfacet
  facet normal 0.136933 4.31737e-06 0.99058
    outer loop
      vertex -3.44086 -16.0319 3.2201
      vertex -3.55366 -17.6449 3.2357
      vertex -3.51163 -17.6541 3.22989
    endloop
  endfacet
  facet normal 0.214354 -0 0.976756
    outer loop
      vertex -3.77699 -17.5959 3.28013
      vertex -3.66576 -15.9826 3.25572
      vertex -3.77699 -15.9582 3.28013
    endloop
  endfacet
  facet normal 0.214354 0 0.976756
    outer loop
      vertex -3.66576 -15.9826 3.25572
      vertex -3.77699 -17.5959 3.28013
      vertex -3.66576 -17.6203 3.25572
    endloop
  endfacet
  facet normal 0.999807 0 -0.0196712
    outer loop
      vertex -5.99776 -15.2605 6.21385
      vertex -6 -16.9672 6.1
      vertex -6 -15.2597 6.1
    endloop
  endfacet
  facet normal 0.999807 0 -0.0196712
    outer loop
      vertex -6 -16.9672 6.1
      vertex -5.99776 -15.2605 6.21385
      vertex -5.99776 -16.968 6.21385
    endloop
  endfacet
  facet normal 0.820431 -0 0.571746
    outer loop
      vertex -5.51126 -17.1345 4.48885
      vertex -5.44615 -15.4662 4.39542
      vertex -5.51126 -15.4436 4.48885
    endloop
  endfacet
  facet normal 0.820431 0 0.571746
    outer loop
      vertex -5.44615 -15.4662 4.39542
      vertex -5.51126 -17.1345 4.48885
      vertex -5.44615 -17.1543 4.39542
    endloop
  endfacet
  facet normal 0.797305 -0 0.603577
    outer loop
      vertex -5.44615 -17.1543 4.39542
      vertex -5.37742 -15.49 4.30463
      vertex -5.44615 -15.4662 4.39542
    endloop
  endfacet
  facet normal 0.797305 0 0.603577
    outer loop
      vertex -5.37742 -15.49 4.30463
      vertex -5.44615 -17.1543 4.39542
      vertex -5.37742 -17.1751 4.30463
    endloop
  endfacet
  facet normal 0.95693 -0 0.290319
    outer loop
      vertex -5.89112 -17.005 5.31282
      vertex -5.85806 -15.3152 5.20385
      vertex -5.89112 -15.3023 5.31282
    endloop
  endfacet
  facet normal 0.95693 0 0.290319
    outer loop
      vertex -5.85806 -15.3152 5.20385
      vertex -5.89112 -17.005 5.31282
      vertex -5.85806 -17.0165 5.20385
    endloop
  endfacet
  facet normal 0.967607 -0 0.252461
    outer loop
      vertex -5.91987 -16.995 5.42301
      vertex -5.89112 -15.3023 5.31282
      vertex -5.91987 -15.291 5.42301
    endloop
  endfacet
  facet normal 0.967607 0 0.252461
    outer loop
      vertex -5.89112 -15.3023 5.31282
      vertex -5.91987 -16.995 5.42301
      vertex -5.89112 -17.005 5.31282
    endloop
  endfacet
  facet normal 0.967607 0 -0.252461
    outer loop
      vertex -5.89112 -15.3023 6.88718
      vertex -5.91987 -16.995 6.77699
      vertex -5.91987 -15.291 6.77699
    endloop
  endfacet
  facet normal 0.967607 0 -0.252461
    outer loop
      vertex -5.91987 -16.995 6.77699
      vertex -5.89112 -15.3023 6.88718
      vertex -5.89112 -17.005 6.88718
    endloop
  endfacet
  facet normal 0.984424 0 -0.175809
    outer loop
      vertex -5.94428 -15.2815 6.66576
      vertex -5.9643 -16.9796 6.55366
      vertex -5.9643 -15.2736 6.55366
    endloop
  endfacet
  facet normal 0.984424 0 -0.175809
    outer loop
      vertex -5.9643 -16.9796 6.55366
      vertex -5.94428 -15.2815 6.66576
      vertex -5.94428 -16.9866 6.66576
    endloop
  endfacet
  facet normal 0.899771 0 -0.436362
    outer loop
      vertex -5.68392 -15.3834 7.41657
      vertex -5.73361 -17.0596 7.31411
      vertex -5.73361 -15.3639 7.31411
    endloop
  endfacet
  facet normal 0.899771 0 -0.436362
    outer loop
      vertex -5.73361 -17.0596 7.31411
      vertex -5.68392 -15.3834 7.41657
      vertex -5.68392 -17.0768 7.41657
    endloop
  endfacet
  facet normal 0.881941 0 -0.471361
    outer loop
      vertex -5.67632 -15.3863 7.43079
      vertex -5.68392 -17.0768 7.41657
      vertex -5.68392 -15.3834 7.41657
    endloop
  endfacet
  facet normal 0.881922 3.72187e-07 -0.471395
    outer loop
      vertex -5.63024 -15.4023 7.517
      vertex -5.68392 -17.0768 7.41657
      vertex -5.67632 -15.3863 7.43079
    endloop
  endfacet
  facet normal 0.881925 0 -0.47139
    outer loop
      vertex -5.68392 -17.0768 7.41657
      vertex -5.63024 -15.4023 7.517
      vertex -5.63024 -17.0955 7.517
    endloop
  endfacet
  facet normal 0.931225 0 -0.364446
    outer loop
      vertex -5.77925 -15.3461 7.20978
      vertex -5.82075 -17.0294 7.10374
      vertex -5.82075 -15.3298 7.10374
    endloop
  endfacet
  facet normal 0.931225 0 -0.364446
    outer loop
      vertex -5.82075 -17.0294 7.10374
      vertex -5.77925 -15.3461 7.20978
      vertex -5.77925 -17.0438 7.20978
    endloop
  endfacet
  facet normal 0.327638 0 -0.944803
    outer loop
      vertex -4.10374 -17.5242 8.82075
      vertex -3.99615 -15.9031 8.85806
      vertex -3.99615 -17.5478 8.85806
    endloop
  endfacet
  facet normal 0.327638 0 -0.944803
    outer loop
      vertex -3.99615 -15.9031 8.85806
      vertex -4.10374 -17.5242 8.82075
      vertex -4.10374 -15.875 8.82075
    endloop
  endfacet
  facet normal -0.400787 -0 -0.916171
    outer loop
      vertex 4.20978 -15.8474 8.77925
      vertex 4.31411 -17.4734 8.73361
      vertex 4.20978 -17.5006 8.77925
    endloop
  endfacet
  facet normal -0.400787 0 -0.916171
    outer loop
      vertex 4.31411 -17.4734 8.73361
      vertex 4.20978 -15.8474 8.77925
      vertex 4.31411 -15.8201 8.73361
    endloop
  endfacet
  facet normal -0.842176 0 -0.539203
    outer loop
      vertex 5.57266 -17.1154 7.61525
      vertex 5.51126 -15.4436 7.71115
      vertex 5.57266 -15.4223 7.61525
    endloop
  endfacet
  facet normal -0.842093 1.04948e-05 -0.539333
    outer loop
      vertex 5.56231 -17.119 7.63141
      vertex 5.51126 -15.4436 7.71115
      vertex 5.57266 -17.1154 7.61525
    endloop
  endfacet
  facet normal -0.842193 -0 -0.539177
    outer loop
      vertex 5.51126 -15.4436 7.71115
      vertex 5.56231 -17.119 7.63141
      vertex 5.51126 -17.1345 7.71115
    endloop
  endfacet
  facet normal -0.881941 0 -0.471361
    outer loop
      vertex 5.68392 -17.0768 7.41657
      vertex 5.67632 -15.3863 7.43079
      vertex 5.68392 -15.3834 7.41657
    endloop
  endfacet
  facet normal -0.881922 3.72187e-07 -0.471395
    outer loop
      vertex 5.68392 -17.0768 7.41657
      vertex 5.63024 -15.4023 7.517
      vertex 5.67632 -15.3863 7.43079
    endloop
  endfacet
  facet normal -0.881925 -0 -0.47139
    outer loop
      vertex 5.63024 -15.4023 7.517
      vertex 5.68392 -17.0768 7.41657
      vertex 5.63024 -17.0955 7.517
    endloop
  endfacet
  facet normal -0.967607 0 -0.252461
    outer loop
      vertex 5.91987 -16.995 6.77699
      vertex 5.89112 -15.3023 6.88718
      vertex 5.91987 -15.291 6.77699
    endloop
  endfacet
  facet normal -0.967607 -0 -0.252461
    outer loop
      vertex 5.89112 -15.3023 6.88718
      vertex 5.91987 -16.995 6.77699
      vertex 5.89112 -17.005 6.88718
    endloop
  endfacet
  facet normal -0.797305 0 0.603577
    outer loop
      vertex 5.37742 -15.49 4.30463
      vertex 5.44615 -17.1543 4.39542
      vertex 5.44615 -15.4662 4.39542
    endloop
  endfacet
  facet normal -0.797305 0 0.603577
    outer loop
      vertex 5.44615 -17.1543 4.39542
      vertex 5.37742 -15.49 4.30463
      vertex 5.37742 -17.1751 4.30463
    endloop
  endfacet
  facet normal -0.820431 0 0.571746
    outer loop
      vertex 5.44615 -15.4662 4.39542
      vertex 5.51126 -17.1345 4.48885
      vertex 5.51126 -15.4436 4.48885
    endloop
  endfacet
  facet normal -0.820431 0 0.571746
    outer loop
      vertex 5.51126 -17.1345 4.48885
      vertex 5.44615 -15.4662 4.39542
      vertex 5.44615 -17.1543 4.39542
    endloop
  endfacet
  facet normal -0.842176 0 0.539203
    outer loop
      vertex 5.51126 -15.4436 4.48885
      vertex 5.57266 -17.1154 4.58475
      vertex 5.57266 -15.4223 4.58475
    endloop
  endfacet
  facet normal -0.842093 1.04948e-05 0.539333
    outer loop
      vertex 5.51126 -15.4436 4.48885
      vertex 5.56231 -17.119 4.56859
      vertex 5.57266 -17.1154 4.58475
    endloop
  endfacet
  facet normal -0.842193 0 0.539177
    outer loop
      vertex 5.56231 -17.119 4.56859
      vertex 5.51126 -15.4436 4.48885
      vertex 5.51126 -17.1345 4.48885
    endloop
  endfacet
  facet normal -0.931225 0 0.364446
    outer loop
      vertex 5.77925 -15.3461 4.99022
      vertex 5.82075 -17.0294 5.09626
      vertex 5.82075 -15.3298 5.09626
    endloop
  endfacet
  facet normal -0.931225 0 0.364446
    outer loop
      vertex 5.82075 -17.0294 5.09626
      vertex 5.77925 -15.3461 4.99022
      vertex 5.77925 -17.0438 4.99022
    endloop
  endfacet
  facet normal -0.436433 0 0.899737
    outer loop
      vertex 4.31411 -15.8201 3.46638
      vertex 4.41657 -17.4467 3.51608
      vertex 4.41657 -15.7934 3.51608
    endloop
  endfacet
  facet normal -0.436433 0 0.899737
    outer loop
      vertex 4.41657 -17.4467 3.51608
      vertex 4.31411 -15.8201 3.46638
      vertex 4.31411 -17.4734 3.46638
    endloop
  endfacet
  facet normal -0.47133 0 0.881957
    outer loop
      vertex 4.45162 -15.7843 3.53482
      vertex 4.517 -17.4205 3.56976
      vertex 4.517 -15.7644 3.56976
    endloop
  endfacet
  facet normal -0.4715 -8.73894e-06 0.881866
    outer loop
      vertex 4.41657 -15.7934 3.51608
      vertex 4.517 -17.4205 3.56976
      vertex 4.45162 -15.7843 3.53482
    endloop
  endfacet
  facet normal -0.47139 0 0.881925
    outer loop
      vertex 4.517 -17.4205 3.56976
      vertex 4.41657 -15.7934 3.51608
      vertex 4.41657 -17.4467 3.51608
    endloop
  endfacet
  facet normal -0.252455 0 0.967609
    outer loop
      vertex 3.8285 -15.9469 3.29357
      vertex 3.88718 -17.5717 3.30888
      vertex 3.88718 -15.9316 3.30888
    endloop
  endfacet
  facet normal -0.252468 -4.71434e-07 0.967605
    outer loop
      vertex 3.77699 -15.9582 3.28013
      vertex 3.88718 -17.5717 3.30888
      vertex 3.8285 -15.9469 3.29357
    endloop
  endfacet
  facet normal -0.252461 0 0.967607
    outer loop
      vertex 3.88718 -17.5717 3.30888
      vertex 3.77699 -15.9582 3.28013
      vertex 3.77699 -17.5959 3.28013
    endloop
  endfacet
  facet normal -0.214354 0 0.976756
    outer loop
      vertex 3.66576 -15.9826 3.25572
      vertex 3.77699 -17.5959 3.28013
      vertex 3.77699 -15.9582 3.28013
    endloop
  endfacet
  facet normal -0.214354 0 0.976756
    outer loop
      vertex 3.77699 -17.5959 3.28013
      vertex 3.66576 -15.9826 3.25572
      vertex 3.66576 -17.6203 3.25572
    endloop
  endfacet
  facet normal -0.175809 0 0.984424
    outer loop
      vertex 3.55366 -16.0072 3.2357
      vertex 3.66576 -17.6203 3.25572
      vertex 3.66576 -15.9826 3.25572
    endloop
  endfacet
  facet normal -0.175809 0 0.984424
    outer loop
      vertex 3.66576 -17.6203 3.25572
      vertex 3.55366 -16.0072 3.2357
      vertex 3.55366 -17.6449 3.2357
    endloop
  endfacet
  facet normal -0.290319 0 0.95693
    outer loop
      vertex 3.88718 -15.9316 3.30888
      vertex 3.99615 -17.5478 3.34194
      vertex 3.99615 -15.9031 3.34194
    endloop
  endfacet
  facet normal -0.290319 0 0.95693
    outer loop
      vertex 3.99615 -17.5478 3.34194
      vertex 3.88718 -15.9316 3.30888
      vertex 3.88718 -17.5717 3.30888
    endloop
  endfacet
  facet normal -0.400713 0 0.916204
    outer loop
      vertex 4.20978 -15.8474 3.42075
      vertex 4.31411 -17.4734 3.46638
      vertex 4.31411 -15.8201 3.46638
    endloop
  endfacet
  facet normal -0.400713 0 0.916204
    outer loop
      vertex 4.31411 -17.4734 3.46638
      vertex 4.20978 -15.8474 3.42075
      vertex 4.20978 -17.5006 3.42075
    endloop
  endfacet
  facet normal 0.505623 -0 0.862755
    outer loop
      vertex -4.61525 -17.3948 3.62734
      vertex -4.517 -15.7644 3.56976
      vertex -4.61525 -15.7346 3.62734
    endloop
  endfacet
  facet normal 0.505623 0 0.862755
    outer loop
      vertex -4.517 -15.7644 3.56976
      vertex -4.61525 -17.3948 3.62734
      vertex -4.517 -17.4205 3.56976
    endloop
  endfacet
  facet normal 0.0195991 5.11932e-06 0.999808
    outer loop
      vertex -3.21385 -17.7073 3.20224
      vertex -3.1 -16.1026 3.2
      vertex -3.19948 -16.0849 3.20195
    endloop
  endfacet
  facet normal 0.0201768 -0 0.999796
    outer loop
      vertex -3.21385 -17.7073 3.20224
      vertex -3.19948 -16.0849 3.20195
      vertex -3.21385 -16.0817 3.20224
    endloop
  endfacet
  facet normal 0.0196712 0 0.999807
    outer loop
      vertex -3.1 -16.1026 3.2
      vertex -3.21385 -17.7073 3.20224
      vertex -3.1 -17.7276 3.2
    endloop
  endfacet
  facet normal 0.747506 -0 0.664255
    outer loop
      vertex -5.30518 -17.197 4.2166
      vertex -5.22954 -15.5413 4.13148
      vertex -5.30518 -15.515 4.2166
    endloop
  endfacet
  facet normal 0.747506 0 0.664255
    outer loop
      vertex -5.22954 -15.5413 4.13148
      vertex -5.30518 -17.197 4.2166
      vertex -5.22954 -17.22 4.13148
    endloop
  endfacet
  facet normal 0.539203 -0 0.842176
    outer loop
      vertex -4.71115 -17.3698 3.68874
      vertex -4.61525 -15.7346 3.62734
      vertex -4.71115 -15.7055 3.68874
    endloop
  endfacet
  facet normal 0.539203 0 0.842176
    outer loop
      vertex -4.61525 -15.7346 3.62734
      vertex -4.71115 -17.3698 3.68874
      vertex -4.61525 -17.3948 3.62734
    endloop
  endfacet
  facet normal 0.998268 0 -0.0588353
    outer loop
      vertex -5.99106 -15.2632 6.32753
      vertex -5.99776 -16.968 6.21385
      vertex -5.99776 -15.2605 6.21385
    endloop
  endfacet
  facet normal 0.998268 0 -0.0588353
    outer loop
      vertex -5.99776 -16.968 6.21385
      vertex -5.99106 -15.2632 6.32753
      vertex -5.99106 -16.9703 6.32753
    endloop
  endfacet
  facet normal 0.881941 -0 0.471361
    outer loop
      vertex -5.68392 -17.0768 4.78343
      vertex -5.67632 -15.3863 4.76921
      vertex -5.68392 -15.3834 4.78343
    endloop
  endfacet
  facet normal 0.881922 3.72187e-07 0.471395
    outer loop
      vertex -5.68392 -17.0768 4.78343
      vertex -5.63024 -15.4023 4.683
      vertex -5.67632 -15.3863 4.76921
    endloop
  endfacet
  facet normal 0.881925 0 0.47139
    outer loop
      vertex -5.63024 -15.4023 4.683
      vertex -5.68392 -17.0768 4.78343
      vertex -5.63024 -17.0955 4.683
    endloop
  endfacet
  facet normal 0.899771 -0 0.436362
    outer loop
      vertex -5.73361 -17.0596 4.88589
      vertex -5.68392 -15.3834 4.78343
      vertex -5.73361 -15.3639 4.88589
    endloop
  endfacet
  facet normal 0.899771 0 0.436362
    outer loop
      vertex -5.68392 -15.3834 4.78343
      vertex -5.73361 -17.0596 4.88589
      vertex -5.68392 -17.0768 4.78343
    endloop
  endfacet
  facet normal 0.944803 -0 0.327638
    outer loop
      vertex -5.85806 -17.0165 5.20385
      vertex -5.82075 -15.3298 5.09626
      vertex -5.85806 -15.3152 5.20385
    endloop
  endfacet
  facet normal 0.944803 0 0.327638
    outer loop
      vertex -5.82075 -15.3298 5.09626
      vertex -5.85806 -17.0165 5.20385
      vertex -5.82075 -17.0294 5.09626
    endloop
  endfacet
  facet normal 0.916171 0 -0.400787
    outer loop
      vertex -5.73361 -15.3639 7.31411
      vertex -5.77925 -17.0438 7.20978
      vertex -5.77925 -15.3461 7.20978
    endloop
  endfacet
  facet normal 0.916171 0 -0.400787
    outer loop
      vertex -5.77925 -17.0438 7.20978
      vertex -5.73361 -15.3639 7.31411
      vertex -5.73361 -17.0596 7.31411
    endloop
  endfacet
  facet normal 0.842176 0 -0.539203
    outer loop
      vertex -5.51126 -15.4436 7.71115
      vertex -5.57266 -17.1154 7.61525
      vertex -5.57266 -15.4223 7.61525
    endloop
  endfacet
  facet normal 0.842093 1.04948e-05 -0.539333
    outer loop
      vertex -5.51126 -15.4436 7.71115
      vertex -5.56231 -17.119 7.63141
      vertex -5.57266 -17.1154 7.61525
    endloop
  endfacet
  facet normal 0.842193 0 -0.539177
    outer loop
      vertex -5.56231 -17.119 7.63141
      vertex -5.51126 -15.4436 7.71115
      vertex -5.51126 -17.1345 7.71115
    endloop
  endfacet
  facet normal -0.976756 0 0.214354
    outer loop
      vertex 5.91987 -15.291 5.42301
      vertex 5.94428 -16.9866 5.53424
      vertex 5.94428 -15.2815 5.53424
    endloop
  endfacet
  facet normal -0.976756 0 0.214354
    outer loop
      vertex 5.94428 -16.9866 5.53424
      vertex 5.91987 -15.291 5.42301
      vertex 5.91987 -16.995 5.42301
    endloop
  endfacet
  facet normal -0.990572 0 0.136994
    outer loop
      vertex 5.9643 -15.2736 5.64634
      vertex 5.9799 -16.9742 5.75914
      vertex 5.9799 -15.2675 5.75914
    endloop
  endfacet
  facet normal -0.990572 0 0.136994
    outer loop
      vertex 5.9799 -16.9742 5.75914
      vertex 5.9643 -15.2736 5.64634
      vertex 5.9643 -16.9796 5.64634
    endloop
  endfacet
  facet normal -0.995186 0 0.0979995
    outer loop
      vertex 5.9799 -15.2675 5.75914
      vertex 5.99106 -16.9703 5.87247
      vertex 5.99106 -15.2632 5.87247
    endloop
  endfacet
  facet normal -0.995186 0 0.0979995
    outer loop
      vertex 5.99106 -16.9703 5.87247
      vertex 5.9799 -15.2675 5.75914
      vertex 5.9799 -16.9742 5.75914
    endloop
  endfacet
  facet normal -0.665088 0 0.746765
    outer loop
      vertex 5.06788 -15.5973 3.96989
      vertex 5.06852 -17.2688 3.97046
      vertex 5.06852 -15.5971 3.97046
    endloop
  endfacet
  facet normal -0.664249 5.75885e-07 0.747512
    outer loop
      vertex 4.9834 -15.623 3.89482
      vertex 5.06852 -17.2688 3.97046
      vertex 5.06788 -15.5973 3.96989
    endloop
  endfacet
  facet normal -0.664255 0 0.747506
    outer loop
      vertex 5.06852 -17.2688 3.97046
      vertex 4.9834 -15.623 3.89482
      vertex 4.9834 -17.2946 3.89482
    endloop
  endfacet
  facet normal -0.693096 0 0.720845
    outer loop
      vertex 5.06852 -15.5971 3.97046
      vertex 5.15061 -17.2439 4.04939
      vertex 5.15061 -15.5686 4.04939
    endloop
  endfacet
  facet normal -0.693096 0 0.720845
    outer loop
      vertex 5.15061 -17.2439 4.04939
      vertex 5.06852 -15.5971 3.97046
      vertex 5.06852 -17.2688 3.97046
    endloop
  endfacet
  facet normal -0.720845 0 0.693096
    outer loop
      vertex 5.15061 -15.5686 4.04939
      vertex 5.22954 -17.22 4.13148
      vertex 5.22954 -15.5413 4.13148
    endloop
  endfacet
  facet normal -0.720845 0 0.693096
    outer loop
      vertex 5.22954 -17.22 4.13148
      vertex 5.15061 -15.5686 4.04939
      vertex 5.15061 -17.2439 4.04939
    endloop
  endfacet
  facet normal -0.364522 0 0.931195
    outer loop
      vertex 4.10374 -15.875 3.37924
      vertex 4.20978 -17.5006 3.42075
      vertex 4.20978 -15.8474 3.42075
    endloop
  endfacet
  facet normal -0.364757 -1.76975e-05 0.931103
    outer loop
      vertex 4.20978 -17.5006 3.42075
      vertex 4.10374 -15.875 3.37924
      vertex 4.20202 -17.5027 3.41771
    endloop
  endfacet
  facet normal -0.364503 0 0.931202
    outer loop
      vertex 4.20202 -17.5027 3.41771
      vertex 4.10374 -15.875 3.37924
      vertex 4.10374 -17.5242 3.37924
    endloop
  endfacet
  facet normal 0.4715 -8.73894e-06 0.881866
    outer loop
      vertex -4.517 -17.4205 3.56976
      vertex -4.41657 -15.7934 3.51608
      vertex -4.45162 -15.7843 3.53482
    endloop
  endfacet
  facet normal 0.47133 -0 0.881957
    outer loop
      vertex -4.517 -17.4205 3.56976
      vertex -4.45162 -15.7843 3.53482
      vertex -4.517 -15.7644 3.56976
    endloop
  endfacet
  facet normal 0.47139 0 0.881925
    outer loop
      vertex -4.41657 -15.7934 3.51608
      vertex -4.517 -17.4205 3.56976
      vertex -4.41657 -17.4467 3.51608
    endloop
  endfacet
  facet normal 0.436433 -0 0.899737
    outer loop
      vertex -4.41657 -17.4467 3.51608
      vertex -4.31411 -15.8201 3.46638
      vertex -4.41657 -15.7934 3.51608
    endloop
  endfacet
  facet normal 0.436433 0 0.899737
    outer loop
      vertex -4.31411 -15.8201 3.46638
      vertex -4.41657 -17.4467 3.51608
      vertex -4.31411 -17.4734 3.46638
    endloop
  endfacet
  facet normal 0.364503 0 0.931202
    outer loop
      vertex -4.10374 -15.875 3.37924
      vertex -4.20202 -17.5027 3.41771
      vertex -4.10374 -17.5242 3.37924
    endloop
  endfacet
  facet normal 0.364522 -0 0.931195
    outer loop
      vertex -4.20978 -17.5006 3.42075
      vertex -4.10374 -15.875 3.37924
      vertex -4.20978 -15.8474 3.42075
    endloop
  endfacet
  facet normal 0.364757 -1.76975e-05 0.931103
    outer loop
      vertex -4.10374 -15.875 3.37924
      vertex -4.20978 -17.5006 3.42075
      vertex -4.20202 -17.5027 3.41771
    endloop
  endfacet
  facet normal 0.32756 -0 0.94483
    outer loop
      vertex -4.10374 -17.5242 3.37924
      vertex -3.99615 -15.9031 3.34194
      vertex -4.10374 -15.875 3.37924
    endloop
  endfacet
  facet normal 0.32756 0 0.94483
    outer loop
      vertex -3.99615 -15.9031 3.34194
      vertex -4.10374 -17.5242 3.37924
      vertex -3.99615 -17.5478 3.34194
    endloop
  endfacet
  facet normal 0.290319 -0 0.95693
    outer loop
      vertex -3.99615 -17.5478 3.34194
      vertex -3.88718 -15.9316 3.30888
      vertex -3.99615 -15.9031 3.34194
    endloop
  endfacet
  facet normal 0.290319 0 0.95693
    outer loop
      vertex -3.88718 -15.9316 3.30888
      vertex -3.99615 -17.5478 3.34194
      vertex -3.88718 -17.5717 3.30888
    endloop
  endfacet
  facet normal 0.773029 -0 0.63437
    outer loop
      vertex -5.37742 -17.1751 4.30463
      vertex -5.30518 -15.515 4.2166
      vertex -5.37742 -15.49 4.30463
    endloop
  endfacet
  facet normal 0.773029 0 0.63437
    outer loop
      vertex -5.30518 -15.515 4.2166
      vertex -5.37742 -17.1751 4.30463
      vertex -5.30518 -17.197 4.2166
    endloop
  endfacet
  facet normal 0.693096 -0 0.720845
    outer loop
      vertex -5.15061 -17.2439 4.04939
      vertex -5.06852 -15.5971 3.97046
      vertex -5.15061 -15.5686 4.04939
    endloop
  endfacet
  facet normal 0.693096 0 0.720845
    outer loop
      vertex -5.06852 -15.5971 3.97046
      vertex -5.15061 -17.2439 4.04939
      vertex -5.06852 -17.2688 3.97046
    endloop
  endfacet
  facet normal 0.571746 -0 0.820431
    outer loop
      vertex -4.80458 -17.3454 3.75385
      vertex -4.71115 -15.7055 3.68874
      vertex -4.80458 -15.6772 3.75385
    endloop
  endfacet
  facet normal 0.571746 0 0.820431
    outer loop
      vertex -4.71115 -15.7055 3.68874
      vertex -4.80458 -17.3454 3.75385
      vertex -4.71115 -17.3698 3.68874
    endloop
  endfacet
  facet normal 0.63437 -0 0.773029
    outer loop
      vertex -4.9834 -17.2946 3.89482
      vertex -4.89537 -15.6497 3.82258
      vertex -4.9834 -15.623 3.89482
    endloop
  endfacet
  facet normal 0.63437 0 0.773029
    outer loop
      vertex -4.89537 -15.6497 3.82258
      vertex -4.9834 -17.2946 3.89482
      vertex -4.89537 -17.3213 3.82258
    endloop
  endfacet
  facet normal 0.603554 0 0.797322
    outer loop
      vertex -4.80458 -15.6772 3.75385
      vertex -4.88593 -17.3242 3.81543
      vertex -4.80458 -17.3454 3.75385
    endloop
  endfacet
  facet normal 0.603577 -0 0.797305
    outer loop
      vertex -4.89537 -17.3213 3.82258
      vertex -4.80458 -15.6772 3.75385
      vertex -4.89537 -15.6497 3.82258
    endloop
  endfacet
  facet normal 0.603773 -1.70355e-05 0.797156
    outer loop
      vertex -4.80458 -15.6772 3.75385
      vertex -4.89537 -17.3213 3.82258
      vertex -4.88593 -17.3242 3.81543
    endloop
  endfacet
  facet normal 0.664249 5.75885e-07 0.747512
    outer loop
      vertex -5.06852 -17.2688 3.97046
      vertex -4.9834 -15.623 3.89482
      vertex -5.06788 -15.5973 3.96989
    endloop
  endfacet
  facet normal 0.665088 -0 0.746765
    outer loop
      vertex -5.06852 -17.2688 3.97046
      vertex -5.06788 -15.5973 3.96989
      vertex -5.06852 -15.5971 3.97046
    endloop
  endfacet
  facet normal 0.664255 0 0.747506
    outer loop
      vertex -4.9834 -15.623 3.89482
      vertex -5.06852 -17.2688 3.97046
      vertex -4.9834 -17.2946 3.89482
    endloop
  endfacet
  facet normal 0.916171 -0 0.400787
    outer loop
      vertex -5.77925 -17.0438 4.99022
      vertex -5.73361 -15.3639 4.88589
      vertex -5.77925 -15.3461 4.99022
    endloop
  endfacet
  facet normal 0.916171 0 0.400787
    outer loop
      vertex -5.73361 -15.3639 4.88589
      vertex -5.77925 -17.0438 4.99022
      vertex -5.73361 -17.0596 4.88589
    endloop
  endfacet
  facet normal 0.976756 -0 0.214354
    outer loop
      vertex -5.94428 -16.9866 5.53424
      vertex -5.91987 -15.291 5.42301
      vertex -5.94428 -15.2815 5.53424
    endloop
  endfacet
  facet normal 0.976756 0 0.214354
    outer loop
      vertex -5.91987 -15.291 5.42301
      vertex -5.94428 -16.9866 5.53424
      vertex -5.91987 -16.995 5.42301
    endloop
  endfacet
  facet normal 0.820431 0 -0.571746
    outer loop
      vertex -5.44615 -15.4662 7.80458
      vertex -5.51126 -17.1345 7.71115
      vertex -5.51126 -15.4436 7.71115
    endloop
  endfacet
  facet normal 0.820431 0 -0.571746
    outer loop
      vertex -5.51126 -17.1345 7.71115
      vertex -5.44615 -15.4662 7.80458
      vertex -5.44615 -17.1543 7.80458
    endloop
  endfacet
  facet normal 0.797305 0 -0.603577
    outer loop
      vertex -5.37742 -15.49 7.89537
      vertex -5.44615 -17.1543 7.80458
      vertex -5.44615 -15.4662 7.80458
    endloop
  endfacet
  facet normal 0.797305 0 -0.603577
    outer loop
      vertex -5.44615 -17.1543 7.80458
      vertex -5.37742 -15.49 7.89537
      vertex -5.37742 -17.1751 7.89537
    endloop
  endfacet
  facet normal -0.999807 0 -0.0196712
    outer loop
      vertex 6 -16.9672 6.1
      vertex 5.99776 -15.2605 6.21385
      vertex 6 -15.2597 6.1
    endloop
  endfacet
  facet normal -0.999807 -0 -0.0196712
    outer loop
      vertex 5.99776 -15.2605 6.21385
      vertex 6 -16.9672 6.1
      vertex 5.99776 -16.968 6.21385
    endloop
  endfacet
  facet normal 0.720845 -0 0.693096
    outer loop
      vertex -5.22954 -17.22 4.13148
      vertex -5.15061 -15.5686 4.04939
      vertex -5.22954 -15.5413 4.13148
    endloop
  endfacet
  facet normal 0.720845 0 0.693096
    outer loop
      vertex -5.15061 -15.5686 4.04939
      vertex -5.22954 -17.22 4.13148
      vertex -5.15061 -17.2439 4.04939
    endloop
  endfacet
  facet normal 0.984424 -0 0.175809
    outer loop
      vertex -5.9643 -16.9796 5.64634
      vertex -5.94428 -15.2815 5.53424
      vertex -5.9643 -15.2736 5.64634
    endloop
  endfacet
  facet normal 0.984424 0 0.175809
    outer loop
      vertex -5.94428 -15.2815 5.53424
      vertex -5.9643 -16.9796 5.64634
      vertex -5.94428 -16.9866 5.53424
    endloop
  endfacet
endsolid OpenSCAD_Model
