solid OpenSCAD_Model
  facet normal 0.664285 -0.74748 0
    outer loop
      vertex 11.6901 -13.6873 0
      vertex 12.2184 -13.2178 2
      vertex 11.6901 -13.6873 2
    endloop
  endfacet
  facet normal 0.664285 -0.74748 0
    outer loop
      vertex 12.2184 -13.2178 2
      vertex 11.6901 -13.6873 0
      vertex 12.2184 -13.2178 0
    endloop
  endfacet
  facet normal -0.364457 -0.93122 0
    outer loop
      vertex -6.8883 -16.6298 0
      vertex -6.23011 -16.8874 2
      vertex -6.8883 -16.6298 2
    endloop
  endfacet
  facet normal -0.364457 -0.93122 -0
    outer loop
      vertex -6.23011 -16.8874 2
      vertex -6.8883 -16.6298 0
      vertex -6.23011 -16.8874 0
    endloop
  endfacet
  facet normal -0.916215 -0.400686 0
    outer loop
      vertex -16.3466 -7.53587 0
      vertex -16.6298 -6.8883 2
      vertex -16.6298 -6.8883 0
    endloop
  endfacet
  facet normal -0.916215 -0.400686 0
    outer loop
      vertex -16.6298 -6.8883 2
      vertex -16.3466 -7.53587 0
      vertex -16.3466 -7.53587 2
    endloop
  endfacet
  facet normal 0.539042 0.842279 -0
    outer loop
      vertex 10.0003 14.9665 0
      vertex 9.40497 15.3475 2
      vertex 10.0003 14.9665 2
    endloop
  endfacet
  facet normal 0.539042 0.842279 0
    outer loop
      vertex 9.40497 15.3475 2
      vertex 10.0003 14.9665 0
      vertex 9.40497 15.3475 0
    endloop
  endfacet
  facet normal 0.999807 0.0196657 0
    outer loop
      vertex 18 0 2
      vertex 17.9861 0.706676 0
      vertex 17.9861 0.706676 2
    endloop
  endfacet
  facet normal 0.999807 0.0196657 0
    outer loop
      vertex 17.9861 0.706676 0
      vertex 18 0 2
      vertex 18 0 0
    endloop
  endfacet
  facet normal -0.400686 0.916215 0
    outer loop
      vertex -6.8883 16.6298 0
      vertex -7.53587 16.3466 2
      vertex -6.8883 16.6298 2
    endloop
  endfacet
  facet normal -0.400686 0.916215 0
    outer loop
      vertex -7.53587 16.3466 2
      vertex -6.8883 16.6298 0
      vertex -7.53587 16.3466 0
    endloop
  endfacet
  facet normal 0.944794 -0.327664 0
    outer loop
      vertex 16.8874 -6.23011 2
      vertex 17.119 -5.56231 0
      vertex 17.119 -5.56231 2
    endloop
  endfacet
  facet normal 0.944794 -0.327664 0
    outer loop
      vertex 17.119 -5.56231 0
      vertex 16.8874 -6.23011 2
      vertex 16.8874 -6.23011 0
    endloop
  endfacet
  facet normal 0.899728 -0.436452 0
    outer loop
      vertex 16.0381 -8.17183 2
      vertex 16.3466 -7.53587 0
      vertex 16.3466 -7.53587 2
    endloop
  endfacet
  facet normal 0.899728 -0.436452 0
    outer loop
      vertex 16.3466 -7.53587 0
      vertex 16.0381 -8.17183 2
      vertex 16.0381 -8.17183 0
    endloop
  endfacet
  facet normal 0.400686 -0.916215 0
    outer loop
      vertex 6.8883 -16.6298 0
      vertex 7.53587 -16.3466 2
      vertex 6.8883 -16.6298 2
    endloop
  endfacet
  facet normal 0.400686 -0.916215 0
    outer loop
      vertex 7.53587 -16.3466 2
      vertex 6.8883 -16.6298 0
      vertex 7.53587 -16.3466 0
    endloop
  endfacet
  facet normal -0.720836 -0.693106 0
    outer loop
      vertex -12.7279 -12.7279 0
      vertex -13.2178 -12.2184 2
      vertex -13.2178 -12.2184 0
    endloop
  endfacet
  facet normal -0.720836 -0.693106 0
    outer loop
      vertex -13.2178 -12.2184 2
      vertex -12.7279 -12.7279 0
      vertex -12.7279 -12.7279 2
    endloop
  endfacet
  facet normal -0.175857 -0.984416 0
    outer loop
      vertex -3.51163 -17.6541 0
      vertex -2.81582 -17.7784 2
      vertex -3.51163 -17.6541 2
    endloop
  endfacet
  facet normal -0.175857 -0.984416 -0
    outer loop
      vertex -2.81582 -17.7784 2
      vertex -3.51163 -17.6541 0
      vertex -2.81582 -17.7784 0
    endloop
  endfacet
  facet normal 0.93122 0.364457 0
    outer loop
      vertex 16.8874 6.23011 2
      vertex 16.6298 6.8883 0
      vertex 16.6298 6.8883 2
    endloop
  endfacet
  facet normal 0.93122 0.364457 0
    outer loop
      vertex 16.6298 6.8883 0
      vertex 16.8874 6.23011 2
      vertex 16.8874 6.23011 0
    endloop
  endfacet
  facet normal -0.693106 0.720836 0
    outer loop
      vertex -12.2184 13.2178 0
      vertex -12.7279 12.7279 2
      vertex -12.2184 13.2178 2
    endloop
  endfacet
  facet normal -0.693106 0.720836 0
    outer loop
      vertex -12.7279 12.7279 2
      vertex -12.2184 13.2178 0
      vertex -12.7279 12.7279 0
    endloop
  endfacet
  facet normal -0.984416 0.175857 0
    outer loop
      vertex -17.7784 2.81582 0
      vertex -17.6541 3.51163 2
      vertex -17.6541 3.51163 0
    endloop
  endfacet
  facet normal -0.984416 0.175857 0
    outer loop
      vertex -17.6541 3.51163 2
      vertex -17.7784 2.81582 0
      vertex -17.7784 2.81582 2
    endloop
  endfacet
  facet normal 0.976788 -0.214206 0
    outer loop
      vertex 17.5027 -4.20202 2
      vertex 17.6541 -3.51163 0
      vertex 17.6541 -3.51163 2
    endloop
  endfacet
  facet normal 0.976788 -0.214206 0
    outer loop
      vertex 17.6541 -3.51163 0
      vertex 17.5027 -4.20202 2
      vertex 17.5027 -4.20202 0
    endloop
  endfacet
  facet normal 0.820334 -0.571885 0
    outer loop
      vertex 14.5623 -10.5801 2
      vertex 14.9665 -10.0003 0
      vertex 14.9665 -10.0003 2
    endloop
  endfacet
  facet normal 0.820334 -0.571885 0
    outer loop
      vertex 14.9665 -10.0003 0
      vertex 14.5623 -10.5801 2
      vertex 14.5623 -10.5801 0
    endloop
  endfacet
  facet normal 0.539042 -0.842279 0
    outer loop
      vertex 9.40497 -15.3475 0
      vertex 10.0003 -14.9665 2
      vertex 9.40497 -15.3475 2
    endloop
  endfacet
  facet normal 0.539042 -0.842279 0
    outer loop
      vertex 10.0003 -14.9665 2
      vertex 9.40497 -15.3475 0
      vertex 10.0003 -14.9665 0
    endloop
  endfacet
  facet normal 0.0980454 -0.995182 0
    outer loop
      vertex 1.41226 -17.9445 0
      vertex 2.11567 -17.8752 2
      vertex 1.41226 -17.9445 2
    endloop
  endfacet
  facet normal 0.0980454 -0.995182 0
    outer loop
      vertex 2.11567 -17.8752 2
      vertex 1.41226 -17.9445 0
      vertex 2.11567 -17.8752 0
    endloop
  endfacet
  facet normal 0.214206 -0.976788 0
    outer loop
      vertex 3.51163 -17.6541 0
      vertex 4.20202 -17.5027 2
      vertex 3.51163 -17.6541 2
    endloop
  endfacet
  facet normal 0.214206 -0.976788 0
    outer loop
      vertex 4.20202 -17.5027 2
      vertex 3.51163 -17.6541 0
      vertex 4.20202 -17.5027 0
    endloop
  endfacet
  facet normal -0.995182 -0.0980454 0
    outer loop
      vertex -17.8752 -2.11567 0
      vertex -17.9445 -1.41226 2
      vertex -17.9445 -1.41226 0
    endloop
  endfacet
  facet normal -0.995182 -0.0980454 0
    outer loop
      vertex -17.9445 -1.41226 2
      vertex -17.8752 -2.11567 0
      vertex -17.8752 -2.11567 2
    endloop
  endfacet
  facet normal -0.976788 -0.214206 0
    outer loop
      vertex -17.5027 -4.20202 0
      vertex -17.6541 -3.51163 2
      vertex -17.6541 -3.51163 0
    endloop
  endfacet
  facet normal -0.976788 -0.214206 0
    outer loop
      vertex -17.6541 -3.51163 2
      vertex -17.5027 -4.20202 0
      vertex -17.5027 -4.20202 2
    endloop
  endfacet
  facet normal -0.820334 -0.571885 0
    outer loop
      vertex -14.5623 -10.5801 0
      vertex -14.9665 -10.0003 2
      vertex -14.9665 -10.0003 0
    endloop
  endfacet
  facet normal -0.820334 -0.571885 0
    outer loop
      vertex -14.9665 -10.0003 2
      vertex -14.5623 -10.5801 0
      vertex -14.5623 -10.5801 2
    endloop
  endfacet
  facet normal -0.0980454 -0.995182 0
    outer loop
      vertex -2.11567 -17.8752 0
      vertex -1.41226 -17.9445 2
      vertex -2.11567 -17.8752 2
    endloop
  endfacet
  facet normal -0.0980454 -0.995182 -0
    outer loop
      vertex -1.41226 -17.9445 2
      vertex -2.11567 -17.8752 0
      vertex -1.41226 -17.9445 0
    endloop
  endfacet
  facet normal -0.539042 -0.842279 0
    outer loop
      vertex -10.0003 -14.9665 0
      vertex -9.40497 -15.3475 2
      vertex -10.0003 -14.9665 2
    endloop
  endfacet
  facet normal -0.539042 -0.842279 -0
    outer loop
      vertex -9.40497 -15.3475 2
      vertex -10.0003 -14.9665 0
      vertex -9.40497 -15.3475 0
    endloop
  endfacet
  facet normal -0.436452 -0.899728 0
    outer loop
      vertex -8.17183 -16.0381 0
      vertex -7.53587 -16.3466 2
      vertex -8.17183 -16.0381 2
    endloop
  endfacet
  facet normal -0.436452 -0.899728 -0
    outer loop
      vertex -7.53587 -16.3466 2
      vertex -8.17183 -16.0381 0
      vertex -7.53587 -16.3466 0
    endloop
  endfacet
  facet normal 0.74748 0.664285 0
    outer loop
      vertex 13.6873 11.6901 2
      vertex 13.2178 12.2184 0
      vertex 13.2178 12.2184 2
    endloop
  endfacet
  facet normal 0.74748 0.664285 0
    outer loop
      vertex 13.2178 12.2184 0
      vertex 13.6873 11.6901 2
      vertex 13.6873 11.6901 0
    endloop
  endfacet
  facet normal -0.0980454 0.995182 0
    outer loop
      vertex -1.41226 17.9445 0
      vertex -2.11567 17.8752 2
      vertex -1.41226 17.9445 2
    endloop
  endfacet
  facet normal -0.0980454 0.995182 0
    outer loop
      vertex -2.11567 17.8752 2
      vertex -1.41226 17.9445 0
      vertex -2.11567 17.8752 0
    endloop
  endfacet
  facet normal -0.214206 0.976788 0
    outer loop
      vertex -3.51163 17.6541 0
      vertex -4.20202 17.5027 2
      vertex -3.51163 17.6541 2
    endloop
  endfacet
  facet normal -0.214206 0.976788 0
    outer loop
      vertex -4.20202 17.5027 2
      vertex -3.51163 17.6541 0
      vertex -4.20202 17.5027 0
    endloop
  endfacet
  facet normal 0.990577 -0.136953 0
    outer loop
      vertex 17.7784 -2.81582 2
      vertex 17.8752 -2.11567 0
      vertex 17.8752 -2.11567 2
    endloop
  endfacet
  facet normal 0.990577 -0.136953 0
    outer loop
      vertex 17.8752 -2.11567 0
      vertex 17.7784 -2.81582 2
      vertex 17.7784 -2.81582 0
    endloop
  endfacet
  facet normal 0.984416 -0.175857 0
    outer loop
      vertex 17.6541 -3.51163 2
      vertex 17.7784 -2.81582 0
      vertex 17.7784 -2.81582 2
    endloop
  endfacet
  facet normal 0.984416 -0.175857 0
    outer loop
      vertex 17.7784 -2.81582 0
      vertex 17.6541 -3.51163 2
      vertex 17.6541 -3.51163 0
    endloop
  endfacet
  facet normal 0.916215 -0.400686 0
    outer loop
      vertex 16.3466 -7.53587 2
      vertex 16.6298 -6.8883 0
      vertex 16.6298 -6.8883 2
    endloop
  endfacet
  facet normal 0.916215 -0.400686 0
    outer loop
      vertex 16.6298 -6.8883 0
      vertex 16.3466 -7.53587 2
      vertex 16.3466 -7.53587 0
    endloop
  endfacet
  facet normal 0.93122 -0.364457 0
    outer loop
      vertex 16.6298 -6.8883 2
      vertex 16.8874 -6.23011 0
      vertex 16.8874 -6.23011 2
    endloop
  endfacet
  facet normal 0.93122 -0.364457 0
    outer loop
      vertex 16.8874 -6.23011 0
      vertex 16.6298 -6.8883 2
      vertex 16.6298 -6.8883 0
    endloop
  endfacet
  facet normal 0.967587 -0.252539 0
    outer loop
      vertex 17.3242 -4.88593 2
      vertex 17.5027 -4.20202 0
      vertex 17.5027 -4.20202 2
    endloop
  endfacet
  facet normal 0.967587 -0.252539 0
    outer loop
      vertex 17.5027 -4.20202 0
      vertex 17.3242 -4.88593 2
      vertex 17.3242 -4.88593 0
    endloop
  endfacet
  facet normal 0.862737 -0.505653 0
    outer loop
      vertex 15.3475 -9.40497 2
      vertex 15.7049 -8.79518 0
      vertex 15.7049 -8.79518 2
    endloop
  endfacet
  facet normal 0.862737 -0.505653 0
    outer loop
      vertex 15.7049 -8.79518 0
      vertex 15.3475 -9.40497 2
      vertex 15.3475 -9.40497 0
    endloop
  endfacet
  facet normal 0.842279 -0.539042 0
    outer loop
      vertex 14.9665 -10.0003 2
      vertex 15.3475 -9.40497 0
      vertex 15.3475 -9.40497 2
    endloop
  endfacet
  facet normal 0.842279 -0.539042 0
    outer loop
      vertex 15.3475 -9.40497 0
      vertex 14.9665 -10.0003 2
      vertex 14.9665 -10.0003 0
    endloop
  endfacet
  facet normal 0.74748 -0.664285 0
    outer loop
      vertex 13.2178 -12.2184 2
      vertex 13.6873 -11.6901 0
      vertex 13.6873 -11.6901 2
    endloop
  endfacet
  facet normal 0.74748 -0.664285 0
    outer loop
      vertex 13.6873 -11.6901 0
      vertex 13.2178 -12.2184 2
      vertex 13.2178 -12.2184 0
    endloop
  endfacet
  facet normal 0.720836 -0.693106 0
    outer loop
      vertex 12.7279 -12.7279 2
      vertex 13.2178 -12.2184 0
      vertex 13.2178 -12.2184 2
    endloop
  endfacet
  facet normal 0.720836 -0.693106 0
    outer loop
      vertex 13.2178 -12.2184 0
      vertex 12.7279 -12.7279 2
      vertex 12.7279 -12.7279 0
    endloop
  endfacet
  facet normal 0.773024 -0.634377 0
    outer loop
      vertex 13.6873 -11.6901 2
      vertex 14.1357 -11.1437 0
      vertex 14.1357 -11.1437 2
    endloop
  endfacet
  facet normal 0.773024 -0.634377 0
    outer loop
      vertex 14.1357 -11.1437 0
      vertex 13.6873 -11.6901 2
      vertex 13.6873 -11.6901 0
    endloop
  endfacet
  facet normal 0.693106 -0.720836 0
    outer loop
      vertex 12.2184 -13.2178 0
      vertex 12.7279 -12.7279 2
      vertex 12.2184 -13.2178 2
    endloop
  endfacet
  facet normal 0.693106 -0.720836 0
    outer loop
      vertex 12.7279 -12.7279 2
      vertex 12.2184 -13.2178 0
      vertex 12.7279 -12.7279 0
    endloop
  endfacet
  facet normal 0.603525 -0.797344 0
    outer loop
      vertex 10.5801 -14.5623 0
      vertex 11.1437 -14.1357 2
      vertex 10.5801 -14.5623 2
    endloop
  endfacet
  facet normal 0.603525 -0.797344 0
    outer loop
      vertex 11.1437 -14.1357 2
      vertex 10.5801 -14.5623 0
      vertex 11.1437 -14.1357 0
    endloop
  endfacet
  facet normal 0.0196657 -0.999807 0
    outer loop
      vertex 0 -18 0
      vertex 0.706676 -17.9861 2
      vertex 0 -18 2
    endloop
  endfacet
  facet normal 0.0196657 -0.999807 0
    outer loop
      vertex 0.706676 -17.9861 2
      vertex 0 -18 0
      vertex 0.706676 -17.9861 0
    endloop
  endfacet
  facet normal 0.571885 -0.820334 0
    outer loop
      vertex 10.0003 -14.9665 0
      vertex 10.5801 -14.5623 2
      vertex 10.0003 -14.9665 2
    endloop
  endfacet
  facet normal 0.571885 -0.820334 0
    outer loop
      vertex 10.5801 -14.5623 2
      vertex 10.0003 -14.9665 0
      vertex 10.5801 -14.5623 0
    endloop
  endfacet
  facet normal 0.47141 -0.881914 0
    outer loop
      vertex 8.17183 -16.0381 0
      vertex 8.79518 -15.7049 2
      vertex 8.17183 -16.0381 2
    endloop
  endfacet
  facet normal 0.47141 -0.881914 0
    outer loop
      vertex 8.79518 -15.7049 2
      vertex 8.17183 -16.0381 0
      vertex 8.79518 -15.7049 0
    endloop
  endfacet
  facet normal 0.436452 -0.899728 0
    outer loop
      vertex 7.53587 -16.3466 0
      vertex 8.17183 -16.0381 2
      vertex 7.53587 -16.3466 2
    endloop
  endfacet
  facet normal 0.436452 -0.899728 0
    outer loop
      vertex 8.17183 -16.0381 2
      vertex 7.53587 -16.3466 0
      vertex 8.17183 -16.0381 0
    endloop
  endfacet
  facet normal 0.505653 -0.862737 0
    outer loop
      vertex 8.79518 -15.7049 0
      vertex 9.40497 -15.3475 2
      vertex 8.79518 -15.7049 2
    endloop
  endfacet
  facet normal 0.505653 -0.862737 0
    outer loop
      vertex 9.40497 -15.3475 2
      vertex 8.79518 -15.7049 0
      vertex 9.40497 -15.3475 0
    endloop
  endfacet
  facet normal 0.290314 -0.956932 0
    outer loop
      vertex 4.88593 -17.3242 0
      vertex 5.56231 -17.119 2
      vertex 4.88593 -17.3242 2
    endloop
  endfacet
  facet normal 0.290314 -0.956932 0
    outer loop
      vertex 5.56231 -17.119 2
      vertex 4.88593 -17.3242 0
      vertex 5.56231 -17.119 0
    endloop
  endfacet
  facet normal 0.364457 -0.93122 0
    outer loop
      vertex 6.23011 -16.8874 0
      vertex 6.8883 -16.6298 2
      vertex 6.23011 -16.8874 2
    endloop
  endfacet
  facet normal 0.364457 -0.93122 0
    outer loop
      vertex 6.8883 -16.6298 2
      vertex 6.23011 -16.8874 0
      vertex 6.8883 -16.6298 0
    endloop
  endfacet
  facet normal 0.175857 -0.984416 0
    outer loop
      vertex 2.81582 -17.7784 0
      vertex 3.51163 -17.6541 2
      vertex 2.81582 -17.7784 2
    endloop
  endfacet
  facet normal 0.175857 -0.984416 0
    outer loop
      vertex 3.51163 -17.6541 2
      vertex 2.81582 -17.7784 0
      vertex 3.51163 -17.6541 0
    endloop
  endfacet
  facet normal 0.136953 -0.990577 0
    outer loop
      vertex 2.11567 -17.8752 0
      vertex 2.81582 -17.7784 2
      vertex 2.11567 -17.8752 2
    endloop
  endfacet
  facet normal 0.136953 -0.990577 0
    outer loop
      vertex 2.81582 -17.7784 2
      vertex 2.11567 -17.8752 0
      vertex 2.81582 -17.7784 0
    endloop
  endfacet
  facet normal 0.252539 -0.967587 0
    outer loop
      vertex 4.20202 -17.5027 0
      vertex 4.88593 -17.3242 2
      vertex 4.20202 -17.5027 2
    endloop
  endfacet
  facet normal 0.252539 -0.967587 0
    outer loop
      vertex 4.88593 -17.3242 2
      vertex 4.20202 -17.5027 0
      vertex 4.88593 -17.3242 0
    endloop
  endfacet
  facet normal -0.999807 -0.0196657 0
    outer loop
      vertex -17.9861 -0.706676 0
      vertex -18 0 2
      vertex -18 0 0
    endloop
  endfacet
  facet normal -0.999807 -0.0196657 0
    outer loop
      vertex -18 0 2
      vertex -17.9861 -0.706676 0
      vertex -17.9861 -0.706676 2
    endloop
  endfacet
  facet normal -0.956932 -0.290314 0
    outer loop
      vertex -17.119 -5.56231 0
      vertex -17.3242 -4.88593 2
      vertex -17.3242 -4.88593 0
    endloop
  endfacet
  facet normal -0.956932 -0.290314 0
    outer loop
      vertex -17.3242 -4.88593 2
      vertex -17.119 -5.56231 0
      vertex -17.119 -5.56231 2
    endloop
  endfacet
  facet normal -0.93122 -0.364457 0
    outer loop
      vertex -16.6298 -6.8883 0
      vertex -16.8874 -6.23011 2
      vertex -16.8874 -6.23011 0
    endloop
  endfacet
  facet normal -0.93122 -0.364457 0
    outer loop
      vertex -16.8874 -6.23011 2
      vertex -16.6298 -6.8883 0
      vertex -16.6298 -6.8883 2
    endloop
  endfacet
  facet normal -0.984416 -0.175857 0
    outer loop
      vertex -17.6541 -3.51163 0
      vertex -17.7784 -2.81582 2
      vertex -17.7784 -2.81582 0
    endloop
  endfacet
  facet normal -0.984416 -0.175857 0
    outer loop
      vertex -17.7784 -2.81582 2
      vertex -17.6541 -3.51163 0
      vertex -17.6541 -3.51163 2
    endloop
  endfacet
  facet normal -0.990577 -0.136953 0
    outer loop
      vertex -17.7784 -2.81582 0
      vertex -17.8752 -2.11567 2
      vertex -17.8752 -2.11567 0
    endloop
  endfacet
  facet normal -0.990577 -0.136953 0
    outer loop
      vertex -17.8752 -2.11567 2
      vertex -17.7784 -2.81582 0
      vertex -17.7784 -2.81582 2
    endloop
  endfacet
  facet normal -0.967587 -0.252539 0
    outer loop
      vertex -17.3242 -4.88593 0
      vertex -17.5027 -4.20202 2
      vertex -17.5027 -4.20202 0
    endloop
  endfacet
  facet normal -0.967587 -0.252539 0
    outer loop
      vertex -17.5027 -4.20202 2
      vertex -17.3242 -4.88593 0
      vertex -17.3242 -4.88593 2
    endloop
  endfacet
  facet normal -0.881914 -0.47141 0
    outer loop
      vertex -15.7049 -8.79518 0
      vertex -16.0381 -8.17183 2
      vertex -16.0381 -8.17183 0
    endloop
  endfacet
  facet normal -0.881914 -0.47141 0
    outer loop
      vertex -16.0381 -8.17183 2
      vertex -15.7049 -8.79518 0
      vertex -15.7049 -8.79518 2
    endloop
  endfacet
  facet normal -0.842279 -0.539042 0
    outer loop
      vertex -14.9665 -10.0003 0
      vertex -15.3475 -9.40497 2
      vertex -15.3475 -9.40497 0
    endloop
  endfacet
  facet normal -0.842279 -0.539042 0
    outer loop
      vertex -15.3475 -9.40497 2
      vertex -14.9665 -10.0003 0
      vertex -14.9665 -10.0003 2
    endloop
  endfacet
  facet normal -0.899728 -0.436452 0
    outer loop
      vertex -16.0381 -8.17183 0
      vertex -16.3466 -7.53587 2
      vertex -16.3466 -7.53587 0
    endloop
  endfacet
  facet normal -0.899728 -0.436452 0
    outer loop
      vertex -16.3466 -7.53587 2
      vertex -16.0381 -8.17183 0
      vertex -16.0381 -8.17183 2
    endloop
  endfacet
  facet normal -0.74748 -0.664285 0
    outer loop
      vertex -13.2178 -12.2184 0
      vertex -13.6873 -11.6901 2
      vertex -13.6873 -11.6901 0
    endloop
  endfacet
  facet normal -0.74748 -0.664285 0
    outer loop
      vertex -13.6873 -11.6901 2
      vertex -13.2178 -12.2184 0
      vertex -13.2178 -12.2184 2
    endloop
  endfacet
  facet normal -0.252539 -0.967587 0
    outer loop
      vertex -4.88593 -17.3242 0
      vertex -4.20202 -17.5027 2
      vertex -4.88593 -17.3242 2
    endloop
  endfacet
  facet normal -0.252539 -0.967587 -0
    outer loop
      vertex -4.20202 -17.5027 2
      vertex -4.88593 -17.3242 0
      vertex -4.20202 -17.5027 0
    endloop
  endfacet
  facet normal -0.214206 -0.976788 0
    outer loop
      vertex -4.20202 -17.5027 0
      vertex -3.51163 -17.6541 2
      vertex -4.20202 -17.5027 2
    endloop
  endfacet
  facet normal -0.214206 -0.976788 -0
    outer loop
      vertex -3.51163 -17.6541 2
      vertex -4.20202 -17.5027 0
      vertex -3.51163 -17.6541 0
    endloop
  endfacet
  facet normal -0.058856 -0.998266 0
    outer loop
      vertex -1.41226 -17.9445 0
      vertex -0.706676 -17.9861 2
      vertex -1.41226 -17.9445 2
    endloop
  endfacet
  facet normal -0.058856 -0.998266 -0
    outer loop
      vertex -0.706676 -17.9861 2
      vertex -1.41226 -17.9445 0
      vertex -0.706676 -17.9861 0
    endloop
  endfacet
  facet normal -0.136953 -0.990577 0
    outer loop
      vertex -2.81582 -17.7784 0
      vertex -2.11567 -17.8752 2
      vertex -2.81582 -17.7784 2
    endloop
  endfacet
  facet normal -0.136953 -0.990577 -0
    outer loop
      vertex -2.11567 -17.8752 2
      vertex -2.81582 -17.7784 0
      vertex -2.11567 -17.8752 0
    endloop
  endfacet
  facet normal -0.400686 -0.916215 0
    outer loop
      vertex -7.53587 -16.3466 0
      vertex -6.8883 -16.6298 2
      vertex -7.53587 -16.3466 2
    endloop
  endfacet
  facet normal -0.400686 -0.916215 -0
    outer loop
      vertex -6.8883 -16.6298 2
      vertex -7.53587 -16.3466 0
      vertex -6.8883 -16.6298 0
    endloop
  endfacet
  facet normal -0.634377 -0.773024 0
    outer loop
      vertex -11.6901 -13.6873 0
      vertex -11.1437 -14.1357 2
      vertex -11.6901 -13.6873 2
    endloop
  endfacet
  facet normal -0.634377 -0.773024 -0
    outer loop
      vertex -11.1437 -14.1357 2
      vertex -11.6901 -13.6873 0
      vertex -11.1437 -14.1357 0
    endloop
  endfacet
  facet normal -0.664285 -0.74748 0
    outer loop
      vertex -12.2184 -13.2178 0
      vertex -11.6901 -13.6873 2
      vertex -12.2184 -13.2178 2
    endloop
  endfacet
  facet normal -0.664285 -0.74748 -0
    outer loop
      vertex -11.6901 -13.6873 2
      vertex -12.2184 -13.2178 0
      vertex -11.6901 -13.6873 0
    endloop
  endfacet
  facet normal -0.571885 -0.820334 0
    outer loop
      vertex -10.5801 -14.5623 0
      vertex -10.0003 -14.9665 2
      vertex -10.5801 -14.5623 2
    endloop
  endfacet
  facet normal -0.571885 -0.820334 -0
    outer loop
      vertex -10.0003 -14.9665 2
      vertex -10.5801 -14.5623 0
      vertex -10.0003 -14.9665 0
    endloop
  endfacet
  facet normal -0.693106 -0.720836 0
    outer loop
      vertex -12.7279 -12.7279 0
      vertex -12.2184 -13.2178 2
      vertex -12.7279 -12.7279 2
    endloop
  endfacet
  facet normal -0.693106 -0.720836 -0
    outer loop
      vertex -12.2184 -13.2178 2
      vertex -12.7279 -12.7279 0
      vertex -12.2184 -13.2178 0
    endloop
  endfacet
  facet normal 0.999807 -0.0196657 0
    outer loop
      vertex 17.9861 -0.706676 2
      vertex 18 0 0
      vertex 18 0 2
    endloop
  endfacet
  facet normal 0.999807 -0.0196657 0
    outer loop
      vertex 18 0 0
      vertex 17.9861 -0.706676 2
      vertex 17.9861 -0.706676 0
    endloop
  endfacet
  facet normal 0.990577 0.136953 0
    outer loop
      vertex 17.8752 2.11567 2
      vertex 17.7784 2.81582 0
      vertex 17.7784 2.81582 2
    endloop
  endfacet
  facet normal 0.990577 0.136953 0
    outer loop
      vertex 17.7784 2.81582 0
      vertex 17.8752 2.11567 2
      vertex 17.8752 2.11567 0
    endloop
  endfacet
  facet normal 0.136953 0.990577 -0
    outer loop
      vertex 2.81582 17.7784 0
      vertex 2.11567 17.8752 2
      vertex 2.81582 17.7784 2
    endloop
  endfacet
  facet normal 0.136953 0.990577 0
    outer loop
      vertex 2.11567 17.8752 2
      vertex 2.81582 17.7784 0
      vertex 2.11567 17.8752 0
    endloop
  endfacet
  facet normal 0.214206 0.976788 -0
    outer loop
      vertex 4.20202 17.5027 0
      vertex 3.51163 17.6541 2
      vertex 4.20202 17.5027 2
    endloop
  endfacet
  facet normal 0.214206 0.976788 0
    outer loop
      vertex 3.51163 17.6541 2
      vertex 4.20202 17.5027 0
      vertex 3.51163 17.6541 0
    endloop
  endfacet
  facet normal 0.571885 0.820334 -0
    outer loop
      vertex 10.5801 14.5623 0
      vertex 10.0003 14.9665 2
      vertex 10.5801 14.5623 2
    endloop
  endfacet
  facet normal 0.571885 0.820334 0
    outer loop
      vertex 10.0003 14.9665 2
      vertex 10.5801 14.5623 0
      vertex 10.0003 14.9665 0
    endloop
  endfacet
  facet normal 0.664285 0.74748 -0
    outer loop
      vertex 12.2184 13.2178 0
      vertex 11.6901 13.6873 2
      vertex 12.2184 13.2178 2
    endloop
  endfacet
  facet normal 0.664285 0.74748 0
    outer loop
      vertex 11.6901 13.6873 2
      vertex 12.2184 13.2178 0
      vertex 11.6901 13.6873 0
    endloop
  endfacet
  facet normal 0.400686 0.916215 -0
    outer loop
      vertex 7.53587 16.3466 0
      vertex 6.8883 16.6298 2
      vertex 7.53587 16.3466 2
    endloop
  endfacet
  facet normal 0.400686 0.916215 0
    outer loop
      vertex 6.8883 16.6298 2
      vertex 7.53587 16.3466 0
      vertex 6.8883 16.6298 0
    endloop
  endfacet
  facet normal -0.0196657 0.999807 0
    outer loop
      vertex 0 18 0
      vertex -0.706676 17.9861 2
      vertex 0 18 2
    endloop
  endfacet
  facet normal -0.0196657 0.999807 0
    outer loop
      vertex -0.706676 17.9861 2
      vertex 0 18 0
      vertex -0.706676 17.9861 0
    endloop
  endfacet
  facet normal -0.364457 0.93122 0
    outer loop
      vertex -6.23011 16.8874 0
      vertex -6.8883 16.6298 2
      vertex -6.23011 16.8874 2
    endloop
  endfacet
  facet normal -0.364457 0.93122 0
    outer loop
      vertex -6.8883 16.6298 2
      vertex -6.23011 16.8874 0
      vertex -6.8883 16.6298 0
    endloop
  endfacet
  facet normal -0.175857 0.984416 0
    outer loop
      vertex -2.81582 17.7784 0
      vertex -3.51163 17.6541 2
      vertex -2.81582 17.7784 2
    endloop
  endfacet
  facet normal -0.175857 0.984416 0
    outer loop
      vertex -3.51163 17.6541 2
      vertex -2.81582 17.7784 0
      vertex -3.51163 17.6541 0
    endloop
  endfacet
  facet normal -0.252539 0.967587 0
    outer loop
      vertex -4.20202 17.5027 0
      vertex -4.88593 17.3242 2
      vertex -4.20202 17.5027 2
    endloop
  endfacet
  facet normal -0.252539 0.967587 0
    outer loop
      vertex -4.88593 17.3242 2
      vertex -4.20202 17.5027 0
      vertex -4.88593 17.3242 0
    endloop
  endfacet
  facet normal -0.539042 0.842279 0
    outer loop
      vertex -9.40497 15.3475 0
      vertex -10.0003 14.9665 2
      vertex -9.40497 15.3475 2
    endloop
  endfacet
  facet normal -0.539042 0.842279 0
    outer loop
      vertex -10.0003 14.9665 2
      vertex -9.40497 15.3475 0
      vertex -10.0003 14.9665 0
    endloop
  endfacet
  facet normal -0.436452 0.899728 0
    outer loop
      vertex -7.53587 16.3466 0
      vertex -8.17183 16.0381 2
      vertex -7.53587 16.3466 2
    endloop
  endfacet
  facet normal -0.436452 0.899728 0
    outer loop
      vertex -8.17183 16.0381 2
      vertex -7.53587 16.3466 0
      vertex -8.17183 16.0381 0
    endloop
  endfacet
  facet normal -0.976788 0.214206 0
    outer loop
      vertex -17.6541 3.51163 0
      vertex -17.5027 4.20202 2
      vertex -17.5027 4.20202 0
    endloop
  endfacet
  facet normal -0.976788 0.214206 0
    outer loop
      vertex -17.5027 4.20202 2
      vertex -17.6541 3.51163 0
      vertex -17.6541 3.51163 2
    endloop
  endfacet
  facet normal -0.990577 0.136953 0
    outer loop
      vertex -17.8752 2.11567 0
      vertex -17.7784 2.81582 2
      vertex -17.7784 2.81582 0
    endloop
  endfacet
  facet normal -0.990577 0.136953 0
    outer loop
      vertex -17.7784 2.81582 2
      vertex -17.8752 2.11567 0
      vertex -17.8752 2.11567 2
    endloop
  endfacet
  facet normal 0 0 1
    outer loop
      vertex -10.9778 -10.5182 2
      vertex -11.2208 -11.6804 2
      vertex -10.5182 -10.9778 2
    endloop
  endfacet
  facet normal 0 -0 1
    outer loop
      vertex -11.2208 -11.6804 2
      vertex -10.9778 -10.5182 2
      vertex -11.6804 -11.2208 2
    endloop
  endfacet
  facet normal 0 0 1
    outer loop
      vertex 10.9778 -10.5182 2
      vertex 11.2208 -11.6804 2
      vertex 11.6804 -11.2208 2
    endloop
  endfacet
  facet normal 0 0 1
    outer loop
      vertex 11.2208 -11.6804 2
      vertex 10.9778 -10.5182 2
      vertex 10.5182 -10.9778 2
    endloop
  endfacet
  facet normal 0 0 1
    outer loop
      vertex 16.2 0 2
      vertex 18 0 2
      vertex 17.9861 0.706676 2
    endloop
  endfacet
  facet normal 0 0 1
    outer loop
      vertex 16.1875 0.636008 2
      vertex 17.9861 0.706676 2
      vertex 17.9445 1.41226 2
    endloop
  endfacet
  facet normal 0 0 1
    outer loop
      vertex 18 0 2
      vertex 16.2 0 2
      vertex 17.9861 -0.706676 2
    endloop
  endfacet
  facet normal 0 0 1
    outer loop
      vertex 16.1501 1.27104 2
      vertex 17.9445 1.41226 2
      vertex 17.8752 2.11567 2
    endloop
  endfacet
  facet normal -0 0 1
    outer loop
      vertex 16.1875 -0.636008 2
      vertex 17.9861 -0.706676 2
      vertex 16.2 0 2
    endloop
  endfacet
  facet normal 0 0 1
    outer loop
      vertex 16.0877 1.90411 2
      vertex 17.8752 2.11567 2
      vertex 17.7784 2.81582 2
    endloop
  endfacet
  facet normal 0 0 1
    outer loop
      vertex 17.9861 -0.706676 2
      vertex 16.1875 -0.636008 2
      vertex 17.9445 -1.41226 2
    endloop
  endfacet
  facet normal 0 0 1
    outer loop
      vertex 16.0005 2.53424 2
      vertex 17.7784 2.81582 2
      vertex 17.6541 3.51163 2
    endloop
  endfacet
  facet normal -0 0 1
    outer loop
      vertex 16.1501 -1.27104 2
      vertex 17.9445 -1.41226 2
      vertex 16.1875 -0.636008 2
    endloop
  endfacet
  facet normal 0 0 1
    outer loop
      vertex 15.8887 3.16046 2
      vertex 17.6541 3.51163 2
      vertex 17.5027 4.20202 2
    endloop
  endfacet
  facet normal 0 0 1
    outer loop
      vertex 17.9445 -1.41226 2
      vertex 16.1501 -1.27104 2
      vertex 17.8752 -2.11567 2
    endloop
  endfacet
  facet normal 0 0 1
    outer loop
      vertex 15.7524 3.78181 2
      vertex 17.5027 4.20202 2
      vertex 17.3242 4.88593 2
    endloop
  endfacet
  facet normal -0 0 1
    outer loop
      vertex 16.0877 -1.90411 2
      vertex 17.8752 -2.11567 2
      vertex 16.1501 -1.27104 2
    endloop
  endfacet
  facet normal 0 0 1
    outer loop
      vertex 15.5918 4.39734 2
      vertex 17.3242 4.88593 2
      vertex 17.119 5.56231 2
    endloop
  endfacet
  facet normal 0 0 1
    outer loop
      vertex 17.8752 -2.11567 2
      vertex 16.0877 -1.90411 2
      vertex 17.7784 -2.81582 2
    endloop
  endfacet
  facet normal 0 0 1
    outer loop
      vertex 15.4071 5.00607 2
      vertex 17.119 5.56231 2
      vertex 16.8874 6.23011 2
    endloop
  endfacet
  facet normal -0 0 1
    outer loop
      vertex 16.0005 -2.53424 2
      vertex 17.7784 -2.81582 2
      vertex 16.0877 -1.90411 2
    endloop
  endfacet
  facet normal 0 0 1
    outer loop
      vertex 15.1987 5.6071 2
      vertex 16.8874 6.23011 2
      vertex 16.6298 6.8883 2
    endloop
  endfacet
  facet normal 0 0 1
    outer loop
      vertex 17.7784 -2.81582 2
      vertex 16.0005 -2.53424 2
      vertex 17.6541 -3.51163 2
    endloop
  endfacet
  facet normal 0 0 1
    outer loop
      vertex 14.9668 6.19947 2
      vertex 16.6298 6.8883 2
      vertex 16.3466 7.53587 2
    endloop
  endfacet
  facet normal -0 0 1
    outer loop
      vertex 15.8887 -3.16046 2
      vertex 17.6541 -3.51163 2
      vertex 16.0005 -2.53424 2
    endloop
  endfacet
  facet normal 0 0 1
    outer loop
      vertex 17.6541 -3.51163 2
      vertex 15.8887 -3.16046 2
      vertex 17.5027 -4.20202 2
    endloop
  endfacet
  facet normal 0 0 1
    outer loop
      vertex 17.9861 0.706676 2
      vertex 16.1875 0.636008 2
      vertex 16.2 0 2
    endloop
  endfacet
  facet normal 0 0 1
    outer loop
      vertex 17.9445 1.41226 2
      vertex 16.1501 1.27104 2
      vertex 16.1875 0.636008 2
    endloop
  endfacet
  facet normal 0 0 1
    outer loop
      vertex 17.8752 2.11567 2
      vertex 16.0877 1.90411 2
      vertex 16.1501 1.27104 2
    endloop
  endfacet
  facet normal 0 0 1
    outer loop
      vertex 14.7119 6.78229 2
      vertex 16.3466 7.53587 2
      vertex 16.0381 8.17183 2
    endloop
  endfacet
  facet normal 0 0 1
    outer loop
      vertex 17.7784 2.81582 2
      vertex 16.0005 2.53424 2
      vertex 16.0877 1.90411 2
    endloop
  endfacet
  facet normal 0 0 1
    outer loop
      vertex 17.6541 3.51163 2
      vertex 15.8887 3.16046 2
      vertex 16.0005 2.53424 2
    endloop
  endfacet
  facet normal 0 0 1
    outer loop
      vertex 17.5027 4.20202 2
      vertex 15.7524 3.78181 2
      vertex 15.8887 3.16046 2
    endloop
  endfacet
  facet normal 0 0 1
    outer loop
      vertex 14.4343 7.35465 2
      vertex 16.0381 8.17183 2
      vertex 15.7049 8.79518 2
    endloop
  endfacet
  facet normal 0 0 1
    outer loop
      vertex 17.3242 4.88593 2
      vertex 15.5918 4.39734 2
      vertex 15.7524 3.78181 2
    endloop
  endfacet
  facet normal 0 0 1
    outer loop
      vertex 17.119 5.56231 2
      vertex 15.4071 5.00607 2
      vertex 15.5918 4.39734 2
    endloop
  endfacet
  facet normal 0 0 1
    outer loop
      vertex 14.1344 7.91566 2
      vertex 15.7049 8.79518 2
      vertex 15.3475 9.40497 2
    endloop
  endfacet
  facet normal 0 0 1
    outer loop
      vertex 16.8874 6.23011 2
      vertex 15.1987 5.6071 2
      vertex 15.4071 5.00607 2
    endloop
  endfacet
  facet normal 0 0 1
    outer loop
      vertex 16.6298 6.8883 2
      vertex 14.9668 6.19947 2
      vertex 15.1987 5.6071 2
    endloop
  endfacet
  facet normal 0 0 1
    outer loop
      vertex 13.8128 8.46448 2
      vertex 15.3475 9.40497 2
      vertex 14.9665 10.0003 2
    endloop
  endfacet
  facet normal 0 0 1
    outer loop
      vertex 16.3466 7.53587 2
      vertex 14.7119 6.78229 2
      vertex 14.9668 6.19947 2
    endloop
  endfacet
  facet normal 0 0 1
    outer loop
      vertex 13.4698 9.00024 2
      vertex 14.9665 10.0003 2
      vertex 14.5623 10.5801 2
    endloop
  endfacet
  facet normal 0 0 1
    outer loop
      vertex 16.0381 8.17183 2
      vertex 14.4343 7.35465 2
      vertex 14.7119 6.78229 2
    endloop
  endfacet
  facet normal 0 0 1
    outer loop
      vertex 13.1061 9.52212 2
      vertex 14.5623 10.5801 2
      vertex 14.1357 11.1437 2
    endloop
  endfacet
  facet normal 0 0 1
    outer loop
      vertex 15.7049 8.79518 2
      vertex 14.1344 7.91566 2
      vertex 14.4343 7.35465 2
    endloop
  endfacet
  facet normal 0 0 1
    outer loop
      vertex 15.3475 9.40497 2
      vertex 13.8128 8.46448 2
      vertex 14.1344 7.91566 2
    endloop
  endfacet
  facet normal 0 0 1
    outer loop
      vertex 12.7221 10.0293 2
      vertex 14.1357 11.1437 2
      vertex 13.6873 11.6901 2
    endloop
  endfacet
  facet normal 0 0 1
    outer loop
      vertex 14.9665 10.0003 2
      vertex 13.4698 9.00024 2
      vertex 13.8128 8.46448 2
    endloop
  endfacet
  facet normal 0 0 1
    outer loop
      vertex 12.3186 10.5211 2
      vertex 13.6873 11.6901 2
      vertex 13.2178 12.2184 2
    endloop
  endfacet
  facet normal 0 0 1
    outer loop
      vertex 14.5623 10.5801 2
      vertex 13.1061 9.52212 2
      vertex 13.4698 9.00024 2
    endloop
  endfacet
  facet normal 0 0 1
    outer loop
      vertex 11.6804 11.2208 2
      vertex 13.2178 12.2184 2
      vertex 12.7279 12.7279 2
    endloop
  endfacet
  facet normal 0 0 1
    outer loop
      vertex 14.1357 11.1437 2
      vertex 12.7221 10.0293 2
      vertex 13.1061 9.52212 2
    endloop
  endfacet
  facet normal 0 0 1
    outer loop
      vertex 13.6873 11.6901 2
      vertex 12.3186 10.5211 2
      vertex 12.7221 10.0293 2
    endloop
  endfacet
  facet normal 0 0 1
    outer loop
      vertex 11.2208 11.6804 2
      vertex 12.7279 12.7279 2
      vertex 12.2184 13.2178 2
    endloop
  endfacet
  facet normal 0 0 1
    outer loop
      vertex 13.2178 12.2184 2
      vertex 11.896 10.9966 2
      vertex 12.3186 10.5211 2
    endloop
  endfacet
  facet normal 0 0 1
    outer loop
      vertex 10.9966 11.896 2
      vertex 12.2184 13.2178 2
      vertex 11.6901 13.6873 2
    endloop
  endfacet
  facet normal 0 0 1
    outer loop
      vertex 13.2178 12.2184 2
      vertex 11.6804 11.2208 2
      vertex 11.896 10.9966 2
    endloop
  endfacet
  facet normal 0 0 1
    outer loop
      vertex 12.7279 12.7279 2
      vertex 11.2208 11.6804 2
      vertex 11.6804 11.2208 2
    endloop
  endfacet
  facet normal 0 0 1
    outer loop
      vertex 10.5211 12.3186 2
      vertex 11.6901 13.6873 2
      vertex 11.1437 14.1357 2
    endloop
  endfacet
  facet normal 0 0 1
    outer loop
      vertex 12.2184 13.2178 2
      vertex 10.9966 11.896 2
      vertex 11.2208 11.6804 2
    endloop
  endfacet
  facet normal 0 0 1
    outer loop
      vertex 10.0293 12.7221 2
      vertex 11.1437 14.1357 2
      vertex 10.5801 14.5623 2
    endloop
  endfacet
  facet normal 0 0 1
    outer loop
      vertex 11.6901 13.6873 2
      vertex 10.5211 12.3186 2
      vertex 10.9966 11.896 2
    endloop
  endfacet
  facet normal 0 0 1
    outer loop
      vertex 11.1437 14.1357 2
      vertex 10.0293 12.7221 2
      vertex 10.5211 12.3186 2
    endloop
  endfacet
  facet normal 0 0 1
    outer loop
      vertex 9.52212 13.1061 2
      vertex 10.5801 14.5623 2
      vertex 10.0003 14.9665 2
    endloop
  endfacet
  facet normal 0 0 1
    outer loop
      vertex 10.5801 14.5623 2
      vertex 9.52212 13.1061 2
      vertex 10.0293 12.7221 2
    endloop
  endfacet
  facet normal 0 0 1
    outer loop
      vertex 9.00024 13.4698 2
      vertex 10.0003 14.9665 2
      vertex 9.40497 15.3475 2
    endloop
  endfacet
  facet normal 0 0 1
    outer loop
      vertex 10.0003 14.9665 2
      vertex 9.00024 13.4698 2
      vertex 9.52212 13.1061 2
    endloop
  endfacet
  facet normal 0 0 1
    outer loop
      vertex 8.46448 13.8128 2
      vertex 9.40497 15.3475 2
      vertex 8.79518 15.7049 2
    endloop
  endfacet
  facet normal 0 0 1
    outer loop
      vertex 9.40497 15.3475 2
      vertex 8.46448 13.8128 2
      vertex 9.00024 13.4698 2
    endloop
  endfacet
  facet normal 0 0 1
    outer loop
      vertex 7.91566 14.1344 2
      vertex 8.79518 15.7049 2
      vertex 8.17183 16.0381 2
    endloop
  endfacet
  facet normal 0 0 1
    outer loop
      vertex 8.79518 15.7049 2
      vertex 7.91566 14.1344 2
      vertex 8.46448 13.8128 2
    endloop
  endfacet
  facet normal 0 0 1
    outer loop
      vertex 7.35465 14.4343 2
      vertex 8.17183 16.0381 2
      vertex 7.53587 16.3466 2
    endloop
  endfacet
  facet normal 0 0 1
    outer loop
      vertex 8.17183 16.0381 2
      vertex 7.35465 14.4343 2
      vertex 7.91566 14.1344 2
    endloop
  endfacet
  facet normal 0 0 1
    outer loop
      vertex 6.78229 14.7119 2
      vertex 7.53587 16.3466 2
      vertex 6.8883 16.6298 2
    endloop
  endfacet
  facet normal 0 0 1
    outer loop
      vertex 7.53587 16.3466 2
      vertex 6.78229 14.7119 2
      vertex 7.35465 14.4343 2
    endloop
  endfacet
  facet normal 0 0 1
    outer loop
      vertex 6.19947 14.9668 2
      vertex 6.8883 16.6298 2
      vertex 6.23011 16.8874 2
    endloop
  endfacet
  facet normal 0 0 1
    outer loop
      vertex 6.8883 16.6298 2
      vertex 6.19947 14.9668 2
      vertex 6.78229 14.7119 2
    endloop
  endfacet
  facet normal 0 0 1
    outer loop
      vertex 6.23011 16.8874 2
      vertex 5.6071 15.1987 2
      vertex 6.19947 14.9668 2
    endloop
  endfacet
  facet normal 0 0 1
    outer loop
      vertex 5.56231 17.119 2
      vertex 5.6071 15.1987 2
      vertex 6.23011 16.8874 2
    endloop
  endfacet
  facet normal 0 0 1
    outer loop
      vertex 5.56231 17.119 2
      vertex 5.00607 15.4071 2
      vertex 5.6071 15.1987 2
    endloop
  endfacet
  facet normal 0 0 1
    outer loop
      vertex 4.88593 17.3242 2
      vertex 5.00607 15.4071 2
      vertex 5.56231 17.119 2
    endloop
  endfacet
  facet normal 0 0 1
    outer loop
      vertex 4.88593 17.3242 2
      vertex 4.39734 15.5918 2
      vertex 5.00607 15.4071 2
    endloop
  endfacet
  facet normal 0 0 1
    outer loop
      vertex 4.20202 17.5027 2
      vertex 4.39734 15.5918 2
      vertex 4.88593 17.3242 2
    endloop
  endfacet
  facet normal 0 0 1
    outer loop
      vertex 4.20202 17.5027 2
      vertex 3.78181 15.7524 2
      vertex 4.39734 15.5918 2
    endloop
  endfacet
  facet normal 0 0 1
    outer loop
      vertex 3.51163 17.6541 2
      vertex 3.78181 15.7524 2
      vertex 4.20202 17.5027 2
    endloop
  endfacet
  facet normal 0 0 1
    outer loop
      vertex 3.51163 17.6541 2
      vertex 3.16046 15.8887 2
      vertex 3.78181 15.7524 2
    endloop
  endfacet
  facet normal 0 0 1
    outer loop
      vertex 2.81582 17.7784 2
      vertex 3.16046 15.8887 2
      vertex 3.51163 17.6541 2
    endloop
  endfacet
  facet normal 0 0 1
    outer loop
      vertex 2.81582 17.7784 2
      vertex 2.53424 16.0005 2
      vertex 3.16046 15.8887 2
    endloop
  endfacet
  facet normal 0 0 1
    outer loop
      vertex 2.11567 17.8752 2
      vertex 2.53424 16.0005 2
      vertex 2.81582 17.7784 2
    endloop
  endfacet
  facet normal 0 0 1
    outer loop
      vertex 2.11567 17.8752 2
      vertex 1.90411 16.0877 2
      vertex 2.53424 16.0005 2
    endloop
  endfacet
  facet normal 0 0 1
    outer loop
      vertex 1.41226 17.9445 2
      vertex 1.90411 16.0877 2
      vertex 2.11567 17.8752 2
    endloop
  endfacet
  facet normal 0 0 1
    outer loop
      vertex 1.41226 17.9445 2
      vertex 1.27104 16.1501 2
      vertex 1.90411 16.0877 2
    endloop
  endfacet
  facet normal 0 0 1
    outer loop
      vertex 0.706676 17.9861 2
      vertex 1.27104 16.1501 2
      vertex 1.41226 17.9445 2
    endloop
  endfacet
  facet normal 0 0 1
    outer loop
      vertex 0.706676 17.9861 2
      vertex 0.636008 16.1875 2
      vertex 1.27104 16.1501 2
    endloop
  endfacet
  facet normal 0 0 1
    outer loop
      vertex 0 18 2
      vertex 0.636008 16.1875 2
      vertex 0.706676 17.9861 2
    endloop
  endfacet
  facet normal 0 0 1
    outer loop
      vertex 0 18 2
      vertex 0 16.2 2
      vertex 0.636008 16.1875 2
    endloop
  endfacet
  facet normal 0 0 1
    outer loop
      vertex 0 18 2
      vertex -0.636008 16.1875 2
      vertex 0 16.2 2
    endloop
  endfacet
  facet normal -0 0 1
    outer loop
      vertex -0.706676 17.9861 2
      vertex -0.636008 16.1875 2
      vertex 0 18 2
    endloop
  endfacet
  facet normal 0 0 1
    outer loop
      vertex -0.706676 17.9861 2
      vertex -1.27104 16.1501 2
      vertex -0.636008 16.1875 2
    endloop
  endfacet
  facet normal -0 0 1
    outer loop
      vertex -1.41226 17.9445 2
      vertex -1.27104 16.1501 2
      vertex -0.706676 17.9861 2
    endloop
  endfacet
  facet normal 0 0 1
    outer loop
      vertex -1.41226 17.9445 2
      vertex -1.90411 16.0877 2
      vertex -1.27104 16.1501 2
    endloop
  endfacet
  facet normal -0 0 1
    outer loop
      vertex -2.11567 17.8752 2
      vertex -1.90411 16.0877 2
      vertex -1.41226 17.9445 2
    endloop
  endfacet
  facet normal 0 0 1
    outer loop
      vertex -2.11567 17.8752 2
      vertex -2.53424 16.0005 2
      vertex -1.90411 16.0877 2
    endloop
  endfacet
  facet normal -0 0 1
    outer loop
      vertex -2.81582 17.7784 2
      vertex -2.53424 16.0005 2
      vertex -2.11567 17.8752 2
    endloop
  endfacet
  facet normal 0 0 1
    outer loop
      vertex -2.81582 17.7784 2
      vertex -3.16046 15.8887 2
      vertex -2.53424 16.0005 2
    endloop
  endfacet
  facet normal -0 0 1
    outer loop
      vertex -3.51163 17.6541 2
      vertex -3.16046 15.8887 2
      vertex -2.81582 17.7784 2
    endloop
  endfacet
  facet normal 0 0 1
    outer loop
      vertex -3.51163 17.6541 2
      vertex -3.78181 15.7524 2
      vertex -3.16046 15.8887 2
    endloop
  endfacet
  facet normal -0 0 1
    outer loop
      vertex -4.20202 17.5027 2
      vertex -3.78181 15.7524 2
      vertex -3.51163 17.6541 2
    endloop
  endfacet
  facet normal 0 0 1
    outer loop
      vertex -4.20202 17.5027 2
      vertex -4.39734 15.5918 2
      vertex -3.78181 15.7524 2
    endloop
  endfacet
  facet normal -0 0 1
    outer loop
      vertex -4.88593 17.3242 2
      vertex -4.39734 15.5918 2
      vertex -4.20202 17.5027 2
    endloop
  endfacet
  facet normal 0 0 1
    outer loop
      vertex -4.88593 17.3242 2
      vertex -5.00607 15.4071 2
      vertex -4.39734 15.5918 2
    endloop
  endfacet
  facet normal -0 0 1
    outer loop
      vertex -5.56231 17.119 2
      vertex -5.00607 15.4071 2
      vertex -4.88593 17.3242 2
    endloop
  endfacet
  facet normal 0 0 1
    outer loop
      vertex -5.56231 17.119 2
      vertex -5.6071 15.1987 2
      vertex -5.00607 15.4071 2
    endloop
  endfacet
  facet normal -0 0 1
    outer loop
      vertex -6.23011 16.8874 2
      vertex -5.6071 15.1987 2
      vertex -5.56231 17.119 2
    endloop
  endfacet
  facet normal 0 0 1
    outer loop
      vertex -5.6071 15.1987 2
      vertex -6.23011 16.8874 2
      vertex -6.19947 14.9668 2
    endloop
  endfacet
  facet normal -0 0 1
    outer loop
      vertex -6.8883 16.6298 2
      vertex -6.19947 14.9668 2
      vertex -6.23011 16.8874 2
    endloop
  endfacet
  facet normal 0 0 1
    outer loop
      vertex -6.19947 14.9668 2
      vertex -6.8883 16.6298 2
      vertex -6.78229 14.7119 2
    endloop
  endfacet
  facet normal -0 0 1
    outer loop
      vertex -7.53587 16.3466 2
      vertex -6.78229 14.7119 2
      vertex -6.8883 16.6298 2
    endloop
  endfacet
  facet normal 0 0 1
    outer loop
      vertex -6.78229 14.7119 2
      vertex -7.53587 16.3466 2
      vertex -7.35465 14.4343 2
    endloop
  endfacet
  facet normal -0 0 1
    outer loop
      vertex -8.17183 16.0381 2
      vertex -7.35465 14.4343 2
      vertex -7.53587 16.3466 2
    endloop
  endfacet
  facet normal 0 0 1
    outer loop
      vertex -7.35465 14.4343 2
      vertex -8.17183 16.0381 2
      vertex -7.91566 14.1344 2
    endloop
  endfacet
  facet normal -0 0 1
    outer loop
      vertex -8.79518 15.7049 2
      vertex -7.91566 14.1344 2
      vertex -8.17183 16.0381 2
    endloop
  endfacet
  facet normal 0 0 1
    outer loop
      vertex -7.91566 14.1344 2
      vertex -8.79518 15.7049 2
      vertex -8.46448 13.8128 2
    endloop
  endfacet
  facet normal -0 0 1
    outer loop
      vertex -9.40497 15.3475 2
      vertex -8.46448 13.8128 2
      vertex -8.79518 15.7049 2
    endloop
  endfacet
  facet normal 0 0 1
    outer loop
      vertex -8.46448 13.8128 2
      vertex -9.40497 15.3475 2
      vertex -9.00024 13.4698 2
    endloop
  endfacet
  facet normal -0 0 1
    outer loop
      vertex -10.0003 14.9665 2
      vertex -9.00024 13.4698 2
      vertex -9.40497 15.3475 2
    endloop
  endfacet
  facet normal 0 0 1
    outer loop
      vertex -9.00024 13.4698 2
      vertex -10.0003 14.9665 2
      vertex -9.52212 13.1061 2
    endloop
  endfacet
  facet normal -0 0 1
    outer loop
      vertex -10.5801 14.5623 2
      vertex -9.52212 13.1061 2
      vertex -10.0003 14.9665 2
    endloop
  endfacet
  facet normal 0 0 1
    outer loop
      vertex -9.52212 13.1061 2
      vertex -10.5801 14.5623 2
      vertex -10.0293 12.7221 2
    endloop
  endfacet
  facet normal -0 0 1
    outer loop
      vertex -11.1437 14.1357 2
      vertex -10.0293 12.7221 2
      vertex -10.5801 14.5623 2
    endloop
  endfacet
  facet normal 0 0 1
    outer loop
      vertex -10.0293 12.7221 2
      vertex -11.1437 14.1357 2
      vertex -10.5211 12.3186 2
    endloop
  endfacet
  facet normal -0 0 1
    outer loop
      vertex -11.6901 13.6873 2
      vertex -10.5211 12.3186 2
      vertex -11.1437 14.1357 2
    endloop
  endfacet
  facet normal 0 0 1
    outer loop
      vertex -10.5211 12.3186 2
      vertex -11.6901 13.6873 2
      vertex -10.9966 11.896 2
    endloop
  endfacet
  facet normal -0 0 1
    outer loop
      vertex -12.2184 13.2178 2
      vertex -10.9966 11.896 2
      vertex -11.6901 13.6873 2
    endloop
  endfacet
  facet normal 0 0 1
    outer loop
      vertex -10.9966 11.896 2
      vertex -12.2184 13.2178 2
      vertex -11.2208 11.6804 2
    endloop
  endfacet
  facet normal -0 0 1
    outer loop
      vertex -12.7279 12.7279 2
      vertex -11.2208 11.6804 2
      vertex -12.2184 13.2178 2
    endloop
  endfacet
  facet normal 0 0 1
    outer loop
      vertex -11.2208 11.6804 2
      vertex -12.7279 12.7279 2
      vertex -11.6804 11.2208 2
    endloop
  endfacet
  facet normal -0 0 1
    outer loop
      vertex -13.2178 12.2184 2
      vertex -11.6804 11.2208 2
      vertex -12.7279 12.7279 2
    endloop
  endfacet
  facet normal 0 0 1
    outer loop
      vertex -11.6804 11.2208 2
      vertex -13.2178 12.2184 2
      vertex -11.896 10.9966 2
    endloop
  endfacet
  facet normal 0 0 1
    outer loop
      vertex -11.896 10.9966 2
      vertex -13.2178 12.2184 2
      vertex -12.3186 10.5211 2
    endloop
  endfacet
  facet normal -0 0 1
    outer loop
      vertex -13.6873 11.6901 2
      vertex -12.3186 10.5211 2
      vertex -13.2178 12.2184 2
    endloop
  endfacet
  facet normal 0 0 1
    outer loop
      vertex -12.3186 10.5211 2
      vertex -13.6873 11.6901 2
      vertex -12.7221 10.0293 2
    endloop
  endfacet
  facet normal -0 0 1
    outer loop
      vertex -14.1357 11.1437 2
      vertex -12.7221 10.0293 2
      vertex -13.6873 11.6901 2
    endloop
  endfacet
  facet normal 0 0 1
    outer loop
      vertex -12.7221 10.0293 2
      vertex -14.1357 11.1437 2
      vertex -13.1061 9.52212 2
    endloop
  endfacet
  facet normal -0 0 1
    outer loop
      vertex -14.5623 10.5801 2
      vertex -13.1061 9.52212 2
      vertex -14.1357 11.1437 2
    endloop
  endfacet
  facet normal 0 0 1
    outer loop
      vertex -13.1061 9.52212 2
      vertex -14.5623 10.5801 2
      vertex -13.4698 9.00024 2
    endloop
  endfacet
  facet normal -0 0 1
    outer loop
      vertex -14.9665 10.0003 2
      vertex -13.4698 9.00024 2
      vertex -14.5623 10.5801 2
    endloop
  endfacet
  facet normal 0 0 1
    outer loop
      vertex -13.4698 9.00024 2
      vertex -14.9665 10.0003 2
      vertex -13.8128 8.46448 2
    endloop
  endfacet
  facet normal -0 0 1
    outer loop
      vertex -15.3475 9.40497 2
      vertex -13.8128 8.46448 2
      vertex -14.9665 10.0003 2
    endloop
  endfacet
  facet normal 0 0 1
    outer loop
      vertex -13.8128 8.46448 2
      vertex -15.3475 9.40497 2
      vertex -14.1344 7.91566 2
    endloop
  endfacet
  facet normal -0 0 1
    outer loop
      vertex -15.7049 8.79518 2
      vertex -14.1344 7.91566 2
      vertex -15.3475 9.40497 2
    endloop
  endfacet
  facet normal 0 0 1
    outer loop
      vertex -14.1344 7.91566 2
      vertex -15.7049 8.79518 2
      vertex -14.4343 7.35465 2
    endloop
  endfacet
  facet normal -0 0 1
    outer loop
      vertex -16.0381 8.17183 2
      vertex -14.4343 7.35465 2
      vertex -15.7049 8.79518 2
    endloop
  endfacet
  facet normal 0 0 1
    outer loop
      vertex -14.4343 7.35465 2
      vertex -16.0381 8.17183 2
      vertex -14.7119 6.78229 2
    endloop
  endfacet
  facet normal -0 0 1
    outer loop
      vertex -16.3466 7.53587 2
      vertex -14.7119 6.78229 2
      vertex -16.0381 8.17183 2
    endloop
  endfacet
  facet normal 0 0 1
    outer loop
      vertex -14.7119 6.78229 2
      vertex -16.3466 7.53587 2
      vertex -14.9668 6.19947 2
    endloop
  endfacet
  facet normal -0 0 1
    outer loop
      vertex -16.6298 6.8883 2
      vertex -14.9668 6.19947 2
      vertex -16.3466 7.53587 2
    endloop
  endfacet
  facet normal 0 0 1
    outer loop
      vertex -14.9668 6.19947 2
      vertex -16.6298 6.8883 2
      vertex -15.1987 5.6071 2
    endloop
  endfacet
  facet normal -0 0 1
    outer loop
      vertex -16.8874 6.23011 2
      vertex -15.1987 5.6071 2
      vertex -16.6298 6.8883 2
    endloop
  endfacet
  facet normal 0 0 1
    outer loop
      vertex -15.1987 5.6071 2
      vertex -16.8874 6.23011 2
      vertex -15.4071 5.00607 2
    endloop
  endfacet
  facet normal -0 0 1
    outer loop
      vertex -17.119 5.56231 2
      vertex -15.4071 5.00607 2
      vertex -16.8874 6.23011 2
    endloop
  endfacet
  facet normal 0 0 1
    outer loop
      vertex -15.4071 5.00607 2
      vertex -17.119 5.56231 2
      vertex -15.5918 4.39734 2
    endloop
  endfacet
  facet normal -0 0 1
    outer loop
      vertex -17.3242 4.88593 2
      vertex -15.5918 4.39734 2
      vertex -17.119 5.56231 2
    endloop
  endfacet
  facet normal 0 0 1
    outer loop
      vertex -15.5918 4.39734 2
      vertex -17.3242 4.88593 2
      vertex -15.7524 3.78181 2
    endloop
  endfacet
  facet normal 0 0 1
    outer loop
      vertex -15.7524 3.78181 2
      vertex -17.5027 4.20202 2
      vertex -15.8887 3.16046 2
    endloop
  endfacet
  facet normal -0 0 1
    outer loop
      vertex -17.5027 4.20202 2
      vertex -15.7524 3.78181 2
      vertex -17.3242 4.88593 2
    endloop
  endfacet
  facet normal -0 0 1
    outer loop
      vertex 15.7524 -3.78181 2
      vertex 17.5027 -4.20202 2
      vertex 15.8887 -3.16046 2
    endloop
  endfacet
  facet normal 0 0 1
    outer loop
      vertex 17.5027 -4.20202 2
      vertex 15.7524 -3.78181 2
      vertex 17.3242 -4.88593 2
    endloop
  endfacet
  facet normal -0 0 1
    outer loop
      vertex 15.5918 -4.39734 2
      vertex 17.3242 -4.88593 2
      vertex 15.7524 -3.78181 2
    endloop
  endfacet
  facet normal 0 0 1
    outer loop
      vertex 17.3242 -4.88593 2
      vertex 15.5918 -4.39734 2
      vertex 17.119 -5.56231 2
    endloop
  endfacet
  facet normal -0 0 1
    outer loop
      vertex 15.4071 -5.00607 2
      vertex 17.119 -5.56231 2
      vertex 15.5918 -4.39734 2
    endloop
  endfacet
  facet normal 0 0 1
    outer loop
      vertex 17.119 -5.56231 2
      vertex 15.4071 -5.00607 2
      vertex 16.8874 -6.23011 2
    endloop
  endfacet
  facet normal -0 0 1
    outer loop
      vertex 15.1987 -5.6071 2
      vertex 16.8874 -6.23011 2
      vertex 15.4071 -5.00607 2
    endloop
  endfacet
  facet normal 0 0 1
    outer loop
      vertex 16.8874 -6.23011 2
      vertex 15.1987 -5.6071 2
      vertex 16.6298 -6.8883 2
    endloop
  endfacet
  facet normal -0 0 1
    outer loop
      vertex 14.9668 -6.19947 2
      vertex 16.6298 -6.8883 2
      vertex 15.1987 -5.6071 2
    endloop
  endfacet
  facet normal 0 0 1
    outer loop
      vertex 16.6298 -6.8883 2
      vertex 14.9668 -6.19947 2
      vertex 16.3466 -7.53587 2
    endloop
  endfacet
  facet normal -0 0 1
    outer loop
      vertex 14.7119 -6.78229 2
      vertex 16.3466 -7.53587 2
      vertex 14.9668 -6.19947 2
    endloop
  endfacet
  facet normal 0 0 1
    outer loop
      vertex 16.3466 -7.53587 2
      vertex 14.7119 -6.78229 2
      vertex 16.0381 -8.17183 2
    endloop
  endfacet
  facet normal -0 0 1
    outer loop
      vertex 14.4343 -7.35465 2
      vertex 16.0381 -8.17183 2
      vertex 14.7119 -6.78229 2
    endloop
  endfacet
  facet normal 0 0 1
    outer loop
      vertex 16.0381 -8.17183 2
      vertex 14.4343 -7.35465 2
      vertex 15.7049 -8.79518 2
    endloop
  endfacet
  facet normal -0 0 1
    outer loop
      vertex 14.1344 -7.91566 2
      vertex 15.7049 -8.79518 2
      vertex 14.4343 -7.35465 2
    endloop
  endfacet
  facet normal 0 0 1
    outer loop
      vertex 15.7049 -8.79518 2
      vertex 14.1344 -7.91566 2
      vertex 15.3475 -9.40497 2
    endloop
  endfacet
  facet normal -0 0 1
    outer loop
      vertex 13.8128 -8.46448 2
      vertex 15.3475 -9.40497 2
      vertex 14.1344 -7.91566 2
    endloop
  endfacet
  facet normal 0 0 1
    outer loop
      vertex 15.3475 -9.40497 2
      vertex 13.8128 -8.46448 2
      vertex 14.9665 -10.0003 2
    endloop
  endfacet
  facet normal -0 0 1
    outer loop
      vertex 13.4698 -9.00024 2
      vertex 14.9665 -10.0003 2
      vertex 13.8128 -8.46448 2
    endloop
  endfacet
  facet normal 0 0 1
    outer loop
      vertex 14.9665 -10.0003 2
      vertex 13.4698 -9.00024 2
      vertex 14.5623 -10.5801 2
    endloop
  endfacet
  facet normal -0 0 1
    outer loop
      vertex 13.1061 -9.52212 2
      vertex 14.5623 -10.5801 2
      vertex 13.4698 -9.00024 2
    endloop
  endfacet
  facet normal 0 0 1
    outer loop
      vertex 14.5623 -10.5801 2
      vertex 13.1061 -9.52212 2
      vertex 14.1357 -11.1437 2
    endloop
  endfacet
  facet normal -0 0 1
    outer loop
      vertex 12.7221 -10.0293 2
      vertex 14.1357 -11.1437 2
      vertex 13.1061 -9.52212 2
    endloop
  endfacet
  facet normal 0 0 1
    outer loop
      vertex 14.1357 -11.1437 2
      vertex 12.7221 -10.0293 2
      vertex 13.6873 -11.6901 2
    endloop
  endfacet
  facet normal -0 0 1
    outer loop
      vertex 12.3186 -10.5211 2
      vertex 13.6873 -11.6901 2
      vertex 12.7221 -10.0293 2
    endloop
  endfacet
  facet normal 0 0 1
    outer loop
      vertex 13.6873 -11.6901 2
      vertex 12.3186 -10.5211 2
      vertex 13.2178 -12.2184 2
    endloop
  endfacet
  facet normal -0 0 1
    outer loop
      vertex 11.896 -10.9966 2
      vertex 13.2178 -12.2184 2
      vertex 12.3186 -10.5211 2
    endloop
  endfacet
  facet normal -0 0 1
    outer loop
      vertex 11.6804 -11.2208 2
      vertex 13.2178 -12.2184 2
      vertex 11.896 -10.9966 2
    endloop
  endfacet
  facet normal 0 0 1
    outer loop
      vertex 13.2178 -12.2184 2
      vertex 11.6804 -11.2208 2
      vertex 12.7279 -12.7279 2
    endloop
  endfacet
  facet normal -0 0 1
    outer loop
      vertex 11.2208 -11.6804 2
      vertex 12.7279 -12.7279 2
      vertex 11.6804 -11.2208 2
    endloop
  endfacet
  facet normal 0 0 1
    outer loop
      vertex 12.7279 -12.7279 2
      vertex 11.2208 -11.6804 2
      vertex 12.2184 -13.2178 2
    endloop
  endfacet
  facet normal -0 0 1
    outer loop
      vertex 10.9966 -11.896 2
      vertex 12.2184 -13.2178 2
      vertex 11.2208 -11.6804 2
    endloop
  endfacet
  facet normal 0 0 1
    outer loop
      vertex 12.2184 -13.2178 2
      vertex 10.9966 -11.896 2
      vertex 11.6901 -13.6873 2
    endloop
  endfacet
  facet normal -0 0 1
    outer loop
      vertex 10.5211 -12.3186 2
      vertex 11.6901 -13.6873 2
      vertex 10.9966 -11.896 2
    endloop
  endfacet
  facet normal 0 0 1
    outer loop
      vertex 11.6901 -13.6873 2
      vertex 10.5211 -12.3186 2
      vertex 11.1437 -14.1357 2
    endloop
  endfacet
  facet normal -0 0 1
    outer loop
      vertex 10.0293 -12.7221 2
      vertex 11.1437 -14.1357 2
      vertex 10.5211 -12.3186 2
    endloop
  endfacet
  facet normal 0 0 1
    outer loop
      vertex 11.1437 -14.1357 2
      vertex 10.0293 -12.7221 2
      vertex 10.5801 -14.5623 2
    endloop
  endfacet
  facet normal -0 0 1
    outer loop
      vertex 9.52212 -13.1061 2
      vertex 10.5801 -14.5623 2
      vertex 10.0293 -12.7221 2
    endloop
  endfacet
  facet normal 0 0 1
    outer loop
      vertex 10.5801 -14.5623 2
      vertex 9.52212 -13.1061 2
      vertex 10.0003 -14.9665 2
    endloop
  endfacet
  facet normal -0 0 1
    outer loop
      vertex 9.00024 -13.4698 2
      vertex 10.0003 -14.9665 2
      vertex 9.52212 -13.1061 2
    endloop
  endfacet
  facet normal 0 0 1
    outer loop
      vertex 10.0003 -14.9665 2
      vertex 9.00024 -13.4698 2
      vertex 9.40497 -15.3475 2
    endloop
  endfacet
  facet normal -0 0 1
    outer loop
      vertex 8.46448 -13.8128 2
      vertex 9.40497 -15.3475 2
      vertex 9.00024 -13.4698 2
    endloop
  endfacet
  facet normal 0 0 1
    outer loop
      vertex 9.40497 -15.3475 2
      vertex 8.46448 -13.8128 2
      vertex 8.79518 -15.7049 2
    endloop
  endfacet
  facet normal -0 0 1
    outer loop
      vertex 7.91566 -14.1344 2
      vertex 8.79518 -15.7049 2
      vertex 8.46448 -13.8128 2
    endloop
  endfacet
  facet normal 0 0 1
    outer loop
      vertex 8.79518 -15.7049 2
      vertex 7.91566 -14.1344 2
      vertex 8.17183 -16.0381 2
    endloop
  endfacet
  facet normal -0 0 1
    outer loop
      vertex 7.35465 -14.4343 2
      vertex 8.17183 -16.0381 2
      vertex 7.91566 -14.1344 2
    endloop
  endfacet
  facet normal 0 0 1
    outer loop
      vertex 8.17183 -16.0381 2
      vertex 7.35465 -14.4343 2
      vertex 7.53587 -16.3466 2
    endloop
  endfacet
  facet normal -0 0 1
    outer loop
      vertex 6.78229 -14.7119 2
      vertex 7.53587 -16.3466 2
      vertex 7.35465 -14.4343 2
    endloop
  endfacet
  facet normal 0 0 1
    outer loop
      vertex 7.53587 -16.3466 2
      vertex 6.78229 -14.7119 2
      vertex 6.8883 -16.6298 2
    endloop
  endfacet
  facet normal -0 0 1
    outer loop
      vertex 6.19947 -14.9668 2
      vertex 6.8883 -16.6298 2
      vertex 6.78229 -14.7119 2
    endloop
  endfacet
  facet normal 0 0 1
    outer loop
      vertex 6.8883 -16.6298 2
      vertex 6.19947 -14.9668 2
      vertex 6.23011 -16.8874 2
    endloop
  endfacet
  facet normal -0 0 1
    outer loop
      vertex 5.6071 -15.1987 2
      vertex 6.23011 -16.8874 2
      vertex 6.19947 -14.9668 2
    endloop
  endfacet
  facet normal 0 0 1
    outer loop
      vertex 5.6071 -15.1987 2
      vertex 5.56231 -17.119 2
      vertex 6.23011 -16.8874 2
    endloop
  endfacet
  facet normal -0 0 1
    outer loop
      vertex 5.00607 -15.4071 2
      vertex 5.56231 -17.119 2
      vertex 5.6071 -15.1987 2
    endloop
  endfacet
  facet normal 0 0 1
    outer loop
      vertex 5.00607 -15.4071 2
      vertex 4.88593 -17.3242 2
      vertex 5.56231 -17.119 2
    endloop
  endfacet
  facet normal -0 0 1
    outer loop
      vertex 4.39734 -15.5918 2
      vertex 4.88593 -17.3242 2
      vertex 5.00607 -15.4071 2
    endloop
  endfacet
  facet normal 0 0 1
    outer loop
      vertex 4.39734 -15.5918 2
      vertex 4.20202 -17.5027 2
      vertex 4.88593 -17.3242 2
    endloop
  endfacet
  facet normal -0 0 1
    outer loop
      vertex 3.78181 -15.7524 2
      vertex 4.20202 -17.5027 2
      vertex 4.39734 -15.5918 2
    endloop
  endfacet
  facet normal 0 0 1
    outer loop
      vertex 3.78181 -15.7524 2
      vertex 3.51163 -17.6541 2
      vertex 4.20202 -17.5027 2
    endloop
  endfacet
  facet normal -0 0 1
    outer loop
      vertex 3.16046 -15.8887 2
      vertex 3.51163 -17.6541 2
      vertex 3.78181 -15.7524 2
    endloop
  endfacet
  facet normal 0 0 1
    outer loop
      vertex 3.16046 -15.8887 2
      vertex 2.81582 -17.7784 2
      vertex 3.51163 -17.6541 2
    endloop
  endfacet
  facet normal -0 0 1
    outer loop
      vertex 2.53424 -16.0005 2
      vertex 2.81582 -17.7784 2
      vertex 3.16046 -15.8887 2
    endloop
  endfacet
  facet normal 0 0 1
    outer loop
      vertex 2.53424 -16.0005 2
      vertex 2.11567 -17.8752 2
      vertex 2.81582 -17.7784 2
    endloop
  endfacet
  facet normal -0 0 1
    outer loop
      vertex 1.90411 -16.0877 2
      vertex 2.11567 -17.8752 2
      vertex 2.53424 -16.0005 2
    endloop
  endfacet
  facet normal 0 0 1
    outer loop
      vertex 1.90411 -16.0877 2
      vertex 1.41226 -17.9445 2
      vertex 2.11567 -17.8752 2
    endloop
  endfacet
  facet normal -0 0 1
    outer loop
      vertex 1.27104 -16.1501 2
      vertex 1.41226 -17.9445 2
      vertex 1.90411 -16.0877 2
    endloop
  endfacet
  facet normal 0 0 1
    outer loop
      vertex 1.27104 -16.1501 2
      vertex 0.706676 -17.9861 2
      vertex 1.41226 -17.9445 2
    endloop
  endfacet
  facet normal -0 0 1
    outer loop
      vertex 0.636008 -16.1875 2
      vertex 0.706676 -17.9861 2
      vertex 1.27104 -16.1501 2
    endloop
  endfacet
  facet normal -0 0 1
    outer loop
      vertex 0 -16.2 2
      vertex 0.706676 -17.9861 2
      vertex 0.636008 -16.1875 2
    endloop
  endfacet
  facet normal 0 0 1
    outer loop
      vertex 0 -16.2 2
      vertex 0 -18 2
      vertex 0.706676 -17.9861 2
    endloop
  endfacet
  facet normal 0 0 1
    outer loop
      vertex -0.636008 -16.1875 2
      vertex 0 -18 2
      vertex 0 -16.2 2
    endloop
  endfacet
  facet normal 0 0 1
    outer loop
      vertex -0.636008 -16.1875 2
      vertex -0.706676 -17.9861 2
      vertex 0 -18 2
    endloop
  endfacet
  facet normal 0 0 1
    outer loop
      vertex -1.27104 -16.1501 2
      vertex -0.706676 -17.9861 2
      vertex -0.636008 -16.1875 2
    endloop
  endfacet
  facet normal 0 0 1
    outer loop
      vertex -1.27104 -16.1501 2
      vertex -1.41226 -17.9445 2
      vertex -0.706676 -17.9861 2
    endloop
  endfacet
  facet normal 0 0 1
    outer loop
      vertex -1.90411 -16.0877 2
      vertex -1.41226 -17.9445 2
      vertex -1.27104 -16.1501 2
    endloop
  endfacet
  facet normal 0 0 1
    outer loop
      vertex -1.90411 -16.0877 2
      vertex -2.11567 -17.8752 2
      vertex -1.41226 -17.9445 2
    endloop
  endfacet
  facet normal 0 0 1
    outer loop
      vertex -2.53424 -16.0005 2
      vertex -2.11567 -17.8752 2
      vertex -1.90411 -16.0877 2
    endloop
  endfacet
  facet normal 0 0 1
    outer loop
      vertex -2.53424 -16.0005 2
      vertex -2.81582 -17.7784 2
      vertex -2.11567 -17.8752 2
    endloop
  endfacet
  facet normal 0 0 1
    outer loop
      vertex -3.16046 -15.8887 2
      vertex -2.81582 -17.7784 2
      vertex -2.53424 -16.0005 2
    endloop
  endfacet
  facet normal 0 0 1
    outer loop
      vertex -3.16046 -15.8887 2
      vertex -3.51163 -17.6541 2
      vertex -2.81582 -17.7784 2
    endloop
  endfacet
  facet normal 0 0 1
    outer loop
      vertex -3.78181 -15.7524 2
      vertex -3.51163 -17.6541 2
      vertex -3.16046 -15.8887 2
    endloop
  endfacet
  facet normal 0 0 1
    outer loop
      vertex -3.78181 -15.7524 2
      vertex -4.20202 -17.5027 2
      vertex -3.51163 -17.6541 2
    endloop
  endfacet
  facet normal 0 0 1
    outer loop
      vertex -4.39734 -15.5918 2
      vertex -4.20202 -17.5027 2
      vertex -3.78181 -15.7524 2
    endloop
  endfacet
  facet normal 0 0 1
    outer loop
      vertex -4.39734 -15.5918 2
      vertex -4.88593 -17.3242 2
      vertex -4.20202 -17.5027 2
    endloop
  endfacet
  facet normal 0 0 1
    outer loop
      vertex -5.00607 -15.4071 2
      vertex -4.88593 -17.3242 2
      vertex -4.39734 -15.5918 2
    endloop
  endfacet
  facet normal 0 0 1
    outer loop
      vertex -5.00607 -15.4071 2
      vertex -5.56231 -17.119 2
      vertex -4.88593 -17.3242 2
    endloop
  endfacet
  facet normal 0 0 1
    outer loop
      vertex -5.6071 -15.1987 2
      vertex -5.56231 -17.119 2
      vertex -5.00607 -15.4071 2
    endloop
  endfacet
  facet normal 0 0 1
    outer loop
      vertex -6.23011 -16.8874 2
      vertex -5.6071 -15.1987 2
      vertex -6.19947 -14.9668 2
    endloop
  endfacet
  facet normal 0 0 1
    outer loop
      vertex -5.6071 -15.1987 2
      vertex -6.23011 -16.8874 2
      vertex -5.56231 -17.119 2
    endloop
  endfacet
  facet normal 0 0 1
    outer loop
      vertex -6.8883 -16.6298 2
      vertex -6.19947 -14.9668 2
      vertex -6.78229 -14.7119 2
    endloop
  endfacet
  facet normal 0 0 1
    outer loop
      vertex -6.19947 -14.9668 2
      vertex -6.8883 -16.6298 2
      vertex -6.23011 -16.8874 2
    endloop
  endfacet
  facet normal 0 0 1
    outer loop
      vertex -7.53587 -16.3466 2
      vertex -6.78229 -14.7119 2
      vertex -7.35465 -14.4343 2
    endloop
  endfacet
  facet normal 0 0 1
    outer loop
      vertex -6.78229 -14.7119 2
      vertex -7.53587 -16.3466 2
      vertex -6.8883 -16.6298 2
    endloop
  endfacet
  facet normal 0 0 1
    outer loop
      vertex -8.17183 -16.0381 2
      vertex -7.35465 -14.4343 2
      vertex -7.91566 -14.1344 2
    endloop
  endfacet
  facet normal 0 0 1
    outer loop
      vertex -7.35465 -14.4343 2
      vertex -8.17183 -16.0381 2
      vertex -7.53587 -16.3466 2
    endloop
  endfacet
  facet normal 0 0 1
    outer loop
      vertex -8.79518 -15.7049 2
      vertex -7.91566 -14.1344 2
      vertex -8.46448 -13.8128 2
    endloop
  endfacet
  facet normal 0 0 1
    outer loop
      vertex -7.91566 -14.1344 2
      vertex -8.79518 -15.7049 2
      vertex -8.17183 -16.0381 2
    endloop
  endfacet
  facet normal 0 0 1
    outer loop
      vertex -9.40497 -15.3475 2
      vertex -8.46448 -13.8128 2
      vertex -9.00024 -13.4698 2
    endloop
  endfacet
  facet normal 0 0 1
    outer loop
      vertex -8.46448 -13.8128 2
      vertex -9.40497 -15.3475 2
      vertex -8.79518 -15.7049 2
    endloop
  endfacet
  facet normal 0 0 1
    outer loop
      vertex -10.0003 -14.9665 2
      vertex -9.00024 -13.4698 2
      vertex -9.52212 -13.1061 2
    endloop
  endfacet
  facet normal 0 0 1
    outer loop
      vertex -9.00024 -13.4698 2
      vertex -10.0003 -14.9665 2
      vertex -9.40497 -15.3475 2
    endloop
  endfacet
  facet normal 0 0 1
    outer loop
      vertex -10.5801 -14.5623 2
      vertex -9.52212 -13.1061 2
      vertex -10.0293 -12.7221 2
    endloop
  endfacet
  facet normal 0 0 1
    outer loop
      vertex -11.1437 -14.1357 2
      vertex -10.0293 -12.7221 2
      vertex -10.5211 -12.3186 2
    endloop
  endfacet
  facet normal 0 0 1
    outer loop
      vertex -9.52212 -13.1061 2
      vertex -10.5801 -14.5623 2
      vertex -10.0003 -14.9665 2
    endloop
  endfacet
  facet normal 0 0 1
    outer loop
      vertex -11.6901 -13.6873 2
      vertex -10.5211 -12.3186 2
      vertex -10.9966 -11.896 2
    endloop
  endfacet
  facet normal 0 0 1
    outer loop
      vertex -10.0293 -12.7221 2
      vertex -11.1437 -14.1357 2
      vertex -10.5801 -14.5623 2
    endloop
  endfacet
  facet normal 0 0 1
    outer loop
      vertex -12.2184 -13.2178 2
      vertex -10.9966 -11.896 2
      vertex -11.2208 -11.6804 2
    endloop
  endfacet
  facet normal 0 0 1
    outer loop
      vertex -12.7279 -12.7279 2
      vertex -11.2208 -11.6804 2
      vertex -11.6804 -11.2208 2
    endloop
  endfacet
  facet normal 0 0 1
    outer loop
      vertex -10.5211 -12.3186 2
      vertex -11.6901 -13.6873 2
      vertex -11.1437 -14.1357 2
    endloop
  endfacet
  facet normal 0 0 1
    outer loop
      vertex -13.2178 -12.2184 2
      vertex -11.6804 -11.2208 2
      vertex -11.896 -10.9966 2
    endloop
  endfacet
  facet normal 0 0 1
    outer loop
      vertex -10.9966 -11.896 2
      vertex -12.2184 -13.2178 2
      vertex -11.6901 -13.6873 2
    endloop
  endfacet
  facet normal 0 0 1
    outer loop
      vertex -13.2178 -12.2184 2
      vertex -11.896 -10.9966 2
      vertex -12.3186 -10.5211 2
    endloop
  endfacet
  facet normal 0 0 1
    outer loop
      vertex -13.6873 -11.6901 2
      vertex -12.3186 -10.5211 2
      vertex -12.7221 -10.0293 2
    endloop
  endfacet
  facet normal 0 0 1
    outer loop
      vertex -11.2208 -11.6804 2
      vertex -12.7279 -12.7279 2
      vertex -12.2184 -13.2178 2
    endloop
  endfacet
  facet normal 0 0 1
    outer loop
      vertex -14.1357 -11.1437 2
      vertex -12.7221 -10.0293 2
      vertex -13.1061 -9.52212 2
    endloop
  endfacet
  facet normal 0 0 1
    outer loop
      vertex -11.6804 -11.2208 2
      vertex -13.2178 -12.2184 2
      vertex -12.7279 -12.7279 2
    endloop
  endfacet
  facet normal 0 0 1
    outer loop
      vertex -14.5623 -10.5801 2
      vertex -13.1061 -9.52212 2
      vertex -13.4698 -9.00024 2
    endloop
  endfacet
  facet normal 0 0 1
    outer loop
      vertex -12.3186 -10.5211 2
      vertex -13.6873 -11.6901 2
      vertex -13.2178 -12.2184 2
    endloop
  endfacet
  facet normal 0 0 1
    outer loop
      vertex -14.9665 -10.0003 2
      vertex -13.4698 -9.00024 2
      vertex -13.8128 -8.46448 2
    endloop
  endfacet
  facet normal 0 0 1
    outer loop
      vertex -15.3475 -9.40497 2
      vertex -13.8128 -8.46448 2
      vertex -14.1344 -7.91566 2
    endloop
  endfacet
  facet normal 0 0 1
    outer loop
      vertex -12.7221 -10.0293 2
      vertex -14.1357 -11.1437 2
      vertex -13.6873 -11.6901 2
    endloop
  endfacet
  facet normal 0 0 1
    outer loop
      vertex -15.7049 -8.79518 2
      vertex -14.1344 -7.91566 2
      vertex -14.4343 -7.35465 2
    endloop
  endfacet
  facet normal 0 0 1
    outer loop
      vertex -13.1061 -9.52212 2
      vertex -14.5623 -10.5801 2
      vertex -14.1357 -11.1437 2
    endloop
  endfacet
  facet normal 0 0 1
    outer loop
      vertex -16.0381 -8.17183 2
      vertex -14.4343 -7.35465 2
      vertex -14.7119 -6.78229 2
    endloop
  endfacet
  facet normal 0 0 1
    outer loop
      vertex -13.4698 -9.00024 2
      vertex -14.9665 -10.0003 2
      vertex -14.5623 -10.5801 2
    endloop
  endfacet
  facet normal 0 0 1
    outer loop
      vertex -16.3466 -7.53587 2
      vertex -14.7119 -6.78229 2
      vertex -14.9668 -6.19947 2
    endloop
  endfacet
  facet normal 0 0 1
    outer loop
      vertex -16.6298 -6.8883 2
      vertex -14.9668 -6.19947 2
      vertex -15.1987 -5.6071 2
    endloop
  endfacet
  facet normal 0 0 1
    outer loop
      vertex -13.8128 -8.46448 2
      vertex -15.3475 -9.40497 2
      vertex -14.9665 -10.0003 2
    endloop
  endfacet
  facet normal 0 0 1
    outer loop
      vertex -16.8874 -6.23011 2
      vertex -15.1987 -5.6071 2
      vertex -15.4071 -5.00607 2
    endloop
  endfacet
  facet normal 0 0 1
    outer loop
      vertex -17.119 -5.56231 2
      vertex -15.4071 -5.00607 2
      vertex -15.5918 -4.39734 2
    endloop
  endfacet
  facet normal 0 0 1
    outer loop
      vertex -14.1344 -7.91566 2
      vertex -15.7049 -8.79518 2
      vertex -15.3475 -9.40497 2
    endloop
  endfacet
  facet normal 0 0 1
    outer loop
      vertex -17.3242 -4.88593 2
      vertex -15.5918 -4.39734 2
      vertex -15.7524 -3.78181 2
    endloop
  endfacet
  facet normal 0 0 1
    outer loop
      vertex -17.5027 -4.20202 2
      vertex -15.7524 -3.78181 2
      vertex -15.8887 -3.16046 2
    endloop
  endfacet
  facet normal 0 0 1
    outer loop
      vertex -17.6541 -3.51163 2
      vertex -15.8887 -3.16046 2
      vertex -16.0005 -2.53424 2
    endloop
  endfacet
  facet normal 0 0 1
    outer loop
      vertex -14.4343 -7.35465 2
      vertex -16.0381 -8.17183 2
      vertex -15.7049 -8.79518 2
    endloop
  endfacet
  facet normal 0 0 1
    outer loop
      vertex -17.7784 -2.81582 2
      vertex -16.0005 -2.53424 2
      vertex -16.0877 -1.90411 2
    endloop
  endfacet
  facet normal 0 0 1
    outer loop
      vertex -17.8752 -2.11567 2
      vertex -16.0877 -1.90411 2
      vertex -16.1501 -1.27104 2
    endloop
  endfacet
  facet normal 0 0 1
    outer loop
      vertex -17.9445 -1.41226 2
      vertex -16.1501 -1.27104 2
      vertex -16.1875 -0.636008 2
    endloop
  endfacet
  facet normal 0 0 1
    outer loop
      vertex -14.7119 -6.78229 2
      vertex -16.3466 -7.53587 2
      vertex -16.0381 -8.17183 2
    endloop
  endfacet
  facet normal 0 0 1
    outer loop
      vertex -17.9861 -0.706676 2
      vertex -16.1875 -0.636008 2
      vertex -16.2 0 2
    endloop
  endfacet
  facet normal -0 0 1
    outer loop
      vertex -17.6541 3.51163 2
      vertex -15.8887 3.16046 2
      vertex -17.5027 4.20202 2
    endloop
  endfacet
  facet normal 0 0 1
    outer loop
      vertex -15.8887 3.16046 2
      vertex -17.6541 3.51163 2
      vertex -16.0005 2.53424 2
    endloop
  endfacet
  facet normal 0 0 1
    outer loop
      vertex -14.9668 -6.19947 2
      vertex -16.6298 -6.8883 2
      vertex -16.3466 -7.53587 2
    endloop
  endfacet
  facet normal -0 0 1
    outer loop
      vertex -17.7784 2.81582 2
      vertex -16.0005 2.53424 2
      vertex -17.6541 3.51163 2
    endloop
  endfacet
  facet normal 0 0 1
    outer loop
      vertex -15.1987 -5.6071 2
      vertex -16.8874 -6.23011 2
      vertex -16.6298 -6.8883 2
    endloop
  endfacet
  facet normal 0 0 1
    outer loop
      vertex -16.0005 2.53424 2
      vertex -17.7784 2.81582 2
      vertex -16.0877 1.90411 2
    endloop
  endfacet
  facet normal 0 0 1
    outer loop
      vertex -15.4071 -5.00607 2
      vertex -17.119 -5.56231 2
      vertex -16.8874 -6.23011 2
    endloop
  endfacet
  facet normal -0 0 1
    outer loop
      vertex -17.8752 2.11567 2
      vertex -16.0877 1.90411 2
      vertex -17.7784 2.81582 2
    endloop
  endfacet
  facet normal 0 0 1
    outer loop
      vertex -15.5918 -4.39734 2
      vertex -17.3242 -4.88593 2
      vertex -17.119 -5.56231 2
    endloop
  endfacet
  facet normal 0 0 1
    outer loop
      vertex -16.0877 1.90411 2
      vertex -17.8752 2.11567 2
      vertex -16.1501 1.27104 2
    endloop
  endfacet
  facet normal 0 0 1
    outer loop
      vertex -15.7524 -3.78181 2
      vertex -17.5027 -4.20202 2
      vertex -17.3242 -4.88593 2
    endloop
  endfacet
  facet normal -0 0 1
    outer loop
      vertex -17.9445 1.41226 2
      vertex -16.1501 1.27104 2
      vertex -17.8752 2.11567 2
    endloop
  endfacet
  facet normal 0 0 1
    outer loop
      vertex -15.8887 -3.16046 2
      vertex -17.6541 -3.51163 2
      vertex -17.5027 -4.20202 2
    endloop
  endfacet
  facet normal 0 0 1
    outer loop
      vertex -16.1501 1.27104 2
      vertex -17.9445 1.41226 2
      vertex -16.1875 0.636008 2
    endloop
  endfacet
  facet normal 0 0 1
    outer loop
      vertex -16.0005 -2.53424 2
      vertex -17.7784 -2.81582 2
      vertex -17.6541 -3.51163 2
    endloop
  endfacet
  facet normal -0 0 1
    outer loop
      vertex -17.9861 0.706676 2
      vertex -16.1875 0.636008 2
      vertex -17.9445 1.41226 2
    endloop
  endfacet
  facet normal 0 0 1
    outer loop
      vertex -16.0877 -1.90411 2
      vertex -17.8752 -2.11567 2
      vertex -17.7784 -2.81582 2
    endloop
  endfacet
  facet normal 0 0 1
    outer loop
      vertex -16.1875 0.636008 2
      vertex -17.9861 0.706676 2
      vertex -16.2 0 2
    endloop
  endfacet
  facet normal 0 0 1
    outer loop
      vertex -16.1501 -1.27104 2
      vertex -17.9445 -1.41226 2
      vertex -17.8752 -2.11567 2
    endloop
  endfacet
  facet normal 0 0 1
    outer loop
      vertex -18 0 2
      vertex -16.2 0 2
      vertex -17.9861 0.706676 2
    endloop
  endfacet
  facet normal 0 0 1
    outer loop
      vertex -16.1875 -0.636008 2
      vertex -17.9861 -0.706676 2
      vertex -17.9445 -1.41226 2
    endloop
  endfacet
  facet normal 0 0 1
    outer loop
      vertex -16.2 0 2
      vertex -18 0 2
      vertex -17.9861 -0.706676 2
    endloop
  endfacet
  facet normal 0 0 1
    outer loop
      vertex 11.2208 11.6804 2
      vertex 10.9778 10.5182 2
      vertex 11.6804 11.2208 2
    endloop
  endfacet
  facet normal 0 -0 1
    outer loop
      vertex 10.9778 10.5182 2
      vertex 11.2208 11.6804 2
      vertex 10.5182 10.9778 2
    endloop
  endfacet
  facet normal 0 0 1
    outer loop
      vertex -11.2208 11.6804 2
      vertex -10.9778 10.5182 2
      vertex -10.5182 10.9778 2
    endloop
  endfacet
  facet normal 0 0 1
    outer loop
      vertex -10.9778 10.5182 2
      vertex -11.2208 11.6804 2
      vertex -11.6804 11.2208 2
    endloop
  endfacet
  facet normal 0 0 1
    outer loop
      vertex 3.36852 0.276443 2
      vertex 6.03065 0.68602 2
      vertex 5.70308 2.07851 2
    endloop
  endfacet
  facet normal 0 0 1
    outer loop
      vertex 6.03065 0.68602 2
      vertex 3.36852 0.276443 2
      vertex 6.03065 -0.68602 2
    endloop
  endfacet
  facet normal 0 0 1
    outer loop
      vertex 3.02043 1.50505 2
      vertex 5.70308 2.07851 2
      vertex 5.08867 3.3071 2
    endloop
  endfacet
  facet normal -0 0 1
    outer loop
      vertex 3.20474 -0.19455 2
      vertex 6.03065 -0.68602 2
      vertex 3.36852 0.276443 2
    endloop
  endfacet
  facet normal 0 0 1
    outer loop
      vertex 3.02043 1.50505 2
      vertex 5.08867 3.3071 2
      vertex 4.02386 4.5358 2
    endloop
  endfacet
  facet normal 0 0 1
    outer loop
      vertex 6.03065 -0.68602 2
      vertex 3.20474 -0.19455 2
      vertex 5.64162 -2.24229 2
    endloop
  endfacet
  facet normal 0 0 1
    outer loop
      vertex 5.64162 -2.24229 2
      vertex 3.20474 -0.19455 2
      vertex 4.90437 -3.57339 2
    endloop
  endfacet
  facet normal 0 0 1
    outer loop
      vertex 5.70308 2.07851 2
      vertex 3.02043 1.50505 2
      vertex 3.36852 0.276443 2
    endloop
  endfacet
  facet normal 0 0 1
    outer loop
      vertex 1.70982 2.89754 2
      vertex 4.02386 4.5358 2
      vertex 2.918 5.31398 2
    endloop
  endfacet
  facet normal 0 0 1
    outer loop
      vertex 4.02386 4.5358 2
      vertex 1.70982 2.89754 2
      vertex 3.02043 1.50505 2
    endloop
  endfacet
  facet normal 0 0 1
    outer loop
      vertex 1.52551 5.86693 2
      vertex 1.70982 2.89754 2
      vertex 2.918 5.31398 2
    endloop
  endfacet
  facet normal 0 0 1
    outer loop
      vertex 1.52551 5.86693 2
      vertex 0.317337 3.34804 2
      vertex 1.70982 2.89754 2
    endloop
  endfacet
  facet normal 0 0 1
    outer loop
      vertex 0.194504 6.05112 2
      vertex 0.317337 3.34804 2
      vertex 1.52551 5.86693 2
    endloop
  endfacet
  facet normal 0 0 1
    outer loop
      vertex 0.194504 6.05112 2
      vertex -0.76796 3.26614 2
      vertex 0.317337 3.34804 2
    endloop
  endfacet
  facet normal -0 0 1
    outer loop
      vertex -1.23889 5.92828 2
      vertex -0.76796 3.26614 2
      vertex 0.194504 6.05112 2
    endloop
  endfacet
  facet normal -0 0 1
    outer loop
      vertex -2.65192 5.43683 2
      vertex -0.76796 3.26614 2
      vertex -1.23889 5.92828 2
    endloop
  endfacet
  facet normal 0 0 1
    outer loop
      vertex -0.76796 3.26614 2
      vertex -2.65192 5.43683 2
      vertex -1.64847 2.91806 2
    endloop
  endfacet
  facet normal -0 0 1
    outer loop
      vertex -4.10587 4.4334 2
      vertex -1.64847 2.91806 2
      vertex -2.65192 5.43683 2
    endloop
  endfacet
  facet normal 0 0 1
    outer loop
      vertex -1.64847 2.91806 2
      vertex -4.10587 4.4334 2
      vertex -2.93863 1.60747 2
    endloop
  endfacet
  facet normal 0 0 1
    outer loop
      vertex -0.501755 -8.8362 2
      vertex -4.07161 -14.4368 2
      vertex -3.50168 -14.5855 2
    endloop
  endfacet
  facet normal -0 0 1
    outer loop
      vertex -5.23215 3.02048 2
      vertex -2.93863 1.60747 2
      vertex -4.10587 4.4334 2
    endloop
  endfacet
  facet normal 0 0 1
    outer loop
      vertex -5.84645 1.50505 2
      vertex -2.93863 1.60747 2
      vertex -5.23215 3.02048 2
    endloop
  endfacet
  facet normal 0 0 1
    outer loop
      vertex -10.182 -11.0148 2
      vertex -3.08191 -1.32083 2
      vertex -6.15359 -0.440231 2
    endloop
  endfacet
  facet normal 0 0 1
    outer loop
      vertex -3.08191 -1.32083 2
      vertex -4.63525 -14.2658 2
      vertex -4.07161 -14.4368 2
    endloop
  endfacet
  facet normal 0 0 1
    outer loop
      vertex -2.93863 1.60747 2
      vertex -5.84645 1.50505 2
      vertex -3.3481 -0.030777 2
    endloop
  endfacet
  facet normal 0 0 1
    outer loop
      vertex -3.08191 -1.32083 2
      vertex -5.19176 -14.0729 2
      vertex -4.63525 -14.2658 2
    endloop
  endfacet
  facet normal 0 0 1
    outer loop
      vertex -3.3481 -0.030777 2
      vertex -5.84645 1.50505 2
      vertex -6.15359 -0.440231 2
    endloop
  endfacet
  facet normal 0 0 1
    outer loop
      vertex -3.08191 -1.32083 2
      vertex -5.74025 -13.8582 2
      vertex -5.19176 -14.0729 2
    endloop
  endfacet
  facet normal 0 0 1
    outer loop
      vertex -3.08191 -1.32083 2
      vertex -6.2799 -13.6221 2
      vertex -5.74025 -13.8582 2
    endloop
  endfacet
  facet normal 0 0 1
    outer loop
      vertex -3.08191 -1.32083 2
      vertex -6.80986 -13.3651 2
      vertex -6.2799 -13.6221 2
    endloop
  endfacet
  facet normal 0 0 1
    outer loop
      vertex -3.08191 -1.32083 2
      vertex -7.32932 -13.0874 2
      vertex -6.80986 -13.3651 2
    endloop
  endfacet
  facet normal 0 0 1
    outer loop
      vertex -3.08191 -1.32083 2
      vertex -7.83748 -12.7896 2
      vertex -7.32932 -13.0874 2
    endloop
  endfacet
  facet normal 0 0 1
    outer loop
      vertex -3.08191 -1.32083 2
      vertex -8.33355 -12.472 2
      vertex -7.83748 -12.7896 2
    endloop
  endfacet
  facet normal 0 0 1
    outer loop
      vertex -11.4061 -9.74172 2
      vertex -6.15359 -0.440231 2
      vertex -8.54953 -0.563187 2
    endloop
  endfacet
  facet normal 0 0 1
    outer loop
      vertex -3.08191 -1.32083 2
      vertex -8.81678 -12.1353 2
      vertex -8.33355 -12.472 2
    endloop
  endfacet
  facet normal 0 0 1
    outer loop
      vertex -14.4368 -4.07161 2
      vertex -8.54953 -0.563187 2
      vertex -8.97952 -0.19455 2
    endloop
  endfacet
  facet normal -0 0 1
    outer loop
      vertex -10.6066 10.6066 2
      vertex -7.13651 5.49829 2
      vertex -10.182 11.0148 2
    endloop
  endfacet
  facet normal 0 0 1
    outer loop
      vertex -3.08191 -1.32083 2
      vertex -9.28641 -11.7798 2
      vertex -8.81678 -12.1353 2
    endloop
  endfacet
  facet normal -0 0 1
    outer loop
      vertex -11.0148 10.182 2
      vertex -7.13651 5.49829 2
      vertex -10.6066 10.6066 2
    endloop
  endfacet
  facet normal 0 0 1
    outer loop
      vertex -3.08191 -1.32083 2
      vertex -9.74172 -11.4061 2
      vertex -9.28641 -11.7798 2
    endloop
  endfacet
  facet normal -0 0 1
    outer loop
      vertex -11.4061 9.74172 2
      vertex -7.13651 5.49829 2
      vertex -11.0148 10.182 2
    endloop
  endfacet
  facet normal 0 0 1
    outer loop
      vertex -3.08191 -1.32083 2
      vertex -10.182 -11.0148 2
      vertex -9.74172 -11.4061 2
    endloop
  endfacet
  facet normal -0 0 1
    outer loop
      vertex -11.7798 9.28641 2
      vertex -7.13651 5.49829 2
      vertex -11.4061 9.74172 2
    endloop
  endfacet
  facet normal 0 0 1
    outer loop
      vertex -6.15359 -0.440231 2
      vertex -10.6066 -10.6066 2
      vertex -10.182 -11.0148 2
    endloop
  endfacet
  facet normal -0 0 1
    outer loop
      vertex -12.1353 8.81678 2
      vertex -7.13651 5.49829 2
      vertex -11.7798 9.28641 2
    endloop
  endfacet
  facet normal 0 0 1
    outer loop
      vertex -6.15359 -0.440231 2
      vertex -11.0148 -10.182 2
      vertex -10.6066 -10.6066 2
    endloop
  endfacet
  facet normal -0 0 1
    outer loop
      vertex -12.472 8.33355 2
      vertex -7.13651 5.49829 2
      vertex -12.1353 8.81678 2
    endloop
  endfacet
  facet normal 0 0 1
    outer loop
      vertex -6.15359 -0.440231 2
      vertex -11.4061 -9.74172 2
      vertex -11.0148 -10.182 2
    endloop
  endfacet
  facet normal -0 0 1
    outer loop
      vertex -12.7896 7.83748 2
      vertex -7.13651 5.49829 2
      vertex -12.472 8.33355 2
    endloop
  endfacet
  facet normal 0 0 1
    outer loop
      vertex -8.54953 -0.563187 2
      vertex -11.7798 -9.28641 2
      vertex -11.4061 -9.74172 2
    endloop
  endfacet
  facet normal -0 0 1
    outer loop
      vertex -13.0874 7.32932 2
      vertex -7.13651 5.49829 2
      vertex -12.7896 7.83748 2
    endloop
  endfacet
  facet normal 0 0 1
    outer loop
      vertex -8.54953 -0.563187 2
      vertex -12.1353 -8.81678 2
      vertex -11.7798 -9.28641 2
    endloop
  endfacet
  facet normal 0 0 1
    outer loop
      vertex -7.13651 5.49829 2
      vertex -13.0874 7.32932 2
      vertex -8.54953 2.83617 2
    endloop
  endfacet
  facet normal 0 0 1
    outer loop
      vertex -8.54953 -0.563187 2
      vertex -12.472 -8.33355 2
      vertex -12.1353 -8.81678 2
    endloop
  endfacet
  facet normal -0 0 1
    outer loop
      vertex -13.3651 6.80986 2
      vertex -8.54953 2.83617 2
      vertex -13.0874 7.32932 2
    endloop
  endfacet
  facet normal 0 0 1
    outer loop
      vertex -8.54953 -0.563187 2
      vertex -12.7896 -7.83748 2
      vertex -12.472 -8.33355 2
    endloop
  endfacet
  facet normal -0 0 1
    outer loop
      vertex -13.6221 6.2799 2
      vertex -8.54953 2.83617 2
      vertex -13.3651 6.80986 2
    endloop
  endfacet
  facet normal 0 0 1
    outer loop
      vertex -8.54953 -0.563187 2
      vertex -13.0874 -7.32932 2
      vertex -12.7896 -7.83748 2
    endloop
  endfacet
  facet normal -0 0 1
    outer loop
      vertex -13.8582 5.74025 2
      vertex -8.54953 2.83617 2
      vertex -13.6221 6.2799 2
    endloop
  endfacet
  facet normal 0 0 1
    outer loop
      vertex -8.54953 -0.563187 2
      vertex -13.3651 -6.80986 2
      vertex -13.0874 -7.32932 2
    endloop
  endfacet
  facet normal -0 0 1
    outer loop
      vertex -14.0729 5.19176 2
      vertex -8.54953 2.83617 2
      vertex -13.8582 5.74025 2
    endloop
  endfacet
  facet normal 0 0 1
    outer loop
      vertex -8.54953 -0.563187 2
      vertex -13.6221 -6.2799 2
      vertex -13.3651 -6.80986 2
    endloop
  endfacet
  facet normal -0 0 1
    outer loop
      vertex -14.2658 4.63525 2
      vertex -8.54953 2.83617 2
      vertex -14.0729 5.19176 2
    endloop
  endfacet
  facet normal 0 0 1
    outer loop
      vertex -8.54953 -0.563187 2
      vertex -13.8582 -5.74025 2
      vertex -13.6221 -6.2799 2
    endloop
  endfacet
  facet normal -0 0 1
    outer loop
      vertex -14.4368 4.07161 2
      vertex -8.54953 2.83617 2
      vertex -14.2658 4.63525 2
    endloop
  endfacet
  facet normal 0 0 1
    outer loop
      vertex -8.54953 -0.563187 2
      vertex -14.0729 -5.19176 2
      vertex -13.8582 -5.74025 2
    endloop
  endfacet
  facet normal -0 0 1
    outer loop
      vertex -14.5855 3.50168 2
      vertex -8.54953 2.83617 2
      vertex -14.4368 4.07161 2
    endloop
  endfacet
  facet normal 0 0 1
    outer loop
      vertex -8.54953 -0.563187 2
      vertex -14.2658 -4.63525 2
      vertex -14.0729 -5.19176 2
    endloop
  endfacet
  facet normal -0 0 1
    outer loop
      vertex -14.7118 2.92635 2
      vertex -8.54953 2.83617 2
      vertex -14.5855 3.50168 2
    endloop
  endfacet
  facet normal 0 0 1
    outer loop
      vertex -8.54953 -0.563187 2
      vertex -14.4368 -4.07161 2
      vertex -14.2658 -4.63525 2
    endloop
  endfacet
  facet normal 0 0 1
    outer loop
      vertex -14.8153 2.34652 2
      vertex -8.54953 2.83617 2
      vertex -14.7118 2.92635 2
    endloop
  endfacet
  facet normal 0 0 1
    outer loop
      vertex -8.97952 -0.19455 2
      vertex -14.5855 -3.50168 2
      vertex -14.4368 -4.07161 2
    endloop
  endfacet
  facet normal 0 0 1
    outer loop
      vertex -8.54953 2.83617 2
      vertex -14.8153 2.34652 2
      vertex -8.97952 -0.19455 2
    endloop
  endfacet
  facet normal 0 0 1
    outer loop
      vertex -8.97952 -0.19455 2
      vertex -14.7118 -2.92635 2
      vertex -14.5855 -3.50168 2
    endloop
  endfacet
  facet normal -0 0 1
    outer loop
      vertex -14.896 1.76306 2
      vertex -8.97952 -0.19455 2
      vertex -14.8153 2.34652 2
    endloop
  endfacet
  facet normal 0 0 1
    outer loop
      vertex -8.97952 -0.19455 2
      vertex -14.8153 -2.34652 2
      vertex -14.7118 -2.92635 2
    endloop
  endfacet
  facet normal -0 0 1
    outer loop
      vertex -14.9538 1.17689 2
      vertex -8.97952 -0.19455 2
      vertex -14.896 1.76306 2
    endloop
  endfacet
  facet normal 0 0 1
    outer loop
      vertex -8.97952 -0.19455 2
      vertex -14.896 -1.76306 2
      vertex -14.8153 -2.34652 2
    endloop
  endfacet
  facet normal -0 0 1
    outer loop
      vertex -14.9884 0.588897 2
      vertex -8.97952 -0.19455 2
      vertex -14.9538 1.17689 2
    endloop
  endfacet
  facet normal 0 0 1
    outer loop
      vertex -8.97952 -0.19455 2
      vertex -14.9538 -1.17689 2
      vertex -14.896 -1.76306 2
    endloop
  endfacet
  facet normal -0 0 1
    outer loop
      vertex -15 0 2
      vertex -8.97952 -0.19455 2
      vertex -14.9884 0.588897 2
    endloop
  endfacet
  facet normal 0 0 1
    outer loop
      vertex -8.97952 -0.19455 2
      vertex -14.9884 -0.588897 2
      vertex -14.9538 -1.17689 2
    endloop
  endfacet
  facet normal 0 0 1
    outer loop
      vertex -8.97952 -0.19455 2
      vertex -15 0 2
      vertex -14.9884 -0.588897 2
    endloop
  endfacet
  facet normal -0 0 1
    outer loop
      vertex 0.501663 -2.50859 2
      vertex 4.90437 -3.57339 2
      vertex 3.20474 -0.19455 2
    endloop
  endfacet
  facet normal 0 0 1
    outer loop
      vertex 0.501663 -2.50859 2
      vertex 3.20474 -0.19455 2
      vertex 2.44707 -0.112671 2
    endloop
  endfacet
  facet normal 0 0 1
    outer loop
      vertex 4.90437 -3.57339 2
      vertex 0.501663 -2.50859 2
      vertex 3.90103 -4.63823 2
    endloop
  endfacet
  facet normal 0 0 1
    outer loop
      vertex -1.19795 -1.99661 2
      vertex 2.44707 -0.112671 2
      vertex 2.07846 1.09547 2
    endloop
  endfacet
  facet normal 0 0 1
    outer loop
      vertex -1.19795 -1.99661 2
      vertex 2.07846 1.09547 2
      vertex 1.32079 1.93513 2
    endloop
  endfacet
  facet normal 0 0 1
    outer loop
      vertex 3.90103 -4.63823 2
      vertex 0.501663 -2.50859 2
      vertex 2.1194 -5.68262 2
    endloop
  endfacet
  facet normal 0 0 1
    outer loop
      vertex 2.1194 -5.68262 2
      vertex 0.501663 -2.50859 2
      vertex 0.563141 -5.98976 2
    endloop
  endfacet
  facet normal 0 0 1
    outer loop
      vertex -1.19795 -1.99661 2
      vertex 1.32079 1.93513 2
      vertex -0.23555 2.32419 2
    endloop
  endfacet
  facet normal 0 0 1
    outer loop
      vertex -1.19795 -1.99661 2
      vertex -0.23555 2.32419 2
      vertex -1.157 2.01703 2
    endloop
  endfacet
  facet normal 0 0 1
    outer loop
      vertex 2.44707 -0.112671 2
      vertex -1.19795 -1.99661 2
      vertex 0.501663 -2.50859 2
    endloop
  endfacet
  facet normal -0 0 1
    outer loop
      vertex -1.89424 1.34126 2
      vertex -1.19795 -1.99661 2
      vertex -1.157 2.01703 2
    endloop
  endfacet
  facet normal 0 0 1
    outer loop
      vertex -1.89424 1.34126 2
      vertex -2.2014 -0.747482 2
      vertex -1.19795 -1.99661 2
    endloop
  endfacet
  facet normal 0 -0 1
    outer loop
      vertex -2.2014 -0.747482 2
      vertex -1.89424 1.34126 2
      vertex -2.28328 0.419708 2
    endloop
  endfacet
  facet normal 0 0 1
    outer loop
      vertex -0.481232 -8.85674 2
      vertex -0.501755 -8.8362 2
      vertex -0.481232 -8.87714 2
    endloop
  endfacet
  facet normal -0 0 1
    outer loop
      vertex 7.0341 1.38222 2
      vertex 7.81229 1.36179 2
      vertex 7.27988 3.14331 2
    endloop
  endfacet
  facet normal 0 -0 1
    outer loop
      vertex 7.13651 -0.645081 2
      vertex 7.81229 1.36179 2
      vertex 7.0341 1.38222 2
    endloop
  endfacet
  facet normal 0 0 1
    outer loop
      vertex 6.74736 -2.42661 2
      vertex 7.87364 -0.911285 2
      vertex 7.13651 -0.645081 2
    endloop
  endfacet
  facet normal 0 0 1
    outer loop
      vertex 7.81229 1.36179 2
      vertex 7.13651 -0.645081 2
      vertex 7.87364 -0.911285 2
    endloop
  endfacet
  facet normal 0 0 1
    outer loop
      vertex 7.27988 3.14331 2
      vertex 6.50169 3.02048 2
      vertex 7.0341 1.38222 2
    endloop
  endfacet
  facet normal 0 0 1
    outer loop
      vertex 6.21497 4.90443 2
      vertex 6.50169 3.02048 2
      vertex 7.27988 3.14331 2
    endloop
  endfacet
  facet normal 0 0 1
    outer loop
      vertex 6.21497 4.90443 2
      vertex 5.41635 4.67917 2
      vertex 6.50169 3.02048 2
    endloop
  endfacet
  facet normal 0 0 1
    outer loop
      vertex 4.5768 6.46069 2
      vertex 5.41635 4.67917 2
      vertex 6.21497 4.90443 2
    endloop
  endfacet
  facet normal 0 0 1
    outer loop
      vertex 4.5768 6.46069 2
      vertex 3.98293 5.94882 2
      vertex 5.41635 4.67917 2
    endloop
  endfacet
  facet normal 0 0 1
    outer loop
      vertex 2.8157 7.40266 2
      vertex 3.98293 5.94882 2
      vertex 4.5768 6.46069 2
    endloop
  endfacet
  facet normal 0 0 1
    outer loop
      vertex 2.8157 7.40266 2
      vertex 2.34467 6.76794 2
      vertex 3.98293 5.94882 2
    endloop
  endfacet
  facet normal 0 0 1
    outer loop
      vertex 1.01364 7.85318 2
      vertex 2.34467 6.76794 2
      vertex 2.8157 7.40266 2
    endloop
  endfacet
  facet normal 0 0 1
    outer loop
      vertex 1.01364 7.85318 2
      vertex 0.747437 7.11604 2
      vertex 2.34467 6.76794 2
    endloop
  endfacet
  facet normal -0 0 1
    outer loop
      vertex -1.11606 7.83275 2
      vertex 0.747437 7.11604 2
      vertex 1.01364 7.85318 2
    endloop
  endfacet
  facet normal 0 0 1
    outer loop
      vertex 0.747437 7.11604 2
      vertex -1.11606 7.83275 2
      vertex -1.03416 7.0751 2
    endloop
  endfacet
  facet normal 0 0 1
    outer loop
      vertex -1.11606 7.83275 2
      vertex -2.79527 6.58363 2
      vertex -1.03416 7.0751 2
    endloop
  endfacet
  facet normal -0 0 1
    outer loop
      vertex -3.12285 7.25941 2
      vertex -2.79527 6.58363 2
      vertex -1.11606 7.83275 2
    endloop
  endfacet
  facet normal 0 0 1
    outer loop
      vertex -4.94542 6.15355 2
      vertex -2.79527 6.58363 2
      vertex -3.12285 7.25941 2
    endloop
  endfacet
  facet normal 0 0 1
    outer loop
      vertex -2.79527 6.58363 2
      vertex -4.94542 6.15355 2
      vertex -4.53584 5.51872 2
    endloop
  endfacet
  facet normal 0 0 1
    outer loop
      vertex -6.29697 4.76106 2
      vertex -4.53584 5.51872 2
      vertex -4.94542 6.15355 2
    endloop
  endfacet
  facet normal 0 0 1
    outer loop
      vertex -4.53584 5.51872 2
      vertex -6.29697 4.76106 2
      vertex -5.78497 4.1877 2
    endloop
  endfacet
  facet normal 0 0 1
    outer loop
      vertex -7.30042 2.99994 2
      vertex -5.78497 4.1877 2
      vertex -6.29697 4.76106 2
    endloop
  endfacet
  facet normal 0 0 1
    outer loop
      vertex -5.78497 4.1877 2
      vertex -7.30042 2.99994 2
      vertex -6.74747 2.34471 2
    endloop
  endfacet
  facet normal 0 0 1
    outer loop
      vertex -7.81229 0.583603 2
      vertex -6.74747 2.34471 2
      vertex -7.30042 2.99994 2
    endloop
  endfacet
  facet normal 0 0 1
    outer loop
      vertex -6.74747 2.34471 2
      vertex -7.81229 0.583603 2
      vertex -7.11609 0.604034 2
    endloop
  endfacet
  facet normal 0 0 1
    outer loop
      vertex 7.87364 -0.911285 2
      vertex 6.74736 -2.42661 2
      vertex 7.25937 -3.18436 2
    endloop
  endfacet
  facet normal 0 0 1
    outer loop
      vertex 5.94876 -4.00339 2
      vertex 7.25937 -3.18436 2
      vertex 6.74736 -2.42661 2
    endloop
  endfacet
  facet normal -0 0 1
    outer loop
      vertex 5.94876 -4.00339 2
      vertex 5.90782 -5.27304 2
      vertex 7.25937 -3.18436 2
    endloop
  endfacet
  facet normal 0 0 1
    outer loop
      vertex 4.72006 -5.39587 2
      vertex 5.90782 -5.27304 2
      vertex 5.94876 -4.00339 2
    endloop
  endfacet
  facet normal -0 0 1
    outer loop
      vertex 4.72006 -5.39587 2
      vertex 4.04428 -6.8089 2
      vertex 5.90782 -5.27304 2
    endloop
  endfacet
  facet normal -0 0 1
    outer loop
      vertex 2.93854 -6.54269 2
      vertex 4.04428 -6.8089 2
      vertex 4.72006 -5.39587 2
    endloop
  endfacet
  facet normal 0 0 1
    outer loop
      vertex 2.93854 -6.54269 2
      vertex 1.87372 -7.79181 2
      vertex 4.04428 -6.8089 2
    endloop
  endfacet
  facet normal -0 0 1
    outer loop
      vertex 0.542603 -8.07854 2
      vertex 1.87372 -8.4881 2
      vertex 1.87372 -7.79181 2
    endloop
  endfacet
  facet normal 0 0 1
    outer loop
      vertex 0.440186 -8.95903 2
      vertex 1.87372 -8.4881 2
      vertex 0.501663 -8.89767 2
    endloop
  endfacet
  facet normal -0 0 1
    outer loop
      vertex 1.157 -7.0751 2
      vertex 1.87372 -7.79181 2
      vertex 2.93854 -6.54269 2
    endloop
  endfacet
  facet normal 0 0 1
    outer loop
      vertex 0.542603 -8.07854 2
      vertex 1.87372 -7.79181 2
      vertex 1.157 -7.0751 2
    endloop
  endfacet
  facet normal 0 0 1
    outer loop
      vertex 1.87372 -8.4881 2
      vertex 0.542603 -8.79526 2
      vertex 0.522171 -8.85674 2
    endloop
  endfacet
  facet normal 0 0 1
    outer loop
      vertex 1.87372 -8.4881 2
      vertex 0.542603 -8.07854 2
      vertex 0.542603 -8.79526 2
    endloop
  endfacet
  facet normal 0 0 1
    outer loop
      vertex 1.157 -7.0751 2
      vertex 0.522171 -8.0376 2
      vertex 0.542603 -8.07854 2
    endloop
  endfacet
  facet normal 0 0 1
    outer loop
      vertex 1.157 -7.0751 2
      vertex 0.501663 -7.99666 2
      vertex 0.522171 -8.0376 2
    endloop
  endfacet
  facet normal 0 0 1
    outer loop
      vertex 1.157 -7.0751 2
      vertex 0.419769 -7.91475 2
      vertex 0.501663 -7.99666 2
    endloop
  endfacet
  facet normal -0 0 1
    outer loop
      vertex 0.358292 -7.89423 2
      vertex 0.419769 -7.91475 2
      vertex 1.157 -7.0751 2
    endloop
  endfacet
  facet normal 0 0 1
    outer loop
      vertex 0.419769 -7.91475 2
      vertex 0.358292 -7.89423 2
      vertex 0.378815 -7.91475 2
    endloop
  endfacet
  facet normal -0 0 1
    outer loop
      vertex -0.051239 -7.157 2
      vertex 0.358292 -7.89423 2
      vertex 1.157 -7.0751 2
    endloop
  endfacet
  facet normal 0 0 1
    outer loop
      vertex -0.051239 -7.157 2
      vertex -0.337875 -7.89423 2
      vertex 0.358292 -7.89423 2
    endloop
  endfacet
  facet normal 0 0 1
    outer loop
      vertex -0.399338 -6.97267 2
      vertex -0.337875 -7.89423 2
      vertex -0.051239 -7.157 2
    endloop
  endfacet
  facet normal 0 0 1
    outer loop
      vertex -0.337875 -7.89423 2
      vertex -0.378815 -7.91475 2
      vertex -0.358383 -7.91475 2
    endloop
  endfacet
  facet normal 0 0 1
    outer loop
      vertex -0.337875 -7.89423 2
      vertex -0.399338 -6.97267 2
      vertex -0.378815 -7.91475 2
    endloop
  endfacet
  facet normal 0 0 1
    outer loop
      vertex -0.419769 -7.93518 2
      vertex -0.378815 -7.91475 2
      vertex -0.399338 -6.97267 2
    endloop
  endfacet
  facet normal 0 0 1
    outer loop
      vertex -0.378815 -7.91475 2
      vertex -0.419769 -7.93518 2
      vertex -0.399338 -7.93518 2
    endloop
  endfacet
  facet normal 0 0 1
    outer loop
      vertex -0.399338 -6.97267 2
      vertex -0.460815 -7.97612 2
      vertex -0.419769 -7.93518 2
    endloop
  endfacet
  facet normal 0 0 1
    outer loop
      vertex -0.460815 -7.97612 2
      vertex -0.481232 -8.01707 2
      vertex -0.460815 -7.99666 2
    endloop
  endfacet
  facet normal 0 0 1
    outer loop
      vertex -0.399338 -6.97267 2
      vertex -0.481232 -8.01707 2
      vertex -0.460815 -7.97612 2
    endloop
  endfacet
  facet normal 0 0 1
    outer loop
      vertex -1.62804 -2.93858 2
      vertex -0.399338 -6.97267 2
      vertex -0.501755 -3.3891 2
    endloop
  endfacet
  facet normal 0 0 1
    outer loop
      vertex -2.52907 -2.20134 2
      vertex -0.399338 -6.97267 2
      vertex -1.62804 -2.93858 2
    endloop
  endfacet
  facet normal 0 0 1
    outer loop
      vertex -0.399338 -6.97267 2
      vertex -0.501755 -8.05801 2
      vertex -0.481232 -8.01707 2
    endloop
  endfacet
  facet normal 0 0 1
    outer loop
      vertex -0.481232 -8.01707 2
      vertex -0.501755 -8.05801 2
      vertex -0.481232 -8.0376 2
    endloop
  endfacet
  facet normal 0 0 1
    outer loop
      vertex -0.399338 -6.97267 2
      vertex -2.52907 -2.20134 2
      vertex -0.501755 -8.05801 2
    endloop
  endfacet
  facet normal 0 0 1
    outer loop
      vertex -0.501755 -8.8362 2
      vertex -1.17689 -14.9538 2
      vertex -0.588897 -14.9884 2
    endloop
  endfacet
  facet normal 0 0 1
    outer loop
      vertex -4.07161 -14.4368 2
      vertex -0.501755 -8.05801 2
      vertex -2.52907 -2.20134 2
    endloop
  endfacet
  facet normal 0 0 1
    outer loop
      vertex -0.501755 -8.8362 2
      vertex -1.76306 -14.896 2
      vertex -1.17689 -14.9538 2
    endloop
  endfacet
  facet normal 0 0 1
    outer loop
      vertex -0.501755 -8.8362 2
      vertex -2.34652 -14.8153 2
      vertex -1.76306 -14.896 2
    endloop
  endfacet
  facet normal 0 0 1
    outer loop
      vertex -4.07161 -14.4368 2
      vertex -0.501755 -8.8362 2
      vertex -0.501755 -8.05801 2
    endloop
  endfacet
  facet normal 0 0 1
    outer loop
      vertex -0.501755 -8.8362 2
      vertex -2.92635 -14.7118 2
      vertex -2.34652 -14.8153 2
    endloop
  endfacet
  facet normal 0 0 1
    outer loop
      vertex -4.07161 -14.4368 2
      vertex -2.52907 -2.20134 2
      vertex -3.08191 -1.32083 2
    endloop
  endfacet
  facet normal -0 0 1
    outer loop
      vertex -6.15359 -0.440231 2
      vertex -3.08191 -1.32083 2
      vertex -3.3481 -0.030777 2
    endloop
  endfacet
  facet normal 0 0 1
    outer loop
      vertex -0.501755 -8.8362 2
      vertex -3.50168 -14.5855 2
      vertex -2.92635 -14.7118 2
    endloop
  endfacet
  facet normal 0 0 1
    outer loop
      vertex 8.97952 0.972641 2
      vertex 15 0 2
      vertex 14.9884 0.588897 2
    endloop
  endfacet
  facet normal -0 0 1
    outer loop
      vertex 8.97952 0.972641 2
      vertex 14.9884 0.588897 2
      vertex 14.9538 1.17689 2
    endloop
  endfacet
  facet normal 0 0 1
    outer loop
      vertex 8.97952 -0.993164 2
      vertex 15 0 2
      vertex 8.97952 0.972641 2
    endloop
  endfacet
  facet normal 0 0 1
    outer loop
      vertex 8.97952 0.972641 2
      vertex 14.9538 1.17689 2
      vertex 14.896 1.76306 2
    endloop
  endfacet
  facet normal 0 0 1
    outer loop
      vertex 15 0 2
      vertex 8.97952 -0.993164 2
      vertex 14.9884 -0.588897 2
    endloop
  endfacet
  facet normal 0 0 1
    outer loop
      vertex 8.97952 0.972641 2
      vertex 14.896 1.76306 2
      vertex 14.8153 2.34652 2
    endloop
  endfacet
  facet normal 0 0 1
    outer loop
      vertex 14.9884 -0.588897 2
      vertex 8.97952 -0.993164 2
      vertex 14.9538 -1.17689 2
    endloop
  endfacet
  facet normal 0 0 1
    outer loop
      vertex 8.97952 0.972641 2
      vertex 14.8153 2.34652 2
      vertex 14.7118 2.92635 2
    endloop
  endfacet
  facet normal 0 0 1
    outer loop
      vertex 14.9538 -1.17689 2
      vertex 8.97952 -0.993164 2
      vertex 14.896 -1.76306 2
    endloop
  endfacet
  facet normal 0 0 1
    outer loop
      vertex 8.63142 2.67227 2
      vertex 14.7118 2.92635 2
      vertex 14.5855 3.50168 2
    endloop
  endfacet
  facet normal 0 0 1
    outer loop
      vertex 14.896 -1.76306 2
      vertex 8.97952 -0.993164 2
      vertex 14.8153 -2.34652 2
    endloop
  endfacet
  facet normal 0 0 1
    outer loop
      vertex 8.63142 2.67227 2
      vertex 14.5855 3.50168 2
      vertex 14.4368 4.07161 2
    endloop
  endfacet
  facet normal 0 0 1
    outer loop
      vertex 14.8153 -2.34652 2
      vertex 8.97952 -0.993164 2
      vertex 14.7118 -2.92635 2
    endloop
  endfacet
  facet normal 0 0 1
    outer loop
      vertex 8.63142 2.67227 2
      vertex 14.4368 4.07161 2
      vertex 14.2658 4.63525 2
    endloop
  endfacet
  facet normal -0 0 1
    outer loop
      vertex 8.63142 -2.67238 2
      vertex 14.7118 -2.92635 2
      vertex 8.97952 -0.993164 2
    endloop
  endfacet
  facet normal 0 0 1
    outer loop
      vertex 8.63142 2.67227 2
      vertex 14.2658 4.63525 2
      vertex 14.0729 5.19176 2
    endloop
  endfacet
  facet normal 0 0 1
    outer loop
      vertex 14.7118 -2.92635 2
      vertex 8.63142 -2.67238 2
      vertex 14.5855 -3.50168 2
    endloop
  endfacet
  facet normal 0 0 1
    outer loop
      vertex 8.63142 2.67227 2
      vertex 14.0729 5.19176 2
      vertex 13.8582 5.74025 2
    endloop
  endfacet
  facet normal 0 0 1
    outer loop
      vertex 14.5855 -3.50168 2
      vertex 8.63142 -2.67238 2
      vertex 14.4368 -4.07161 2
    endloop
  endfacet
  facet normal 0 0 1
    outer loop
      vertex 7.95566 4.26959 2
      vertex 13.8582 5.74025 2
      vertex 13.6221 6.2799 2
    endloop
  endfacet
  facet normal 0 0 1
    outer loop
      vertex 14.4368 -4.07161 2
      vertex 8.63142 -2.67238 2
      vertex 14.2658 -4.63525 2
    endloop
  endfacet
  facet normal 0 0 1
    outer loop
      vertex 7.95566 4.26959 2
      vertex 13.6221 6.2799 2
      vertex 13.3651 6.80986 2
    endloop
  endfacet
  facet normal 0 0 1
    outer loop
      vertex 14.2658 -4.63525 2
      vertex 8.63142 -2.67238 2
      vertex 14.0729 -5.19176 2
    endloop
  endfacet
  facet normal 0 0 1
    outer loop
      vertex 7.95566 4.26959 2
      vertex 13.3651 6.80986 2
      vertex 13.0874 7.32932 2
    endloop
  endfacet
  facet normal 0 0 1
    outer loop
      vertex 14.0729 -5.19176 2
      vertex 8.63142 -2.67238 2
      vertex 13.8582 -5.74025 2
    endloop
  endfacet
  facet normal 0 0 1
    outer loop
      vertex 7.95566 4.26959 2
      vertex 13.0874 7.32932 2
      vertex 12.7896 7.83748 2
    endloop
  endfacet
  facet normal -0 0 1
    outer loop
      vertex 8.01701 -4.16728 2
      vertex 13.8582 -5.74025 2
      vertex 8.63142 -2.67238 2
    endloop
  endfacet
  facet normal 0 0 1
    outer loop
      vertex 7.95566 4.26959 2
      vertex 12.7896 7.83748 2
      vertex 12.472 8.33355 2
    endloop
  endfacet
  facet normal 0 0 1
    outer loop
      vertex 13.8582 -5.74025 2
      vertex 8.01701 -4.16728 2
      vertex 13.6221 -6.2799 2
    endloop
  endfacet
  facet normal 0 0 1
    outer loop
      vertex 6.95221 5.76451 2
      vertex 12.472 8.33355 2
      vertex 12.1353 8.81678 2
    endloop
  endfacet
  facet normal 0 0 1
    outer loop
      vertex 13.6221 -6.2799 2
      vertex 8.01701 -4.16728 2
      vertex 13.3651 -6.80986 2
    endloop
  endfacet
  facet normal 0 0 1
    outer loop
      vertex 6.95221 5.76451 2
      vertex 12.1353 8.81678 2
      vertex 11.7798 9.28641 2
    endloop
  endfacet
  facet normal 0 0 1
    outer loop
      vertex 13.3651 -6.80986 2
      vertex 8.01701 -4.16728 2
      vertex 13.0874 -7.32932 2
    endloop
  endfacet
  facet normal 0 0 1
    outer loop
      vertex 6.95221 5.76451 2
      vertex 11.7798 9.28641 2
      vertex 11.4061 9.74172 2
    endloop
  endfacet
  facet normal 0 0 1
    outer loop
      vertex 13.0874 -7.32932 2
      vertex 8.01701 -4.16728 2
      vertex 12.7896 -7.83748 2
    endloop
  endfacet
  facet normal 0 0 1
    outer loop
      vertex 6.95221 5.76451 2
      vertex 11.4061 9.74172 2
      vertex 11.0148 10.182 2
    endloop
  endfacet
  facet normal 0 0 1
    outer loop
      vertex 12.7896 -7.83748 2
      vertex 8.01701 -4.16728 2
      vertex 12.472 -8.33355 2
    endloop
  endfacet
  facet normal 0 0 1
    outer loop
      vertex 6.95221 5.76451 2
      vertex 11.0148 10.182 2
      vertex 10.6066 10.6066 2
    endloop
  endfacet
  facet normal -0 0 1
    outer loop
      vertex 7.13651 -5.53925 2
      vertex 12.472 -8.33355 2
      vertex 8.01701 -4.16728 2
    endloop
  endfacet
  facet normal 0 0 1
    outer loop
      vertex 5.8054 6.91121 2
      vertex 10.6066 10.6066 2
      vertex 10.182 11.0148 2
    endloop
  endfacet
  facet normal 0 0 1
    outer loop
      vertex 12.472 -8.33355 2
      vertex 7.13651 -5.53925 2
      vertex 12.1353 -8.81678 2
    endloop
  endfacet
  facet normal 0 0 1
    outer loop
      vertex 5.8054 6.91121 2
      vertex 10.182 11.0148 2
      vertex 9.74172 11.4061 2
    endloop
  endfacet
  facet normal 0 0 1
    outer loop
      vertex 12.1353 -8.81678 2
      vertex 7.13651 -5.53925 2
      vertex 11.7798 -9.28641 2
    endloop
  endfacet
  facet normal 0 0 1
    outer loop
      vertex 5.8054 6.91121 2
      vertex 9.74172 11.4061 2
      vertex 9.28641 11.7798 2
    endloop
  endfacet
  facet normal 0 0 1
    outer loop
      vertex 11.7798 -9.28641 2
      vertex 7.13651 -5.53925 2
      vertex 11.4061 -9.74172 2
    endloop
  endfacet
  facet normal 0 0 1
    outer loop
      vertex 11.4061 -9.74172 2
      vertex 7.13651 -5.53925 2
      vertex 11.0148 -10.182 2
    endloop
  endfacet
  facet normal 0 0 1
    outer loop
      vertex 5.8054 6.91121 2
      vertex 9.28641 11.7798 2
      vertex 8.81678 12.1353 2
    endloop
  endfacet
  facet normal 0 0 1
    outer loop
      vertex 14.7118 2.92635 2
      vertex 8.63142 2.67227 2
      vertex 8.97952 0.972641 2
    endloop
  endfacet
  facet normal 0 0 1
    outer loop
      vertex 5.8054 6.91121 2
      vertex 8.81678 12.1353 2
      vertex 8.33355 12.472 2
    endloop
  endfacet
  facet normal 0 0 1
    outer loop
      vertex 13.8582 5.74025 2
      vertex 7.95566 4.26959 2
      vertex 8.63142 2.67227 2
    endloop
  endfacet
  facet normal 0 0 1
    outer loop
      vertex 4.33102 7.91464 2
      vertex 8.33355 12.472 2
      vertex 7.83748 12.7896 2
    endloop
  endfacet
  facet normal 0 0 1
    outer loop
      vertex 4.33102 7.91464 2
      vertex 7.83748 12.7896 2
      vertex 7.32932 13.0874 2
    endloop
  endfacet
  facet normal 0 0 1
    outer loop
      vertex 12.472 8.33355 2
      vertex 6.95221 5.76451 2
      vertex 7.95566 4.26959 2
    endloop
  endfacet
  facet normal 0 0 1
    outer loop
      vertex 4.33102 7.91464 2
      vertex 7.32932 13.0874 2
      vertex 6.80986 13.3651 2
    endloop
  endfacet
  facet normal 0 0 1
    outer loop
      vertex 4.33102 7.91464 2
      vertex 6.80986 13.3651 2
      vertex 6.2799 13.6221 2
    endloop
  endfacet
  facet normal 0 0 1
    outer loop
      vertex 10.6066 10.6066 2
      vertex 5.8054 6.91121 2
      vertex 6.95221 5.76451 2
    endloop
  endfacet
  facet normal 0 0 1
    outer loop
      vertex 4.33102 7.91464 2
      vertex 6.2799 13.6221 2
      vertex 5.74025 13.8582 2
    endloop
  endfacet
  facet normal 0 0 1
    outer loop
      vertex 2.75423 8.59042 2
      vertex 5.74025 13.8582 2
      vertex 5.19176 14.0729 2
    endloop
  endfacet
  facet normal 0 0 1
    outer loop
      vertex 2.75423 8.59042 2
      vertex 5.19176 14.0729 2
      vertex 4.63525 14.2658 2
    endloop
  endfacet
  facet normal 0 0 1
    outer loop
      vertex 8.33355 12.472 2
      vertex 4.33102 7.91464 2
      vertex 5.8054 6.91121 2
    endloop
  endfacet
  facet normal 0 0 1
    outer loop
      vertex 2.75423 8.59042 2
      vertex 4.63525 14.2658 2
      vertex 4.07161 14.4368 2
    endloop
  endfacet
  facet normal 0 0 1
    outer loop
      vertex 2.75423 8.59042 2
      vertex 4.07161 14.4368 2
      vertex 3.50168 14.5855 2
    endloop
  endfacet
  facet normal 0 0 1
    outer loop
      vertex 2.75423 8.59042 2
      vertex 3.50168 14.5855 2
      vertex 2.92635 14.7118 2
    endloop
  endfacet
  facet normal 0 0 1
    outer loop
      vertex 5.74025 13.8582 2
      vertex 2.75423 8.59042 2
      vertex 4.33102 7.91464 2
    endloop
  endfacet
  facet normal 0 0 1
    outer loop
      vertex 1.03407 8.95903 2
      vertex 2.92635 14.7118 2
      vertex 2.34652 14.8153 2
    endloop
  endfacet
  facet normal 0 0 1
    outer loop
      vertex 1.03407 8.95903 2
      vertex 2.34652 14.8153 2
      vertex 1.76306 14.896 2
    endloop
  endfacet
  facet normal 0 0 1
    outer loop
      vertex 1.03407 8.95903 2
      vertex 1.76306 14.896 2
      vertex 1.17689 14.9538 2
    endloop
  endfacet
  facet normal 0 0 1
    outer loop
      vertex 2.92635 14.7118 2
      vertex 1.03407 8.95903 2
      vertex 2.75423 8.59042 2
    endloop
  endfacet
  facet normal 0 0 1
    outer loop
      vertex 0.588897 14.9884 2
      vertex 1.03407 8.95903 2
      vertex 1.17689 14.9538 2
    endloop
  endfacet
  facet normal 0 0 1
    outer loop
      vertex -0.542709 9 2
      vertex 0.588897 14.9884 2
      vertex 0 15 2
    endloop
  endfacet
  facet normal 0 0 1
    outer loop
      vertex 0.588897 14.9884 2
      vertex -0.542709 9 2
      vertex 1.03407 8.95903 2
    endloop
  endfacet
  facet normal -0 0 1
    outer loop
      vertex -0.588897 14.9884 2
      vertex -0.542709 9 2
      vertex 0 15 2
    endloop
  endfacet
  facet normal -0 0 1
    outer loop
      vertex -1.17689 14.9538 2
      vertex -0.542709 9 2
      vertex -0.588897 14.9884 2
    endloop
  endfacet
  facet normal -0 0 1
    outer loop
      vertex -1.76306 14.896 2
      vertex -0.542709 9 2
      vertex -1.17689 14.9538 2
    endloop
  endfacet
  facet normal -0 0 1
    outer loop
      vertex -2.34652 14.8153 2
      vertex -0.542709 9 2
      vertex -1.76306 14.896 2
    endloop
  endfacet
  facet normal 0 0 1
    outer loop
      vertex -2.34652 14.8153 2
      vertex -2.46761 8.67232 2
      vertex -0.542709 9 2
    endloop
  endfacet
  facet normal -0 0 1
    outer loop
      vertex -2.92635 14.7118 2
      vertex -2.46761 8.67232 2
      vertex -2.34652 14.8153 2
    endloop
  endfacet
  facet normal -0 0 1
    outer loop
      vertex -3.50168 14.5855 2
      vertex -2.46761 8.67232 2
      vertex -2.92635 14.7118 2
    endloop
  endfacet
  facet normal -0 0 1
    outer loop
      vertex -4.07161 14.4368 2
      vertex -2.46761 8.67232 2
      vertex -3.50168 14.5855 2
    endloop
  endfacet
  facet normal -0 0 1
    outer loop
      vertex -4.63525 14.2658 2
      vertex -2.46761 8.67232 2
      vertex -4.07161 14.4368 2
    endloop
  endfacet
  facet normal -0 0 1
    outer loop
      vertex -5.19176 14.0729 2
      vertex -2.46761 8.67232 2
      vertex -4.63525 14.2658 2
    endloop
  endfacet
  facet normal -0 0 1
    outer loop
      vertex -5.74025 13.8582 2
      vertex -2.46761 8.67232 2
      vertex -5.19176 14.0729 2
    endloop
  endfacet
  facet normal -0 0 1
    outer loop
      vertex -6.2799 13.6221 2
      vertex -2.46761 8.67232 2
      vertex -5.74025 13.8582 2
    endloop
  endfacet
  facet normal 0 0 1
    outer loop
      vertex -2.46761 8.67232 2
      vertex -6.2799 13.6221 2
      vertex -5.04784 7.46414 2
    endloop
  endfacet
  facet normal -0 0 1
    outer loop
      vertex -6.80986 13.3651 2
      vertex -5.04784 7.46414 2
      vertex -6.2799 13.6221 2
    endloop
  endfacet
  facet normal -0 0 1
    outer loop
      vertex -7.32932 13.0874 2
      vertex -5.04784 7.46414 2
      vertex -6.80986 13.3651 2
    endloop
  endfacet
  facet normal -0 0 1
    outer loop
      vertex -7.83748 12.7896 2
      vertex -5.04784 7.46414 2
      vertex -7.32932 13.0874 2
    endloop
  endfacet
  facet normal -0 0 1
    outer loop
      vertex -8.33355 12.472 2
      vertex -5.04784 7.46414 2
      vertex -7.83748 12.7896 2
    endloop
  endfacet
  facet normal -0 0 1
    outer loop
      vertex -8.81678 12.1353 2
      vertex -5.04784 7.46414 2
      vertex -8.33355 12.472 2
    endloop
  endfacet
  facet normal -0 0 1
    outer loop
      vertex -9.28641 11.7798 2
      vertex -5.04784 7.46414 2
      vertex -8.81678 12.1353 2
    endloop
  endfacet
  facet normal -0 0 1
    outer loop
      vertex -9.74172 11.4061 2
      vertex -5.04784 7.46414 2
      vertex -9.28641 11.7798 2
    endloop
  endfacet
  facet normal -0 0 1
    outer loop
      vertex -10.182 11.0148 2
      vertex -5.04784 7.46414 2
      vertex -9.74172 11.4061 2
    endloop
  endfacet
  facet normal 0 0 1
    outer loop
      vertex -5.04784 7.46414 2
      vertex -10.182 11.0148 2
      vertex -7.13651 5.49829 2
    endloop
  endfacet
  facet normal -0 0 1
    outer loop
      vertex 5.96928 -6.78847 2
      vertex 11.0148 -10.182 2
      vertex 7.13651 -5.53925 2
    endloop
  endfacet
  facet normal 0 0 1
    outer loop
      vertex 11.0148 -10.182 2
      vertex 5.96928 -6.78847 2
      vertex 10.6066 -10.6066 2
    endloop
  endfacet
  facet normal 0 0 1
    outer loop
      vertex 10.6066 -10.6066 2
      vertex 5.96928 -6.78847 2
      vertex 10.182 -11.0148 2
    endloop
  endfacet
  facet normal 0 0 1
    outer loop
      vertex 10.182 -11.0148 2
      vertex 5.96928 -6.78847 2
      vertex 9.74172 -11.4061 2
    endloop
  endfacet
  facet normal 0 0 1
    outer loop
      vertex 9.74172 -11.4061 2
      vertex 5.96928 -6.78847 2
      vertex 9.28641 -11.7798 2
    endloop
  endfacet
  facet normal 0 0 1
    outer loop
      vertex 9.28641 -11.7798 2
      vertex 5.96928 -6.78847 2
      vertex 8.81678 -12.1353 2
    endloop
  endfacet
  facet normal 0 0 1
    outer loop
      vertex 8.81678 -12.1353 2
      vertex 5.96928 -6.78847 2
      vertex 8.33355 -12.472 2
    endloop
  endfacet
  facet normal -0 0 1
    outer loop
      vertex 4.16724 -8.01707 2
      vertex 8.33355 -12.472 2
      vertex 5.96928 -6.78847 2
    endloop
  endfacet
  facet normal 0 0 1
    outer loop
      vertex 8.33355 -12.472 2
      vertex 4.16724 -8.01707 2
      vertex 7.83748 -12.7896 2
    endloop
  endfacet
  facet normal 0 0 1
    outer loop
      vertex 7.83748 -12.7896 2
      vertex 4.16724 -8.01707 2
      vertex 7.32932 -13.0874 2
    endloop
  endfacet
  facet normal 0 0 1
    outer loop
      vertex 7.32932 -13.0874 2
      vertex 4.16724 -8.01707 2
      vertex 6.80986 -13.3651 2
    endloop
  endfacet
  facet normal 0 0 1
    outer loop
      vertex 6.80986 -13.3651 2
      vertex 4.16724 -8.01707 2
      vertex 6.2799 -13.6221 2
    endloop
  endfacet
  facet normal 0 0 1
    outer loop
      vertex 6.2799 -13.6221 2
      vertex 4.16724 -8.01707 2
      vertex 5.74025 -13.8582 2
    endloop
  endfacet
  facet normal -0 0 1
    outer loop
      vertex 2.52896 -8.67241 2
      vertex 5.74025 -13.8582 2
      vertex 4.16724 -8.01707 2
    endloop
  endfacet
  facet normal 0 0 1
    outer loop
      vertex 5.74025 -13.8582 2
      vertex 2.52896 -8.67241 2
      vertex 5.19176 -14.0729 2
    endloop
  endfacet
  facet normal 0 0 1
    outer loop
      vertex 5.19176 -14.0729 2
      vertex 2.52896 -8.67241 2
      vertex 4.63525 -14.2658 2
    endloop
  endfacet
  facet normal 0 0 1
    outer loop
      vertex 4.63525 -14.2658 2
      vertex 2.52896 -8.67241 2
      vertex 4.07161 -14.4368 2
    endloop
  endfacet
  facet normal 0 0 1
    outer loop
      vertex 4.07161 -14.4368 2
      vertex 2.52896 -8.67241 2
      vertex 3.50168 -14.5855 2
    endloop
  endfacet
  facet normal 0 0 1
    outer loop
      vertex 3.50168 -14.5855 2
      vertex 2.52896 -8.67241 2
      vertex 2.92635 -14.7118 2
    endloop
  endfacet
  facet normal 0 0 1
    outer loop
      vertex 2.52896 -8.67241 2
      vertex 2.34652 -14.8153 2
      vertex 2.92635 -14.7118 2
    endloop
  endfacet
  facet normal 0 0 1
    outer loop
      vertex 1.76306 -14.896 2
      vertex 2.52896 -8.67241 2
      vertex 1.87372 -8.4881 2
    endloop
  endfacet
  facet normal 0 0 1
    outer loop
      vertex 2.52896 -8.67241 2
      vertex 1.76306 -14.896 2
      vertex 2.34652 -14.8153 2
    endloop
  endfacet
  facet normal 0 0 1
    outer loop
      vertex 1.87372 -8.4881 2
      vertex 0.522171 -8.85674 2
      vertex 0.501663 -8.89767 2
    endloop
  endfacet
  facet normal 0 0 1
    outer loop
      vertex 0.522171 -8.85674 2
      vertex 0.542603 -8.79526 2
      vertex 0.522171 -8.81578 2
    endloop
  endfacet
  facet normal 0 0 1
    outer loop
      vertex 1.87372 -8.4881 2
      vertex 0.440186 -8.95903 2
      vertex 1.76306 -14.896 2
    endloop
  endfacet
  facet normal 0 0 1
    outer loop
      vertex 0.501663 -8.89767 2
      vertex 0.522171 -8.85674 2
      vertex 0.501663 -8.87714 2
    endloop
  endfacet
  facet normal -0 0 1
    outer loop
      vertex 0.399231 -8.97957 2
      vertex 1.76306 -14.896 2
      vertex 0.440186 -8.95903 2
    endloop
  endfacet
  facet normal -0 0 1
    outer loop
      vertex 0.337875 -9 2
      vertex 1.76306 -14.896 2
      vertex 0.399231 -8.97957 2
    endloop
  endfacet
  facet normal 0 0 1
    outer loop
      vertex 0.399231 -8.97957 2
      vertex 0.440186 -8.95903 2
      vertex 0.419769 -8.95903 2
    endloop
  endfacet
  facet normal 0 0 1
    outer loop
      vertex 1.76306 -14.896 2
      vertex 0.337875 -9 2
      vertex 1.17689 -14.9538 2
    endloop
  endfacet
  facet normal 0 0 1
    outer loop
      vertex 0.337875 -9 2
      vertex 0.399231 -8.97957 2
      vertex 0.358292 -8.97957 2
    endloop
  endfacet
  facet normal 0 0 1
    outer loop
      vertex 1.17689 -14.9538 2
      vertex 0.337875 -9 2
      vertex 0.588897 -14.9884 2
    endloop
  endfacet
  facet normal 0 0 1
    outer loop
      vertex 0.337875 -9 2
      vertex 0 -15 2
      vertex 0.588897 -14.9884 2
    endloop
  endfacet
  facet normal -0 0 1
    outer loop
      vertex -0.296921 -9 2
      vertex 0 -15 2
      vertex 0.337875 -9 2
    endloop
  endfacet
  facet normal -0 0 1
    outer loop
      vertex -0.378815 -8.97957 2
      vertex -0.296921 -9 2
      vertex -0.317444 -8.97957 2
    endloop
  endfacet
  facet normal 0 0 1
    outer loop
      vertex -0.296921 -9 2
      vertex -0.378815 -8.97957 2
      vertex -0.588897 -14.9884 2
    endloop
  endfacet
  facet normal 0 0 1
    outer loop
      vertex -0.588897 -14.9884 2
      vertex -0.378815 -8.97957 2
      vertex -0.481232 -8.87714 2
    endloop
  endfacet
  facet normal 0 0 1
    outer loop
      vertex -0.588897 -14.9884 2
      vertex -0.481232 -8.87714 2
      vertex -0.501755 -8.8362 2
    endloop
  endfacet
  facet normal 0 0 1
    outer loop
      vertex -0.296921 -9 2
      vertex -0.588897 -14.9884 2
      vertex 0 -15 2
    endloop
  endfacet
  facet normal 0 0 1
    outer loop
      vertex 0.542603 -8.07854 2
      vertex 0.522171 -8.0376 2
      vertex 0.522171 -8.05801 2
    endloop
  endfacet
  facet normal 0 0 1
    outer loop
      vertex 0.522171 -8.0376 2
      vertex 0.501663 -7.99666 2
      vertex 0.501663 -8.01707 2
    endloop
  endfacet
  facet normal -0.916215 0.400686 0
    outer loop
      vertex -16.6298 6.8883 0
      vertex -16.3466 7.53587 2
      vertex -16.3466 7.53587 0
    endloop
  endfacet
  facet normal -0.916215 0.400686 0
    outer loop
      vertex -16.3466 7.53587 2
      vertex -16.6298 6.8883 0
      vertex -16.6298 6.8883 2
    endloop
  endfacet
  facet normal -0.74748 0.664285 0
    outer loop
      vertex -13.6873 11.6901 0
      vertex -13.2178 12.2184 2
      vertex -13.2178 12.2184 0
    endloop
  endfacet
  facet normal -0.74748 0.664285 0
    outer loop
      vertex -13.2178 12.2184 2
      vertex -13.6873 11.6901 0
      vertex -13.6873 11.6901 2
    endloop
  endfacet
  facet normal -0.820334 0.571885 0
    outer loop
      vertex -14.9665 10.0003 0
      vertex -14.5623 10.5801 2
      vertex -14.5623 10.5801 0
    endloop
  endfacet
  facet normal -0.820334 0.571885 0
    outer loop
      vertex -14.5623 10.5801 2
      vertex -14.9665 10.0003 0
      vertex -14.9665 10.0003 2
    endloop
  endfacet
  facet normal -0.720836 0.693106 0
    outer loop
      vertex -13.2178 12.2184 0
      vertex -12.7279 12.7279 2
      vertex -12.7279 12.7279 0
    endloop
  endfacet
  facet normal -0.720836 0.693106 0
    outer loop
      vertex -12.7279 12.7279 2
      vertex -13.2178 12.2184 0
      vertex -13.2178 12.2184 2
    endloop
  endfacet
  facet normal 0.995182 -0.0980454 0
    outer loop
      vertex 17.8752 -2.11567 2
      vertex 17.9445 -1.41226 0
      vertex 17.9445 -1.41226 2
    endloop
  endfacet
  facet normal 0.995182 -0.0980454 0
    outer loop
      vertex 17.9445 -1.41226 0
      vertex 17.8752 -2.11567 2
      vertex 17.8752 -2.11567 0
    endloop
  endfacet
  facet normal 0.998266 -0.058856 0
    outer loop
      vertex 17.9445 -1.41226 2
      vertex 17.9861 -0.706676 0
      vertex 17.9861 -0.706676 2
    endloop
  endfacet
  facet normal 0.998266 -0.058856 0
    outer loop
      vertex 17.9861 -0.706676 0
      vertex 17.9445 -1.41226 2
      vertex 17.9445 -1.41226 0
    endloop
  endfacet
  facet normal 0.956932 -0.290314 0
    outer loop
      vertex 17.119 -5.56231 2
      vertex 17.3242 -4.88593 0
      vertex 17.3242 -4.88593 2
    endloop
  endfacet
  facet normal 0.956932 -0.290314 0
    outer loop
      vertex 17.3242 -4.88593 0
      vertex 17.119 -5.56231 2
      vertex 17.119 -5.56231 0
    endloop
  endfacet
  facet normal 0.881914 -0.47141 0
    outer loop
      vertex 15.7049 -8.79518 2
      vertex 16.0381 -8.17183 0
      vertex 16.0381 -8.17183 2
    endloop
  endfacet
  facet normal 0.881914 -0.47141 0
    outer loop
      vertex 16.0381 -8.17183 0
      vertex 15.7049 -8.79518 2
      vertex 15.7049 -8.79518 0
    endloop
  endfacet
  facet normal 0.797344 -0.603525 0
    outer loop
      vertex 14.1357 -11.1437 2
      vertex 14.5623 -10.5801 0
      vertex 14.5623 -10.5801 2
    endloop
  endfacet
  facet normal 0.797344 -0.603525 0
    outer loop
      vertex 14.5623 -10.5801 0
      vertex 14.1357 -11.1437 2
      vertex 14.1357 -11.1437 0
    endloop
  endfacet
  facet normal 0.634377 -0.773024 0
    outer loop
      vertex 11.1437 -14.1357 0
      vertex 11.6901 -13.6873 2
      vertex 11.1437 -14.1357 2
    endloop
  endfacet
  facet normal 0.634377 -0.773024 0
    outer loop
      vertex 11.6901 -13.6873 2
      vertex 11.1437 -14.1357 0
      vertex 11.6901 -13.6873 0
    endloop
  endfacet
  facet normal 0.058856 -0.998266 0
    outer loop
      vertex 0.706676 -17.9861 0
      vertex 1.41226 -17.9445 2
      vertex 0.706676 -17.9861 2
    endloop
  endfacet
  facet normal 0.058856 -0.998266 0
    outer loop
      vertex 1.41226 -17.9445 2
      vertex 0.706676 -17.9861 0
      vertex 1.41226 -17.9445 0
    endloop
  endfacet
  facet normal 0.327664 -0.944794 0
    outer loop
      vertex 5.56231 -17.119 0
      vertex 6.23011 -16.8874 2
      vertex 5.56231 -17.119 2
    endloop
  endfacet
  facet normal 0.327664 -0.944794 0
    outer loop
      vertex 6.23011 -16.8874 2
      vertex 5.56231 -17.119 0
      vertex 6.23011 -16.8874 0
    endloop
  endfacet
  facet normal -0.998266 -0.058856 0
    outer loop
      vertex -17.9445 -1.41226 0
      vertex -17.9861 -0.706676 2
      vertex -17.9861 -0.706676 0
    endloop
  endfacet
  facet normal -0.998266 -0.058856 0
    outer loop
      vertex -17.9861 -0.706676 2
      vertex -17.9445 -1.41226 0
      vertex -17.9445 -1.41226 2
    endloop
  endfacet
  facet normal -0 0 -1
    outer loop
      vertex -0.481232 -8.0376 0
      vertex -0.501755 -8.05801 0
      vertex -0.481232 -8.01707 0
    endloop
  endfacet
  facet normal -0 0 -1
    outer loop
      vertex -0.460815 -7.99666 0
      vertex -0.481232 -8.01707 0
      vertex -0.460815 -7.97612 0
    endloop
  endfacet
  facet normal 0 0 -1
    outer loop
      vertex 1.87372 -8.4881 0
      vertex 0.522171 -8.85674 0
      vertex 0.542603 -8.79526 0
    endloop
  endfacet
  facet normal 0 0 -1
    outer loop
      vertex 1.41226 -17.9445 0
      vertex 0.501663 -8.89767 0
      vertex 0.522171 -8.85674 0
    endloop
  endfacet
  facet normal 0 0 -1
    outer loop
      vertex 1.41226 -17.9445 0
      vertex 0.440186 -8.95903 0
      vertex 0.501663 -8.89767 0
    endloop
  endfacet
  facet normal 0 0 -1
    outer loop
      vertex 1.41226 -17.9445 0
      vertex 0.399231 -8.97957 0
      vertex 0.440186 -8.95903 0
    endloop
  endfacet
  facet normal -0 0 -1
    outer loop
      vertex 0.440186 -8.95903 0
      vertex 0.399231 -8.97957 0
      vertex 0.419769 -8.95903 0
    endloop
  endfacet
  facet normal 0 0 -1
    outer loop
      vertex 1.41226 -17.9445 0
      vertex 0.337875 -9 0
      vertex 0.399231 -8.97957 0
    endloop
  endfacet
  facet normal -0 0 -1
    outer loop
      vertex 0.399231 -8.97957 0
      vertex 0.337875 -9 0
      vertex 0.358292 -8.97957 0
    endloop
  endfacet
  facet normal 0 0 -1
    outer loop
      vertex 0 -18 0
      vertex 0.337875 -9 0
      vertex 0.706676 -17.9861 0
    endloop
  endfacet
  facet normal 0 0 -1
    outer loop
      vertex 0 -18 0
      vertex -0.296921 -9 0
      vertex 0.337875 -9 0
    endloop
  endfacet
  facet normal 0 0 -1
    outer loop
      vertex -0.706676 -17.9861 0
      vertex -0.296921 -9 0
      vertex 0 -18 0
    endloop
  endfacet
  facet normal 0 0 -1
    outer loop
      vertex -1.41226 -17.9445 0
      vertex -0.296921 -9 0
      vertex -0.706676 -17.9861 0
    endloop
  endfacet
  facet normal 0 0 -1
    outer loop
      vertex -0.296921 -9 0
      vertex -0.378815 -8.97957 0
      vertex -0.317444 -8.97957 0
    endloop
  endfacet
  facet normal 0 0 -1
    outer loop
      vertex -0.481232 -8.87714 0
      vertex -0.501755 -8.8362 0
      vertex -0.481232 -8.85674 0
    endloop
  endfacet
  facet normal 0 0 -1
    outer loop
      vertex -2.11567 -17.8752 0
      vertex -0.296921 -9 0
      vertex -1.41226 -17.9445 0
    endloop
  endfacet
  facet normal 0 0 -1
    outer loop
      vertex -11.6901 -13.6873 0
      vertex -0.501755 -8.05801 0
      vertex -0.501755 -8.8362 0
    endloop
  endfacet
  facet normal -0 0 -1
    outer loop
      vertex -0.296921 -9 0
      vertex -2.11567 -17.8752 0
      vertex -0.378815 -8.97957 0
    endloop
  endfacet
  facet normal 0 0 -1
    outer loop
      vertex -2.81582 -17.7784 0
      vertex -0.378815 -8.97957 0
      vertex -2.11567 -17.8752 0
    endloop
  endfacet
  facet normal 0 0 -1
    outer loop
      vertex -3.51163 -17.6541 0
      vertex -0.378815 -8.97957 0
      vertex -2.81582 -17.7784 0
    endloop
  endfacet
  facet normal 0 0 -1
    outer loop
      vertex -4.20202 -17.5027 0
      vertex -0.378815 -8.97957 0
      vertex -3.51163 -17.6541 0
    endloop
  endfacet
  facet normal 0 0 -1
    outer loop
      vertex -4.88593 -17.3242 0
      vertex -0.378815 -8.97957 0
      vertex -4.20202 -17.5027 0
    endloop
  endfacet
  facet normal 0 0 -1
    outer loop
      vertex -5.56231 -17.119 0
      vertex -0.378815 -8.97957 0
      vertex -4.88593 -17.3242 0
    endloop
  endfacet
  facet normal -0 0 -1
    outer loop
      vertex -0.378815 -8.97957 0
      vertex -5.56231 -17.119 0
      vertex -0.481232 -8.87714 0
    endloop
  endfacet
  facet normal 0 0 -1
    outer loop
      vertex -6.23011 -16.8874 0
      vertex -0.481232 -8.87714 0
      vertex -5.56231 -17.119 0
    endloop
  endfacet
  facet normal 0 0 -1
    outer loop
      vertex -6.8883 -16.6298 0
      vertex -0.481232 -8.87714 0
      vertex -6.23011 -16.8874 0
    endloop
  endfacet
  facet normal 0 0 -1
    outer loop
      vertex -7.53587 -16.3466 0
      vertex -0.481232 -8.87714 0
      vertex -6.8883 -16.6298 0
    endloop
  endfacet
  facet normal 0 0 -1
    outer loop
      vertex 0.542603 -8.79526 0
      vertex 0.522171 -8.85674 0
      vertex 0.522171 -8.81578 0
    endloop
  endfacet
  facet normal 0 0 -1
    outer loop
      vertex 0.522171 -8.85674 0
      vertex 0.501663 -8.89767 0
      vertex 0.501663 -8.87714 0
    endloop
  endfacet
  facet normal 0 0 -1
    outer loop
      vertex 8.97952 -0.993164 0
      vertex 18 0 0
      vertex 17.9861 -0.706676 0
    endloop
  endfacet
  facet normal 0 0 -1
    outer loop
      vertex 8.97952 -0.993164 0
      vertex 17.9861 -0.706676 0
      vertex 17.9445 -1.41226 0
    endloop
  endfacet
  facet normal 0 0 -1
    outer loop
      vertex 8.97952 0.972641 0
      vertex 18 0 0
      vertex 8.97952 -0.993164 0
    endloop
  endfacet
  facet normal 0 0 -1
    outer loop
      vertex 8.97952 -0.993164 0
      vertex 17.9445 -1.41226 0
      vertex 17.8752 -2.11567 0
    endloop
  endfacet
  facet normal 0 0 -1
    outer loop
      vertex 18 0 0
      vertex 8.97952 0.972641 0
      vertex 17.9861 0.706676 0
    endloop
  endfacet
  facet normal 0 0 -1
    outer loop
      vertex 8.97952 -0.993164 0
      vertex 17.8752 -2.11567 0
      vertex 17.7784 -2.81582 0
    endloop
  endfacet
  facet normal 0 0 -1
    outer loop
      vertex 17.9861 0.706676 0
      vertex 8.97952 0.972641 0
      vertex 17.9445 1.41226 0
    endloop
  endfacet
  facet normal 0 0 -1
    outer loop
      vertex 8.97952 -0.993164 0
      vertex 17.7784 -2.81582 0
      vertex 17.6541 -3.51163 0
    endloop
  endfacet
  facet normal -0 0 -1
    outer loop
      vertex 17.9445 1.41226 0
      vertex 8.97952 0.972641 0
      vertex 17.8752 2.11567 0
    endloop
  endfacet
  facet normal 0 0 -1
    outer loop
      vertex 8.63142 -2.67238 0
      vertex 17.6541 -3.51163 0
      vertex 17.5027 -4.20202 0
    endloop
  endfacet
  facet normal -0 0 -1
    outer loop
      vertex 17.8752 2.11567 0
      vertex 8.97952 0.972641 0
      vertex 17.7784 2.81582 0
    endloop
  endfacet
  facet normal 0 0 -1
    outer loop
      vertex 8.63142 -2.67238 0
      vertex 17.5027 -4.20202 0
      vertex 17.3242 -4.88593 0
    endloop
  endfacet
  facet normal -0 0 -1
    outer loop
      vertex 17.7784 2.81582 0
      vertex 8.97952 0.972641 0
      vertex 17.6541 3.51163 0
    endloop
  endfacet
  facet normal 0 0 -1
    outer loop
      vertex 8.63142 -2.67238 0
      vertex 17.3242 -4.88593 0
      vertex 17.119 -5.56231 0
    endloop
  endfacet
  facet normal 0 0 -1
    outer loop
      vertex 8.63142 2.67227 0
      vertex 17.6541 3.51163 0
      vertex 8.97952 0.972641 0
    endloop
  endfacet
  facet normal 0 0 -1
    outer loop
      vertex 8.63142 -2.67238 0
      vertex 17.119 -5.56231 0
      vertex 16.8874 -6.23011 0
    endloop
  endfacet
  facet normal -0 0 -1
    outer loop
      vertex 17.6541 3.51163 0
      vertex 8.63142 2.67227 0
      vertex 17.5027 4.20202 0
    endloop
  endfacet
  facet normal 0 0 -1
    outer loop
      vertex 8.63142 -2.67238 0
      vertex 16.8874 -6.23011 0
      vertex 16.6298 -6.8883 0
    endloop
  endfacet
  facet normal -0 0 -1
    outer loop
      vertex 17.5027 4.20202 0
      vertex 8.63142 2.67227 0
      vertex 17.3242 4.88593 0
    endloop
  endfacet
  facet normal 0 0 -1
    outer loop
      vertex 8.01701 -4.16728 0
      vertex 16.6298 -6.8883 0
      vertex 16.3466 -7.53587 0
    endloop
  endfacet
  facet normal -0 0 -1
    outer loop
      vertex 17.3242 4.88593 0
      vertex 8.63142 2.67227 0
      vertex 17.119 5.56231 0
    endloop
  endfacet
  facet normal 0 0 -1
    outer loop
      vertex 8.01701 -4.16728 0
      vertex 16.3466 -7.53587 0
      vertex 16.0381 -8.17183 0
    endloop
  endfacet
  facet normal -0 0 -1
    outer loop
      vertex 17.119 5.56231 0
      vertex 8.63142 2.67227 0
      vertex 16.8874 6.23011 0
    endloop
  endfacet
  facet normal 0 0 -1
    outer loop
      vertex 8.01701 -4.16728 0
      vertex 16.0381 -8.17183 0
      vertex 15.7049 -8.79518 0
    endloop
  endfacet
  facet normal -0 0 -1
    outer loop
      vertex 16.8874 6.23011 0
      vertex 8.63142 2.67227 0
      vertex 16.6298 6.8883 0
    endloop
  endfacet
  facet normal 0 0 -1
    outer loop
      vertex 8.01701 -4.16728 0
      vertex 15.7049 -8.79518 0
      vertex 15.3475 -9.40497 0
    endloop
  endfacet
  facet normal 0 0 -1
    outer loop
      vertex 7.95566 4.26959 0
      vertex 16.6298 6.8883 0
      vertex 8.63142 2.67227 0
    endloop
  endfacet
  facet normal 0 0 -1
    outer loop
      vertex 8.01701 -4.16728 0
      vertex 15.3475 -9.40497 0
      vertex 14.9665 -10.0003 0
    endloop
  endfacet
  facet normal -0 0 -1
    outer loop
      vertex 16.6298 6.8883 0
      vertex 7.95566 4.26959 0
      vertex 16.3466 7.53587 0
    endloop
  endfacet
  facet normal 0 0 -1
    outer loop
      vertex 7.13651 -5.53925 0
      vertex 14.9665 -10.0003 0
      vertex 14.5623 -10.5801 0
    endloop
  endfacet
  facet normal -0 0 -1
    outer loop
      vertex 16.3466 7.53587 0
      vertex 7.95566 4.26959 0
      vertex 16.0381 8.17183 0
    endloop
  endfacet
  facet normal 0 0 -1
    outer loop
      vertex 7.13651 -5.53925 0
      vertex 14.5623 -10.5801 0
      vertex 14.1357 -11.1437 0
    endloop
  endfacet
  facet normal -0 0 -1
    outer loop
      vertex 16.0381 8.17183 0
      vertex 7.95566 4.26959 0
      vertex 15.7049 8.79518 0
    endloop
  endfacet
  facet normal 0 0 -1
    outer loop
      vertex 7.13651 -5.53925 0
      vertex 14.1357 -11.1437 0
      vertex 13.6873 -11.6901 0
    endloop
  endfacet
  facet normal -0 0 -1
    outer loop
      vertex 15.7049 8.79518 0
      vertex 7.95566 4.26959 0
      vertex 15.3475 9.40497 0
    endloop
  endfacet
  facet normal 0 0 -1
    outer loop
      vertex 7.13651 -5.53925 0
      vertex 13.6873 -11.6901 0
      vertex 13.2178 -12.2184 0
    endloop
  endfacet
  facet normal -0 0 -1
    outer loop
      vertex 15.3475 9.40497 0
      vertex 7.95566 4.26959 0
      vertex 14.9665 10.0003 0
    endloop
  endfacet
  facet normal 0 0 -1
    outer loop
      vertex 5.96928 -6.78847 0
      vertex 13.2178 -12.2184 0
      vertex 12.7279 -12.7279 0
    endloop
  endfacet
  facet normal 0 0 -1
    outer loop
      vertex 6.95221 5.76451 0
      vertex 14.9665 10.0003 0
      vertex 7.95566 4.26959 0
    endloop
  endfacet
  facet normal 0 0 -1
    outer loop
      vertex 5.96928 -6.78847 0
      vertex 12.7279 -12.7279 0
      vertex 12.2184 -13.2178 0
    endloop
  endfacet
  facet normal -0 0 -1
    outer loop
      vertex 14.9665 10.0003 0
      vertex 6.95221 5.76451 0
      vertex 14.5623 10.5801 0
    endloop
  endfacet
  facet normal 0 0 -1
    outer loop
      vertex 5.96928 -6.78847 0
      vertex 12.2184 -13.2178 0
      vertex 11.6901 -13.6873 0
    endloop
  endfacet
  facet normal -0 0 -1
    outer loop
      vertex 14.5623 10.5801 0
      vertex 6.95221 5.76451 0
      vertex 14.1357 11.1437 0
    endloop
  endfacet
  facet normal 0 0 -1
    outer loop
      vertex 5.96928 -6.78847 0
      vertex 11.6901 -13.6873 0
      vertex 11.1437 -14.1357 0
    endloop
  endfacet
  facet normal -0 0 -1
    outer loop
      vertex 14.1357 11.1437 0
      vertex 6.95221 5.76451 0
      vertex 13.6873 11.6901 0
    endloop
  endfacet
  facet normal 0 0 -1
    outer loop
      vertex 5.96928 -6.78847 0
      vertex 11.1437 -14.1357 0
      vertex 10.5801 -14.5623 0
    endloop
  endfacet
  facet normal -0 0 -1
    outer loop
      vertex 13.6873 11.6901 0
      vertex 6.95221 5.76451 0
      vertex 13.2178 12.2184 0
    endloop
  endfacet
  facet normal 0 0 -1
    outer loop
      vertex 5.96928 -6.78847 0
      vertex 10.5801 -14.5623 0
      vertex 10.0003 -14.9665 0
    endloop
  endfacet
  facet normal -0 0 -1
    outer loop
      vertex 13.2178 12.2184 0
      vertex 6.95221 5.76451 0
      vertex 12.7279 12.7279 0
    endloop
  endfacet
  facet normal 0 0 -1
    outer loop
      vertex 4.16724 -8.01707 0
      vertex 10.0003 -14.9665 0
      vertex 9.40497 -15.3475 0
    endloop
  endfacet
  facet normal 0 0 -1
    outer loop
      vertex 5.8054 6.91121 0
      vertex 12.7279 12.7279 0
      vertex 6.95221 5.76451 0
    endloop
  endfacet
  facet normal -0 0 -1
    outer loop
      vertex 12.7279 12.7279 0
      vertex 5.8054 6.91121 0
      vertex 12.2184 13.2178 0
    endloop
  endfacet
  facet normal 0 0 -1
    outer loop
      vertex 4.16724 -8.01707 0
      vertex 9.40497 -15.3475 0
      vertex 8.79518 -15.7049 0
    endloop
  endfacet
  facet normal 0 0 -1
    outer loop
      vertex 17.6541 -3.51163 0
      vertex 8.63142 -2.67238 0
      vertex 8.97952 -0.993164 0
    endloop
  endfacet
  facet normal 0 0 -1
    outer loop
      vertex 4.16724 -8.01707 0
      vertex 8.79518 -15.7049 0
      vertex 8.17183 -16.0381 0
    endloop
  endfacet
  facet normal 0 0 -1
    outer loop
      vertex 16.6298 -6.8883 0
      vertex 8.01701 -4.16728 0
      vertex 8.63142 -2.67238 0
    endloop
  endfacet
  facet normal 0 0 -1
    outer loop
      vertex 4.16724 -8.01707 0
      vertex 8.17183 -16.0381 0
      vertex 7.53587 -16.3466 0
    endloop
  endfacet
  facet normal 0 0 -1
    outer loop
      vertex 14.9665 -10.0003 0
      vertex 7.13651 -5.53925 0
      vertex 8.01701 -4.16728 0
    endloop
  endfacet
  facet normal 0 0 -1
    outer loop
      vertex 4.16724 -8.01707 0
      vertex 7.53587 -16.3466 0
      vertex 6.8883 -16.6298 0
    endloop
  endfacet
  facet normal 0 0 -1
    outer loop
      vertex 2.52896 -8.67241 0
      vertex 6.8883 -16.6298 0
      vertex 6.23011 -16.8874 0
    endloop
  endfacet
  facet normal 0 0 -1
    outer loop
      vertex 13.2178 -12.2184 0
      vertex 5.96928 -6.78847 0
      vertex 7.13651 -5.53925 0
    endloop
  endfacet
  facet normal 0 0 -1
    outer loop
      vertex 2.52896 -8.67241 0
      vertex 6.23011 -16.8874 0
      vertex 5.56231 -17.119 0
    endloop
  endfacet
  facet normal 0 0 -1
    outer loop
      vertex 2.52896 -8.67241 0
      vertex 5.56231 -17.119 0
      vertex 4.88593 -17.3242 0
    endloop
  endfacet
  facet normal 0 0 -1
    outer loop
      vertex 2.52896 -8.67241 0
      vertex 4.88593 -17.3242 0
      vertex 4.20202 -17.5027 0
    endloop
  endfacet
  facet normal 0 0 -1
    outer loop
      vertex 10.0003 -14.9665 0
      vertex 4.16724 -8.01707 0
      vertex 5.96928 -6.78847 0
    endloop
  endfacet
  facet normal 0 0 -1
    outer loop
      vertex 2.52896 -8.67241 0
      vertex 4.20202 -17.5027 0
      vertex 3.51163 -17.6541 0
    endloop
  endfacet
  facet normal 0 0 -1
    outer loop
      vertex 2.52896 -8.67241 0
      vertex 3.51163 -17.6541 0
      vertex 2.81582 -17.7784 0
    endloop
  endfacet
  facet normal 0 0 -1
    outer loop
      vertex 6.8883 -16.6298 0
      vertex 2.52896 -8.67241 0
      vertex 4.16724 -8.01707 0
    endloop
  endfacet
  facet normal 0 0 -1
    outer loop
      vertex 0.522171 -8.85674 0
      vertex 2.81582 -17.7784 0
      vertex 2.11567 -17.8752 0
    endloop
  endfacet
  facet normal 0 0 -1
    outer loop
      vertex 2.81582 -17.7784 0
      vertex 0.522171 -8.85674 0
      vertex 2.52896 -8.67241 0
    endloop
  endfacet
  facet normal 0 0 -1
    outer loop
      vertex 0.522171 -8.85674 0
      vertex 1.87372 -8.4881 0
      vertex 2.52896 -8.67241 0
    endloop
  endfacet
  facet normal 0 0 -1
    outer loop
      vertex 0.522171 -8.85674 0
      vertex 2.11567 -17.8752 0
      vertex 1.41226 -17.9445 0
    endloop
  endfacet
  facet normal -0 0 -1
    outer loop
      vertex 12.2184 13.2178 0
      vertex 5.8054 6.91121 0
      vertex 11.6901 13.6873 0
    endloop
  endfacet
  facet normal -0 0 -1
    outer loop
      vertex 11.6901 13.6873 0
      vertex 5.8054 6.91121 0
      vertex 11.1437 14.1357 0
    endloop
  endfacet
  facet normal -0 0 -1
    outer loop
      vertex 11.1437 14.1357 0
      vertex 5.8054 6.91121 0
      vertex 10.5801 14.5623 0
    endloop
  endfacet
  facet normal -0 0 -1
    outer loop
      vertex 10.5801 14.5623 0
      vertex 5.8054 6.91121 0
      vertex 10.0003 14.9665 0
    endloop
  endfacet
  facet normal 0 0 -1
    outer loop
      vertex 4.33102 7.91464 0
      vertex 10.0003 14.9665 0
      vertex 5.8054 6.91121 0
    endloop
  endfacet
  facet normal -0 0 -1
    outer loop
      vertex 10.0003 14.9665 0
      vertex 4.33102 7.91464 0
      vertex 9.40497 15.3475 0
    endloop
  endfacet
  facet normal -0 0 -1
    outer loop
      vertex 9.40497 15.3475 0
      vertex 4.33102 7.91464 0
      vertex 8.79518 15.7049 0
    endloop
  endfacet
  facet normal -0 0 -1
    outer loop
      vertex 8.79518 15.7049 0
      vertex 4.33102 7.91464 0
      vertex 8.17183 16.0381 0
    endloop
  endfacet
  facet normal -0 0 -1
    outer loop
      vertex 8.17183 16.0381 0
      vertex 4.33102 7.91464 0
      vertex 7.53587 16.3466 0
    endloop
  endfacet
  facet normal -0 0 -1
    outer loop
      vertex 7.53587 16.3466 0
      vertex 4.33102 7.91464 0
      vertex 6.8883 16.6298 0
    endloop
  endfacet
  facet normal 0 0 -1
    outer loop
      vertex 2.75423 8.59042 0
      vertex 6.8883 16.6298 0
      vertex 4.33102 7.91464 0
    endloop
  endfacet
  facet normal -0 0 -1
    outer loop
      vertex 6.8883 16.6298 0
      vertex 2.75423 8.59042 0
      vertex 6.23011 16.8874 0
    endloop
  endfacet
  facet normal -0 0 -1
    outer loop
      vertex 6.23011 16.8874 0
      vertex 2.75423 8.59042 0
      vertex 5.56231 17.119 0
    endloop
  endfacet
  facet normal -0 0 -1
    outer loop
      vertex 5.56231 17.119 0
      vertex 2.75423 8.59042 0
      vertex 4.88593 17.3242 0
    endloop
  endfacet
  facet normal -0 0 -1
    outer loop
      vertex 4.88593 17.3242 0
      vertex 2.75423 8.59042 0
      vertex 4.20202 17.5027 0
    endloop
  endfacet
  facet normal -0 0 -1
    outer loop
      vertex 4.20202 17.5027 0
      vertex 2.75423 8.59042 0
      vertex 3.51163 17.6541 0
    endloop
  endfacet
  facet normal 0 0 -1
    outer loop
      vertex 1.03407 8.95903 0
      vertex 3.51163 17.6541 0
      vertex 2.75423 8.59042 0
    endloop
  endfacet
  facet normal -0 0 -1
    outer loop
      vertex 3.51163 17.6541 0
      vertex 1.03407 8.95903 0
      vertex 2.81582 17.7784 0
    endloop
  endfacet
  facet normal -0 0 -1
    outer loop
      vertex 2.81582 17.7784 0
      vertex 1.03407 8.95903 0
      vertex 2.11567 17.8752 0
    endloop
  endfacet
  facet normal -0 0 -1
    outer loop
      vertex 2.11567 17.8752 0
      vertex 1.03407 8.95903 0
      vertex 1.41226 17.9445 0
    endloop
  endfacet
  facet normal 0 0 -1
    outer loop
      vertex 1.03407 8.95903 0
      vertex 0.706676 17.9861 0
      vertex 1.41226 17.9445 0
    endloop
  endfacet
  facet normal 0 0 -1
    outer loop
      vertex -0.542709 9 0
      vertex 0.706676 17.9861 0
      vertex 1.03407 8.95903 0
    endloop
  endfacet
  facet normal -0 0 -1
    outer loop
      vertex 0.706676 17.9861 0
      vertex -0.542709 9 0
      vertex 0 18 0
    endloop
  endfacet
  facet normal 0 0 -1
    outer loop
      vertex -0.542709 9 0
      vertex -0.706676 17.9861 0
      vertex 0 18 0
    endloop
  endfacet
  facet normal 0 0 -1
    outer loop
      vertex -0.542709 9 0
      vertex -1.41226 17.9445 0
      vertex -0.706676 17.9861 0
    endloop
  endfacet
  facet normal 0 0 -1
    outer loop
      vertex -0.542709 9 0
      vertex -2.11567 17.8752 0
      vertex -1.41226 17.9445 0
    endloop
  endfacet
  facet normal 0 0 -1
    outer loop
      vertex -2.81582 17.7784 0
      vertex -0.542709 9 0
      vertex -2.46761 8.67232 0
    endloop
  endfacet
  facet normal 0 0 -1
    outer loop
      vertex -0.542709 9 0
      vertex -2.81582 17.7784 0
      vertex -2.11567 17.8752 0
    endloop
  endfacet
  facet normal 0 0 -1
    outer loop
      vertex -2.46761 8.67232 0
      vertex -3.51163 17.6541 0
      vertex -2.81582 17.7784 0
    endloop
  endfacet
  facet normal 0 0 -1
    outer loop
      vertex -2.46761 8.67232 0
      vertex -4.20202 17.5027 0
      vertex -3.51163 17.6541 0
    endloop
  endfacet
  facet normal 0 0 -1
    outer loop
      vertex -2.46761 8.67232 0
      vertex -4.88593 17.3242 0
      vertex -4.20202 17.5027 0
    endloop
  endfacet
  facet normal 0 0 -1
    outer loop
      vertex -7.53587 16.3466 0
      vertex -2.46761 8.67232 0
      vertex -5.04784 7.46414 0
    endloop
  endfacet
  facet normal 0 0 -1
    outer loop
      vertex -2.46761 8.67232 0
      vertex -5.56231 17.119 0
      vertex -4.88593 17.3242 0
    endloop
  endfacet
  facet normal 0 0 -1
    outer loop
      vertex -2.46761 8.67232 0
      vertex -6.23011 16.8874 0
      vertex -5.56231 17.119 0
    endloop
  endfacet
  facet normal 0 0 -1
    outer loop
      vertex -2.46761 8.67232 0
      vertex -6.8883 16.6298 0
      vertex -6.23011 16.8874 0
    endloop
  endfacet
  facet normal 0 0 -1
    outer loop
      vertex -12.2184 13.2178 0
      vertex -5.04784 7.46414 0
      vertex -7.13651 5.49829 0
    endloop
  endfacet
  facet normal 0 0 -1
    outer loop
      vertex -2.46761 8.67232 0
      vertex -7.53587 16.3466 0
      vertex -6.8883 16.6298 0
    endloop
  endfacet
  facet normal 0 0 -1
    outer loop
      vertex -5.04784 7.46414 0
      vertex -8.17183 16.0381 0
      vertex -7.53587 16.3466 0
    endloop
  endfacet
  facet normal 0 0 -1
    outer loop
      vertex -15.7049 8.79518 0
      vertex -7.13651 5.49829 0
      vertex -8.54953 2.83617 0
    endloop
  endfacet
  facet normal 0 0 -1
    outer loop
      vertex -5.04784 7.46414 0
      vertex -8.79518 15.7049 0
      vertex -8.17183 16.0381 0
    endloop
  endfacet
  facet normal 0 0 -1
    outer loop
      vertex -17.7784 2.81582 0
      vertex -8.54953 2.83617 0
      vertex -8.97952 -0.19455 0
    endloop
  endfacet
  facet normal 0 0 -1
    outer loop
      vertex -2.52907 -2.20134 0
      vertex -6.15359 -0.440231 0
      vertex -3.08191 -1.32083 0
    endloop
  endfacet
  facet normal 0 0 -1
    outer loop
      vertex -5.04784 7.46414 0
      vertex -9.40497 15.3475 0
      vertex -8.79518 15.7049 0
    endloop
  endfacet
  facet normal 0 0 -1
    outer loop
      vertex -0.501755 -8.05801 0
      vertex -12.2184 -13.2178 0
      vertex -12.7279 -12.7279 0
    endloop
  endfacet
  facet normal 0 0 -1
    outer loop
      vertex -5.04784 7.46414 0
      vertex -10.0003 14.9665 0
      vertex -9.40497 15.3475 0
    endloop
  endfacet
  facet normal 0 0 -1
    outer loop
      vertex -2.52907 -2.20134 0
      vertex -8.54953 -0.563187 0
      vertex -6.15359 -0.440231 0
    endloop
  endfacet
  facet normal 0 0 -1
    outer loop
      vertex -5.04784 7.46414 0
      vertex -10.5801 14.5623 0
      vertex -10.0003 14.9665 0
    endloop
  endfacet
  facet normal 0 0 -1
    outer loop
      vertex -0.501755 -8.05801 0
      vertex -8.54953 -0.563187 0
      vertex -2.52907 -2.20134 0
    endloop
  endfacet
  facet normal 0 0 -1
    outer loop
      vertex -5.04784 7.46414 0
      vertex -11.1437 14.1357 0
      vertex -10.5801 14.5623 0
    endloop
  endfacet
  facet normal -0 0 -1
    outer loop
      vertex -0.501755 -8.05801 0
      vertex -12.7279 -12.7279 0
      vertex -8.54953 -0.563187 0
    endloop
  endfacet
  facet normal 0 0 -1
    outer loop
      vertex -5.04784 7.46414 0
      vertex -11.6901 13.6873 0
      vertex -11.1437 14.1357 0
    endloop
  endfacet
  facet normal 0 0 -1
    outer loop
      vertex -13.2178 -12.2184 0
      vertex -8.54953 -0.563187 0
      vertex -12.7279 -12.7279 0
    endloop
  endfacet
  facet normal 0 0 -1
    outer loop
      vertex -5.04784 7.46414 0
      vertex -12.2184 13.2178 0
      vertex -11.6901 13.6873 0
    endloop
  endfacet
  facet normal 0 0 -1
    outer loop
      vertex -13.6873 -11.6901 0
      vertex -8.54953 -0.563187 0
      vertex -13.2178 -12.2184 0
    endloop
  endfacet
  facet normal 0 0 -1
    outer loop
      vertex -7.13651 5.49829 0
      vertex -12.7279 12.7279 0
      vertex -12.2184 13.2178 0
    endloop
  endfacet
  facet normal 0 0 -1
    outer loop
      vertex -14.1357 -11.1437 0
      vertex -8.54953 -0.563187 0
      vertex -13.6873 -11.6901 0
    endloop
  endfacet
  facet normal 0 0 -1
    outer loop
      vertex -7.13651 5.49829 0
      vertex -13.2178 12.2184 0
      vertex -12.7279 12.7279 0
    endloop
  endfacet
  facet normal 0 0 -1
    outer loop
      vertex -14.5623 -10.5801 0
      vertex -8.54953 -0.563187 0
      vertex -14.1357 -11.1437 0
    endloop
  endfacet
  facet normal 0 0 -1
    outer loop
      vertex -7.13651 5.49829 0
      vertex -13.6873 11.6901 0
      vertex -13.2178 12.2184 0
    endloop
  endfacet
  facet normal 0 0 -1
    outer loop
      vertex -14.9665 -10.0003 0
      vertex -8.54953 -0.563187 0
      vertex -14.5623 -10.5801 0
    endloop
  endfacet
  facet normal 0 0 -1
    outer loop
      vertex -7.13651 5.49829 0
      vertex -14.1357 11.1437 0
      vertex -13.6873 11.6901 0
    endloop
  endfacet
  facet normal 0 0 -1
    outer loop
      vertex -15.3475 -9.40497 0
      vertex -8.54953 -0.563187 0
      vertex -14.9665 -10.0003 0
    endloop
  endfacet
  facet normal 0 0 -1
    outer loop
      vertex -7.13651 5.49829 0
      vertex -14.5623 10.5801 0
      vertex -14.1357 11.1437 0
    endloop
  endfacet
  facet normal 0 0 -1
    outer loop
      vertex -15.7049 -8.79518 0
      vertex -8.54953 -0.563187 0
      vertex -15.3475 -9.40497 0
    endloop
  endfacet
  facet normal 0 0 -1
    outer loop
      vertex -7.13651 5.49829 0
      vertex -14.9665 10.0003 0
      vertex -14.5623 10.5801 0
    endloop
  endfacet
  facet normal 0 0 -1
    outer loop
      vertex -16.0381 -8.17183 0
      vertex -8.54953 -0.563187 0
      vertex -15.7049 -8.79518 0
    endloop
  endfacet
  facet normal 0 0 -1
    outer loop
      vertex -7.13651 5.49829 0
      vertex -15.3475 9.40497 0
      vertex -14.9665 10.0003 0
    endloop
  endfacet
  facet normal 0 0 -1
    outer loop
      vertex -16.3466 -7.53587 0
      vertex -8.54953 -0.563187 0
      vertex -16.0381 -8.17183 0
    endloop
  endfacet
  facet normal 0 0 -1
    outer loop
      vertex -7.13651 5.49829 0
      vertex -15.7049 8.79518 0
      vertex -15.3475 9.40497 0
    endloop
  endfacet
  facet normal 0 0 -1
    outer loop
      vertex -16.6298 -6.8883 0
      vertex -8.54953 -0.563187 0
      vertex -16.3466 -7.53587 0
    endloop
  endfacet
  facet normal 0 0 -1
    outer loop
      vertex -8.54953 2.83617 0
      vertex -16.0381 8.17183 0
      vertex -15.7049 8.79518 0
    endloop
  endfacet
  facet normal 0 0 -1
    outer loop
      vertex -16.8874 -6.23011 0
      vertex -8.54953 -0.563187 0
      vertex -16.6298 -6.8883 0
    endloop
  endfacet
  facet normal 0 0 -1
    outer loop
      vertex -8.54953 2.83617 0
      vertex -16.3466 7.53587 0
      vertex -16.0381 8.17183 0
    endloop
  endfacet
  facet normal -0 0 -1
    outer loop
      vertex -8.54953 -0.563187 0
      vertex -16.8874 -6.23011 0
      vertex -8.97952 -0.19455 0
    endloop
  endfacet
  facet normal 0 0 -1
    outer loop
      vertex -8.54953 2.83617 0
      vertex -16.6298 6.8883 0
      vertex -16.3466 7.53587 0
    endloop
  endfacet
  facet normal 0 0 -1
    outer loop
      vertex -17.119 -5.56231 0
      vertex -8.97952 -0.19455 0
      vertex -16.8874 -6.23011 0
    endloop
  endfacet
  facet normal 0 0 -1
    outer loop
      vertex -8.54953 2.83617 0
      vertex -16.8874 6.23011 0
      vertex -16.6298 6.8883 0
    endloop
  endfacet
  facet normal 0 0 -1
    outer loop
      vertex -17.3242 -4.88593 0
      vertex -8.97952 -0.19455 0
      vertex -17.119 -5.56231 0
    endloop
  endfacet
  facet normal 0 0 -1
    outer loop
      vertex -8.54953 2.83617 0
      vertex -17.119 5.56231 0
      vertex -16.8874 6.23011 0
    endloop
  endfacet
  facet normal 0 0 -1
    outer loop
      vertex -17.5027 -4.20202 0
      vertex -8.97952 -0.19455 0
      vertex -17.3242 -4.88593 0
    endloop
  endfacet
  facet normal 0 0 -1
    outer loop
      vertex -8.54953 2.83617 0
      vertex -17.3242 4.88593 0
      vertex -17.119 5.56231 0
    endloop
  endfacet
  facet normal 0 0 -1
    outer loop
      vertex -17.6541 -3.51163 0
      vertex -8.97952 -0.19455 0
      vertex -17.5027 -4.20202 0
    endloop
  endfacet
  facet normal 0 0 -1
    outer loop
      vertex -8.54953 2.83617 0
      vertex -17.5027 4.20202 0
      vertex -17.3242 4.88593 0
    endloop
  endfacet
  facet normal 0 0 -1
    outer loop
      vertex -17.7784 -2.81582 0
      vertex -8.97952 -0.19455 0
      vertex -17.6541 -3.51163 0
    endloop
  endfacet
  facet normal 0 0 -1
    outer loop
      vertex -8.54953 2.83617 0
      vertex -17.6541 3.51163 0
      vertex -17.5027 4.20202 0
    endloop
  endfacet
  facet normal 0 0 -1
    outer loop
      vertex -17.8752 -2.11567 0
      vertex -8.97952 -0.19455 0
      vertex -17.7784 -2.81582 0
    endloop
  endfacet
  facet normal -0 0 -1
    outer loop
      vertex -8.54953 2.83617 0
      vertex -17.7784 2.81582 0
      vertex -17.6541 3.51163 0
    endloop
  endfacet
  facet normal 0 0 -1
    outer loop
      vertex -17.9445 -1.41226 0
      vertex -8.97952 -0.19455 0
      vertex -17.8752 -2.11567 0
    endloop
  endfacet
  facet normal 0 0 -1
    outer loop
      vertex -8.97952 -0.19455 0
      vertex -17.8752 2.11567 0
      vertex -17.7784 2.81582 0
    endloop
  endfacet
  facet normal 0 0 -1
    outer loop
      vertex -17.9861 -0.706676 0
      vertex -8.97952 -0.19455 0
      vertex -17.9445 -1.41226 0
    endloop
  endfacet
  facet normal 0 0 -1
    outer loop
      vertex -8.97952 -0.19455 0
      vertex -17.9445 1.41226 0
      vertex -17.8752 2.11567 0
    endloop
  endfacet
  facet normal 0 0 -1
    outer loop
      vertex -18 0 0
      vertex -8.97952 -0.19455 0
      vertex -17.9861 -0.706676 0
    endloop
  endfacet
  facet normal 0 0 -1
    outer loop
      vertex -8.97952 -0.19455 0
      vertex -17.9861 0.706676 0
      vertex -17.9445 1.41226 0
    endloop
  endfacet
  facet normal 0 0 -1
    outer loop
      vertex -8.97952 -0.19455 0
      vertex -18 0 0
      vertex -17.9861 0.706676 0
    endloop
  endfacet
  facet normal -0 0 -1
    outer loop
      vertex 7.87364 -0.911285 0
      vertex 6.74736 -2.42661 0
      vertex 7.13651 -0.645081 0
    endloop
  endfacet
  facet normal -0 0 -1
    outer loop
      vertex 7.25937 -3.18436 0
      vertex 5.94876 -4.00339 0
      vertex 6.74736 -2.42661 0
    endloop
  endfacet
  facet normal 0 0 -1
    outer loop
      vertex 5.90782 -5.27304 0
      vertex 5.94876 -4.00339 0
      vertex 7.25937 -3.18436 0
    endloop
  endfacet
  facet normal -0 0 -1
    outer loop
      vertex 5.90782 -5.27304 0
      vertex 4.72006 -5.39587 0
      vertex 5.94876 -4.00339 0
    endloop
  endfacet
  facet normal 0 0 -1
    outer loop
      vertex 4.04428 -6.8089 0
      vertex 4.72006 -5.39587 0
      vertex 5.90782 -5.27304 0
    endloop
  endfacet
  facet normal 0 0 -1
    outer loop
      vertex 4.04428 -6.8089 0
      vertex 2.93854 -6.54269 0
      vertex 4.72006 -5.39587 0
    endloop
  endfacet
  facet normal 0 0 -1
    outer loop
      vertex 1.87372 -7.79181 0
      vertex 2.93854 -6.54269 0
      vertex 4.04428 -6.8089 0
    endloop
  endfacet
  facet normal 0 0 -1
    outer loop
      vertex 1.87372 -7.79181 0
      vertex 1.157 -7.0751 0
      vertex 2.93854 -6.54269 0
    endloop
  endfacet
  facet normal 0 0 -1
    outer loop
      vertex 0.542603 -8.07854 0
      vertex 1.87372 -8.4881 0
      vertex 0.542603 -8.79526 0
    endloop
  endfacet
  facet normal 0 0 -1
    outer loop
      vertex 0.337875 -9 0
      vertex 1.41226 -17.9445 0
      vertex 0.706676 -17.9861 0
    endloop
  endfacet
  facet normal 0 0 -1
    outer loop
      vertex 1.87372 -8.4881 0
      vertex 0.542603 -8.07854 0
      vertex 1.87372 -7.79181 0
    endloop
  endfacet
  facet normal -0 0 -1
    outer loop
      vertex 1.87372 -7.79181 0
      vertex 0.542603 -8.07854 0
      vertex 1.157 -7.0751 0
    endloop
  endfacet
  facet normal 0 0 -1
    outer loop
      vertex 0.522171 -8.0376 0
      vertex 0.542603 -8.07854 0
      vertex 0.522171 -8.05801 0
    endloop
  endfacet
  facet normal 0 0 -1
    outer loop
      vertex 0.542603 -8.07854 0
      vertex 0.522171 -8.0376 0
      vertex 1.157 -7.0751 0
    endloop
  endfacet
  facet normal 0 0 -1
    outer loop
      vertex 0.501663 -7.99666 0
      vertex 0.522171 -8.0376 0
      vertex 0.501663 -8.01707 0
    endloop
  endfacet
  facet normal 0 0 -1
    outer loop
      vertex 0.522171 -8.0376 0
      vertex 0.501663 -7.99666 0
      vertex 1.157 -7.0751 0
    endloop
  endfacet
  facet normal 0 0 -1
    outer loop
      vertex 0.419769 -7.91475 0
      vertex 1.157 -7.0751 0
      vertex 0.501663 -7.99666 0
    endloop
  endfacet
  facet normal 0 0 -1
    outer loop
      vertex 0.358292 -7.89423 0
      vertex 0.419769 -7.91475 0
      vertex 0.378815 -7.91475 0
    endloop
  endfacet
  facet normal 0 0 -1
    outer loop
      vertex 0.419769 -7.91475 0
      vertex 0.358292 -7.89423 0
      vertex 1.157 -7.0751 0
    endloop
  endfacet
  facet normal 0 0 -1
    outer loop
      vertex 0.358292 -7.89423 0
      vertex -0.051239 -7.157 0
      vertex 1.157 -7.0751 0
    endloop
  endfacet
  facet normal 0 0 -1
    outer loop
      vertex -0.337875 -7.89423 0
      vertex -0.051239 -7.157 0
      vertex 0.358292 -7.89423 0
    endloop
  endfacet
  facet normal 0 0 -1
    outer loop
      vertex -0.378815 -7.91475 0
      vertex -0.337875 -7.89423 0
      vertex -0.358383 -7.91475 0
    endloop
  endfacet
  facet normal 0 0 -1
    outer loop
      vertex -0.399338 -6.97267 0
      vertex -0.337875 -7.89423 0
      vertex -0.378815 -7.91475 0
    endloop
  endfacet
  facet normal 0 0 -1
    outer loop
      vertex -0.419769 -7.93518 0
      vertex -0.378815 -7.91475 0
      vertex -0.399338 -7.93518 0
    endloop
  endfacet
  facet normal 0 -0 -1
    outer loop
      vertex -0.399338 -6.97267 0
      vertex -0.378815 -7.91475 0
      vertex -0.419769 -7.93518 0
    endloop
  endfacet
  facet normal 0 0 -1
    outer loop
      vertex -0.337875 -7.89423 0
      vertex -0.399338 -6.97267 0
      vertex -0.051239 -7.157 0
    endloop
  endfacet
  facet normal 0 0 -1
    outer loop
      vertex -0.460815 -7.97612 0
      vertex -0.399338 -6.97267 0
      vertex -0.419769 -7.93518 0
    endloop
  endfacet
  facet normal 0 0 -1
    outer loop
      vertex -0.481232 -8.01707 0
      vertex -0.399338 -6.97267 0
      vertex -0.460815 -7.97612 0
    endloop
  endfacet
  facet normal 0 0 -1
    outer loop
      vertex -0.501755 -8.05801 0
      vertex -0.399338 -6.97267 0
      vertex -0.481232 -8.01707 0
    endloop
  endfacet
  facet normal -0 0 -1
    outer loop
      vertex -0.399338 -6.97267 0
      vertex -0.501755 -8.05801 0
      vertex -0.501755 -3.3891 0
    endloop
  endfacet
  facet normal 0 0 -1
    outer loop
      vertex 7.13651 -0.645081 0
      vertex 7.81229 1.36179 0
      vertex 7.87364 -0.911285 0
    endloop
  endfacet
  facet normal 0 0 -1
    outer loop
      vertex 6.74736 -2.42661 0
      vertex 7.87364 -0.911285 0
      vertex 7.25937 -3.18436 0
    endloop
  endfacet
  facet normal -0 0 -1
    outer loop
      vertex 7.81229 1.36179 0
      vertex 7.13651 -0.645081 0
      vertex 7.0341 1.38222 0
    endloop
  endfacet
  facet normal 0 0 -1
    outer loop
      vertex 7.81229 1.36179 0
      vertex 7.0341 1.38222 0
      vertex 7.27988 3.14331 0
    endloop
  endfacet
  facet normal 0 0 -1
    outer loop
      vertex 6.50169 3.02048 0
      vertex 7.27988 3.14331 0
      vertex 7.0341 1.38222 0
    endloop
  endfacet
  facet normal 0 0 -1
    outer loop
      vertex 6.50169 3.02048 0
      vertex 6.21497 4.90443 0
      vertex 7.27988 3.14331 0
    endloop
  endfacet
  facet normal 0 0 -1
    outer loop
      vertex 5.41635 4.67917 0
      vertex 6.21497 4.90443 0
      vertex 6.50169 3.02048 0
    endloop
  endfacet
  facet normal 0 0 -1
    outer loop
      vertex 5.41635 4.67917 0
      vertex 4.5768 6.46069 0
      vertex 6.21497 4.90443 0
    endloop
  endfacet
  facet normal 0 0 -1
    outer loop
      vertex 3.98293 5.94882 0
      vertex 4.5768 6.46069 0
      vertex 5.41635 4.67917 0
    endloop
  endfacet
  facet normal 0 0 -1
    outer loop
      vertex 3.98293 5.94882 0
      vertex 2.8157 7.40266 0
      vertex 4.5768 6.46069 0
    endloop
  endfacet
  facet normal 0 0 -1
    outer loop
      vertex 2.34467 6.76794 0
      vertex 2.8157 7.40266 0
      vertex 3.98293 5.94882 0
    endloop
  endfacet
  facet normal 0 0 -1
    outer loop
      vertex 2.34467 6.76794 0
      vertex 1.01364 7.85318 0
      vertex 2.8157 7.40266 0
    endloop
  endfacet
  facet normal 0 0 -1
    outer loop
      vertex 0.747437 7.11604 0
      vertex 1.01364 7.85318 0
      vertex 2.34467 6.76794 0
    endloop
  endfacet
  facet normal 0 0 -1
    outer loop
      vertex -1.11606 7.83275 0
      vertex 0.747437 7.11604 0
      vertex -1.03416 7.0751 0
    endloop
  endfacet
  facet normal 0 0 -1
    outer loop
      vertex 0.747437 7.11604 0
      vertex -1.11606 7.83275 0
      vertex 1.01364 7.85318 0
    endloop
  endfacet
  facet normal 0 0 -1
    outer loop
      vertex -2.79527 6.58363 0
      vertex -1.11606 7.83275 0
      vertex -1.03416 7.0751 0
    endloop
  endfacet
  facet normal 0 0 -1
    outer loop
      vertex -2.79527 6.58363 0
      vertex -3.12285 7.25941 0
      vertex -1.11606 7.83275 0
    endloop
  endfacet
  facet normal 0 0 -1
    outer loop
      vertex -4.94542 6.15355 0
      vertex -2.79527 6.58363 0
      vertex -4.53584 5.51872 0
    endloop
  endfacet
  facet normal -0 0 -1
    outer loop
      vertex -2.79527 6.58363 0
      vertex -4.94542 6.15355 0
      vertex -3.12285 7.25941 0
    endloop
  endfacet
  facet normal 0 0 -1
    outer loop
      vertex -6.29697 4.76106 0
      vertex -4.53584 5.51872 0
      vertex -5.78497 4.1877 0
    endloop
  endfacet
  facet normal -0 0 -1
    outer loop
      vertex -4.53584 5.51872 0
      vertex -6.29697 4.76106 0
      vertex -4.94542 6.15355 0
    endloop
  endfacet
  facet normal 0 0 -1
    outer loop
      vertex -7.30042 2.99994 0
      vertex -5.78497 4.1877 0
      vertex -6.74747 2.34471 0
    endloop
  endfacet
  facet normal 0 0 -1
    outer loop
      vertex -7.81229 0.583603 0
      vertex -6.74747 2.34471 0
      vertex -7.11609 0.604034 0
    endloop
  endfacet
  facet normal -0 0 -1
    outer loop
      vertex -5.78497 4.1877 0
      vertex -7.30042 2.99994 0
      vertex -6.29697 4.76106 0
    endloop
  endfacet
  facet normal -0 0 -1
    outer loop
      vertex -6.74747 2.34471 0
      vertex -7.81229 0.583603 0
      vertex -7.30042 2.99994 0
    endloop
  endfacet
  facet normal 0 0 -1
    outer loop
      vertex 6.03065 -0.68602 0
      vertex 3.20474 -0.19455 0
      vertex 3.36852 0.276443 0
    endloop
  endfacet
  facet normal 0 0 -1
    outer loop
      vertex 4.90437 -3.57339 0
      vertex 0.501663 -2.50859 0
      vertex 3.20474 -0.19455 0
    endloop
  endfacet
  facet normal 0 0 -1
    outer loop
      vertex 0.501663 -2.50859 0
      vertex 3.90103 -4.63823 0
      vertex 2.1194 -5.68262 0
    endloop
  endfacet
  facet normal -0 0 -1
    outer loop
      vertex 3.20474 -0.19455 0
      vertex 0.501663 -2.50859 0
      vertex 2.44707 -0.112671 0
    endloop
  endfacet
  facet normal 0 0 -1
    outer loop
      vertex -1.19795 -1.99661 0
      vertex 2.44707 -0.112671 0
      vertex 0.501663 -2.50859 0
    endloop
  endfacet
  facet normal 0 0 -1
    outer loop
      vertex 0.501663 -2.50859 0
      vertex 2.1194 -5.68262 0
      vertex 0.563141 -5.98976 0
    endloop
  endfacet
  facet normal -0 0 -1
    outer loop
      vertex 2.44707 -0.112671 0
      vertex -1.19795 -1.99661 0
      vertex 2.07846 1.09547 0
    endloop
  endfacet
  facet normal -0 0 -1
    outer loop
      vertex 2.07846 1.09547 0
      vertex -1.19795 -1.99661 0
      vertex 1.32079 1.93513 0
    endloop
  endfacet
  facet normal -0 0 -1
    outer loop
      vertex 1.32079 1.93513 0
      vertex -1.19795 -1.99661 0
      vertex -0.23555 2.32419 0
    endloop
  endfacet
  facet normal 0 0 -1
    outer loop
      vertex -0.23555 2.32419 0
      vertex -1.19795 -1.99661 0
      vertex -1.157 2.01703 0
    endloop
  endfacet
  facet normal 0 0 -1
    outer loop
      vertex -1.19795 -1.99661 0
      vertex -1.89424 1.34126 0
      vertex -1.157 2.01703 0
    endloop
  endfacet
  facet normal 0 0 -1
    outer loop
      vertex -2.2014 -0.747482 0
      vertex -1.89424 1.34126 0
      vertex -1.19795 -1.99661 0
    endloop
  endfacet
  facet normal 0 0 -1
    outer loop
      vertex -1.89424 1.34126 0
      vertex -2.2014 -0.747482 0
      vertex -2.28328 0.419708 0
    endloop
  endfacet
  facet normal 0 0 -1
    outer loop
      vertex 3.36852 0.276443 0
      vertex 6.03065 0.68602 0
      vertex 6.03065 -0.68602 0
    endloop
  endfacet
  facet normal 0 0 -1
    outer loop
      vertex 3.20474 -0.19455 0
      vertex 6.03065 -0.68602 0
      vertex 5.64162 -2.24229 0
    endloop
  endfacet
  facet normal -0 0 -1
    outer loop
      vertex 6.03065 0.68602 0
      vertex 3.36852 0.276443 0
      vertex 5.70308 2.07851 0
    endloop
  endfacet
  facet normal 0 0 -1
    outer loop
      vertex 3.20474 -0.19455 0
      vertex 5.64162 -2.24229 0
      vertex 4.90437 -3.57339 0
    endloop
  endfacet
  facet normal 0 0 -1
    outer loop
      vertex 3.02043 1.50505 0
      vertex 5.70308 2.07851 0
      vertex 3.36852 0.276443 0
    endloop
  endfacet
  facet normal 0 0 -1
    outer loop
      vertex 0.501663 -2.50859 0
      vertex 4.90437 -3.57339 0
      vertex 3.90103 -4.63823 0
    endloop
  endfacet
  facet normal -0 0 -1
    outer loop
      vertex 5.70308 2.07851 0
      vertex 3.02043 1.50505 0
      vertex 5.08867 3.3071 0
    endloop
  endfacet
  facet normal -0 0 -1
    outer loop
      vertex 5.08867 3.3071 0
      vertex 3.02043 1.50505 0
      vertex 4.02386 4.5358 0
    endloop
  endfacet
  facet normal 0 0 -1
    outer loop
      vertex 1.70982 2.89754 0
      vertex 4.02386 4.5358 0
      vertex 3.02043 1.50505 0
    endloop
  endfacet
  facet normal -0 0 -1
    outer loop
      vertex 4.02386 4.5358 0
      vertex 1.70982 2.89754 0
      vertex 2.918 5.31398 0
    endloop
  endfacet
  facet normal 0 0 -1
    outer loop
      vertex 1.70982 2.89754 0
      vertex 1.52551 5.86693 0
      vertex 2.918 5.31398 0
    endloop
  endfacet
  facet normal 0 0 -1
    outer loop
      vertex 0.317337 3.34804 0
      vertex 1.52551 5.86693 0
      vertex 1.70982 2.89754 0
    endloop
  endfacet
  facet normal 0 0 -1
    outer loop
      vertex 0.317337 3.34804 0
      vertex 0.194504 6.05112 0
      vertex 1.52551 5.86693 0
    endloop
  endfacet
  facet normal 0 0 -1
    outer loop
      vertex -0.76796 3.26614 0
      vertex 0.194504 6.05112 0
      vertex 0.317337 3.34804 0
    endloop
  endfacet
  facet normal 0 0 -1
    outer loop
      vertex -0.76796 3.26614 0
      vertex -1.23889 5.92828 0
      vertex 0.194504 6.05112 0
    endloop
  endfacet
  facet normal 0 0 -1
    outer loop
      vertex -2.65192 5.43683 0
      vertex -0.76796 3.26614 0
      vertex -1.64847 2.91806 0
    endloop
  endfacet
  facet normal 0 0 -1
    outer loop
      vertex -0.76796 3.26614 0
      vertex -2.65192 5.43683 0
      vertex -1.23889 5.92828 0
    endloop
  endfacet
  facet normal 0 0 -1
    outer loop
      vertex -4.10587 4.4334 0
      vertex -1.64847 2.91806 0
      vertex -2.93863 1.60747 0
    endloop
  endfacet
  facet normal 0 0 -1
    outer loop
      vertex -5.84645 1.50505 0
      vertex -2.93863 1.60747 0
      vertex -3.3481 -0.030777 0
    endloop
  endfacet
  facet normal 0 0 -1
    outer loop
      vertex -1.64847 2.91806 0
      vertex -4.10587 4.4334 0
      vertex -2.65192 5.43683 0
    endloop
  endfacet
  facet normal 0 0 -1
    outer loop
      vertex -0.501755 -8.05801 0
      vertex -1.62804 -2.93858 0
      vertex -0.501755 -3.3891 0
    endloop
  endfacet
  facet normal -0 0 -1
    outer loop
      vertex -0.481232 -8.87714 0
      vertex -7.53587 -16.3466 0
      vertex -0.501755 -8.8362 0
    endloop
  endfacet
  facet normal 0 0 -1
    outer loop
      vertex -8.17183 -16.0381 0
      vertex -0.501755 -8.8362 0
      vertex -7.53587 -16.3466 0
    endloop
  endfacet
  facet normal 0 -0 -1
    outer loop
      vertex -5.84645 1.50505 0
      vertex -3.3481 -0.030777 0
      vertex -6.15359 -0.440231 0
    endloop
  endfacet
  facet normal 0 0 -1
    outer loop
      vertex -8.79518 -15.7049 0
      vertex -0.501755 -8.8362 0
      vertex -8.17183 -16.0381 0
    endloop
  endfacet
  facet normal -0 0 -1
    outer loop
      vertex -2.93863 1.60747 0
      vertex -5.84645 1.50505 0
      vertex -5.23215 3.02048 0
    endloop
  endfacet
  facet normal 0 0 -1
    outer loop
      vertex -2.93863 1.60747 0
      vertex -5.23215 3.02048 0
      vertex -4.10587 4.4334 0
    endloop
  endfacet
  facet normal 0 0 -1
    outer loop
      vertex -9.40497 -15.3475 0
      vertex -0.501755 -8.8362 0
      vertex -8.79518 -15.7049 0
    endloop
  endfacet
  facet normal 0 0 -1
    outer loop
      vertex -3.08191 -1.32083 0
      vertex -6.15359 -0.440231 0
      vertex -3.3481 -0.030777 0
    endloop
  endfacet
  facet normal 0 0 -1
    outer loop
      vertex -10.0003 -14.9665 0
      vertex -0.501755 -8.8362 0
      vertex -9.40497 -15.3475 0
    endloop
  endfacet
  facet normal 0 0 -1
    outer loop
      vertex -10.5801 -14.5623 0
      vertex -0.501755 -8.8362 0
      vertex -10.0003 -14.9665 0
    endloop
  endfacet
  facet normal 0 0 -1
    outer loop
      vertex -11.1437 -14.1357 0
      vertex -0.501755 -8.8362 0
      vertex -10.5801 -14.5623 0
    endloop
  endfacet
  facet normal 0 0 -1
    outer loop
      vertex -11.6901 -13.6873 0
      vertex -0.501755 -8.8362 0
      vertex -11.1437 -14.1357 0
    endloop
  endfacet
  facet normal 0 0 -1
    outer loop
      vertex -0.501755 -8.05801 0
      vertex -2.52907 -2.20134 0
      vertex -1.62804 -2.93858 0
    endloop
  endfacet
  facet normal 0 0 -1
    outer loop
      vertex -0.501755 -8.05801 0
      vertex -11.6901 -13.6873 0
      vertex -12.2184 -13.2178 0
    endloop
  endfacet
  facet normal -0.944794 -0.327664 0
    outer loop
      vertex -16.8874 -6.23011 0
      vertex -17.119 -5.56231 2
      vertex -17.119 -5.56231 0
    endloop
  endfacet
  facet normal -0.944794 -0.327664 0
    outer loop
      vertex -17.119 -5.56231 2
      vertex -16.8874 -6.23011 0
      vertex -16.8874 -6.23011 2
    endloop
  endfacet
  facet normal -0.862737 -0.505653 0
    outer loop
      vertex -15.3475 -9.40497 0
      vertex -15.7049 -8.79518 2
      vertex -15.7049 -8.79518 0
    endloop
  endfacet
  facet normal -0.862737 -0.505653 0
    outer loop
      vertex -15.7049 -8.79518 2
      vertex -15.3475 -9.40497 0
      vertex -15.3475 -9.40497 2
    endloop
  endfacet
  facet normal -0.773024 -0.634377 0
    outer loop
      vertex -13.6873 -11.6901 0
      vertex -14.1357 -11.1437 2
      vertex -14.1357 -11.1437 0
    endloop
  endfacet
  facet normal -0.773024 -0.634377 0
    outer loop
      vertex -14.1357 -11.1437 2
      vertex -13.6873 -11.6901 0
      vertex -13.6873 -11.6901 2
    endloop
  endfacet
  facet normal -0.797344 -0.603525 0
    outer loop
      vertex -14.1357 -11.1437 0
      vertex -14.5623 -10.5801 2
      vertex -14.5623 -10.5801 0
    endloop
  endfacet
  facet normal -0.797344 -0.603525 0
    outer loop
      vertex -14.5623 -10.5801 2
      vertex -14.1357 -11.1437 0
      vertex -14.1357 -11.1437 2
    endloop
  endfacet
  facet normal -0.290314 -0.956932 0
    outer loop
      vertex -5.56231 -17.119 0
      vertex -4.88593 -17.3242 2
      vertex -5.56231 -17.119 2
    endloop
  endfacet
  facet normal -0.290314 -0.956932 -0
    outer loop
      vertex -4.88593 -17.3242 2
      vertex -5.56231 -17.119 0
      vertex -4.88593 -17.3242 0
    endloop
  endfacet
  facet normal -0.327664 -0.944794 0
    outer loop
      vertex -6.23011 -16.8874 0
      vertex -5.56231 -17.119 2
      vertex -6.23011 -16.8874 2
    endloop
  endfacet
  facet normal -0.327664 -0.944794 -0
    outer loop
      vertex -5.56231 -17.119 2
      vertex -6.23011 -16.8874 0
      vertex -5.56231 -17.119 0
    endloop
  endfacet
  facet normal -0.0196657 -0.999807 0
    outer loop
      vertex -0.706676 -17.9861 0
      vertex 0 -18 2
      vertex -0.706676 -17.9861 2
    endloop
  endfacet
  facet normal -0.0196657 -0.999807 -0
    outer loop
      vertex 0 -18 2
      vertex -0.706676 -17.9861 0
      vertex 0 -18 0
    endloop
  endfacet
  facet normal -0.47141 -0.881914 0
    outer loop
      vertex -8.79518 -15.7049 0
      vertex -8.17183 -16.0381 2
      vertex -8.79518 -15.7049 2
    endloop
  endfacet
  facet normal -0.47141 -0.881914 -0
    outer loop
      vertex -8.17183 -16.0381 2
      vertex -8.79518 -15.7049 0
      vertex -8.17183 -16.0381 0
    endloop
  endfacet
  facet normal -0.505653 -0.862737 0
    outer loop
      vertex -9.40497 -15.3475 0
      vertex -8.79518 -15.7049 2
      vertex -9.40497 -15.3475 2
    endloop
  endfacet
  facet normal -0.505653 -0.862737 -0
    outer loop
      vertex -8.79518 -15.7049 2
      vertex -9.40497 -15.3475 0
      vertex -8.79518 -15.7049 0
    endloop
  endfacet
  facet normal -0.603525 -0.797344 0
    outer loop
      vertex -11.1437 -14.1357 0
      vertex -10.5801 -14.5623 2
      vertex -11.1437 -14.1357 2
    endloop
  endfacet
  facet normal -0.603525 -0.797344 -0
    outer loop
      vertex -10.5801 -14.5623 2
      vertex -11.1437 -14.1357 0
      vertex -10.5801 -14.5623 0
    endloop
  endfacet
  facet normal 0.998266 0.058856 0
    outer loop
      vertex 17.9861 0.706676 2
      vertex 17.9445 1.41226 0
      vertex 17.9445 1.41226 2
    endloop
  endfacet
  facet normal 0.998266 0.058856 0
    outer loop
      vertex 17.9445 1.41226 0
      vertex 17.9861 0.706676 2
      vertex 17.9861 0.706676 0
    endloop
  endfacet
  facet normal 0.0196657 0.999807 -0
    outer loop
      vertex 0.706676 17.9861 0
      vertex 0 18 2
      vertex 0.706676 17.9861 2
    endloop
  endfacet
  facet normal 0.0196657 0.999807 0
    outer loop
      vertex 0 18 2
      vertex 0.706676 17.9861 0
      vertex 0 18 0
    endloop
  endfacet
  facet normal 0.967587 0.252539 0
    outer loop
      vertex 17.5027 4.20202 2
      vertex 17.3242 4.88593 0
      vertex 17.3242 4.88593 2
    endloop
  endfacet
  facet normal 0.967587 0.252539 0
    outer loop
      vertex 17.3242 4.88593 0
      vertex 17.5027 4.20202 2
      vertex 17.5027 4.20202 0
    endloop
  endfacet
  facet normal 0.944794 0.327664 0
    outer loop
      vertex 17.119 5.56231 2
      vertex 16.8874 6.23011 0
      vertex 16.8874 6.23011 2
    endloop
  endfacet
  facet normal 0.944794 0.327664 0
    outer loop
      vertex 16.8874 6.23011 0
      vertex 17.119 5.56231 2
      vertex 17.119 5.56231 0
    endloop
  endfacet
  facet normal 0.899728 0.436452 0
    outer loop
      vertex 16.3466 7.53587 2
      vertex 16.0381 8.17183 0
      vertex 16.0381 8.17183 2
    endloop
  endfacet
  facet normal 0.899728 0.436452 0
    outer loop
      vertex 16.0381 8.17183 0
      vertex 16.3466 7.53587 2
      vertex 16.3466 7.53587 0
    endloop
  endfacet
  facet normal 0.797344 0.603525 0
    outer loop
      vertex 14.5623 10.5801 2
      vertex 14.1357 11.1437 0
      vertex 14.1357 11.1437 2
    endloop
  endfacet
  facet normal 0.797344 0.603525 0
    outer loop
      vertex 14.1357 11.1437 0
      vertex 14.5623 10.5801 2
      vertex 14.5623 10.5801 0
    endloop
  endfacet
  facet normal 0.0980454 0.995182 -0
    outer loop
      vertex 2.11567 17.8752 0
      vertex 1.41226 17.9445 2
      vertex 2.11567 17.8752 2
    endloop
  endfacet
  facet normal 0.0980454 0.995182 0
    outer loop
      vertex 1.41226 17.9445 2
      vertex 2.11567 17.8752 0
      vertex 1.41226 17.9445 0
    endloop
  endfacet
  facet normal 0.175857 0.984416 -0
    outer loop
      vertex 3.51163 17.6541 0
      vertex 2.81582 17.7784 2
      vertex 3.51163 17.6541 2
    endloop
  endfacet
  facet normal 0.175857 0.984416 0
    outer loop
      vertex 2.81582 17.7784 2
      vertex 3.51163 17.6541 0
      vertex 2.81582 17.7784 0
    endloop
  endfacet
  facet normal 0.290314 0.956932 -0
    outer loop
      vertex 5.56231 17.119 0
      vertex 4.88593 17.3242 2
      vertex 5.56231 17.119 2
    endloop
  endfacet
  facet normal 0.290314 0.956932 0
    outer loop
      vertex 4.88593 17.3242 2
      vertex 5.56231 17.119 0
      vertex 4.88593 17.3242 0
    endloop
  endfacet
  facet normal 0.364457 0.93122 -0
    outer loop
      vertex 6.8883 16.6298 0
      vertex 6.23011 16.8874 2
      vertex 6.8883 16.6298 2
    endloop
  endfacet
  facet normal 0.364457 0.93122 0
    outer loop
      vertex 6.23011 16.8874 2
      vertex 6.8883 16.6298 0
      vertex 6.23011 16.8874 0
    endloop
  endfacet
  facet normal 0.252539 0.967587 -0
    outer loop
      vertex 4.88593 17.3242 0
      vertex 4.20202 17.5027 2
      vertex 4.88593 17.3242 2
    endloop
  endfacet
  facet normal 0.252539 0.967587 0
    outer loop
      vertex 4.20202 17.5027 2
      vertex 4.88593 17.3242 0
      vertex 4.20202 17.5027 0
    endloop
  endfacet
  facet normal 0.720836 0.693106 0
    outer loop
      vertex 13.2178 12.2184 2
      vertex 12.7279 12.7279 0
      vertex 12.7279 12.7279 2
    endloop
  endfacet
  facet normal 0.720836 0.693106 0
    outer loop
      vertex 12.7279 12.7279 0
      vertex 13.2178 12.2184 2
      vertex 13.2178 12.2184 0
    endloop
  endfacet
  facet normal 0.603525 0.797344 -0
    outer loop
      vertex 11.1437 14.1357 0
      vertex 10.5801 14.5623 2
      vertex 11.1437 14.1357 2
    endloop
  endfacet
  facet normal 0.603525 0.797344 0
    outer loop
      vertex 10.5801 14.5623 2
      vertex 11.1437 14.1357 0
      vertex 10.5801 14.5623 0
    endloop
  endfacet
  facet normal 0.693106 0.720836 -0
    outer loop
      vertex 12.7279 12.7279 0
      vertex 12.2184 13.2178 2
      vertex 12.7279 12.7279 2
    endloop
  endfacet
  facet normal 0.693106 0.720836 0
    outer loop
      vertex 12.2184 13.2178 2
      vertex 12.7279 12.7279 0
      vertex 12.2184 13.2178 0
    endloop
  endfacet
  facet normal 0.47141 0.881914 -0
    outer loop
      vertex 8.79518 15.7049 0
      vertex 8.17183 16.0381 2
      vertex 8.79518 15.7049 2
    endloop
  endfacet
  facet normal 0.47141 0.881914 0
    outer loop
      vertex 8.17183 16.0381 2
      vertex 8.79518 15.7049 0
      vertex 8.17183 16.0381 0
    endloop
  endfacet
  facet normal 0.436452 0.899728 -0
    outer loop
      vertex 8.17183 16.0381 0
      vertex 7.53587 16.3466 2
      vertex 8.17183 16.0381 2
    endloop
  endfacet
  facet normal 0.436452 0.899728 0
    outer loop
      vertex 7.53587 16.3466 2
      vertex 8.17183 16.0381 0
      vertex 7.53587 16.3466 0
    endloop
  endfacet
  facet normal -0.058856 0.998266 0
    outer loop
      vertex -0.706676 17.9861 0
      vertex -1.41226 17.9445 2
      vertex -0.706676 17.9861 2
    endloop
  endfacet
  facet normal -0.058856 0.998266 0
    outer loop
      vertex -1.41226 17.9445 2
      vertex -0.706676 17.9861 0
      vertex -1.41226 17.9445 0
    endloop
  endfacet
  facet normal -0.136953 0.990577 0
    outer loop
      vertex -2.11567 17.8752 0
      vertex -2.81582 17.7784 2
      vertex -2.11567 17.8752 2
    endloop
  endfacet
  facet normal -0.136953 0.990577 0
    outer loop
      vertex -2.81582 17.7784 2
      vertex -2.11567 17.8752 0
      vertex -2.81582 17.7784 0
    endloop
  endfacet
  facet normal -0.327664 0.944794 0
    outer loop
      vertex -5.56231 17.119 0
      vertex -6.23011 16.8874 2
      vertex -5.56231 17.119 2
    endloop
  endfacet
  facet normal -0.327664 0.944794 0
    outer loop
      vertex -6.23011 16.8874 2
      vertex -5.56231 17.119 0
      vertex -6.23011 16.8874 0
    endloop
  endfacet
  facet normal -0.505653 0.862737 0
    outer loop
      vertex -8.79518 15.7049 0
      vertex -9.40497 15.3475 2
      vertex -8.79518 15.7049 2
    endloop
  endfacet
  facet normal -0.505653 0.862737 0
    outer loop
      vertex -9.40497 15.3475 2
      vertex -8.79518 15.7049 0
      vertex -9.40497 15.3475 0
    endloop
  endfacet
  facet normal -0.664285 0.74748 0
    outer loop
      vertex -11.6901 13.6873 0
      vertex -12.2184 13.2178 2
      vertex -11.6901 13.6873 2
    endloop
  endfacet
  facet normal -0.664285 0.74748 0
    outer loop
      vertex -12.2184 13.2178 2
      vertex -11.6901 13.6873 0
      vertex -12.2184 13.2178 0
    endloop
  endfacet
  facet normal -0.634377 0.773024 0
    outer loop
      vertex -11.1437 14.1357 0
      vertex -11.6901 13.6873 2
      vertex -11.1437 14.1357 2
    endloop
  endfacet
  facet normal -0.634377 0.773024 0
    outer loop
      vertex -11.6901 13.6873 2
      vertex -11.1437 14.1357 0
      vertex -11.6901 13.6873 0
    endloop
  endfacet
  facet normal -0.571885 0.820334 0
    outer loop
      vertex -10.0003 14.9665 0
      vertex -10.5801 14.5623 2
      vertex -10.0003 14.9665 2
    endloop
  endfacet
  facet normal -0.571885 0.820334 0
    outer loop
      vertex -10.5801 14.5623 2
      vertex -10.0003 14.9665 0
      vertex -10.5801 14.5623 0
    endloop
  endfacet
  facet normal -0.967587 0.252539 0
    outer loop
      vertex -17.5027 4.20202 0
      vertex -17.3242 4.88593 2
      vertex -17.3242 4.88593 0
    endloop
  endfacet
  facet normal -0.967587 0.252539 0
    outer loop
      vertex -17.3242 4.88593 2
      vertex -17.5027 4.20202 0
      vertex -17.5027 4.20202 2
    endloop
  endfacet
  facet normal -0.956932 0.290314 0
    outer loop
      vertex -17.3242 4.88593 0
      vertex -17.119 5.56231 2
      vertex -17.119 5.56231 0
    endloop
  endfacet
  facet normal -0.956932 0.290314 0
    outer loop
      vertex -17.119 5.56231 2
      vertex -17.3242 4.88593 0
      vertex -17.3242 4.88593 2
    endloop
  endfacet
  facet normal -0.93122 0.364457 0
    outer loop
      vertex -16.8874 6.23011 0
      vertex -16.6298 6.8883 2
      vertex -16.6298 6.8883 0
    endloop
  endfacet
  facet normal -0.93122 0.364457 0
    outer loop
      vertex -16.6298 6.8883 2
      vertex -16.8874 6.23011 0
      vertex -16.8874 6.23011 2
    endloop
  endfacet
  facet normal -0.995182 0.0980454 0
    outer loop
      vertex -17.9445 1.41226 0
      vertex -17.8752 2.11567 2
      vertex -17.8752 2.11567 0
    endloop
  endfacet
  facet normal -0.995182 0.0980454 0
    outer loop
      vertex -17.8752 2.11567 2
      vertex -17.9445 1.41226 0
      vertex -17.9445 1.41226 2
    endloop
  endfacet
  facet normal -0.999807 0.0196657 0
    outer loop
      vertex -18 0 0
      vertex -17.9861 0.706676 2
      vertex -17.9861 0.706676 0
    endloop
  endfacet
  facet normal -0.999807 0.0196657 0
    outer loop
      vertex -17.9861 0.706676 2
      vertex -18 0 0
      vertex -18 0 2
    endloop
  endfacet
  facet normal -0.881914 0.47141 0
    outer loop
      vertex -16.0381 8.17183 0
      vertex -15.7049 8.79518 2
      vertex -15.7049 8.79518 0
    endloop
  endfacet
  facet normal -0.881914 0.47141 0
    outer loop
      vertex -15.7049 8.79518 2
      vertex -16.0381 8.17183 0
      vertex -16.0381 8.17183 2
    endloop
  endfacet
  facet normal -0.842279 0.539042 0
    outer loop
      vertex -15.3475 9.40497 0
      vertex -14.9665 10.0003 2
      vertex -14.9665 10.0003 0
    endloop
  endfacet
  facet normal -0.842279 0.539042 0
    outer loop
      vertex -14.9665 10.0003 2
      vertex -15.3475 9.40497 0
      vertex -15.3475 9.40497 2
    endloop
  endfacet
  facet normal -0.899728 0.436452 0
    outer loop
      vertex -16.3466 7.53587 0
      vertex -16.0381 8.17183 2
      vertex -16.0381 8.17183 0
    endloop
  endfacet
  facet normal -0.899728 0.436452 0
    outer loop
      vertex -16.0381 8.17183 2
      vertex -16.3466 7.53587 0
      vertex -16.3466 7.53587 2
    endloop
  endfacet
  facet normal -0.797344 0.603525 0
    outer loop
      vertex -14.5623 10.5801 0
      vertex -14.1357 11.1437 2
      vertex -14.1357 11.1437 0
    endloop
  endfacet
  facet normal -0.797344 0.603525 0
    outer loop
      vertex -14.1357 11.1437 2
      vertex -14.5623 10.5801 0
      vertex -14.5623 10.5801 2
    endloop
  endfacet
  facet normal 0.995182 0.0980454 0
    outer loop
      vertex 17.9445 1.41226 2
      vertex 17.8752 2.11567 0
      vertex 17.8752 2.11567 2
    endloop
  endfacet
  facet normal 0.995182 0.0980454 0
    outer loop
      vertex 17.8752 2.11567 0
      vertex 17.9445 1.41226 2
      vertex 17.9445 1.41226 0
    endloop
  endfacet
  facet normal 0.984416 0.175857 0
    outer loop
      vertex 17.7784 2.81582 2
      vertex 17.6541 3.51163 0
      vertex 17.6541 3.51163 2
    endloop
  endfacet
  facet normal 0.984416 0.175857 0
    outer loop
      vertex 17.6541 3.51163 0
      vertex 17.7784 2.81582 2
      vertex 17.7784 2.81582 0
    endloop
  endfacet
  facet normal 0.956932 0.290314 0
    outer loop
      vertex 17.3242 4.88593 2
      vertex 17.119 5.56231 0
      vertex 17.119 5.56231 2
    endloop
  endfacet
  facet normal 0.956932 0.290314 0
    outer loop
      vertex 17.119 5.56231 0
      vertex 17.3242 4.88593 2
      vertex 17.3242 4.88593 0
    endloop
  endfacet
  facet normal 0.916215 0.400686 0
    outer loop
      vertex 16.6298 6.8883 2
      vertex 16.3466 7.53587 0
      vertex 16.3466 7.53587 2
    endloop
  endfacet
  facet normal 0.916215 0.400686 0
    outer loop
      vertex 16.3466 7.53587 0
      vertex 16.6298 6.8883 2
      vertex 16.6298 6.8883 0
    endloop
  endfacet
  facet normal 0.842279 0.539042 0
    outer loop
      vertex 15.3475 9.40497 2
      vertex 14.9665 10.0003 0
      vertex 14.9665 10.0003 2
    endloop
  endfacet
  facet normal 0.842279 0.539042 0
    outer loop
      vertex 14.9665 10.0003 0
      vertex 15.3475 9.40497 2
      vertex 15.3475 9.40497 0
    endloop
  endfacet
  facet normal 0.881914 0.47141 0
    outer loop
      vertex 16.0381 8.17183 2
      vertex 15.7049 8.79518 0
      vertex 15.7049 8.79518 2
    endloop
  endfacet
  facet normal 0.881914 0.47141 0
    outer loop
      vertex 15.7049 8.79518 0
      vertex 16.0381 8.17183 2
      vertex 16.0381 8.17183 0
    endloop
  endfacet
  facet normal 0.862737 0.505653 0
    outer loop
      vertex 15.7049 8.79518 2
      vertex 15.3475 9.40497 0
      vertex 15.3475 9.40497 2
    endloop
  endfacet
  facet normal 0.862737 0.505653 0
    outer loop
      vertex 15.3475 9.40497 0
      vertex 15.7049 8.79518 2
      vertex 15.7049 8.79518 0
    endloop
  endfacet
  facet normal 0.058856 0.998266 -0
    outer loop
      vertex 1.41226 17.9445 0
      vertex 0.706676 17.9861 2
      vertex 1.41226 17.9445 2
    endloop
  endfacet
  facet normal 0.058856 0.998266 0
    outer loop
      vertex 0.706676 17.9861 2
      vertex 1.41226 17.9445 0
      vertex 0.706676 17.9861 0
    endloop
  endfacet
  facet normal 0.327664 0.944794 -0
    outer loop
      vertex 6.23011 16.8874 0
      vertex 5.56231 17.119 2
      vertex 6.23011 16.8874 2
    endloop
  endfacet
  facet normal 0.327664 0.944794 0
    outer loop
      vertex 5.56231 17.119 2
      vertex 6.23011 16.8874 0
      vertex 5.56231 17.119 0
    endloop
  endfacet
  facet normal 0.634377 0.773024 -0
    outer loop
      vertex 11.6901 13.6873 0
      vertex 11.1437 14.1357 2
      vertex 11.6901 13.6873 2
    endloop
  endfacet
  facet normal 0.634377 0.773024 0
    outer loop
      vertex 11.1437 14.1357 2
      vertex 11.6901 13.6873 0
      vertex 11.1437 14.1357 0
    endloop
  endfacet
  facet normal 0.505653 0.862737 -0
    outer loop
      vertex 9.40497 15.3475 0
      vertex 8.79518 15.7049 2
      vertex 9.40497 15.3475 2
    endloop
  endfacet
  facet normal 0.505653 0.862737 0
    outer loop
      vertex 8.79518 15.7049 2
      vertex 9.40497 15.3475 0
      vertex 8.79518 15.7049 0
    endloop
  endfacet
  facet normal -0.290314 0.956932 0
    outer loop
      vertex -4.88593 17.3242 0
      vertex -5.56231 17.119 2
      vertex -4.88593 17.3242 2
    endloop
  endfacet
  facet normal -0.290314 0.956932 0
    outer loop
      vertex -5.56231 17.119 2
      vertex -4.88593 17.3242 0
      vertex -5.56231 17.119 0
    endloop
  endfacet
  facet normal -0.47141 0.881914 0
    outer loop
      vertex -8.17183 16.0381 0
      vertex -8.79518 15.7049 2
      vertex -8.17183 16.0381 2
    endloop
  endfacet
  facet normal -0.47141 0.881914 0
    outer loop
      vertex -8.79518 15.7049 2
      vertex -8.17183 16.0381 0
      vertex -8.79518 15.7049 0
    endloop
  endfacet
  facet normal -0.603525 0.797344 0
    outer loop
      vertex -10.5801 14.5623 0
      vertex -11.1437 14.1357 2
      vertex -10.5801 14.5623 2
    endloop
  endfacet
  facet normal -0.603525 0.797344 0
    outer loop
      vertex -11.1437 14.1357 2
      vertex -10.5801 14.5623 0
      vertex -11.1437 14.1357 0
    endloop
  endfacet
  facet normal -0.944794 0.327664 0
    outer loop
      vertex -17.119 5.56231 0
      vertex -16.8874 6.23011 2
      vertex -16.8874 6.23011 0
    endloop
  endfacet
  facet normal -0.944794 0.327664 0
    outer loop
      vertex -16.8874 6.23011 2
      vertex -17.119 5.56231 0
      vertex -17.119 5.56231 2
    endloop
  endfacet
  facet normal -0.998266 0.058856 0
    outer loop
      vertex -17.9861 0.706676 0
      vertex -17.9445 1.41226 2
      vertex -17.9445 1.41226 0
    endloop
  endfacet
  facet normal -0.998266 0.058856 0
    outer loop
      vertex -17.9445 1.41226 2
      vertex -17.9861 0.706676 0
      vertex -17.9861 0.706676 2
    endloop
  endfacet
  facet normal -0.862737 0.505653 0
    outer loop
      vertex -15.7049 8.79518 0
      vertex -15.3475 9.40497 2
      vertex -15.3475 9.40497 0
    endloop
  endfacet
  facet normal -0.862737 0.505653 0
    outer loop
      vertex -15.3475 9.40497 2
      vertex -15.7049 8.79518 0
      vertex -15.7049 8.79518 2
    endloop
  endfacet
  facet normal -0.773024 0.634377 0
    outer loop
      vertex -14.1357 11.1437 0
      vertex -13.6873 11.6901 2
      vertex -13.6873 11.6901 0
    endloop
  endfacet
  facet normal -0.773024 0.634377 0
    outer loop
      vertex -13.6873 11.6901 2
      vertex -14.1357 11.1437 0
      vertex -14.1357 11.1437 2
    endloop
  endfacet
  facet normal 0.976788 0.214206 0
    outer loop
      vertex 17.6541 3.51163 2
      vertex 17.5027 4.20202 0
      vertex 17.5027 4.20202 2
    endloop
  endfacet
  facet normal 0.976788 0.214206 0
    outer loop
      vertex 17.5027 4.20202 0
      vertex 17.6541 3.51163 2
      vertex 17.6541 3.51163 0
    endloop
  endfacet
  facet normal 0.820334 0.571885 0
    outer loop
      vertex 14.9665 10.0003 2
      vertex 14.5623 10.5801 0
      vertex 14.5623 10.5801 2
    endloop
  endfacet
  facet normal 0.820334 0.571885 0
    outer loop
      vertex 14.5623 10.5801 0
      vertex 14.9665 10.0003 2
      vertex 14.9665 10.0003 0
    endloop
  endfacet
  facet normal 0.773024 0.634377 0
    outer loop
      vertex 14.1357 11.1437 2
      vertex 13.6873 11.6901 0
      vertex 13.6873 11.6901 2
    endloop
  endfacet
  facet normal 0.773024 0.634377 0
    outer loop
      vertex 13.6873 11.6901 0
      vertex 14.1357 11.1437 2
      vertex 14.1357 11.1437 0
    endloop
  endfacet
  facet normal 0 -1 0
    outer loop
      vertex 0.378815 -7.91475 0
      vertex 0.419769 -7.91475 2
      vertex 0.378815 -7.91475 2
    endloop
  endfacet
  facet normal 0 -1 -0
    outer loop
      vertex 0.419769 -7.91475 2
      vertex 0.378815 -7.91475 0
      vertex 0.419769 -7.91475 0
    endloop
  endfacet
  facet normal -0.707176 -0.707038 0
    outer loop
      vertex 0.501663 -7.99666 0
      vertex 0.419769 -7.91475 2
      vertex 0.419769 -7.91475 0
    endloop
  endfacet
  facet normal -0.707176 -0.707038 0
    outer loop
      vertex 0.419769 -7.91475 2
      vertex 0.501663 -7.99666 0
      vertex 0.501663 -7.99666 2
    endloop
  endfacet
  facet normal -1 0 0
    outer loop
      vertex 0.501663 -8.01707 0
      vertex 0.501663 -7.99666 2
      vertex 0.501663 -7.99666 0
    endloop
  endfacet
  facet normal -1 -0 0
    outer loop
      vertex 0.501663 -7.99666 2
      vertex 0.501663 -8.01707 0
      vertex 0.501663 -8.01707 2
    endloop
  endfacet
  facet normal -0.707486 -0.706728 0
    outer loop
      vertex 0.522171 -8.0376 0
      vertex 0.501663 -8.01707 2
      vertex 0.501663 -8.01707 0
    endloop
  endfacet
  facet normal -0.707486 -0.706728 0
    outer loop
      vertex 0.501663 -8.01707 2
      vertex 0.522171 -8.0376 0
      vertex 0.522171 -8.0376 2
    endloop
  endfacet
  facet normal -1 0 0
    outer loop
      vertex 0.522171 -8.05801 0
      vertex 0.522171 -8.0376 2
      vertex 0.522171 -8.0376 0
    endloop
  endfacet
  facet normal -1 -0 0
    outer loop
      vertex 0.522171 -8.0376 2
      vertex 0.522171 -8.05801 0
      vertex 0.522171 -8.05801 2
    endloop
  endfacet
  facet normal -0.708796 -0.705413 0
    outer loop
      vertex 0.542603 -8.07854 0
      vertex 0.522171 -8.05801 2
      vertex 0.522171 -8.05801 0
    endloop
  endfacet
  facet normal -0.708796 -0.705413 0
    outer loop
      vertex 0.522171 -8.05801 2
      vertex 0.542603 -8.07854 0
      vertex 0.542603 -8.07854 2
    endloop
  endfacet
  facet normal -1 0 0
    outer loop
      vertex 0.542603 -8.79526 0
      vertex 0.542603 -8.07854 2
      vertex 0.542603 -8.07854 0
    endloop
  endfacet
  facet normal -1 -0 0
    outer loop
      vertex 0.542603 -8.07854 2
      vertex 0.542603 -8.79526 0
      vertex 0.542603 -8.79526 2
    endloop
  endfacet
  facet normal -0.708625 0.705586 0
    outer loop
      vertex 0.522171 -8.81578 0
      vertex 0.542603 -8.79526 2
      vertex 0.542603 -8.79526 0
    endloop
  endfacet
  facet normal -0.708625 0.705586 0
    outer loop
      vertex 0.542603 -8.79526 2
      vertex 0.522171 -8.81578 0
      vertex 0.522171 -8.81578 2
    endloop
  endfacet
  facet normal -1 0 0
    outer loop
      vertex 0.522171 -8.85674 0
      vertex 0.522171 -8.81578 2
      vertex 0.522171 -8.81578 0
    endloop
  endfacet
  facet normal -1 -0 0
    outer loop
      vertex 0.522171 -8.81578 2
      vertex 0.522171 -8.85674 0
      vertex 0.522171 -8.85674 2
    endloop
  endfacet
  facet normal -0.705238 0.708971 0
    outer loop
      vertex 0.522171 -8.85674 0
      vertex 0.501663 -8.87714 2
      vertex 0.522171 -8.85674 2
    endloop
  endfacet
  facet normal -0.705238 0.708971 0
    outer loop
      vertex 0.501663 -8.87714 2
      vertex 0.522171 -8.85674 0
      vertex 0.501663 -8.87714 0
    endloop
  endfacet
  facet normal -1 0 0
    outer loop
      vertex 0.501663 -8.89767 0
      vertex 0.501663 -8.87714 2
      vertex 0.501663 -8.87714 0
    endloop
  endfacet
  facet normal -1 -0 0
    outer loop
      vertex 0.501663 -8.87714 2
      vertex 0.501663 -8.89767 0
      vertex 0.501663 -8.89767 2
    endloop
  endfacet
  facet normal -0.706433 0.70778 0
    outer loop
      vertex 0.501663 -8.89767 0
      vertex 0.440186 -8.95903 2
      vertex 0.501663 -8.89767 2
    endloop
  endfacet
  facet normal -0.706433 0.70778 0
    outer loop
      vertex 0.440186 -8.95903 2
      vertex 0.501663 -8.89767 0
      vertex 0.440186 -8.95903 0
    endloop
  endfacet
  facet normal 0 1 -0
    outer loop
      vertex 0.440186 -8.95903 0
      vertex 0.419769 -8.95903 2
      vertex 0.440186 -8.95903 2
    endloop
  endfacet
  facet normal 0 1 0
    outer loop
      vertex 0.419769 -8.95903 2
      vertex 0.440186 -8.95903 0
      vertex 0.419769 -8.95903 0
    endloop
  endfacet
  facet normal -0.707141 0.707072 0
    outer loop
      vertex 0.399231 -8.97957 0
      vertex 0.419769 -8.95903 2
      vertex 0.419769 -8.95903 0
    endloop
  endfacet
  facet normal -0.707141 0.707072 0
    outer loop
      vertex 0.419769 -8.95903 2
      vertex 0.399231 -8.97957 0
      vertex 0.399231 -8.97957 2
    endloop
  endfacet
  facet normal 0 1 -0
    outer loop
      vertex 0.399231 -8.97957 0
      vertex 0.358292 -8.97957 2
      vertex 0.399231 -8.97957 2
    endloop
  endfacet
  facet normal 0 1 0
    outer loop
      vertex 0.358292 -8.97957 2
      vertex 0.399231 -8.97957 0
      vertex 0.358292 -8.97957 0
    endloop
  endfacet
  facet normal -0.707332 0.706882 0
    outer loop
      vertex 0.337875 -9 0
      vertex 0.358292 -8.97957 2
      vertex 0.358292 -8.97957 0
    endloop
  endfacet
  facet normal -0.707332 0.706882 0
    outer loop
      vertex 0.358292 -8.97957 2
      vertex 0.337875 -9 0
      vertex 0.337875 -9 2
    endloop
  endfacet
  facet normal 0 1 -0
    outer loop
      vertex 0.337875 -9 0
      vertex -0.296921 -9 2
      vertex 0.337875 -9 2
    endloop
  endfacet
  facet normal 0 1 0
    outer loop
      vertex -0.296921 -9 2
      vertex 0.337875 -9 0
      vertex -0.296921 -9 0
    endloop
  endfacet
  facet normal 0.705499 0.708711 -0
    outer loop
      vertex -0.296921 -9 0
      vertex -0.317444 -8.97957 2
      vertex -0.296921 -9 2
    endloop
  endfacet
  facet normal 0.705499 0.708711 0
    outer loop
      vertex -0.317444 -8.97957 2
      vertex -0.296921 -9 0
      vertex -0.317444 -8.97957 0
    endloop
  endfacet
  facet normal 0 1 -0
    outer loop
      vertex -0.317444 -8.97957 0
      vertex -0.378815 -8.97957 2
      vertex -0.317444 -8.97957 2
    endloop
  endfacet
  facet normal 0 1 0
    outer loop
      vertex -0.378815 -8.97957 2
      vertex -0.317444 -8.97957 0
      vertex -0.378815 -8.97957 0
    endloop
  endfacet
  facet normal 0.707152 0.707062 0
    outer loop
      vertex -0.378815 -8.97957 2
      vertex -0.481232 -8.87714 0
      vertex -0.481232 -8.87714 2
    endloop
  endfacet
  facet normal 0.707152 0.707062 0
    outer loop
      vertex -0.481232 -8.87714 0
      vertex -0.378815 -8.97957 2
      vertex -0.378815 -8.97957 0
    endloop
  endfacet
  facet normal 1 -0 0
    outer loop
      vertex -0.481232 -8.87714 2
      vertex -0.481232 -8.85674 0
      vertex -0.481232 -8.85674 2
    endloop
  endfacet
  facet normal 1 0 0
    outer loop
      vertex -0.481232 -8.85674 0
      vertex -0.481232 -8.87714 2
      vertex -0.481232 -8.87714 0
    endloop
  endfacet
  facet normal 0.707399 0.706814 0
    outer loop
      vertex -0.481232 -8.85674 2
      vertex -0.501755 -8.8362 0
      vertex -0.501755 -8.8362 2
    endloop
  endfacet
  facet normal 0.707399 0.706814 0
    outer loop
      vertex -0.501755 -8.8362 0
      vertex -0.481232 -8.85674 2
      vertex -0.481232 -8.85674 0
    endloop
  endfacet
  facet normal 1 -0 0
    outer loop
      vertex -0.501755 -8.8362 2
      vertex -0.501755 -8.05801 0
      vertex -0.501755 -8.05801 2
    endloop
  endfacet
  facet normal 1 0 0
    outer loop
      vertex -0.501755 -8.05801 0
      vertex -0.501755 -8.8362 2
      vertex -0.501755 -8.8362 0
    endloop
  endfacet
  facet normal 0.705152 -0.709056 0
    outer loop
      vertex -0.501755 -8.05801 0
      vertex -0.481232 -8.0376 2
      vertex -0.501755 -8.05801 2
    endloop
  endfacet
  facet normal 0.705152 -0.709056 0
    outer loop
      vertex -0.481232 -8.0376 2
      vertex -0.501755 -8.05801 0
      vertex -0.481232 -8.0376 0
    endloop
  endfacet
  facet normal 1 -0 0
    outer loop
      vertex -0.481232 -8.0376 2
      vertex -0.481232 -8.01707 0
      vertex -0.481232 -8.01707 2
    endloop
  endfacet
  facet normal 1 0 0
    outer loop
      vertex -0.481232 -8.01707 0
      vertex -0.481232 -8.0376 2
      vertex -0.481232 -8.0376 0
    endloop
  endfacet
  facet normal 0.706986 -0.707228 0
    outer loop
      vertex -0.481232 -8.01707 2
      vertex -0.460815 -7.99666 0
      vertex -0.460815 -7.99666 2
    endloop
  endfacet
  facet normal 0.706986 -0.707228 0
    outer loop
      vertex -0.460815 -7.99666 0
      vertex -0.481232 -8.01707 2
      vertex -0.481232 -8.01707 0
    endloop
  endfacet
  facet normal 1 -0 0
    outer loop
      vertex -0.460815 -7.99666 2
      vertex -0.460815 -7.97612 0
      vertex -0.460815 -7.97612 2
    endloop
  endfacet
  facet normal 1 0 0
    outer loop
      vertex -0.460815 -7.97612 0
      vertex -0.460815 -7.99666 2
      vertex -0.460815 -7.99666 0
    endloop
  endfacet
  facet normal 0.706192 -0.70802 0
    outer loop
      vertex -0.460815 -7.97612 0
      vertex -0.419769 -7.93518 2
      vertex -0.460815 -7.97612 2
    endloop
  endfacet
  facet normal 0.706192 -0.70802 0
    outer loop
      vertex -0.419769 -7.93518 2
      vertex -0.460815 -7.97612 0
      vertex -0.419769 -7.93518 0
    endloop
  endfacet
  facet normal 0 -1 0
    outer loop
      vertex -0.419769 -7.93518 0
      vertex -0.399338 -7.93518 2
      vertex -0.419769 -7.93518 2
    endloop
  endfacet
  facet normal 0 -1 -0
    outer loop
      vertex -0.399338 -7.93518 2
      vertex -0.419769 -7.93518 0
      vertex -0.399338 -7.93518 0
    endloop
  endfacet
  facet normal 0.705499 -0.708711 0
    outer loop
      vertex -0.399338 -7.93518 0
      vertex -0.378815 -7.91475 2
      vertex -0.399338 -7.93518 2
    endloop
  endfacet
  facet normal 0.705499 -0.708711 0
    outer loop
      vertex -0.378815 -7.91475 2
      vertex -0.399338 -7.93518 0
      vertex -0.378815 -7.91475 0
    endloop
  endfacet
  facet normal 0 -1 0
    outer loop
      vertex -0.378815 -7.91475 0
      vertex -0.358383 -7.91475 2
      vertex -0.378815 -7.91475 2
    endloop
  endfacet
  facet normal 0 -1 -0
    outer loop
      vertex -0.358383 -7.91475 2
      vertex -0.378815 -7.91475 0
      vertex -0.358383 -7.91475 0
    endloop
  endfacet
  facet normal 0.707314 -0.7069 0
    outer loop
      vertex -0.358383 -7.91475 2
      vertex -0.337875 -7.89423 0
      vertex -0.337875 -7.89423 2
    endloop
  endfacet
  facet normal 0.707314 -0.7069 0
    outer loop
      vertex -0.337875 -7.89423 0
      vertex -0.358383 -7.91475 2
      vertex -0.358383 -7.91475 0
    endloop
  endfacet
  facet normal 0 -1 0
    outer loop
      vertex -0.337875 -7.89423 0
      vertex 0.358292 -7.89423 2
      vertex -0.337875 -7.89423 2
    endloop
  endfacet
  facet normal 0 -1 -0
    outer loop
      vertex 0.358292 -7.89423 2
      vertex -0.337875 -7.89423 0
      vertex 0.358292 -7.89423 0
    endloop
  endfacet
  facet normal -0.707055 -0.707158 0
    outer loop
      vertex 0.378815 -7.91475 0
      vertex 0.358292 -7.89423 2
      vertex 0.358292 -7.89423 0
    endloop
  endfacet
  facet normal -0.707055 -0.707158 0
    outer loop
      vertex 0.358292 -7.89423 2
      vertex 0.378815 -7.91475 0
      vertex 0.378815 -7.91475 2
    endloop
  endfacet
  facet normal -0.209531 -0.977802 0
    outer loop
      vertex 1.03407 8.95903 0
      vertex 2.75423 8.59042 2
      vertex 1.03407 8.95903 2
    endloop
  endfacet
  facet normal -0.209531 -0.977802 -0
    outer loop
      vertex 2.75423 8.59042 2
      vertex 1.03407 8.95903 0
      vertex 2.75423 8.59042 0
    endloop
  endfacet
  facet normal -0.393926 -0.919142 0
    outer loop
      vertex 2.75423 8.59042 0
      vertex 4.33102 7.91464 2
      vertex 2.75423 8.59042 2
    endloop
  endfacet
  facet normal -0.393926 -0.919142 -0
    outer loop
      vertex 4.33102 7.91464 2
      vertex 2.75423 8.59042 0
      vertex 4.33102 7.91464 0
    endloop
  endfacet
  facet normal -0.562636 -0.826704 0
    outer loop
      vertex 4.33102 7.91464 0
      vertex 5.8054 6.91121 2
      vertex 4.33102 7.91464 2
    endloop
  endfacet
  facet normal -0.562636 -0.826704 -0
    outer loop
      vertex 5.8054 6.91121 2
      vertex 4.33102 7.91464 0
      vertex 5.8054 6.91121 0
    endloop
  endfacet
  facet normal -0.707073 -0.707141 0
    outer loop
      vertex 5.8054 6.91121 0
      vertex 6.95221 5.76451 2
      vertex 5.8054 6.91121 2
    endloop
  endfacet
  facet normal -0.707073 -0.707141 -0
    outer loop
      vertex 6.95221 5.76451 2
      vertex 5.8054 6.91121 0
      vertex 6.95221 5.76451 0
    endloop
  endfacet
  facet normal -0.830294 -0.557326 0
    outer loop
      vertex 7.95566 4.26959 0
      vertex 6.95221 5.76451 2
      vertex 6.95221 5.76451 0
    endloop
  endfacet
  facet normal -0.830294 -0.557326 0
    outer loop
      vertex 6.95221 5.76451 2
      vertex 7.95566 4.26959 0
      vertex 7.95566 4.26959 2
    endloop
  endfacet
  facet normal -0.920973 -0.389626 0
    outer loop
      vertex 8.63142 2.67227 0
      vertex 7.95566 4.26959 2
      vertex 7.95566 4.26959 0
    endloop
  endfacet
  facet normal -0.920973 -0.389626 0
    outer loop
      vertex 7.95566 4.26959 2
      vertex 8.63142 2.67227 0
      vertex 8.63142 2.67227 2
    endloop
  endfacet
  facet normal -0.979664 -0.200644 0
    outer loop
      vertex 8.97952 0.972641 0
      vertex 8.63142 2.67227 2
      vertex 8.63142 2.67227 0
    endloop
  endfacet
  facet normal -0.979664 -0.200644 0
    outer loop
      vertex 8.63142 2.67227 2
      vertex 8.97952 0.972641 0
      vertex 8.97952 0.972641 2
    endloop
  endfacet
  facet normal -1 0 0
    outer loop
      vertex 8.97952 -0.993164 0
      vertex 8.97952 0.972641 2
      vertex 8.97952 0.972641 0
    endloop
  endfacet
  facet normal -1 -0 0
    outer loop
      vertex 8.97952 0.972641 2
      vertex 8.97952 -0.993164 0
      vertex 8.97952 -0.993164 2
    endloop
  endfacet
  facet normal -0.979182 0.202984 0
    outer loop
      vertex 8.63142 -2.67238 0
      vertex 8.97952 -0.993164 2
      vertex 8.97952 -0.993164 0
    endloop
  endfacet
  facet normal -0.979182 0.202984 0
    outer loop
      vertex 8.97952 -0.993164 2
      vertex 8.63142 -2.67238 0
      vertex 8.63142 -2.67238 2
    endloop
  endfacet
  facet normal -0.924926 0.380148 0
    outer loop
      vertex 8.01701 -4.16728 0
      vertex 8.63142 -2.67238 2
      vertex 8.63142 -2.67238 0
    endloop
  endfacet
  facet normal -0.924926 0.380148 0
    outer loop
      vertex 8.63142 -2.67238 2
      vertex 8.01701 -4.16728 0
      vertex 8.01701 -4.16728 2
    endloop
  endfacet
  facet normal -0.841591 0.540115 0
    outer loop
      vertex 7.13651 -5.53925 0
      vertex 8.01701 -4.16728 2
      vertex 8.01701 -4.16728 0
    endloop
  endfacet
  facet normal -0.841591 0.540115 0
    outer loop
      vertex 8.01701 -4.16728 2
      vertex 7.13651 -5.53925 0
      vertex 7.13651 -5.53925 2
    endloop
  endfacet
  facet normal -0.730678 0.682722 0
    outer loop
      vertex 5.96928 -6.78847 0
      vertex 7.13651 -5.53925 2
      vertex 7.13651 -5.53925 0
    endloop
  endfacet
  facet normal -0.730678 0.682722 0
    outer loop
      vertex 7.13651 -5.53925 2
      vertex 5.96928 -6.78847 0
      vertex 5.96928 -6.78847 2
    endloop
  endfacet
  facet normal -0.563317 0.826241 0
    outer loop
      vertex 5.96928 -6.78847 0
      vertex 4.16724 -8.01707 2
      vertex 5.96928 -6.78847 2
    endloop
  endfacet
  facet normal -0.563317 0.826241 0
    outer loop
      vertex 4.16724 -8.01707 2
      vertex 5.96928 -6.78847 0
      vertex 4.16724 -8.01707 0
    endloop
  endfacet
  facet normal -0.371404 0.928471 0
    outer loop
      vertex 4.16724 -8.01707 0
      vertex 2.52896 -8.67241 2
      vertex 4.16724 -8.01707 2
    endloop
  endfacet
  facet normal -0.371404 0.928471 0
    outer loop
      vertex 2.52896 -8.67241 2
      vertex 4.16724 -8.01707 0
      vertex 2.52896 -8.67241 0
    endloop
  endfacet
  facet normal 0.270778 0.962642 -0
    outer loop
      vertex 2.52896 -8.67241 0
      vertex 1.87372 -8.4881 2
      vertex 2.52896 -8.67241 2
    endloop
  endfacet
  facet normal 0.270778 0.962642 0
    outer loop
      vertex 1.87372 -8.4881 2
      vertex 2.52896 -8.67241 0
      vertex 1.87372 -8.4881 0
    endloop
  endfacet
  facet normal 1 -0 0
    outer loop
      vertex 1.87372 -8.4881 2
      vertex 1.87372 -7.79181 0
      vertex 1.87372 -7.79181 2
    endloop
  endfacet
  facet normal 1 0 0
    outer loop
      vertex 1.87372 -7.79181 0
      vertex 1.87372 -8.4881 2
      vertex 1.87372 -8.4881 0
    endloop
  endfacet
  facet normal 0.412513 -0.910952 0
    outer loop
      vertex 1.87372 -7.79181 0
      vertex 4.04428 -6.8089 2
      vertex 1.87372 -7.79181 2
    endloop
  endfacet
  facet normal 0.412513 -0.910952 0
    outer loop
      vertex 4.04428 -6.8089 2
      vertex 1.87372 -7.79181 0
      vertex 4.04428 -6.8089 0
    endloop
  endfacet
  facet normal 0.635998 -0.77169 0
    outer loop
      vertex 4.04428 -6.8089 0
      vertex 5.90782 -5.27304 2
      vertex 4.04428 -6.8089 2
    endloop
  endfacet
  facet normal 0.635998 -0.77169 0
    outer loop
      vertex 5.90782 -5.27304 2
      vertex 4.04428 -6.8089 0
      vertex 5.90782 -5.27304 0
    endloop
  endfacet
  facet normal 0.839561 -0.543266 0
    outer loop
      vertex 5.90782 -5.27304 2
      vertex 7.25937 -3.18436 0
      vertex 7.25937 -3.18436 2
    endloop
  endfacet
  facet normal 0.839561 -0.543266 0
    outer loop
      vertex 7.25937 -3.18436 0
      vertex 5.90782 -5.27304 2
      vertex 5.90782 -5.27304 0
    endloop
  endfacet
  facet normal 0.965371 -0.26088 0
    outer loop
      vertex 7.25937 -3.18436 2
      vertex 7.87364 -0.911285 0
      vertex 7.87364 -0.911285 2
    endloop
  endfacet
  facet normal 0.965371 -0.26088 0
    outer loop
      vertex 7.87364 -0.911285 0
      vertex 7.25937 -3.18436 2
      vertex 7.25937 -3.18436 0
    endloop
  endfacet
  facet normal 0.999636 0.02698 0
    outer loop
      vertex 7.87364 -0.911285 2
      vertex 7.81229 1.36179 0
      vertex 7.81229 1.36179 2
    endloop
  endfacet
  facet normal 0.999636 0.02698 0
    outer loop
      vertex 7.81229 1.36179 0
      vertex 7.87364 -0.911285 2
      vertex 7.87364 -0.911285 0
    endloop
  endfacet
  facet normal 0.958129 0.286338 0
    outer loop
      vertex 7.81229 1.36179 2
      vertex 7.27988 3.14331 0
      vertex 7.27988 3.14331 2
    endloop
  endfacet
  facet normal 0.958129 0.286338 0
    outer loop
      vertex 7.27988 3.14331 0
      vertex 7.81229 1.36179 2
      vertex 7.81229 1.36179 0
    endloop
  endfacet
  facet normal 0.855722 0.517436 0
    outer loop
      vertex 7.27988 3.14331 2
      vertex 6.21497 4.90443 0
      vertex 6.21497 4.90443 2
    endloop
  endfacet
  facet normal 0.855722 0.517436 0
    outer loop
      vertex 6.21497 4.90443 0
      vertex 7.27988 3.14331 2
      vertex 7.27988 3.14331 0
    endloop
  endfacet
  facet normal 0.688749 0.725 -0
    outer loop
      vertex 6.21497 4.90443 0
      vertex 4.5768 6.46069 2
      vertex 6.21497 4.90443 2
    endloop
  endfacet
  facet normal 0.688749 0.725 0
    outer loop
      vertex 4.5768 6.46069 2
      vertex 6.21497 4.90443 0
      vertex 4.5768 6.46069 0
    endloop
  endfacet
  facet normal 0.471647 0.881787 -0
    outer loop
      vertex 4.5768 6.46069 0
      vertex 2.8157 7.40266 2
      vertex 4.5768 6.46069 2
    endloop
  endfacet
  facet normal 0.471647 0.881787 0
    outer loop
      vertex 2.8157 7.40266 2
      vertex 4.5768 6.46069 0
      vertex 2.8157 7.40266 0
    endloop
  endfacet
  facet normal 0.242538 0.970142 -0
    outer loop
      vertex 2.8157 7.40266 0
      vertex 1.01364 7.85318 2
      vertex 2.8157 7.40266 2
    endloop
  endfacet
  facet normal 0.242538 0.970142 0
    outer loop
      vertex 1.01364 7.85318 2
      vertex 2.8157 7.40266 0
      vertex 1.01364 7.85318 0
    endloop
  endfacet
  facet normal -0.00959246 0.999954 0
    outer loop
      vertex 1.01364 7.85318 0
      vertex -1.11606 7.83275 2
      vertex 1.01364 7.85318 2
    endloop
  endfacet
  facet normal -0.00959246 0.999954 0
    outer loop
      vertex -1.11606 7.83275 2
      vertex 1.01364 7.85318 0
      vertex -1.11606 7.83275 0
    endloop
  endfacet
  facet normal -0.274708 0.961528 0
    outer loop
      vertex -1.11606 7.83275 0
      vertex -3.12285 7.25941 2
      vertex -1.11606 7.83275 2
    endloop
  endfacet
  facet normal -0.274708 0.961528 0
    outer loop
      vertex -3.12285 7.25941 2
      vertex -1.11606 7.83275 0
      vertex -3.12285 7.25941 0
    endloop
  endfacet
  facet normal -0.518738 0.854933 0
    outer loop
      vertex -3.12285 7.25941 0
      vertex -4.94542 6.15355 2
      vertex -3.12285 7.25941 2
    endloop
  endfacet
  facet normal -0.518738 0.854933 0
    outer loop
      vertex -4.94542 6.15355 2
      vertex -3.12285 7.25941 0
      vertex -4.94542 6.15355 0
    endloop
  endfacet
  facet normal -0.717577 0.69648 0
    outer loop
      vertex -6.29697 4.76106 0
      vertex -4.94542 6.15355 2
      vertex -4.94542 6.15355 0
    endloop
  endfacet
  facet normal -0.717577 0.69648 0
    outer loop
      vertex -4.94542 6.15355 2
      vertex -6.29697 4.76106 0
      vertex -6.29697 4.76106 2
    endloop
  endfacet
  facet normal -0.86886 0.495058 0
    outer loop
      vertex -7.30042 2.99994 0
      vertex -6.29697 4.76106 2
      vertex -6.29697 4.76106 0
    endloop
  endfacet
  facet normal -0.86886 0.495058 0
    outer loop
      vertex -6.29697 4.76106 2
      vertex -7.30042 2.99994 0
      vertex -7.30042 2.99994 2
    endloop
  endfacet
  facet normal -0.97829 0.207238 0
    outer loop
      vertex -7.81229 0.583603 0
      vertex -7.30042 2.99994 2
      vertex -7.30042 2.99994 0
    endloop
  endfacet
  facet normal -0.97829 0.207238 0
    outer loop
      vertex -7.30042 2.99994 2
      vertex -7.81229 0.583603 0
      vertex -7.81229 0.583603 2
    endloop
  endfacet
  facet normal 0.0293338 -0.99957 0
    outer loop
      vertex -7.81229 0.583603 0
      vertex -7.11609 0.604034 2
      vertex -7.81229 0.583603 2
    endloop
  endfacet
  facet normal 0.0293338 -0.99957 0
    outer loop
      vertex -7.11609 0.604034 2
      vertex -7.81229 0.583603 0
      vertex -7.11609 0.604034 0
    endloop
  endfacet
  facet normal 0.978304 -0.207174 0
    outer loop
      vertex -7.11609 0.604034 2
      vertex -6.74747 2.34471 0
      vertex -6.74747 2.34471 2
    endloop
  endfacet
  facet normal 0.978304 -0.207174 0
    outer loop
      vertex -6.74747 2.34471 0
      vertex -7.11609 0.604034 2
      vertex -7.11609 0.604034 0
    endloop
  endfacet
  facet normal 0.886399 -0.462921 0
    outer loop
      vertex -6.74747 2.34471 2
      vertex -5.78497 4.1877 0
      vertex -5.78497 4.1877 2
    endloop
  endfacet
  facet normal 0.886399 -0.462921 0
    outer loop
      vertex -5.78497 4.1877 0
      vertex -6.74747 2.34471 2
      vertex -6.74747 2.34471 0
    endloop
  endfacet
  facet normal 0.729182 -0.68432 0
    outer loop
      vertex -5.78497 4.1877 2
      vertex -4.53584 5.51872 0
      vertex -4.53584 5.51872 2
    endloop
  endfacet
  facet normal 0.729182 -0.68432 0
    outer loop
      vertex -4.53584 5.51872 0
      vertex -5.78497 4.1877 2
      vertex -5.78497 4.1877 0
    endloop
  endfacet
  facet normal 0.521888 -0.853014 0
    outer loop
      vertex -4.53584 5.51872 0
      vertex -2.79527 6.58363 2
      vertex -4.53584 5.51872 2
    endloop
  endfacet
  facet normal 0.521888 -0.853014 0
    outer loop
      vertex -2.79527 6.58363 2
      vertex -4.53584 5.51872 0
      vertex -2.79527 6.58363 0
    endloop
  endfacet
  facet normal 0.268798 -0.963197 0
    outer loop
      vertex -2.79527 6.58363 0
      vertex -1.03416 7.0751 2
      vertex -2.79527 6.58363 2
    endloop
  endfacet
  facet normal 0.268798 -0.963197 0
    outer loop
      vertex -1.03416 7.0751 2
      vertex -2.79527 6.58363 0
      vertex -1.03416 7.0751 0
    endloop
  endfacet
  facet normal 0.0229733 -0.999736 0
    outer loop
      vertex -1.03416 7.0751 0
      vertex 0.747437 7.11604 2
      vertex -1.03416 7.0751 2
    endloop
  endfacet
  facet normal 0.0229733 -0.999736 0
    outer loop
      vertex 0.747437 7.11604 2
      vertex -1.03416 7.0751 0
      vertex 0.747437 7.11604 0
    endloop
  endfacet
  facet normal -0.212941 -0.977065 0
    outer loop
      vertex 0.747437 7.11604 0
      vertex 2.34467 6.76794 2
      vertex 0.747437 7.11604 2
    endloop
  endfacet
  facet normal -0.212941 -0.977065 -0
    outer loop
      vertex 2.34467 6.76794 2
      vertex 0.747437 7.11604 0
      vertex 2.34467 6.76794 0
    endloop
  endfacet
  facet normal -0.447209 -0.894429 0
    outer loop
      vertex 2.34467 6.76794 0
      vertex 3.98293 5.94882 2
      vertex 2.34467 6.76794 2
    endloop
  endfacet
  facet normal -0.447209 -0.894429 -0
    outer loop
      vertex 3.98293 5.94882 2
      vertex 2.34467 6.76794 0
      vertex 3.98293 5.94882 0
    endloop
  endfacet
  facet normal -0.66305 -0.748575 0
    outer loop
      vertex 3.98293 5.94882 0
      vertex 5.41635 4.67917 2
      vertex 3.98293 5.94882 2
    endloop
  endfacet
  facet normal -0.66305 -0.748575 -0
    outer loop
      vertex 5.41635 4.67917 2
      vertex 3.98293 5.94882 0
      vertex 5.41635 4.67917 0
    endloop
  endfacet
  facet normal -0.836782 -0.547536 0
    outer loop
      vertex 6.50169 3.02048 0
      vertex 5.41635 4.67917 2
      vertex 5.41635 4.67917 0
    endloop
  endfacet
  facet normal -0.836782 -0.547536 0
    outer loop
      vertex 5.41635 4.67917 2
      vertex 6.50169 3.02048 0
      vertex 6.50169 3.02048 2
    endloop
  endfacet
  facet normal -0.951038 -0.309073 0
    outer loop
      vertex 7.0341 1.38222 0
      vertex 6.50169 3.02048 2
      vertex 6.50169 3.02048 0
    endloop
  endfacet
  facet normal -0.951038 -0.309073 0
    outer loop
      vertex 6.50169 3.02048 2
      vertex 7.0341 1.38222 0
      vertex 7.0341 1.38222 2
    endloop
  endfacet
  facet normal -0.998727 -0.0504511 0
    outer loop
      vertex 7.13651 -0.645081 0
      vertex 7.0341 1.38222 2
      vertex 7.0341 1.38222 0
    endloop
  endfacet
  facet normal -0.998727 -0.0504511 0
    outer loop
      vertex 7.0341 1.38222 2
      vertex 7.13651 -0.645081 0
      vertex 7.13651 -0.645081 2
    endloop
  endfacet
  facet normal -0.976964 0.213404 0
    outer loop
      vertex 6.74736 -2.42661 0
      vertex 7.13651 -0.645081 2
      vertex 7.13651 -0.645081 0
    endloop
  endfacet
  facet normal -0.976964 0.213404 0
    outer loop
      vertex 7.13651 -0.645081 2
      vertex 6.74736 -2.42661 0
      vertex 6.74736 -2.42661 2
    endloop
  endfacet
  facet normal -0.892105 0.451829 0
    outer loop
      vertex 5.94876 -4.00339 0
      vertex 6.74736 -2.42661 2
      vertex 6.74736 -2.42661 0
    endloop
  endfacet
  facet normal -0.892105 0.451829 0
    outer loop
      vertex 6.74736 -2.42661 2
      vertex 5.94876 -4.00339 0
      vertex 5.94876 -4.00339 2
    endloop
  endfacet
  facet normal -0.749827 0.661634 0
    outer loop
      vertex 4.72006 -5.39587 0
      vertex 5.94876 -4.00339 2
      vertex 5.94876 -4.00339 0
    endloop
  endfacet
  facet normal -0.749827 0.661634 0
    outer loop
      vertex 5.94876 -4.00339 2
      vertex 4.72006 -5.39587 0
      vertex 4.72006 -5.39587 2
    endloop
  endfacet
  facet normal -0.541278 0.840844 0
    outer loop
      vertex 4.72006 -5.39587 0
      vertex 2.93854 -6.54269 2
      vertex 4.72006 -5.39587 2
    endloop
  endfacet
  facet normal -0.541278 0.840844 0
    outer loop
      vertex 2.93854 -6.54269 2
      vertex 4.72006 -5.39587 0
      vertex 2.93854 -6.54269 0
    endloop
  endfacet
  facet normal -0.286335 0.958129 0
    outer loop
      vertex 2.93854 -6.54269 0
      vertex 1.157 -7.0751 2
      vertex 2.93854 -6.54269 2
    endloop
  endfacet
  facet normal -0.286335 0.958129 0
    outer loop
      vertex 1.157 -7.0751 2
      vertex 2.93854 -6.54269 0
      vertex 1.157 -7.0751 0
    endloop
  endfacet
  facet normal -0.0676294 0.997711 0
    outer loop
      vertex 1.157 -7.0751 0
      vertex -0.051239 -7.157 2
      vertex 1.157 -7.0751 2
    endloop
  endfacet
  facet normal -0.0676294 0.997711 0
    outer loop
      vertex -0.051239 -7.157 2
      vertex 1.157 -7.0751 0
      vertex -0.051239 -7.157 0
    endloop
  endfacet
  facet normal 0.467972 0.883744 -0
    outer loop
      vertex -0.051239 -7.157 0
      vertex -0.399338 -6.97267 2
      vertex -0.051239 -7.157 2
    endloop
  endfacet
  facet normal 0.467972 0.883744 0
    outer loop
      vertex -0.399338 -6.97267 2
      vertex -0.051239 -7.157 0
      vertex -0.399338 -6.97267 0
    endloop
  endfacet
  facet normal 0.999592 0.0285679 0
    outer loop
      vertex -0.399338 -6.97267 2
      vertex -0.501755 -3.3891 0
      vertex -0.501755 -3.3891 2
    endloop
  endfacet
  facet normal 0.999592 0.0285679 0
    outer loop
      vertex -0.501755 -3.3891 0
      vertex -0.399338 -6.97267 2
      vertex -0.399338 -6.97267 0
    endloop
  endfacet
  facet normal 0.371395 0.928475 -0
    outer loop
      vertex -0.501755 -3.3891 0
      vertex -1.62804 -2.93858 2
      vertex -0.501755 -3.3891 2
    endloop
  endfacet
  facet normal 0.371395 0.928475 0
    outer loop
      vertex -1.62804 -2.93858 2
      vertex -0.501755 -3.3891 0
      vertex -1.62804 -2.93858 0
    endloop
  endfacet
  facet normal 0.633255 0.773943 -0
    outer loop
      vertex -1.62804 -2.93858 0
      vertex -2.52907 -2.20134 2
      vertex -1.62804 -2.93858 2
    endloop
  endfacet
  facet normal 0.633255 0.773943 0
    outer loop
      vertex -2.52907 -2.20134 2
      vertex -1.62804 -2.93858 0
      vertex -2.52907 -2.20134 0
    endloop
  endfacet
  facet normal 0.846907 0.531742 0
    outer loop
      vertex -2.52907 -2.20134 2
      vertex -3.08191 -1.32083 0
      vertex -3.08191 -1.32083 2
    endloop
  endfacet
  facet normal 0.846907 0.531742 0
    outer loop
      vertex -3.08191 -1.32083 0
      vertex -2.52907 -2.20134 2
      vertex -2.52907 -2.20134 0
    endloop
  endfacet
  facet normal 0.979368 0.202083 0
    outer loop
      vertex -3.08191 -1.32083 2
      vertex -3.3481 -0.030777 0
      vertex -3.3481 -0.030777 2
    endloop
  endfacet
  facet normal 0.979368 0.202083 0
    outer loop
      vertex -3.3481 -0.030777 0
      vertex -3.08191 -1.32083 2
      vertex -3.08191 -1.32083 0
    endloop
  endfacet
  facet normal 0.970155 -0.242484 0
    outer loop
      vertex -3.3481 -0.030777 2
      vertex -2.93863 1.60747 0
      vertex -2.93863 1.60747 2
    endloop
  endfacet
  facet normal 0.970155 -0.242484 0
    outer loop
      vertex -2.93863 1.60747 0
      vertex -3.3481 -0.030777 2
      vertex -3.3481 -0.030777 0
    endloop
  endfacet
  facet normal 0.712639 -0.701531 0
    outer loop
      vertex -2.93863 1.60747 2
      vertex -1.64847 2.91806 0
      vertex -1.64847 2.91806 2
    endloop
  endfacet
  facet normal 0.712639 -0.701531 0
    outer loop
      vertex -1.64847 2.91806 0
      vertex -2.93863 1.60747 2
      vertex -2.93863 1.60747 0
    endloop
  endfacet
  facet normal 0.367633 -0.929971 0
    outer loop
      vertex -1.64847 2.91806 0
      vertex -0.76796 3.26614 2
      vertex -1.64847 2.91806 2
    endloop
  endfacet
  facet normal 0.367633 -0.929971 0
    outer loop
      vertex -0.76796 3.26614 2
      vertex -1.64847 2.91806 0
      vertex -0.76796 3.26614 0
    endloop
  endfacet
  facet normal 0.0752493 -0.997165 0
    outer loop
      vertex -0.76796 3.26614 0
      vertex 0.317337 3.34804 2
      vertex -0.76796 3.26614 2
    endloop
  endfacet
  facet normal 0.0752493 -0.997165 0
    outer loop
      vertex 0.317337 3.34804 2
      vertex -0.76796 3.26614 0
      vertex 0.317337 3.34804 0
    endloop
  endfacet
  facet normal -0.307815 -0.951446 0
    outer loop
      vertex 0.317337 3.34804 0
      vertex 1.70982 2.89754 2
      vertex 0.317337 3.34804 2
    endloop
  endfacet
  facet normal -0.307815 -0.951446 -0
    outer loop
      vertex 1.70982 2.89754 2
      vertex 0.317337 3.34804 0
      vertex 1.70982 2.89754 0
    endloop
  endfacet
  facet normal -0.728192 -0.685373 0
    outer loop
      vertex 3.02043 1.50505 0
      vertex 1.70982 2.89754 2
      vertex 1.70982 2.89754 0
    endloop
  endfacet
  facet normal -0.728192 -0.685373 0
    outer loop
      vertex 1.70982 2.89754 2
      vertex 3.02043 1.50505 0
      vertex 3.02043 1.50505 2
    endloop
  endfacet
  facet normal -0.96213 -0.272591 0
    outer loop
      vertex 3.36852 0.276443 0
      vertex 3.02043 1.50505 2
      vertex 3.02043 1.50505 0
    endloop
  endfacet
  facet normal -0.96213 -0.272591 0
    outer loop
      vertex 3.02043 1.50505 2
      vertex 3.36852 0.276443 0
      vertex 3.36852 0.276443 2
    endloop
  endfacet
  facet normal -0.944524 0.328443 0
    outer loop
      vertex 3.20474 -0.19455 0
      vertex 3.36852 0.276443 2
      vertex 3.36852 0.276443 0
    endloop
  endfacet
  facet normal -0.944524 0.328443 0
    outer loop
      vertex 3.36852 0.276443 2
      vertex 3.20474 -0.19455 0
      vertex 3.20474 -0.19455 2
    endloop
  endfacet
  facet normal 0.107441 0.994211 -0
    outer loop
      vertex 3.20474 -0.19455 0
      vertex 2.44707 -0.112671 2
      vertex 3.20474 -0.19455 2
    endloop
  endfacet
  facet normal 0.107441 0.994211 0
    outer loop
      vertex 2.44707 -0.112671 2
      vertex 3.20474 -0.19455 0
      vertex 2.44707 -0.112671 0
    endloop
  endfacet
  facet normal 0.956472 0.291824 0
    outer loop
      vertex 2.44707 -0.112671 2
      vertex 2.07846 1.09547 0
      vertex 2.07846 1.09547 2
    endloop
  endfacet
  facet normal 0.956472 0.291824 0
    outer loop
      vertex 2.07846 1.09547 0
      vertex 2.44707 -0.112671 2
      vertex 2.44707 -0.112671 0
    endloop
  endfacet
  facet normal 0.742425 0.669929 0
    outer loop
      vertex 2.07846 1.09547 2
      vertex 1.32079 1.93513 0
      vertex 1.32079 1.93513 2
    endloop
  endfacet
  facet normal 0.742425 0.669929 0
    outer loop
      vertex 1.32079 1.93513 0
      vertex 2.07846 1.09547 2
      vertex 2.07846 1.09547 0
    endloop
  endfacet
  facet normal 0.242521 0.970146 -0
    outer loop
      vertex 1.32079 1.93513 0
      vertex -0.23555 2.32419 2
      vertex 1.32079 1.93513 2
    endloop
  endfacet
  facet normal 0.242521 0.970146 0
    outer loop
      vertex -0.23555 2.32419 2
      vertex 1.32079 1.93513 0
      vertex -0.23555 2.32419 0
    endloop
  endfacet
  facet normal -0.316237 0.94868 0
    outer loop
      vertex -0.23555 2.32419 0
      vertex -1.157 2.01703 2
      vertex -0.23555 2.32419 2
    endloop
  endfacet
  facet normal -0.316237 0.94868 0
    outer loop
      vertex -1.157 2.01703 2
      vertex -0.23555 2.32419 0
      vertex -1.157 2.01703 0
    endloop
  endfacet
  facet normal -0.675707 0.737171 0
    outer loop
      vertex -1.157 2.01703 0
      vertex -1.89424 1.34126 2
      vertex -1.157 2.01703 2
    endloop
  endfacet
  facet normal -0.675707 0.737171 0
    outer loop
      vertex -1.89424 1.34126 2
      vertex -1.157 2.01703 0
      vertex -1.89424 1.34126 0
    endloop
  endfacet
  facet normal -0.921271 0.388921 0
    outer loop
      vertex -2.28328 0.419708 0
      vertex -1.89424 1.34126 2
      vertex -1.89424 1.34126 0
    endloop
  endfacet
  facet normal -0.921271 0.388921 0
    outer loop
      vertex -1.89424 1.34126 2
      vertex -2.28328 0.419708 0
      vertex -2.28328 0.419708 2
    endloop
  endfacet
  facet normal -0.997548 -0.0699794 0
    outer loop
      vertex -2.2014 -0.747482 0
      vertex -2.28328 0.419708 2
      vertex -2.28328 0.419708 0
    endloop
  endfacet
  facet normal -0.997548 -0.0699794 0
    outer loop
      vertex -2.28328 0.419708 2
      vertex -2.2014 -0.747482 0
      vertex -2.2014 -0.747482 2
    endloop
  endfacet
  facet normal -0.779604 -0.626272 0
    outer loop
      vertex -1.19795 -1.99661 0
      vertex -2.2014 -0.747482 2
      vertex -2.2014 -0.747482 0
    endloop
  endfacet
  facet normal -0.779604 -0.626272 0
    outer loop
      vertex -2.2014 -0.747482 2
      vertex -1.19795 -1.99661 0
      vertex -1.19795 -1.99661 2
    endloop
  endfacet
  facet normal -0.288431 -0.957501 0
    outer loop
      vertex -1.19795 -1.99661 0
      vertex 0.501663 -2.50859 2
      vertex -1.19795 -1.99661 2
    endloop
  endfacet
  facet normal -0.288431 -0.957501 -0
    outer loop
      vertex 0.501663 -2.50859 2
      vertex -1.19795 -1.99661 0
      vertex 0.501663 -2.50859 0
    endloop
  endfacet
  facet normal -0.999844 -0.0176574 0
    outer loop
      vertex 0.563141 -5.98976 0
      vertex 0.501663 -2.50859 2
      vertex 0.501663 -2.50859 0
    endloop
  endfacet
  facet normal -0.999844 -0.0176574 0
    outer loop
      vertex 0.501663 -2.50859 2
      vertex 0.563141 -5.98976 0
      vertex 0.563141 -5.98976 2
    endloop
  endfacet
  facet normal 0.193623 -0.981076 0
    outer loop
      vertex 0.563141 -5.98976 0
      vertex 2.1194 -5.68262 2
      vertex 0.563141 -5.98976 2
    endloop
  endfacet
  facet normal 0.193623 -0.981076 0
    outer loop
      vertex 2.1194 -5.68262 2
      vertex 0.563141 -5.98976 0
      vertex 2.1194 -5.68262 0
    endloop
  endfacet
  facet normal 0.505715 -0.862701 0
    outer loop
      vertex 2.1194 -5.68262 0
      vertex 3.90103 -4.63823 2
      vertex 2.1194 -5.68262 2
    endloop
  endfacet
  facet normal 0.505715 -0.862701 0
    outer loop
      vertex 3.90103 -4.63823 2
      vertex 2.1194 -5.68262 0
      vertex 3.90103 -4.63823 0
    endloop
  endfacet
  facet normal 0.727812 -0.685777 0
    outer loop
      vertex 3.90103 -4.63823 2
      vertex 4.90437 -3.57339 0
      vertex 4.90437 -3.57339 2
    endloop
  endfacet
  facet normal 0.727812 -0.685777 0
    outer loop
      vertex 4.90437 -3.57339 0
      vertex 3.90103 -4.63823 2
      vertex 3.90103 -4.63823 0
    endloop
  endfacet
  facet normal 0.874784 -0.484513 0
    outer loop
      vertex 4.90437 -3.57339 2
      vertex 5.64162 -2.24229 0
      vertex 5.64162 -2.24229 2
    endloop
  endfacet
  facet normal 0.874784 -0.484513 0
    outer loop
      vertex 5.64162 -2.24229 0
      vertex 4.90437 -3.57339 2
      vertex 4.90437 -3.57339 0
    endloop
  endfacet
  facet normal 0.970148 -0.242514 0
    outer loop
      vertex 5.64162 -2.24229 2
      vertex 6.03065 -0.68602 0
      vertex 6.03065 -0.68602 2
    endloop
  endfacet
  facet normal 0.970148 -0.242514 0
    outer loop
      vertex 6.03065 -0.68602 0
      vertex 5.64162 -2.24229 2
      vertex 5.64162 -2.24229 0
    endloop
  endfacet
  facet normal 1 -0 0
    outer loop
      vertex 6.03065 -0.68602 2
      vertex 6.03065 0.68602 0
      vertex 6.03065 0.68602 2
    endloop
  endfacet
  facet normal 1 0 0
    outer loop
      vertex 6.03065 0.68602 0
      vertex 6.03065 -0.68602 2
      vertex 6.03065 -0.68602 0
    endloop
  endfacet
  facet normal 0.973429 0.22899 0
    outer loop
      vertex 6.03065 0.68602 2
      vertex 5.70308 2.07851 0
      vertex 5.70308 2.07851 2
    endloop
  endfacet
  facet normal 0.973429 0.22899 0
    outer loop
      vertex 5.70308 2.07851 0
      vertex 6.03065 0.68602 2
      vertex 6.03065 0.68602 0
    endloop
  endfacet
  facet normal 0.894394 0.447281 0
    outer loop
      vertex 5.70308 2.07851 2
      vertex 5.08867 3.3071 0
      vertex 5.08867 3.3071 2
    endloop
  endfacet
  facet normal 0.894394 0.447281 0
    outer loop
      vertex 5.08867 3.3071 0
      vertex 5.70308 2.07851 2
      vertex 5.70308 2.07851 0
    endloop
  endfacet
  facet normal 0.755708 0.654908 0
    outer loop
      vertex 5.08867 3.3071 2
      vertex 4.02386 4.5358 0
      vertex 4.02386 4.5358 2
    endloop
  endfacet
  facet normal 0.755708 0.654908 0
    outer loop
      vertex 4.02386 4.5358 0
      vertex 5.08867 3.3071 2
      vertex 5.08867 3.3071 0
    endloop
  endfacet
  facet normal 0.575485 0.817813 -0
    outer loop
      vertex 4.02386 4.5358 0
      vertex 2.918 5.31398 2
      vertex 4.02386 4.5358 2
    endloop
  endfacet
  facet normal 0.575485 0.817813 0
    outer loop
      vertex 2.918 5.31398 2
      vertex 4.02386 4.5358 0
      vertex 2.918 5.31398 0
    endloop
  endfacet
  facet normal 0.369062 0.929405 -0
    outer loop
      vertex 2.918 5.31398 0
      vertex 1.52551 5.86693 2
      vertex 2.918 5.31398 2
    endloop
  endfacet
  facet normal 0.369062 0.929405 0
    outer loop
      vertex 1.52551 5.86693 2
      vertex 2.918 5.31398 0
      vertex 1.52551 5.86693 0
    endloop
  endfacet
  facet normal 0.137078 0.99056 -0
    outer loop
      vertex 1.52551 5.86693 0
      vertex 0.194504 6.05112 2
      vertex 1.52551 5.86693 2
    endloop
  endfacet
  facet normal 0.137078 0.99056 0
    outer loop
      vertex 0.194504 6.05112 2
      vertex 1.52551 5.86693 0
      vertex 0.194504 6.05112 0
    endloop
  endfacet
  facet normal -0.0853857 0.996348 0
    outer loop
      vertex 0.194504 6.05112 0
      vertex -1.23889 5.92828 2
      vertex 0.194504 6.05112 2
    endloop
  endfacet
  facet normal -0.0853857 0.996348 0
    outer loop
      vertex -1.23889 5.92828 2
      vertex 0.194504 6.05112 0
      vertex -1.23889 5.92828 0
    endloop
  endfacet
  facet normal -0.328498 0.944505 0
    outer loop
      vertex -1.23889 5.92828 0
      vertex -2.65192 5.43683 2
      vertex -1.23889 5.92828 2
    endloop
  endfacet
  facet normal -0.328498 0.944505 0
    outer loop
      vertex -2.65192 5.43683 2
      vertex -1.23889 5.92828 0
      vertex -2.65192 5.43683 0
    endloop
  endfacet
  facet normal -0.568004 0.823026 0
    outer loop
      vertex -2.65192 5.43683 0
      vertex -4.10587 4.4334 2
      vertex -2.65192 5.43683 2
    endloop
  endfacet
  facet normal -0.568004 0.823026 0
    outer loop
      vertex -4.10587 4.4334 2
      vertex -2.65192 5.43683 0
      vertex -4.10587 4.4334 0
    endloop
  endfacet
  facet normal -0.781963 0.623325 0
    outer loop
      vertex -5.23215 3.02048 0
      vertex -4.10587 4.4334 2
      vertex -4.10587 4.4334 0
    endloop
  endfacet
  facet normal -0.781963 0.623325 0
    outer loop
      vertex -4.10587 4.4334 2
      vertex -5.23215 3.02048 0
      vertex -5.23215 3.02048 2
    endloop
  endfacet
  facet normal -0.926753 0.375672 0
    outer loop
      vertex -5.84645 1.50505 0
      vertex -5.23215 3.02048 2
      vertex -5.23215 3.02048 0
    endloop
  endfacet
  facet normal -0.926753 0.375672 0
    outer loop
      vertex -5.23215 3.02048 2
      vertex -5.84645 1.50505 0
      vertex -5.84645 1.50505 2
    endloop
  endfacet
  facet normal -0.987764 0.155958 0
    outer loop
      vertex -6.15359 -0.440231 0
      vertex -5.84645 1.50505 2
      vertex -5.84645 1.50505 0
    endloop
  endfacet
  facet normal -0.987764 0.155958 0
    outer loop
      vertex -5.84645 1.50505 2
      vertex -6.15359 -0.440231 0
      vertex -6.15359 -0.440231 2
    endloop
  endfacet
  facet normal -0.051251 0.998686 0
    outer loop
      vertex -6.15359 -0.440231 0
      vertex -8.54953 -0.563187 2
      vertex -6.15359 -0.440231 2
    endloop
  endfacet
  facet normal -0.051251 0.998686 0
    outer loop
      vertex -8.54953 -0.563187 2
      vertex -6.15359 -0.440231 0
      vertex -8.54953 -0.563187 0
    endloop
  endfacet
  facet normal 0.650867 0.759192 -0
    outer loop
      vertex -8.54953 -0.563187 0
      vertex -8.97952 -0.19455 2
      vertex -8.54953 -0.563187 2
    endloop
  endfacet
  facet normal 0.650867 0.759192 0
    outer loop
      vertex -8.97952 -0.19455 2
      vertex -8.54953 -0.563187 0
      vertex -8.97952 -0.19455 0
    endloop
  endfacet
  facet normal 0.990085 -0.14047 0
    outer loop
      vertex -8.97952 -0.19455 2
      vertex -8.54953 2.83617 0
      vertex -8.54953 2.83617 2
    endloop
  endfacet
  facet normal 0.990085 -0.14047 0
    outer loop
      vertex -8.54953 2.83617 0
      vertex -8.97952 -0.19455 2
      vertex -8.97952 -0.19455 0
    endloop
  endfacet
  facet normal 0.883285 -0.468837 0
    outer loop
      vertex -8.54953 2.83617 2
      vertex -7.13651 5.49829 0
      vertex -7.13651 5.49829 2
    endloop
  endfacet
  facet normal 0.883285 -0.468837 0
    outer loop
      vertex -7.13651 5.49829 0
      vertex -8.54953 2.83617 2
      vertex -8.54953 2.83617 0
    endloop
  endfacet
  facet normal 0.685373 -0.728193 0
    outer loop
      vertex -7.13651 5.49829 0
      vertex -5.04784 7.46414 2
      vertex -7.13651 5.49829 2
    endloop
  endfacet
  facet normal 0.685373 -0.728193 0
    outer loop
      vertex -5.04784 7.46414 2
      vertex -7.13651 5.49829 0
      vertex -5.04784 7.46414 0
    endloop
  endfacet
  facet normal 0.424059 -0.905635 0
    outer loop
      vertex -5.04784 7.46414 0
      vertex -2.46761 8.67232 2
      vertex -5.04784 7.46414 2
    endloop
  endfacet
  facet normal 0.424059 -0.905635 0
    outer loop
      vertex -2.46761 8.67232 2
      vertex -5.04784 7.46414 0
      vertex -2.46761 8.67232 0
    endloop
  endfacet
  facet normal 0.167818 -0.985818 0
    outer loop
      vertex -2.46761 8.67232 0
      vertex -0.542709 9 2
      vertex -2.46761 8.67232 2
    endloop
  endfacet
  facet normal 0.167818 -0.985818 0
    outer loop
      vertex -0.542709 9 2
      vertex -2.46761 8.67232 0
      vertex -0.542709 9 0
    endloop
  endfacet
  facet normal -0.0259746 -0.999663 0
    outer loop
      vertex -0.542709 9 0
      vertex 1.03407 8.95903 2
      vertex -0.542709 9 2
    endloop
  endfacet
  facet normal -0.0259746 -0.999663 -0
    outer loop
      vertex 1.03407 8.95903 2
      vertex -0.542709 9 0
      vertex 1.03407 8.95903 0
    endloop
  endfacet
  facet normal 0.707107 0.707107 0
    outer loop
      vertex 11.2208 -11.6804 4.5
      vertex 10.5182 -10.9778 2
      vertex 10.5182 -10.9778 4.5
    endloop
  endfacet
  facet normal 0.707107 0.707107 0
    outer loop
      vertex 10.5182 -10.9778 2
      vertex 11.2208 -11.6804 4.5
      vertex 11.2208 -11.6804 2
    endloop
  endfacet
  facet normal 0.707107 -0.707107 0
    outer loop
      vertex 10.5182 -10.9778 4.5
      vertex 10.9778 -10.5182 2
      vertex 10.9778 -10.5182 4.5
    endloop
  endfacet
  facet normal 0.707107 -0.707107 0
    outer loop
      vertex 10.9778 -10.5182 2
      vertex 10.5182 -10.9778 4.5
      vertex 10.5182 -10.9778 2
    endloop
  endfacet
  facet normal -0.707107 -0.707107 0
    outer loop
      vertex 11.6804 -11.2208 2
      vertex 10.9778 -10.5182 4.5
      vertex 10.9778 -10.5182 2
    endloop
  endfacet
  facet normal -0.707107 -0.707107 0
    outer loop
      vertex 10.9778 -10.5182 4.5
      vertex 11.6804 -11.2208 2
      vertex 11.6804 -11.2208 4.5
    endloop
  endfacet
  facet normal -0.707107 -0.707107 0
    outer loop
      vertex -10.5182 -10.9778 2
      vertex -10.9778 -10.5182 4.5
      vertex -10.9778 -10.5182 2
    endloop
  endfacet
  facet normal -0.707107 -0.707107 0
    outer loop
      vertex -10.9778 -10.5182 4.5
      vertex -10.5182 -10.9778 2
      vertex -10.5182 -10.9778 4.5
    endloop
  endfacet
  facet normal -0.707107 0.707107 0
    outer loop
      vertex -11.2208 -11.6804 2
      vertex -10.5182 -10.9778 4.5
      vertex -10.5182 -10.9778 2
    endloop
  endfacet
  facet normal -0.707107 0.707107 0
    outer loop
      vertex -10.5182 -10.9778 4.5
      vertex -11.2208 -11.6804 2
      vertex -11.2208 -11.6804 4.5
    endloop
  endfacet
  facet normal 0.707107 -0.707107 0
    outer loop
      vertex -11.6804 -11.2208 4.5
      vertex -10.9778 -10.5182 2
      vertex -10.9778 -10.5182 4.5
    endloop
  endfacet
  facet normal 0.707107 -0.707107 0
    outer loop
      vertex -10.9778 -10.5182 2
      vertex -11.6804 -11.2208 4.5
      vertex -11.6804 -11.2208 2
    endloop
  endfacet
  facet normal -0.707107 0.707107 0
    outer loop
      vertex -10.9778 10.5182 2
      vertex -10.5182 10.9778 4.5
      vertex -10.5182 10.9778 2
    endloop
  endfacet
  facet normal -0.707107 0.707107 0
    outer loop
      vertex -10.5182 10.9778 4.5
      vertex -10.9778 10.5182 2
      vertex -10.9778 10.5182 4.5
    endloop
  endfacet
  facet normal 0.707107 0.707107 0
    outer loop
      vertex -10.9778 10.5182 4.5
      vertex -11.6804 11.2208 2
      vertex -11.6804 11.2208 4.5
    endloop
  endfacet
  facet normal 0.707107 0.707107 0
    outer loop
      vertex -11.6804 11.2208 2
      vertex -10.9778 10.5182 4.5
      vertex -10.9778 10.5182 2
    endloop
  endfacet
  facet normal -0.707107 -0.707107 0
    outer loop
      vertex -10.5182 10.9778 2
      vertex -11.2208 11.6804 4.5
      vertex -11.2208 11.6804 2
    endloop
  endfacet
  facet normal -0.707107 -0.707107 0
    outer loop
      vertex -11.2208 11.6804 4.5
      vertex -10.5182 10.9778 2
      vertex -10.5182 10.9778 4.5
    endloop
  endfacet
  facet normal 0.707107 0.707107 0
    outer loop
      vertex 10.9778 10.5182 4.5
      vertex 10.5182 10.9778 2
      vertex 10.5182 10.9778 4.5
    endloop
  endfacet
  facet normal 0.707107 0.707107 0
    outer loop
      vertex 10.5182 10.9778 2
      vertex 10.9778 10.5182 4.5
      vertex 10.9778 10.5182 2
    endloop
  endfacet
  facet normal 0.707107 -0.707107 0
    outer loop
      vertex 10.5182 10.9778 4.5
      vertex 11.2208 11.6804 2
      vertex 11.2208 11.6804 4.5
    endloop
  endfacet
  facet normal 0.707107 -0.707107 0
    outer loop
      vertex 11.2208 11.6804 2
      vertex 10.5182 10.9778 4.5
      vertex 10.5182 10.9778 2
    endloop
  endfacet
  facet normal -0.707107 0.707107 0
    outer loop
      vertex 10.9778 10.5182 2
      vertex 11.6804 11.2208 4.5
      vertex 11.6804 11.2208 2
    endloop
  endfacet
  facet normal -0.707107 0.707107 0
    outer loop
      vertex 11.6804 11.2208 4.5
      vertex 10.9778 10.5182 2
      vertex 10.9778 10.5182 4.5
    endloop
  endfacet
  facet normal 0.693147 -0.720796 0
    outer loop
      vertex 10.9966 -11.896 2
      vertex 11.2208 -11.6804 4.5
      vertex 10.9966 -11.896 4.5
    endloop
  endfacet
  facet normal 0.693147 -0.720796 0
    outer loop
      vertex 11.2208 -11.6804 4.5
      vertex 10.9966 -11.896 2
      vertex 11.2208 -11.6804 2
    endloop
  endfacet
  facet normal -0.36454 -0.931188 0
    outer loop
      vertex -6.19947 -14.9668 2
      vertex -5.6071 -15.1987 4.5
      vertex -6.19947 -14.9668 4.5
    endloop
  endfacet
  facet normal -0.36454 -0.931188 -0
    outer loop
      vertex -5.6071 -15.1987 4.5
      vertex -6.19947 -14.9668 2
      vertex -5.6071 -15.1987 2
    endloop
  endfacet
  facet normal -0.916206 -0.400708 0
    outer loop
      vertex -14.7119 -6.78229 2
      vertex -14.9668 -6.19947 4.5
      vertex -14.9668 -6.19947 2
    endloop
  endfacet
  facet normal -0.916206 -0.400708 0
    outer loop
      vertex -14.9668 -6.19947 4.5
      vertex -14.7119 -6.78229 2
      vertex -14.7119 -6.78229 4.5
    endloop
  endfacet
  facet normal 0.53918 0.84219 -0
    outer loop
      vertex 9.00024 13.4698 2
      vertex 8.46448 13.8128 4.5
      vertex 9.00024 13.4698 4.5
    endloop
  endfacet
  facet normal 0.53918 0.84219 0
    outer loop
      vertex 8.46448 13.8128 4.5
      vertex 9.00024 13.4698 2
      vertex 8.46448 13.8128 2
    endloop
  endfacet
  facet normal 0.956921 -0.290348 0
    outer loop
      vertex 15.4071 -5.00607 4.5
      vertex 15.5918 -4.39734 2
      vertex 15.5918 -4.39734 4.5
    endloop
  endfacet
  facet normal 0.956921 -0.290348 0
    outer loop
      vertex 15.5918 -4.39734 2
      vertex 15.4071 -5.00607 4.5
      vertex 15.4071 -5.00607 2
    endloop
  endfacet
  facet normal 0.916206 -0.400708 0
    outer loop
      vertex 14.7119 -6.78229 4.5
      vertex 14.9668 -6.19947 2
      vertex 14.9668 -6.19947 4.5
    endloop
  endfacet
  facet normal 0.916206 -0.400708 0
    outer loop
      vertex 14.9668 -6.19947 2
      vertex 14.7119 -6.78229 4.5
      vertex 14.7119 -6.78229 2
    endloop
  endfacet
  facet normal 0.400708 -0.916206 0
    outer loop
      vertex 6.19947 -14.9668 2
      vertex 6.78229 -14.7119 4.5
      vertex 6.19947 -14.9668 4.5
    endloop
  endfacet
  facet normal 0.400708 -0.916206 0
    outer loop
      vertex 6.78229 -14.7119 4.5
      vertex 6.19947 -14.9668 2
      vertex 6.78229 -14.7119 2
    endloop
  endfacet
  facet normal -0.720796 -0.693147 0
    outer loop
      vertex -11.6804 -11.2208 2
      vertex -11.896 -10.9966 4.5
      vertex -11.896 -10.9966 2
    endloop
  endfacet
  facet normal -0.720796 -0.693147 0
    outer loop
      vertex -11.896 -10.9966 4.5
      vertex -11.6804 -11.2208 2
      vertex -11.6804 -11.2208 4.5
    endloop
  endfacet
  facet normal -0.175753 -0.984434 0
    outer loop
      vertex -3.16046 -15.8887 2
      vertex -2.53424 -16.0005 4.5
      vertex -3.16046 -15.8887 4.5
    endloop
  endfacet
  facet normal -0.175753 -0.984434 -0
    outer loop
      vertex -2.53424 -16.0005 4.5
      vertex -3.16046 -15.8887 2
      vertex -2.53424 -16.0005 2
    endloop
  endfacet
  facet normal 0.720796 0.693147 0
    outer loop
      vertex 11.896 10.9966 4.5
      vertex 11.6804 11.2208 2
      vertex 11.6804 11.2208 4.5
    endloop
  endfacet
  facet normal 0.720796 0.693147 0
    outer loop
      vertex 11.6804 11.2208 2
      vertex 11.896 10.9966 4.5
      vertex 11.896 10.9966 2
    endloop
  endfacet
  facet normal -0.693147 0.720796 0
    outer loop
      vertex -10.9966 11.896 2
      vertex -11.2208 11.6804 4.5
      vertex -10.9966 11.896 4.5
    endloop
  endfacet
  facet normal -0.693147 0.720796 0
    outer loop
      vertex -11.2208 11.6804 4.5
      vertex -10.9966 11.896 2
      vertex -11.2208 11.6804 2
    endloop
  endfacet
  facet normal 0.984434 -0.175753 0
    outer loop
      vertex 15.8887 -3.16046 4.5
      vertex 16.0005 -2.53424 2
      vertex 16.0005 -2.53424 4.5
    endloop
  endfacet
  facet normal 0.984434 -0.175753 0
    outer loop
      vertex 16.0005 -2.53424 2
      vertex 15.8887 -3.16046 4.5
      vertex 15.8887 -3.16046 2
    endloop
  endfacet
  facet normal 0.84219 -0.53918 0
    outer loop
      vertex 13.4698 -9.00024 4.5
      vertex 13.8128 -8.46448 2
      vertex 13.8128 -8.46448 4.5
    endloop
  endfacet
  facet normal 0.84219 -0.53918 0
    outer loop
      vertex 13.8128 -8.46448 2
      vertex 13.4698 -9.00024 4.5
      vertex 13.4698 -9.00024 2
    endloop
  endfacet
  facet normal 0.571756 -0.820424 0
    outer loop
      vertex 9.00024 -13.4698 2
      vertex 9.52212 -13.1061 4.5
      vertex 9.00024 -13.4698 4.5
    endloop
  endfacet
  facet normal 0.571756 -0.820424 0
    outer loop
      vertex 9.52212 -13.1061 4.5
      vertex 9.00024 -13.4698 2
      vertex 9.52212 -13.1061 2
    endloop
  endfacet
  facet normal 0.01965 -0.999807 0
    outer loop
      vertex 0 -16.2 2
      vertex 0.636008 -16.1875 4.5
      vertex 0 -16.2 4.5
    endloop
  endfacet
  facet normal 0.01965 -0.999807 0
    outer loop
      vertex 0.636008 -16.1875 4.5
      vertex 0 -16.2 2
      vertex 0.636008 -16.1875 2
    endloop
  endfacet
  facet normal 0.214266 -0.976775 0
    outer loop
      vertex 3.16046 -15.8887 2
      vertex 3.78181 -15.7524 4.5
      vertex 3.16046 -15.8887 4.5
    endloop
  endfacet
  facet normal 0.214266 -0.976775 0
    outer loop
      vertex 3.78181 -15.7524 4.5
      vertex 3.16046 -15.8887 2
      vertex 3.78181 -15.7524 2
    endloop
  endfacet
  facet normal -0.999807 -0.01965 0
    outer loop
      vertex -16.1875 -0.636008 2
      vertex -16.2 0 4.5
      vertex -16.2 0 2
    endloop
  endfacet
  facet normal -0.999807 -0.01965 0
    outer loop
      vertex -16.2 0 4.5
      vertex -16.1875 -0.636008 2
      vertex -16.1875 -0.636008 4.5
    endloop
  endfacet
  facet normal -0.976775 -0.214266 0
    outer loop
      vertex -15.7524 -3.78181 2
      vertex -15.8887 -3.16046 4.5
      vertex -15.8887 -3.16046 2
    endloop
  endfacet
  facet normal -0.976775 -0.214266 0
    outer loop
      vertex -15.8887 -3.16046 4.5
      vertex -15.7524 -3.78181 2
      vertex -15.7524 -3.78181 4.5
    endloop
  endfacet
  facet normal -0.820424 -0.571756 0
    outer loop
      vertex -13.1061 -9.52212 2
      vertex -13.4698 -9.00024 4.5
      vertex -13.4698 -9.00024 2
    endloop
  endfacet
  facet normal -0.820424 -0.571756 0
    outer loop
      vertex -13.4698 -9.00024 4.5
      vertex -13.1061 -9.52212 2
      vertex -13.1061 -9.52212 4.5
    endloop
  endfacet
  facet normal -0.0587928 -0.99827 0
    outer loop
      vertex -1.27104 -16.1501 2
      vertex -0.636008 -16.1875 4.5
      vertex -1.27104 -16.1501 4.5
    endloop
  endfacet
  facet normal -0.0587928 -0.99827 -0
    outer loop
      vertex -0.636008 -16.1875 4.5
      vertex -1.27104 -16.1501 2
      vertex -0.636008 -16.1875 2
    endloop
  endfacet
  facet normal -0.53918 -0.84219 0
    outer loop
      vertex -9.00024 -13.4698 2
      vertex -8.46448 -13.8128 4.5
      vertex -9.00024 -13.4698 4.5
    endloop
  endfacet
  facet normal -0.53918 -0.84219 -0
    outer loop
      vertex -8.46448 -13.8128 4.5
      vertex -9.00024 -13.4698 2
      vertex -8.46448 -13.8128 2
    endloop
  endfacet
  facet normal -0.436391 -0.899757 0
    outer loop
      vertex -7.35465 -14.4343 2
      vertex -6.78229 -14.7119 4.5
      vertex -7.35465 -14.4343 4.5
    endloop
  endfacet
  facet normal -0.436391 -0.899757 -0
    outer loop
      vertex -6.78229 -14.7119 4.5
      vertex -7.35465 -14.4343 2
      vertex -6.78229 -14.7119 2
    endloop
  endfacet
  facet normal 0.999807 -0.01965 0
    outer loop
      vertex 16.1875 -0.636008 4.5
      vertex 16.2 0 2
      vertex 16.2 0 4.5
    endloop
  endfacet
  facet normal 0.999807 -0.01965 0
    outer loop
      vertex 16.2 0 2
      vertex 16.1875 -0.636008 4.5
      vertex 16.1875 -0.636008 2
    endloop
  endfacet
  facet normal 0.976775 0.214266 0
    outer loop
      vertex 15.8887 3.16046 4.5
      vertex 15.7524 3.78181 2
      vertex 15.7524 3.78181 4.5
    endloop
  endfacet
  facet normal 0.976775 0.214266 0
    outer loop
      vertex 15.7524 3.78181 2
      vertex 15.8887 3.16046 4.5
      vertex 15.8887 3.16046 2
    endloop
  endfacet
  facet normal -0.01965 0.999807 0
    outer loop
      vertex 0 16.2 2
      vertex -0.636008 16.1875 4.5
      vertex 0 16.2 4.5
    endloop
  endfacet
  facet normal -0.01965 0.999807 0
    outer loop
      vertex -0.636008 16.1875 4.5
      vertex 0 16.2 2
      vertex -0.636008 16.1875 2
    endloop
  endfacet
  facet normal -0.214266 0.976775 0
    outer loop
      vertex -3.16046 15.8887 2
      vertex -3.78181 15.7524 4.5
      vertex -3.16046 15.8887 4.5
    endloop
  endfacet
  facet normal -0.214266 0.976775 0
    outer loop
      vertex -3.78181 15.7524 4.5
      vertex -3.16046 15.8887 2
      vertex -3.78181 15.7524 2
    endloop
  endfacet
  facet normal -0.400708 0.916206 0
    outer loop
      vertex -6.19947 14.9668 2
      vertex -6.78229 14.7119 4.5
      vertex -6.19947 14.9668 4.5
    endloop
  endfacet
  facet normal -0.400708 0.916206 0
    outer loop
      vertex -6.78229 14.7119 4.5
      vertex -6.19947 14.9668 2
      vertex -6.78229 14.7119 2
    endloop
  endfacet
  facet normal -0.931188 0.36454 0
    outer loop
      vertex -15.1987 5.6071 2
      vertex -14.9668 6.19947 4.5
      vertex -14.9668 6.19947 2
    endloop
  endfacet
  facet normal -0.931188 0.36454 0
    outer loop
      vertex -14.9668 6.19947 4.5
      vertex -15.1987 5.6071 2
      vertex -15.1987 5.6071 4.5
    endloop
  endfacet
  facet normal -0.99056 0.137078 0
    outer loop
      vertex -16.0877 1.90411 2
      vertex -16.0005 2.53424 4.5
      vertex -16.0005 2.53424 2
    endloop
  endfacet
  facet normal -0.99056 0.137078 0
    outer loop
      vertex -16.0005 2.53424 4.5
      vertex -16.0877 1.90411 2
      vertex -16.0877 1.90411 4.5
    endloop
  endfacet
  facet normal -0.862782 0.505577 0
    outer loop
      vertex -14.1344 7.91566 2
      vertex -13.8128 8.46448 4.5
      vertex -13.8128 8.46448 2
    endloop
  endfacet
  facet normal -0.862782 0.505577 0
    outer loop
      vertex -13.8128 8.46448 4.5
      vertex -14.1344 7.91566 2
      vertex -14.1344 7.91566 4.5
    endloop
  endfacet
  facet normal 0.995177 -0.0980919 0
    outer loop
      vertex 16.0877 -1.90411 4.5
      vertex 16.1501 -1.27104 2
      vertex 16.1501 -1.27104 4.5
    endloop
  endfacet
  facet normal 0.995177 -0.0980919 0
    outer loop
      vertex 16.1501 -1.27104 2
      vertex 16.0877 -1.90411 4.5
      vertex 16.0877 -1.90411 2
    endloop
  endfacet
  facet normal 0.99827 -0.0587928 0
    outer loop
      vertex 16.1501 -1.27104 4.5
      vertex 16.1875 -0.636008 2
      vertex 16.1875 -0.636008 4.5
    endloop
  endfacet
  facet normal 0.99827 -0.0587928 0
    outer loop
      vertex 16.1875 -0.636008 2
      vertex 16.1501 -1.27104 4.5
      vertex 16.1501 -1.27104 2
    endloop
  endfacet
  facet normal 0.99056 -0.137078 0
    outer loop
      vertex 16.0005 -2.53424 4.5
      vertex 16.0877 -1.90411 2
      vertex 16.0877 -1.90411 4.5
    endloop
  endfacet
  facet normal 0.99056 -0.137078 0
    outer loop
      vertex 16.0877 -1.90411 2
      vertex 16.0005 -2.53424 4.5
      vertex 16.0005 -2.53424 2
    endloop
  endfacet
  facet normal 0.931188 -0.36454 0
    outer loop
      vertex 14.9668 -6.19947 4.5
      vertex 15.1987 -5.6071 2
      vertex 15.1987 -5.6071 4.5
    endloop
  endfacet
  facet normal 0.931188 -0.36454 0
    outer loop
      vertex 15.1987 -5.6071 2
      vertex 14.9668 -6.19947 4.5
      vertex 14.9668 -6.19947 2
    endloop
  endfacet
  facet normal 0.944815 -0.327603 0
    outer loop
      vertex 15.1987 -5.6071 4.5
      vertex 15.4071 -5.00607 2
      vertex 15.4071 -5.00607 4.5
    endloop
  endfacet
  facet normal 0.944815 -0.327603 0
    outer loop
      vertex 15.4071 -5.00607 2
      vertex 15.1987 -5.6071 4.5
      vertex 15.1987 -5.6071 2
    endloop
  endfacet
  facet normal 0.967607 -0.252462 0
    outer loop
      vertex 15.5918 -4.39734 4.5
      vertex 15.7524 -3.78181 2
      vertex 15.7524 -3.78181 4.5
    endloop
  endfacet
  facet normal 0.967607 -0.252462 0
    outer loop
      vertex 15.7524 -3.78181 2
      vertex 15.5918 -4.39734 4.5
      vertex 15.5918 -4.39734 2
    endloop
  endfacet
  facet normal 0.899757 -0.436391 0
    outer loop
      vertex 14.4343 -7.35465 4.5
      vertex 14.7119 -6.78229 2
      vertex 14.7119 -6.78229 4.5
    endloop
  endfacet
  facet normal 0.899757 -0.436391 0
    outer loop
      vertex 14.7119 -6.78229 2
      vertex 14.4343 -7.35465 4.5
      vertex 14.4343 -7.35465 2
    endloop
  endfacet
  facet normal 0.881899 -0.471438 0
    outer loop
      vertex 14.1344 -7.91566 4.5
      vertex 14.4343 -7.35465 2
      vertex 14.4343 -7.35465 4.5
    endloop
  endfacet
  facet normal 0.881899 -0.471438 0
    outer loop
      vertex 14.4343 -7.35465 2
      vertex 14.1344 -7.91566 4.5
      vertex 14.1344 -7.91566 2
    endloop
  endfacet
  facet normal 0.797264 -0.603631 0
    outer loop
      vertex 12.7221 -10.0293 4.5
      vertex 13.1061 -9.52212 2
      vertex 13.1061 -9.52212 4.5
    endloop
  endfacet
  facet normal 0.797264 -0.603631 0
    outer loop
      vertex 13.1061 -9.52212 2
      vertex 12.7221 -10.0293 4.5
      vertex 12.7221 -10.0293 2
    endloop
  endfacet
  facet normal 0.773095 -0.63429 0
    outer loop
      vertex 12.3186 -10.5211 4.5
      vertex 12.7221 -10.0293 2
      vertex 12.7221 -10.0293 4.5
    endloop
  endfacet
  facet normal 0.773095 -0.63429 0
    outer loop
      vertex 12.7221 -10.0293 2
      vertex 12.3186 -10.5211 4.5
      vertex 12.3186 -10.5211 2
    endloop
  endfacet
  facet normal 0.820424 -0.571756 0
    outer loop
      vertex 13.1061 -9.52212 4.5
      vertex 13.4698 -9.00024 2
      vertex 13.4698 -9.00024 4.5
    endloop
  endfacet
  facet normal 0.820424 -0.571756 0
    outer loop
      vertex 13.4698 -9.00024 2
      vertex 13.1061 -9.52212 4.5
      vertex 13.1061 -9.52212 2
    endloop
  endfacet
  facet normal 0.63429 -0.773095 0
    outer loop
      vertex 10.0293 -12.7221 2
      vertex 10.5211 -12.3186 4.5
      vertex 10.0293 -12.7221 4.5
    endloop
  endfacet
  facet normal 0.63429 -0.773095 0
    outer loop
      vertex 10.5211 -12.3186 4.5
      vertex 10.0293 -12.7221 2
      vertex 10.5211 -12.3186 2
    endloop
  endfacet
  facet normal 0.0980919 -0.995177 0
    outer loop
      vertex 1.27104 -16.1501 2
      vertex 1.90411 -16.0877 4.5
      vertex 1.27104 -16.1501 4.5
    endloop
  endfacet
  facet normal 0.0980919 -0.995177 0
    outer loop
      vertex 1.90411 -16.0877 4.5
      vertex 1.27104 -16.1501 2
      vertex 1.90411 -16.0877 2
    endloop
  endfacet
  facet normal 0.603631 -0.797264 0
    outer loop
      vertex 9.52212 -13.1061 2
      vertex 10.0293 -12.7221 4.5
      vertex 9.52212 -13.1061 4.5
    endloop
  endfacet
  facet normal 0.603631 -0.797264 0
    outer loop
      vertex 10.0293 -12.7221 4.5
      vertex 9.52212 -13.1061 2
      vertex 10.0293 -12.7221 2
    endloop
  endfacet
  facet normal 0.471438 -0.881899 0
    outer loop
      vertex 7.35465 -14.4343 2
      vertex 7.91566 -14.1344 4.5
      vertex 7.35465 -14.4343 4.5
    endloop
  endfacet
  facet normal 0.471438 -0.881899 0
    outer loop
      vertex 7.91566 -14.1344 4.5
      vertex 7.35465 -14.4343 2
      vertex 7.91566 -14.1344 2
    endloop
  endfacet
  facet normal 0.436391 -0.899757 0
    outer loop
      vertex 6.78229 -14.7119 2
      vertex 7.35465 -14.4343 4.5
      vertex 6.78229 -14.7119 4.5
    endloop
  endfacet
  facet normal 0.436391 -0.899757 0
    outer loop
      vertex 7.35465 -14.4343 4.5
      vertex 6.78229 -14.7119 2
      vertex 7.35465 -14.4343 2
    endloop
  endfacet
  facet normal 0.505577 -0.862782 0
    outer loop
      vertex 7.91566 -14.1344 2
      vertex 8.46448 -13.8128 4.5
      vertex 7.91566 -14.1344 4.5
    endloop
  endfacet
  facet normal 0.505577 -0.862782 0
    outer loop
      vertex 8.46448 -13.8128 4.5
      vertex 7.91566 -14.1344 2
      vertex 8.46448 -13.8128 2
    endloop
  endfacet
  facet normal 0.327603 -0.944815 0
    outer loop
      vertex 5.00607 -15.4071 2
      vertex 5.6071 -15.1987 4.5
      vertex 5.00607 -15.4071 4.5
    endloop
  endfacet
  facet normal 0.327603 -0.944815 0
    outer loop
      vertex 5.6071 -15.1987 4.5
      vertex 5.00607 -15.4071 2
      vertex 5.6071 -15.1987 2
    endloop
  endfacet
  facet normal 0.36454 -0.931188 0
    outer loop
      vertex 5.6071 -15.1987 2
      vertex 6.19947 -14.9668 4.5
      vertex 5.6071 -15.1987 4.5
    endloop
  endfacet
  facet normal 0.36454 -0.931188 0
    outer loop
      vertex 6.19947 -14.9668 4.5
      vertex 5.6071 -15.1987 2
      vertex 6.19947 -14.9668 2
    endloop
  endfacet
  facet normal 0.137078 -0.99056 0
    outer loop
      vertex 1.90411 -16.0877 2
      vertex 2.53424 -16.0005 4.5
      vertex 1.90411 -16.0877 4.5
    endloop
  endfacet
  facet normal 0.137078 -0.99056 0
    outer loop
      vertex 2.53424 -16.0005 4.5
      vertex 1.90411 -16.0877 2
      vertex 2.53424 -16.0005 2
    endloop
  endfacet
  facet normal 0.0587928 -0.99827 0
    outer loop
      vertex 0.636008 -16.1875 2
      vertex 1.27104 -16.1501 4.5
      vertex 0.636008 -16.1875 4.5
    endloop
  endfacet
  facet normal 0.0587928 -0.99827 0
    outer loop
      vertex 1.27104 -16.1501 4.5
      vertex 0.636008 -16.1875 2
      vertex 1.27104 -16.1501 2
    endloop
  endfacet
  facet normal 0.290348 -0.956921 0
    outer loop
      vertex 4.39734 -15.5918 2
      vertex 5.00607 -15.4071 4.5
      vertex 4.39734 -15.5918 4.5
    endloop
  endfacet
  facet normal 0.290348 -0.956921 0
    outer loop
      vertex 5.00607 -15.4071 4.5
      vertex 4.39734 -15.5918 2
      vertex 5.00607 -15.4071 2
    endloop
  endfacet
  facet normal -0.995177 -0.0980919 0
    outer loop
      vertex -16.0877 -1.90411 2
      vertex -16.1501 -1.27104 4.5
      vertex -16.1501 -1.27104 2
    endloop
  endfacet
  facet normal -0.995177 -0.0980919 0
    outer loop
      vertex -16.1501 -1.27104 4.5
      vertex -16.0877 -1.90411 2
      vertex -16.0877 -1.90411 4.5
    endloop
  endfacet
  facet normal -0.944815 -0.327603 0
    outer loop
      vertex -15.1987 -5.6071 2
      vertex -15.4071 -5.00607 4.5
      vertex -15.4071 -5.00607 2
    endloop
  endfacet
  facet normal -0.944815 -0.327603 0
    outer loop
      vertex -15.4071 -5.00607 4.5
      vertex -15.1987 -5.6071 2
      vertex -15.1987 -5.6071 4.5
    endloop
  endfacet
  facet normal -0.931188 -0.36454 0
    outer loop
      vertex -14.9668 -6.19947 2
      vertex -15.1987 -5.6071 4.5
      vertex -15.1987 -5.6071 2
    endloop
  endfacet
  facet normal -0.931188 -0.36454 0
    outer loop
      vertex -15.1987 -5.6071 4.5
      vertex -14.9668 -6.19947 2
      vertex -14.9668 -6.19947 4.5
    endloop
  endfacet
  facet normal -0.99056 -0.137078 0
    outer loop
      vertex -16.0005 -2.53424 2
      vertex -16.0877 -1.90411 4.5
      vertex -16.0877 -1.90411 2
    endloop
  endfacet
  facet normal -0.99056 -0.137078 0
    outer loop
      vertex -16.0877 -1.90411 4.5
      vertex -16.0005 -2.53424 2
      vertex -16.0005 -2.53424 4.5
    endloop
  endfacet
  facet normal -0.99827 -0.0587928 0
    outer loop
      vertex -16.1501 -1.27104 2
      vertex -16.1875 -0.636008 4.5
      vertex -16.1875 -0.636008 2
    endloop
  endfacet
  facet normal -0.99827 -0.0587928 0
    outer loop
      vertex -16.1875 -0.636008 4.5
      vertex -16.1501 -1.27104 2
      vertex -16.1501 -1.27104 4.5
    endloop
  endfacet
  facet normal -0.956921 -0.290348 0
    outer loop
      vertex -15.4071 -5.00607 2
      vertex -15.5918 -4.39734 4.5
      vertex -15.5918 -4.39734 2
    endloop
  endfacet
  facet normal -0.956921 -0.290348 0
    outer loop
      vertex -15.5918 -4.39734 4.5
      vertex -15.4071 -5.00607 2
      vertex -15.4071 -5.00607 4.5
    endloop
  endfacet
  facet normal -0.881899 -0.471438 0
    outer loop
      vertex -14.1344 -7.91566 2
      vertex -14.4343 -7.35465 4.5
      vertex -14.4343 -7.35465 2
    endloop
  endfacet
  facet normal -0.881899 -0.471438 0
    outer loop
      vertex -14.4343 -7.35465 4.5
      vertex -14.1344 -7.91566 2
      vertex -14.1344 -7.91566 4.5
    endloop
  endfacet
  facet normal -0.862782 -0.505577 0
    outer loop
      vertex -13.8128 -8.46448 2
      vertex -14.1344 -7.91566 4.5
      vertex -14.1344 -7.91566 2
    endloop
  endfacet
  facet normal -0.862782 -0.505577 0
    outer loop
      vertex -14.1344 -7.91566 4.5
      vertex -13.8128 -8.46448 2
      vertex -13.8128 -8.46448 4.5
    endloop
  endfacet
  facet normal -0.899757 -0.436391 0
    outer loop
      vertex -14.4343 -7.35465 2
      vertex -14.7119 -6.78229 4.5
      vertex -14.7119 -6.78229 2
    endloop
  endfacet
  facet normal -0.899757 -0.436391 0
    outer loop
      vertex -14.7119 -6.78229 4.5
      vertex -14.4343 -7.35465 2
      vertex -14.4343 -7.35465 4.5
    endloop
  endfacet
  facet normal -0.773095 -0.63429 0
    outer loop
      vertex -12.3186 -10.5211 2
      vertex -12.7221 -10.0293 4.5
      vertex -12.7221 -10.0293 2
    endloop
  endfacet
  facet normal -0.773095 -0.63429 0
    outer loop
      vertex -12.7221 -10.0293 4.5
      vertex -12.3186 -10.5211 2
      vertex -12.3186 -10.5211 4.5
    endloop
  endfacet
  facet normal -0.797264 -0.603631 0
    outer loop
      vertex -12.7221 -10.0293 2
      vertex -13.1061 -9.52212 4.5
      vertex -13.1061 -9.52212 2
    endloop
  endfacet
  facet normal -0.797264 -0.603631 0
    outer loop
      vertex -13.1061 -9.52212 4.5
      vertex -12.7221 -10.0293 2
      vertex -12.7221 -10.0293 4.5
    endloop
  endfacet
  facet normal -0.290348 -0.956921 0
    outer loop
      vertex -5.00607 -15.4071 2
      vertex -4.39734 -15.5918 4.5
      vertex -5.00607 -15.4071 4.5
    endloop
  endfacet
  facet normal -0.290348 -0.956921 -0
    outer loop
      vertex -4.39734 -15.5918 4.5
      vertex -5.00607 -15.4071 2
      vertex -4.39734 -15.5918 2
    endloop
  endfacet
  facet normal -0.252462 -0.967607 0
    outer loop
      vertex -4.39734 -15.5918 2
      vertex -3.78181 -15.7524 4.5
      vertex -4.39734 -15.5918 4.5
    endloop
  endfacet
  facet normal -0.252462 -0.967607 -0
    outer loop
      vertex -3.78181 -15.7524 4.5
      vertex -4.39734 -15.5918 2
      vertex -3.78181 -15.7524 2
    endloop
  endfacet
  facet normal -0.327603 -0.944815 0
    outer loop
      vertex -5.6071 -15.1987 2
      vertex -5.00607 -15.4071 4.5
      vertex -5.6071 -15.1987 4.5
    endloop
  endfacet
  facet normal -0.327603 -0.944815 -0
    outer loop
      vertex -5.00607 -15.4071 4.5
      vertex -5.6071 -15.1987 2
      vertex -5.00607 -15.4071 2
    endloop
  endfacet
  facet normal -0.0980919 -0.995177 0
    outer loop
      vertex -1.90411 -16.0877 2
      vertex -1.27104 -16.1501 4.5
      vertex -1.90411 -16.0877 4.5
    endloop
  endfacet
  facet normal -0.0980919 -0.995177 -0
    outer loop
      vertex -1.27104 -16.1501 4.5
      vertex -1.90411 -16.0877 2
      vertex -1.27104 -16.1501 2
    endloop
  endfacet
  facet normal -0.01965 -0.999807 0
    outer loop
      vertex -0.636008 -16.1875 2
      vertex 0 -16.2 4.5
      vertex -0.636008 -16.1875 4.5
    endloop
  endfacet
  facet normal -0.01965 -0.999807 -0
    outer loop
      vertex 0 -16.2 4.5
      vertex -0.636008 -16.1875 2
      vertex 0 -16.2 2
    endloop
  endfacet
  facet normal -0.471438 -0.881899 0
    outer loop
      vertex -7.91566 -14.1344 2
      vertex -7.35465 -14.4343 4.5
      vertex -7.91566 -14.1344 4.5
    endloop
  endfacet
  facet normal -0.471438 -0.881899 -0
    outer loop
      vertex -7.35465 -14.4343 4.5
      vertex -7.91566 -14.1344 2
      vertex -7.35465 -14.4343 2
    endloop
  endfacet
  facet normal -0.400708 -0.916206 0
    outer loop
      vertex -6.78229 -14.7119 2
      vertex -6.19947 -14.9668 4.5
      vertex -6.78229 -14.7119 4.5
    endloop
  endfacet
  facet normal -0.400708 -0.916206 -0
    outer loop
      vertex -6.19947 -14.9668 4.5
      vertex -6.78229 -14.7119 2
      vertex -6.19947 -14.9668 2
    endloop
  endfacet
  facet normal -0.603631 -0.797264 0
    outer loop
      vertex -10.0293 -12.7221 2
      vertex -9.52212 -13.1061 4.5
      vertex -10.0293 -12.7221 4.5
    endloop
  endfacet
  facet normal -0.603631 -0.797264 -0
    outer loop
      vertex -9.52212 -13.1061 4.5
      vertex -10.0293 -12.7221 2
      vertex -9.52212 -13.1061 2
    endloop
  endfacet
  facet normal -0.63429 -0.773095 0
    outer loop
      vertex -10.5211 -12.3186 2
      vertex -10.0293 -12.7221 4.5
      vertex -10.5211 -12.3186 4.5
    endloop
  endfacet
  facet normal -0.63429 -0.773095 -0
    outer loop
      vertex -10.0293 -12.7221 4.5
      vertex -10.5211 -12.3186 2
      vertex -10.0293 -12.7221 2
    endloop
  endfacet
  facet normal -0.571756 -0.820424 0
    outer loop
      vertex -9.52212 -13.1061 2
      vertex -9.00024 -13.4698 4.5
      vertex -9.52212 -13.1061 4.5
    endloop
  endfacet
  facet normal -0.571756 -0.820424 -0
    outer loop
      vertex -9.00024 -13.4698 4.5
      vertex -9.52212 -13.1061 2
      vertex -9.00024 -13.4698 2
    endloop
  endfacet
  facet normal 0.01965 0.999807 -0
    outer loop
      vertex 0.636008 16.1875 2
      vertex 0 16.2 4.5
      vertex 0.636008 16.1875 4.5
    endloop
  endfacet
  facet normal 0.01965 0.999807 0
    outer loop
      vertex 0 16.2 4.5
      vertex 0.636008 16.1875 2
      vertex 0 16.2 2
    endloop
  endfacet
  facet normal 0.931188 0.36454 0
    outer loop
      vertex 15.1987 5.6071 4.5
      vertex 14.9668 6.19947 2
      vertex 14.9668 6.19947 4.5
    endloop
  endfacet
  facet normal 0.931188 0.36454 0
    outer loop
      vertex 14.9668 6.19947 2
      vertex 15.1987 5.6071 4.5
      vertex 15.1987 5.6071 2
    endloop
  endfacet
  facet normal 0.99827 0.0587928 0
    outer loop
      vertex 16.1875 0.636008 4.5
      vertex 16.1501 1.27104 2
      vertex 16.1501 1.27104 4.5
    endloop
  endfacet
  facet normal 0.99827 0.0587928 0
    outer loop
      vertex 16.1501 1.27104 2
      vertex 16.1875 0.636008 4.5
      vertex 16.1875 0.636008 2
    endloop
  endfacet
  facet normal 0.956921 0.290348 0
    outer loop
      vertex 15.5918 4.39734 4.5
      vertex 15.4071 5.00607 2
      vertex 15.4071 5.00607 4.5
    endloop
  endfacet
  facet normal 0.956921 0.290348 0
    outer loop
      vertex 15.4071 5.00607 2
      vertex 15.5918 4.39734 4.5
      vertex 15.5918 4.39734 2
    endloop
  endfacet
  facet normal 0.0980919 0.995177 -0
    outer loop
      vertex 1.90411 16.0877 2
      vertex 1.27104 16.1501 4.5
      vertex 1.90411 16.0877 4.5
    endloop
  endfacet
  facet normal 0.0980919 0.995177 0
    outer loop
      vertex 1.27104 16.1501 4.5
      vertex 1.90411 16.0877 2
      vertex 1.27104 16.1501 2
    endloop
  endfacet
  facet normal 0.327603 0.944815 -0
    outer loop
      vertex 5.6071 15.1987 2
      vertex 5.00607 15.4071 4.5
      vertex 5.6071 15.1987 4.5
    endloop
  endfacet
  facet normal 0.327603 0.944815 0
    outer loop
      vertex 5.00607 15.4071 4.5
      vertex 5.6071 15.1987 2
      vertex 5.00607 15.4071 2
    endloop
  endfacet
  facet normal 0.603631 0.797264 -0
    outer loop
      vertex 10.0293 12.7221 2
      vertex 9.52212 13.1061 4.5
      vertex 10.0293 12.7221 4.5
    endloop
  endfacet
  facet normal 0.603631 0.797264 0
    outer loop
      vertex 9.52212 13.1061 4.5
      vertex 10.0293 12.7221 2
      vertex 9.52212 13.1061 2
    endloop
  endfacet
  facet normal 0.571756 0.820424 -0
    outer loop
      vertex 9.52212 13.1061 2
      vertex 9.00024 13.4698 4.5
      vertex 9.52212 13.1061 4.5
    endloop
  endfacet
  facet normal 0.571756 0.820424 0
    outer loop
      vertex 9.00024 13.4698 4.5
      vertex 9.52212 13.1061 2
      vertex 9.00024 13.4698 2
    endloop
  endfacet
  facet normal 0.63429 0.773095 -0
    outer loop
      vertex 10.5211 12.3186 2
      vertex 10.0293 12.7221 4.5
      vertex 10.5211 12.3186 4.5
    endloop
  endfacet
  facet normal 0.63429 0.773095 0
    outer loop
      vertex 10.0293 12.7221 4.5
      vertex 10.5211 12.3186 2
      vertex 10.0293 12.7221 2
    endloop
  endfacet
  facet normal 0.471438 0.881899 -0
    outer loop
      vertex 7.91566 14.1344 2
      vertex 7.35465 14.4343 4.5
      vertex 7.91566 14.1344 4.5
    endloop
  endfacet
  facet normal 0.471438 0.881899 0
    outer loop
      vertex 7.35465 14.4343 4.5
      vertex 7.91566 14.1344 2
      vertex 7.35465 14.4343 2
    endloop
  endfacet
  facet normal 0.505577 0.862782 -0
    outer loop
      vertex 8.46448 13.8128 2
      vertex 7.91566 14.1344 4.5
      vertex 8.46448 13.8128 4.5
    endloop
  endfacet
  facet normal 0.505577 0.862782 0
    outer loop
      vertex 7.91566 14.1344 4.5
      vertex 8.46448 13.8128 2
      vertex 7.91566 14.1344 2
    endloop
  endfacet
  facet normal 0.400708 0.916206 -0
    outer loop
      vertex 6.78229 14.7119 2
      vertex 6.19947 14.9668 4.5
      vertex 6.78229 14.7119 4.5
    endloop
  endfacet
  facet normal 0.400708 0.916206 0
    outer loop
      vertex 6.19947 14.9668 4.5
      vertex 6.78229 14.7119 2
      vertex 6.19947 14.9668 2
    endloop
  endfacet
  facet normal 0.881899 0.471438 0
    outer loop
      vertex 14.4343 7.35465 4.5
      vertex 14.1344 7.91566 2
      vertex 14.1344 7.91566 4.5
    endloop
  endfacet
  facet normal 0.881899 0.471438 0
    outer loop
      vertex 14.1344 7.91566 2
      vertex 14.4343 7.35465 4.5
      vertex 14.4343 7.35465 2
    endloop
  endfacet
  facet normal 0.899757 0.436391 0
    outer loop
      vertex 14.7119 6.78229 4.5
      vertex 14.4343 7.35465 2
      vertex 14.4343 7.35465 4.5
    endloop
  endfacet
  facet normal 0.899757 0.436391 0
    outer loop
      vertex 14.4343 7.35465 2
      vertex 14.7119 6.78229 4.5
      vertex 14.7119 6.78229 2
    endloop
  endfacet
  facet normal 0.797264 0.603631 0
    outer loop
      vertex 13.1061 9.52212 4.5
      vertex 12.7221 10.0293 2
      vertex 12.7221 10.0293 4.5
    endloop
  endfacet
  facet normal 0.797264 0.603631 0
    outer loop
      vertex 12.7221 10.0293 2
      vertex 13.1061 9.52212 4.5
      vertex 13.1061 9.52212 2
    endloop
  endfacet
  facet normal 0.820424 0.571756 0
    outer loop
      vertex 13.4698 9.00024 4.5
      vertex 13.1061 9.52212 2
      vertex 13.1061 9.52212 4.5
    endloop
  endfacet
  facet normal 0.820424 0.571756 0
    outer loop
      vertex 13.1061 9.52212 2
      vertex 13.4698 9.00024 4.5
      vertex 13.4698 9.00024 2
    endloop
  endfacet
  facet normal -0.0980919 0.995177 0
    outer loop
      vertex -1.27104 16.1501 2
      vertex -1.90411 16.0877 4.5
      vertex -1.27104 16.1501 4.5
    endloop
  endfacet
  facet normal -0.0980919 0.995177 0
    outer loop
      vertex -1.90411 16.0877 4.5
      vertex -1.27104 16.1501 2
      vertex -1.90411 16.0877 2
    endloop
  endfacet
  facet normal -0.36454 0.931188 0
    outer loop
      vertex -5.6071 15.1987 2
      vertex -6.19947 14.9668 4.5
      vertex -5.6071 15.1987 4.5
    endloop
  endfacet
  facet normal -0.36454 0.931188 0
    outer loop
      vertex -6.19947 14.9668 4.5
      vertex -5.6071 15.1987 2
      vertex -6.19947 14.9668 2
    endloop
  endfacet
  facet normal -0.0587928 0.99827 0
    outer loop
      vertex -0.636008 16.1875 2
      vertex -1.27104 16.1501 4.5
      vertex -0.636008 16.1875 4.5
    endloop
  endfacet
  facet normal -0.0587928 0.99827 0
    outer loop
      vertex -1.27104 16.1501 4.5
      vertex -0.636008 16.1875 2
      vertex -1.27104 16.1501 2
    endloop
  endfacet
  facet normal -0.327603 0.944815 0
    outer loop
      vertex -5.00607 15.4071 2
      vertex -5.6071 15.1987 4.5
      vertex -5.00607 15.4071 4.5
    endloop
  endfacet
  facet normal -0.327603 0.944815 0
    outer loop
      vertex -5.6071 15.1987 4.5
      vertex -5.00607 15.4071 2
      vertex -5.6071 15.1987 2
    endloop
  endfacet
  facet normal -0.290348 0.956921 0
    outer loop
      vertex -4.39734 15.5918 2
      vertex -5.00607 15.4071 4.5
      vertex -4.39734 15.5918 4.5
    endloop
  endfacet
  facet normal -0.290348 0.956921 0
    outer loop
      vertex -5.00607 15.4071 4.5
      vertex -4.39734 15.5918 2
      vertex -5.00607 15.4071 2
    endloop
  endfacet
  facet normal -0.471438 0.881899 0
    outer loop
      vertex -7.35465 14.4343 2
      vertex -7.91566 14.1344 4.5
      vertex -7.35465 14.4343 4.5
    endloop
  endfacet
  facet normal -0.471438 0.881899 0
    outer loop
      vertex -7.91566 14.1344 4.5
      vertex -7.35465 14.4343 2
      vertex -7.91566 14.1344 2
    endloop
  endfacet
  facet normal -0.436391 0.899757 0
    outer loop
      vertex -6.78229 14.7119 2
      vertex -7.35465 14.4343 4.5
      vertex -6.78229 14.7119 4.5
    endloop
  endfacet
  facet normal -0.436391 0.899757 0
    outer loop
      vertex -7.35465 14.4343 4.5
      vertex -6.78229 14.7119 2
      vertex -7.35465 14.4343 2
    endloop
  endfacet
  facet normal -0.603631 0.797264 0
    outer loop
      vertex -9.52212 13.1061 2
      vertex -10.0293 12.7221 4.5
      vertex -9.52212 13.1061 4.5
    endloop
  endfacet
  facet normal -0.603631 0.797264 0
    outer loop
      vertex -10.0293 12.7221 4.5
      vertex -9.52212 13.1061 2
      vertex -10.0293 12.7221 2
    endloop
  endfacet
  facet normal -0.571756 0.820424 0
    outer loop
      vertex -9.00024 13.4698 2
      vertex -9.52212 13.1061 4.5
      vertex -9.00024 13.4698 4.5
    endloop
  endfacet
  facet normal -0.571756 0.820424 0
    outer loop
      vertex -9.52212 13.1061 4.5
      vertex -9.00024 13.4698 2
      vertex -9.52212 13.1061 2
    endloop
  endfacet
  facet normal -0.956921 0.290348 0
    outer loop
      vertex -15.5918 4.39734 2
      vertex -15.4071 5.00607 4.5
      vertex -15.4071 5.00607 2
    endloop
  endfacet
  facet normal -0.956921 0.290348 0
    outer loop
      vertex -15.4071 5.00607 4.5
      vertex -15.5918 4.39734 2
      vertex -15.5918 4.39734 4.5
    endloop
  endfacet
  facet normal -0.944815 0.327603 0
    outer loop
      vertex -15.4071 5.00607 2
      vertex -15.1987 5.6071 4.5
      vertex -15.1987 5.6071 2
    endloop
  endfacet
  facet normal -0.944815 0.327603 0
    outer loop
      vertex -15.1987 5.6071 4.5
      vertex -15.4071 5.00607 2
      vertex -15.4071 5.00607 4.5
    endloop
  endfacet
  facet normal -0.999807 0.01965 0
    outer loop
      vertex -16.2 0 2
      vertex -16.1875 0.636008 4.5
      vertex -16.1875 0.636008 2
    endloop
  endfacet
  facet normal -0.999807 0.01965 0
    outer loop
      vertex -16.1875 0.636008 4.5
      vertex -16.2 0 2
      vertex -16.2 0 4.5
    endloop
  endfacet
  facet normal -0.995177 0.0980919 0
    outer loop
      vertex -16.1501 1.27104 2
      vertex -16.0877 1.90411 4.5
      vertex -16.0877 1.90411 2
    endloop
  endfacet
  facet normal -0.995177 0.0980919 0
    outer loop
      vertex -16.0877 1.90411 4.5
      vertex -16.1501 1.27104 2
      vertex -16.1501 1.27104 4.5
    endloop
  endfacet
  facet normal 0 0 1
    outer loop
      vertex 10.182 11.0148 4.5
      vertex 10.9966 11.896 4.5
      vertex 10.5211 12.3186 4.5
    endloop
  endfacet
  facet normal 0 0 1
    outer loop
      vertex 10.9966 11.896 4.5
      vertex 10.5182 10.9778 4.5
      vertex 11.2208 11.6804 4.5
    endloop
  endfacet
  facet normal 0 0 1
    outer loop
      vertex 10.9966 11.896 4.5
      vertex 10.182 11.0148 4.5
      vertex 10.5182 10.9778 4.5
    endloop
  endfacet
  facet normal 0 0 1
    outer loop
      vertex 9.74172 11.4061 4.5
      vertex 10.5211 12.3186 4.5
      vertex 10.0293 12.7221 4.5
    endloop
  endfacet
  facet normal 0 0 1
    outer loop
      vertex 10.5211 12.3186 4.5
      vertex 9.74172 11.4061 4.5
      vertex 10.182 11.0148 4.5
    endloop
  endfacet
  facet normal 0 0 1
    outer loop
      vertex 9.28641 11.7798 4.5
      vertex 10.0293 12.7221 4.5
      vertex 9.52212 13.1061 4.5
    endloop
  endfacet
  facet normal 0 0 1
    outer loop
      vertex 10.0293 12.7221 4.5
      vertex 9.28641 11.7798 4.5
      vertex 9.74172 11.4061 4.5
    endloop
  endfacet
  facet normal 0 0 1
    outer loop
      vertex 8.81678 12.1353 4.5
      vertex 9.52212 13.1061 4.5
      vertex 9.00024 13.4698 4.5
    endloop
  endfacet
  facet normal 0 0 1
    outer loop
      vertex 9.52212 13.1061 4.5
      vertex 8.81678 12.1353 4.5
      vertex 9.28641 11.7798 4.5
    endloop
  endfacet
  facet normal 0 0 1
    outer loop
      vertex 8.33355 12.472 4.5
      vertex 9.00024 13.4698 4.5
      vertex 8.46448 13.8128 4.5
    endloop
  endfacet
  facet normal 0 0 1
    outer loop
      vertex 9.00024 13.4698 4.5
      vertex 8.33355 12.472 4.5
      vertex 8.81678 12.1353 4.5
    endloop
  endfacet
  facet normal 0 0 1
    outer loop
      vertex 7.83748 12.7896 4.5
      vertex 8.46448 13.8128 4.5
      vertex 7.91566 14.1344 4.5
    endloop
  endfacet
  facet normal 0 0 1
    outer loop
      vertex 8.46448 13.8128 4.5
      vertex 7.83748 12.7896 4.5
      vertex 8.33355 12.472 4.5
    endloop
  endfacet
  facet normal 0 0 1
    outer loop
      vertex 7.32932 13.0874 4.5
      vertex 7.91566 14.1344 4.5
      vertex 7.35465 14.4343 4.5
    endloop
  endfacet
  facet normal 0 0 1
    outer loop
      vertex 7.91566 14.1344 4.5
      vertex 7.32932 13.0874 4.5
      vertex 7.83748 12.7896 4.5
    endloop
  endfacet
  facet normal 0 0 1
    outer loop
      vertex 7.35465 14.4343 4.5
      vertex 6.80986 13.3651 4.5
      vertex 7.32932 13.0874 4.5
    endloop
  endfacet
  facet normal 0 0 1
    outer loop
      vertex 6.78229 14.7119 4.5
      vertex 6.80986 13.3651 4.5
      vertex 7.35465 14.4343 4.5
    endloop
  endfacet
  facet normal 0 0 1
    outer loop
      vertex 6.78229 14.7119 4.5
      vertex 6.2799 13.6221 4.5
      vertex 6.80986 13.3651 4.5
    endloop
  endfacet
  facet normal 0 0 1
    outer loop
      vertex 6.19947 14.9668 4.5
      vertex 6.2799 13.6221 4.5
      vertex 6.78229 14.7119 4.5
    endloop
  endfacet
  facet normal 0 0 1
    outer loop
      vertex 6.19947 14.9668 4.5
      vertex 5.74025 13.8582 4.5
      vertex 6.2799 13.6221 4.5
    endloop
  endfacet
  facet normal 0 0 1
    outer loop
      vertex 5.6071 15.1987 4.5
      vertex 5.74025 13.8582 4.5
      vertex 6.19947 14.9668 4.5
    endloop
  endfacet
  facet normal 0 0 1
    outer loop
      vertex 5.6071 15.1987 4.5
      vertex 5.19176 14.0729 4.5
      vertex 5.74025 13.8582 4.5
    endloop
  endfacet
  facet normal 0 0 1
    outer loop
      vertex 5.00607 15.4071 4.5
      vertex 5.19176 14.0729 4.5
      vertex 5.6071 15.1987 4.5
    endloop
  endfacet
  facet normal 0 0 1
    outer loop
      vertex 5.00607 15.4071 4.5
      vertex 4.63525 14.2658 4.5
      vertex 5.19176 14.0729 4.5
    endloop
  endfacet
  facet normal 0 0 1
    outer loop
      vertex 4.39734 15.5918 4.5
      vertex 4.63525 14.2658 4.5
      vertex 5.00607 15.4071 4.5
    endloop
  endfacet
  facet normal 0 0 1
    outer loop
      vertex 4.39734 15.5918 4.5
      vertex 4.07161 14.4368 4.5
      vertex 4.63525 14.2658 4.5
    endloop
  endfacet
  facet normal 0 0 1
    outer loop
      vertex 3.78181 15.7524 4.5
      vertex 4.07161 14.4368 4.5
      vertex 4.39734 15.5918 4.5
    endloop
  endfacet
  facet normal 0 0 1
    outer loop
      vertex 3.78181 15.7524 4.5
      vertex 3.50168 14.5855 4.5
      vertex 4.07161 14.4368 4.5
    endloop
  endfacet
  facet normal 0 0 1
    outer loop
      vertex 3.16046 15.8887 4.5
      vertex 3.50168 14.5855 4.5
      vertex 3.78181 15.7524 4.5
    endloop
  endfacet
  facet normal 0 0 1
    outer loop
      vertex 3.16046 15.8887 4.5
      vertex 2.92635 14.7118 4.5
      vertex 3.50168 14.5855 4.5
    endloop
  endfacet
  facet normal 0 0 1
    outer loop
      vertex 2.53424 16.0005 4.5
      vertex 2.92635 14.7118 4.5
      vertex 3.16046 15.8887 4.5
    endloop
  endfacet
  facet normal 0 0 1
    outer loop
      vertex 2.53424 16.0005 4.5
      vertex 2.34652 14.8153 4.5
      vertex 2.92635 14.7118 4.5
    endloop
  endfacet
  facet normal 0 0 1
    outer loop
      vertex 1.90411 16.0877 4.5
      vertex 2.34652 14.8153 4.5
      vertex 2.53424 16.0005 4.5
    endloop
  endfacet
  facet normal 0 0 1
    outer loop
      vertex 1.90411 16.0877 4.5
      vertex 1.76306 14.896 4.5
      vertex 2.34652 14.8153 4.5
    endloop
  endfacet
  facet normal 0 0 1
    outer loop
      vertex 1.27104 16.1501 4.5
      vertex 1.76306 14.896 4.5
      vertex 1.90411 16.0877 4.5
    endloop
  endfacet
  facet normal 0 0 1
    outer loop
      vertex 1.27104 16.1501 4.5
      vertex 1.17689 14.9538 4.5
      vertex 1.76306 14.896 4.5
    endloop
  endfacet
  facet normal 0 0 1
    outer loop
      vertex 0.636008 16.1875 4.5
      vertex 1.17689 14.9538 4.5
      vertex 1.27104 16.1501 4.5
    endloop
  endfacet
  facet normal 0 0 1
    outer loop
      vertex 0.636008 16.1875 4.5
      vertex 0.588897 14.9884 4.5
      vertex 1.17689 14.9538 4.5
    endloop
  endfacet
  facet normal 0 0 1
    outer loop
      vertex 0 16.2 4.5
      vertex 0.588897 14.9884 4.5
      vertex 0.636008 16.1875 4.5
    endloop
  endfacet
  facet normal 0 0 1
    outer loop
      vertex 0 16.2 4.5
      vertex 0 15 4.5
      vertex 0.588897 14.9884 4.5
    endloop
  endfacet
  facet normal 0 0 1
    outer loop
      vertex 0 16.2 4.5
      vertex -0.588897 14.9884 4.5
      vertex 0 15 4.5
    endloop
  endfacet
  facet normal -0 0 1
    outer loop
      vertex -0.636008 16.1875 4.5
      vertex -0.588897 14.9884 4.5
      vertex 0 16.2 4.5
    endloop
  endfacet
  facet normal 0 0 1
    outer loop
      vertex -0.636008 16.1875 4.5
      vertex -1.17689 14.9538 4.5
      vertex -0.588897 14.9884 4.5
    endloop
  endfacet
  facet normal -0 0 1
    outer loop
      vertex -1.27104 16.1501 4.5
      vertex -1.17689 14.9538 4.5
      vertex -0.636008 16.1875 4.5
    endloop
  endfacet
  facet normal 0 0 1
    outer loop
      vertex -1.27104 16.1501 4.5
      vertex -1.76306 14.896 4.5
      vertex -1.17689 14.9538 4.5
    endloop
  endfacet
  facet normal -0 0 1
    outer loop
      vertex -1.90411 16.0877 4.5
      vertex -1.76306 14.896 4.5
      vertex -1.27104 16.1501 4.5
    endloop
  endfacet
  facet normal 0 0 1
    outer loop
      vertex -1.90411 16.0877 4.5
      vertex -2.34652 14.8153 4.5
      vertex -1.76306 14.896 4.5
    endloop
  endfacet
  facet normal -0 0 1
    outer loop
      vertex -2.53424 16.0005 4.5
      vertex -2.34652 14.8153 4.5
      vertex -1.90411 16.0877 4.5
    endloop
  endfacet
  facet normal 0 0 1
    outer loop
      vertex -2.53424 16.0005 4.5
      vertex -2.92635 14.7118 4.5
      vertex -2.34652 14.8153 4.5
    endloop
  endfacet
  facet normal -0 0 1
    outer loop
      vertex -3.16046 15.8887 4.5
      vertex -2.92635 14.7118 4.5
      vertex -2.53424 16.0005 4.5
    endloop
  endfacet
  facet normal 0 0 1
    outer loop
      vertex -3.16046 15.8887 4.5
      vertex -3.50168 14.5855 4.5
      vertex -2.92635 14.7118 4.5
    endloop
  endfacet
  facet normal -0 0 1
    outer loop
      vertex -3.78181 15.7524 4.5
      vertex -3.50168 14.5855 4.5
      vertex -3.16046 15.8887 4.5
    endloop
  endfacet
  facet normal 0 0 1
    outer loop
      vertex -3.78181 15.7524 4.5
      vertex -4.07161 14.4368 4.5
      vertex -3.50168 14.5855 4.5
    endloop
  endfacet
  facet normal -0 0 1
    outer loop
      vertex -4.39734 15.5918 4.5
      vertex -4.07161 14.4368 4.5
      vertex -3.78181 15.7524 4.5
    endloop
  endfacet
  facet normal 0 0 1
    outer loop
      vertex -4.39734 15.5918 4.5
      vertex -4.63525 14.2658 4.5
      vertex -4.07161 14.4368 4.5
    endloop
  endfacet
  facet normal -0 0 1
    outer loop
      vertex -5.00607 15.4071 4.5
      vertex -4.63525 14.2658 4.5
      vertex -4.39734 15.5918 4.5
    endloop
  endfacet
  facet normal 0 0 1
    outer loop
      vertex -5.00607 15.4071 4.5
      vertex -5.19176 14.0729 4.5
      vertex -4.63525 14.2658 4.5
    endloop
  endfacet
  facet normal -0 0 1
    outer loop
      vertex -5.6071 15.1987 4.5
      vertex -5.19176 14.0729 4.5
      vertex -5.00607 15.4071 4.5
    endloop
  endfacet
  facet normal 0 0 1
    outer loop
      vertex -5.6071 15.1987 4.5
      vertex -5.74025 13.8582 4.5
      vertex -5.19176 14.0729 4.5
    endloop
  endfacet
  facet normal -0 0 1
    outer loop
      vertex -6.19947 14.9668 4.5
      vertex -5.74025 13.8582 4.5
      vertex -5.6071 15.1987 4.5
    endloop
  endfacet
  facet normal 0 0 1
    outer loop
      vertex -6.19947 14.9668 4.5
      vertex -6.2799 13.6221 4.5
      vertex -5.74025 13.8582 4.5
    endloop
  endfacet
  facet normal -0 0 1
    outer loop
      vertex -6.78229 14.7119 4.5
      vertex -6.2799 13.6221 4.5
      vertex -6.19947 14.9668 4.5
    endloop
  endfacet
  facet normal 0 0 1
    outer loop
      vertex -6.78229 14.7119 4.5
      vertex -6.80986 13.3651 4.5
      vertex -6.2799 13.6221 4.5
    endloop
  endfacet
  facet normal -0 0 1
    outer loop
      vertex -7.35465 14.4343 4.5
      vertex -6.80986 13.3651 4.5
      vertex -6.78229 14.7119 4.5
    endloop
  endfacet
  facet normal 0 0 1
    outer loop
      vertex -6.80986 13.3651 4.5
      vertex -7.35465 14.4343 4.5
      vertex -7.32932 13.0874 4.5
    endloop
  endfacet
  facet normal -0 0 1
    outer loop
      vertex -7.91566 14.1344 4.5
      vertex -7.32932 13.0874 4.5
      vertex -7.35465 14.4343 4.5
    endloop
  endfacet
  facet normal 0 0 1
    outer loop
      vertex -7.32932 13.0874 4.5
      vertex -7.91566 14.1344 4.5
      vertex -7.83748 12.7896 4.5
    endloop
  endfacet
  facet normal -0 0 1
    outer loop
      vertex -8.46448 13.8128 4.5
      vertex -7.83748 12.7896 4.5
      vertex -7.91566 14.1344 4.5
    endloop
  endfacet
  facet normal 0 0 1
    outer loop
      vertex -7.83748 12.7896 4.5
      vertex -8.46448 13.8128 4.5
      vertex -8.33355 12.472 4.5
    endloop
  endfacet
  facet normal -0 0 1
    outer loop
      vertex -9.00024 13.4698 4.5
      vertex -8.33355 12.472 4.5
      vertex -8.46448 13.8128 4.5
    endloop
  endfacet
  facet normal 0 0 1
    outer loop
      vertex -8.33355 12.472 4.5
      vertex -9.00024 13.4698 4.5
      vertex -8.81678 12.1353 4.5
    endloop
  endfacet
  facet normal -0 0 1
    outer loop
      vertex -9.52212 13.1061 4.5
      vertex -8.81678 12.1353 4.5
      vertex -9.00024 13.4698 4.5
    endloop
  endfacet
  facet normal 0 0 1
    outer loop
      vertex -8.81678 12.1353 4.5
      vertex -9.52212 13.1061 4.5
      vertex -9.28641 11.7798 4.5
    endloop
  endfacet
  facet normal -0 0 1
    outer loop
      vertex -10.0293 12.7221 4.5
      vertex -9.28641 11.7798 4.5
      vertex -9.52212 13.1061 4.5
    endloop
  endfacet
  facet normal 0 0 1
    outer loop
      vertex -9.28641 11.7798 4.5
      vertex -10.0293 12.7221 4.5
      vertex -9.74172 11.4061 4.5
    endloop
  endfacet
  facet normal -0 0 1
    outer loop
      vertex -10.5211 12.3186 4.5
      vertex -9.74172 11.4061 4.5
      vertex -10.0293 12.7221 4.5
    endloop
  endfacet
  facet normal 0 0 1
    outer loop
      vertex -9.74172 11.4061 4.5
      vertex -10.5211 12.3186 4.5
      vertex -10.182 11.0148 4.5
    endloop
  endfacet
  facet normal -0 0 1
    outer loop
      vertex -10.9966 11.896 4.5
      vertex -10.182 11.0148 4.5
      vertex -10.5211 12.3186 4.5
    endloop
  endfacet
  facet normal 0 0 1
    outer loop
      vertex -10.182 11.0148 4.5
      vertex -10.9966 11.896 4.5
      vertex -10.5182 10.9778 4.5
    endloop
  endfacet
  facet normal 0 0 1
    outer loop
      vertex -10.5182 10.9778 4.5
      vertex -10.9966 11.896 4.5
      vertex -11.2208 11.6804 4.5
    endloop
  endfacet
  facet normal 0 0 1
    outer loop
      vertex 15 0 4.5
      vertex 16.2 0 4.5
      vertex 16.1875 0.636008 4.5
    endloop
  endfacet
  facet normal 0 0 1
    outer loop
      vertex 14.9884 0.588897 4.5
      vertex 16.1875 0.636008 4.5
      vertex 16.1501 1.27104 4.5
    endloop
  endfacet
  facet normal 0 0 1
    outer loop
      vertex 16.2 0 4.5
      vertex 15 0 4.5
      vertex 16.1875 -0.636008 4.5
    endloop
  endfacet
  facet normal 0 0 1
    outer loop
      vertex 14.9538 1.17689 4.5
      vertex 16.1501 1.27104 4.5
      vertex 16.0877 1.90411 4.5
    endloop
  endfacet
  facet normal -0 0 1
    outer loop
      vertex 14.9884 -0.588897 4.5
      vertex 16.1875 -0.636008 4.5
      vertex 15 0 4.5
    endloop
  endfacet
  facet normal 0 0 1
    outer loop
      vertex 14.896 1.76306 4.5
      vertex 16.0877 1.90411 4.5
      vertex 16.0005 2.53424 4.5
    endloop
  endfacet
  facet normal 0 0 1
    outer loop
      vertex 16.1875 -0.636008 4.5
      vertex 14.9884 -0.588897 4.5
      vertex 16.1501 -1.27104 4.5
    endloop
  endfacet
  facet normal 0 0 1
    outer loop
      vertex 14.8153 2.34652 4.5
      vertex 16.0005 2.53424 4.5
      vertex 15.8887 3.16046 4.5
    endloop
  endfacet
  facet normal -0 0 1
    outer loop
      vertex 14.9538 -1.17689 4.5
      vertex 16.1501 -1.27104 4.5
      vertex 14.9884 -0.588897 4.5
    endloop
  endfacet
  facet normal 0 0 1
    outer loop
      vertex 14.7118 2.92635 4.5
      vertex 15.8887 3.16046 4.5
      vertex 15.7524 3.78181 4.5
    endloop
  endfacet
  facet normal 0 0 1
    outer loop
      vertex 16.1501 -1.27104 4.5
      vertex 14.9538 -1.17689 4.5
      vertex 16.0877 -1.90411 4.5
    endloop
  endfacet
  facet normal 0 0 1
    outer loop
      vertex 14.5855 3.50168 4.5
      vertex 15.7524 3.78181 4.5
      vertex 15.5918 4.39734 4.5
    endloop
  endfacet
  facet normal -0 0 1
    outer loop
      vertex 14.896 -1.76306 4.5
      vertex 16.0877 -1.90411 4.5
      vertex 14.9538 -1.17689 4.5
    endloop
  endfacet
  facet normal 0 0 1
    outer loop
      vertex 14.4368 4.07161 4.5
      vertex 15.5918 4.39734 4.5
      vertex 15.4071 5.00607 4.5
    endloop
  endfacet
  facet normal 0 0 1
    outer loop
      vertex 16.0877 -1.90411 4.5
      vertex 14.896 -1.76306 4.5
      vertex 16.0005 -2.53424 4.5
    endloop
  endfacet
  facet normal 0 0 1
    outer loop
      vertex 14.2658 4.63525 4.5
      vertex 15.4071 5.00607 4.5
      vertex 15.1987 5.6071 4.5
    endloop
  endfacet
  facet normal -0 0 1
    outer loop
      vertex 14.8153 -2.34652 4.5
      vertex 16.0005 -2.53424 4.5
      vertex 14.896 -1.76306 4.5
    endloop
  endfacet
  facet normal 0 0 1
    outer loop
      vertex 16.0005 -2.53424 4.5
      vertex 14.8153 -2.34652 4.5
      vertex 15.8887 -3.16046 4.5
    endloop
  endfacet
  facet normal 0 0 1
    outer loop
      vertex 16.1875 0.636008 4.5
      vertex 14.9884 0.588897 4.5
      vertex 15 0 4.5
    endloop
  endfacet
  facet normal 0 0 1
    outer loop
      vertex 14.0729 5.19176 4.5
      vertex 15.1987 5.6071 4.5
      vertex 14.9668 6.19947 4.5
    endloop
  endfacet
  facet normal 0 0 1
    outer loop
      vertex 16.1501 1.27104 4.5
      vertex 14.9538 1.17689 4.5
      vertex 14.9884 0.588897 4.5
    endloop
  endfacet
  facet normal 0 0 1
    outer loop
      vertex 16.0877 1.90411 4.5
      vertex 14.896 1.76306 4.5
      vertex 14.9538 1.17689 4.5
    endloop
  endfacet
  facet normal 0 0 1
    outer loop
      vertex 16.0005 2.53424 4.5
      vertex 14.8153 2.34652 4.5
      vertex 14.896 1.76306 4.5
    endloop
  endfacet
  facet normal 0 0 1
    outer loop
      vertex 13.8582 5.74025 4.5
      vertex 14.9668 6.19947 4.5
      vertex 14.7119 6.78229 4.5
    endloop
  endfacet
  facet normal 0 0 1
    outer loop
      vertex 15.8887 3.16046 4.5
      vertex 14.7118 2.92635 4.5
      vertex 14.8153 2.34652 4.5
    endloop
  endfacet
  facet normal 0 0 1
    outer loop
      vertex 15.7524 3.78181 4.5
      vertex 14.5855 3.50168 4.5
      vertex 14.7118 2.92635 4.5
    endloop
  endfacet
  facet normal 0 0 1
    outer loop
      vertex 15.5918 4.39734 4.5
      vertex 14.4368 4.07161 4.5
      vertex 14.5855 3.50168 4.5
    endloop
  endfacet
  facet normal 0 0 1
    outer loop
      vertex 13.6221 6.2799 4.5
      vertex 14.7119 6.78229 4.5
      vertex 14.4343 7.35465 4.5
    endloop
  endfacet
  facet normal 0 0 1
    outer loop
      vertex 15.4071 5.00607 4.5
      vertex 14.2658 4.63525 4.5
      vertex 14.4368 4.07161 4.5
    endloop
  endfacet
  facet normal 0 0 1
    outer loop
      vertex 13.3651 6.80986 4.5
      vertex 14.4343 7.35465 4.5
      vertex 14.1344 7.91566 4.5
    endloop
  endfacet
  facet normal 0 0 1
    outer loop
      vertex 15.1987 5.6071 4.5
      vertex 14.0729 5.19176 4.5
      vertex 14.2658 4.63525 4.5
    endloop
  endfacet
  facet normal 0 0 1
    outer loop
      vertex 14.9668 6.19947 4.5
      vertex 13.8582 5.74025 4.5
      vertex 14.0729 5.19176 4.5
    endloop
  endfacet
  facet normal 0 0 1
    outer loop
      vertex 13.0874 7.32932 4.5
      vertex 14.1344 7.91566 4.5
      vertex 13.8128 8.46448 4.5
    endloop
  endfacet
  facet normal 0 0 1
    outer loop
      vertex 14.7119 6.78229 4.5
      vertex 13.6221 6.2799 4.5
      vertex 13.8582 5.74025 4.5
    endloop
  endfacet
  facet normal 0 0 1
    outer loop
      vertex 12.7896 7.83748 4.5
      vertex 13.8128 8.46448 4.5
      vertex 13.4698 9.00024 4.5
    endloop
  endfacet
  facet normal 0 0 1
    outer loop
      vertex 14.4343 7.35465 4.5
      vertex 13.3651 6.80986 4.5
      vertex 13.6221 6.2799 4.5
    endloop
  endfacet
  facet normal 0 0 1
    outer loop
      vertex 12.472 8.33355 4.5
      vertex 13.4698 9.00024 4.5
      vertex 13.1061 9.52212 4.5
    endloop
  endfacet
  facet normal 0 0 1
    outer loop
      vertex 14.1344 7.91566 4.5
      vertex 13.0874 7.32932 4.5
      vertex 13.3651 6.80986 4.5
    endloop
  endfacet
  facet normal 0 0 1
    outer loop
      vertex 13.8128 8.46448 4.5
      vertex 12.7896 7.83748 4.5
      vertex 13.0874 7.32932 4.5
    endloop
  endfacet
  facet normal 0 0 1
    outer loop
      vertex 12.1353 8.81678 4.5
      vertex 13.1061 9.52212 4.5
      vertex 12.7221 10.0293 4.5
    endloop
  endfacet
  facet normal 0 0 1
    outer loop
      vertex 13.4698 9.00024 4.5
      vertex 12.472 8.33355 4.5
      vertex 12.7896 7.83748 4.5
    endloop
  endfacet
  facet normal 0 0 1
    outer loop
      vertex 11.7798 9.28641 4.5
      vertex 12.7221 10.0293 4.5
      vertex 12.3186 10.5211 4.5
    endloop
  endfacet
  facet normal 0 0 1
    outer loop
      vertex 13.1061 9.52212 4.5
      vertex 12.1353 8.81678 4.5
      vertex 12.472 8.33355 4.5
    endloop
  endfacet
  facet normal 0 0 1
    outer loop
      vertex 11.4061 9.74172 4.5
      vertex 12.3186 10.5211 4.5
      vertex 11.896 10.9966 4.5
    endloop
  endfacet
  facet normal 0 0 1
    outer loop
      vertex 12.7221 10.0293 4.5
      vertex 11.7798 9.28641 4.5
      vertex 12.1353 8.81678 4.5
    endloop
  endfacet
  facet normal 0 0 1
    outer loop
      vertex 10.9778 10.5182 4.5
      vertex 11.896 10.9966 4.5
      vertex 11.6804 11.2208 4.5
    endloop
  endfacet
  facet normal 0 0 1
    outer loop
      vertex 12.3186 10.5211 4.5
      vertex 11.4061 9.74172 4.5
      vertex 11.7798 9.28641 4.5
    endloop
  endfacet
  facet normal 0 -0 1
    outer loop
      vertex 11.0148 10.182 4.5
      vertex 11.896 10.9966 4.5
      vertex 10.9778 10.5182 4.5
    endloop
  endfacet
  facet normal 0 0 1
    outer loop
      vertex 11.896 10.9966 4.5
      vertex 11.0148 10.182 4.5
      vertex 11.4061 9.74172 4.5
    endloop
  endfacet
  facet normal 0 0 1
    outer loop
      vertex 10.9778 10.5182 4.5
      vertex 10.6066 10.6066 4.5
      vertex 11.0148 10.182 4.5
    endloop
  endfacet
  facet normal 0 0 1
    outer loop
      vertex 10.5182 10.9778 4.5
      vertex 10.6066 10.6066 4.5
      vertex 10.9778 10.5182 4.5
    endloop
  endfacet
  facet normal 0 0 1
    outer loop
      vertex 10.6066 10.6066 4.5
      vertex 10.5182 10.9778 4.5
      vertex 10.182 11.0148 4.5
    endloop
  endfacet
  facet normal -0 0 1
    outer loop
      vertex 14.7118 -2.92635 4.5
      vertex 15.8887 -3.16046 4.5
      vertex 14.8153 -2.34652 4.5
    endloop
  endfacet
  facet normal 0 0 1
    outer loop
      vertex 15.8887 -3.16046 4.5
      vertex 14.7118 -2.92635 4.5
      vertex 15.7524 -3.78181 4.5
    endloop
  endfacet
  facet normal -0 0 1
    outer loop
      vertex 14.5855 -3.50168 4.5
      vertex 15.7524 -3.78181 4.5
      vertex 14.7118 -2.92635 4.5
    endloop
  endfacet
  facet normal 0 0 1
    outer loop
      vertex 15.7524 -3.78181 4.5
      vertex 14.5855 -3.50168 4.5
      vertex 15.5918 -4.39734 4.5
    endloop
  endfacet
  facet normal -0 0 1
    outer loop
      vertex 14.4368 -4.07161 4.5
      vertex 15.5918 -4.39734 4.5
      vertex 14.5855 -3.50168 4.5
    endloop
  endfacet
  facet normal 0 0 1
    outer loop
      vertex 15.5918 -4.39734 4.5
      vertex 14.4368 -4.07161 4.5
      vertex 15.4071 -5.00607 4.5
    endloop
  endfacet
  facet normal -0 0 1
    outer loop
      vertex 14.2658 -4.63525 4.5
      vertex 15.4071 -5.00607 4.5
      vertex 14.4368 -4.07161 4.5
    endloop
  endfacet
  facet normal 0 0 1
    outer loop
      vertex 15.4071 -5.00607 4.5
      vertex 14.2658 -4.63525 4.5
      vertex 15.1987 -5.6071 4.5
    endloop
  endfacet
  facet normal -0 0 1
    outer loop
      vertex 14.0729 -5.19176 4.5
      vertex 15.1987 -5.6071 4.5
      vertex 14.2658 -4.63525 4.5
    endloop
  endfacet
  facet normal 0 0 1
    outer loop
      vertex 15.1987 -5.6071 4.5
      vertex 14.0729 -5.19176 4.5
      vertex 14.9668 -6.19947 4.5
    endloop
  endfacet
  facet normal -0 0 1
    outer loop
      vertex 13.8582 -5.74025 4.5
      vertex 14.9668 -6.19947 4.5
      vertex 14.0729 -5.19176 4.5
    endloop
  endfacet
  facet normal 0 0 1
    outer loop
      vertex 14.9668 -6.19947 4.5
      vertex 13.8582 -5.74025 4.5
      vertex 14.7119 -6.78229 4.5
    endloop
  endfacet
  facet normal -0 0 1
    outer loop
      vertex 13.6221 -6.2799 4.5
      vertex 14.7119 -6.78229 4.5
      vertex 13.8582 -5.74025 4.5
    endloop
  endfacet
  facet normal 0 0 1
    outer loop
      vertex 14.7119 -6.78229 4.5
      vertex 13.6221 -6.2799 4.5
      vertex 14.4343 -7.35465 4.5
    endloop
  endfacet
  facet normal -0 0 1
    outer loop
      vertex 13.3651 -6.80986 4.5
      vertex 14.4343 -7.35465 4.5
      vertex 13.6221 -6.2799 4.5
    endloop
  endfacet
  facet normal 0 0 1
    outer loop
      vertex 14.4343 -7.35465 4.5
      vertex 13.3651 -6.80986 4.5
      vertex 14.1344 -7.91566 4.5
    endloop
  endfacet
  facet normal -0 0 1
    outer loop
      vertex 13.0874 -7.32932 4.5
      vertex 14.1344 -7.91566 4.5
      vertex 13.3651 -6.80986 4.5
    endloop
  endfacet
  facet normal 0 0 1
    outer loop
      vertex 14.1344 -7.91566 4.5
      vertex 13.0874 -7.32932 4.5
      vertex 13.8128 -8.46448 4.5
    endloop
  endfacet
  facet normal -0 0 1
    outer loop
      vertex 12.7896 -7.83748 4.5
      vertex 13.8128 -8.46448 4.5
      vertex 13.0874 -7.32932 4.5
    endloop
  endfacet
  facet normal 0 0 1
    outer loop
      vertex 13.8128 -8.46448 4.5
      vertex 12.7896 -7.83748 4.5
      vertex 13.4698 -9.00024 4.5
    endloop
  endfacet
  facet normal -0 0 1
    outer loop
      vertex 12.472 -8.33355 4.5
      vertex 13.4698 -9.00024 4.5
      vertex 12.7896 -7.83748 4.5
    endloop
  endfacet
  facet normal 0 0 1
    outer loop
      vertex 13.4698 -9.00024 4.5
      vertex 12.472 -8.33355 4.5
      vertex 13.1061 -9.52212 4.5
    endloop
  endfacet
  facet normal -0 0 1
    outer loop
      vertex 12.1353 -8.81678 4.5
      vertex 13.1061 -9.52212 4.5
      vertex 12.472 -8.33355 4.5
    endloop
  endfacet
  facet normal 0 0 1
    outer loop
      vertex 13.1061 -9.52212 4.5
      vertex 12.1353 -8.81678 4.5
      vertex 12.7221 -10.0293 4.5
    endloop
  endfacet
  facet normal -0 0 1
    outer loop
      vertex 11.7798 -9.28641 4.5
      vertex 12.7221 -10.0293 4.5
      vertex 12.1353 -8.81678 4.5
    endloop
  endfacet
  facet normal 0 0 1
    outer loop
      vertex 12.7221 -10.0293 4.5
      vertex 11.7798 -9.28641 4.5
      vertex 12.3186 -10.5211 4.5
    endloop
  endfacet
  facet normal -0 0 1
    outer loop
      vertex 11.4061 -9.74172 4.5
      vertex 12.3186 -10.5211 4.5
      vertex 11.7798 -9.28641 4.5
    endloop
  endfacet
  facet normal 0 0 1
    outer loop
      vertex 12.3186 -10.5211 4.5
      vertex 11.4061 -9.74172 4.5
      vertex 11.896 -10.9966 4.5
    endloop
  endfacet
  facet normal -0 0 1
    outer loop
      vertex 11.0148 -10.182 4.5
      vertex 11.896 -10.9966 4.5
      vertex 11.4061 -9.74172 4.5
    endloop
  endfacet
  facet normal 0 0 1
    outer loop
      vertex 11.896 -10.9966 4.5
      vertex 11.0148 -10.182 4.5
      vertex 10.9778 -10.5182 4.5
    endloop
  endfacet
  facet normal 0 0 1
    outer loop
      vertex 11.896 -10.9966 4.5
      vertex 10.9778 -10.5182 4.5
      vertex 11.6804 -11.2208 4.5
    endloop
  endfacet
  facet normal 0 0 1
    outer loop
      vertex 10.6066 -10.6066 4.5
      vertex 10.9778 -10.5182 4.5
      vertex 11.0148 -10.182 4.5
    endloop
  endfacet
  facet normal -0 0 1
    outer loop
      vertex 10.6066 -10.6066 4.5
      vertex 10.5182 -10.9778 4.5
      vertex 10.9778 -10.5182 4.5
    endloop
  endfacet
  facet normal 0 -0 1
    outer loop
      vertex 10.5182 -10.9778 4.5
      vertex 10.6066 -10.6066 4.5
      vertex 10.182 -11.0148 4.5
    endloop
  endfacet
  facet normal 0 0 1
    outer loop
      vertex 10.5182 -10.9778 4.5
      vertex 10.9966 -11.896 4.5
      vertex 11.2208 -11.6804 4.5
    endloop
  endfacet
  facet normal -0 0 1
    outer loop
      vertex 10.182 -11.0148 4.5
      vertex 10.9966 -11.896 4.5
      vertex 10.5182 -10.9778 4.5
    endloop
  endfacet
  facet normal 0 0 1
    outer loop
      vertex 10.9966 -11.896 4.5
      vertex 10.182 -11.0148 4.5
      vertex 10.5211 -12.3186 4.5
    endloop
  endfacet
  facet normal -0 0 1
    outer loop
      vertex 9.74172 -11.4061 4.5
      vertex 10.5211 -12.3186 4.5
      vertex 10.182 -11.0148 4.5
    endloop
  endfacet
  facet normal 0 0 1
    outer loop
      vertex 10.5211 -12.3186 4.5
      vertex 9.74172 -11.4061 4.5
      vertex 10.0293 -12.7221 4.5
    endloop
  endfacet
  facet normal -0 0 1
    outer loop
      vertex 9.28641 -11.7798 4.5
      vertex 10.0293 -12.7221 4.5
      vertex 9.74172 -11.4061 4.5
    endloop
  endfacet
  facet normal 0 0 1
    outer loop
      vertex 10.0293 -12.7221 4.5
      vertex 9.28641 -11.7798 4.5
      vertex 9.52212 -13.1061 4.5
    endloop
  endfacet
  facet normal -0 0 1
    outer loop
      vertex 8.81678 -12.1353 4.5
      vertex 9.52212 -13.1061 4.5
      vertex 9.28641 -11.7798 4.5
    endloop
  endfacet
  facet normal 0 0 1
    outer loop
      vertex 9.52212 -13.1061 4.5
      vertex 8.81678 -12.1353 4.5
      vertex 9.00024 -13.4698 4.5
    endloop
  endfacet
  facet normal -0 0 1
    outer loop
      vertex 8.33355 -12.472 4.5
      vertex 9.00024 -13.4698 4.5
      vertex 8.81678 -12.1353 4.5
    endloop
  endfacet
  facet normal 0 0 1
    outer loop
      vertex 9.00024 -13.4698 4.5
      vertex 8.33355 -12.472 4.5
      vertex 8.46448 -13.8128 4.5
    endloop
  endfacet
  facet normal -0 0 1
    outer loop
      vertex 7.83748 -12.7896 4.5
      vertex 8.46448 -13.8128 4.5
      vertex 8.33355 -12.472 4.5
    endloop
  endfacet
  facet normal 0 0 1
    outer loop
      vertex 8.46448 -13.8128 4.5
      vertex 7.83748 -12.7896 4.5
      vertex 7.91566 -14.1344 4.5
    endloop
  endfacet
  facet normal -0 0 1
    outer loop
      vertex 7.32932 -13.0874 4.5
      vertex 7.91566 -14.1344 4.5
      vertex 7.83748 -12.7896 4.5
    endloop
  endfacet
  facet normal 0 0 1
    outer loop
      vertex 7.91566 -14.1344 4.5
      vertex 7.32932 -13.0874 4.5
      vertex 7.35465 -14.4343 4.5
    endloop
  endfacet
  facet normal -0 0 1
    outer loop
      vertex 6.80986 -13.3651 4.5
      vertex 7.35465 -14.4343 4.5
      vertex 7.32932 -13.0874 4.5
    endloop
  endfacet
  facet normal 0 0 1
    outer loop
      vertex 6.80986 -13.3651 4.5
      vertex 6.78229 -14.7119 4.5
      vertex 7.35465 -14.4343 4.5
    endloop
  endfacet
  facet normal -0 0 1
    outer loop
      vertex 6.2799 -13.6221 4.5
      vertex 6.78229 -14.7119 4.5
      vertex 6.80986 -13.3651 4.5
    endloop
  endfacet
  facet normal 0 0 1
    outer loop
      vertex 6.2799 -13.6221 4.5
      vertex 6.19947 -14.9668 4.5
      vertex 6.78229 -14.7119 4.5
    endloop
  endfacet
  facet normal -0 0 1
    outer loop
      vertex 5.74025 -13.8582 4.5
      vertex 6.19947 -14.9668 4.5
      vertex 6.2799 -13.6221 4.5
    endloop
  endfacet
  facet normal 0 0 1
    outer loop
      vertex 5.74025 -13.8582 4.5
      vertex 5.6071 -15.1987 4.5
      vertex 6.19947 -14.9668 4.5
    endloop
  endfacet
  facet normal -0 0 1
    outer loop
      vertex 5.19176 -14.0729 4.5
      vertex 5.6071 -15.1987 4.5
      vertex 5.74025 -13.8582 4.5
    endloop
  endfacet
  facet normal 0 0 1
    outer loop
      vertex 5.19176 -14.0729 4.5
      vertex 5.00607 -15.4071 4.5
      vertex 5.6071 -15.1987 4.5
    endloop
  endfacet
  facet normal -0 0 1
    outer loop
      vertex 4.63525 -14.2658 4.5
      vertex 5.00607 -15.4071 4.5
      vertex 5.19176 -14.0729 4.5
    endloop
  endfacet
  facet normal 0 0 1
    outer loop
      vertex 4.63525 -14.2658 4.5
      vertex 4.39734 -15.5918 4.5
      vertex 5.00607 -15.4071 4.5
    endloop
  endfacet
  facet normal -0 0 1
    outer loop
      vertex 4.07161 -14.4368 4.5
      vertex 4.39734 -15.5918 4.5
      vertex 4.63525 -14.2658 4.5
    endloop
  endfacet
  facet normal 0 0 1
    outer loop
      vertex 4.07161 -14.4368 4.5
      vertex 3.78181 -15.7524 4.5
      vertex 4.39734 -15.5918 4.5
    endloop
  endfacet
  facet normal -0 0 1
    outer loop
      vertex 3.50168 -14.5855 4.5
      vertex 3.78181 -15.7524 4.5
      vertex 4.07161 -14.4368 4.5
    endloop
  endfacet
  facet normal 0 0 1
    outer loop
      vertex 3.50168 -14.5855 4.5
      vertex 3.16046 -15.8887 4.5
      vertex 3.78181 -15.7524 4.5
    endloop
  endfacet
  facet normal -0 0 1
    outer loop
      vertex 2.92635 -14.7118 4.5
      vertex 3.16046 -15.8887 4.5
      vertex 3.50168 -14.5855 4.5
    endloop
  endfacet
  facet normal 0 0 1
    outer loop
      vertex 2.92635 -14.7118 4.5
      vertex 2.53424 -16.0005 4.5
      vertex 3.16046 -15.8887 4.5
    endloop
  endfacet
  facet normal -0 0 1
    outer loop
      vertex 2.34652 -14.8153 4.5
      vertex 2.53424 -16.0005 4.5
      vertex 2.92635 -14.7118 4.5
    endloop
  endfacet
  facet normal 0 0 1
    outer loop
      vertex 2.34652 -14.8153 4.5
      vertex 1.90411 -16.0877 4.5
      vertex 2.53424 -16.0005 4.5
    endloop
  endfacet
  facet normal -0 0 1
    outer loop
      vertex 1.76306 -14.896 4.5
      vertex 1.90411 -16.0877 4.5
      vertex 2.34652 -14.8153 4.5
    endloop
  endfacet
  facet normal 0 0 1
    outer loop
      vertex 1.76306 -14.896 4.5
      vertex 1.27104 -16.1501 4.5
      vertex 1.90411 -16.0877 4.5
    endloop
  endfacet
  facet normal -0 0 1
    outer loop
      vertex 1.17689 -14.9538 4.5
      vertex 1.27104 -16.1501 4.5
      vertex 1.76306 -14.896 4.5
    endloop
  endfacet
  facet normal 0 0 1
    outer loop
      vertex 1.17689 -14.9538 4.5
      vertex 0.636008 -16.1875 4.5
      vertex 1.27104 -16.1501 4.5
    endloop
  endfacet
  facet normal -0 0 1
    outer loop
      vertex 0.588897 -14.9884 4.5
      vertex 0.636008 -16.1875 4.5
      vertex 1.17689 -14.9538 4.5
    endloop
  endfacet
  facet normal -0 0 1
    outer loop
      vertex 0 -15 4.5
      vertex 0.636008 -16.1875 4.5
      vertex 0.588897 -14.9884 4.5
    endloop
  endfacet
  facet normal 0 0 1
    outer loop
      vertex 0 -15 4.5
      vertex 0 -16.2 4.5
      vertex 0.636008 -16.1875 4.5
    endloop
  endfacet
  facet normal 0 0 1
    outer loop
      vertex -0.588897 -14.9884 4.5
      vertex 0 -16.2 4.5
      vertex 0 -15 4.5
    endloop
  endfacet
  facet normal 0 0 1
    outer loop
      vertex -0.588897 -14.9884 4.5
      vertex -0.636008 -16.1875 4.5
      vertex 0 -16.2 4.5
    endloop
  endfacet
  facet normal 0 0 1
    outer loop
      vertex -1.17689 -14.9538 4.5
      vertex -0.636008 -16.1875 4.5
      vertex -0.588897 -14.9884 4.5
    endloop
  endfacet
  facet normal 0 0 1
    outer loop
      vertex -1.17689 -14.9538 4.5
      vertex -1.27104 -16.1501 4.5
      vertex -0.636008 -16.1875 4.5
    endloop
  endfacet
  facet normal 0 0 1
    outer loop
      vertex -1.76306 -14.896 4.5
      vertex -1.27104 -16.1501 4.5
      vertex -1.17689 -14.9538 4.5
    endloop
  endfacet
  facet normal 0 0 1
    outer loop
      vertex -1.76306 -14.896 4.5
      vertex -1.90411 -16.0877 4.5
      vertex -1.27104 -16.1501 4.5
    endloop
  endfacet
  facet normal 0 0 1
    outer loop
      vertex -2.34652 -14.8153 4.5
      vertex -1.90411 -16.0877 4.5
      vertex -1.76306 -14.896 4.5
    endloop
  endfacet
  facet normal 0 0 1
    outer loop
      vertex -2.34652 -14.8153 4.5
      vertex -2.53424 -16.0005 4.5
      vertex -1.90411 -16.0877 4.5
    endloop
  endfacet
  facet normal 0 0 1
    outer loop
      vertex -2.92635 -14.7118 4.5
      vertex -2.53424 -16.0005 4.5
      vertex -2.34652 -14.8153 4.5
    endloop
  endfacet
  facet normal 0 0 1
    outer loop
      vertex -2.92635 -14.7118 4.5
      vertex -3.16046 -15.8887 4.5
      vertex -2.53424 -16.0005 4.5
    endloop
  endfacet
  facet normal 0 0 1
    outer loop
      vertex -3.50168 -14.5855 4.5
      vertex -3.16046 -15.8887 4.5
      vertex -2.92635 -14.7118 4.5
    endloop
  endfacet
  facet normal 0 0 1
    outer loop
      vertex -3.50168 -14.5855 4.5
      vertex -3.78181 -15.7524 4.5
      vertex -3.16046 -15.8887 4.5
    endloop
  endfacet
  facet normal 0 0 1
    outer loop
      vertex -4.07161 -14.4368 4.5
      vertex -3.78181 -15.7524 4.5
      vertex -3.50168 -14.5855 4.5
    endloop
  endfacet
  facet normal 0 0 1
    outer loop
      vertex -4.07161 -14.4368 4.5
      vertex -4.39734 -15.5918 4.5
      vertex -3.78181 -15.7524 4.5
    endloop
  endfacet
  facet normal 0 0 1
    outer loop
      vertex -4.63525 -14.2658 4.5
      vertex -4.39734 -15.5918 4.5
      vertex -4.07161 -14.4368 4.5
    endloop
  endfacet
  facet normal 0 0 1
    outer loop
      vertex -4.63525 -14.2658 4.5
      vertex -5.00607 -15.4071 4.5
      vertex -4.39734 -15.5918 4.5
    endloop
  endfacet
  facet normal 0 0 1
    outer loop
      vertex -5.19176 -14.0729 4.5
      vertex -5.00607 -15.4071 4.5
      vertex -4.63525 -14.2658 4.5
    endloop
  endfacet
  facet normal 0 0 1
    outer loop
      vertex -5.19176 -14.0729 4.5
      vertex -5.6071 -15.1987 4.5
      vertex -5.00607 -15.4071 4.5
    endloop
  endfacet
  facet normal 0 0 1
    outer loop
      vertex -5.74025 -13.8582 4.5
      vertex -5.6071 -15.1987 4.5
      vertex -5.19176 -14.0729 4.5
    endloop
  endfacet
  facet normal 0 0 1
    outer loop
      vertex -5.74025 -13.8582 4.5
      vertex -6.19947 -14.9668 4.5
      vertex -5.6071 -15.1987 4.5
    endloop
  endfacet
  facet normal 0 0 1
    outer loop
      vertex -6.2799 -13.6221 4.5
      vertex -6.19947 -14.9668 4.5
      vertex -5.74025 -13.8582 4.5
    endloop
  endfacet
  facet normal 0 0 1
    outer loop
      vertex -6.2799 -13.6221 4.5
      vertex -6.78229 -14.7119 4.5
      vertex -6.19947 -14.9668 4.5
    endloop
  endfacet
  facet normal 0 0 1
    outer loop
      vertex -6.80986 -13.3651 4.5
      vertex -6.78229 -14.7119 4.5
      vertex -6.2799 -13.6221 4.5
    endloop
  endfacet
  facet normal 0 0 1
    outer loop
      vertex -7.35465 -14.4343 4.5
      vertex -6.80986 -13.3651 4.5
      vertex -7.32932 -13.0874 4.5
    endloop
  endfacet
  facet normal 0 0 1
    outer loop
      vertex -6.80986 -13.3651 4.5
      vertex -7.35465 -14.4343 4.5
      vertex -6.78229 -14.7119 4.5
    endloop
  endfacet
  facet normal 0 0 1
    outer loop
      vertex -7.91566 -14.1344 4.5
      vertex -7.32932 -13.0874 4.5
      vertex -7.83748 -12.7896 4.5
    endloop
  endfacet
  facet normal 0 0 1
    outer loop
      vertex -7.32932 -13.0874 4.5
      vertex -7.91566 -14.1344 4.5
      vertex -7.35465 -14.4343 4.5
    endloop
  endfacet
  facet normal 0 0 1
    outer loop
      vertex -8.46448 -13.8128 4.5
      vertex -7.83748 -12.7896 4.5
      vertex -8.33355 -12.472 4.5
    endloop
  endfacet
  facet normal 0 0 1
    outer loop
      vertex -7.83748 -12.7896 4.5
      vertex -8.46448 -13.8128 4.5
      vertex -7.91566 -14.1344 4.5
    endloop
  endfacet
  facet normal 0 0 1
    outer loop
      vertex -9.00024 -13.4698 4.5
      vertex -8.33355 -12.472 4.5
      vertex -8.81678 -12.1353 4.5
    endloop
  endfacet
  facet normal 0 0 1
    outer loop
      vertex -8.33355 -12.472 4.5
      vertex -9.00024 -13.4698 4.5
      vertex -8.46448 -13.8128 4.5
    endloop
  endfacet
  facet normal 0 0 1
    outer loop
      vertex -9.52212 -13.1061 4.5
      vertex -8.81678 -12.1353 4.5
      vertex -9.28641 -11.7798 4.5
    endloop
  endfacet
  facet normal 0 0 1
    outer loop
      vertex -8.81678 -12.1353 4.5
      vertex -9.52212 -13.1061 4.5
      vertex -9.00024 -13.4698 4.5
    endloop
  endfacet
  facet normal 0 0 1
    outer loop
      vertex -10.0293 -12.7221 4.5
      vertex -9.28641 -11.7798 4.5
      vertex -9.74172 -11.4061 4.5
    endloop
  endfacet
  facet normal 0 0 1
    outer loop
      vertex -9.28641 -11.7798 4.5
      vertex -10.0293 -12.7221 4.5
      vertex -9.52212 -13.1061 4.5
    endloop
  endfacet
  facet normal 0 0 1
    outer loop
      vertex -10.5211 -12.3186 4.5
      vertex -9.74172 -11.4061 4.5
      vertex -10.182 -11.0148 4.5
    endloop
  endfacet
  facet normal 0 0 1
    outer loop
      vertex -10.9966 -11.896 4.5
      vertex -10.182 -11.0148 4.5
      vertex -10.5182 -10.9778 4.5
    endloop
  endfacet
  facet normal 0 0 1
    outer loop
      vertex -9.74172 -11.4061 4.5
      vertex -10.5211 -12.3186 4.5
      vertex -10.0293 -12.7221 4.5
    endloop
  endfacet
  facet normal 0 0 1
    outer loop
      vertex -10.182 -11.0148 4.5
      vertex -10.9966 -11.896 4.5
      vertex -10.5211 -12.3186 4.5
    endloop
  endfacet
  facet normal 0 -0 1
    outer loop
      vertex -10.9966 -11.896 4.5
      vertex -10.5182 -10.9778 4.5
      vertex -11.2208 -11.6804 4.5
    endloop
  endfacet
  facet normal 0 0 1
    outer loop
      vertex -10.6066 -10.6066 4.5
      vertex -10.5182 -10.9778 4.5
      vertex -10.182 -11.0148 4.5
    endloop
  endfacet
  facet normal 0 0 1
    outer loop
      vertex -10.6066 -10.6066 4.5
      vertex -10.9778 -10.5182 4.5
      vertex -10.5182 -10.9778 4.5
    endloop
  endfacet
  facet normal 0 0 1
    outer loop
      vertex -11.0148 -10.182 4.5
      vertex -10.9778 -10.5182 4.5
      vertex -10.6066 -10.6066 4.5
    endloop
  endfacet
  facet normal 0 0 1
    outer loop
      vertex -11.896 -10.9966 4.5
      vertex -11.0148 -10.182 4.5
      vertex -11.4061 -9.74172 4.5
    endloop
  endfacet
  facet normal 0 0 1
    outer loop
      vertex -11.0148 -10.182 4.5
      vertex -11.896 -10.9966 4.5
      vertex -10.9778 -10.5182 4.5
    endloop
  endfacet
  facet normal 0 0 1
    outer loop
      vertex -12.3186 -10.5211 4.5
      vertex -11.4061 -9.74172 4.5
      vertex -11.7798 -9.28641 4.5
    endloop
  endfacet
  facet normal 0 0 1
    outer loop
      vertex -10.9778 -10.5182 4.5
      vertex -11.896 -10.9966 4.5
      vertex -11.6804 -11.2208 4.5
    endloop
  endfacet
  facet normal 0 0 1
    outer loop
      vertex -12.7221 -10.0293 4.5
      vertex -11.7798 -9.28641 4.5
      vertex -12.1353 -8.81678 4.5
    endloop
  endfacet
  facet normal 0 0 1
    outer loop
      vertex -11.4061 -9.74172 4.5
      vertex -12.3186 -10.5211 4.5
      vertex -11.896 -10.9966 4.5
    endloop
  endfacet
  facet normal 0 0 1
    outer loop
      vertex -13.1061 -9.52212 4.5
      vertex -12.1353 -8.81678 4.5
      vertex -12.472 -8.33355 4.5
    endloop
  endfacet
  facet normal 0 0 1
    outer loop
      vertex -11.7798 -9.28641 4.5
      vertex -12.7221 -10.0293 4.5
      vertex -12.3186 -10.5211 4.5
    endloop
  endfacet
  facet normal 0 0 1
    outer loop
      vertex -13.4698 -9.00024 4.5
      vertex -12.472 -8.33355 4.5
      vertex -12.7896 -7.83748 4.5
    endloop
  endfacet
  facet normal 0 0 1
    outer loop
      vertex -13.8128 -8.46448 4.5
      vertex -12.7896 -7.83748 4.5
      vertex -13.0874 -7.32932 4.5
    endloop
  endfacet
  facet normal 0 0 1
    outer loop
      vertex -12.1353 -8.81678 4.5
      vertex -13.1061 -9.52212 4.5
      vertex -12.7221 -10.0293 4.5
    endloop
  endfacet
  facet normal 0 0 1
    outer loop
      vertex -14.1344 -7.91566 4.5
      vertex -13.0874 -7.32932 4.5
      vertex -13.3651 -6.80986 4.5
    endloop
  endfacet
  facet normal 0 0 1
    outer loop
      vertex -12.472 -8.33355 4.5
      vertex -13.4698 -9.00024 4.5
      vertex -13.1061 -9.52212 4.5
    endloop
  endfacet
  facet normal 0 0 1
    outer loop
      vertex -14.4343 -7.35465 4.5
      vertex -13.3651 -6.80986 4.5
      vertex -13.6221 -6.2799 4.5
    endloop
  endfacet
  facet normal 0 0 1
    outer loop
      vertex -12.7896 -7.83748 4.5
      vertex -13.8128 -8.46448 4.5
      vertex -13.4698 -9.00024 4.5
    endloop
  endfacet
  facet normal 0 0 1
    outer loop
      vertex -14.7119 -6.78229 4.5
      vertex -13.6221 -6.2799 4.5
      vertex -13.8582 -5.74025 4.5
    endloop
  endfacet
  facet normal 0 0 1
    outer loop
      vertex -14.9668 -6.19947 4.5
      vertex -13.8582 -5.74025 4.5
      vertex -14.0729 -5.19176 4.5
    endloop
  endfacet
  facet normal 0 0 1
    outer loop
      vertex -13.0874 -7.32932 4.5
      vertex -14.1344 -7.91566 4.5
      vertex -13.8128 -8.46448 4.5
    endloop
  endfacet
  facet normal 0 0 1
    outer loop
      vertex -15.1987 -5.6071 4.5
      vertex -14.0729 -5.19176 4.5
      vertex -14.2658 -4.63525 4.5
    endloop
  endfacet
  facet normal 0 0 1
    outer loop
      vertex -13.3651 -6.80986 4.5
      vertex -14.4343 -7.35465 4.5
      vertex -14.1344 -7.91566 4.5
    endloop
  endfacet
  facet normal 0 0 1
    outer loop
      vertex -15.4071 -5.00607 4.5
      vertex -14.2658 -4.63525 4.5
      vertex -14.4368 -4.07161 4.5
    endloop
  endfacet
  facet normal 0 0 1
    outer loop
      vertex -15.5918 -4.39734 4.5
      vertex -14.4368 -4.07161 4.5
      vertex -14.5855 -3.50168 4.5
    endloop
  endfacet
  facet normal 0 0 1
    outer loop
      vertex -15.7524 -3.78181 4.5
      vertex -14.5855 -3.50168 4.5
      vertex -14.7118 -2.92635 4.5
    endloop
  endfacet
  facet normal 0 0 1
    outer loop
      vertex -13.6221 -6.2799 4.5
      vertex -14.7119 -6.78229 4.5
      vertex -14.4343 -7.35465 4.5
    endloop
  endfacet
  facet normal 0 0 1
    outer loop
      vertex -15.8887 -3.16046 4.5
      vertex -14.7118 -2.92635 4.5
      vertex -14.8153 -2.34652 4.5
    endloop
  endfacet
  facet normal 0 0 1
    outer loop
      vertex -16.0005 -2.53424 4.5
      vertex -14.8153 -2.34652 4.5
      vertex -14.896 -1.76306 4.5
    endloop
  endfacet
  facet normal 0 0 1
    outer loop
      vertex -16.0877 -1.90411 4.5
      vertex -14.896 -1.76306 4.5
      vertex -14.9538 -1.17689 4.5
    endloop
  endfacet
  facet normal 0 0 1
    outer loop
      vertex -13.8582 -5.74025 4.5
      vertex -14.9668 -6.19947 4.5
      vertex -14.7119 -6.78229 4.5
    endloop
  endfacet
  facet normal 0 0 1
    outer loop
      vertex -16.1501 -1.27104 4.5
      vertex -14.9538 -1.17689 4.5
      vertex -14.9884 -0.588897 4.5
    endloop
  endfacet
  facet normal 0 0 1
    outer loop
      vertex -16.1875 -0.636008 4.5
      vertex -14.9884 -0.588897 4.5
      vertex -15 0 4.5
    endloop
  endfacet
  facet normal -0 0 1
    outer loop
      vertex -16.0005 2.53424 4.5
      vertex -14.8153 2.34652 4.5
      vertex -15.8887 3.16046 4.5
    endloop
  endfacet
  facet normal 0 0 1
    outer loop
      vertex -14.0729 -5.19176 4.5
      vertex -15.1987 -5.6071 4.5
      vertex -14.9668 -6.19947 4.5
    endloop
  endfacet
  facet normal 0 0 1
    outer loop
      vertex -14.8153 2.34652 4.5
      vertex -16.0005 2.53424 4.5
      vertex -14.896 1.76306 4.5
    endloop
  endfacet
  facet normal 0 0 1
    outer loop
      vertex -14.2658 -4.63525 4.5
      vertex -15.4071 -5.00607 4.5
      vertex -15.1987 -5.6071 4.5
    endloop
  endfacet
  facet normal -0 0 1
    outer loop
      vertex -16.0877 1.90411 4.5
      vertex -14.896 1.76306 4.5
      vertex -16.0005 2.53424 4.5
    endloop
  endfacet
  facet normal 0 0 1
    outer loop
      vertex -14.4368 -4.07161 4.5
      vertex -15.5918 -4.39734 4.5
      vertex -15.4071 -5.00607 4.5
    endloop
  endfacet
  facet normal 0 0 1
    outer loop
      vertex -14.896 1.76306 4.5
      vertex -16.0877 1.90411 4.5
      vertex -14.9538 1.17689 4.5
    endloop
  endfacet
  facet normal 0 0 1
    outer loop
      vertex -14.5855 -3.50168 4.5
      vertex -15.7524 -3.78181 4.5
      vertex -15.5918 -4.39734 4.5
    endloop
  endfacet
  facet normal -0 0 1
    outer loop
      vertex -16.1501 1.27104 4.5
      vertex -14.9538 1.17689 4.5
      vertex -16.0877 1.90411 4.5
    endloop
  endfacet
  facet normal 0 0 1
    outer loop
      vertex -14.7118 -2.92635 4.5
      vertex -15.8887 -3.16046 4.5
      vertex -15.7524 -3.78181 4.5
    endloop
  endfacet
  facet normal 0 0 1
    outer loop
      vertex -14.9538 1.17689 4.5
      vertex -16.1501 1.27104 4.5
      vertex -14.9884 0.588897 4.5
    endloop
  endfacet
  facet normal 0 0 1
    outer loop
      vertex -14.8153 -2.34652 4.5
      vertex -16.0005 -2.53424 4.5
      vertex -15.8887 -3.16046 4.5
    endloop
  endfacet
  facet normal -0 0 1
    outer loop
      vertex -16.1875 0.636008 4.5
      vertex -14.9884 0.588897 4.5
      vertex -16.1501 1.27104 4.5
    endloop
  endfacet
  facet normal 0 0 1
    outer loop
      vertex -14.896 -1.76306 4.5
      vertex -16.0877 -1.90411 4.5
      vertex -16.0005 -2.53424 4.5
    endloop
  endfacet
  facet normal 0 0 1
    outer loop
      vertex -14.9884 0.588897 4.5
      vertex -16.1875 0.636008 4.5
      vertex -15 0 4.5
    endloop
  endfacet
  facet normal 0 0 1
    outer loop
      vertex -14.9538 -1.17689 4.5
      vertex -16.1501 -1.27104 4.5
      vertex -16.0877 -1.90411 4.5
    endloop
  endfacet
  facet normal 0 0 1
    outer loop
      vertex -16.2 0 4.5
      vertex -15 0 4.5
      vertex -16.1875 0.636008 4.5
    endloop
  endfacet
  facet normal 0 0 1
    outer loop
      vertex -14.9884 -0.588897 4.5
      vertex -16.1875 -0.636008 4.5
      vertex -16.1501 -1.27104 4.5
    endloop
  endfacet
  facet normal 0 0 1
    outer loop
      vertex -15 0 4.5
      vertex -16.2 0 4.5
      vertex -16.1875 -0.636008 4.5
    endloop
  endfacet
  facet normal -0 0 1
    outer loop
      vertex -10.5182 10.9778 4.5
      vertex -10.6066 10.6066 4.5
      vertex -10.182 11.0148 4.5
    endloop
  endfacet
  facet normal 0 0 1
    outer loop
      vertex -10.9778 10.5182 4.5
      vertex -10.6066 10.6066 4.5
      vertex -10.5182 10.9778 4.5
    endloop
  endfacet
  facet normal -0 0 1
    outer loop
      vertex -10.9778 10.5182 4.5
      vertex -11.0148 10.182 4.5
      vertex -10.6066 10.6066 4.5
    endloop
  endfacet
  facet normal 0 0 1
    outer loop
      vertex -11.896 10.9966 4.5
      vertex -11.0148 10.182 4.5
      vertex -10.9778 10.5182 4.5
    endloop
  endfacet
  facet normal -0 0 1
    outer loop
      vertex -11.896 10.9966 4.5
      vertex -10.9778 10.5182 4.5
      vertex -11.6804 11.2208 4.5
    endloop
  endfacet
  facet normal 0 0 1
    outer loop
      vertex -11.0148 10.182 4.5
      vertex -11.896 10.9966 4.5
      vertex -11.4061 9.74172 4.5
    endloop
  endfacet
  facet normal -0 0 1
    outer loop
      vertex -12.3186 10.5211 4.5
      vertex -11.4061 9.74172 4.5
      vertex -11.896 10.9966 4.5
    endloop
  endfacet
  facet normal 0 0 1
    outer loop
      vertex -11.4061 9.74172 4.5
      vertex -12.3186 10.5211 4.5
      vertex -11.7798 9.28641 4.5
    endloop
  endfacet
  facet normal -0 0 1
    outer loop
      vertex -12.7221 10.0293 4.5
      vertex -11.7798 9.28641 4.5
      vertex -12.3186 10.5211 4.5
    endloop
  endfacet
  facet normal 0 0 1
    outer loop
      vertex -11.7798 9.28641 4.5
      vertex -12.7221 10.0293 4.5
      vertex -12.1353 8.81678 4.5
    endloop
  endfacet
  facet normal -0 0 1
    outer loop
      vertex -13.1061 9.52212 4.5
      vertex -12.1353 8.81678 4.5
      vertex -12.7221 10.0293 4.5
    endloop
  endfacet
  facet normal 0 0 1
    outer loop
      vertex -12.1353 8.81678 4.5
      vertex -13.1061 9.52212 4.5
      vertex -12.472 8.33355 4.5
    endloop
  endfacet
  facet normal -0 0 1
    outer loop
      vertex -13.4698 9.00024 4.5
      vertex -12.472 8.33355 4.5
      vertex -13.1061 9.52212 4.5
    endloop
  endfacet
  facet normal 0 0 1
    outer loop
      vertex -12.472 8.33355 4.5
      vertex -13.4698 9.00024 4.5
      vertex -12.7896 7.83748 4.5
    endloop
  endfacet
  facet normal -0 0 1
    outer loop
      vertex -13.8128 8.46448 4.5
      vertex -12.7896 7.83748 4.5
      vertex -13.4698 9.00024 4.5
    endloop
  endfacet
  facet normal 0 0 1
    outer loop
      vertex -12.7896 7.83748 4.5
      vertex -13.8128 8.46448 4.5
      vertex -13.0874 7.32932 4.5
    endloop
  endfacet
  facet normal -0 0 1
    outer loop
      vertex -14.1344 7.91566 4.5
      vertex -13.0874 7.32932 4.5
      vertex -13.8128 8.46448 4.5
    endloop
  endfacet
  facet normal 0 0 1
    outer loop
      vertex -13.0874 7.32932 4.5
      vertex -14.1344 7.91566 4.5
      vertex -13.3651 6.80986 4.5
    endloop
  endfacet
  facet normal -0 0 1
    outer loop
      vertex -14.4343 7.35465 4.5
      vertex -13.3651 6.80986 4.5
      vertex -14.1344 7.91566 4.5
    endloop
  endfacet
  facet normal 0 0 1
    outer loop
      vertex -13.3651 6.80986 4.5
      vertex -14.4343 7.35465 4.5
      vertex -13.6221 6.2799 4.5
    endloop
  endfacet
  facet normal -0 0 1
    outer loop
      vertex -14.7119 6.78229 4.5
      vertex -13.6221 6.2799 4.5
      vertex -14.4343 7.35465 4.5
    endloop
  endfacet
  facet normal 0 0 1
    outer loop
      vertex -13.6221 6.2799 4.5
      vertex -14.7119 6.78229 4.5
      vertex -13.8582 5.74025 4.5
    endloop
  endfacet
  facet normal -0 0 1
    outer loop
      vertex -14.9668 6.19947 4.5
      vertex -13.8582 5.74025 4.5
      vertex -14.7119 6.78229 4.5
    endloop
  endfacet
  facet normal 0 0 1
    outer loop
      vertex -13.8582 5.74025 4.5
      vertex -14.9668 6.19947 4.5
      vertex -14.0729 5.19176 4.5
    endloop
  endfacet
  facet normal -0 0 1
    outer loop
      vertex -15.1987 5.6071 4.5
      vertex -14.0729 5.19176 4.5
      vertex -14.9668 6.19947 4.5
    endloop
  endfacet
  facet normal 0 0 1
    outer loop
      vertex -14.0729 5.19176 4.5
      vertex -15.1987 5.6071 4.5
      vertex -14.2658 4.63525 4.5
    endloop
  endfacet
  facet normal -0 0 1
    outer loop
      vertex -15.4071 5.00607 4.5
      vertex -14.2658 4.63525 4.5
      vertex -15.1987 5.6071 4.5
    endloop
  endfacet
  facet normal 0 0 1
    outer loop
      vertex -14.2658 4.63525 4.5
      vertex -15.4071 5.00607 4.5
      vertex -14.4368 4.07161 4.5
    endloop
  endfacet
  facet normal -0 0 1
    outer loop
      vertex -15.5918 4.39734 4.5
      vertex -14.4368 4.07161 4.5
      vertex -15.4071 5.00607 4.5
    endloop
  endfacet
  facet normal 0 0 1
    outer loop
      vertex -14.4368 4.07161 4.5
      vertex -15.5918 4.39734 4.5
      vertex -14.5855 3.50168 4.5
    endloop
  endfacet
  facet normal -0 0 1
    outer loop
      vertex -15.7524 3.78181 4.5
      vertex -14.5855 3.50168 4.5
      vertex -15.5918 4.39734 4.5
    endloop
  endfacet
  facet normal 0 0 1
    outer loop
      vertex -14.5855 3.50168 4.5
      vertex -15.7524 3.78181 4.5
      vertex -14.7118 2.92635 4.5
    endloop
  endfacet
  facet normal -0 0 1
    outer loop
      vertex -15.8887 3.16046 4.5
      vertex -14.7118 2.92635 4.5
      vertex -15.7524 3.78181 4.5
    endloop
  endfacet
  facet normal 0 0 1
    outer loop
      vertex -14.7118 2.92635 4.5
      vertex -15.8887 3.16046 4.5
      vertex -14.8153 2.34652 4.5
    endloop
  endfacet
  facet normal -0.99827 0.0587928 0
    outer loop
      vertex -16.1875 0.636008 2
      vertex -16.1501 1.27104 4.5
      vertex -16.1501 1.27104 2
    endloop
  endfacet
  facet normal -0.99827 0.0587928 0
    outer loop
      vertex -16.1501 1.27104 4.5
      vertex -16.1875 0.636008 2
      vertex -16.1875 0.636008 4.5
    endloop
  endfacet
  facet normal -0.899757 0.436391 0
    outer loop
      vertex -14.7119 6.78229 2
      vertex -14.4343 7.35465 4.5
      vertex -14.4343 7.35465 2
    endloop
  endfacet
  facet normal -0.899757 0.436391 0
    outer loop
      vertex -14.4343 7.35465 4.5
      vertex -14.7119 6.78229 2
      vertex -14.7119 6.78229 4.5
    endloop
  endfacet
  facet normal -0.881899 0.471438 0
    outer loop
      vertex -14.4343 7.35465 2
      vertex -14.1344 7.91566 4.5
      vertex -14.1344 7.91566 2
    endloop
  endfacet
  facet normal -0.881899 0.471438 0
    outer loop
      vertex -14.1344 7.91566 4.5
      vertex -14.4343 7.35465 2
      vertex -14.4343 7.35465 4.5
    endloop
  endfacet
  facet normal -0.916206 0.400708 0
    outer loop
      vertex -14.9668 6.19947 2
      vertex -14.7119 6.78229 4.5
      vertex -14.7119 6.78229 2
    endloop
  endfacet
  facet normal -0.916206 0.400708 0
    outer loop
      vertex -14.7119 6.78229 4.5
      vertex -14.9668 6.19947 2
      vertex -14.9668 6.19947 4.5
    endloop
  endfacet
  facet normal -0.820424 0.571756 0
    outer loop
      vertex -13.4698 9.00024 2
      vertex -13.1061 9.52212 4.5
      vertex -13.1061 9.52212 2
    endloop
  endfacet
  facet normal -0.820424 0.571756 0
    outer loop
      vertex -13.1061 9.52212 4.5
      vertex -13.4698 9.00024 2
      vertex -13.4698 9.00024 4.5
    endloop
  endfacet
  facet normal -0.773095 0.63429 0
    outer loop
      vertex -12.7221 10.0293 2
      vertex -12.3186 10.5211 4.5
      vertex -12.3186 10.5211 2
    endloop
  endfacet
  facet normal -0.773095 0.63429 0
    outer loop
      vertex -12.3186 10.5211 4.5
      vertex -12.7221 10.0293 2
      vertex -12.7221 10.0293 4.5
    endloop
  endfacet
  facet normal 0.976775 -0.214266 0
    outer loop
      vertex 15.7524 -3.78181 4.5
      vertex 15.8887 -3.16046 2
      vertex 15.8887 -3.16046 4.5
    endloop
  endfacet
  facet normal 0.976775 -0.214266 0
    outer loop
      vertex 15.8887 -3.16046 2
      vertex 15.7524 -3.78181 4.5
      vertex 15.7524 -3.78181 2
    endloop
  endfacet
  facet normal 0.862782 -0.505577 0
    outer loop
      vertex 13.8128 -8.46448 4.5
      vertex 14.1344 -7.91566 2
      vertex 14.1344 -7.91566 4.5
    endloop
  endfacet
  facet normal 0.862782 -0.505577 0
    outer loop
      vertex 14.1344 -7.91566 2
      vertex 13.8128 -8.46448 4.5
      vertex 13.8128 -8.46448 2
    endloop
  endfacet
  facet normal 0.747461 -0.664305 0
    outer loop
      vertex 11.896 -10.9966 4.5
      vertex 12.3186 -10.5211 2
      vertex 12.3186 -10.5211 4.5
    endloop
  endfacet
  facet normal 0.747461 -0.664305 0
    outer loop
      vertex 12.3186 -10.5211 2
      vertex 11.896 -10.9966 4.5
      vertex 11.896 -10.9966 2
    endloop
  endfacet
  facet normal 0.720796 -0.693147 0
    outer loop
      vertex 11.6804 -11.2208 4.5
      vertex 11.896 -10.9966 2
      vertex 11.896 -10.9966 4.5
    endloop
  endfacet
  facet normal 0.720796 -0.693147 0
    outer loop
      vertex 11.896 -10.9966 2
      vertex 11.6804 -11.2208 4.5
      vertex 11.6804 -11.2208 2
    endloop
  endfacet
  facet normal 0.664305 -0.747461 0
    outer loop
      vertex 10.5211 -12.3186 2
      vertex 10.9966 -11.896 4.5
      vertex 10.5211 -12.3186 4.5
    endloop
  endfacet
  facet normal 0.664305 -0.747461 0
    outer loop
      vertex 10.9966 -11.896 4.5
      vertex 10.5211 -12.3186 2
      vertex 10.9966 -11.896 2
    endloop
  endfacet
  facet normal 0.53918 -0.84219 0
    outer loop
      vertex 8.46448 -13.8128 2
      vertex 9.00024 -13.4698 4.5
      vertex 8.46448 -13.8128 4.5
    endloop
  endfacet
  facet normal 0.53918 -0.84219 0
    outer loop
      vertex 9.00024 -13.4698 4.5
      vertex 8.46448 -13.8128 2
      vertex 9.00024 -13.4698 2
    endloop
  endfacet
  facet normal 0.175753 -0.984434 0
    outer loop
      vertex 2.53424 -16.0005 2
      vertex 3.16046 -15.8887 4.5
      vertex 2.53424 -16.0005 4.5
    endloop
  endfacet
  facet normal 0.175753 -0.984434 0
    outer loop
      vertex 3.16046 -15.8887 4.5
      vertex 2.53424 -16.0005 2
      vertex 3.16046 -15.8887 2
    endloop
  endfacet
  facet normal 0.252462 -0.967607 0
    outer loop
      vertex 3.78181 -15.7524 2
      vertex 4.39734 -15.5918 4.5
      vertex 3.78181 -15.7524 4.5
    endloop
  endfacet
  facet normal 0.252462 -0.967607 0
    outer loop
      vertex 4.39734 -15.5918 4.5
      vertex 3.78181 -15.7524 2
      vertex 4.39734 -15.5918 2
    endloop
  endfacet
  facet normal -0.967607 -0.252462 0
    outer loop
      vertex -15.5918 -4.39734 2
      vertex -15.7524 -3.78181 4.5
      vertex -15.7524 -3.78181 2
    endloop
  endfacet
  facet normal -0.967607 -0.252462 0
    outer loop
      vertex -15.7524 -3.78181 4.5
      vertex -15.5918 -4.39734 2
      vertex -15.5918 -4.39734 4.5
    endloop
  endfacet
  facet normal -0.84219 -0.53918 0
    outer loop
      vertex -13.4698 -9.00024 2
      vertex -13.8128 -8.46448 4.5
      vertex -13.8128 -8.46448 2
    endloop
  endfacet
  facet normal -0.84219 -0.53918 0
    outer loop
      vertex -13.8128 -8.46448 4.5
      vertex -13.4698 -9.00024 2
      vertex -13.4698 -9.00024 4.5
    endloop
  endfacet
  facet normal -0.747461 -0.664305 0
    outer loop
      vertex -11.896 -10.9966 2
      vertex -12.3186 -10.5211 4.5
      vertex -12.3186 -10.5211 2
    endloop
  endfacet
  facet normal -0.747461 -0.664305 0
    outer loop
      vertex -12.3186 -10.5211 4.5
      vertex -11.896 -10.9966 2
      vertex -11.896 -10.9966 4.5
    endloop
  endfacet
  facet normal -0.214266 -0.976775 0
    outer loop
      vertex -3.78181 -15.7524 2
      vertex -3.16046 -15.8887 4.5
      vertex -3.78181 -15.7524 4.5
    endloop
  endfacet
  facet normal -0.214266 -0.976775 -0
    outer loop
      vertex -3.16046 -15.8887 4.5
      vertex -3.78181 -15.7524 2
      vertex -3.16046 -15.8887 2
    endloop
  endfacet
  facet normal -0.137078 -0.99056 0
    outer loop
      vertex -2.53424 -16.0005 2
      vertex -1.90411 -16.0877 4.5
      vertex -2.53424 -16.0005 4.5
    endloop
  endfacet
  facet normal -0.137078 -0.99056 -0
    outer loop
      vertex -1.90411 -16.0877 4.5
      vertex -2.53424 -16.0005 2
      vertex -1.90411 -16.0877 2
    endloop
  endfacet
  facet normal -0.505577 -0.862782 0
    outer loop
      vertex -8.46448 -13.8128 2
      vertex -7.91566 -14.1344 4.5
      vertex -8.46448 -13.8128 4.5
    endloop
  endfacet
  facet normal -0.505577 -0.862782 -0
    outer loop
      vertex -7.91566 -14.1344 4.5
      vertex -8.46448 -13.8128 2
      vertex -7.91566 -14.1344 2
    endloop
  endfacet
  facet normal -0.664305 -0.747461 0
    outer loop
      vertex -10.9966 -11.896 2
      vertex -10.5211 -12.3186 4.5
      vertex -10.9966 -11.896 4.5
    endloop
  endfacet
  facet normal -0.664305 -0.747461 -0
    outer loop
      vertex -10.5211 -12.3186 4.5
      vertex -10.9966 -11.896 2
      vertex -10.5211 -12.3186 2
    endloop
  endfacet
  facet normal -0.693147 -0.720796 0
    outer loop
      vertex -11.2208 -11.6804 2
      vertex -10.9966 -11.896 4.5
      vertex -11.2208 -11.6804 4.5
    endloop
  endfacet
  facet normal -0.693147 -0.720796 -0
    outer loop
      vertex -10.9966 -11.896 4.5
      vertex -11.2208 -11.6804 2
      vertex -10.9966 -11.896 2
    endloop
  endfacet
  facet normal 0.984434 0.175753 0
    outer loop
      vertex 16.0005 2.53424 4.5
      vertex 15.8887 3.16046 2
      vertex 15.8887 3.16046 4.5
    endloop
  endfacet
  facet normal 0.984434 0.175753 0
    outer loop
      vertex 15.8887 3.16046 2
      vertex 16.0005 2.53424 4.5
      vertex 16.0005 2.53424 2
    endloop
  endfacet
  facet normal 0.995177 0.0980919 0
    outer loop
      vertex 16.1501 1.27104 4.5
      vertex 16.0877 1.90411 2
      vertex 16.0877 1.90411 4.5
    endloop
  endfacet
  facet normal 0.995177 0.0980919 0
    outer loop
      vertex 16.0877 1.90411 2
      vertex 16.1501 1.27104 4.5
      vertex 16.1501 1.27104 2
    endloop
  endfacet
  facet normal 0.944815 0.327603 0
    outer loop
      vertex 15.4071 5.00607 4.5
      vertex 15.1987 5.6071 2
      vertex 15.1987 5.6071 4.5
    endloop
  endfacet
  facet normal 0.944815 0.327603 0
    outer loop
      vertex 15.1987 5.6071 2
      vertex 15.4071 5.00607 4.5
      vertex 15.4071 5.00607 2
    endloop
  endfacet
  facet normal 0.967607 0.252462 0
    outer loop
      vertex 15.7524 3.78181 4.5
      vertex 15.5918 4.39734 2
      vertex 15.5918 4.39734 4.5
    endloop
  endfacet
  facet normal 0.967607 0.252462 0
    outer loop
      vertex 15.5918 4.39734 2
      vertex 15.7524 3.78181 4.5
      vertex 15.7524 3.78181 2
    endloop
  endfacet
  facet normal 0.0587928 0.99827 -0
    outer loop
      vertex 1.27104 16.1501 2
      vertex 0.636008 16.1875 4.5
      vertex 1.27104 16.1501 4.5
    endloop
  endfacet
  facet normal 0.0587928 0.99827 0
    outer loop
      vertex 0.636008 16.1875 4.5
      vertex 1.27104 16.1501 2
      vertex 0.636008 16.1875 2
    endloop
  endfacet
  facet normal 0.137078 0.99056 -0
    outer loop
      vertex 2.53424 16.0005 2
      vertex 1.90411 16.0877 4.5
      vertex 2.53424 16.0005 4.5
    endloop
  endfacet
  facet normal 0.137078 0.99056 0
    outer loop
      vertex 1.90411 16.0877 4.5
      vertex 2.53424 16.0005 2
      vertex 1.90411 16.0877 2
    endloop
  endfacet
  facet normal 0.36454 0.931188 -0
    outer loop
      vertex 6.19947 14.9668 2
      vertex 5.6071 15.1987 4.5
      vertex 6.19947 14.9668 4.5
    endloop
  endfacet
  facet normal 0.36454 0.931188 0
    outer loop
      vertex 5.6071 15.1987 4.5
      vertex 6.19947 14.9668 2
      vertex 5.6071 15.1987 2
    endloop
  endfacet
  facet normal 0.290348 0.956921 -0
    outer loop
      vertex 5.00607 15.4071 2
      vertex 4.39734 15.5918 4.5
      vertex 5.00607 15.4071 4.5
    endloop
  endfacet
  facet normal 0.290348 0.956921 0
    outer loop
      vertex 4.39734 15.5918 4.5
      vertex 5.00607 15.4071 2
      vertex 4.39734 15.5918 2
    endloop
  endfacet
  facet normal 0.214266 0.976775 -0
    outer loop
      vertex 3.78181 15.7524 2
      vertex 3.16046 15.8887 4.5
      vertex 3.78181 15.7524 4.5
    endloop
  endfacet
  facet normal 0.214266 0.976775 0
    outer loop
      vertex 3.16046 15.8887 4.5
      vertex 3.78181 15.7524 2
      vertex 3.16046 15.8887 2
    endloop
  endfacet
  facet normal 0.664305 0.747461 -0
    outer loop
      vertex 10.9966 11.896 2
      vertex 10.5211 12.3186 4.5
      vertex 10.9966 11.896 4.5
    endloop
  endfacet
  facet normal 0.664305 0.747461 0
    outer loop
      vertex 10.5211 12.3186 4.5
      vertex 10.9966 11.896 2
      vertex 10.5211 12.3186 2
    endloop
  endfacet
  facet normal 0.436391 0.899757 -0
    outer loop
      vertex 7.35465 14.4343 2
      vertex 6.78229 14.7119 4.5
      vertex 7.35465 14.4343 4.5
    endloop
  endfacet
  facet normal 0.436391 0.899757 0
    outer loop
      vertex 6.78229 14.7119 4.5
      vertex 7.35465 14.4343 2
      vertex 6.78229 14.7119 2
    endloop
  endfacet
  facet normal 0.84219 0.53918 0
    outer loop
      vertex 13.8128 8.46448 4.5
      vertex 13.4698 9.00024 2
      vertex 13.4698 9.00024 4.5
    endloop
  endfacet
  facet normal 0.84219 0.53918 0
    outer loop
      vertex 13.4698 9.00024 2
      vertex 13.8128 8.46448 4.5
      vertex 13.8128 8.46448 2
    endloop
  endfacet
  facet normal 0.916206 0.400708 0
    outer loop
      vertex 14.9668 6.19947 4.5
      vertex 14.7119 6.78229 2
      vertex 14.7119 6.78229 4.5
    endloop
  endfacet
  facet normal 0.916206 0.400708 0
    outer loop
      vertex 14.7119 6.78229 2
      vertex 14.9668 6.19947 4.5
      vertex 14.9668 6.19947 2
    endloop
  endfacet
  facet normal 0.773095 0.63429 0
    outer loop
      vertex 12.7221 10.0293 4.5
      vertex 12.3186 10.5211 2
      vertex 12.3186 10.5211 4.5
    endloop
  endfacet
  facet normal 0.773095 0.63429 0
    outer loop
      vertex 12.3186 10.5211 2
      vertex 12.7221 10.0293 4.5
      vertex 12.7221 10.0293 2
    endloop
  endfacet
  facet normal -0.175753 0.984434 0
    outer loop
      vertex -2.53424 16.0005 2
      vertex -3.16046 15.8887 4.5
      vertex -2.53424 16.0005 4.5
    endloop
  endfacet
  facet normal -0.175753 0.984434 0
    outer loop
      vertex -3.16046 15.8887 4.5
      vertex -2.53424 16.0005 2
      vertex -3.16046 15.8887 2
    endloop
  endfacet
  facet normal -0.252462 0.967607 0
    outer loop
      vertex -3.78181 15.7524 2
      vertex -4.39734 15.5918 4.5
      vertex -3.78181 15.7524 4.5
    endloop
  endfacet
  facet normal -0.252462 0.967607 0
    outer loop
      vertex -4.39734 15.5918 4.5
      vertex -3.78181 15.7524 2
      vertex -4.39734 15.5918 2
    endloop
  endfacet
  facet normal -0.53918 0.84219 0
    outer loop
      vertex -8.46448 13.8128 2
      vertex -9.00024 13.4698 4.5
      vertex -8.46448 13.8128 4.5
    endloop
  endfacet
  facet normal -0.53918 0.84219 0
    outer loop
      vertex -9.00024 13.4698 4.5
      vertex -8.46448 13.8128 2
      vertex -9.00024 13.4698 2
    endloop
  endfacet
  facet normal -0.63429 0.773095 0
    outer loop
      vertex -10.0293 12.7221 2
      vertex -10.5211 12.3186 4.5
      vertex -10.0293 12.7221 4.5
    endloop
  endfacet
  facet normal -0.63429 0.773095 0
    outer loop
      vertex -10.5211 12.3186 4.5
      vertex -10.0293 12.7221 2
      vertex -10.5211 12.3186 2
    endloop
  endfacet
  facet normal -0.976775 0.214266 0
    outer loop
      vertex -15.8887 3.16046 2
      vertex -15.7524 3.78181 4.5
      vertex -15.7524 3.78181 2
    endloop
  endfacet
  facet normal -0.976775 0.214266 0
    outer loop
      vertex -15.7524 3.78181 4.5
      vertex -15.8887 3.16046 2
      vertex -15.8887 3.16046 4.5
    endloop
  endfacet
  facet normal -0.84219 0.53918 0
    outer loop
      vertex -13.8128 8.46448 2
      vertex -13.4698 9.00024 4.5
      vertex -13.4698 9.00024 2
    endloop
  endfacet
  facet normal -0.84219 0.53918 0
    outer loop
      vertex -13.4698 9.00024 4.5
      vertex -13.8128 8.46448 2
      vertex -13.8128 8.46448 4.5
    endloop
  endfacet
  facet normal -0.797264 0.603631 0
    outer loop
      vertex -13.1061 9.52212 2
      vertex -12.7221 10.0293 4.5
      vertex -12.7221 10.0293 2
    endloop
  endfacet
  facet normal -0.797264 0.603631 0
    outer loop
      vertex -12.7221 10.0293 4.5
      vertex -13.1061 9.52212 2
      vertex -13.1061 9.52212 4.5
    endloop
  endfacet
  facet normal -0.747461 0.664305 0
    outer loop
      vertex -12.3186 10.5211 2
      vertex -11.896 10.9966 4.5
      vertex -11.896 10.9966 2
    endloop
  endfacet
  facet normal -0.747461 0.664305 0
    outer loop
      vertex -11.896 10.9966 4.5
      vertex -12.3186 10.5211 2
      vertex -12.3186 10.5211 4.5
    endloop
  endfacet
  facet normal -0.984434 -0.175753 0
    outer loop
      vertex -15.8887 -3.16046 2
      vertex -16.0005 -2.53424 4.5
      vertex -16.0005 -2.53424 2
    endloop
  endfacet
  facet normal -0.984434 -0.175753 0
    outer loop
      vertex -16.0005 -2.53424 4.5
      vertex -15.8887 -3.16046 2
      vertex -15.8887 -3.16046 4.5
    endloop
  endfacet
  facet normal 0.999807 0.01965 0
    outer loop
      vertex 16.2 0 4.5
      vertex 16.1875 0.636008 2
      vertex 16.1875 0.636008 4.5
    endloop
  endfacet
  facet normal 0.999807 0.01965 0
    outer loop
      vertex 16.1875 0.636008 2
      vertex 16.2 0 4.5
      vertex 16.2 0 2
    endloop
  endfacet
  facet normal 0.99056 0.137078 0
    outer loop
      vertex 16.0877 1.90411 4.5
      vertex 16.0005 2.53424 2
      vertex 16.0005 2.53424 4.5
    endloop
  endfacet
  facet normal 0.99056 0.137078 0
    outer loop
      vertex 16.0005 2.53424 2
      vertex 16.0877 1.90411 4.5
      vertex 16.0877 1.90411 2
    endloop
  endfacet
  facet normal 0.175753 0.984434 -0
    outer loop
      vertex 3.16046 15.8887 2
      vertex 2.53424 16.0005 4.5
      vertex 3.16046 15.8887 4.5
    endloop
  endfacet
  facet normal 0.175753 0.984434 0
    outer loop
      vertex 2.53424 16.0005 4.5
      vertex 3.16046 15.8887 2
      vertex 2.53424 16.0005 2
    endloop
  endfacet
  facet normal 0.252462 0.967607 -0
    outer loop
      vertex 4.39734 15.5918 2
      vertex 3.78181 15.7524 4.5
      vertex 4.39734 15.5918 4.5
    endloop
  endfacet
  facet normal 0.252462 0.967607 0
    outer loop
      vertex 3.78181 15.7524 4.5
      vertex 4.39734 15.5918 2
      vertex 3.78181 15.7524 2
    endloop
  endfacet
  facet normal 0.693147 0.720796 -0
    outer loop
      vertex 11.2208 11.6804 2
      vertex 10.9966 11.896 4.5
      vertex 11.2208 11.6804 4.5
    endloop
  endfacet
  facet normal 0.693147 0.720796 0
    outer loop
      vertex 10.9966 11.896 4.5
      vertex 11.2208 11.6804 2
      vertex 10.9966 11.896 2
    endloop
  endfacet
  facet normal 0.862782 0.505577 0
    outer loop
      vertex 14.1344 7.91566 4.5
      vertex 13.8128 8.46448 2
      vertex 13.8128 8.46448 4.5
    endloop
  endfacet
  facet normal 0.862782 0.505577 0
    outer loop
      vertex 13.8128 8.46448 2
      vertex 14.1344 7.91566 4.5
      vertex 14.1344 7.91566 2
    endloop
  endfacet
  facet normal 0.747461 0.664305 0
    outer loop
      vertex 12.3186 10.5211 4.5
      vertex 11.896 10.9966 2
      vertex 11.896 10.9966 4.5
    endloop
  endfacet
  facet normal 0.747461 0.664305 0
    outer loop
      vertex 11.896 10.9966 2
      vertex 12.3186 10.5211 4.5
      vertex 12.3186 10.5211 2
    endloop
  endfacet
  facet normal -0.137078 0.99056 0
    outer loop
      vertex -1.90411 16.0877 2
      vertex -2.53424 16.0005 4.5
      vertex -1.90411 16.0877 4.5
    endloop
  endfacet
  facet normal -0.137078 0.99056 0
    outer loop
      vertex -2.53424 16.0005 4.5
      vertex -1.90411 16.0877 2
      vertex -2.53424 16.0005 2
    endloop
  endfacet
  facet normal -0.505577 0.862782 0
    outer loop
      vertex -7.91566 14.1344 2
      vertex -8.46448 13.8128 4.5
      vertex -7.91566 14.1344 4.5
    endloop
  endfacet
  facet normal -0.505577 0.862782 0
    outer loop
      vertex -8.46448 13.8128 4.5
      vertex -7.91566 14.1344 2
      vertex -8.46448 13.8128 2
    endloop
  endfacet
  facet normal -0.664305 0.747461 0
    outer loop
      vertex -10.5211 12.3186 2
      vertex -10.9966 11.896 4.5
      vertex -10.5211 12.3186 4.5
    endloop
  endfacet
  facet normal -0.664305 0.747461 0
    outer loop
      vertex -10.9966 11.896 4.5
      vertex -10.5211 12.3186 2
      vertex -10.9966 11.896 2
    endloop
  endfacet
  facet normal -0.967607 0.252462 0
    outer loop
      vertex -15.7524 3.78181 2
      vertex -15.5918 4.39734 4.5
      vertex -15.5918 4.39734 2
    endloop
  endfacet
  facet normal -0.967607 0.252462 0
    outer loop
      vertex -15.5918 4.39734 4.5
      vertex -15.7524 3.78181 2
      vertex -15.7524 3.78181 4.5
    endloop
  endfacet
  facet normal -0.984434 0.175753 0
    outer loop
      vertex -16.0005 2.53424 2
      vertex -15.8887 3.16046 4.5
      vertex -15.8887 3.16046 2
    endloop
  endfacet
  facet normal -0.984434 0.175753 0
    outer loop
      vertex -15.8887 3.16046 4.5
      vertex -16.0005 2.53424 2
      vertex -16.0005 2.53424 4.5
    endloop
  endfacet
  facet normal -0.720796 0.693147 0
    outer loop
      vertex -11.896 10.9966 2
      vertex -11.6804 11.2208 4.5
      vertex -11.6804 11.2208 2
    endloop
  endfacet
  facet normal -0.720796 0.693147 0
    outer loop
      vertex -11.6804 11.2208 4.5
      vertex -11.896 10.9966 2
      vertex -11.896 10.9966 4.5
    endloop
  endfacet
  facet normal -0.967608 0.252458 0
    outer loop
      vertex 14.4368 -4.07161 2
      vertex 14.5855 -3.50168 4.5
      vertex 14.5855 -3.50168 2
    endloop
  endfacet
  facet normal -0.967608 0.252458 0
    outer loop
      vertex 14.5855 -3.50168 4.5
      vertex 14.4368 -4.07161 2
      vertex 14.4368 -4.07161 4.5
    endloop
  endfacet
  facet normal -0.77298 0.634431 0
    outer loop
      vertex 11.4061 -9.74172 2
      vertex 11.7798 -9.28641 4.5
      vertex 11.7798 -9.28641 2
    endloop
  endfacet
  facet normal -0.77298 0.634431 0
    outer loop
      vertex 11.7798 -9.28641 4.5
      vertex 11.4061 -9.74172 2
      vertex 11.4061 -9.74172 4.5
    endloop
  endfacet
  facet normal -0.0981303 0.995174 0
    outer loop
      vertex 1.76306 -14.896 2
      vertex 1.17689 -14.9538 4.5
      vertex 1.76306 -14.896 4.5
    endloop
  endfacet
  facet normal -0.0981303 0.995174 0
    outer loop
      vertex 1.17689 -14.9538 4.5
      vertex 1.76306 -14.896 2
      vertex 1.17689 -14.9538 2
    endloop
  endfacet
  facet normal 0.842183 0.539192 0
    outer loop
      vertex -12.472 -8.33355 4.5
      vertex -12.7896 -7.83748 2
      vertex -12.7896 -7.83748 4.5
    endloop
  endfacet
  facet normal 0.842183 0.539192 0
    outer loop
      vertex -12.7896 -7.83748 2
      vertex -12.472 -8.33355 4.5
      vertex -12.472 -8.33355 2
    endloop
  endfacet
  facet normal 0.995174 0.0981303 0
    outer loop
      vertex -14.896 -1.76306 4.5
      vertex -14.9538 -1.17689 2
      vertex -14.9538 -1.17689 4.5
    endloop
  endfacet
  facet normal 0.995174 0.0981303 0
    outer loop
      vertex -14.9538 -1.17689 2
      vertex -14.896 -1.76306 4.5
      vertex -14.896 -1.76306 2
    endloop
  endfacet
  facet normal 0.634431 0.77298 -0
    outer loop
      vertex -9.28641 -11.7798 2
      vertex -9.74172 -11.4061 4.5
      vertex -9.28641 -11.7798 4.5
    endloop
  endfacet
  facet normal 0.634431 0.77298 0
    outer loop
      vertex -9.74172 -11.4061 4.5
      vertex -9.28641 -11.7798 2
      vertex -9.74172 -11.4061 2
    endloop
  endfacet
  facet normal -0.842183 -0.539192 0
    outer loop
      vertex 12.7896 7.83748 2
      vertex 12.472 8.33355 4.5
      vertex 12.472 8.33355 2
    endloop
  endfacet
  facet normal -0.842183 -0.539192 0
    outer loop
      vertex 12.472 8.33355 4.5
      vertex 12.7896 7.83748 2
      vertex 12.7896 7.83748 4.5
    endloop
  endfacet
  facet normal -0.21442 -0.976741 0
    outer loop
      vertex 2.92635 14.7118 2
      vertex 3.50168 14.5855 4.5
      vertex 2.92635 14.7118 4.5
    endloop
  endfacet
  facet normal -0.21442 -0.976741 -0
    outer loop
      vertex 3.50168 14.5855 4.5
      vertex 2.92635 14.7118 2
      vertex 3.50168 14.5855 2
    endloop
  endfacet
  facet normal -0.634431 -0.77298 0
    outer loop
      vertex 9.28641 11.7798 2
      vertex 9.74172 11.4061 4.5
      vertex 9.28641 11.7798 4.5
    endloop
  endfacet
  facet normal -0.634431 -0.77298 -0
    outer loop
      vertex 9.74172 11.4061 4.5
      vertex 9.28641 11.7798 2
      vertex 9.74172 11.4061 2
    endloop
  endfacet
  facet normal -0.77298 -0.634431 0
    outer loop
      vertex 11.7798 9.28641 2
      vertex 11.4061 9.74172 4.5
      vertex 11.4061 9.74172 2
    endloop
  endfacet
  facet normal -0.77298 -0.634431 0
    outer loop
      vertex 11.4061 9.74172 4.5
      vertex 11.7798 9.28641 2
      vertex 11.7798 9.28641 4.5
    endloop
  endfacet
  facet normal 0.364508 -0.9312 0
    outer loop
      vertex -5.74025 13.8582 2
      vertex -5.19176 14.0729 4.5
      vertex -5.74025 13.8582 4.5
    endloop
  endfacet
  facet normal 0.364508 -0.9312 0
    outer loop
      vertex -5.19176 14.0729 4.5
      vertex -5.74025 13.8582 2
      vertex -5.19176 14.0729 2
    endloop
  endfacet
  facet normal -0.881891 0.471453 0
    outer loop
      vertex 13.0874 -7.32932 2
      vertex 13.3651 -6.80986 4.5
      vertex 13.3651 -6.80986 2
    endloop
  endfacet
  facet normal -0.881891 0.471453 0
    outer loop
      vertex 13.3651 -6.80986 4.5
      vertex 13.0874 -7.32932 2
      vertex 13.0874 -7.32932 4.5
    endloop
  endfacet
  facet normal -0.797321 0.603555 0
    outer loop
      vertex 11.7798 -9.28641 2
      vertex 12.1353 -8.81678 4.5
      vertex 12.1353 -8.81678 2
    endloop
  endfacet
  facet normal -0.797321 0.603555 0
    outer loop
      vertex 12.1353 -8.81678 4.5
      vertex 11.7798 -9.28641 2
      vertex 11.7798 -9.28641 4.5
    endloop
  endfacet
  facet normal -0.21442 0.976741 0
    outer loop
      vertex 3.50168 -14.5855 2
      vertex 2.92635 -14.7118 4.5
      vertex 3.50168 -14.5855 4.5
    endloop
  endfacet
  facet normal -0.21442 0.976741 0
    outer loop
      vertex 2.92635 -14.7118 4.5
      vertex 3.50168 -14.5855 2
      vertex 2.92635 -14.7118 2
    endloop
  endfacet
  facet normal -0.137009 0.99057 0
    outer loop
      vertex 2.34652 -14.8153 2
      vertex 1.76306 -14.896 4.5
      vertex 2.34652 -14.8153 4.5
    endloop
  endfacet
  facet normal -0.137009 0.99057 0
    outer loop
      vertex 1.76306 -14.896 4.5
      vertex 2.34652 -14.8153 2
      vertex 1.76306 -14.896 2
    endloop
  endfacet
  facet normal -0.634431 0.77298 0
    outer loop
      vertex 9.74172 -11.4061 2
      vertex 9.28641 -11.7798 4.5
      vertex 9.74172 -11.4061 4.5
    endloop
  endfacet
  facet normal -0.634431 0.77298 0
    outer loop
      vertex 9.28641 -11.7798 4.5
      vertex 9.74172 -11.4061 2
      vertex 9.28641 -11.7798 2
    endloop
  endfacet
  facet normal -0.471453 0.881891 0
    outer loop
      vertex 7.32932 -13.0874 2
      vertex 6.80986 -13.3651 4.5
      vertex 7.32932 -13.0874 4.5
    endloop
  endfacet
  facet normal -0.471453 0.881891 0
    outer loop
      vertex 6.80986 -13.3651 4.5
      vertex 7.32932 -13.0874 2
      vertex 6.80986 -13.3651 2
    endloop
  endfacet
  facet normal 0.976741 0.21442 0
    outer loop
      vertex -14.5855 -3.50168 4.5
      vertex -14.7118 -2.92635 2
      vertex -14.7118 -2.92635 4.5
    endloop
  endfacet
  facet normal 0.976741 0.21442 0
    outer loop
      vertex -14.7118 -2.92635 2
      vertex -14.5855 -3.50168 4.5
      vertex -14.5855 -3.50168 2
    endloop
  endfacet
  facet normal 0.99057 0.137009 0
    outer loop
      vertex -14.8153 -2.34652 4.5
      vertex -14.896 -1.76306 2
      vertex -14.896 -1.76306 4.5
    endloop
  endfacet
  facet normal 0.99057 0.137009 0
    outer loop
      vertex -14.896 -1.76306 2
      vertex -14.8153 -2.34652 4.5
      vertex -14.8153 -2.34652 2
    endloop
  endfacet
  facet normal 0.539192 0.842183 -0
    outer loop
      vertex -7.83748 -12.7896 2
      vertex -8.33355 -12.472 4.5
      vertex -7.83748 -12.7896 4.5
    endloop
  endfacet
  facet normal 0.539192 0.842183 0
    outer loop
      vertex -8.33355 -12.472 4.5
      vertex -7.83748 -12.7896 2
      vertex -8.33355 -12.472 2
    endloop
  endfacet
  facet normal 0.603555 0.797321 -0
    outer loop
      vertex -8.81678 -12.1353 2
      vertex -9.28641 -11.7798 4.5
      vertex -8.81678 -12.1353 4.5
    endloop
  endfacet
  facet normal 0.603555 0.797321 0
    outer loop
      vertex -9.28641 -11.7798 4.5
      vertex -8.81678 -12.1353 2
      vertex -9.28641 -11.7798 2
    endloop
  endfacet
  facet normal 0.0981303 0.995174 -0
    outer loop
      vertex -1.17689 -14.9538 2
      vertex -1.76306 -14.896 4.5
      vertex -1.17689 -14.9538 4.5
    endloop
  endfacet
  facet normal 0.0981303 0.995174 0
    outer loop
      vertex -1.76306 -14.896 4.5
      vertex -1.17689 -14.9538 2
      vertex -1.76306 -14.896 2
    endloop
  endfacet
  facet normal 0.290318 0.95693 -0
    outer loop
      vertex -4.07161 -14.4368 2
      vertex -4.63525 -14.2658 4.5
      vertex -4.07161 -14.4368 4.5
    endloop
  endfacet
  facet normal 0.290318 0.95693 0
    outer loop
      vertex -4.63525 -14.2658 4.5
      vertex -4.07161 -14.4368 2
      vertex -4.63525 -14.2658 2
    endloop
  endfacet
  facet normal -0.471453 -0.881891 0
    outer loop
      vertex 6.80986 13.3651 2
      vertex 7.32932 13.0874 4.5
      vertex 6.80986 13.3651 4.5
    endloop
  endfacet
  facet normal -0.471453 -0.881891 -0
    outer loop
      vertex 7.32932 13.0874 4.5
      vertex 6.80986 13.3651 2
      vertex 7.32932 13.0874 2
    endloop
  endfacet
  facet normal -0.797321 -0.603555 0
    outer loop
      vertex 12.1353 8.81678 2
      vertex 11.7798 9.28641 4.5
      vertex 11.7798 9.28641 2
    endloop
  endfacet
  facet normal -0.797321 -0.603555 0
    outer loop
      vertex 11.7798 9.28641 4.5
      vertex 12.1353 8.81678 2
      vertex 12.1353 8.81678 4.5
    endloop
  endfacet
  facet normal -0.967608 -0.252458 0
    outer loop
      vertex 14.5855 3.50168 2
      vertex 14.4368 4.07161 4.5
      vertex 14.4368 4.07161 2
    endloop
  endfacet
  facet normal -0.967608 -0.252458 0
    outer loop
      vertex 14.4368 4.07161 4.5
      vertex 14.5855 3.50168 2
      vertex 14.5855 3.50168 4.5
    endloop
  endfacet
  facet normal 0.471453 -0.881891 0
    outer loop
      vertex -7.32932 13.0874 2
      vertex -6.80986 13.3651 4.5
      vertex -7.32932 13.0874 4.5
    endloop
  endfacet
  facet normal 0.471453 -0.881891 0
    outer loop
      vertex -6.80986 13.3651 4.5
      vertex -7.32932 13.0874 2
      vertex -6.80986 13.3651 2
    endloop
  endfacet
  facet normal 0.400823 -0.916155 0
    outer loop
      vertex -6.2799 13.6221 2
      vertex -5.74025 13.8582 4.5
      vertex -6.2799 13.6221 4.5
    endloop
  endfacet
  facet normal 0.400823 -0.916155 0
    outer loop
      vertex -5.74025 13.8582 4.5
      vertex -6.2799 13.6221 2
      vertex -5.74025 13.8582 2
    endloop
  endfacet
  facet normal 0.290318 -0.95693 0
    outer loop
      vertex -4.63525 14.2658 2
      vertex -4.07161 14.4368 4.5
      vertex -4.63525 14.2658 4.5
    endloop
  endfacet
  facet normal 0.290318 -0.95693 0
    outer loop
      vertex -4.07161 14.4368 4.5
      vertex -4.63525 14.2658 2
      vertex -4.07161 14.4368 2
    endloop
  endfacet
  facet normal 0.0587426 -0.998273 0
    outer loop
      vertex -1.17689 14.9538 2
      vertex -0.588897 14.9884 4.5
      vertex -1.17689 14.9538 4.5
    endloop
  endfacet
  facet normal 0.0587426 -0.998273 0
    outer loop
      vertex -0.588897 14.9884 4.5
      vertex -1.17689 14.9538 2
      vertex -0.588897 14.9884 2
    endloop
  endfacet
  facet normal 0.603555 -0.797321 0
    outer loop
      vertex -9.28641 11.7798 2
      vertex -8.81678 12.1353 4.5
      vertex -9.28641 11.7798 4.5
    endloop
  endfacet
  facet normal 0.603555 -0.797321 0
    outer loop
      vertex -8.81678 12.1353 4.5
      vertex -9.28641 11.7798 2
      vertex -8.81678 12.1353 2
    endloop
  endfacet
  facet normal 0.74746 -0.664307 0
    outer loop
      vertex -11.4061 9.74172 4.5
      vertex -11.0148 10.182 2
      vertex -11.0148 10.182 4.5
    endloop
  endfacet
  facet normal 0.74746 -0.664307 0
    outer loop
      vertex -11.0148 10.182 2
      vertex -11.4061 9.74172 4.5
      vertex -11.4061 9.74172 2
    endloop
  endfacet
  facet normal 0.842183 -0.539192 0
    outer loop
      vertex -12.7896 7.83748 4.5
      vertex -12.472 8.33355 2
      vertex -12.472 8.33355 4.5
    endloop
  endfacet
  facet normal 0.842183 -0.539192 0
    outer loop
      vertex -12.472 8.33355 2
      vertex -12.7896 7.83748 4.5
      vertex -12.7896 7.83748 2
    endloop
  endfacet
  facet normal 0.98444 -0.175723 0
    outer loop
      vertex -14.8153 2.34652 4.5
      vertex -14.7118 2.92635 2
      vertex -14.7118 2.92635 4.5
    endloop
  endfacet
  facet normal 0.98444 -0.175723 0
    outer loop
      vertex -14.7118 2.92635 2
      vertex -14.8153 2.34652 4.5
      vertex -14.8153 2.34652 2
    endloop
  endfacet
  facet normal 0.944849 -0.327508 0
    outer loop
      vertex -14.2658 4.63525 4.5
      vertex -14.0729 5.19176 2
      vertex -14.0729 5.19176 4.5
    endloop
  endfacet
  facet normal 0.944849 -0.327508 0
    outer loop
      vertex -14.0729 5.19176 2
      vertex -14.2658 4.63525 4.5
      vertex -14.2658 4.63525 2
    endloop
  endfacet
  facet normal -0.998273 0.0587426 0
    outer loop
      vertex 14.9538 -1.17689 2
      vertex 14.9884 -0.588897 4.5
      vertex 14.9884 -0.588897 2
    endloop
  endfacet
  facet normal -0.998273 0.0587426 0
    outer loop
      vertex 14.9884 -0.588897 4.5
      vertex 14.9538 -1.17689 2
      vertex 14.9538 -1.17689 4.5
    endloop
  endfacet
  facet normal -0.95693 0.290318 0
    outer loop
      vertex 14.2658 -4.63525 2
      vertex 14.4368 -4.07161 4.5
      vertex 14.4368 -4.07161 2
    endloop
  endfacet
  facet normal -0.95693 0.290318 0
    outer loop
      vertex 14.4368 -4.07161 4.5
      vertex 14.2658 -4.63525 2
      vertex 14.2658 -4.63525 4.5
    endloop
  endfacet
  facet normal -0.944849 0.327508 0
    outer loop
      vertex 14.0729 -5.19176 2
      vertex 14.2658 -4.63525 4.5
      vertex 14.2658 -4.63525 2
    endloop
  endfacet
  facet normal -0.944849 0.327508 0
    outer loop
      vertex 14.2658 -4.63525 4.5
      vertex 14.0729 -5.19176 2
      vertex 14.0729 -5.19176 4.5
    endloop
  endfacet
  facet normal -0.820475 0.571682 0
    outer loop
      vertex 12.1353 -8.81678 2
      vertex 12.472 -8.33355 4.5
      vertex 12.472 -8.33355 2
    endloop
  endfacet
  facet normal -0.820475 0.571682 0
    outer loop
      vertex 12.472 -8.33355 4.5
      vertex 12.1353 -8.81678 2
      vertex 12.1353 -8.81678 4.5
    endloop
  endfacet
  facet normal -0.862762 0.50561 0
    outer loop
      vertex 12.7896 -7.83748 2
      vertex 13.0874 -7.32932 4.5
      vertex 13.0874 -7.32932 2
    endloop
  endfacet
  facet normal -0.862762 0.50561 0
    outer loop
      vertex 13.0874 -7.32932 4.5
      vertex 12.7896 -7.83748 2
      vertex 12.7896 -7.83748 4.5
    endloop
  endfacet
  facet normal -0.899781 0.436342 0
    outer loop
      vertex 13.3651 -6.80986 2
      vertex 13.6221 -6.2799 4.5
      vertex 13.6221 -6.2799 2
    endloop
  endfacet
  facet normal -0.899781 0.436342 0
    outer loop
      vertex 13.6221 -6.2799 4.5
      vertex 13.3651 -6.80986 2
      vertex 13.3651 -6.80986 4.5
    endloop
  endfacet
  facet normal -0.842183 0.539192 0
    outer loop
      vertex 12.472 -8.33355 2
      vertex 12.7896 -7.83748 4.5
      vertex 12.7896 -7.83748 2
    endloop
  endfacet
  facet normal -0.842183 0.539192 0
    outer loop
      vertex 12.7896 -7.83748 4.5
      vertex 12.472 -8.33355 2
      vertex 12.472 -8.33355 4.5
    endloop
  endfacet
  facet normal -0.364508 0.9312 0
    outer loop
      vertex 5.74025 -13.8582 2
      vertex 5.19176 -14.0729 4.5
      vertex 5.74025 -13.8582 4.5
    endloop
  endfacet
  facet normal -0.364508 0.9312 0
    outer loop
      vertex 5.19176 -14.0729 4.5
      vertex 5.74025 -13.8582 2
      vertex 5.19176 -14.0729 2
    endloop
  endfacet
  facet normal -0.327508 0.944849 0
    outer loop
      vertex 5.19176 -14.0729 2
      vertex 4.63525 -14.2658 4.5
      vertex 5.19176 -14.0729 4.5
    endloop
  endfacet
  facet normal -0.327508 0.944849 0
    outer loop
      vertex 4.63525 -14.2658 4.5
      vertex 5.19176 -14.0729 2
      vertex 4.63525 -14.2658 2
    endloop
  endfacet
  facet normal -0.175723 0.98444 0
    outer loop
      vertex 2.92635 -14.7118 2
      vertex 2.34652 -14.8153 4.5
      vertex 2.92635 -14.7118 4.5
    endloop
  endfacet
  facet normal -0.175723 0.98444 0
    outer loop
      vertex 2.34652 -14.8153 4.5
      vertex 2.92635 -14.7118 2
      vertex 2.34652 -14.8153 2
    endloop
  endfacet
  facet normal -0.400823 0.916155 0
    outer loop
      vertex 6.2799 -13.6221 2
      vertex 5.74025 -13.8582 4.5
      vertex 6.2799 -13.6221 4.5
    endloop
  endfacet
  facet normal -0.400823 0.916155 0
    outer loop
      vertex 5.74025 -13.8582 4.5
      vertex 6.2799 -13.6221 2
      vertex 5.74025 -13.8582 2
    endloop
  endfacet
  facet normal -0.539192 0.842183 0
    outer loop
      vertex 8.33355 -12.472 2
      vertex 7.83748 -12.7896 4.5
      vertex 8.33355 -12.472 4.5
    endloop
  endfacet
  facet normal -0.539192 0.842183 0
    outer loop
      vertex 7.83748 -12.7896 4.5
      vertex 8.33355 -12.472 2
      vertex 7.83748 -12.7896 2
    endloop
  endfacet
  facet normal -0.603555 0.797321 0
    outer loop
      vertex 9.28641 -11.7798 2
      vertex 8.81678 -12.1353 4.5
      vertex 9.28641 -11.7798 4.5
    endloop
  endfacet
  facet normal -0.603555 0.797321 0
    outer loop
      vertex 8.81678 -12.1353 4.5
      vertex 9.28641 -11.7798 2
      vertex 8.81678 -12.1353 2
    endloop
  endfacet
  facet normal -0.571682 0.820475 0
    outer loop
      vertex 8.81678 -12.1353 2
      vertex 8.33355 -12.472 4.5
      vertex 8.81678 -12.1353 4.5
    endloop
  endfacet
  facet normal -0.571682 0.820475 0
    outer loop
      vertex 8.33355 -12.472 4.5
      vertex 8.81678 -12.1353 2
      vertex 8.33355 -12.472 2
    endloop
  endfacet
  facet normal 0.74746 0.664307 0
    outer loop
      vertex -11.0148 -10.182 4.5
      vertex -11.4061 -9.74172 2
      vertex -11.4061 -9.74172 4.5
    endloop
  endfacet
  facet normal 0.74746 0.664307 0
    outer loop
      vertex -11.4061 -9.74172 2
      vertex -11.0148 -10.182 4.5
      vertex -11.0148 -10.182 2
    endloop
  endfacet
  facet normal 0.77298 0.634431 0
    outer loop
      vertex -11.4061 -9.74172 4.5
      vertex -11.7798 -9.28641 2
      vertex -11.7798 -9.28641 4.5
    endloop
  endfacet
  facet normal 0.77298 0.634431 0
    outer loop
      vertex -11.7798 -9.28641 2
      vertex -11.4061 -9.74172 4.5
      vertex -11.4061 -9.74172 2
    endloop
  endfacet
  facet normal 0.862762 0.50561 0
    outer loop
      vertex -12.7896 -7.83748 4.5
      vertex -13.0874 -7.32932 2
      vertex -13.0874 -7.32932 4.5
    endloop
  endfacet
  facet normal 0.862762 0.50561 0
    outer loop
      vertex -13.0874 -7.32932 2
      vertex -12.7896 -7.83748 4.5
      vertex -12.7896 -7.83748 2
    endloop
  endfacet
  facet normal 0.916155 0.400823 0
    outer loop
      vertex -13.6221 -6.2799 4.5
      vertex -13.8582 -5.74025 2
      vertex -13.8582 -5.74025 4.5
    endloop
  endfacet
  facet normal 0.916155 0.400823 0
    outer loop
      vertex -13.8582 -5.74025 2
      vertex -13.6221 -6.2799 4.5
      vertex -13.6221 -6.2799 2
    endloop
  endfacet
  facet normal 0.9312 0.364508 0
    outer loop
      vertex -13.8582 -5.74025 4.5
      vertex -14.0729 -5.19176 2
      vertex -14.0729 -5.19176 4.5
    endloop
  endfacet
  facet normal 0.9312 0.364508 0
    outer loop
      vertex -14.0729 -5.19176 2
      vertex -13.8582 -5.74025 4.5
      vertex -13.8582 -5.74025 2
    endloop
  endfacet
  facet normal 0.944849 0.327508 0
    outer loop
      vertex -14.0729 -5.19176 4.5
      vertex -14.2658 -4.63525 2
      vertex -14.2658 -4.63525 4.5
    endloop
  endfacet
  facet normal 0.944849 0.327508 0
    outer loop
      vertex -14.2658 -4.63525 2
      vertex -14.0729 -5.19176 4.5
      vertex -14.0729 -5.19176 2
    endloop
  endfacet
  facet normal 0.98444 0.175723 0
    outer loop
      vertex -14.7118 -2.92635 4.5
      vertex -14.8153 -2.34652 2
      vertex -14.8153 -2.34652 4.5
    endloop
  endfacet
  facet normal 0.98444 0.175723 0
    outer loop
      vertex -14.8153 -2.34652 2
      vertex -14.7118 -2.92635 4.5
      vertex -14.7118 -2.92635 2
    endloop
  endfacet
  facet normal 0.400823 0.916155 -0
    outer loop
      vertex -5.74025 -13.8582 2
      vertex -6.2799 -13.6221 4.5
      vertex -5.74025 -13.8582 4.5
    endloop
  endfacet
  facet normal 0.400823 0.916155 0
    outer loop
      vertex -6.2799 -13.6221 4.5
      vertex -5.74025 -13.8582 2
      vertex -6.2799 -13.6221 2
    endloop
  endfacet
  facet normal 0.436342 0.899781 -0
    outer loop
      vertex -6.2799 -13.6221 2
      vertex -6.80986 -13.3651 4.5
      vertex -6.2799 -13.6221 4.5
    endloop
  endfacet
  facet normal 0.436342 0.899781 0
    outer loop
      vertex -6.80986 -13.3651 4.5
      vertex -6.2799 -13.6221 2
      vertex -6.80986 -13.3651 2
    endloop
  endfacet
  facet normal 0.571682 0.820475 -0
    outer loop
      vertex -8.33355 -12.472 2
      vertex -8.81678 -12.1353 4.5
      vertex -8.33355 -12.472 4.5
    endloop
  endfacet
  facet normal 0.571682 0.820475 0
    outer loop
      vertex -8.81678 -12.1353 4.5
      vertex -8.33355 -12.472 2
      vertex -8.81678 -12.1353 2
    endloop
  endfacet
  facet normal 0.364508 0.9312 -0
    outer loop
      vertex -5.19176 -14.0729 2
      vertex -5.74025 -13.8582 4.5
      vertex -5.19176 -14.0729 4.5
    endloop
  endfacet
  facet normal 0.364508 0.9312 0
    outer loop
      vertex -5.74025 -13.8582 4.5
      vertex -5.19176 -14.0729 2
      vertex -5.74025 -13.8582 2
    endloop
  endfacet
  facet normal 0.21442 0.976741 -0
    outer loop
      vertex -2.92635 -14.7118 2
      vertex -3.50168 -14.5855 4.5
      vertex -2.92635 -14.7118 4.5
    endloop
  endfacet
  facet normal 0.21442 0.976741 0
    outer loop
      vertex -3.50168 -14.5855 4.5
      vertex -2.92635 -14.7118 2
      vertex -3.50168 -14.5855 2
    endloop
  endfacet
  facet normal 0.137009 0.99057 -0
    outer loop
      vertex -1.76306 -14.896 2
      vertex -2.34652 -14.8153 4.5
      vertex -1.76306 -14.896 4.5
    endloop
  endfacet
  facet normal 0.137009 0.99057 0
    outer loop
      vertex -2.34652 -14.8153 4.5
      vertex -1.76306 -14.896 2
      vertex -2.34652 -14.8153 2
    endloop
  endfacet
  facet normal 0.175723 0.98444 -0
    outer loop
      vertex -2.34652 -14.8153 2
      vertex -2.92635 -14.7118 4.5
      vertex -2.34652 -14.8153 4.5
    endloop
  endfacet
  facet normal 0.175723 0.98444 0
    outer loop
      vertex -2.92635 -14.7118 4.5
      vertex -2.34652 -14.8153 2
      vertex -2.92635 -14.7118 2
    endloop
  endfacet
  facet normal -0.999806 0.019694 0
    outer loop
      vertex 14.9884 -0.588897 2
      vertex 15 0 4.5
      vertex 15 0 2
    endloop
  endfacet
  facet normal -0.999806 0.019694 0
    outer loop
      vertex 15 0 4.5
      vertex 14.9884 -0.588897 2
      vertex 14.9884 -0.588897 4.5
    endloop
  endfacet
  facet normal -0.0587426 -0.998273 0
    outer loop
      vertex 0.588897 14.9884 2
      vertex 1.17689 14.9538 4.5
      vertex 0.588897 14.9884 4.5
    endloop
  endfacet
  facet normal -0.0587426 -0.998273 -0
    outer loop
      vertex 1.17689 14.9538 4.5
      vertex 0.588897 14.9884 2
      vertex 1.17689 14.9538 2
    endloop
  endfacet
  facet normal -0.137009 -0.99057 0
    outer loop
      vertex 1.76306 14.896 2
      vertex 2.34652 14.8153 4.5
      vertex 1.76306 14.896 4.5
    endloop
  endfacet
  facet normal -0.137009 -0.99057 -0
    outer loop
      vertex 2.34652 14.8153 4.5
      vertex 1.76306 14.896 2
      vertex 2.34652 14.8153 2
    endloop
  endfacet
  facet normal -0.327508 -0.944849 0
    outer loop
      vertex 4.63525 14.2658 2
      vertex 5.19176 14.0729 4.5
      vertex 4.63525 14.2658 4.5
    endloop
  endfacet
  facet normal -0.327508 -0.944849 -0
    outer loop
      vertex 5.19176 14.0729 4.5
      vertex 4.63525 14.2658 2
      vertex 5.19176 14.0729 2
    endloop
  endfacet
  facet normal -0.364508 -0.9312 0
    outer loop
      vertex 5.19176 14.0729 2
      vertex 5.74025 13.8582 4.5
      vertex 5.19176 14.0729 4.5
    endloop
  endfacet
  facet normal -0.364508 -0.9312 -0
    outer loop
      vertex 5.74025 13.8582 4.5
      vertex 5.19176 14.0729 2
      vertex 5.74025 13.8582 2
    endloop
  endfacet
  facet normal -0.693048 -0.720892 0
    outer loop
      vertex 10.182 11.0148 2
      vertex 10.6066 10.6066 4.5
      vertex 10.182 11.0148 4.5
    endloop
  endfacet
  facet normal -0.693048 -0.720892 -0
    outer loop
      vertex 10.6066 10.6066 4.5
      vertex 10.182 11.0148 2
      vertex 10.6066 10.6066 2
    endloop
  endfacet
  facet normal -0.571682 -0.820475 0
    outer loop
      vertex 8.33355 12.472 2
      vertex 8.81678 12.1353 4.5
      vertex 8.33355 12.472 4.5
    endloop
  endfacet
  facet normal -0.571682 -0.820475 -0
    outer loop
      vertex 8.81678 12.1353 4.5
      vertex 8.33355 12.472 2
      vertex 8.81678 12.1353 2
    endloop
  endfacet
  facet normal -0.400823 -0.916155 0
    outer loop
      vertex 5.74025 13.8582 2
      vertex 6.2799 13.6221 4.5
      vertex 5.74025 13.8582 4.5
    endloop
  endfacet
  facet normal -0.400823 -0.916155 -0
    outer loop
      vertex 6.2799 13.6221 4.5
      vertex 5.74025 13.8582 2
      vertex 6.2799 13.6221 2
    endloop
  endfacet
  facet normal -0.899781 -0.436342 0
    outer loop
      vertex 13.6221 6.2799 2
      vertex 13.3651 6.80986 4.5
      vertex 13.3651 6.80986 2
    endloop
  endfacet
  facet normal -0.899781 -0.436342 0
    outer loop
      vertex 13.3651 6.80986 4.5
      vertex 13.6221 6.2799 2
      vertex 13.6221 6.2799 4.5
    endloop
  endfacet
  facet normal -0.916155 -0.400823 0
    outer loop
      vertex 13.8582 5.74025 2
      vertex 13.6221 6.2799 4.5
      vertex 13.6221 6.2799 2
    endloop
  endfacet
  facet normal -0.916155 -0.400823 0
    outer loop
      vertex 13.6221 6.2799 4.5
      vertex 13.8582 5.74025 2
      vertex 13.8582 5.74025 4.5
    endloop
  endfacet
  facet normal -0.862762 -0.50561 0
    outer loop
      vertex 13.0874 7.32932 2
      vertex 12.7896 7.83748 4.5
      vertex 12.7896 7.83748 2
    endloop
  endfacet
  facet normal -0.862762 -0.50561 0
    outer loop
      vertex 12.7896 7.83748 4.5
      vertex 13.0874 7.32932 2
      vertex 13.0874 7.32932 4.5
    endloop
  endfacet
  facet normal -0.99057 -0.137009 0
    outer loop
      vertex 14.896 1.76306 2
      vertex 14.8153 2.34652 4.5
      vertex 14.8153 2.34652 2
    endloop
  endfacet
  facet normal -0.99057 -0.137009 0
    outer loop
      vertex 14.8153 2.34652 4.5
      vertex 14.896 1.76306 2
      vertex 14.896 1.76306 4.5
    endloop
  endfacet
  facet normal -0.95693 -0.290318 0
    outer loop
      vertex 14.4368 4.07161 2
      vertex 14.2658 4.63525 4.5
      vertex 14.2658 4.63525 2
    endloop
  endfacet
  facet normal -0.95693 -0.290318 0
    outer loop
      vertex 14.2658 4.63525 4.5
      vertex 14.4368 4.07161 2
      vertex 14.4368 4.07161 4.5
    endloop
  endfacet
  facet normal 0.137009 -0.99057 0
    outer loop
      vertex -2.34652 14.8153 2
      vertex -1.76306 14.896 4.5
      vertex -2.34652 14.8153 4.5
    endloop
  endfacet
  facet normal 0.137009 -0.99057 0
    outer loop
      vertex -1.76306 14.896 4.5
      vertex -2.34652 14.8153 2
      vertex -1.76306 14.896 2
    endloop
  endfacet
  facet normal 0.327508 -0.944849 0
    outer loop
      vertex -5.19176 14.0729 2
      vertex -4.63525 14.2658 4.5
      vertex -5.19176 14.0729 4.5
    endloop
  endfacet
  facet normal 0.327508 -0.944849 0
    outer loop
      vertex -4.63525 14.2658 4.5
      vertex -5.19176 14.0729 2
      vertex -4.63525 14.2658 2
    endloop
  endfacet
  facet normal 0.175723 -0.98444 0
    outer loop
      vertex -2.92635 14.7118 2
      vertex -2.34652 14.8153 4.5
      vertex -2.92635 14.7118 4.5
    endloop
  endfacet
  facet normal 0.175723 -0.98444 0
    outer loop
      vertex -2.34652 14.8153 4.5
      vertex -2.92635 14.7118 2
      vertex -2.34652 14.8153 2
    endloop
  endfacet
  facet normal 0.0981303 -0.995174 0
    outer loop
      vertex -1.76306 14.896 2
      vertex -1.17689 14.9538 4.5
      vertex -1.76306 14.896 4.5
    endloop
  endfacet
  facet normal 0.0981303 -0.995174 0
    outer loop
      vertex -1.17689 14.9538 4.5
      vertex -1.76306 14.896 2
      vertex -1.17689 14.9538 2
    endloop
  endfacet
  facet normal 0.539192 -0.842183 0
    outer loop
      vertex -8.33355 12.472 2
      vertex -7.83748 12.7896 4.5
      vertex -8.33355 12.472 4.5
    endloop
  endfacet
  facet normal 0.539192 -0.842183 0
    outer loop
      vertex -7.83748 12.7896 4.5
      vertex -8.33355 12.472 2
      vertex -7.83748 12.7896 2
    endloop
  endfacet
  facet normal 0.436342 -0.899781 0
    outer loop
      vertex -6.80986 13.3651 2
      vertex -6.2799 13.6221 4.5
      vertex -6.80986 13.3651 4.5
    endloop
  endfacet
  facet normal 0.436342 -0.899781 0
    outer loop
      vertex -6.2799 13.6221 4.5
      vertex -6.80986 13.3651 2
      vertex -6.2799 13.6221 2
    endloop
  endfacet
  facet normal 0.634431 -0.77298 0
    outer loop
      vertex -9.74172 11.4061 2
      vertex -9.28641 11.7798 4.5
      vertex -9.74172 11.4061 4.5
    endloop
  endfacet
  facet normal 0.634431 -0.77298 0
    outer loop
      vertex -9.28641 11.7798 4.5
      vertex -9.74172 11.4061 2
      vertex -9.28641 11.7798 2
    endloop
  endfacet
  facet normal 0.797321 -0.603555 0
    outer loop
      vertex -12.1353 8.81678 4.5
      vertex -11.7798 9.28641 2
      vertex -11.7798 9.28641 4.5
    endloop
  endfacet
  facet normal 0.797321 -0.603555 0
    outer loop
      vertex -11.7798 9.28641 2
      vertex -12.1353 8.81678 4.5
      vertex -12.1353 8.81678 2
    endloop
  endfacet
  facet normal 0.820475 -0.571682 0
    outer loop
      vertex -12.472 8.33355 4.5
      vertex -12.1353 8.81678 2
      vertex -12.1353 8.81678 4.5
    endloop
  endfacet
  facet normal 0.820475 -0.571682 0
    outer loop
      vertex -12.1353 8.81678 2
      vertex -12.472 8.33355 4.5
      vertex -12.472 8.33355 2
    endloop
  endfacet
  facet normal 0.77298 -0.634431 0
    outer loop
      vertex -11.7798 9.28641 4.5
      vertex -11.4061 9.74172 2
      vertex -11.4061 9.74172 4.5
    endloop
  endfacet
  facet normal 0.77298 -0.634431 0
    outer loop
      vertex -11.4061 9.74172 2
      vertex -11.7798 9.28641 4.5
      vertex -11.7798 9.28641 2
    endloop
  endfacet
  facet normal 0.916155 -0.400823 0
    outer loop
      vertex -13.8582 5.74025 4.5
      vertex -13.6221 6.2799 2
      vertex -13.6221 6.2799 4.5
    endloop
  endfacet
  facet normal 0.916155 -0.400823 0
    outer loop
      vertex -13.6221 6.2799 2
      vertex -13.8582 5.74025 4.5
      vertex -13.8582 5.74025 2
    endloop
  endfacet
  facet normal 0.998273 -0.0587426 0
    outer loop
      vertex -14.9884 0.588897 4.5
      vertex -14.9538 1.17689 2
      vertex -14.9538 1.17689 4.5
    endloop
  endfacet
  facet normal 0.998273 -0.0587426 0
    outer loop
      vertex -14.9538 1.17689 2
      vertex -14.9884 0.588897 4.5
      vertex -14.9884 0.588897 2
    endloop
  endfacet
  facet normal 0.99057 -0.137009 0
    outer loop
      vertex -14.896 1.76306 4.5
      vertex -14.8153 2.34652 2
      vertex -14.8153 2.34652 4.5
    endloop
  endfacet
  facet normal 0.99057 -0.137009 0
    outer loop
      vertex -14.8153 2.34652 2
      vertex -14.896 1.76306 4.5
      vertex -14.896 1.76306 2
    endloop
  endfacet
  facet normal 0.976741 -0.21442 0
    outer loop
      vertex -14.7118 2.92635 4.5
      vertex -14.5855 3.50168 2
      vertex -14.5855 3.50168 4.5
    endloop
  endfacet
  facet normal 0.976741 -0.21442 0
    outer loop
      vertex -14.5855 3.50168 2
      vertex -14.7118 2.92635 4.5
      vertex -14.7118 2.92635 2
    endloop
  endfacet
  facet normal -0.99057 0.137009 0
    outer loop
      vertex 14.8153 -2.34652 2
      vertex 14.896 -1.76306 4.5
      vertex 14.896 -1.76306 2
    endloop
  endfacet
  facet normal -0.99057 0.137009 0
    outer loop
      vertex 14.896 -1.76306 4.5
      vertex 14.8153 -2.34652 2
      vertex 14.8153 -2.34652 4.5
    endloop
  endfacet
  facet normal -0.995174 0.0981303 0
    outer loop
      vertex 14.896 -1.76306 2
      vertex 14.9538 -1.17689 4.5
      vertex 14.9538 -1.17689 2
    endloop
  endfacet
  facet normal -0.995174 0.0981303 0
    outer loop
      vertex 14.9538 -1.17689 4.5
      vertex 14.896 -1.76306 2
      vertex 14.896 -1.76306 4.5
    endloop
  endfacet
  facet normal -0.916155 0.400823 0
    outer loop
      vertex 13.6221 -6.2799 2
      vertex 13.8582 -5.74025 4.5
      vertex 13.8582 -5.74025 2
    endloop
  endfacet
  facet normal -0.916155 0.400823 0
    outer loop
      vertex 13.8582 -5.74025 4.5
      vertex 13.6221 -6.2799 2
      vertex 13.6221 -6.2799 4.5
    endloop
  endfacet
  facet normal -0.720892 0.693048 0
    outer loop
      vertex 10.6066 -10.6066 2
      vertex 11.0148 -10.182 4.5
      vertex 11.0148 -10.182 2
    endloop
  endfacet
  facet normal -0.720892 0.693048 0
    outer loop
      vertex 11.0148 -10.182 4.5
      vertex 10.6066 -10.6066 2
      vertex 10.6066 -10.6066 4.5
    endloop
  endfacet
  facet normal -0.019694 0.999806 0
    outer loop
      vertex 0.588897 -14.9884 2
      vertex 0 -15 4.5
      vertex 0.588897 -14.9884 4.5
    endloop
  endfacet
  facet normal -0.019694 0.999806 0
    outer loop
      vertex 0 -15 4.5
      vertex 0.588897 -14.9884 2
      vertex 0 -15 2
    endloop
  endfacet
  facet normal -0.290318 0.95693 0
    outer loop
      vertex 4.63525 -14.2658 2
      vertex 4.07161 -14.4368 4.5
      vertex 4.63525 -14.2658 4.5
    endloop
  endfacet
  facet normal -0.290318 0.95693 0
    outer loop
      vertex 4.07161 -14.4368 4.5
      vertex 4.63525 -14.2658 2
      vertex 4.07161 -14.4368 2
    endloop
  endfacet
  facet normal -0.252458 0.967608 0
    outer loop
      vertex 4.07161 -14.4368 2
      vertex 3.50168 -14.5855 4.5
      vertex 4.07161 -14.4368 4.5
    endloop
  endfacet
  facet normal -0.252458 0.967608 0
    outer loop
      vertex 3.50168 -14.5855 4.5
      vertex 4.07161 -14.4368 2
      vertex 3.50168 -14.5855 2
    endloop
  endfacet
  facet normal -0.436342 0.899781 0
    outer loop
      vertex 6.80986 -13.3651 2
      vertex 6.2799 -13.6221 4.5
      vertex 6.80986 -13.3651 4.5
    endloop
  endfacet
  facet normal -0.436342 0.899781 0
    outer loop
      vertex 6.2799 -13.6221 4.5
      vertex 6.80986 -13.3651 2
      vertex 6.2799 -13.6221 2
    endloop
  endfacet
  facet normal -0.693048 0.720892 0
    outer loop
      vertex 10.6066 -10.6066 2
      vertex 10.182 -11.0148 4.5
      vertex 10.6066 -10.6066 4.5
    endloop
  endfacet
  facet normal -0.693048 0.720892 0
    outer loop
      vertex 10.182 -11.0148 4.5
      vertex 10.6066 -10.6066 2
      vertex 10.182 -11.0148 2
    endloop
  endfacet
  facet normal -0.664307 0.74746 0
    outer loop
      vertex 10.182 -11.0148 2
      vertex 9.74172 -11.4061 4.5
      vertex 10.182 -11.0148 4.5
    endloop
  endfacet
  facet normal -0.664307 0.74746 0
    outer loop
      vertex 9.74172 -11.4061 4.5
      vertex 10.182 -11.0148 2
      vertex 9.74172 -11.4061 2
    endloop
  endfacet
  facet normal 0.999806 0.019694 0
    outer loop
      vertex -14.9884 -0.588897 4.5
      vertex -15 0 2
      vertex -15 0 4.5
    endloop
  endfacet
  facet normal 0.999806 0.019694 0
    outer loop
      vertex -15 0 2
      vertex -14.9884 -0.588897 4.5
      vertex -14.9884 -0.588897 2
    endloop
  endfacet
  facet normal 0.820475 0.571682 0
    outer loop
      vertex -12.1353 -8.81678 4.5
      vertex -12.472 -8.33355 2
      vertex -12.472 -8.33355 4.5
    endloop
  endfacet
  facet normal 0.820475 0.571682 0
    outer loop
      vertex -12.472 -8.33355 2
      vertex -12.1353 -8.81678 4.5
      vertex -12.1353 -8.81678 2
    endloop
  endfacet
  facet normal 0.797321 0.603555 0
    outer loop
      vertex -11.7798 -9.28641 4.5
      vertex -12.1353 -8.81678 2
      vertex -12.1353 -8.81678 4.5
    endloop
  endfacet
  facet normal 0.797321 0.603555 0
    outer loop
      vertex -12.1353 -8.81678 2
      vertex -11.7798 -9.28641 4.5
      vertex -11.7798 -9.28641 2
    endloop
  endfacet
  facet normal 0.881891 0.471453 0
    outer loop
      vertex -13.0874 -7.32932 4.5
      vertex -13.3651 -6.80986 2
      vertex -13.3651 -6.80986 4.5
    endloop
  endfacet
  facet normal 0.881891 0.471453 0
    outer loop
      vertex -13.3651 -6.80986 2
      vertex -13.0874 -7.32932 4.5
      vertex -13.0874 -7.32932 2
    endloop
  endfacet
  facet normal 0.899781 0.436342 0
    outer loop
      vertex -13.3651 -6.80986 4.5
      vertex -13.6221 -6.2799 2
      vertex -13.6221 -6.2799 4.5
    endloop
  endfacet
  facet normal 0.899781 0.436342 0
    outer loop
      vertex -13.6221 -6.2799 2
      vertex -13.3651 -6.80986 4.5
      vertex -13.3651 -6.80986 2
    endloop
  endfacet
  facet normal 0.95693 0.290318 0
    outer loop
      vertex -14.2658 -4.63525 4.5
      vertex -14.4368 -4.07161 2
      vertex -14.4368 -4.07161 4.5
    endloop
  endfacet
  facet normal 0.95693 0.290318 0
    outer loop
      vertex -14.4368 -4.07161 2
      vertex -14.2658 -4.63525 4.5
      vertex -14.2658 -4.63525 2
    endloop
  endfacet
  facet normal 0.967608 0.252458 0
    outer loop
      vertex -14.4368 -4.07161 4.5
      vertex -14.5855 -3.50168 2
      vertex -14.5855 -3.50168 4.5
    endloop
  endfacet
  facet normal 0.967608 0.252458 0
    outer loop
      vertex -14.5855 -3.50168 2
      vertex -14.4368 -4.07161 4.5
      vertex -14.4368 -4.07161 2
    endloop
  endfacet
  facet normal 0.693048 0.720892 -0
    outer loop
      vertex -10.182 -11.0148 2
      vertex -10.6066 -10.6066 4.5
      vertex -10.182 -11.0148 4.5
    endloop
  endfacet
  facet normal 0.693048 0.720892 0
    outer loop
      vertex -10.6066 -10.6066 4.5
      vertex -10.182 -11.0148 2
      vertex -10.6066 -10.6066 2
    endloop
  endfacet
  facet normal 0.471453 0.881891 -0
    outer loop
      vertex -6.80986 -13.3651 2
      vertex -7.32932 -13.0874 4.5
      vertex -6.80986 -13.3651 4.5
    endloop
  endfacet
  facet normal 0.471453 0.881891 0
    outer loop
      vertex -7.32932 -13.0874 4.5
      vertex -6.80986 -13.3651 2
      vertex -7.32932 -13.0874 2
    endloop
  endfacet
  facet normal 0.50561 0.862762 -0
    outer loop
      vertex -7.32932 -13.0874 2
      vertex -7.83748 -12.7896 4.5
      vertex -7.32932 -13.0874 4.5
    endloop
  endfacet
  facet normal 0.50561 0.862762 0
    outer loop
      vertex -7.83748 -12.7896 4.5
      vertex -7.32932 -13.0874 2
      vertex -7.83748 -12.7896 2
    endloop
  endfacet
  facet normal 0.327508 0.944849 -0
    outer loop
      vertex -4.63525 -14.2658 2
      vertex -5.19176 -14.0729 4.5
      vertex -4.63525 -14.2658 4.5
    endloop
  endfacet
  facet normal 0.327508 0.944849 0
    outer loop
      vertex -5.19176 -14.0729 4.5
      vertex -4.63525 -14.2658 2
      vertex -5.19176 -14.0729 2
    endloop
  endfacet
  facet normal 0.019694 0.999806 -0
    outer loop
      vertex 0 -15 2
      vertex -0.588897 -14.9884 4.5
      vertex 0 -15 4.5
    endloop
  endfacet
  facet normal 0.019694 0.999806 0
    outer loop
      vertex -0.588897 -14.9884 4.5
      vertex 0 -15 2
      vertex -0.588897 -14.9884 2
    endloop
  endfacet
  facet normal 0.0587426 0.998273 -0
    outer loop
      vertex -0.588897 -14.9884 2
      vertex -1.17689 -14.9538 4.5
      vertex -0.588897 -14.9884 4.5
    endloop
  endfacet
  facet normal 0.0587426 0.998273 0
    outer loop
      vertex -1.17689 -14.9538 4.5
      vertex -0.588897 -14.9884 2
      vertex -1.17689 -14.9538 2
    endloop
  endfacet
  facet normal -0.019694 -0.999806 0
    outer loop
      vertex 0 15 2
      vertex 0.588897 14.9884 4.5
      vertex 0 15 4.5
    endloop
  endfacet
  facet normal -0.019694 -0.999806 -0
    outer loop
      vertex 0.588897 14.9884 4.5
      vertex 0 15 2
      vertex 0.588897 14.9884 2
    endloop
  endfacet
  facet normal -0.175723 -0.98444 0
    outer loop
      vertex 2.34652 14.8153 2
      vertex 2.92635 14.7118 4.5
      vertex 2.34652 14.8153 4.5
    endloop
  endfacet
  facet normal -0.175723 -0.98444 -0
    outer loop
      vertex 2.92635 14.7118 4.5
      vertex 2.34652 14.8153 2
      vertex 2.92635 14.7118 2
    endloop
  endfacet
  facet normal -0.0981303 -0.995174 0
    outer loop
      vertex 1.17689 14.9538 2
      vertex 1.76306 14.896 4.5
      vertex 1.17689 14.9538 4.5
    endloop
  endfacet
  facet normal -0.0981303 -0.995174 -0
    outer loop
      vertex 1.76306 14.896 4.5
      vertex 1.17689 14.9538 2
      vertex 1.76306 14.896 2
    endloop
  endfacet
  facet normal -0.252458 -0.967608 0
    outer loop
      vertex 3.50168 14.5855 2
      vertex 4.07161 14.4368 4.5
      vertex 3.50168 14.5855 4.5
    endloop
  endfacet
  facet normal -0.252458 -0.967608 -0
    outer loop
      vertex 4.07161 14.4368 4.5
      vertex 3.50168 14.5855 2
      vertex 4.07161 14.4368 2
    endloop
  endfacet
  facet normal -0.664307 -0.74746 0
    outer loop
      vertex 9.74172 11.4061 2
      vertex 10.182 11.0148 4.5
      vertex 9.74172 11.4061 4.5
    endloop
  endfacet
  facet normal -0.664307 -0.74746 -0
    outer loop
      vertex 10.182 11.0148 4.5
      vertex 9.74172 11.4061 2
      vertex 10.182 11.0148 2
    endloop
  endfacet
  facet normal -0.603555 -0.797321 0
    outer loop
      vertex 8.81678 12.1353 2
      vertex 9.28641 11.7798 4.5
      vertex 8.81678 12.1353 4.5
    endloop
  endfacet
  facet normal -0.603555 -0.797321 -0
    outer loop
      vertex 9.28641 11.7798 4.5
      vertex 8.81678 12.1353 2
      vertex 9.28641 11.7798 2
    endloop
  endfacet
  facet normal -0.436342 -0.899781 0
    outer loop
      vertex 6.2799 13.6221 2
      vertex 6.80986 13.3651 4.5
      vertex 6.2799 13.6221 4.5
    endloop
  endfacet
  facet normal -0.436342 -0.899781 -0
    outer loop
      vertex 6.80986 13.3651 4.5
      vertex 6.2799 13.6221 2
      vertex 6.80986 13.3651 2
    endloop
  endfacet
  facet normal -0.539192 -0.842183 0
    outer loop
      vertex 7.83748 12.7896 2
      vertex 8.33355 12.472 4.5
      vertex 7.83748 12.7896 4.5
    endloop
  endfacet
  facet normal -0.539192 -0.842183 -0
    outer loop
      vertex 8.33355 12.472 4.5
      vertex 7.83748 12.7896 2
      vertex 8.33355 12.472 2
    endloop
  endfacet
  facet normal -0.720892 -0.693048 0
    outer loop
      vertex 11.0148 10.182 2
      vertex 10.6066 10.6066 4.5
      vertex 10.6066 10.6066 2
    endloop
  endfacet
  facet normal -0.720892 -0.693048 0
    outer loop
      vertex 10.6066 10.6066 4.5
      vertex 11.0148 10.182 2
      vertex 11.0148 10.182 4.5
    endloop
  endfacet
  facet normal -0.74746 -0.664307 0
    outer loop
      vertex 11.4061 9.74172 2
      vertex 11.0148 10.182 4.5
      vertex 11.0148 10.182 2
    endloop
  endfacet
  facet normal -0.74746 -0.664307 0
    outer loop
      vertex 11.0148 10.182 4.5
      vertex 11.4061 9.74172 2
      vertex 11.4061 9.74172 4.5
    endloop
  endfacet
  facet normal -0.820475 -0.571682 0
    outer loop
      vertex 12.472 8.33355 2
      vertex 12.1353 8.81678 4.5
      vertex 12.1353 8.81678 2
    endloop
  endfacet
  facet normal -0.820475 -0.571682 0
    outer loop
      vertex 12.1353 8.81678 4.5
      vertex 12.472 8.33355 2
      vertex 12.472 8.33355 4.5
    endloop
  endfacet
  facet normal -0.881891 -0.471453 0
    outer loop
      vertex 13.3651 6.80986 2
      vertex 13.0874 7.32932 4.5
      vertex 13.0874 7.32932 2
    endloop
  endfacet
  facet normal -0.881891 -0.471453 0
    outer loop
      vertex 13.0874 7.32932 4.5
      vertex 13.3651 6.80986 2
      vertex 13.3651 6.80986 4.5
    endloop
  endfacet
  facet normal -0.9312 -0.364508 0
    outer loop
      vertex 14.0729 5.19176 2
      vertex 13.8582 5.74025 4.5
      vertex 13.8582 5.74025 2
    endloop
  endfacet
  facet normal -0.9312 -0.364508 0
    outer loop
      vertex 13.8582 5.74025 4.5
      vertex 14.0729 5.19176 2
      vertex 14.0729 5.19176 4.5
    endloop
  endfacet
  facet normal -0.999806 -0.019694 0
    outer loop
      vertex 15 0 2
      vertex 14.9884 0.588897 4.5
      vertex 14.9884 0.588897 2
    endloop
  endfacet
  facet normal -0.999806 -0.019694 0
    outer loop
      vertex 14.9884 0.588897 4.5
      vertex 15 0 2
      vertex 15 0 4.5
    endloop
  endfacet
  facet normal -0.995174 -0.0981303 0
    outer loop
      vertex 14.9538 1.17689 2
      vertex 14.896 1.76306 4.5
      vertex 14.896 1.76306 2
    endloop
  endfacet
  facet normal -0.995174 -0.0981303 0
    outer loop
      vertex 14.896 1.76306 4.5
      vertex 14.9538 1.17689 2
      vertex 14.9538 1.17689 4.5
    endloop
  endfacet
  facet normal -0.944849 -0.327508 0
    outer loop
      vertex 14.2658 4.63525 2
      vertex 14.0729 5.19176 4.5
      vertex 14.0729 5.19176 2
    endloop
  endfacet
  facet normal -0.944849 -0.327508 0
    outer loop
      vertex 14.0729 5.19176 4.5
      vertex 14.2658 4.63525 2
      vertex 14.2658 4.63525 4.5
    endloop
  endfacet
  facet normal -0.98444 -0.175723 0
    outer loop
      vertex 14.8153 2.34652 2
      vertex 14.7118 2.92635 4.5
      vertex 14.7118 2.92635 2
    endloop
  endfacet
  facet normal -0.98444 -0.175723 0
    outer loop
      vertex 14.7118 2.92635 4.5
      vertex 14.8153 2.34652 2
      vertex 14.8153 2.34652 4.5
    endloop
  endfacet
  facet normal -0.976741 -0.21442 0
    outer loop
      vertex 14.7118 2.92635 2
      vertex 14.5855 3.50168 4.5
      vertex 14.5855 3.50168 2
    endloop
  endfacet
  facet normal -0.976741 -0.21442 0
    outer loop
      vertex 14.5855 3.50168 4.5
      vertex 14.7118 2.92635 2
      vertex 14.7118 2.92635 4.5
    endloop
  endfacet
  facet normal 0.019694 -0.999806 0
    outer loop
      vertex -0.588897 14.9884 2
      vertex 0 15 4.5
      vertex -0.588897 14.9884 4.5
    endloop
  endfacet
  facet normal 0.019694 -0.999806 0
    outer loop
      vertex 0 15 4.5
      vertex -0.588897 14.9884 2
      vertex 0 15 2
    endloop
  endfacet
  facet normal 0.693048 -0.720892 0
    outer loop
      vertex -10.6066 10.6066 2
      vertex -10.182 11.0148 4.5
      vertex -10.6066 10.6066 4.5
    endloop
  endfacet
  facet normal 0.693048 -0.720892 0
    outer loop
      vertex -10.182 11.0148 4.5
      vertex -10.6066 10.6066 2
      vertex -10.182 11.0148 2
    endloop
  endfacet
  facet normal 0.21442 -0.976741 0
    outer loop
      vertex -3.50168 14.5855 2
      vertex -2.92635 14.7118 4.5
      vertex -3.50168 14.5855 4.5
    endloop
  endfacet
  facet normal 0.21442 -0.976741 0
    outer loop
      vertex -2.92635 14.7118 4.5
      vertex -3.50168 14.5855 2
      vertex -2.92635 14.7118 2
    endloop
  endfacet
  facet normal 0.50561 -0.862762 0
    outer loop
      vertex -7.83748 12.7896 2
      vertex -7.32932 13.0874 4.5
      vertex -7.83748 12.7896 4.5
    endloop
  endfacet
  facet normal 0.50561 -0.862762 0
    outer loop
      vertex -7.32932 13.0874 4.5
      vertex -7.83748 12.7896 2
      vertex -7.32932 13.0874 2
    endloop
  endfacet
  facet normal 0.664307 -0.74746 0
    outer loop
      vertex -10.182 11.0148 2
      vertex -9.74172 11.4061 4.5
      vertex -10.182 11.0148 4.5
    endloop
  endfacet
  facet normal 0.664307 -0.74746 0
    outer loop
      vertex -9.74172 11.4061 4.5
      vertex -10.182 11.0148 2
      vertex -9.74172 11.4061 2
    endloop
  endfacet
  facet normal 0.571682 -0.820475 0
    outer loop
      vertex -8.81678 12.1353 2
      vertex -8.33355 12.472 4.5
      vertex -8.81678 12.1353 4.5
    endloop
  endfacet
  facet normal 0.571682 -0.820475 0
    outer loop
      vertex -8.33355 12.472 4.5
      vertex -8.81678 12.1353 2
      vertex -8.33355 12.472 2
    endloop
  endfacet
  facet normal 0.720892 -0.693048 0
    outer loop
      vertex -11.0148 10.182 4.5
      vertex -10.6066 10.6066 2
      vertex -10.6066 10.6066 4.5
    endloop
  endfacet
  facet normal 0.720892 -0.693048 0
    outer loop
      vertex -10.6066 10.6066 2
      vertex -11.0148 10.182 4.5
      vertex -11.0148 10.182 2
    endloop
  endfacet
  facet normal 0.881891 -0.471453 0
    outer loop
      vertex -13.3651 6.80986 4.5
      vertex -13.0874 7.32932 2
      vertex -13.0874 7.32932 4.5
    endloop
  endfacet
  facet normal 0.881891 -0.471453 0
    outer loop
      vertex -13.0874 7.32932 2
      vertex -13.3651 6.80986 4.5
      vertex -13.3651 6.80986 2
    endloop
  endfacet
  facet normal 0.899781 -0.436342 0
    outer loop
      vertex -13.6221 6.2799 4.5
      vertex -13.3651 6.80986 2
      vertex -13.3651 6.80986 4.5
    endloop
  endfacet
  facet normal 0.899781 -0.436342 0
    outer loop
      vertex -13.3651 6.80986 2
      vertex -13.6221 6.2799 4.5
      vertex -13.6221 6.2799 2
    endloop
  endfacet
  facet normal 0.995174 -0.0981303 0
    outer loop
      vertex -14.9538 1.17689 4.5
      vertex -14.896 1.76306 2
      vertex -14.896 1.76306 4.5
    endloop
  endfacet
  facet normal 0.995174 -0.0981303 0
    outer loop
      vertex -14.896 1.76306 2
      vertex -14.9538 1.17689 4.5
      vertex -14.9538 1.17689 2
    endloop
  endfacet
  facet normal 0.999806 -0.019694 0
    outer loop
      vertex -15 0 4.5
      vertex -14.9884 0.588897 2
      vertex -14.9884 0.588897 4.5
    endloop
  endfacet
  facet normal 0.999806 -0.019694 0
    outer loop
      vertex -14.9884 0.588897 2
      vertex -15 0 4.5
      vertex -15 0 2
    endloop
  endfacet
  facet normal 0.967608 -0.252458 0
    outer loop
      vertex -14.5855 3.50168 4.5
      vertex -14.4368 4.07161 2
      vertex -14.4368 4.07161 4.5
    endloop
  endfacet
  facet normal 0.967608 -0.252458 0
    outer loop
      vertex -14.4368 4.07161 2
      vertex -14.5855 3.50168 4.5
      vertex -14.5855 3.50168 2
    endloop
  endfacet
  facet normal 0.95693 -0.290318 0
    outer loop
      vertex -14.4368 4.07161 4.5
      vertex -14.2658 4.63525 2
      vertex -14.2658 4.63525 4.5
    endloop
  endfacet
  facet normal 0.95693 -0.290318 0
    outer loop
      vertex -14.2658 4.63525 2
      vertex -14.4368 4.07161 4.5
      vertex -14.4368 4.07161 2
    endloop
  endfacet
  facet normal 0.9312 -0.364508 0
    outer loop
      vertex -14.0729 5.19176 4.5
      vertex -13.8582 5.74025 2
      vertex -13.8582 5.74025 4.5
    endloop
  endfacet
  facet normal 0.9312 -0.364508 0
    outer loop
      vertex -13.8582 5.74025 2
      vertex -14.0729 5.19176 4.5
      vertex -14.0729 5.19176 2
    endloop
  endfacet
  facet normal -0.976741 0.21442 0
    outer loop
      vertex 14.5855 -3.50168 2
      vertex 14.7118 -2.92635 4.5
      vertex 14.7118 -2.92635 2
    endloop
  endfacet
  facet normal -0.976741 0.21442 0
    outer loop
      vertex 14.7118 -2.92635 4.5
      vertex 14.5855 -3.50168 2
      vertex 14.5855 -3.50168 4.5
    endloop
  endfacet
  facet normal -0.98444 0.175723 0
    outer loop
      vertex 14.7118 -2.92635 2
      vertex 14.8153 -2.34652 4.5
      vertex 14.8153 -2.34652 2
    endloop
  endfacet
  facet normal -0.98444 0.175723 0
    outer loop
      vertex 14.8153 -2.34652 4.5
      vertex 14.7118 -2.92635 2
      vertex 14.7118 -2.92635 4.5
    endloop
  endfacet
  facet normal -0.9312 0.364508 0
    outer loop
      vertex 13.8582 -5.74025 2
      vertex 14.0729 -5.19176 4.5
      vertex 14.0729 -5.19176 2
    endloop
  endfacet
  facet normal -0.9312 0.364508 0
    outer loop
      vertex 14.0729 -5.19176 4.5
      vertex 13.8582 -5.74025 2
      vertex 13.8582 -5.74025 4.5
    endloop
  endfacet
  facet normal -0.74746 0.664307 0
    outer loop
      vertex 11.0148 -10.182 2
      vertex 11.4061 -9.74172 4.5
      vertex 11.4061 -9.74172 2
    endloop
  endfacet
  facet normal -0.74746 0.664307 0
    outer loop
      vertex 11.4061 -9.74172 4.5
      vertex 11.0148 -10.182 2
      vertex 11.0148 -10.182 4.5
    endloop
  endfacet
  facet normal -0.0587426 0.998273 0
    outer loop
      vertex 1.17689 -14.9538 2
      vertex 0.588897 -14.9884 4.5
      vertex 1.17689 -14.9538 4.5
    endloop
  endfacet
  facet normal -0.0587426 0.998273 0
    outer loop
      vertex 0.588897 -14.9884 4.5
      vertex 1.17689 -14.9538 2
      vertex 0.588897 -14.9884 2
    endloop
  endfacet
  facet normal -0.50561 0.862762 0
    outer loop
      vertex 7.83748 -12.7896 2
      vertex 7.32932 -13.0874 4.5
      vertex 7.83748 -12.7896 4.5
    endloop
  endfacet
  facet normal -0.50561 0.862762 0
    outer loop
      vertex 7.32932 -13.0874 4.5
      vertex 7.83748 -12.7896 2
      vertex 7.32932 -13.0874 2
    endloop
  endfacet
  facet normal 0.720892 0.693048 0
    outer loop
      vertex -10.6066 -10.6066 4.5
      vertex -11.0148 -10.182 2
      vertex -11.0148 -10.182 4.5
    endloop
  endfacet
  facet normal 0.720892 0.693048 0
    outer loop
      vertex -11.0148 -10.182 2
      vertex -10.6066 -10.6066 4.5
      vertex -10.6066 -10.6066 2
    endloop
  endfacet
  facet normal 0.998273 0.0587426 0
    outer loop
      vertex -14.9538 -1.17689 4.5
      vertex -14.9884 -0.588897 2
      vertex -14.9884 -0.588897 4.5
    endloop
  endfacet
  facet normal 0.998273 0.0587426 0
    outer loop
      vertex -14.9884 -0.588897 2
      vertex -14.9538 -1.17689 4.5
      vertex -14.9538 -1.17689 2
    endloop
  endfacet
  facet normal 0.664307 0.74746 -0
    outer loop
      vertex -9.74172 -11.4061 2
      vertex -10.182 -11.0148 4.5
      vertex -9.74172 -11.4061 4.5
    endloop
  endfacet
  facet normal 0.664307 0.74746 0
    outer loop
      vertex -10.182 -11.0148 4.5
      vertex -9.74172 -11.4061 2
      vertex -10.182 -11.0148 2
    endloop
  endfacet
  facet normal 0.252458 0.967608 -0
    outer loop
      vertex -3.50168 -14.5855 2
      vertex -4.07161 -14.4368 4.5
      vertex -3.50168 -14.5855 4.5
    endloop
  endfacet
  facet normal 0.252458 0.967608 0
    outer loop
      vertex -4.07161 -14.4368 4.5
      vertex -3.50168 -14.5855 2
      vertex -4.07161 -14.4368 2
    endloop
  endfacet
  facet normal -0.290318 -0.95693 0
    outer loop
      vertex 4.07161 14.4368 2
      vertex 4.63525 14.2658 4.5
      vertex 4.07161 14.4368 4.5
    endloop
  endfacet
  facet normal -0.290318 -0.95693 -0
    outer loop
      vertex 4.63525 14.2658 4.5
      vertex 4.07161 14.4368 2
      vertex 4.63525 14.2658 2
    endloop
  endfacet
  facet normal -0.50561 -0.862762 0
    outer loop
      vertex 7.32932 13.0874 2
      vertex 7.83748 12.7896 4.5
      vertex 7.32932 13.0874 4.5
    endloop
  endfacet
  facet normal -0.50561 -0.862762 -0
    outer loop
      vertex 7.83748 12.7896 4.5
      vertex 7.32932 13.0874 2
      vertex 7.83748 12.7896 2
    endloop
  endfacet
  facet normal 0.252458 -0.967608 0
    outer loop
      vertex -4.07161 14.4368 2
      vertex -3.50168 14.5855 4.5
      vertex -4.07161 14.4368 4.5
    endloop
  endfacet
  facet normal 0.252458 -0.967608 0
    outer loop
      vertex -3.50168 14.5855 4.5
      vertex -4.07161 14.4368 2
      vertex -3.50168 14.5855 2
    endloop
  endfacet
  facet normal 0.862762 -0.50561 0
    outer loop
      vertex -13.0874 7.32932 4.5
      vertex -12.7896 7.83748 2
      vertex -12.7896 7.83748 4.5
    endloop
  endfacet
  facet normal 0.862762 -0.50561 0
    outer loop
      vertex -12.7896 7.83748 2
      vertex -13.0874 7.32932 4.5
      vertex -13.0874 7.32932 2
    endloop
  endfacet
  facet normal -0.998273 -0.0587426 0
    outer loop
      vertex 14.9884 0.588897 2
      vertex 14.9538 1.17689 4.5
      vertex 14.9538 1.17689 2
    endloop
  endfacet
  facet normal -0.998273 -0.0587426 0
    outer loop
      vertex 14.9538 1.17689 4.5
      vertex 14.9884 0.588897 2
      vertex 14.9884 0.588897 4.5
    endloop
  endfacet
endsolid OpenSCAD_Model
