solid OpenSCAD_Model
  facet normal 0 -1 0
    outer loop
      vertex 16.8497 -19 9.07664
      vertex 17.0384 -19 9.01457
      vertex 16.9271 -19 9.05317
    endloop
  endfacet
  facet normal 0 -1 0
    outer loop
      vertex 16.8497 -19 9.07664
      vertex 17.148 -19 8.97164
      vertex 17.0384 -19 9.01457
    endloop
  endfacet
  facet normal 0 -1 0
    outer loop
      vertex 16.8497 -19 9.07664
      vertex 17.256 -19 8.92443
      vertex 17.148 -19 8.97164
    endloop
  endfacet
  facet normal 0 -1 0
    outer loop
      vertex 16.8497 -19 9.07664
      vertex 17.362 -19 8.87302
      vertex 17.256 -19 8.92443
    endloop
  endfacet
  facet normal 0 -1 0
    outer loop
      vertex 16.8497 -19 9.07664
      vertex 17.4659 -19 8.81749
      vertex 17.362 -19 8.87302
    endloop
  endfacet
  facet normal 0 -1 0
    outer loop
      vertex 16.8497 -19 9.07664
      vertex 17.5675 -19 8.75792
      vertex 17.4659 -19 8.81749
    endloop
  endfacet
  facet normal 0 -1 0
    outer loop
      vertex 16.8497 -19 9.07664
      vertex 17.6667 -19 8.69441
      vertex 17.5675 -19 8.75792
    endloop
  endfacet
  facet normal 0 -1 0
    outer loop
      vertex 16.8497 -19 9.07664
      vertex 17.7634 -19 8.62705
      vertex 17.6667 -19 8.69441
    endloop
  endfacet
  facet normal 0 -1 0
    outer loop
      vertex 16.8497 -19 9.07664
      vertex 17.8573 -19 8.55595
      vertex 17.7634 -19 8.62705
    endloop
  endfacet
  facet normal 0 -1 0
    outer loop
      vertex 16.8497 -19 9.07664
      vertex 17.9483 -19 8.48122
      vertex 17.8573 -19 8.55595
    endloop
  endfacet
  facet normal 0 -1 0
    outer loop
      vertex 16.8497 -19 9.07664
      vertex 18.0364 -19 8.40297
      vertex 17.9483 -19 8.48122
    endloop
  endfacet
  facet normal 0 -1 0
    outer loop
      vertex 16.8497 -19 9.07664
      vertex 18.1213 -19 8.32132
      vertex 18.0364 -19 8.40297
    endloop
  endfacet
  facet normal 0 -1 0
    outer loop
      vertex 16.8497 -19 9.07664
      vertex 18.203 -19 8.2364
      vertex 18.1213 -19 8.32132
    endloop
  endfacet
  facet normal 0 -1 0
    outer loop
      vertex 16.8497 -19 9.07664
      vertex 18.2812 -19 8.14834
      vertex 18.203 -19 8.2364
    endloop
  endfacet
  facet normal 0 -1 0
    outer loop
      vertex 16.8497 -19 9.07664
      vertex 18.3559 -19 8.05728
      vertex 18.2812 -19 8.14834
    endloop
  endfacet
  facet normal 0 -1 0
    outer loop
      vertex 16.8497 -19 9.07664
      vertex 18.4271 -19 7.96336
      vertex 18.3559 -19 8.05728
    endloop
  endfacet
  facet normal 0 -1 0
    outer loop
      vertex 16.8497 -19 9.07664
      vertex 18.4944 -19 7.86671
      vertex 18.4271 -19 7.96336
    endloop
  endfacet
  facet normal 0 -1 0
    outer loop
      vertex 16.8497 -19 9.07664
      vertex 18.5579 -19 7.7675
      vertex 18.4944 -19 7.86671
    endloop
  endfacet
  facet normal 0 -1 0
    outer loop
      vertex 16.8497 -19 9.07664
      vertex 18.6175 -19 7.66586
      vertex 18.5579 -19 7.7675
    endloop
  endfacet
  facet normal 0 -1 0
    outer loop
      vertex 16.8497 -19 9.07664
      vertex 18.673 -19 7.56197
      vertex 18.6175 -19 7.66586
    endloop
  endfacet
  facet normal 0 -1 0
    outer loop
      vertex 16.8497 -19 9.07664
      vertex 18.7244 -19 7.45598
      vertex 18.673 -19 7.56197
    endloop
  endfacet
  facet normal 0 -1 0
    outer loop
      vertex 16.8497 -19 9.07664
      vertex 18.7716 -19 7.34805
      vertex 18.7244 -19 7.45598
    endloop
  endfacet
  facet normal 0 -1 0
    outer loop
      vertex 16.8497 -19 9.07664
      vertex 18.8146 -19 7.23835
      vertex 18.7716 -19 7.34805
    endloop
  endfacet
  facet normal 0 -1 0
    outer loop
      vertex 16.8497 -19 9.07664
      vertex 18.8532 -19 7.12705
      vertex 18.8146 -19 7.23835
    endloop
  endfacet
  facet normal 0 -1 0
    outer loop
      vertex 16.8497 -19 9.07664
      vertex 18.8874 -19 7.01432
      vertex 18.8532 -19 7.12705
    endloop
  endfacet
  facet normal 0 -1 0
    outer loop
      vertex 16.8497 -19 9.07664
      vertex 18.9171 -19 6.90034
      vertex 18.8874 -19 7.01432
    endloop
  endfacet
  facet normal 0 -1 0
    outer loop
      vertex 16.8497 -19 9.07664
      vertex 18.9424 -19 6.78527
      vertex 18.9171 -19 6.90034
    endloop
  endfacet
  facet normal 0 -1 0
    outer loop
      vertex 16.8497 -19 9.07664
      vertex 18.9631 -19 6.6693
      vertex 18.9424 -19 6.78527
    endloop
  endfacet
  facet normal 0 -1 0
    outer loop
      vertex 16.8497 -19 9.07664
      vertex 18.9792 -19 6.55261
      vertex 18.9631 -19 6.6693
    endloop
  endfacet
  facet normal 0 -1 0
    outer loop
      vertex 16.8497 -19 9.07664
      vertex 18.9908 -19 6.43538
      vertex 18.9792 -19 6.55261
    endloop
  endfacet
  facet normal 0 -1 0
    outer loop
      vertex 16.8497 -19 9.07664
      vertex 18.9977 -19 6.31778
      vertex 18.9908 -19 6.43538
    endloop
  endfacet
  facet normal 0 -1 0
    outer loop
      vertex 16.8497 -19 9.07664
      vertex 19 -19 6.2
      vertex 18.9977 -19 6.31778
    endloop
  endfacet
  facet normal 0 -1 0
    outer loop
      vertex 16.8497 -19 9.07664
      vertex 18.9977 -19 6.08222
      vertex 19 -19 6.2
    endloop
  endfacet
  facet normal 0 -1 0
    outer loop
      vertex 16.8497 -19 9.07664
      vertex 18.9908 -19 5.96462
      vertex 18.9977 -19 6.08222
    endloop
  endfacet
  facet normal 0 -1 0
    outer loop
      vertex 16.8497 -19 9.07664
      vertex 18.9792 -19 5.84739
      vertex 18.9908 -19 5.96462
    endloop
  endfacet
  facet normal 0 -1 0
    outer loop
      vertex 16.8497 -19 9.07664
      vertex 18.9631 -19 5.7307
      vertex 18.9792 -19 5.84739
    endloop
  endfacet
  facet normal 0 -1 0
    outer loop
      vertex 16.8497 -19 9.07664
      vertex 18.9424 -19 5.61473
      vertex 18.9631 -19 5.7307
    endloop
  endfacet
  facet normal 0 -1 0
    outer loop
      vertex 16.8497 -19 9.07664
      vertex 18.9171 -19 5.49966
      vertex 18.9424 -19 5.61473
    endloop
  endfacet
  facet normal 0 -1 0
    outer loop
      vertex 16.8497 -19 9.07664
      vertex 18.8874 -19 5.38568
      vertex 18.9171 -19 5.49966
    endloop
  endfacet
  facet normal 0 -1 0
    outer loop
      vertex 16.8497 -19 9.07664
      vertex 18.8532 -19 5.27295
      vertex 18.8874 -19 5.38568
    endloop
  endfacet
  facet normal 0 -1 0
    outer loop
      vertex 16.8497 -19 9.07664
      vertex 18.8146 -19 5.16165
      vertex 18.8532 -19 5.27295
    endloop
  endfacet
  facet normal 0 -1 0
    outer loop
      vertex 16.8497 -19 9.07664
      vertex 18.7716 -19 5.05195
      vertex 18.8146 -19 5.16165
    endloop
  endfacet
  facet normal 0 -1 0
    outer loop
      vertex 16.8497 -19 9.07664
      vertex 18.7244 -19 4.94402
      vertex 18.7716 -19 5.05195
    endloop
  endfacet
  facet normal 0 -1 0
    outer loop
      vertex 16.8497 -19 9.07664
      vertex 18.673 -19 4.83803
      vertex 18.7244 -19 4.94402
    endloop
  endfacet
  facet normal 0 -1 0
    outer loop
      vertex 16.8497 -19 9.07664
      vertex 18.6175 -19 4.73414
      vertex 18.673 -19 4.83803
    endloop
  endfacet
  facet normal 0 -1 0
    outer loop
      vertex 16.8497 -19 9.07664
      vertex 18.5579 -19 4.6325
      vertex 18.6175 -19 4.73414
    endloop
  endfacet
  facet normal 0 -1 0
    outer loop
      vertex 16.8497 -19 9.07664
      vertex 18.4944 -19 4.53329
      vertex 18.5579 -19 4.6325
    endloop
  endfacet
  facet normal 0 -1 0
    outer loop
      vertex 16.8497 -19 9.07664
      vertex 18.4271 -19 4.43664
      vertex 18.4944 -19 4.53329
    endloop
  endfacet
  facet normal 0 -1 0
    outer loop
      vertex 16.8497 -19 9.07664
      vertex 18.3559 -19 4.34272
      vertex 18.4271 -19 4.43664
    endloop
  endfacet
  facet normal 0 -1 0
    outer loop
      vertex 16.8497 -19 9.07664
      vertex 18.2812 -19 4.25166
      vertex 18.3559 -19 4.34272
    endloop
  endfacet
  facet normal 0 -1 0
    outer loop
      vertex 16.8497 -19 9.07664
      vertex 18.203 -19 4.1636
      vertex 18.2812 -19 4.25166
    endloop
  endfacet
  facet normal 0 -1 0
    outer loop
      vertex 16.8497 -19 9.07664
      vertex 18.1213 -19 4.07868
      vertex 18.203 -19 4.1636
    endloop
  endfacet
  facet normal 0 -1 0
    outer loop
      vertex 16.8497 -19 9.07664
      vertex 18.0364 -19 3.99703
      vertex 18.1213 -19 4.07868
    endloop
  endfacet
  facet normal 0 -1 0
    outer loop
      vertex 16.8497 -19 9.07664
      vertex 17.9483 -19 3.91878
      vertex 18.0364 -19 3.99703
    endloop
  endfacet
  facet normal 0 -1 0
    outer loop
      vertex 16.8497 -19 9.07664
      vertex 17.8573 -19 3.84405
      vertex 17.9483 -19 3.91878
    endloop
  endfacet
  facet normal 0 -1 0
    outer loop
      vertex 16.8497 -19 9.07664
      vertex 17.7634 -19 3.77295
      vertex 17.8573 -19 3.84405
    endloop
  endfacet
  facet normal 0 -1 0
    outer loop
      vertex 16.8497 -19 9.07664
      vertex 17.6667 -19 3.70559
      vertex 17.7634 -19 3.77295
    endloop
  endfacet
  facet normal 0 -1 0
    outer loop
      vertex 16.8497 -19 9.07664
      vertex 17.5675 -19 3.64208
      vertex 17.6667 -19 3.70559
    endloop
  endfacet
  facet normal 0 -1 0
    outer loop
      vertex 16.8497 -19 9.07664
      vertex 17.4659 -19 3.58251
      vertex 17.5675 -19 3.64208
    endloop
  endfacet
  facet normal 0 -1 0
    outer loop
      vertex 16.8497 -19 9.07664
      vertex 17.362 -19 3.52698
      vertex 17.4659 -19 3.58251
    endloop
  endfacet
  facet normal 0 -1 0
    outer loop
      vertex 16.8497 -19 9.07664
      vertex 17.256 -19 3.47557
      vertex 17.362 -19 3.52698
    endloop
  endfacet
  facet normal 0 -1 0
    outer loop
      vertex 16.8497 -19 9.07664
      vertex 17.148 -19 3.42836
      vertex 17.256 -19 3.47557
    endloop
  endfacet
  facet normal 0 -1 0
    outer loop
      vertex 16.8497 -19 9.07664
      vertex 17.0384 -19 3.38543
      vertex 17.148 -19 3.42836
    endloop
  endfacet
  facet normal 0 -1 0
    outer loop
      vertex 16.8497 -19 9.07664
      vertex 16.9271 -19 3.34683
      vertex 17.0384 -19 3.38543
    endloop
  endfacet
  facet normal -0 -1 0
    outer loop
      vertex 16.9271 -19 3.34683
      vertex 16.8497 -19 9.07664
      vertex 16.8497 -19 3.32336
    endloop
  endfacet
  facet normal 0.999808 0 -0.0196091
    outer loop
      vertex 6.00231 -25.5 6.31778
      vertex 6 -24.6798 6.2
      vertex 6.00231 -24.6792 6.31778
    endloop
  endfacet
  facet normal 0.999808 0 -0.0196091
    outer loop
      vertex 6 -24.6798 6.2
      vertex 6.00231 -25.5 6.31778
      vertex 6 -25.5 6.2
    endloop
  endfacet
  facet normal -0.747728 0 0.664005
    outer loop
      vertex 18.203 -19 4.1636
      vertex 18.2812 -19.8679 4.25166
      vertex 18.2812 -19 4.25166
    endloop
  endfacet
  facet normal -0.747728 0 0.664005
    outer loop
      vertex 18.2812 -19.8679 4.25166
      vertex 18.203 -19 4.1636
      vertex 18.203 -19.9375 4.1636
    endloop
  endfacet
  facet normal -0 0 1
    outer loop
      vertex 15.725 -19.947 3.2
      vertex 16 -21.7452 3.2
      vertex 16 -19.7214 3.2
    endloop
  endfacet
  facet normal -0 0 1
    outer loop
      vertex 14.9297 -20.549 3.2
      vertex 16 -21.7452 3.2
      vertex 15.725 -19.947 3.2
    endloop
  endfacet
  facet normal 0 0 1
    outer loop
      vertex 16 -21.7452 3.2
      vertex 14.9297 -20.549 3.2
      vertex 15.8702 -21.8435 3.2
    endloop
  endfacet
  facet normal 0 0 1
    outer loop
      vertex 15.8702 -21.8435 3.2
      vertex 14.9297 -20.549 3.2
      vertex 15.0004 -22.4497 3.2
    endloop
  endfacet
  facet normal -0 0 1
    outer loop
      vertex 14.1115 -21.1193 3.2
      vertex 15.0004 -22.4497 3.2
      vertex 14.9297 -20.549 3.2
    endloop
  endfacet
  facet normal 0 0 1
    outer loop
      vertex 14.1115 -21.1193 3.2
      vertex 14.1075 -23.0213 3.2
      vertex 15.0004 -22.4497 3.2
    endloop
  endfacet
  facet normal -0 0 1
    outer loop
      vertex 13.2715 -21.6571 3.2
      vertex 14.1075 -23.0213 3.2
      vertex 14.1115 -21.1193 3.2
    endloop
  endfacet
  facet normal 0 0 1
    outer loop
      vertex 13.2715 -21.6571 3.2
      vertex 13.1928 -23.5574 3.2
      vertex 14.1075 -23.0213 3.2
    endloop
  endfacet
  facet normal -0 0 1
    outer loop
      vertex 12.411 -22.1614 3.2
      vertex 13.1928 -23.5574 3.2
      vertex 13.2715 -21.6571 3.2
    endloop
  endfacet
  facet normal 0 0 1
    outer loop
      vertex 12.411 -22.1614 3.2
      vertex 12.2577 -24.0572 3.2
      vertex 13.1928 -23.5574 3.2
    endloop
  endfacet
  facet normal -0 0 1
    outer loop
      vertex 11.5314 -22.6316 3.2
      vertex 12.2577 -24.0572 3.2
      vertex 12.411 -22.1614 3.2
    endloop
  endfacet
  facet normal 0 0 1
    outer loop
      vertex 11.5314 -22.6316 3.2
      vertex 11.3038 -24.5199 3.2
      vertex 12.2577 -24.0572 3.2
    endloop
  endfacet
  facet normal -0 0 1
    outer loop
      vertex 10.634 -23.0668 3.2
      vertex 11.3038 -24.5199 3.2
      vertex 11.5314 -22.6316 3.2
    endloop
  endfacet
  facet normal 0 0 1
    outer loop
      vertex 10.634 -23.0668 3.2
      vertex 10.3325 -24.9447 3.2
      vertex 11.3038 -24.5199 3.2
    endloop
  endfacet
  facet normal -0 0 1
    outer loop
      vertex 9.72016 -23.4665 3.2
      vertex 10.3325 -24.9447 3.2
      vertex 10.634 -23.0668 3.2
    endloop
  endfacet
  facet normal -0 0 1
    outer loop
      vertex 9 -23.7484 3.2
      vertex 10.3325 -24.9447 3.2
      vertex 9.72016 -23.4665 3.2
    endloop
  endfacet
  facet normal 0 0 1
    outer loop
      vertex 10.3325 -24.9447 3.2
      vertex 9 -23.7484 3.2
      vertex 9.34516 -25.3312 3.2
    endloop
  endfacet
  facet normal 0 0 1
    outer loop
      vertex 9.34516 -25.3312 3.2
      vertex 9 -23.7484 3.2
      vertex 9 -25.4509 3.2
    endloop
  endfacet
  facet normal -0.93103 0 -0.364943
    outer loop
      vertex 18.8146 -19.3585 7.23835
      vertex 18.7716 -19 7.34805
      vertex 18.8146 -19 7.23835
    endloop
  endfacet
  facet normal -0.93103 -0 -0.364943
    outer loop
      vertex 18.7716 -19 7.34805
      vertex 18.8146 -19.3585 7.23835
      vertex 18.7716 -19.3998 7.34805
    endloop
  endfacet
  facet normal 0.137011 0 -0.99057
    outer loop
      vertex 8.5307 -23.9205 9.16306
      vertex 8.64739 -25.5 9.1792
      vertex 8.5307 -25.5 9.16306
    endloop
  endfacet
  facet normal 0.137011 0 -0.99057
    outer loop
      vertex 8.64739 -25.5 9.1792
      vertex 8.5307 -23.9205 9.16306
      vertex 8.64739 -23.88 9.1792
    endloop
  endfacet
  facet normal 0 0 -1
    outer loop
      vertex 14.9297 -20.549 9.2
      vertex 16 -21.7452 9.2
      vertex 15.8702 -21.8435 9.2
    endloop
  endfacet
  facet normal 0 0 -1
    outer loop
      vertex 16 -21.7452 9.2
      vertex 15.725 -19.947 9.2
      vertex 16 -19.7214 9.2
    endloop
  endfacet
  facet normal 0 0 -1
    outer loop
      vertex 14.9297 -20.549 9.2
      vertex 15.8702 -21.8435 9.2
      vertex 15.0004 -22.4497 9.2
    endloop
  endfacet
  facet normal 0 0 -1
    outer loop
      vertex 16 -21.7452 9.2
      vertex 14.9297 -20.549 9.2
      vertex 15.725 -19.947 9.2
    endloop
  endfacet
  facet normal 0 0 -1
    outer loop
      vertex 15.0004 -22.4497 9.2
      vertex 14.1115 -21.1193 9.2
      vertex 14.9297 -20.549 9.2
    endloop
  endfacet
  facet normal 0 0 -1
    outer loop
      vertex 14.1075 -23.0213 9.2
      vertex 14.1115 -21.1193 9.2
      vertex 15.0004 -22.4497 9.2
    endloop
  endfacet
  facet normal 0 0 -1
    outer loop
      vertex 14.1075 -23.0213 9.2
      vertex 13.2715 -21.6571 9.2
      vertex 14.1115 -21.1193 9.2
    endloop
  endfacet
  facet normal 0 0 -1
    outer loop
      vertex 13.1928 -23.5574 9.2
      vertex 13.2715 -21.6571 9.2
      vertex 14.1075 -23.0213 9.2
    endloop
  endfacet
  facet normal 0 0 -1
    outer loop
      vertex 13.1928 -23.5574 9.2
      vertex 12.411 -22.1614 9.2
      vertex 13.2715 -21.6571 9.2
    endloop
  endfacet
  facet normal 0 0 -1
    outer loop
      vertex 12.2577 -24.0572 9.2
      vertex 12.411 -22.1614 9.2
      vertex 13.1928 -23.5574 9.2
    endloop
  endfacet
  facet normal 0 0 -1
    outer loop
      vertex 12.2577 -24.0572 9.2
      vertex 11.5314 -22.6316 9.2
      vertex 12.411 -22.1614 9.2
    endloop
  endfacet
  facet normal 0 0 -1
    outer loop
      vertex 11.3038 -24.5199 9.2
      vertex 11.5314 -22.6316 9.2
      vertex 12.2577 -24.0572 9.2
    endloop
  endfacet
  facet normal 0 0 -1
    outer loop
      vertex 11.3038 -24.5199 9.2
      vertex 10.634 -23.0668 9.2
      vertex 11.5314 -22.6316 9.2
    endloop
  endfacet
  facet normal 0 0 -1
    outer loop
      vertex 10.3325 -24.9447 9.2
      vertex 10.634 -23.0668 9.2
      vertex 11.3038 -24.5199 9.2
    endloop
  endfacet
  facet normal 0 0 -1
    outer loop
      vertex 10.3325 -24.9447 9.2
      vertex 9.72016 -23.4665 9.2
      vertex 10.634 -23.0668 9.2
    endloop
  endfacet
  facet normal 0 0 -1
    outer loop
      vertex 9 -23.7484 9.2
      vertex 10.3325 -24.9447 9.2
      vertex 9.34516 -25.3312 9.2
    endloop
  endfacet
  facet normal 0 0 -1
    outer loop
      vertex 9 -23.7484 9.2
      vertex 9.34516 -25.3312 9.2
      vertex 9 -25.4509 9.2
    endloop
  endfacet
  facet normal 0 0 -1
    outer loop
      vertex 10.3325 -24.9447 9.2
      vertex 9 -23.7484 9.2
      vertex 9.72016 -23.4665 9.2
    endloop
  endfacet
  facet normal 0.944794 0 -0.327664
    outer loop
      vertex 6.18543 -25.5 7.23835
      vertex 6.14683 -24.6415 7.12705
      vertex 6.18543 -24.6314 7.23835
    endloop
  endfacet
  facet normal 0.944794 0 -0.327664
    outer loop
      vertex 6.14683 -24.6415 7.12705
      vertex 6.18543 -25.5 7.23835
      vertex 6.14683 -25.5 7.12705
    endloop
  endfacet
  facet normal -0.539186 0 0.842187
    outer loop
      vertex 17.5675 -19 3.64208
      vertex 17.6667 -20.414 3.70559
      vertex 17.6667 -19 3.70559
    endloop
  endfacet
  facet normal -0.539186 0 0.842187
    outer loop
      vertex 17.6667 -20.414 3.70559
      vertex 17.5675 -19 3.64208
      vertex 17.5675 -20.5022 3.64208
    endloop
  endfacet
  facet normal -0.976672 0 0.214737
    outer loop
      vertex 18.9171 -19 5.49966
      vertex 18.9424 -19.2357 5.61473
      vertex 18.9424 -19 5.61473
    endloop
  endfacet
  facet normal -0.976672 0 0.214737
    outer loop
      vertex 18.9424 -19.2357 5.61473
      vertex 18.9171 -19 5.49966
      vertex 18.9171 -19.2599 5.49966
    endloop
  endfacet
  facet normal 0.0979655 0 0.99519
    outer loop
      vertex 8.64739 -23.88 3.22079
      vertex 8.76462 -25.5 3.20925
      vertex 8.76462 -23.8393 3.20925
    endloop
  endfacet
  facet normal 0.0979655 0 0.99519
    outer loop
      vertex 8.76462 -25.5 3.20925
      vertex 8.64739 -23.88 3.22079
      vertex 8.64739 -25.5 3.22079
    endloop
  endfacet
  facet normal -0.84225 0 -0.539087
    outer loop
      vertex 18.5579 -19.6053 7.7675
      vertex 18.4944 -19 7.86671
      vertex 18.5579 -19 7.7675
    endloop
  endfacet
  facet normal -0.84225 -0 -0.539087
    outer loop
      vertex 18.4944 -19 7.86671
      vertex 18.5579 -19.6053 7.7675
      vertex 18.4944 -19.6663 7.86671
    endloop
  endfacet
  facet normal -0.214376 -0 -0.976751
    outer loop
      vertex 16.5853 -19.235 9.14235
      vertex 16.7003 -21.2151 9.11711
      vertex 16.5853 -21.3022 9.14235
    endloop
  endfacet
  facet normal -0.214376 0 -0.976751
    outer loop
      vertex 16.7003 -21.2151 9.11711
      vertex 16.5853 -19.235 9.14235
      vertex 16.7003 -19.1327 9.11711
    endloop
  endfacet
  facet normal -0.539186 -0 -0.842187
    outer loop
      vertex 17.5675 -19 8.75792
      vertex 17.6667 -20.414 8.69441
      vertex 17.5675 -20.5022 8.75792
    endloop
  endfacet
  facet normal -0.539186 0 -0.842187
    outer loop
      vertex 17.6667 -20.414 8.69441
      vertex 17.5675 -19 8.75792
      vertex 17.6667 -19 8.69441
    endloop
  endfacet
  facet normal -0.136999 -0 -0.990571
    outer loop
      vertex 16.3526 -19.432 9.1792
      vertex 16.4693 -21.3899 9.16306
      vertex 16.3526 -21.4783 9.1792
    endloop
  endfacet
  facet normal -0.136999 0 -0.990571
    outer loop
      vertex 16.4693 -21.3899 9.16306
      vertex 16.3526 -19.432 9.1792
      vertex 16.4693 -19.3362 9.16306
    endloop
  endfacet
  facet normal 0.25247 0 -0.967605
    outer loop
      vertex 8.18568 -24.0401 9.08737
      vertex 8.29966 -25.5 9.11711
      vertex 8.18568 -25.5 9.08737
    endloop
  endfacet
  facet normal 0.25247 0 -0.967605
    outer loop
      vertex 8.29966 -25.5 9.11711
      vertex 8.18568 -24.0401 9.08737
      vertex 8.29966 -24.0006 9.11711
    endloop
  endfacet
  facet normal 0.571781 0 -0.820407
    outer loop
      vertex 7.23664 -24.3426 8.62705
      vertex 7.33329 -25.5 8.69441
      vertex 7.23664 -25.5 8.62705
    endloop
  endfacet
  facet normal 0.571781 0 -0.820407
    outer loop
      vertex 7.33329 -25.5 8.69441
      vertex 7.23664 -24.3426 8.62705
      vertex 7.33329 -24.3133 8.69441
    endloop
  endfacet
  facet normal 0.214251 0 -0.976779
    outer loop
      vertex 8.29966 -24.0006 9.11711
      vertex 8.41473 -25.5 9.14235
      vertex 8.29966 -25.5 9.11711
    endloop
  endfacet
  facet normal 0.214251 0 -0.976779
    outer loop
      vertex 8.41473 -25.5 9.14235
      vertex 8.29966 -24.0006 9.11711
      vertex 8.41473 -23.9607 9.14235
    endloop
  endfacet
  facet normal -0.214457 0 0.976733
    outer loop
      vertex 16.5853 -19.235 3.25764
      vertex 16.7003 -21.2151 3.28289
      vertex 16.7003 -19.1327 3.28289
    endloop
  endfacet
  facet normal -0.214457 0 0.976733
    outer loop
      vertex 16.7003 -21.2151 3.28289
      vertex 16.5853 -19.235 3.25764
      vertex 16.5853 -21.3022 3.25764
    endloop
  endfacet
  facet normal -0.136999 0 0.990571
    outer loop
      vertex 16.3526 -19.432 3.22079
      vertex 16.4693 -21.3899 3.23693
      vertex 16.4693 -19.3362 3.23693
    endloop
  endfacet
  facet normal -0.136999 0 0.990571
    outer loop
      vertex 16.4693 -21.3899 3.23693
      vertex 16.3526 -19.432 3.22079
      vertex 16.3526 -21.4783 3.22079
    endloop
  endfacet
  facet normal -0.899778 0 0.436348
    outer loop
      vertex 18.673 -19 4.83803
      vertex 18.7244 -19.4452 4.94402
      vertex 18.7244 -19 4.94402
    endloop
  endfacet
  facet normal -0.899778 0 0.436348
    outer loop
      vertex 18.7244 -19.4452 4.94402
      vertex 18.673 -19 4.83803
      vertex 18.673 -19.4946 4.83803
    endloop
  endfacet
  facet normal -0.77314 0 0.634236
    outer loop
      vertex 18.2812 -19 4.25166
      vertex 18.3559 -19.7995 4.34272
      vertex 18.3559 -19 4.34272
    endloop
  endfacet
  facet normal -0.773322 -4.2323e-05 0.634014
    outer loop
      vertex 18.2812 -19 4.25166
      vertex 18.3276 -19.8267 4.3082
      vertex 18.3559 -19.7995 4.34272
    endloop
  endfacet
  facet normal -0.773018 0 0.634384
    outer loop
      vertex 18.3276 -19.8267 4.3082
      vertex 18.2812 -19 4.25166
      vertex 18.2812 -19.8679 4.25166
    endloop
  endfacet
  facet normal 0.214332 0 0.976761
    outer loop
      vertex 8.29966 -24.0006 3.28289
      vertex 8.41473 -25.5 3.25764
      vertex 8.41473 -23.9607 3.25764
    endloop
  endfacet
  facet normal 0.214332 0 0.976761
    outer loop
      vertex 8.41473 -25.5 3.25764
      vertex 8.29966 -24.0006 3.28289
      vertex 8.29966 -25.5 3.28289
    endloop
  endfacet
  facet normal 0.0196091 0 0.999808
    outer loop
      vertex 8.88222 -23.7945 3.20231
      vertex 9 -25.4509 3.2
      vertex 9 -23.7484 3.2
    endloop
  endfacet
  facet normal 0.0196091 0 0.999808
    outer loop
      vertex 9 -25.4509 3.2
      vertex 8.88222 -23.7945 3.20231
      vertex 8.88222 -25.4917 3.20231
    endloop
  endfacet
  facet normal 0.944794 0 0.327664
    outer loop
      vertex 6.18543 -25.5 5.16165
      vertex 6.14683 -24.6415 5.27295
      vertex 6.14683 -25.5 5.27295
    endloop
  endfacet
  facet normal 0.944794 0 0.327664
    outer loop
      vertex 6.14683 -24.6415 5.27295
      vertex 6.18543 -25.5 5.16165
      vertex 6.18543 -24.6314 5.16165
    endloop
  endfacet
  facet normal -0.899778 0 -0.436348
    outer loop
      vertex 18.7244 -19.4452 7.45598
      vertex 18.673 -19 7.56197
      vertex 18.7244 -19 7.45598
    endloop
  endfacet
  facet normal -0.899778 -0 -0.436348
    outer loop
      vertex 18.673 -19 7.56197
      vertex 18.7244 -19.4452 7.45598
      vertex 18.673 -19.4946 7.56197
    endloop
  endfacet
  facet normal -0.77314 0 -0.634236
    outer loop
      vertex 18.3559 -19.7995 8.05728
      vertex 18.2812 -19 8.14834
      vertex 18.3559 -19 8.05728
    endloop
  endfacet
  facet normal -0.773322 -4.2323e-05 -0.634014
    outer loop
      vertex 18.3276 -19.8267 8.0918
      vertex 18.2812 -19 8.14834
      vertex 18.3559 -19.7995 8.05728
    endloop
  endfacet
  facet normal -0.773018 -0 -0.634384
    outer loop
      vertex 18.2812 -19 8.14834
      vertex 18.3276 -19.8267 8.0918
      vertex 18.2812 -19.8679 8.14834
    endloop
  endfacet
  facet normal -0.720637 0 -0.693312
    outer loop
      vertex 18.203 -19.9375 8.2364
      vertex 18.1213 -19 8.32132
      vertex 18.203 -19 8.2364
    endloop
  endfacet
  facet normal -0.720637 -0 -0.693312
    outer loop
      vertex 18.1213 -19 8.32132
      vertex 18.203 -19.9375 8.2364
      vertex 18.1213 -20.01 8.32132
    endloop
  endfacet
  facet normal -0.0196057 -0 -0.999808
    outer loop
      vertex 16 -19.7214 9.2
      vertex 16.1178 -21.656 9.19769
      vertex 16 -21.7452 9.2
    endloop
  endfacet
  facet normal -0.0196057 0 -0.999808
    outer loop
      vertex 16.1178 -21.656 9.19769
      vertex 16 -19.7214 9.2
      vertex 16.1178 -19.6247 9.19769
    endloop
  endfacet
  facet normal -0.571582 -0 -0.820545
    outer loop
      vertex 17.6667 -19 8.69441
      vertex 17.7634 -20.3281 8.62705
      vertex 17.6667 -20.414 8.69441
    endloop
  endfacet
  facet normal -0.571582 0 -0.820545
    outer loop
      vertex 17.7634 -20.3281 8.62705
      vertex 17.6667 -19 8.69441
      vertex 17.7634 -19 8.62705
    endloop
  endfacet
  facet normal -0.693177 -0 -0.720768
    outer loop
      vertex 18.0364 -19 8.40297
      vertex 18.1213 -20.01 8.32132
      vertex 18.0364 -20.0855 8.40297
    endloop
  endfacet
  facet normal -0.693177 0 -0.720768
    outer loop
      vertex 18.1213 -20.01 8.32132
      vertex 18.0364 -19 8.40297
      vertex 18.1213 -19 8.32132
    endloop
  endfacet
  facet normal -0.634638 -0 -0.77281
    outer loop
      vertex 17.8573 -19 8.55595
      vertex 17.9483 -20.1637 8.48122
      vertex 17.8573 -20.2447 8.55595
    endloop
  endfacet
  facet normal -0.634638 0 -0.77281
    outer loop
      vertex 17.9483 -20.1637 8.48122
      vertex 17.8573 -19 8.55595
      vertex 17.9483 -19 8.48122
    endloop
  endfacet
  facet normal -0.471359 -0 -0.881941
    outer loop
      vertex 17.362 -19 8.87302
      vertex 17.4659 -20.5878 8.81749
      vertex 17.362 -20.673 8.87302
    endloop
  endfacet
  facet normal -0.471359 0 -0.881941
    outer loop
      vertex 17.4659 -20.5878 8.81749
      vertex 17.362 -19 8.87302
      vertex 17.4659 -19 8.81749
    endloop
  endfacet
  facet normal -0.400534 -0 -0.916282
    outer loop
      vertex 17.148 -19 8.97164
      vertex 17.256 -20.76 8.92443
      vertex 17.148 -20.8486 8.97164
    endloop
  endfacet
  facet normal -0.400534 0 -0.916282
    outer loop
      vertex 17.256 -20.76 8.92443
      vertex 17.148 -19 8.97164
      vertex 17.256 -19 8.92443
    endloop
  endfacet
  facet normal -0.175829 0 -0.984421
    outer loop
      vertex 16.5853 -21.3022 9.14235
      vertex 16.496 -19.3143 9.1583
      vertex 16.5853 -19.235 9.14235
    endloop
  endfacet
  facet normal -0.175755 -0 -0.984434
    outer loop
      vertex 16.4693 -19.3362 9.16306
      vertex 16.5853 -21.3022 9.14235
      vertex 16.4693 -21.3899 9.16306
    endloop
  endfacet
  facet normal -0.175521 1.42575e-05 -0.984476
    outer loop
      vertex 16.5853 -21.3022 9.14235
      vertex 16.4693 -19.3362 9.16306
      vertex 16.496 -19.3143 9.1583
    endloop
  endfacet
  facet normal -0.364716 -0 -0.931119
    outer loop
      vertex 17.0384 -19 9.01457
      vertex 17.148 -20.8486 8.97164
      vertex 17.0384 -20.9386 9.01457
    endloop
  endfacet
  facet normal -0.364716 0 -0.931119
    outer loop
      vertex 17.148 -20.8486 8.97164
      vertex 17.0384 -19 9.01457
      vertex 17.148 -19 8.97164
    endloop
  endfacet
  facet normal -0.327664 -0 -0.944794
    outer loop
      vertex 16.9271 -19 9.05317
      vertex 17.0384 -20.9386 9.01457
      vertex 16.9271 -21.03 9.05317
    endloop
  endfacet
  facet normal -0.327664 0 -0.944794
    outer loop
      vertex 17.0384 -20.9386 9.01457
      vertex 16.9271 -19 9.05317
      vertex 17.0384 -19 9.01457
    endloop
  endfacet
  facet normal 0.471394 0 -0.881923
    outer loop
      vertex 7.53414 -24.2524 8.81749
      vertex 7.63803 -25.5 8.87302
      vertex 7.53414 -25.5 8.81749
    endloop
  endfacet
  facet normal 0.471394 0 -0.881923
    outer loop
      vertex 7.63803 -25.5 8.87302
      vertex 7.53414 -24.2524 8.81749
      vertex 7.63803 -24.2208 8.87302
    endloop
  endfacet
  facet normal 0.290314 0 -0.956932
    outer loop
      vertex 8.07295 -24.0792 9.05317
      vertex 8.18568 -25.5 9.08737
      vertex 8.07295 -25.5 9.05317
    endloop
  endfacet
  facet normal 0.290314 0 -0.956932
    outer loop
      vertex 8.18568 -25.5 9.08737
      vertex 8.07295 -24.0792 9.05317
      vertex 8.18568 -24.0401 9.08737
    endloop
  endfacet
  facet normal 0.401477 0 -0.915869
    outer loop
      vertex 7.85195 -25.5 8.97164
      vertex 7.84903 -24.1568 8.97036
      vertex 7.85195 -24.1558 8.97164
    endloop
  endfacet
  facet normal 0.400752 0 -0.916187
    outer loop
      vertex 7.74402 -24.1887 8.92443
      vertex 7.85195 -25.5 8.97164
      vertex 7.74402 -25.5 8.92443
    endloop
  endfacet
  facet normal 0.400732 -1.92921e-06 -0.916195
    outer loop
      vertex 7.85195 -25.5 8.97164
      vertex 7.74402 -24.1887 8.92443
      vertex 7.84903 -24.1568 8.97036
    endloop
  endfacet
  facet normal 0.664243 0 -0.747517
    outer loop
      vertex 6.9636 -24.4254 8.40297
      vertex 7.05166 -25.5 8.48122
      vertex 6.9636 -25.5 8.40297
    endloop
  endfacet
  facet normal 0.664243 0 -0.747517
    outer loop
      vertex 7.05166 -25.5 8.48122
      vertex 6.9636 -24.4254 8.40297
      vertex 7.05166 -24.3987 8.48122
    endloop
  endfacet
  facet normal 0.720849 0 -0.693092
    outer loop
      vertex 6.87868 -25.5 8.32132
      vertex 6.79703 -24.4718 8.2364
      vertex 6.87868 -24.4505 8.32132
    endloop
  endfacet
  facet normal 0.720849 0 -0.693092
    outer loop
      vertex 6.79703 -24.4718 8.2364
      vertex 6.87868 -25.5 8.32132
      vertex 6.79703 -25.5 8.2364
    endloop
  endfacet
  facet normal 0.899744 0 -0.436417
    outer loop
      vertex 6.32698 -25.5 7.56197
      vertex 6.27557 -24.6079 7.45598
      vertex 6.32698 -24.5945 7.56197
    endloop
  endfacet
  facet normal 0.899744 0 -0.436417
    outer loop
      vertex 6.27557 -24.6079 7.45598
      vertex 6.32698 -25.5 7.56197
      vertex 6.27557 -25.5 7.45598
    endloop
  endfacet
  facet normal 0.976761 0 -0.214332
    outer loop
      vertex 6.08289 -25.5 6.90034
      vertex 6.05764 -24.6648 6.78527
      vertex 6.08289 -24.6582 6.90034
    endloop
  endfacet
  facet normal 0.976761 0 -0.214332
    outer loop
      vertex 6.05764 -24.6648 6.78527
      vertex 6.08289 -25.5 6.90034
      vertex 6.05764 -25.5 6.78527
    endloop
  endfacet
  facet normal 0.797303 0 -0.60358
    outer loop
      vertex 6.64405 -25.5 8.05728
      vertex 6.57295 -24.5303 7.96336
      vertex 6.64405 -24.5117 8.05728
    endloop
  endfacet
  facet normal 0.797303 0 -0.60358
    outer loop
      vertex 6.57295 -24.5303 7.96336
      vertex 6.64405 -25.5 8.05728
      vertex 6.57295 -25.5 7.96336
    endloop
  endfacet
  facet normal 0.862743 0 -0.505643
    outer loop
      vertex 6.44208 -25.5 7.7675
      vertex 6.38251 -24.58 7.66586
      vertex 6.44208 -24.5644 7.7675
    endloop
  endfacet
  facet normal 0.862743 0 -0.505643
    outer loop
      vertex 6.38251 -24.58 7.66586
      vertex 6.44208 -25.5 7.7675
      vertex 6.38251 -25.5 7.66586
    endloop
  endfacet
  facet normal 0.175799 0 -0.984426
    outer loop
      vertex 8.41473 -23.9607 9.14235
      vertex 8.5307 -25.5 9.16306
      vertex 8.41473 -25.5 9.14235
    endloop
  endfacet
  facet normal 0.175799 0 -0.984426
    outer loop
      vertex 8.5307 -25.5 9.16306
      vertex 8.41473 -23.9607 9.14235
      vertex 8.5307 -23.9205 9.16306
    endloop
  endfacet
  facet normal 0.0196091 0 -0.999808
    outer loop
      vertex 8.88222 -23.7945 9.19769
      vertex 9 -25.4509 9.2
      vertex 8.88222 -25.4917 9.19769
    endloop
  endfacet
  facet normal 0.0196091 0 -0.999808
    outer loop
      vertex 9 -25.4509 9.2
      vertex 8.88222 -23.7945 9.19769
      vertex 9 -23.7484 9.2
    endloop
  endfacet
  facet normal 0.0588345 0.00108947 -0.998267
    outer loop
      vertex 8.76462 -25.5 9.19075
      vertex 8.88222 -25.4917 9.19769
      vertex 8.85828 -25.5 9.19627
    endloop
  endfacet
  facet normal 0.0588959 0 -0.998264
    outer loop
      vertex 8.88222 -25.4917 9.19769
      vertex 8.79137 -23.8301 9.19233
      vertex 8.88222 -23.7945 9.19769
    endloop
  endfacet
  facet normal 0.0589111 0 -0.998263
    outer loop
      vertex 8.88222 -25.4917 9.19769
      vertex 8.76462 -25.5 9.19075
      vertex 8.76462 -23.8393 9.19075
    endloop
  endfacet
  facet normal 0.0589614 3.59327e-06 -0.99826
    outer loop
      vertex 8.88222 -25.4917 9.19769
      vertex 8.76462 -23.8393 9.19075
      vertex 8.79137 -23.8301 9.19233
    endloop
  endfacet
  facet normal -0.999809 0 0.0195242
    outer loop
      vertex 18.9977 -19 6.08222
      vertex 19 -19.1802 6.2
      vertex 19 -19 6.2
    endloop
  endfacet
  facet normal -0.999809 0 0.0195242
    outer loop
      vertex 19 -19.1802 6.2
      vertex 18.9977 -19 6.08222
      vertex 18.9977 -19.1825 6.08222
    endloop
  endfacet
  facet normal -0.0196057 0 0.999808
    outer loop
      vertex 16 -19.7214 3.2
      vertex 16.1178 -21.656 3.20231
      vertex 16.1178 -19.6247 3.20231
    endloop
  endfacet
  facet normal -0.0196057 0 0.999808
    outer loop
      vertex 16.1178 -21.656 3.20231
      vertex 16 -19.7214 3.2
      vertex 16 -21.7452 3.2
    endloop
  endfacet
  facet normal -0.364716 0 0.931119
    outer loop
      vertex 17.0384 -19 3.38543
      vertex 17.148 -20.8486 3.42836
      vertex 17.148 -19 3.42836
    endloop
  endfacet
  facet normal -0.364716 0 0.931119
    outer loop
      vertex 17.148 -20.8486 3.42836
      vertex 17.0384 -19 3.38543
      vertex 17.0384 -20.9386 3.38543
    endloop
  endfacet
  facet normal -0.290182 0.000132302 0.956971
    outer loop
      vertex 16.8143 -19.0314 3.31263
      vertex 16.9271 -19 3.34683
      vertex 16.8497 -19 3.32336
    endloop
  endfacet
  facet normal -0.290149 0 0.956982
    outer loop
      vertex 16.9271 -19 3.34683
      vertex 16.8143 -19.0314 3.31263
      vertex 16.9271 -21.03 3.34683
    endloop
  endfacet
  facet normal -0.290149 0 0.956982
    outer loop
      vertex 16.9271 -21.03 3.34683
      vertex 16.8143 -19.0314 3.31263
      vertex 16.8143 -21.1225 3.31263
    endloop
  endfacet
  facet normal -0.252429 0 0.967615
    outer loop
      vertex 16.7003 -19.1327 3.28289
      vertex 16.8143 -21.1225 3.31263
      vertex 16.8143 -19.0314 3.31263
    endloop
  endfacet
  facet normal -0.252388 2.50089e-06 0.967626
    outer loop
      vertex 16.8143 -21.1225 3.31263
      vertex 16.7003 -19.1327 3.28289
      vertex 16.7155 -21.2036 3.28686
    endloop
  endfacet
  facet normal -0.252707 0 0.967543
    outer loop
      vertex 16.7155 -21.2036 3.28686
      vertex 16.7003 -19.1327 3.28289
      vertex 16.7003 -21.2151 3.28289
    endloop
  endfacet
  facet normal -0.175722 0 0.98444
    outer loop
      vertex 16.496 -19.3143 3.2417
      vertex 16.5853 -21.3022 3.25764
      vertex 16.5853 -19.235 3.25764
    endloop
  endfacet
  facet normal -0.175862 -6.49329e-06 0.984415
    outer loop
      vertex 16.4693 -19.3362 3.23693
      vertex 16.5853 -21.3022 3.25764
      vertex 16.496 -19.3143 3.2417
    endloop
  endfacet
  facet normal -0.175755 0 0.984434
    outer loop
      vertex 16.5853 -21.3022 3.25764
      vertex 16.4693 -19.3362 3.23693
      vertex 16.4693 -21.3899 3.23693
    endloop
  endfacet
  facet normal -0.471359 0 0.881941
    outer loop
      vertex 17.362 -19 3.52698
      vertex 17.4659 -20.5878 3.58251
      vertex 17.4659 -19 3.58251
    endloop
  endfacet
  facet normal -0.471359 0 0.881941
    outer loop
      vertex 17.4659 -20.5878 3.58251
      vertex 17.362 -19 3.52698
      vertex 17.362 -20.673 3.52698
    endloop
  endfacet
  facet normal -0.400534 0 0.916282
    outer loop
      vertex 17.148 -19 3.42836
      vertex 17.256 -20.76 3.47557
      vertex 17.256 -19 3.47557
    endloop
  endfacet
  facet normal -0.400534 0 0.916282
    outer loop
      vertex 17.256 -20.76 3.47557
      vertex 17.148 -19 3.42836
      vertex 17.148 -20.8486 3.42836
    endloop
  endfacet
  facet normal -0.436384 0 0.899761
    outer loop
      vertex 17.256 -19 3.47557
      vertex 17.362 -20.673 3.52698
      vertex 17.362 -19 3.52698
    endloop
  endfacet
  facet normal -0.436384 0 0.899761
    outer loop
      vertex 17.362 -20.673 3.52698
      vertex 17.256 -19 3.47557
      vertex 17.256 -20.76 3.47557
    endloop
  endfacet
  facet normal -0.956932 0 0.290314
    outer loop
      vertex 18.8532 -19 5.27295
      vertex 18.8874 -19.2885 5.38568
      vertex 18.8874 -19 5.38568
    endloop
  endfacet
  facet normal -0.956932 0 0.290314
    outer loop
      vertex 18.8874 -19.2885 5.38568
      vertex 18.8532 -19 5.27295
      vertex 18.8532 -19.3214 5.27295
    endloop
  endfacet
  facet normal -0.93103 0 0.364943
    outer loop
      vertex 18.7716 -19 5.05195
      vertex 18.8146 -19.3585 5.16165
      vertex 18.8146 -19 5.16165
    endloop
  endfacet
  facet normal -0.93103 0 0.364943
    outer loop
      vertex 18.8146 -19.3585 5.16165
      vertex 18.7716 -19 5.05195
      vertex 18.7716 -19.3998 5.05195
    endloop
  endfacet
  facet normal -0.944794 0 0.327664
    outer loop
      vertex 18.8146 -19 5.16165
      vertex 18.8532 -19.3214 5.27295
      vertex 18.8532 -19 5.27295
    endloop
  endfacet
  facet normal -0.944794 0 0.327664
    outer loop
      vertex 18.8532 -19.3214 5.27295
      vertex 18.8146 -19 5.16165
      vertex 18.8146 -19.3585 5.16165
    endloop
  endfacet
  facet normal -0.720637 0 0.693312
    outer loop
      vertex 18.1213 -19 4.07868
      vertex 18.203 -19.9375 4.1636
      vertex 18.203 -19 4.1636
    endloop
  endfacet
  facet normal -0.720637 0 0.693312
    outer loop
      vertex 18.203 -19.9375 4.1636
      vertex 18.1213 -19 4.07868
      vertex 18.1213 -20.01 4.07868
    endloop
  endfacet
  facet normal -0.820646 0 0.571438
    outer loop
      vertex 18.4271 -19 4.43664
      vertex 18.4944 -19.6663 4.53329
      vertex 18.4944 -19 4.53329
    endloop
  endfacet
  facet normal -0.820646 0 0.571438
    outer loop
      vertex 18.4944 -19.6663 4.53329
      vertex 18.4271 -19 4.43664
      vertex 18.4271 -19.7311 4.43664
    endloop
  endfacet
  facet normal -0.916218 0 0.400681
    outer loop
      vertex 18.7244 -19 4.94402
      vertex 18.7716 -19.3998 5.05195
      vertex 18.7716 -19 5.05195
    endloop
  endfacet
  facet normal -0.916218 0 0.400681
    outer loop
      vertex 18.7716 -19.3998 5.05195
      vertex 18.7244 -19 4.94402
      vertex 18.7244 -19.4452 4.94402
    endloop
  endfacet
  facet normal -0.84225 0 0.539087
    outer loop
      vertex 18.4944 -19 4.53329
      vertex 18.5579 -19.6053 4.6325
      vertex 18.5579 -19 4.6325
    endloop
  endfacet
  facet normal -0.84225 0 0.539087
    outer loop
      vertex 18.5579 -19.6053 4.6325
      vertex 18.4944 -19 4.53329
      vertex 18.4944 -19.6663 4.53329
    endloop
  endfacet
  facet normal 0.25247 0 0.967605
    outer loop
      vertex 8.18568 -24.0401 3.31263
      vertex 8.29966 -25.5 3.28289
      vertex 8.29966 -24.0006 3.28289
    endloop
  endfacet
  facet normal 0.25247 0 0.967605
    outer loop
      vertex 8.29966 -25.5 3.28289
      vertex 8.18568 -24.0401 3.31263
      vertex 8.18568 -25.5 3.31263
    endloop
  endfacet
  facet normal 0.137011 0 0.99057
    outer loop
      vertex 8.5307 -23.9205 3.23693
      vertex 8.64739 -25.5 3.22079
      vertex 8.64739 -23.88 3.22079
    endloop
  endfacet
  facet normal 0.137011 0 0.99057
    outer loop
      vertex 8.64739 -25.5 3.22079
      vertex 8.5307 -23.9205 3.23693
      vertex 8.5307 -25.5 3.23693
    endloop
  endfacet
  facet normal 0.175799 0 0.984426
    outer loop
      vertex 8.41473 -23.9607 3.25764
      vertex 8.5307 -25.5 3.23693
      vertex 8.5307 -23.9205 3.23693
    endloop
  endfacet
  facet normal 0.175799 0 0.984426
    outer loop
      vertex 8.5307 -25.5 3.23693
      vertex 8.41473 -23.9607 3.25764
      vertex 8.41473 -25.5 3.25764
    endloop
  endfacet
  facet normal 0.0588959 0 0.998264
    outer loop
      vertex 8.79137 -23.8301 3.20767
      vertex 8.88222 -25.4917 3.20231
      vertex 8.88222 -23.7945 3.20231
    endloop
  endfacet
  facet normal 0.0589614 3.59327e-06 0.99826
    outer loop
      vertex 8.76462 -23.8393 3.20925
      vertex 8.88222 -25.4917 3.20231
      vertex 8.79137 -23.8301 3.20767
    endloop
  endfacet
  facet normal 0.0589111 -0 0.998263
    outer loop
      vertex 8.76462 -25.5 3.20925
      vertex 8.88222 -25.4917 3.20231
      vertex 8.76462 -23.8393 3.20925
    endloop
  endfacet
  facet normal 0.0589407 -0.000420684 0.998261
    outer loop
      vertex 8.88222 -25.4917 3.20231
      vertex 8.76462 -25.5 3.20925
      vertex 8.85828 -25.5 3.20372
    endloop
  endfacet
  facet normal 0.998263 0 0.0589111
    outer loop
      vertex 6.00925 -25.5 5.96462
      vertex 6.00231 -24.6792 6.08222
      vertex 6.00231 -25.5 6.08222
    endloop
  endfacet
  facet normal 0.998263 0 0.0589111
    outer loop
      vertex 6.00231 -24.6792 6.08222
      vertex 6.00925 -25.5 5.96462
      vertex 6.00925 -24.6774 5.96462
    endloop
  endfacet
  facet normal 0.967605 0 0.25247
    outer loop
      vertex 6.11263 -25.5 5.38568
      vertex 6.08289 -24.6582 5.49966
      vertex 6.08289 -25.5 5.49966
    endloop
  endfacet
  facet normal 0.967605 0 0.25247
    outer loop
      vertex 6.08289 -24.6582 5.49966
      vertex 6.11263 -25.5 5.38568
      vertex 6.11263 -24.6504 5.38568
    endloop
  endfacet
  facet normal -0.944794 0 -0.327664
    outer loop
      vertex 18.8532 -19.3214 7.12705
      vertex 18.8146 -19 7.23835
      vertex 18.8532 -19 7.12705
    endloop
  endfacet
  facet normal -0.944794 -0 -0.327664
    outer loop
      vertex 18.8146 -19 7.23835
      vertex 18.8532 -19.3214 7.12705
      vertex 18.8146 -19.3585 7.23835
    endloop
  endfacet
  facet normal -0.984441 0 -0.175717
    outer loop
      vertex 18.9631 -19.2157 6.6693
      vertex 18.9424 -19 6.78527
      vertex 18.9631 -19 6.6693
    endloop
  endfacet
  facet normal -0.984441 -0 -0.175717
    outer loop
      vertex 18.9424 -19 6.78527
      vertex 18.9631 -19.2157 6.6693
      vertex 18.9424 -19.2357 6.78527
    endloop
  endfacet
  facet normal -0.747728 0 -0.664005
    outer loop
      vertex 18.2812 -19.8679 8.14834
      vertex 18.203 -19 8.2364
      vertex 18.2812 -19 8.14834
    endloop
  endfacet
  facet normal -0.747728 -0 -0.664005
    outer loop
      vertex 18.203 -19 8.2364
      vertex 18.2812 -19.8679 8.14834
      vertex 18.203 -19.9375 8.2364
    endloop
  endfacet
  facet normal -0.796894 0 -0.604119
    outer loop
      vertex 18.4271 -19.7311 7.96336
      vertex 18.3559 -19 8.05728
      vertex 18.4271 -19 7.96336
    endloop
  endfacet
  facet normal -0.796894 -0 -0.604119
    outer loop
      vertex 18.3559 -19 8.05728
      vertex 18.4271 -19.7311 7.96336
      vertex 18.3559 -19.7995 8.05728
    endloop
  endfacet
  facet normal -0.820646 0 -0.571438
    outer loop
      vertex 18.4944 -19.6663 7.86671
      vertex 18.4271 -19 7.96336
      vertex 18.4944 -19 7.86671
    endloop
  endfacet
  facet normal -0.820646 -0 -0.571438
    outer loop
      vertex 18.4271 -19 7.96336
      vertex 18.4944 -19.6663 7.86671
      vertex 18.4271 -19.7311 7.96336
    endloop
  endfacet
  facet normal -0.0980744 -0 -0.995179
    outer loop
      vertex 16.2354 -19.5282 9.19075
      vertex 16.3526 -21.4783 9.1792
      vertex 16.2354 -21.567 9.19075
    endloop
  endfacet
  facet normal -0.0980744 0 -0.995179
    outer loop
      vertex 16.3526 -21.4783 9.1792
      vertex 16.2354 -19.5282 9.19075
      vertex 16.3526 -19.432 9.1792
    endloop
  endfacet
  facet normal -0.603662 -0 -0.797241
    outer loop
      vertex 17.7634 -19 8.62705
      vertex 17.8573 -20.2447 8.55595
      vertex 17.7634 -20.3281 8.62705
    endloop
  endfacet
  facet normal -0.603662 0 -0.797241
    outer loop
      vertex 17.8573 -20.2447 8.55595
      vertex 17.7634 -19 8.62705
      vertex 17.8573 -19 8.55595
    endloop
  endfacet
  facet normal -0.436384 -0 -0.899761
    outer loop
      vertex 17.256 -19 8.92443
      vertex 17.362 -20.673 8.87302
      vertex 17.256 -20.76 8.92443
    endloop
  endfacet
  facet normal -0.436384 0 -0.899761
    outer loop
      vertex 17.362 -20.673 8.87302
      vertex 17.256 -19 8.92443
      vertex 17.362 -19 8.87302
    endloop
  endfacet
  facet normal -0.252388 2.50089e-06 -0.967626
    outer loop
      vertex 16.7003 -19.1327 9.11711
      vertex 16.8143 -21.1225 9.08737
      vertex 16.7155 -21.2036 9.11314
    endloop
  endfacet
  facet normal -0.252707 -0 -0.967543
    outer loop
      vertex 16.7003 -19.1327 9.11711
      vertex 16.7155 -21.2036 9.11314
      vertex 16.7003 -21.2151 9.11711
    endloop
  endfacet
  facet normal -0.252429 0 -0.967615
    outer loop
      vertex 16.8143 -21.1225 9.08737
      vertex 16.7003 -19.1327 9.11711
      vertex 16.8143 -19.0314 9.08737
    endloop
  endfacet
  facet normal -0.290149 0 -0.956982
    outer loop
      vertex 16.8143 -19.0314 9.08737
      vertex 16.9271 -19 9.05317
      vertex 16.9271 -21.03 9.05317
    endloop
  endfacet
  facet normal -0.290149 -0 -0.956982
    outer loop
      vertex 16.8143 -19.0314 9.08737
      vertex 16.9271 -21.03 9.05317
      vertex 16.8143 -21.1225 9.08737
    endloop
  endfacet
  facet normal -0.290182 0.000132302 -0.956971
    outer loop
      vertex 16.9271 -19 9.05317
      vertex 16.8143 -19.0314 9.08737
      vertex 16.8497 -19 9.07664
    endloop
  endfacet
  facet normal 0.327664 0 -0.944794
    outer loop
      vertex 7.96165 -24.1178 9.01457
      vertex 8.07295 -25.5 9.05317
      vertex 7.96165 -25.5 9.01457
    endloop
  endfacet
  facet normal 0.327664 0 -0.944794
    outer loop
      vertex 8.07295 -25.5 9.05317
      vertex 7.96165 -24.1178 9.01457
      vertex 8.07295 -24.0792 9.05317
    endloop
  endfacet
  facet normal 0.539148 0 -0.842211
    outer loop
      vertex 7.33329 -24.3133 8.69441
      vertex 7.4325 -25.5 8.75792
      vertex 7.33329 -25.5 8.69441
    endloop
  endfacet
  facet normal 0.539148 0 -0.842211
    outer loop
      vertex 7.4325 -25.5 8.75792
      vertex 7.33329 -24.3133 8.69441
      vertex 7.4325 -24.2832 8.75792
    endloop
  endfacet
  facet normal 0.436417 0 -0.899744
    outer loop
      vertex 7.63803 -24.2208 8.87302
      vertex 7.74402 -25.5 8.92443
      vertex 7.63803 -25.5 8.87302
    endloop
  endfacet
  facet normal 0.436417 0 -0.899744
    outer loop
      vertex 7.74402 -25.5 8.92443
      vertex 7.63803 -24.2208 8.87302
      vertex 7.74402 -24.1887 8.92443
    endloop
  endfacet
  facet normal 0.60358 0 -0.797303
    outer loop
      vertex 7.14272 -24.3711 8.55595
      vertex 7.23664 -25.5 8.62705
      vertex 7.14272 -25.5 8.55595
    endloop
  endfacet
  facet normal 0.60358 0 -0.797303
    outer loop
      vertex 7.23664 -25.5 8.62705
      vertex 7.14272 -24.3711 8.55595
      vertex 7.23664 -24.3426 8.62705
    endloop
  endfacet
  facet normal 0.773015 0 -0.634388
    outer loop
      vertex 6.71878 -25.5 8.14834
      vertex 6.64405 -24.5117 8.05728
      vertex 6.71878 -24.4922 8.14834
    endloop
  endfacet
  facet normal 0.773015 0 -0.634388
    outer loop
      vertex 6.64405 -24.5117 8.05728
      vertex 6.71878 -25.5 8.14834
      vertex 6.64405 -25.5 8.05728
    endloop
  endfacet
  facet normal 0.693132 0 -0.720811
    outer loop
      vertex 6.9636 -25.5 8.40297
      vertex 6.89459 -24.4464 8.33661
      vertex 6.9636 -24.4254 8.40297
    endloop
  endfacet
  facet normal 0.693092 0 -0.720849
    outer loop
      vertex 6.87868 -24.4505 8.32132
      vertex 6.9636 -25.5 8.40297
      vertex 6.87868 -25.5 8.32132
    endloop
  endfacet
  facet normal 0.692922 -2.6424e-05 -0.721013
    outer loop
      vertex 6.9636 -25.5 8.40297
      vertex 6.87868 -24.4505 8.32132
      vertex 6.89459 -24.4464 8.33661
    endloop
  endfacet
  facet normal 0.820407 0 -0.571781
    outer loop
      vertex 6.57295 -25.5 7.96336
      vertex 6.50559 -24.5479 7.86671
      vertex 6.57295 -24.5303 7.96336
    endloop
  endfacet
  facet normal 0.820407 0 -0.571781
    outer loop
      vertex 6.50559 -24.5479 7.86671
      vertex 6.57295 -25.5 7.96336
      vertex 6.50559 -25.5 7.86671
    endloop
  endfacet
  facet normal 0.956932 0 -0.290314
    outer loop
      vertex 6.14683 -25.5 7.12705
      vertex 6.11263 -24.6504 7.01432
      vertex 6.14683 -24.6415 7.12705
    endloop
  endfacet
  facet normal 0.956932 0 -0.290314
    outer loop
      vertex 6.11263 -24.6504 7.01432
      vertex 6.14683 -25.5 7.12705
      vertex 6.11263 -25.5 7.01432
    endloop
  endfacet
  facet normal 0.984426 0 -0.175799
    outer loop
      vertex 6.05764 -25.5 6.78527
      vertex 6.03693 -24.6702 6.6693
      vertex 6.05764 -24.6648 6.78527
    endloop
  endfacet
  facet normal 0.984426 0 -0.175799
    outer loop
      vertex 6.03693 -24.6702 6.6693
      vertex 6.05764 -25.5 6.78527
      vertex 6.03693 -25.5 6.6693
    endloop
  endfacet
  facet normal 0.99057 0 -0.137011
    outer loop
      vertex 6.03693 -25.5 6.6693
      vertex 6.02079 -24.6744 6.55261
      vertex 6.03693 -24.6702 6.6693
    endloop
  endfacet
  facet normal 0.99057 0 -0.137011
    outer loop
      vertex 6.02079 -24.6744 6.55261
      vertex 6.03693 -25.5 6.6693
      vertex 6.02079 -25.5 6.55261
    endloop
  endfacet
  facet normal 0.881923 0 -0.471394
    outer loop
      vertex 6.38251 -25.5 7.66586
      vertex 6.32698 -24.5945 7.56197
      vertex 6.38251 -24.58 7.66586
    endloop
  endfacet
  facet normal 0.881923 0 -0.471394
    outer loop
      vertex 6.32698 -24.5945 7.56197
      vertex 6.38251 -25.5 7.66586
      vertex 6.32698 -25.5 7.56197
    endloop
  endfacet
  facet normal 0.0980495 0 -0.995182
    outer loop
      vertex 8.64739 -23.88 9.1792
      vertex 8.76462 -25.5 9.19075
      vertex 8.64739 -25.5 9.1792
    endloop
  endfacet
  facet normal 0.0980495 0 -0.995182
    outer loop
      vertex 8.76462 -25.5 9.19075
      vertex 8.64739 -23.88 9.1792
      vertex 8.76462 -23.8393 9.19075
    endloop
  endfacet
  facet normal -0.693177 0 0.720768
    outer loop
      vertex 18.0364 -19 3.99703
      vertex 18.1213 -20.01 4.07868
      vertex 18.1213 -19 4.07868
    endloop
  endfacet
  facet normal -0.693177 0 0.720768
    outer loop
      vertex 18.1213 -20.01 4.07868
      vertex 18.0364 -19 3.99703
      vertex 18.0364 -20.0855 3.99703
    endloop
  endfacet
  facet normal -0.0979903 0 0.995187
    outer loop
      vertex 16.2354 -19.5282 3.20925
      vertex 16.3526 -21.4783 3.22079
      vertex 16.3526 -19.432 3.22079
    endloop
  endfacet
  facet normal -0.0979903 0 0.995187
    outer loop
      vertex 16.3526 -21.4783 3.22079
      vertex 16.2354 -19.5282 3.20925
      vertex 16.2354 -21.567 3.20925
    endloop
  endfacet
  facet normal -0.0589111 0 0.998263
    outer loop
      vertex 16.1178 -19.6247 3.20231
      vertex 16.2354 -21.567 3.20925
      vertex 16.2354 -19.5282 3.20925
    endloop
  endfacet
  facet normal -0.0589111 0 0.998263
    outer loop
      vertex 16.2354 -21.567 3.20925
      vertex 16.1178 -19.6247 3.20231
      vertex 16.1178 -21.656 3.20231
    endloop
  endfacet
  facet normal -0.327664 0 0.944794
    outer loop
      vertex 16.9271 -19 3.34683
      vertex 17.0384 -20.9386 3.38543
      vertex 17.0384 -19 3.38543
    endloop
  endfacet
  facet normal -0.327664 0 0.944794
    outer loop
      vertex 17.0384 -20.9386 3.38543
      vertex 16.9271 -19 3.34683
      vertex 16.9271 -21.03 3.34683
    endloop
  endfacet
  facet normal -0.571582 0 0.820545
    outer loop
      vertex 17.6667 -19 3.70559
      vertex 17.7634 -20.3281 3.77295
      vertex 17.7634 -19 3.77295
    endloop
  endfacet
  facet normal -0.571582 0 0.820545
    outer loop
      vertex 17.7634 -20.3281 3.77295
      vertex 17.6667 -19 3.70559
      vertex 17.6667 -20.414 3.70559
    endloop
  endfacet
  facet normal -0.603662 0 0.797241
    outer loop
      vertex 17.7634 -19 3.77295
      vertex 17.8573 -20.2447 3.84405
      vertex 17.8573 -19 3.84405
    endloop
  endfacet
  facet normal -0.603662 0 0.797241
    outer loop
      vertex 17.8573 -20.2447 3.84405
      vertex 17.7634 -19 3.77295
      vertex 17.7634 -20.3281 3.77295
    endloop
  endfacet
  facet normal -0.664074 0 0.747667
    outer loop
      vertex 17.9483 -19 3.91878
      vertex 18.0364 -20.0855 3.99703
      vertex 18.0364 -19 3.99703
    endloop
  endfacet
  facet normal -0.664074 0 0.747667
    outer loop
      vertex 18.0364 -20.0855 3.99703
      vertex 17.9483 -19 3.91878
      vertex 17.9483 -20.1637 3.91878
    endloop
  endfacet
  facet normal -0.634638 0 0.77281
    outer loop
      vertex 17.8573 -19 3.84405
      vertex 17.9483 -20.1637 3.91878
      vertex 17.9483 -19 3.91878
    endloop
  endfacet
  facet normal -0.634638 0 0.77281
    outer loop
      vertex 17.9483 -20.1637 3.91878
      vertex 17.8573 -19 3.84405
      vertex 17.8573 -20.2447 3.84405
    endloop
  endfacet
  facet normal -0.505791 0 0.862656
    outer loop
      vertex 17.4659 -19 3.58251
      vertex 17.5675 -20.5022 3.64208
      vertex 17.5675 -19 3.64208
    endloop
  endfacet
  facet normal -0.505666 1.14368e-05 0.86273
    outer loop
      vertex 17.5675 -20.5022 3.64208
      vertex 17.4659 -19 3.58251
      vertex 17.5351 -20.531 3.62309
    endloop
  endfacet
  facet normal -0.505854 0 0.862619
    outer loop
      vertex 17.5351 -20.531 3.62309
      vertex 17.4659 -19 3.58251
      vertex 17.4659 -20.5878 3.58251
    endloop
  endfacet
  facet normal -0.984441 0 0.175717
    outer loop
      vertex 18.9424 -19 5.61473
      vertex 18.9631 -19.2157 5.7307
      vertex 18.9631 -19 5.7307
    endloop
  endfacet
  facet normal -0.984441 0 0.175717
    outer loop
      vertex 18.9631 -19.2157 5.7307
      vertex 18.9424 -19 5.61473
      vertex 18.9424 -19.2357 5.61473
    endloop
  endfacet
  facet normal -0.990616 0 0.136678
    outer loop
      vertex 18.9631 -19 5.7307
      vertex 18.9792 -19.2002 5.84739
      vertex 18.9792 -19 5.84739
    endloop
  endfacet
  facet normal -0.990616 0 0.136678
    outer loop
      vertex 18.9792 -19.2002 5.84739
      vertex 18.9631 -19 5.7307
      vertex 18.9631 -19.2157 5.7307
    endloop
  endfacet
  facet normal -0.998283 0 0.0585727
    outer loop
      vertex 18.9908 -19 5.96462
      vertex 18.9977 -19.1825 6.08222
      vertex 18.9977 -19 6.08222
    endloop
  endfacet
  facet normal -0.998283 0 0.0585727
    outer loop
      vertex 18.9977 -19.1825 6.08222
      vertex 18.9908 -19 5.96462
      vertex 18.9908 -19.1891 5.96462
    endloop
  endfacet
  facet normal -0.99514 0 0.0984699
    outer loop
      vertex 18.9792 -19 5.84739
      vertex 18.9908 -19.1891 5.96462
      vertex 18.9908 -19 5.96462
    endloop
  endfacet
  facet normal -0.99514 0 0.0984699
    outer loop
      vertex 18.9908 -19.1891 5.96462
      vertex 18.9792 -19 5.84739
      vertex 18.9792 -19.2002 5.84739
    endloop
  endfacet
  facet normal -0.967688 0 0.252152
    outer loop
      vertex 18.8874 -19 5.38568
      vertex 18.9171 -19.2599 5.49966
      vertex 18.9171 -19 5.49966
    endloop
  endfacet
  facet normal -0.967688 0 0.252152
    outer loop
      vertex 18.9171 -19.2599 5.49966
      vertex 18.8874 -19 5.38568
      vertex 18.8874 -19.2885 5.38568
    endloop
  endfacet
  facet normal -0.796894 0 0.604119
    outer loop
      vertex 18.3559 -19 4.34272
      vertex 18.4271 -19.7311 4.43664
      vertex 18.4271 -19 4.43664
    endloop
  endfacet
  facet normal -0.796894 0 0.604119
    outer loop
      vertex 18.4271 -19.7311 4.43664
      vertex 18.3559 -19 4.34272
      vertex 18.3559 -19.7995 4.34272
    endloop
  endfacet
  facet normal -0.862632 0 0.505833
    outer loop
      vertex 18.5579 -19 4.6325
      vertex 18.6175 -19.548 4.73414
      vertex 18.6175 -19 4.73414
    endloop
  endfacet
  facet normal -0.862632 0 0.505833
    outer loop
      vertex 18.6175 -19.548 4.73414
      vertex 18.5579 -19 4.6325
      vertex 18.5579 -19.6053 4.6325
    endloop
  endfacet
  facet normal -0.882028 0 0.471196
    outer loop
      vertex 18.6175 -19 4.73414
      vertex 18.673 -19.4946 4.83803
      vertex 18.673 -19 4.83803
    endloop
  endfacet
  facet normal -0.882028 0 0.471196
    outer loop
      vertex 18.673 -19.4946 4.83803
      vertex 18.6175 -19 4.73414
      vertex 18.6175 -19.548 4.73414
    endloop
  endfacet
  facet normal 0.999808 -0 0.0196091
    outer loop
      vertex 6 -25.5 6.2
      vertex 6.00231 -24.6792 6.08222
      vertex 6 -24.6798 6.2
    endloop
  endfacet
  facet normal 0.999808 0 0.0196091
    outer loop
      vertex 6.00231 -24.6792 6.08222
      vertex 6 -25.5 6.2
      vertex 6.00231 -25.5 6.08222
    endloop
  endfacet
  facet normal 0.364428 0 0.931232
    outer loop
      vertex 7.85195 -24.1558 3.42836
      vertex 7.96165 -25.5 3.38543
      vertex 7.96165 -24.1178 3.38543
    endloop
  endfacet
  facet normal 0.364428 0 0.931232
    outer loop
      vertex 7.96165 -25.5 3.38543
      vertex 7.85195 -24.1558 3.42836
      vertex 7.85195 -25.5 3.42836
    endloop
  endfacet
  facet normal -0.99514 0 -0.0984699
    outer loop
      vertex 18.9908 -19.1891 6.43538
      vertex 18.9792 -19 6.55261
      vertex 18.9908 -19 6.43538
    endloop
  endfacet
  facet normal -0.99514 -0 -0.0984699
    outer loop
      vertex 18.9792 -19 6.55261
      vertex 18.9908 -19.1891 6.43538
      vertex 18.9792 -19.2002 6.55261
    endloop
  endfacet
  facet normal -0.916218 0 -0.400681
    outer loop
      vertex 18.7716 -19.3998 7.34805
      vertex 18.7244 -19 7.45598
      vertex 18.7716 -19 7.34805
    endloop
  endfacet
  facet normal -0.916218 -0 -0.400681
    outer loop
      vertex 18.7244 -19 7.45598
      vertex 18.7716 -19.3998 7.34805
      vertex 18.7244 -19.4452 7.45598
    endloop
  endfacet
  facet normal -0.862632 0 -0.505833
    outer loop
      vertex 18.6175 -19.548 7.66586
      vertex 18.5579 -19 7.7675
      vertex 18.6175 -19 7.66586
    endloop
  endfacet
  facet normal -0.862632 -0 -0.505833
    outer loop
      vertex 18.5579 -19 7.7675
      vertex 18.6175 -19.548 7.66586
      vertex 18.5579 -19.6053 7.7675
    endloop
  endfacet
  facet normal -0.664074 -0 -0.747667
    outer loop
      vertex 17.9483 -19 8.48122
      vertex 18.0364 -20.0855 8.40297
      vertex 17.9483 -20.1637 8.48122
    endloop
  endfacet
  facet normal -0.664074 0 -0.747667
    outer loop
      vertex 18.0364 -20.0855 8.40297
      vertex 17.9483 -19 8.48122
      vertex 18.0364 -19 8.40297
    endloop
  endfacet
  facet normal -0.505666 1.14368e-05 -0.86273
    outer loop
      vertex 17.4659 -19 8.81749
      vertex 17.5675 -20.5022 8.75792
      vertex 17.5351 -20.531 8.77691
    endloop
  endfacet
  facet normal -0.505854 -0 -0.862619
    outer loop
      vertex 17.4659 -19 8.81749
      vertex 17.5351 -20.531 8.77691
      vertex 17.4659 -20.5878 8.81749
    endloop
  endfacet
  facet normal -0.505791 0 -0.862656
    outer loop
      vertex 17.5675 -20.5022 8.75792
      vertex 17.4659 -19 8.81749
      vertex 17.5675 -19 8.75792
    endloop
  endfacet
  facet normal -0.0589111 -0 -0.998263
    outer loop
      vertex 16.1178 -19.6247 9.19769
      vertex 16.2354 -21.567 9.19075
      vertex 16.1178 -21.656 9.19769
    endloop
  endfacet
  facet normal -0.0589111 0 -0.998263
    outer loop
      vertex 16.2354 -21.567 9.19075
      vertex 16.1178 -19.6247 9.19769
      vertex 16.2354 -19.5282 9.19075
    endloop
  endfacet
  facet normal 0.505643 0 -0.862743
    outer loop
      vertex 7.4325 -24.2832 8.75792
      vertex 7.53414 -25.5 8.81749
      vertex 7.4325 -25.5 8.75792
    endloop
  endfacet
  facet normal 0.505643 0 -0.862743
    outer loop
      vertex 7.53414 -25.5 8.81749
      vertex 7.4325 -24.2832 8.75792
      vertex 7.53414 -24.2524 8.81749
    endloop
  endfacet
  facet normal 0.364428 0 -0.931232
    outer loop
      vertex 7.85195 -24.1558 8.97164
      vertex 7.96165 -25.5 9.01457
      vertex 7.85195 -25.5 8.97164
    endloop
  endfacet
  facet normal 0.364428 0 -0.931232
    outer loop
      vertex 7.96165 -25.5 9.01457
      vertex 7.85195 -24.1558 8.97164
      vertex 7.96165 -24.1178 9.01457
    endloop
  endfacet
  facet normal 0.634388 0 -0.773015
    outer loop
      vertex 7.05166 -24.3987 8.48122
      vertex 7.14272 -25.5 8.55595
      vertex 7.05166 -25.5 8.48122
    endloop
  endfacet
  facet normal 0.634388 0 -0.773015
    outer loop
      vertex 7.14272 -25.5 8.55595
      vertex 7.05166 -24.3987 8.48122
      vertex 7.14272 -24.3711 8.55595
    endloop
  endfacet
  facet normal 0.747517 0 -0.664243
    outer loop
      vertex 6.79703 -25.5 8.2364
      vertex 6.71878 -24.4922 8.14834
      vertex 6.79703 -24.4718 8.2364
    endloop
  endfacet
  facet normal 0.747517 0 -0.664243
    outer loop
      vertex 6.71878 -24.4922 8.14834
      vertex 6.79703 -25.5 8.2364
      vertex 6.71878 -25.5 8.14834
    endloop
  endfacet
  facet normal 0.967605 0 -0.25247
    outer loop
      vertex 6.11263 -25.5 7.01432
      vertex 6.08289 -24.6582 6.90034
      vertex 6.11263 -24.6504 7.01432
    endloop
  endfacet
  facet normal 0.967605 0 -0.25247
    outer loop
      vertex 6.08289 -24.6582 6.90034
      vertex 6.11263 -25.5 7.01432
      vertex 6.08289 -25.5 6.90034
    endloop
  endfacet
  facet normal 0.99519 0 -0.0979655
    outer loop
      vertex 6.02079 -25.5 6.55261
      vertex 6.00925 -24.6774 6.43538
      vertex 6.02079 -24.6744 6.55261
    endloop
  endfacet
  facet normal 0.99519 0 -0.0979655
    outer loop
      vertex 6.00925 -24.6774 6.43538
      vertex 6.02079 -25.5 6.55261
      vertex 6.00925 -25.5 6.43538
    endloop
  endfacet
  facet normal 0.998263 0 -0.0589111
    outer loop
      vertex 6.00925 -25.5 6.43538
      vertex 6.00231 -24.6792 6.31778
      vertex 6.00925 -24.6774 6.43538
    endloop
  endfacet
  facet normal 0.998263 0 -0.0589111
    outer loop
      vertex 6.00231 -24.6792 6.31778
      vertex 6.00925 -25.5 6.43538
      vertex 6.00231 -25.5 6.31778
    endloop
  endfacet
  facet normal 0.916187 0 -0.400752
    outer loop
      vertex 6.27557 -25.5 7.45598
      vertex 6.22836 -24.6202 7.34805
      vertex 6.27557 -24.6079 7.45598
    endloop
  endfacet
  facet normal 0.916187 0 -0.400752
    outer loop
      vertex 6.22836 -24.6202 7.34805
      vertex 6.27557 -25.5 7.45598
      vertex 6.22836 -25.5 7.34805
    endloop
  endfacet
  facet normal 0.931232 0 -0.364428
    outer loop
      vertex 6.22836 -25.5 7.34805
      vertex 6.18543 -24.6314 7.23835
      vertex 6.22836 -24.6202 7.34805
    endloop
  endfacet
  facet normal 0.931232 0 -0.364428
    outer loop
      vertex 6.18543 -24.6314 7.23835
      vertex 6.22836 -25.5 7.34805
      vertex 6.18543 -25.5 7.23835
    endloop
  endfacet
  facet normal 0.842211 0 -0.539148
    outer loop
      vertex 6.50559 -25.5 7.86671
      vertex 6.44208 -24.5644 7.7675
      vertex 6.50559 -24.5479 7.86671
    endloop
  endfacet
  facet normal 0.842211 0 -0.539148
    outer loop
      vertex 6.44208 -24.5644 7.7675
      vertex 6.50559 -25.5 7.86671
      vertex 6.44208 -25.5 7.7675
    endloop
  endfacet
  facet normal 0.99519 0 0.0979655
    outer loop
      vertex 6.02079 -25.5 5.84739
      vertex 6.00925 -24.6774 5.96462
      vertex 6.00925 -25.5 5.96462
    endloop
  endfacet
  facet normal 0.99519 0 0.0979655
    outer loop
      vertex 6.00925 -24.6774 5.96462
      vertex 6.02079 -25.5 5.84739
      vertex 6.02079 -24.6744 5.84739
    endloop
  endfacet
  facet normal 0.99057 0 0.137011
    outer loop
      vertex 6.03693 -25.5 5.7307
      vertex 6.02079 -24.6744 5.84739
      vertex 6.02079 -25.5 5.84739
    endloop
  endfacet
  facet normal 0.99057 0 0.137011
    outer loop
      vertex 6.02079 -24.6744 5.84739
      vertex 6.03693 -25.5 5.7307
      vertex 6.03693 -24.6702 5.7307
    endloop
  endfacet
  facet normal 0.984426 0 0.175799
    outer loop
      vertex 6.05764 -25.5 5.61473
      vertex 6.03693 -24.6702 5.7307
      vertex 6.03693 -25.5 5.7307
    endloop
  endfacet
  facet normal 0.984426 0 0.175799
    outer loop
      vertex 6.03693 -24.6702 5.7307
      vertex 6.05764 -25.5 5.61473
      vertex 6.05764 -24.6648 5.61473
    endloop
  endfacet
  facet normal 0.916187 0 0.400752
    outer loop
      vertex 6.27557 -25.5 4.94402
      vertex 6.22836 -24.6202 5.05195
      vertex 6.22836 -25.5 5.05195
    endloop
  endfacet
  facet normal 0.916187 0 0.400752
    outer loop
      vertex 6.22836 -24.6202 5.05195
      vertex 6.27557 -25.5 4.94402
      vertex 6.27557 -24.6079 4.94402
    endloop
  endfacet
  facet normal 0.60358 0 0.797303
    outer loop
      vertex 7.14272 -24.3711 3.84405
      vertex 7.23664 -25.5 3.77295
      vertex 7.23664 -24.3426 3.77295
    endloop
  endfacet
  facet normal 0.60358 0 0.797303
    outer loop
      vertex 7.23664 -25.5 3.77295
      vertex 7.14272 -24.3711 3.84405
      vertex 7.14272 -25.5 3.84405
    endloop
  endfacet
  facet normal 0.571781 0 0.820407
    outer loop
      vertex 7.23664 -24.3426 3.77295
      vertex 7.33329 -25.5 3.70559
      vertex 7.33329 -24.3133 3.70559
    endloop
  endfacet
  facet normal 0.571781 0 0.820407
    outer loop
      vertex 7.33329 -25.5 3.70559
      vertex 7.23664 -24.3426 3.77295
      vertex 7.23664 -25.5 3.77295
    endloop
  endfacet
  facet normal -0.956932 0 -0.290314
    outer loop
      vertex 18.8874 -19.2885 7.01432
      vertex 18.8532 -19 7.12705
      vertex 18.8874 -19 7.01432
    endloop
  endfacet
  facet normal -0.956932 -0 -0.290314
    outer loop
      vertex 18.8532 -19 7.12705
      vertex 18.8874 -19.2885 7.01432
      vertex 18.8532 -19.3214 7.12705
    endloop
  endfacet
  facet normal -0.990616 0 -0.136678
    outer loop
      vertex 18.9792 -19.2002 6.55261
      vertex 18.9631 -19 6.6693
      vertex 18.9792 -19 6.55261
    endloop
  endfacet
  facet normal -0.990616 -0 -0.136678
    outer loop
      vertex 18.9631 -19 6.6693
      vertex 18.9792 -19.2002 6.55261
      vertex 18.9631 -19.2157 6.6693
    endloop
  endfacet
  facet normal -0.999809 0 -0.0195242
    outer loop
      vertex 19 -19.1802 6.2
      vertex 18.9977 -19 6.31778
      vertex 19 -19 6.2
    endloop
  endfacet
  facet normal -0.999809 -0 -0.0195242
    outer loop
      vertex 18.9977 -19 6.31778
      vertex 19 -19.1802 6.2
      vertex 18.9977 -19.1825 6.31778
    endloop
  endfacet
  facet normal -0.998283 0 -0.0585727
    outer loop
      vertex 18.9977 -19.1825 6.31778
      vertex 18.9908 -19 6.43538
      vertex 18.9977 -19 6.31778
    endloop
  endfacet
  facet normal -0.998283 -0 -0.0585727
    outer loop
      vertex 18.9908 -19 6.43538
      vertex 18.9977 -19.1825 6.31778
      vertex 18.9908 -19.1891 6.43538
    endloop
  endfacet
  facet normal -0.882028 0 -0.471196
    outer loop
      vertex 18.673 -19.4946 7.56197
      vertex 18.6175 -19 7.66586
      vertex 18.673 -19 7.56197
    endloop
  endfacet
  facet normal -0.882028 -0 -0.471196
    outer loop
      vertex 18.6175 -19 7.66586
      vertex 18.673 -19.4946 7.56197
      vertex 18.6175 -19.548 7.66586
    endloop
  endfacet
  facet normal 0.976761 0 0.214332
    outer loop
      vertex 6.08289 -25.5 5.49966
      vertex 6.05764 -24.6648 5.61473
      vertex 6.05764 -25.5 5.61473
    endloop
  endfacet
  facet normal 0.976761 0 0.214332
    outer loop
      vertex 6.05764 -24.6648 5.61473
      vertex 6.08289 -25.5 5.49966
      vertex 6.08289 -24.6582 5.49966
    endloop
  endfacet
  facet normal 0.956932 0 0.290314
    outer loop
      vertex 6.14683 -25.5 5.27295
      vertex 6.11263 -24.6504 5.38568
      vertex 6.11263 -25.5 5.38568
    endloop
  endfacet
  facet normal 0.956932 0 0.290314
    outer loop
      vertex 6.11263 -24.6504 5.38568
      vertex 6.14683 -25.5 5.27295
      vertex 6.14683 -24.6415 5.27295
    endloop
  endfacet
  facet normal 0.931232 0 0.364428
    outer loop
      vertex 6.22836 -25.5 5.05195
      vertex 6.18543 -24.6314 5.16165
      vertex 6.18543 -25.5 5.16165
    endloop
  endfacet
  facet normal 0.931232 0 0.364428
    outer loop
      vertex 6.18543 -24.6314 5.16165
      vertex 6.22836 -25.5 5.05195
      vertex 6.22836 -24.6202 5.05195
    endloop
  endfacet
  facet normal 0.899744 0 0.436417
    outer loop
      vertex 6.32698 -25.5 4.83803
      vertex 6.27557 -24.6079 4.94402
      vertex 6.27557 -25.5 4.94402
    endloop
  endfacet
  facet normal 0.899744 0 0.436417
    outer loop
      vertex 6.27557 -24.6079 4.94402
      vertex 6.32698 -25.5 4.83803
      vertex 6.32698 -24.5945 4.83803
    endloop
  endfacet
  facet normal 0.862743 0 0.505643
    outer loop
      vertex 6.44208 -25.5 4.6325
      vertex 6.38251 -24.58 4.73414
      vertex 6.38251 -25.5 4.73414
    endloop
  endfacet
  facet normal 0.862743 0 0.505643
    outer loop
      vertex 6.38251 -24.58 4.73414
      vertex 6.44208 -25.5 4.6325
      vertex 6.44208 -24.5644 4.6325
    endloop
  endfacet
  facet normal 0.401477 0 0.915869
    outer loop
      vertex 7.84903 -24.1568 3.42964
      vertex 7.85195 -25.5 3.42836
      vertex 7.85195 -24.1558 3.42836
    endloop
  endfacet
  facet normal 0.400732 -1.92921e-06 0.916195
    outer loop
      vertex 7.74402 -24.1887 3.47557
      vertex 7.85195 -25.5 3.42836
      vertex 7.84903 -24.1568 3.42964
    endloop
  endfacet
  facet normal 0.400752 0 0.916187
    outer loop
      vertex 7.85195 -25.5 3.42836
      vertex 7.74402 -24.1887 3.47557
      vertex 7.74402 -25.5 3.47557
    endloop
  endfacet
  facet normal 0.664243 0 0.747517
    outer loop
      vertex 6.9636 -24.4254 3.99703
      vertex 7.05166 -25.5 3.91878
      vertex 7.05166 -24.3987 3.91878
    endloop
  endfacet
  facet normal 0.664243 0 0.747517
    outer loop
      vertex 7.05166 -25.5 3.91878
      vertex 6.9636 -24.4254 3.99703
      vertex 6.9636 -25.5 3.99703
    endloop
  endfacet
  facet normal 0.471394 0 0.881923
    outer loop
      vertex 7.53414 -24.2524 3.58251
      vertex 7.63803 -25.5 3.52698
      vertex 7.63803 -24.2208 3.52698
    endloop
  endfacet
  facet normal 0.471394 0 0.881923
    outer loop
      vertex 7.63803 -25.5 3.52698
      vertex 7.53414 -24.2524 3.58251
      vertex 7.53414 -25.5 3.58251
    endloop
  endfacet
  facet normal -0.976672 0 -0.214737
    outer loop
      vertex 18.9424 -19.2357 6.78527
      vertex 18.9171 -19 6.90034
      vertex 18.9424 -19 6.78527
    endloop
  endfacet
  facet normal -0.976672 -0 -0.214737
    outer loop
      vertex 18.9171 -19 6.90034
      vertex 18.9424 -19.2357 6.78527
      vertex 18.9171 -19.2599 6.90034
    endloop
  endfacet
  facet normal 0.881923 0 0.471394
    outer loop
      vertex 6.38251 -25.5 4.73414
      vertex 6.32698 -24.5945 4.83803
      vertex 6.32698 -25.5 4.83803
    endloop
  endfacet
  facet normal 0.881923 0 0.471394
    outer loop
      vertex 6.32698 -24.5945 4.83803
      vertex 6.38251 -25.5 4.73414
      vertex 6.38251 -24.58 4.73414
    endloop
  endfacet
  facet normal 0.327664 0 0.944794
    outer loop
      vertex 7.96165 -24.1178 3.38543
      vertex 8.07295 -25.5 3.34683
      vertex 8.07295 -24.0792 3.34683
    endloop
  endfacet
  facet normal 0.327664 0 0.944794
    outer loop
      vertex 8.07295 -25.5 3.34683
      vertex 7.96165 -24.1178 3.38543
      vertex 7.96165 -25.5 3.38543
    endloop
  endfacet
  facet normal 0.290314 0 0.956932
    outer loop
      vertex 8.07295 -24.0792 3.34683
      vertex 8.18568 -25.5 3.31263
      vertex 8.18568 -24.0401 3.31263
    endloop
  endfacet
  facet normal 0.290314 0 0.956932
    outer loop
      vertex 8.18568 -25.5 3.31263
      vertex 8.07295 -24.0792 3.34683
      vertex 8.07295 -25.5 3.34683
    endloop
  endfacet
  facet normal 0.773015 0 0.634388
    outer loop
      vertex 6.71878 -25.5 4.25166
      vertex 6.64405 -24.5117 4.34272
      vertex 6.64405 -25.5 4.34272
    endloop
  endfacet
  facet normal 0.773015 0 0.634388
    outer loop
      vertex 6.64405 -24.5117 4.34272
      vertex 6.71878 -25.5 4.25166
      vertex 6.71878 -24.4922 4.25166
    endloop
  endfacet
  facet normal 0.634388 0 0.773015
    outer loop
      vertex 7.05166 -24.3987 3.91878
      vertex 7.14272 -25.5 3.84405
      vertex 7.14272 -24.3711 3.84405
    endloop
  endfacet
  facet normal 0.634388 0 0.773015
    outer loop
      vertex 7.14272 -25.5 3.84405
      vertex 7.05166 -24.3987 3.91878
      vertex 7.05166 -25.5 3.91878
    endloop
  endfacet
  facet normal 0.693077 0 0.720863
    outer loop
      vertex 6.89459 -24.4464 4.06338
      vertex 6.9636 -25.5 3.99703
      vertex 6.9636 -24.4254 3.99703
    endloop
  endfacet
  facet normal 0.693153 9.49315e-06 0.720791
    outer loop
      vertex 6.87868 -24.4505 4.07868
      vertex 6.9636 -25.5 3.99703
      vertex 6.89459 -24.4464 4.06338
    endloop
  endfacet
  facet normal 0.693092 0 0.720849
    outer loop
      vertex 6.9636 -25.5 3.99703
      vertex 6.87868 -24.4505 4.07868
      vertex 6.87868 -25.5 4.07868
    endloop
  endfacet
  facet normal 0.436417 0 0.899744
    outer loop
      vertex 7.63803 -24.2208 3.52698
      vertex 7.74402 -25.5 3.47557
      vertex 7.74402 -24.1887 3.47557
    endloop
  endfacet
  facet normal 0.436417 0 0.899744
    outer loop
      vertex 7.74402 -25.5 3.47557
      vertex 7.63803 -24.2208 3.52698
      vertex 7.63803 -25.5 3.52698
    endloop
  endfacet
  facet normal 0.539148 0 0.842211
    outer loop
      vertex 7.33329 -24.3133 3.70559
      vertex 7.4325 -25.5 3.64208
      vertex 7.4325 -24.2832 3.64208
    endloop
  endfacet
  facet normal 0.539148 0 0.842211
    outer loop
      vertex 7.4325 -25.5 3.64208
      vertex 7.33329 -24.3133 3.70559
      vertex 7.33329 -25.5 3.70559
    endloop
  endfacet
  facet normal 0.505643 0 0.862743
    outer loop
      vertex 7.4325 -24.2832 3.64208
      vertex 7.53414 -25.5 3.58251
      vertex 7.53414 -24.2524 3.58251
    endloop
  endfacet
  facet normal 0.505643 0 0.862743
    outer loop
      vertex 7.53414 -25.5 3.58251
      vertex 7.4325 -24.2832 3.64208
      vertex 7.4325 -25.5 3.64208
    endloop
  endfacet
  facet normal -0.967688 0 -0.252152
    outer loop
      vertex 18.9171 -19.2599 6.90034
      vertex 18.8874 -19 7.01432
      vertex 18.9171 -19 6.90034
    endloop
  endfacet
  facet normal -0.967688 -0 -0.252152
    outer loop
      vertex 18.8874 -19 7.01432
      vertex 18.9171 -19.2599 6.90034
      vertex 18.8874 -19.2885 7.01432
    endloop
  endfacet
  facet normal 0.842211 0 0.539148
    outer loop
      vertex 6.50559 -25.5 4.53329
      vertex 6.44208 -24.5644 4.6325
      vertex 6.44208 -25.5 4.6325
    endloop
  endfacet
  facet normal 0.842211 0 0.539148
    outer loop
      vertex 6.44208 -24.5644 4.6325
      vertex 6.50559 -25.5 4.53329
      vertex 6.50559 -24.5479 4.53329
    endloop
  endfacet
  facet normal 0.820407 0 0.571781
    outer loop
      vertex 6.57295 -25.5 4.43664
      vertex 6.50559 -24.5479 4.53329
      vertex 6.50559 -25.5 4.53329
    endloop
  endfacet
  facet normal 0.820407 0 0.571781
    outer loop
      vertex 6.50559 -24.5479 4.53329
      vertex 6.57295 -25.5 4.43664
      vertex 6.57295 -24.5303 4.43664
    endloop
  endfacet
  facet normal 0.747517 0 0.664243
    outer loop
      vertex 6.79703 -25.5 4.1636
      vertex 6.71878 -24.4922 4.25166
      vertex 6.71878 -25.5 4.25166
    endloop
  endfacet
  facet normal 0.747517 0 0.664243
    outer loop
      vertex 6.71878 -24.4922 4.25166
      vertex 6.79703 -25.5 4.1636
      vertex 6.79703 -24.4718 4.1636
    endloop
  endfacet
  facet normal 0.720849 0 0.693092
    outer loop
      vertex 6.87868 -25.5 4.07868
      vertex 6.79703 -24.4718 4.1636
      vertex 6.79703 -25.5 4.1636
    endloop
  endfacet
  facet normal 0.720849 0 0.693092
    outer loop
      vertex 6.79703 -24.4718 4.1636
      vertex 6.87868 -25.5 4.07868
      vertex 6.87868 -24.4505 4.07868
    endloop
  endfacet
  facet normal 0.797303 0 0.60358
    outer loop
      vertex 6.64405 -25.5 4.34272
      vertex 6.57295 -24.5303 4.43664
      vertex 6.57295 -25.5 4.43664
    endloop
  endfacet
  facet normal 0.797303 0 0.60358
    outer loop
      vertex 6.57295 -24.5303 4.43664
      vertex 6.64405 -25.5 4.34272
      vertex 6.64405 -24.5117 4.34272
    endloop
  endfacet
  facet normal 0.998265 0 0.0588773
    outer loop
      vertex 5.00289 -25.5 6.05278
      vertex 5.01156 -26.5269 5.90578
      vertex 5.01156 -25.5 5.90578
    endloop
  endfacet
  facet normal 0.998265 0 0.0588773
    outer loop
      vertex 5.01156 -26.5269 5.90578
      vertex 5.00289 -25.5 6.05278
      vertex 5.00289 -26.5284 6.05278
    endloop
  endfacet
  facet normal 0.999807 0 -0.0196267
    outer loop
      vertex 5.00289 -26.5284 6.34722
      vertex 5 -25.5 6.2
      vertex 5.00289 -25.5 6.34722
    endloop
  endfacet
  facet normal 0.999807 0 -0.0196267
    outer loop
      vertex 5 -25.5 6.2
      vertex 5.00289 -26.5284 6.34722
      vertex 5 -26.529 6.2
    endloop
  endfacet
  facet normal 0.976762 0 0.214327
    outer loop
      vertex 5.07205 -25.5 5.46841
      vertex 5.10361 -26.5105 5.32458
      vertex 5.10361 -25.5 5.32458
    endloop
  endfacet
  facet normal 0.976762 0 0.214327
    outer loop
      vertex 5.10361 -26.5105 5.32458
      vertex 5.07205 -25.5 5.46841
      vertex 5.07205 -26.5161 5.46841
    endloop
  endfacet
  facet normal 0.797344 0 -0.603526
    outer loop
      vertex 5.80506 -26.3632 8.5216
      vertex 5.71619 -25.5 8.40419
      vertex 5.80506 -25.5 8.5216
    endloop
  endfacet
  facet normal 0.797344 0 -0.603526
    outer loop
      vertex 5.71619 -25.5 8.40419
      vertex 5.80506 -26.3632 8.5216
      vertex 5.71619 -26.3827 8.40419
    endloop
  endfacet
  facet normal 0.0979937 3.04412e-06 -0.995187
    outer loop
      vertex 8.30923 -25.5 9.92401
      vertex 8.45578 -25.6396 9.93844
      vertex 8.34346 -25.6785 9.92738
    endloop
  endfacet
  facet normal 0.097978 0 -0.995189
    outer loop
      vertex 8.30923 -25.5 9.92401
      vertex 8.34346 -25.6785 9.92738
      vertex 8.30923 -25.6889 9.92401
    endloop
  endfacet
  facet normal 0.0979908 0 -0.995187
    outer loop
      vertex 8.45578 -25.6396 9.93844
      vertex 8.30923 -25.5 9.92401
      vertex 8.45578 -25.5 9.93844
    endloop
  endfacet
  facet normal 0.471388 0 -0.881926
    outer loop
      vertex 6.91767 -25.5 9.47186
      vertex 7.04753 -26.0597 9.54127
      vertex 6.91767 -26.0936 9.47186
    endloop
  endfacet
  facet normal 0.471388 0 -0.881926
    outer loop
      vertex 7.04753 -26.0597 9.54127
      vertex 6.91767 -25.5 9.47186
      vertex 7.04753 -25.5 9.54127
    endloop
  endfacet
  facet normal 0.0196267 0 -0.999807
    outer loop
      vertex 8.60278 -25.5 9.94711
      vertex 8.75 -25.5375 9.95
      vertex 8.60278 -25.5886 9.94711
    endloop
  endfacet
  facet normal 0.0196267 0 -0.999807
    outer loop
      vertex 8.75 -25.5375 9.95
      vertex 8.60278 -25.5 9.94711
      vertex 8.75 -25.5 9.95
    endloop
  endfacet
  facet normal 0.290318 0 0.95693
    outer loop
      vertex 7.59119 -25.5 2.63354
      vertex 7.7321 -25.864 2.59079
      vertex 7.7321 -25.5 2.59079
    endloop
  endfacet
  facet normal 0.290318 0 0.95693
    outer loop
      vertex 7.7321 -25.864 2.59079
      vertex 7.59119 -25.5 2.63354
      vertex 7.59119 -25.9067 2.63354
    endloop
  endfacet
  facet normal 0.773003 0 0.634402
    outer loop
      vertex 5.80506 -25.5 3.8784
      vertex 5.89848 -26.3427 3.76457
      vertex 5.89848 -25.5 3.76457
    endloop
  endfacet
  facet normal 0.773003 0 0.634402
    outer loop
      vertex 5.89848 -26.3427 3.76457
      vertex 5.80506 -25.5 3.8784
      vertex 5.80506 -26.3632 3.8784
    endloop
  endfacet
  facet normal 0.842218 0 -0.539137
    outer loop
      vertex 5.63199 -26.4012 8.28339
      vertex 5.5526 -25.5 8.15937
      vertex 5.63199 -25.5 8.28339
    endloop
  endfacet
  facet normal 0.842218 0 -0.539137
    outer loop
      vertex 5.5526 -25.5 8.15937
      vertex 5.63199 -26.4012 8.28339
      vertex 5.5526 -26.4186 8.15937
    endloop
  endfacet
  facet normal 0 0 -1
    outer loop
      vertex 8.75 -25.5 9.95
      vertex 8.85828 -25.5 9.95
      vertex 8.75 -25.5375 9.95
    endloop
  endfacet
  facet normal 0.91619 0 0.400744
    outer loop
      vertex 5.28545 -25.5 4.76494
      vertex 5.34446 -26.4643 4.63003
      vertex 5.34446 -25.5 4.63003
    endloop
  endfacet
  facet normal 0.91619 0 0.400744
    outer loop
      vertex 5.34446 -26.4643 4.63003
      vertex 5.28545 -25.5 4.76494
      vertex 5.28545 -26.4772 4.76494
    endloop
  endfacet
  facet normal 0.998265 0 -0.0588773
    outer loop
      vertex 5.01156 -26.5269 6.49422
      vertex 5.00289 -25.5 6.34722
      vertex 5.01156 -25.5 6.49422
    endloop
  endfacet
  facet normal 0.998265 0 -0.0588773
    outer loop
      vertex 5.00289 -25.5 6.34722
      vertex 5.01156 -26.5269 6.49422
      vertex 5.00289 -26.5284 6.34722
    endloop
  endfacet
  facet normal 0.899754 0 -0.436397
    outer loop
      vertex 5.40872 -26.4502 7.90246
      vertex 5.34446 -25.5 7.76997
      vertex 5.40872 -25.5 7.90246
    endloop
  endfacet
  facet normal 0.899754 0 -0.436397
    outer loop
      vertex 5.34446 -25.5 7.76997
      vertex 5.40872 -26.4502 7.90246
      vertex 5.34446 -26.4643 7.76997
    endloop
  endfacet
  facet normal 0.0588773 0 -0.998265
    outer loop
      vertex 8.45578 -25.5 9.93844
      vertex 8.60278 -25.5886 9.94711
      vertex 8.45578 -25.6396 9.93844
    endloop
  endfacet
  facet normal 0.0588773 0 -0.998265
    outer loop
      vertex 8.60278 -25.5886 9.94711
      vertex 8.45578 -25.5 9.93844
      vertex 8.60278 -25.5 9.94711
    endloop
  endfacet
  facet normal 0.400744 0 -0.91619
    outer loop
      vertex 7.18003 -25.5 9.60554
      vertex 7.31494 -25.9899 9.66455
      vertex 7.18003 -26.0251 9.60554
    endloop
  endfacet
  facet normal 0.400744 0 -0.91619
    outer loop
      vertex 7.31494 -25.9899 9.66455
      vertex 7.18003 -25.5 9.60554
      vertex 7.31494 -25.5 9.66455
    endloop
  endfacet
  facet normal 0.290318 0 -0.95693
    outer loop
      vertex 7.59119 -25.5 9.76646
      vertex 7.7321 -25.864 9.80921
      vertex 7.59119 -25.9067 9.76646
    endloop
  endfacet
  facet normal 0.290318 0 -0.95693
    outer loop
      vertex 7.7321 -25.864 9.80921
      vertex 7.59119 -25.5 9.76646
      vertex 7.7321 -25.5 9.80921
    endloop
  endfacet
  facet normal 0.214262 0 -0.976776
    outer loop
      vertex 7.87458 -25.5 9.84639
      vertex 8.01841 -25.7771 9.87794
      vertex 7.87458 -25.8208 9.84639
    endloop
  endfacet
  facet normal 0.214262 0 -0.976776
    outer loop
      vertex 8.01841 -25.7771 9.87794
      vertex 7.87458 -25.5 9.84639
      vertex 8.01841 -25.5 9.87794
    endloop
  endfacet
  facet normal 0.436425 0 -0.899741
    outer loop
      vertex 7.04753 -25.5 9.54127
      vertex 7.18003 -26.0251 9.60554
      vertex 7.04753 -26.0597 9.54127
    endloop
  endfacet
  facet normal 0.436425 0 -0.899741
    outer loop
      vertex 7.18003 -26.0251 9.60554
      vertex 7.04753 -25.5 9.54127
      vertex 7.18003 -25.5 9.60554
    endloop
  endfacet
  facet normal 0.571789 0 -0.820401
    outer loop
      vertex 6.5458 -25.5 9.23381
      vertex 6.66661 -26.1591 9.31801
      vertex 6.5458 -26.1906 9.23381
    endloop
  endfacet
  facet normal 0.571789 0 -0.820401
    outer loop
      vertex 6.66661 -26.1591 9.31801
      vertex 6.5458 -25.5 9.23381
      vertex 6.66661 -25.5 9.31801
    endloop
  endfacet
  facet normal 0.634402 0 -0.773003
    outer loop
      vertex 6.31457 -25.5 9.05152
      vertex 6.4284 -26.2213 9.14494
      vertex 6.31457 -26.251 9.05152
    endloop
  endfacet
  facet normal 0.634402 0 -0.773003
    outer loop
      vertex 6.4284 -26.2213 9.14494
      vertex 6.31457 -25.5 9.05152
      vertex 6.4284 -25.5 9.14494
    endloop
  endfacet
  facet normal 0.720858 0 -0.693083
    outer loop
      vertex 6.09835 -26.2989 8.85165
      vertex 5.99629 -25.5 8.7455
      vertex 6.09835 -25.5 8.85165
    endloop
  endfacet
  facet normal 0.720858 0 -0.693083
    outer loop
      vertex 5.99629 -25.5 8.7455
      vertex 6.09835 -26.2989 8.85165
      vertex 5.99629 -26.3213 8.7455
    endloop
  endfacet
  facet normal 0 0 1
    outer loop
      vertex 8.85828 -25.5 2.45
      vertex 8.75 -25.5 2.45
      vertex 8.75 -25.5375 2.45
    endloop
  endfacet
  facet normal 0.0196267 0 0.999807
    outer loop
      vertex 8.60278 -25.5 2.45289
      vertex 8.75 -25.5375 2.45
      vertex 8.75 -25.5 2.45
    endloop
  endfacet
  facet normal 0.0196267 0 0.999807
    outer loop
      vertex 8.75 -25.5375 2.45
      vertex 8.60278 -25.5 2.45289
      vertex 8.60278 -25.5886 2.45289
    endloop
  endfacet
  facet normal 0.539137 0 0.842218
    outer loop
      vertex 6.66661 -25.5 3.08199
      vertex 6.79063 -26.1267 3.0026
      vertex 6.79063 -25.5 3.0026
    endloop
  endfacet
  facet normal 0.539137 0 0.842218
    outer loop
      vertex 6.79063 -26.1267 3.0026
      vertex 6.66661 -25.5 3.08199
      vertex 6.66661 -26.1591 3.08199
    endloop
  endfacet
  facet normal 0 -1 0
    outer loop
      vertex 8.76462 -25.5 9.19075
      vertex 8.75 -25.5 9.95
      vertex 8.60278 -25.5 9.94711
    endloop
  endfacet
  facet normal 0 -1 0
    outer loop
      vertex 8.64739 -25.5 9.1792
      vertex 8.60278 -25.5 9.94711
      vertex 8.45578 -25.5 9.93844
    endloop
  endfacet
  facet normal 0 -1 0
    outer loop
      vertex 8.5307 -25.5 9.16306
      vertex 8.45578 -25.5 9.93844
      vertex 8.30923 -25.5 9.92401
    endloop
  endfacet
  facet normal 0 -1 0
    outer loop
      vertex 8.41473 -25.5 9.14235
      vertex 8.30923 -25.5 9.92401
      vertex 8.16337 -25.5 9.90383
    endloop
  endfacet
  facet normal 0 -1 0
    outer loop
      vertex 8.29966 -25.5 9.11711
      vertex 8.16337 -25.5 9.90383
      vertex 8.01841 -25.5 9.87794
    endloop
  endfacet
  facet normal 0 -1 0
    outer loop
      vertex 8.18568 -25.5 9.08737
      vertex 8.01841 -25.5 9.87794
      vertex 7.87458 -25.5 9.84639
    endloop
  endfacet
  facet normal 0 -1 0
    outer loop
      vertex 8.07295 -25.5 9.05317
      vertex 7.87458 -25.5 9.84639
      vertex 7.7321 -25.5 9.80921
    endloop
  endfacet
  facet normal 0 -1 0
    outer loop
      vertex 7.96165 -25.5 9.01457
      vertex 7.7321 -25.5 9.80921
      vertex 7.59119 -25.5 9.76646
    endloop
  endfacet
  facet normal 0 -1 0
    outer loop
      vertex 7.85195 -25.5 8.97164
      vertex 7.59119 -25.5 9.76646
      vertex 7.45206 -25.5 9.71822
    endloop
  endfacet
  facet normal 0 -1 0
    outer loop
      vertex 7.74402 -25.5 8.92443
      vertex 7.45206 -25.5 9.71822
      vertex 7.31494 -25.5 9.66455
    endloop
  endfacet
  facet normal 0 -1 0
    outer loop
      vertex 7.63803 -25.5 8.87302
      vertex 7.31494 -25.5 9.66455
      vertex 7.18003 -25.5 9.60554
    endloop
  endfacet
  facet normal 0 -1 0
    outer loop
      vertex 7.53414 -25.5 8.81749
      vertex 7.18003 -25.5 9.60554
      vertex 7.04753 -25.5 9.54127
    endloop
  endfacet
  facet normal 0 -1 0
    outer loop
      vertex 7.4325 -25.5 8.75792
      vertex 7.04753 -25.5 9.54127
      vertex 6.91767 -25.5 9.47186
    endloop
  endfacet
  facet normal 0 -1 0
    outer loop
      vertex 7.33329 -25.5 8.69441
      vertex 6.91767 -25.5 9.47186
      vertex 6.79063 -25.5 9.3974
    endloop
  endfacet
  facet normal 0 -1 0
    outer loop
      vertex 7.23664 -25.5 8.62705
      vertex 6.79063 -25.5 9.3974
      vertex 6.66661 -25.5 9.31801
    endloop
  endfacet
  facet normal 0 -1 0
    outer loop
      vertex 7.14272 -25.5 8.55595
      vertex 6.66661 -25.5 9.31801
      vertex 6.5458 -25.5 9.23381
    endloop
  endfacet
  facet normal 0 -1 0
    outer loop
      vertex 7.7321 -25.5 9.80921
      vertex 7.96165 -25.5 9.01457
      vertex 8.07295 -25.5 9.05317
    endloop
  endfacet
  facet normal 0 -1 0
    outer loop
      vertex 8.75 -25.5 9.95
      vertex 8.85828 -25.5 9.19627
      vertex 8.85828 -25.5 9.95
    endloop
  endfacet
  facet normal -0 -1 0
    outer loop
      vertex 8.85828 -25.5 9.19627
      vertex 8.75 -25.5 9.95
      vertex 8.76462 -25.5 9.19075
    endloop
  endfacet
  facet normal -0 -1 0
    outer loop
      vertex 8.76462 -25.5 9.19075
      vertex 8.60278 -25.5 9.94711
      vertex 8.64739 -25.5 9.1792
    endloop
  endfacet
  facet normal 0 -1 0
    outer loop
      vertex 7.05166 -25.5 8.48122
      vertex 6.5458 -25.5 9.23381
      vertex 6.4284 -25.5 9.14494
    endloop
  endfacet
  facet normal 0 -1 0
    outer loop
      vertex 8.45578 -25.5 9.93844
      vertex 8.5307 -25.5 9.16306
      vertex 8.64739 -25.5 9.1792
    endloop
  endfacet
  facet normal 0 -1 0
    outer loop
      vertex 8.30923 -25.5 9.92401
      vertex 8.41473 -25.5 9.14235
      vertex 8.5307 -25.5 9.16306
    endloop
  endfacet
  facet normal 0 -1 0
    outer loop
      vertex 8.16337 -25.5 9.90383
      vertex 8.29966 -25.5 9.11711
      vertex 8.41473 -25.5 9.14235
    endloop
  endfacet
  facet normal 0 -1 0
    outer loop
      vertex 8.01841 -25.5 9.87794
      vertex 8.18568 -25.5 9.08737
      vertex 8.29966 -25.5 9.11711
    endloop
  endfacet
  facet normal 0 -1 0
    outer loop
      vertex 6.9636 -25.5 8.40297
      vertex 6.4284 -25.5 9.14494
      vertex 6.31457 -25.5 9.05152
    endloop
  endfacet
  facet normal 0 -1 0
    outer loop
      vertex 7.87458 -25.5 9.84639
      vertex 8.07295 -25.5 9.05317
      vertex 8.18568 -25.5 9.08737
    endloop
  endfacet
  facet normal 0 -1 0
    outer loop
      vertex 7.59119 -25.5 9.76646
      vertex 7.85195 -25.5 8.97164
      vertex 7.96165 -25.5 9.01457
    endloop
  endfacet
  facet normal 0 -1 0
    outer loop
      vertex 6.87868 -25.5 8.32132
      vertex 6.31457 -25.5 9.05152
      vertex 6.2045 -25.5 8.95371
    endloop
  endfacet
  facet normal 0 -1 0
    outer loop
      vertex 7.45206 -25.5 9.71822
      vertex 7.74402 -25.5 8.92443
      vertex 7.85195 -25.5 8.97164
    endloop
  endfacet
  facet normal 0 -1 0
    outer loop
      vertex 7.31494 -25.5 9.66455
      vertex 7.63803 -25.5 8.87302
      vertex 7.74402 -25.5 8.92443
    endloop
  endfacet
  facet normal 0 -1 0
    outer loop
      vertex 6.79703 -25.5 8.2364
      vertex 6.2045 -25.5 8.95371
      vertex 6.09835 -25.5 8.85165
    endloop
  endfacet
  facet normal 0 -1 0
    outer loop
      vertex 7.18003 -25.5 9.60554
      vertex 7.53414 -25.5 8.81749
      vertex 7.63803 -25.5 8.87302
    endloop
  endfacet
  facet normal 0 -1 0
    outer loop
      vertex 7.04753 -25.5 9.54127
      vertex 7.4325 -25.5 8.75792
      vertex 7.53414 -25.5 8.81749
    endloop
  endfacet
  facet normal 0 -1 0
    outer loop
      vertex 6.71878 -25.5 8.14834
      vertex 6.09835 -25.5 8.85165
      vertex 5.99629 -25.5 8.7455
    endloop
  endfacet
  facet normal 0 -1 0
    outer loop
      vertex 6.91767 -25.5 9.47186
      vertex 7.33329 -25.5 8.69441
      vertex 7.4325 -25.5 8.75792
    endloop
  endfacet
  facet normal 0 -1 0
    outer loop
      vertex 6.64405 -25.5 8.05728
      vertex 5.99629 -25.5 8.7455
      vertex 5.89848 -25.5 8.63543
    endloop
  endfacet
  facet normal 0 -1 0
    outer loop
      vertex 6.79063 -25.5 9.3974
      vertex 7.23664 -25.5 8.62705
      vertex 7.33329 -25.5 8.69441
    endloop
  endfacet
  facet normal 0 -1 0
    outer loop
      vertex 6.66661 -25.5 9.31801
      vertex 7.14272 -25.5 8.55595
      vertex 7.23664 -25.5 8.62705
    endloop
  endfacet
  facet normal 0 -1 0
    outer loop
      vertex 6.57295 -25.5 7.96336
      vertex 5.89848 -25.5 8.63543
      vertex 5.80506 -25.5 8.5216
    endloop
  endfacet
  facet normal 0 -1 0
    outer loop
      vertex 6.5458 -25.5 9.23381
      vertex 7.05166 -25.5 8.48122
      vertex 7.14272 -25.5 8.55595
    endloop
  endfacet
  facet normal 0 -1 0
    outer loop
      vertex 6.50559 -25.5 7.86671
      vertex 5.80506 -25.5 8.5216
      vertex 5.71619 -25.5 8.40419
    endloop
  endfacet
  facet normal 0 -1 0
    outer loop
      vertex 6.4284 -25.5 9.14494
      vertex 6.9636 -25.5 8.40297
      vertex 7.05166 -25.5 8.48122
    endloop
  endfacet
  facet normal 0 -1 0
    outer loop
      vertex 6.31457 -25.5 9.05152
      vertex 6.87868 -25.5 8.32132
      vertex 6.9636 -25.5 8.40297
    endloop
  endfacet
  facet normal 0 -1 0
    outer loop
      vertex 6.44208 -25.5 7.7675
      vertex 5.71619 -25.5 8.40419
      vertex 5.63199 -25.5 8.28339
    endloop
  endfacet
  facet normal 0 -1 0
    outer loop
      vertex 6.2045 -25.5 8.95371
      vertex 6.79703 -25.5 8.2364
      vertex 6.87868 -25.5 8.32132
    endloop
  endfacet
  facet normal 0 -1 0
    outer loop
      vertex 6.44208 -25.5 7.7675
      vertex 5.63199 -25.5 8.28339
      vertex 5.5526 -25.5 8.15937
    endloop
  endfacet
  facet normal 0 -1 0
    outer loop
      vertex 6.09835 -25.5 8.85165
      vertex 6.71878 -25.5 8.14834
      vertex 6.79703 -25.5 8.2364
    endloop
  endfacet
  facet normal 0 -1 0
    outer loop
      vertex 5.99629 -25.5 8.7455
      vertex 6.64405 -25.5 8.05728
      vertex 6.71878 -25.5 8.14834
    endloop
  endfacet
  facet normal 0 -1 0
    outer loop
      vertex 6.38251 -25.5 7.66586
      vertex 5.5526 -25.5 8.15937
      vertex 5.47814 -25.5 8.03233
    endloop
  endfacet
  facet normal 0 -1 0
    outer loop
      vertex 5.89848 -25.5 8.63543
      vertex 6.57295 -25.5 7.96336
      vertex 6.64405 -25.5 8.05728
    endloop
  endfacet
  facet normal 0 -1 0
    outer loop
      vertex 6.32698 -25.5 7.56197
      vertex 5.47814 -25.5 8.03233
      vertex 5.40872 -25.5 7.90246
    endloop
  endfacet
  facet normal 0 -1 0
    outer loop
      vertex 5.80506 -25.5 8.5216
      vertex 6.50559 -25.5 7.86671
      vertex 6.57295 -25.5 7.96336
    endloop
  endfacet
  facet normal 0 -1 0
    outer loop
      vertex 6.27557 -25.5 7.45598
      vertex 5.40872 -25.5 7.90246
      vertex 5.34446 -25.5 7.76997
    endloop
  endfacet
  facet normal 0 -1 0
    outer loop
      vertex 5.71619 -25.5 8.40419
      vertex 6.44208 -25.5 7.7675
      vertex 6.50559 -25.5 7.86671
    endloop
  endfacet
  facet normal 0 -1 0
    outer loop
      vertex 5.5526 -25.5 8.15937
      vertex 6.38251 -25.5 7.66586
      vertex 6.44208 -25.5 7.7675
    endloop
  endfacet
  facet normal 0 -1 0
    outer loop
      vertex 6.22836 -25.5 7.34805
      vertex 5.34446 -25.5 7.76997
      vertex 5.28545 -25.5 7.63506
    endloop
  endfacet
  facet normal 0 -1 0
    outer loop
      vertex 5.47814 -25.5 8.03233
      vertex 6.32698 -25.5 7.56197
      vertex 6.38251 -25.5 7.66586
    endloop
  endfacet
  facet normal 0 -1 0
    outer loop
      vertex 6.18543 -25.5 7.23835
      vertex 5.28545 -25.5 7.63506
      vertex 5.23178 -25.5 7.49794
    endloop
  endfacet
  facet normal 0 -1 0
    outer loop
      vertex 5.40872 -25.5 7.90246
      vertex 6.27557 -25.5 7.45598
      vertex 6.32698 -25.5 7.56197
    endloop
  endfacet
  facet normal 0 -1 0
    outer loop
      vertex 6.14683 -25.5 7.12705
      vertex 5.23178 -25.5 7.49794
      vertex 5.18354 -25.5 7.35881
    endloop
  endfacet
  facet normal 0 -1 0
    outer loop
      vertex 5.34446 -25.5 7.76997
      vertex 6.22836 -25.5 7.34805
      vertex 6.27557 -25.5 7.45598
    endloop
  endfacet
  facet normal 0 -1 0
    outer loop
      vertex 5.28545 -25.5 7.63506
      vertex 6.18543 -25.5 7.23835
      vertex 6.22836 -25.5 7.34805
    endloop
  endfacet
  facet normal 0 -1 0
    outer loop
      vertex 6.11263 -25.5 7.01432
      vertex 5.18354 -25.5 7.35881
      vertex 5.14079 -25.5 7.2179
    endloop
  endfacet
  facet normal 0 -1 0
    outer loop
      vertex 5.23178 -25.5 7.49794
      vertex 6.14683 -25.5 7.12705
      vertex 6.18543 -25.5 7.23835
    endloop
  endfacet
  facet normal 0 -1 0
    outer loop
      vertex 6.08289 -25.5 6.90034
      vertex 5.14079 -25.5 7.2179
      vertex 5.10361 -25.5 7.07542
    endloop
  endfacet
  facet normal 0 -1 0
    outer loop
      vertex 5.18354 -25.5 7.35881
      vertex 6.11263 -25.5 7.01432
      vertex 6.14683 -25.5 7.12705
    endloop
  endfacet
  facet normal 0 -1 0
    outer loop
      vertex 6.05764 -25.5 6.78527
      vertex 5.10361 -25.5 7.07542
      vertex 5.07205 -25.5 6.93159
    endloop
  endfacet
  facet normal 0 -1 0
    outer loop
      vertex 5.14079 -25.5 7.2179
      vertex 6.08289 -25.5 6.90034
      vertex 6.11263 -25.5 7.01432
    endloop
  endfacet
  facet normal 0 -1 0
    outer loop
      vertex 6.03693 -25.5 6.6693
      vertex 5.07205 -25.5 6.93159
      vertex 5.04617 -25.5 6.78663
    endloop
  endfacet
  facet normal 0 -1 0
    outer loop
      vertex 5.10361 -25.5 7.07542
      vertex 6.05764 -25.5 6.78527
      vertex 6.08289 -25.5 6.90034
    endloop
  endfacet
  facet normal 0 -1 0
    outer loop
      vertex 5.07205 -25.5 6.93159
      vertex 6.03693 -25.5 6.6693
      vertex 6.05764 -25.5 6.78527
    endloop
  endfacet
  facet normal 0 -1 0
    outer loop
      vertex 6.02079 -25.5 6.55261
      vertex 5.04617 -25.5 6.78663
      vertex 5.02599 -25.5 6.64077
    endloop
  endfacet
  facet normal 0 -1 0
    outer loop
      vertex 5.04617 -25.5 6.78663
      vertex 6.02079 -25.5 6.55261
      vertex 6.03693 -25.5 6.6693
    endloop
  endfacet
  facet normal 0 -1 0
    outer loop
      vertex 6.00925 -25.5 6.43538
      vertex 5.02599 -25.5 6.64077
      vertex 5.01156 -25.5 6.49422
    endloop
  endfacet
  facet normal 0 -1 0
    outer loop
      vertex 5.02599 -25.5 6.64077
      vertex 6.00925 -25.5 6.43538
      vertex 6.02079 -25.5 6.55261
    endloop
  endfacet
  facet normal 0 -1 0
    outer loop
      vertex 6.00231 -25.5 6.31778
      vertex 5.01156 -25.5 6.49422
      vertex 5.00289 -25.5 6.34722
    endloop
  endfacet
  facet normal 0 -1 0
    outer loop
      vertex 5.01156 -25.5 6.49422
      vertex 6.00231 -25.5 6.31778
      vertex 6.00925 -25.5 6.43538
    endloop
  endfacet
  facet normal 0 -1 0
    outer loop
      vertex 5 -25.5 6.2
      vertex 6.00231 -25.5 6.31778
      vertex 5.00289 -25.5 6.34722
    endloop
  endfacet
  facet normal 0 -1 0
    outer loop
      vertex 5 -25.5 6.2
      vertex 6 -25.5 6.2
      vertex 6.00231 -25.5 6.31778
    endloop
  endfacet
  facet normal 0 -1 0
    outer loop
      vertex 5 -25.5 6.2
      vertex 6.00231 -25.5 6.08222
      vertex 6 -25.5 6.2
    endloop
  endfacet
  facet normal 0 -1 0
    outer loop
      vertex 5.00289 -25.5 6.05278
      vertex 6.00231 -25.5 6.08222
      vertex 5 -25.5 6.2
    endloop
  endfacet
  facet normal 0 -1 0
    outer loop
      vertex 5.01156 -25.5 5.90578
      vertex 6.00231 -25.5 6.08222
      vertex 5.00289 -25.5 6.05278
    endloop
  endfacet
  facet normal 0 -1 -0
    outer loop
      vertex 6.00231 -25.5 6.08222
      vertex 5.01156 -25.5 5.90578
      vertex 6.00925 -25.5 5.96462
    endloop
  endfacet
  facet normal 0 -1 0
    outer loop
      vertex 5.02599 -25.5 5.75923
      vertex 6.00925 -25.5 5.96462
      vertex 5.01156 -25.5 5.90578
    endloop
  endfacet
  facet normal 0 -1 -0
    outer loop
      vertex 6.00925 -25.5 5.96462
      vertex 5.02599 -25.5 5.75923
      vertex 6.02079 -25.5 5.84739
    endloop
  endfacet
  facet normal 0 -1 0
    outer loop
      vertex 5.04617 -25.5 5.61337
      vertex 6.02079 -25.5 5.84739
      vertex 5.02599 -25.5 5.75923
    endloop
  endfacet
  facet normal 0 -1 -0
    outer loop
      vertex 6.02079 -25.5 5.84739
      vertex 5.04617 -25.5 5.61337
      vertex 6.03693 -25.5 5.7307
    endloop
  endfacet
  facet normal 0 -1 0
    outer loop
      vertex 5.07205 -25.5 5.46841
      vertex 6.03693 -25.5 5.7307
      vertex 5.04617 -25.5 5.61337
    endloop
  endfacet
  facet normal 0 -1 -0
    outer loop
      vertex 6.03693 -25.5 5.7307
      vertex 5.07205 -25.5 5.46841
      vertex 6.05764 -25.5 5.61473
    endloop
  endfacet
  facet normal 0 -1 0
    outer loop
      vertex 5.10361 -25.5 5.32458
      vertex 6.05764 -25.5 5.61473
      vertex 5.07205 -25.5 5.46841
    endloop
  endfacet
  facet normal 0 -1 -0
    outer loop
      vertex 6.05764 -25.5 5.61473
      vertex 5.10361 -25.5 5.32458
      vertex 6.08289 -25.5 5.49966
    endloop
  endfacet
  facet normal 0 -1 0
    outer loop
      vertex 5.14079 -25.5 5.1821
      vertex 6.08289 -25.5 5.49966
      vertex 5.10361 -25.5 5.32458
    endloop
  endfacet
  facet normal 0 -1 -0
    outer loop
      vertex 6.08289 -25.5 5.49966
      vertex 5.14079 -25.5 5.1821
      vertex 6.11263 -25.5 5.38568
    endloop
  endfacet
  facet normal 0 -1 0
    outer loop
      vertex 5.18354 -25.5 5.04119
      vertex 6.11263 -25.5 5.38568
      vertex 5.14079 -25.5 5.1821
    endloop
  endfacet
  facet normal 0 -1 -0
    outer loop
      vertex 6.11263 -25.5 5.38568
      vertex 5.18354 -25.5 5.04119
      vertex 6.14683 -25.5 5.27295
    endloop
  endfacet
  facet normal 0 -1 0
    outer loop
      vertex 5.23178 -25.5 4.90206
      vertex 6.14683 -25.5 5.27295
      vertex 5.18354 -25.5 5.04119
    endloop
  endfacet
  facet normal 0 -1 -0
    outer loop
      vertex 6.14683 -25.5 5.27295
      vertex 5.23178 -25.5 4.90206
      vertex 6.18543 -25.5 5.16165
    endloop
  endfacet
  facet normal 0 -1 0
    outer loop
      vertex 5.28545 -25.5 4.76494
      vertex 6.18543 -25.5 5.16165
      vertex 5.23178 -25.5 4.90206
    endloop
  endfacet
  facet normal 0 -1 -0
    outer loop
      vertex 6.18543 -25.5 5.16165
      vertex 5.28545 -25.5 4.76494
      vertex 6.22836 -25.5 5.05195
    endloop
  endfacet
  facet normal 0 -1 0
    outer loop
      vertex 5.34446 -25.5 4.63003
      vertex 6.22836 -25.5 5.05195
      vertex 5.28545 -25.5 4.76494
    endloop
  endfacet
  facet normal 0 -1 -0
    outer loop
      vertex 6.22836 -25.5 5.05195
      vertex 5.34446 -25.5 4.63003
      vertex 6.27557 -25.5 4.94402
    endloop
  endfacet
  facet normal 0 -1 0
    outer loop
      vertex 5.40872 -25.5 4.49753
      vertex 6.27557 -25.5 4.94402
      vertex 5.34446 -25.5 4.63003
    endloop
  endfacet
  facet normal 0 -1 -0
    outer loop
      vertex 6.27557 -25.5 4.94402
      vertex 5.40872 -25.5 4.49753
      vertex 6.32698 -25.5 4.83803
    endloop
  endfacet
  facet normal 0 -1 0
    outer loop
      vertex 5.47814 -25.5 4.36767
      vertex 6.32698 -25.5 4.83803
      vertex 5.40872 -25.5 4.49753
    endloop
  endfacet
  facet normal 0 -1 -0
    outer loop
      vertex 6.32698 -25.5 4.83803
      vertex 5.47814 -25.5 4.36767
      vertex 6.38251 -25.5 4.73414
    endloop
  endfacet
  facet normal 0 -1 0
    outer loop
      vertex 5.5526 -25.5 4.24063
      vertex 6.38251 -25.5 4.73414
      vertex 5.47814 -25.5 4.36767
    endloop
  endfacet
  facet normal 0 -1 -0
    outer loop
      vertex 6.38251 -25.5 4.73414
      vertex 5.5526 -25.5 4.24063
      vertex 6.44208 -25.5 4.6325
    endloop
  endfacet
  facet normal 0 -1 0
    outer loop
      vertex 5.63199 -25.5 4.11661
      vertex 6.44208 -25.5 4.6325
      vertex 5.5526 -25.5 4.24063
    endloop
  endfacet
  facet normal 0 -1 0
    outer loop
      vertex 5.71619 -25.5 3.9958
      vertex 6.44208 -25.5 4.6325
      vertex 5.63199 -25.5 4.11661
    endloop
  endfacet
  facet normal 0 -1 -0
    outer loop
      vertex 6.44208 -25.5 4.6325
      vertex 5.71619 -25.5 3.9958
      vertex 6.50559 -25.5 4.53329
    endloop
  endfacet
  facet normal 0 -1 0
    outer loop
      vertex 5.80506 -25.5 3.8784
      vertex 6.50559 -25.5 4.53329
      vertex 5.71619 -25.5 3.9958
    endloop
  endfacet
  facet normal 0 -1 -0
    outer loop
      vertex 6.50559 -25.5 4.53329
      vertex 5.80506 -25.5 3.8784
      vertex 6.57295 -25.5 4.43664
    endloop
  endfacet
  facet normal 0 -1 0
    outer loop
      vertex 5.89848 -25.5 3.76457
      vertex 6.57295 -25.5 4.43664
      vertex 5.80506 -25.5 3.8784
    endloop
  endfacet
  facet normal 0 -1 -0
    outer loop
      vertex 6.57295 -25.5 4.43664
      vertex 5.89848 -25.5 3.76457
      vertex 6.64405 -25.5 4.34272
    endloop
  endfacet
  facet normal 0 -1 0
    outer loop
      vertex 5.99629 -25.5 3.6545
      vertex 6.64405 -25.5 4.34272
      vertex 5.89848 -25.5 3.76457
    endloop
  endfacet
  facet normal 0 -1 -0
    outer loop
      vertex 6.64405 -25.5 4.34272
      vertex 5.99629 -25.5 3.6545
      vertex 6.71878 -25.5 4.25166
    endloop
  endfacet
  facet normal 0 -1 0
    outer loop
      vertex 6.09835 -25.5 3.54835
      vertex 6.71878 -25.5 4.25166
      vertex 5.99629 -25.5 3.6545
    endloop
  endfacet
  facet normal 0 -1 -0
    outer loop
      vertex 6.71878 -25.5 4.25166
      vertex 6.09835 -25.5 3.54835
      vertex 6.79703 -25.5 4.1636
    endloop
  endfacet
  facet normal 0 -1 0
    outer loop
      vertex 6.2045 -25.5 3.44629
      vertex 6.79703 -25.5 4.1636
      vertex 6.09835 -25.5 3.54835
    endloop
  endfacet
  facet normal 0 -1 -0
    outer loop
      vertex 6.79703 -25.5 4.1636
      vertex 6.2045 -25.5 3.44629
      vertex 6.87868 -25.5 4.07868
    endloop
  endfacet
  facet normal 0 -1 0
    outer loop
      vertex 6.31457 -25.5 3.34848
      vertex 6.87868 -25.5 4.07868
      vertex 6.2045 -25.5 3.44629
    endloop
  endfacet
  facet normal 0 -1 -0
    outer loop
      vertex 6.87868 -25.5 4.07868
      vertex 6.31457 -25.5 3.34848
      vertex 6.9636 -25.5 3.99703
    endloop
  endfacet
  facet normal 0 -1 0
    outer loop
      vertex 6.4284 -25.5 3.25506
      vertex 6.9636 -25.5 3.99703
      vertex 6.31457 -25.5 3.34848
    endloop
  endfacet
  facet normal 0 -1 -0
    outer loop
      vertex 6.9636 -25.5 3.99703
      vertex 6.4284 -25.5 3.25506
      vertex 7.05166 -25.5 3.91878
    endloop
  endfacet
  facet normal 0 -1 0
    outer loop
      vertex 6.5458 -25.5 3.16619
      vertex 7.05166 -25.5 3.91878
      vertex 6.4284 -25.5 3.25506
    endloop
  endfacet
  facet normal 0 -1 -0
    outer loop
      vertex 7.05166 -25.5 3.91878
      vertex 6.5458 -25.5 3.16619
      vertex 7.14272 -25.5 3.84405
    endloop
  endfacet
  facet normal 0 -1 0
    outer loop
      vertex 6.66661 -25.5 3.08199
      vertex 7.14272 -25.5 3.84405
      vertex 6.5458 -25.5 3.16619
    endloop
  endfacet
  facet normal 0 -1 -0
    outer loop
      vertex 7.14272 -25.5 3.84405
      vertex 6.66661 -25.5 3.08199
      vertex 7.23664 -25.5 3.77295
    endloop
  endfacet
  facet normal 0 -1 0
    outer loop
      vertex 6.79063 -25.5 3.0026
      vertex 7.23664 -25.5 3.77295
      vertex 6.66661 -25.5 3.08199
    endloop
  endfacet
  facet normal 0 -1 -0
    outer loop
      vertex 7.23664 -25.5 3.77295
      vertex 6.79063 -25.5 3.0026
      vertex 7.33329 -25.5 3.70559
    endloop
  endfacet
  facet normal 0 -1 0
    outer loop
      vertex 6.91767 -25.5 2.92814
      vertex 7.33329 -25.5 3.70559
      vertex 6.79063 -25.5 3.0026
    endloop
  endfacet
  facet normal 0 -1 -0
    outer loop
      vertex 7.33329 -25.5 3.70559
      vertex 6.91767 -25.5 2.92814
      vertex 7.4325 -25.5 3.64208
    endloop
  endfacet
  facet normal 0 -1 0
    outer loop
      vertex 7.04753 -25.5 2.85872
      vertex 7.4325 -25.5 3.64208
      vertex 6.91767 -25.5 2.92814
    endloop
  endfacet
  facet normal 0 -1 -0
    outer loop
      vertex 7.4325 -25.5 3.64208
      vertex 7.04753 -25.5 2.85872
      vertex 7.53414 -25.5 3.58251
    endloop
  endfacet
  facet normal 0 -1 0
    outer loop
      vertex 7.18003 -25.5 2.79446
      vertex 7.53414 -25.5 3.58251
      vertex 7.04753 -25.5 2.85872
    endloop
  endfacet
  facet normal 0 -1 -0
    outer loop
      vertex 7.53414 -25.5 3.58251
      vertex 7.18003 -25.5 2.79446
      vertex 7.63803 -25.5 3.52698
    endloop
  endfacet
  facet normal 0 -1 0
    outer loop
      vertex 7.31494 -25.5 2.73545
      vertex 7.63803 -25.5 3.52698
      vertex 7.18003 -25.5 2.79446
    endloop
  endfacet
  facet normal 0 -1 -0
    outer loop
      vertex 7.63803 -25.5 3.52698
      vertex 7.31494 -25.5 2.73545
      vertex 7.74402 -25.5 3.47557
    endloop
  endfacet
  facet normal 0 -1 0
    outer loop
      vertex 7.45206 -25.5 2.68178
      vertex 7.74402 -25.5 3.47557
      vertex 7.31494 -25.5 2.73545
    endloop
  endfacet
  facet normal 0 -1 -0
    outer loop
      vertex 7.74402 -25.5 3.47557
      vertex 7.45206 -25.5 2.68178
      vertex 7.85195 -25.5 3.42836
    endloop
  endfacet
  facet normal 0 -1 0
    outer loop
      vertex 7.59119 -25.5 2.63354
      vertex 7.85195 -25.5 3.42836
      vertex 7.45206 -25.5 2.68178
    endloop
  endfacet
  facet normal 0 -1 -0
    outer loop
      vertex 7.85195 -25.5 3.42836
      vertex 7.59119 -25.5 2.63354
      vertex 7.96165 -25.5 3.38543
    endloop
  endfacet
  facet normal 0 -1 0
    outer loop
      vertex 7.7321 -25.5 2.59079
      vertex 7.96165 -25.5 3.38543
      vertex 7.59119 -25.5 2.63354
    endloop
  endfacet
  facet normal 0 -1 -0
    outer loop
      vertex 7.96165 -25.5 3.38543
      vertex 7.7321 -25.5 2.59079
      vertex 8.07295 -25.5 3.34683
    endloop
  endfacet
  facet normal 0 -1 0
    outer loop
      vertex 7.87458 -25.5 2.55361
      vertex 8.07295 -25.5 3.34683
      vertex 7.7321 -25.5 2.59079
    endloop
  endfacet
  facet normal 0 -1 -0
    outer loop
      vertex 8.07295 -25.5 3.34683
      vertex 7.87458 -25.5 2.55361
      vertex 8.18568 -25.5 3.31263
    endloop
  endfacet
  facet normal 0 -1 0
    outer loop
      vertex 8.01841 -25.5 2.52205
      vertex 8.18568 -25.5 3.31263
      vertex 7.87458 -25.5 2.55361
    endloop
  endfacet
  facet normal 0 -1 -0
    outer loop
      vertex 8.18568 -25.5 3.31263
      vertex 8.01841 -25.5 2.52205
      vertex 8.29966 -25.5 3.28289
    endloop
  endfacet
  facet normal 0 -1 0
    outer loop
      vertex 8.16337 -25.5 2.49617
      vertex 8.29966 -25.5 3.28289
      vertex 8.01841 -25.5 2.52205
    endloop
  endfacet
  facet normal 0 -1 -0
    outer loop
      vertex 8.29966 -25.5 3.28289
      vertex 8.16337 -25.5 2.49617
      vertex 8.41473 -25.5 3.25764
    endloop
  endfacet
  facet normal 0 -1 0
    outer loop
      vertex 8.30923 -25.5 2.47599
      vertex 8.41473 -25.5 3.25764
      vertex 8.16337 -25.5 2.49617
    endloop
  endfacet
  facet normal 0 -1 -0
    outer loop
      vertex 8.41473 -25.5 3.25764
      vertex 8.30923 -25.5 2.47599
      vertex 8.5307 -25.5 3.23693
    endloop
  endfacet
  facet normal 0 -1 0
    outer loop
      vertex 8.45578 -25.5 2.46156
      vertex 8.5307 -25.5 3.23693
      vertex 8.30923 -25.5 2.47599
    endloop
  endfacet
  facet normal 0 -1 -0
    outer loop
      vertex 8.5307 -25.5 3.23693
      vertex 8.45578 -25.5 2.46156
      vertex 8.64739 -25.5 3.22079
    endloop
  endfacet
  facet normal 0 -1 0
    outer loop
      vertex 8.60278 -25.5 2.45289
      vertex 8.64739 -25.5 3.22079
      vertex 8.45578 -25.5 2.46156
    endloop
  endfacet
  facet normal 0 -1 -0
    outer loop
      vertex 8.64739 -25.5 3.22079
      vertex 8.60278 -25.5 2.45289
      vertex 8.76462 -25.5 3.20925
    endloop
  endfacet
  facet normal 0 -1 0
    outer loop
      vertex 8.75 -25.5 2.45
      vertex 8.76462 -25.5 3.20925
      vertex 8.60278 -25.5 2.45289
    endloop
  endfacet
  facet normal 0 -1 -0
    outer loop
      vertex 8.76462 -25.5 3.20925
      vertex 8.75 -25.5 2.45
      vertex 8.85828 -25.5 3.20372
    endloop
  endfacet
  facet normal 0 -1 -0
    outer loop
      vertex 8.85828 -25.5 3.20372
      vertex 8.75 -25.5 2.45
      vertex 8.85828 -25.5 2.45
    endloop
  endfacet
  facet normal 0.999807 0 0.0196267
    outer loop
      vertex 5 -25.5 6.2
      vertex 5.00289 -26.5284 6.05278
      vertex 5.00289 -25.5 6.05278
    endloop
  endfacet
  facet normal 0.999807 0 0.0196267
    outer loop
      vertex 5.00289 -26.5284 6.05278
      vertex 5 -25.5 6.2
      vertex 5 -26.529 6.2
    endloop
  endfacet
  facet normal 0.967599 0 0.252494
    outer loop
      vertex 5.10361 -25.5 5.32458
      vertex 5.14079 -26.5038 5.1821
      vertex 5.14079 -25.5 5.1821
    endloop
  endfacet
  facet normal 0.967599 0 0.252494
    outer loop
      vertex 5.14079 -26.5038 5.1821
      vertex 5.10361 -25.5 5.32458
      vertex 5.10361 -26.5105 5.32458
    endloop
  endfacet
  facet normal 0.995187 0 0.0979908
    outer loop
      vertex 5.01156 -25.5 5.90578
      vertex 5.02599 -26.5243 5.75923
      vertex 5.02599 -25.5 5.75923
    endloop
  endfacet
  facet normal 0.995187 0 0.0979908
    outer loop
      vertex 5.02599 -26.5243 5.75923
      vertex 5.01156 -25.5 5.90578
      vertex 5.01156 -26.5269 5.90578
    endloop
  endfacet
  facet normal 0.990565 0 0.137046
    outer loop
      vertex 5.02599 -25.5 5.75923
      vertex 5.04617 -26.5207 5.61337
      vertex 5.04617 -25.5 5.61337
    endloop
  endfacet
  facet normal 0.990565 0 0.137046
    outer loop
      vertex 5.04617 -26.5207 5.61337
      vertex 5.02599 -25.5 5.75923
      vertex 5.02599 -26.5243 5.75923
    endloop
  endfacet
  facet normal 0.995187 0 -0.0979908
    outer loop
      vertex 5.02599 -26.5243 6.64077
      vertex 5.01156 -25.5 6.49422
      vertex 5.02599 -25.5 6.64077
    endloop
  endfacet
  facet normal 0.995187 0 -0.0979908
    outer loop
      vertex 5.01156 -25.5 6.49422
      vertex 5.02599 -26.5243 6.64077
      vertex 5.01156 -26.5269 6.49422
    endloop
  endfacet
  facet normal 0.984434 0 -0.175753
    outer loop
      vertex 5.07205 -26.5161 6.93159
      vertex 5.04617 -25.5 6.78663
      vertex 5.07205 -25.5 6.93159
    endloop
  endfacet
  facet normal 0.984434 0 -0.175753
    outer loop
      vertex 5.04617 -25.5 6.78663
      vertex 5.07205 -26.5161 6.93159
      vertex 5.04617 -26.5207 6.78663
    endloop
  endfacet
  facet normal 0.364485 3.28285e-07 -0.931209
    outer loop
      vertex 7.31494 -25.5 9.66455
      vertex 7.45206 -25.9489 9.71822
      vertex 7.32889 -25.9863 9.67001
    endloop
  endfacet
  facet normal 0.364475 0 -0.931213
    outer loop
      vertex 7.31494 -25.5 9.66455
      vertex 7.32889 -25.9863 9.67001
      vertex 7.31494 -25.9899 9.66455
    endloop
  endfacet
  facet normal 0.364484 0 -0.93121
    outer loop
      vertex 7.45206 -25.9489 9.71822
      vertex 7.31494 -25.5 9.66455
      vertex 7.45206 -25.5 9.71822
    endloop
  endfacet
  facet normal 0.252494 0 -0.967599
    outer loop
      vertex 7.7321 -25.5 9.80921
      vertex 7.87458 -25.8208 9.84639
      vertex 7.7321 -25.864 9.80921
    endloop
  endfacet
  facet normal 0.252494 0 -0.967599
    outer loop
      vertex 7.87458 -25.8208 9.84639
      vertex 7.7321 -25.5 9.80921
      vertex 7.87458 -25.5 9.84639
    endloop
  endfacet
  facet normal 0.137046 0 -0.990565
    outer loop
      vertex 8.16337 -25.5 9.90383
      vertex 8.30923 -25.6889 9.92401
      vertex 8.16337 -25.7332 9.90383
    endloop
  endfacet
  facet normal 0.137046 0 -0.990565
    outer loop
      vertex 8.30923 -25.6889 9.92401
      vertex 8.16337 -25.5 9.90383
      vertex 8.30923 -25.5 9.92401
    endloop
  endfacet
  facet normal 0.539137 0 -0.842218
    outer loop
      vertex 6.66661 -25.5 9.31801
      vertex 6.79063 -26.1267 9.3974
      vertex 6.66661 -26.1591 9.31801
    endloop
  endfacet
  facet normal 0.539137 0 -0.842218
    outer loop
      vertex 6.79063 -26.1267 9.3974
      vertex 6.66661 -25.5 9.31801
      vertex 6.79063 -25.5 9.3974
    endloop
  endfacet
  facet normal 0.693083 0 -0.720858
    outer loop
      vertex 6.09835 -25.5 8.85165
      vertex 6.2045 -26.2756 8.95371
      vertex 6.09835 -26.2989 8.85165
    endloop
  endfacet
  facet normal 0.693083 0 -0.720858
    outer loop
      vertex 6.2045 -26.2756 8.95371
      vertex 6.09835 -25.5 8.85165
      vertex 6.2045 -25.5 8.95371
    endloop
  endfacet
  facet normal 0.603558 0 -0.797319
    outer loop
      vertex 6.4284 -25.5 9.14494
      vertex 6.5458 -26.1906 9.23381
      vertex 6.4284 -26.2213 9.14494
    endloop
  endfacet
  facet normal 0.603558 0 -0.797319
    outer loop
      vertex 6.5458 -26.1906 9.23381
      vertex 6.4284 -25.5 9.14494
      vertex 6.5458 -25.5 9.23381
    endloop
  endfacet
  facet normal 0.252494 0 0.967599
    outer loop
      vertex 7.7321 -25.5 2.59079
      vertex 7.87458 -25.8208 2.55361
      vertex 7.87458 -25.5 2.55361
    endloop
  endfacet
  facet normal 0.252494 0 0.967599
    outer loop
      vertex 7.87458 -25.8208 2.55361
      vertex 7.7321 -25.5 2.59079
      vertex 7.7321 -25.864 2.59079
    endloop
  endfacet
  facet normal 0.175753 0 0.984434
    outer loop
      vertex 8.01841 -25.5 2.52205
      vertex 8.16337 -25.7332 2.49617
      vertex 8.16337 -25.5 2.49617
    endloop
  endfacet
  facet normal 0.175753 0 0.984434
    outer loop
      vertex 8.16337 -25.7332 2.49617
      vertex 8.01841 -25.5 2.52205
      vertex 8.01841 -25.7771 2.52205
    endloop
  endfacet
  facet normal 0.0588773 0 0.998265
    outer loop
      vertex 8.45578 -25.5 2.46156
      vertex 8.60278 -25.5886 2.45289
      vertex 8.60278 -25.5 2.45289
    endloop
  endfacet
  facet normal 0.0588773 0 0.998265
    outer loop
      vertex 8.60278 -25.5886 2.45289
      vertex 8.45578 -25.5 2.46156
      vertex 8.45578 -25.6396 2.46156
    endloop
  endfacet
  facet normal 0.137046 0 0.990565
    outer loop
      vertex 8.16337 -25.5 2.49617
      vertex 8.30923 -25.6889 2.47599
      vertex 8.30923 -25.5 2.47599
    endloop
  endfacet
  facet normal 0.137046 0 0.990565
    outer loop
      vertex 8.30923 -25.6889 2.47599
      vertex 8.16337 -25.5 2.49617
      vertex 8.16337 -25.7332 2.49617
    endloop
  endfacet
  facet normal 0.400744 0 0.91619
    outer loop
      vertex 7.18003 -25.5 2.79446
      vertex 7.31494 -25.9899 2.73545
      vertex 7.31494 -25.5 2.73545
    endloop
  endfacet
  facet normal 0.400744 0 0.91619
    outer loop
      vertex 7.31494 -25.9899 2.73545
      vertex 7.18003 -25.5 2.79446
      vertex 7.18003 -26.0251 2.79446
    endloop
  endfacet
  facet normal 0.66425 0 0.74751
    outer loop
      vertex 6.2045 -25.5 3.44629
      vertex 6.31457 -26.251 3.34848
      vertex 6.31457 -25.5 3.34848
    endloop
  endfacet
  facet normal 0.664127 -3.21573e-05 0.747619
    outer loop
      vertex 6.31457 -26.251 3.34848
      vertex 6.2045 -25.5 3.44629
      vertex 6.30302 -26.254 3.35874
    endloop
  endfacet
  facet normal 0.664265 0 0.747497
    outer loop
      vertex 6.30302 -26.254 3.35874
      vertex 6.2045 -25.5 3.44629
      vertex 6.2045 -26.2756 3.44629
    endloop
  endfacet
  facet normal 0.842218 0 0.539137
    outer loop
      vertex 5.5526 -25.5 4.24063
      vertex 5.63199 -26.4012 4.11661
      vertex 5.63199 -25.5 4.11661
    endloop
  endfacet
  facet normal 0.842218 0 0.539137
    outer loop
      vertex 5.63199 -26.4012 4.11661
      vertex 5.5526 -25.5 4.24063
      vertex 5.5526 -26.4186 4.24063
    endloop
  endfacet
  facet normal 0.944819 0 0.327593
    outer loop
      vertex 5.18354 -25.5 5.04119
      vertex 5.23178 -26.4876 4.90206
      vertex 5.23178 -25.5 4.90206
    endloop
  endfacet
  facet normal 0.944819 0 0.327593
    outer loop
      vertex 5.23178 -26.4876 4.90206
      vertex 5.18354 -25.5 5.04119
      vertex 5.18354 -26.4962 5.04119
    endloop
  endfacet
  facet normal 0.95693 0 0.290318
    outer loop
      vertex 5.14079 -25.5 5.1821
      vertex 5.18354 -26.4962 5.04119
      vertex 5.18354 -25.5 5.04119
    endloop
  endfacet
  facet normal 0.95693 0 0.290318
    outer loop
      vertex 5.18354 -26.4962 5.04119
      vertex 5.14079 -25.5 5.1821
      vertex 5.14079 -26.5038 5.1821
    endloop
  endfacet
  facet normal 0.990565 0 -0.137046
    outer loop
      vertex 5.04617 -26.5207 6.78663
      vertex 5.02599 -25.5 6.64077
      vertex 5.04617 -25.5 6.78663
    endloop
  endfacet
  facet normal 0.990565 0 -0.137046
    outer loop
      vertex 5.02599 -25.5 6.64077
      vertex 5.04617 -26.5207 6.78663
      vertex 5.02599 -26.5243 6.64077
    endloop
  endfacet
  facet normal 0.967599 0 -0.252494
    outer loop
      vertex 5.14079 -26.5038 7.2179
      vertex 5.10361 -25.5 7.07542
      vertex 5.14079 -25.5 7.2179
    endloop
  endfacet
  facet normal 0.967599 0 -0.252494
    outer loop
      vertex 5.10361 -25.5 7.07542
      vertex 5.14079 -26.5038 7.2179
      vertex 5.10361 -26.5105 7.07542
    endloop
  endfacet
  facet normal 0.95693 0 -0.290318
    outer loop
      vertex 5.18354 -26.4962 7.35881
      vertex 5.14079 -25.5 7.2179
      vertex 5.18354 -25.5 7.35881
    endloop
  endfacet
  facet normal 0.95693 0 -0.290318
    outer loop
      vertex 5.14079 -25.5 7.2179
      vertex 5.18354 -26.4962 7.35881
      vertex 5.14079 -26.5038 7.2179
    endloop
  endfacet
  facet normal 0.820379 0 -0.57182
    outer loop
      vertex 5.71619 -26.3827 8.40419
      vertex 5.63199 -25.5 8.28339
      vertex 5.71619 -25.5 8.40419
    endloop
  endfacet
  facet normal 0.820379 0 -0.57182
    outer loop
      vertex 5.63199 -25.5 8.28339
      vertex 5.71619 -26.3827 8.40419
      vertex 5.63199 -26.4012 8.28339
    endloop
  endfacet
  facet normal 0.773003 0 -0.634402
    outer loop
      vertex 5.89848 -26.3427 8.63543
      vertex 5.80506 -25.5 8.5216
      vertex 5.89848 -25.5 8.63543
    endloop
  endfacet
  facet normal 0.773003 0 -0.634402
    outer loop
      vertex 5.80506 -25.5 8.5216
      vertex 5.89848 -26.3427 8.63543
      vertex 5.80506 -26.3632 8.5216
    endloop
  endfacet
  facet normal 0.74751 0 -0.66425
    outer loop
      vertex 5.99629 -26.3213 8.7455
      vertex 5.89848 -25.5 8.63543
      vertex 5.99629 -25.5 8.7455
    endloop
  endfacet
  facet normal 0.74751 0 -0.66425
    outer loop
      vertex 5.89848 -25.5 8.63543
      vertex 5.99629 -26.3213 8.7455
      vertex 5.89848 -26.3427 8.63543
    endloop
  endfacet
  facet normal 0.91619 0 -0.400744
    outer loop
      vertex 5.34446 -26.4643 7.76997
      vertex 5.28545 -25.5 7.63506
      vertex 5.34446 -25.5 7.76997
    endloop
  endfacet
  facet normal 0.91619 0 -0.400744
    outer loop
      vertex 5.28545 -25.5 7.63506
      vertex 5.34446 -26.4643 7.76997
      vertex 5.28545 -26.4772 7.63506
    endloop
  endfacet
  facet normal 0.93121 0 -0.364484
    outer loop
      vertex 5.28545 -26.4772 7.63506
      vertex 5.23178 -25.5 7.49794
      vertex 5.28545 -25.5 7.63506
    endloop
  endfacet
  facet normal 0.931228 7.40985e-06 -0.364438
    outer loop
      vertex 5.26744 -26.4812 7.58904
      vertex 5.23178 -25.5 7.49794
      vertex 5.28545 -26.4772 7.63506
    endloop
  endfacet
  facet normal 0.931201 0 -0.364507
    outer loop
      vertex 5.23178 -25.5 7.49794
      vertex 5.26744 -26.4812 7.58904
      vertex 5.23178 -26.4876 7.49794
    endloop
  endfacet
  facet normal 0.944819 0 -0.327593
    outer loop
      vertex 5.23178 -26.4876 7.49794
      vertex 5.18354 -25.5 7.35881
      vertex 5.23178 -25.5 7.49794
    endloop
  endfacet
  facet normal 0.944819 0 -0.327593
    outer loop
      vertex 5.18354 -25.5 7.35881
      vertex 5.23178 -26.4876 7.49794
      vertex 5.18354 -26.4962 7.35881
    endloop
  endfacet
  facet normal 0.327593 0 -0.944819
    outer loop
      vertex 7.45206 -25.5 9.71822
      vertex 7.59119 -25.9067 9.76646
      vertex 7.45206 -25.9489 9.71822
    endloop
  endfacet
  facet normal 0.327593 0 -0.944819
    outer loop
      vertex 7.59119 -25.9067 9.76646
      vertex 7.45206 -25.5 9.71822
      vertex 7.59119 -25.5 9.76646
    endloop
  endfacet
  facet normal 0.175819 0 -0.984423
    outer loop
      vertex 8.01841 -25.5 9.87794
      vertex 8.16337 -25.7332 9.90383
      vertex 8.01841 -25.7771 9.87794
    endloop
  endfacet
  facet normal 0.175819 0 -0.984423
    outer loop
      vertex 8.16337 -25.7332 9.90383
      vertex 8.01841 -25.5 9.87794
      vertex 8.16337 -25.5 9.90383
    endloop
  endfacet
  facet normal 0.50566 0 -0.862733
    outer loop
      vertex 6.79063 -25.5 9.3974
      vertex 6.91767 -26.0936 9.47186
      vertex 6.79063 -26.1267 9.3974
    endloop
  endfacet
  facet normal 0.50566 0 -0.862733
    outer loop
      vertex 6.91767 -26.0936 9.47186
      vertex 6.79063 -25.5 9.3974
      vertex 6.91767 -25.5 9.47186
    endloop
  endfacet
  facet normal 0.664127 -3.21573e-05 -0.747619
    outer loop
      vertex 6.2045 -25.5 8.95371
      vertex 6.31457 -26.251 9.05152
      vertex 6.30302 -26.254 9.04126
    endloop
  endfacet
  facet normal 0.664265 0 -0.747497
    outer loop
      vertex 6.2045 -25.5 8.95371
      vertex 6.30302 -26.254 9.04126
      vertex 6.2045 -26.2756 8.95371
    endloop
  endfacet
  facet normal 0.66425 0 -0.74751
    outer loop
      vertex 6.31457 -26.251 9.05152
      vertex 6.2045 -25.5 8.95371
      vertex 6.31457 -25.5 9.05152
    endloop
  endfacet
  facet normal 0.214327 0 0.976762
    outer loop
      vertex 7.87458 -25.5 2.55361
      vertex 8.01841 -25.7771 2.52205
      vertex 8.01841 -25.5 2.52205
    endloop
  endfacet
  facet normal 0.214327 0 0.976762
    outer loop
      vertex 8.01841 -25.7771 2.52205
      vertex 7.87458 -25.5 2.55361
      vertex 7.87458 -25.8208 2.55361
    endloop
  endfacet
  facet normal 0.0979908 0 0.995187
    outer loop
      vertex 8.30923 -25.5 2.47599
      vertex 8.45578 -25.6396 2.46156
      vertex 8.45578 -25.5 2.46156
    endloop
  endfacet
  facet normal 0.0979937 3.04412e-06 0.995187
    outer loop
      vertex 8.45578 -25.6396 2.46156
      vertex 8.30923 -25.5 2.47599
      vertex 8.34346 -25.6785 2.47262
    endloop
  endfacet
  facet normal 0.097978 0 0.995189
    outer loop
      vertex 8.34346 -25.6785 2.47262
      vertex 8.30923 -25.5 2.47599
      vertex 8.30923 -25.6889 2.47599
    endloop
  endfacet
  facet normal 0.327593 0 0.944819
    outer loop
      vertex 7.45206 -25.5 2.68178
      vertex 7.59119 -25.9067 2.63354
      vertex 7.59119 -25.5 2.63354
    endloop
  endfacet
  facet normal 0.327593 0 0.944819
    outer loop
      vertex 7.59119 -25.9067 2.63354
      vertex 7.45206 -25.5 2.68178
      vertex 7.45206 -25.9489 2.68178
    endloop
  endfacet
  facet normal 0.471441 0 0.881898
    outer loop
      vertex 6.91767 -25.5 2.92814
      vertex 7.04753 -26.0597 2.85872
      vertex 7.04753 -25.5 2.85872
    endloop
  endfacet
  facet normal 0.471441 0 0.881898
    outer loop
      vertex 7.04753 -26.0597 2.85872
      vertex 6.91767 -25.5 2.92814
      vertex 6.91767 -26.0936 2.92814
    endloop
  endfacet
  facet normal 0.364484 0 0.93121
    outer loop
      vertex 7.31494 -25.5 2.73545
      vertex 7.45206 -25.9489 2.68178
      vertex 7.45206 -25.5 2.68178
    endloop
  endfacet
  facet normal 0.364485 3.28285e-07 0.931209
    outer loop
      vertex 7.45206 -25.9489 2.68178
      vertex 7.31494 -25.5 2.73545
      vertex 7.32889 -25.9863 2.72999
    endloop
  endfacet
  facet normal 0.364475 0 0.931213
    outer loop
      vertex 7.32889 -25.9863 2.72999
      vertex 7.31494 -25.5 2.73545
      vertex 7.31494 -25.9899 2.73545
    endloop
  endfacet
  facet normal 0.43637 0 0.899767
    outer loop
      vertex 7.04753 -25.5 2.85872
      vertex 7.18003 -26.0251 2.79446
      vertex 7.18003 -25.5 2.79446
    endloop
  endfacet
  facet normal 0.43637 0 0.899767
    outer loop
      vertex 7.18003 -26.0251 2.79446
      vertex 7.04753 -25.5 2.85872
      vertex 7.04753 -26.0597 2.85872
    endloop
  endfacet
  facet normal 0.50566 0 0.862733
    outer loop
      vertex 6.79063 -25.5 3.0026
      vertex 6.91767 -26.0936 2.92814
      vertex 6.91767 -25.5 2.92814
    endloop
  endfacet
  facet normal 0.50566 0 0.862733
    outer loop
      vertex 6.91767 -26.0936 2.92814
      vertex 6.79063 -25.5 3.0026
      vertex 6.79063 -26.1267 3.0026
    endloop
  endfacet
  facet normal 0.720858 0 0.693083
    outer loop
      vertex 5.99629 -25.5 3.6545
      vertex 6.09835 -26.2989 3.54835
      vertex 6.09835 -25.5 3.54835
    endloop
  endfacet
  facet normal 0.720858 0 0.693083
    outer loop
      vertex 6.09835 -26.2989 3.54835
      vertex 5.99629 -25.5 3.6545
      vertex 5.99629 -26.3213 3.6545
    endloop
  endfacet
  facet normal 0.797319 0 0.603558
    outer loop
      vertex 5.71619 -25.5 3.9958
      vertex 5.80506 -26.3632 3.8784
      vertex 5.80506 -25.5 3.8784
    endloop
  endfacet
  facet normal 0.797319 0 0.603558
    outer loop
      vertex 5.80506 -26.3632 3.8784
      vertex 5.71619 -25.5 3.9958
      vertex 5.71619 -26.3827 3.9958
    endloop
  endfacet
  facet normal 0.603558 0 0.797319
    outer loop
      vertex 6.4284 -25.5 3.25506
      vertex 6.5458 -26.1906 3.16619
      vertex 6.5458 -25.5 3.16619
    endloop
  endfacet
  facet normal 0.603558 0 0.797319
    outer loop
      vertex 6.5458 -26.1906 3.16619
      vertex 6.4284 -25.5 3.25506
      vertex 6.4284 -26.2213 3.25506
    endloop
  endfacet
  facet normal 0.571789 0 0.820401
    outer loop
      vertex 6.5458 -25.5 3.16619
      vertex 6.66661 -26.1591 3.08199
      vertex 6.66661 -25.5 3.08199
    endloop
  endfacet
  facet normal 0.571789 0 0.820401
    outer loop
      vertex 6.66661 -26.1591 3.08199
      vertex 6.5458 -25.5 3.16619
      vertex 6.5458 -26.1906 3.16619
    endloop
  endfacet
  facet normal 0.899767 0 0.43637
    outer loop
      vertex 5.34446 -25.5 4.63003
      vertex 5.40872 -26.4502 4.49753
      vertex 5.40872 -25.5 4.49753
    endloop
  endfacet
  facet normal 0.899767 0 0.43637
    outer loop
      vertex 5.40872 -26.4502 4.49753
      vertex 5.34446 -25.5 4.63003
      vertex 5.34446 -26.4643 4.63003
    endloop
  endfacet
  facet normal 0.881898 0 0.471441
    outer loop
      vertex 5.40872 -25.5 4.49753
      vertex 5.47814 -26.435 4.36767
      vertex 5.47814 -25.5 4.36767
    endloop
  endfacet
  facet normal 0.881898 0 0.471441
    outer loop
      vertex 5.47814 -26.435 4.36767
      vertex 5.40872 -25.5 4.49753
      vertex 5.40872 -26.4502 4.49753
    endloop
  endfacet
  facet normal 0.862733 0 0.50566
    outer loop
      vertex 5.47814 -25.5 4.36767
      vertex 5.5526 -26.4186 4.24063
      vertex 5.5526 -25.5 4.24063
    endloop
  endfacet
  facet normal 0.862733 0 0.50566
    outer loop
      vertex 5.5526 -26.4186 4.24063
      vertex 5.47814 -25.5 4.36767
      vertex 5.47814 -26.435 4.36767
    endloop
  endfacet
  facet normal 0.93121 0 0.364484
    outer loop
      vertex 5.23178 -25.5 4.90206
      vertex 5.28545 -26.4772 4.76494
      vertex 5.28545 -25.5 4.76494
    endloop
  endfacet
  facet normal 0.931228 7.40985e-06 0.364438
    outer loop
      vertex 5.23178 -25.5 4.90206
      vertex 5.26744 -26.4812 4.81096
      vertex 5.28545 -26.4772 4.76494
    endloop
  endfacet
  facet normal 0.931201 0 0.364507
    outer loop
      vertex 5.26744 -26.4812 4.81096
      vertex 5.23178 -25.5 4.90206
      vertex 5.23178 -26.4876 4.90206
    endloop
  endfacet
  facet normal 0.984434 0 0.175753
    outer loop
      vertex 5.04617 -25.5 5.61337
      vertex 5.07205 -26.5161 5.46841
      vertex 5.07205 -25.5 5.46841
    endloop
  endfacet
  facet normal 0.984434 0 0.175753
    outer loop
      vertex 5.07205 -26.5161 5.46841
      vertex 5.04617 -25.5 5.61337
      vertex 5.04617 -26.5207 5.61337
    endloop
  endfacet
  facet normal 0.976762 0 -0.214327
    outer loop
      vertex 5.10361 -26.5105 7.07542
      vertex 5.07205 -25.5 6.93159
      vertex 5.10361 -25.5 7.07542
    endloop
  endfacet
  facet normal 0.976762 0 -0.214327
    outer loop
      vertex 5.07205 -25.5 6.93159
      vertex 5.10361 -26.5105 7.07542
      vertex 5.07205 -26.5161 6.93159
    endloop
  endfacet
  facet normal 0.881913 0 -0.471413
    outer loop
      vertex 5.47814 -26.435 8.03233
      vertex 5.40872 -25.5 7.90246
      vertex 5.47814 -25.5 8.03233
    endloop
  endfacet
  facet normal 0.881913 0 -0.471413
    outer loop
      vertex 5.40872 -25.5 7.90246
      vertex 5.47814 -26.435 8.03233
      vertex 5.40872 -26.4502 7.90246
    endloop
  endfacet
  facet normal 0.862733 0 -0.50566
    outer loop
      vertex 5.5526 -26.4186 8.15937
      vertex 5.47814 -25.5 8.03233
      vertex 5.5526 -25.5 8.15937
    endloop
  endfacet
  facet normal 0.862733 0 -0.50566
    outer loop
      vertex 5.47814 -25.5 8.03233
      vertex 5.5526 -26.4186 8.15937
      vertex 5.47814 -26.435 8.03233
    endloop
  endfacet
  facet normal 0.634402 0 0.773003
    outer loop
      vertex 6.31457 -25.5 3.34848
      vertex 6.4284 -26.2213 3.25506
      vertex 6.4284 -25.5 3.25506
    endloop
  endfacet
  facet normal 0.634402 0 0.773003
    outer loop
      vertex 6.4284 -26.2213 3.25506
      vertex 6.31457 -25.5 3.34848
      vertex 6.31457 -26.251 3.34848
    endloop
  endfacet
  facet normal 0.74751 0 0.66425
    outer loop
      vertex 5.89848 -25.5 3.76457
      vertex 5.99629 -26.3213 3.6545
      vertex 5.99629 -25.5 3.6545
    endloop
  endfacet
  facet normal 0.74751 0 0.66425
    outer loop
      vertex 5.99629 -26.3213 3.6545
      vertex 5.89848 -25.5 3.76457
      vertex 5.89848 -26.3427 3.76457
    endloop
  endfacet
  facet normal 0.693083 0 0.720858
    outer loop
      vertex 6.09835 -25.5 3.54835
      vertex 6.2045 -26.2756 3.44629
      vertex 6.2045 -25.5 3.44629
    endloop
  endfacet
  facet normal 0.693083 0 0.720858
    outer loop
      vertex 6.2045 -26.2756 3.44629
      vertex 6.09835 -25.5 3.54835
      vertex 6.09835 -26.2989 3.54835
    endloop
  endfacet
  facet normal 0.820401 0 0.571789
    outer loop
      vertex 5.63199 -25.5 4.11661
      vertex 5.71619 -26.3827 3.9958
      vertex 5.71619 -25.5 3.9958
    endloop
  endfacet
  facet normal 0.820401 0 0.571789
    outer loop
      vertex 5.71619 -26.3827 3.9958
      vertex 5.63199 -25.5 4.11661
      vertex 5.63199 -26.4012 4.11661
    endloop
  endfacet
  facet normal 0.995177 0.0980916 0
    outer loop
      vertex 26.9168 2.11839 11.5
      vertex 26.8128 3.17351 0
      vertex 26.8128 3.17351 11.5
    endloop
  endfacet
  facet normal 0.995177 0.0980916 0
    outer loop
      vertex 26.8128 3.17351 0
      vertex 26.9168 2.11839 11.5
      vertex 26.9168 2.11839 0
    endloop
  endfacet
  facet normal 0.999808 0.0196187 0
    outer loop
      vertex 27 0 11.5
      vertex 26.9792 1.06001 0
      vertex 26.9792 1.06001 11.5
    endloop
  endfacet
  facet normal 0.999808 0.0196187 0
    outer loop
      vertex 26.9792 1.06001 0
      vertex 27 0 11.5
      vertex 27 0 0
    endloop
  endfacet
  facet normal -0.999808 0.0196187 0
    outer loop
      vertex -27 0 0
      vertex -26.9792 1.06001 11.5
      vertex -26.9792 1.06001 0
    endloop
  endfacet
  facet normal -0.999808 0.0196187 0
    outer loop
      vertex -26.9792 1.06001 11.5
      vertex -27 0 0
      vertex -27 0 11.5
    endloop
  endfacet
  facet normal 0.0196187 0.999808 -0
    outer loop
      vertex 1.06001 26.9792 0
      vertex 0 27 11.5
      vertex 1.06001 26.9792 11.5
    endloop
  endfacet
  facet normal 0.0196187 0.999808 0
    outer loop
      vertex 0 27 11.5
      vertex 1.06001 26.9792 0
      vertex 0 27 0
    endloop
  endfacet
  facet normal 0.720882 0.693058 0
    outer loop
      vertex 19.8267 18.3276 11.5
      vertex 19.0919 19.0919 0
      vertex 19.0919 19.0919 11.5
    endloop
  endfacet
  facet normal 0.720882 0.693058 0
    outer loop
      vertex 19.0919 19.0919 0
      vertex 19.8267 18.3276 11.5
      vertex 19.8267 18.3276 0
    endloop
  endfacet
  facet normal -0.693058 0.720882 0
    outer loop
      vertex -18.3276 19.8267 0
      vertex -19.0919 19.0919 11.5
      vertex -18.3276 19.8267 11.5
    endloop
  endfacet
  facet normal -0.693058 0.720882 0
    outer loop
      vertex -19.0919 19.0919 11.5
      vertex -18.3276 19.8267 0
      vertex -19.0919 19.0919 0
    endloop
  endfacet
  facet normal -0.364522 0.931195 0
    outer loop
      vertex -9.34516 25.3312 0
      vertex -10.3325 24.9447 11.5
      vertex -9.34516 25.3312 11.5
    endloop
  endfacet
  facet normal -0.364522 0.931195 0
    outer loop
      vertex -10.3325 24.9447 11.5
      vertex -9.34516 25.3312 0
      vertex -10.3325 24.9447 0
    endloop
  endfacet
  facet normal 0.931195 0.364522 0
    outer loop
      vertex 25.3312 9.34516 11.5
      vertex 24.9447 10.3325 0
      vertex 24.9447 10.3325 11.5
    endloop
  endfacet
  facet normal 0.931195 0.364522 0
    outer loop
      vertex 24.9447 10.3325 0
      vertex 25.3312 9.34516 11.5
      vertex 25.3312 9.34516 0
    endloop
  endfacet
  facet normal -0.747477 0.664288 0
    outer loop
      vertex -20.531 17.5351 0
      vertex -19.8267 18.3276 11.5
      vertex -19.8267 18.3276 0
    endloop
  endfacet
  facet normal -0.747477 0.664288 0
    outer loop
      vertex -19.8267 18.3276 11.5
      vertex -20.531 17.5351 0
      vertex -20.531 17.5351 11.5
    endloop
  endfacet
  facet normal -0.175812 0.984424 0
    outer loop
      vertex -4.22373 26.6676 0
      vertex -5.26744 26.4812 11.5
      vertex -4.22373 26.6676 11.5
    endloop
  endfacet
  facet normal -0.175812 0.984424 0
    outer loop
      vertex -5.26744 26.4812 11.5
      vertex -4.22373 26.6676 0
      vertex -5.26744 26.4812 0
    endloop
  endfacet
  facet normal -0.747477 -0.664288 0
    outer loop
      vertex -19.8267 -18.3276 0
      vertex -20.531 -17.5351 11.5
      vertex -20.531 -17.5351 0
    endloop
  endfacet
  facet normal -0.747477 -0.664288 0
    outer loop
      vertex -20.531 -17.5351 11.5
      vertex -19.8267 -18.3276 0
      vertex -19.8267 -18.3276 11.5
    endloop
  endfacet
  facet normal -0.944823 -0.32758 0
    outer loop
      vertex -25.3312 -9.34516 0
      vertex -25.6785 -8.34346 11.5
      vertex -25.6785 -8.34346 0
    endloop
  endfacet
  facet normal -0.944823 -0.32758 0
    outer loop
      vertex -25.6785 -8.34346 11.5
      vertex -25.3312 -9.34516 0
      vertex -25.3312 -9.34516 11.5
    endloop
  endfacet
  facet normal 0.990577 0.136954 0
    outer loop
      vertex 26.8128 3.17351 11.5
      vertex 26.6676 4.22373 0
      vertex 26.6676 4.22373 11.5
    endloop
  endfacet
  facet normal 0.990577 0.136954 0
    outer loop
      vertex 26.6676 4.22373 0
      vertex 26.8128 3.17351 11.5
      vertex 26.8128 3.17351 0
    endloop
  endfacet
  facet normal 0.84221 0.53915 0
    outer loop
      vertex 23.0213 14.1075 11.5
      vertex 22.4497 15.0004 0
      vertex 22.4497 15.0004 11.5
    endloop
  endfacet
  facet normal 0.84221 0.53915 0
    outer loop
      vertex 22.4497 15.0004 0
      vertex 23.0213 14.1075 11.5
      vertex 23.0213 14.1075 0
    endloop
  endfacet
  facet normal 0.290314 0.956932 -0
    outer loop
      vertex 8.34346 25.6785 0
      vertex 7.32889 25.9863 11.5
      vertex 8.34346 25.6785 11.5
    endloop
  endfacet
  facet normal 0.290314 0.956932 0
    outer loop
      vertex 7.32889 25.9863 11.5
      vertex 8.34346 25.6785 0
      vertex 7.32889 25.9863 0
    endloop
  endfacet
  facet normal 0.32758 0.944823 -0
    outer loop
      vertex 9.34516 25.3312 0
      vertex 8.34346 25.6785 11.5
      vertex 9.34516 25.3312 11.5
    endloop
  endfacet
  facet normal 0.32758 0.944823 0
    outer loop
      vertex 8.34346 25.6785 11.5
      vertex 9.34516 25.3312 0
      vertex 8.34346 25.6785 0
    endloop
  endfacet
  facet normal 0.436429 0.899739 -0
    outer loop
      vertex 12.2577 24.0572 0
      vertex 11.3038 24.5199 11.5
      vertex 12.2577 24.0572 11.5
    endloop
  endfacet
  facet normal 0.436429 0.899739 0
    outer loop
      vertex 11.3038 24.5199 11.5
      vertex 12.2577 24.0572 0
      vertex 11.3038 24.5199 0
    endloop
  endfacet
  facet normal 0.603571 0.797309 -0
    outer loop
      vertex 16.7155 21.2036 0
      vertex 15.8702 21.8435 11.5
      vertex 16.7155 21.2036 11.5
    endloop
  endfacet
  facet normal 0.603571 0.797309 0
    outer loop
      vertex 15.8702 21.8435 11.5
      vertex 16.7155 21.2036 0
      vertex 15.8702 21.8435 0
    endloop
  endfacet
  facet normal -0.956932 0.290314 0
    outer loop
      vertex -25.9863 7.32889 0
      vertex -25.6785 8.34346 11.5
      vertex -25.6785 8.34346 0
    endloop
  endfacet
  facet normal -0.956932 0.290314 0
    outer loop
      vertex -25.6785 8.34346 11.5
      vertex -25.9863 7.32889 0
      vertex -25.9863 7.32889 11.5
    endloop
  endfacet
  facet normal -0.773024 0.634377 0
    outer loop
      vertex -21.2036 16.7155 0
      vertex -20.531 17.5351 11.5
      vertex -20.531 17.5351 0
    endloop
  endfacet
  facet normal -0.773024 0.634377 0
    outer loop
      vertex -20.531 17.5351 11.5
      vertex -21.2036 16.7155 0
      vertex -21.2036 16.7155 11.5
    endloop
  endfacet
  facet normal -0.944823 0.32758 0
    outer loop
      vertex -25.6785 8.34346 0
      vertex -25.3312 9.34516 11.5
      vertex -25.3312 9.34516 0
    endloop
  endfacet
  facet normal -0.944823 0.32758 0
    outer loop
      vertex -25.3312 9.34516 11.5
      vertex -25.6785 8.34346 0
      vertex -25.6785 8.34346 11.5
    endloop
  endfacet
  facet normal -0.505647 0.862741 0
    outer loop
      vertex -13.1928 23.5574 0
      vertex -14.1075 23.0213 11.5
      vertex -13.1928 23.5574 11.5
    endloop
  endfacet
  facet normal -0.505647 0.862741 0
    outer loop
      vertex -14.1075 23.0213 11.5
      vertex -13.1928 23.5574 0
      vertex -14.1075 23.0213 0
    endloop
  endfacet
  facet normal -0.471381 0.88193 0
    outer loop
      vertex -12.2577 24.0572 0
      vertex -13.1928 23.5574 11.5
      vertex -12.2577 24.0572 11.5
    endloop
  endfacet
  facet normal -0.471381 0.88193 0
    outer loop
      vertex -13.1928 23.5574 11.5
      vertex -12.2577 24.0572 0
      vertex -13.1928 23.5574 0
    endloop
  endfacet
  facet normal 0.956932 -0.290314 0
    outer loop
      vertex 25.6785 -8.34346 11.5
      vertex 25.9863 -7.32889 0
      vertex 25.9863 -7.32889 11.5
    endloop
  endfacet
  facet normal 0.956932 -0.290314 0
    outer loop
      vertex 25.9863 -7.32889 0
      vertex 25.6785 -8.34346 11.5
      vertex 25.6785 -8.34346 0
    endloop
  endfacet
  facet normal 0.136954 -0.990577 0
    outer loop
      vertex 3.17351 -26.8128 0
      vertex 4.22373 -26.6676 11.5
      vertex 3.17351 -26.8128 11.5
    endloop
  endfacet
  facet normal 0.136954 -0.990577 0
    outer loop
      vertex 4.22373 -26.6676 11.5
      vertex 3.17351 -26.8128 0
      vertex 4.22373 -26.6676 0
    endloop
  endfacet
  facet normal 0.364522 -0.931195 0
    outer loop
      vertex 9.34516 -25.3312 0
      vertex 10.3325 -24.9447 3.2
      vertex 9.34516 -25.3312 3.2
    endloop
  endfacet
  facet normal 0.364522 -0.931195 0
    outer loop
      vertex 10.3325 -24.9447 3.2
      vertex 9.34516 -25.3312 0
      vertex 10.3325 -24.9447 0
    endloop
  endfacet
  facet normal 0.364522 -0.931195 0
    outer loop
      vertex 9.34516 -25.3312 9.2
      vertex 10.3325 -24.9447 11.5
      vertex 9.34516 -25.3312 11.5
    endloop
  endfacet
  facet normal 0.364522 -0.931195 0
    outer loop
      vertex 10.3325 -24.9447 11.5
      vertex 9.34516 -25.3312 9.2
      vertex 10.3325 -24.9447 9.2
    endloop
  endfacet
  facet normal 0.693058 -0.720882 0
    outer loop
      vertex 18.3276 -19.8267 8.0918
      vertex 19.0919 -19.0919 11.5
      vertex 18.3276 -19.8267 11.5
    endloop
  endfacet
  facet normal 0.692978 -0.720959 3.45115e-05
    outer loop
      vertex 18.3559 -19.7995 8.05728
      vertex 19.0919 -19.0919 11.5
      vertex 18.3276 -19.8267 8.0918
    endloop
  endfacet
  facet normal 0.692846 -0.721086 8.88488e-05
    outer loop
      vertex 18.4271 -19.7311 7.96336
      vertex 19.0919 -19.0919 11.5
      vertex 18.3559 -19.7995 8.05728
    endloop
  endfacet
  facet normal 0.693492 -0.720464 -0.000145109
    outer loop
      vertex 18.4944 -19.6663 7.86671
      vertex 19.0919 -19.0919 11.5
      vertex 18.4271 -19.7311 7.96336
    endloop
  endfacet
  facet normal 0.692823 -0.721108 6.68909e-05
    outer loop
      vertex 18.5579 -19.6053 7.7675
      vertex 19.0919 -19.0919 11.5
      vertex 18.4944 -19.6663 7.86671
    endloop
  endfacet
  facet normal 0.693061 -0.720879 1.14618e-06
    outer loop
      vertex 18.6175 -19.548 7.66586
      vertex 19.0919 -19.0919 11.5
      vertex 18.5579 -19.6053 7.7675
    endloop
  endfacet
  facet normal 0.69329 -0.720658 -5.33729e-05
    outer loop
      vertex 18.673 -19.4946 7.56197
      vertex 19.0919 -19.0919 11.5
      vertex 18.6175 -19.548 7.66586
    endloop
  endfacet
  facet normal 0.692957 -0.720979 1.49563e-05
    outer loop
      vertex 18.7244 -19.4452 7.45598
      vertex 19.0919 -19.0919 11.5
      vertex 18.673 -19.4946 7.56197
    endloop
  endfacet
  facet normal 0.693198 -0.720747 -2.7324e-05
    outer loop
      vertex 18.7716 -19.3998 7.34805
      vertex 19.0919 -19.0919 11.5
      vertex 18.7244 -19.4452 7.45598
    endloop
  endfacet
  facet normal 0.692757 -0.721171 3.8173e-05
    outer loop
      vertex 18.8146 -19.3585 7.23835
      vertex 19.0919 -19.0919 11.5
      vertex 18.7716 -19.3998 7.34805
    endloop
  endfacet
  facet normal 0.692976 -0.720961 1.08128e-05
    outer loop
      vertex 18.8532 -19.3214 7.12705
      vertex 19.0919 -19.0919 11.5
      vertex 18.8146 -19.3585 7.23835
    endloop
  endfacet
  facet normal 0.693247 -0.7207 -1.76843e-05
    outer loop
      vertex 18.8874 -19.2885 7.01432
      vertex 19.0919 -19.0919 11.5
      vertex 18.8532 -19.3214 7.12705
    endloop
  endfacet
  facet normal 0.693553 -0.720406 -4.45497e-05
    outer loop
      vertex 18.9171 -19.2599 6.90034
      vertex 19.0919 -19.0919 11.5
      vertex 18.8874 -19.2885 7.01432
    endloop
  endfacet
  facet normal 0.691477 -0.722398 0.000107127
    outer loop
      vertex 18.9424 -19.2357 6.78527
      vertex 19.0919 -19.0919 11.5
      vertex 18.9171 -19.2599 6.90034
    endloop
  endfacet
  facet normal 0.6946 -0.719396 -8.3499e-05
    outer loop
      vertex 18.9631 -19.2157 6.6693
      vertex 19.0919 -19.0919 11.5
      vertex 18.9424 -19.2357 6.78527
    endloop
  endfacet
  facet normal 0.693462 -0.720494 -2.49988e-05
    outer loop
      vertex 18.9792 -19.2002 6.55261
      vertex 19.0919 -19.0919 11.5
      vertex 18.9631 -19.2157 6.6693
    endloop
  endfacet
  facet normal 0.691651 -0.722232 5.43197e-05
    outer loop
      vertex 18.9908 -19.1891 6.43538
      vertex 19.0919 -19.0919 11.5
      vertex 18.9792 -19.2002 6.55261
    endloop
  endfacet
  facet normal 0.691692 -0.722193 5.27359e-05
    outer loop
      vertex 18.9977 -19.1825 6.31778
      vertex 19.0919 -19.0919 11.5
      vertex 18.9908 -19.1891 6.43538
    endloop
  endfacet
  facet normal 0.700502 -0.71365 -0.000256758
    outer loop
      vertex 19 -19.1802 6.2
      vertex 19.0919 -19.0919 11.5
      vertex 18.9977 -19.1825 6.31778
    endloop
  endfacet
  facet normal 0.693058 -0.720882 0
    outer loop
      vertex 19.0919 -19.0919 0
      vertex 18.3276 -19.8267 4.3082
      vertex 18.3276 -19.8267 0
    endloop
  endfacet
  facet normal 0.692974 -0.720962 -2.85846e-05
    outer loop
      vertex 18.3276 -19.8267 4.3082
      vertex 19.0919 -19.0919 0
      vertex 18.3559 -19.7995 4.34272
    endloop
  endfacet
  facet normal 0.692835 -0.721096 -7.38008e-05
    outer loop
      vertex 18.3559 -19.7995 4.34272
      vertex 19.0919 -19.0919 0
      vertex 18.4271 -19.7311 4.43664
    endloop
  endfacet
  facet normal 0.69351 -0.720447 0.000120882
    outer loop
      vertex 18.4271 -19.7311 4.43664
      vertex 19.0919 -19.0919 0
      vertex 18.4944 -19.6663 4.53329
    endloop
  endfacet
  facet normal 0.692814 -0.721117 -5.58793e-05
    outer loop
      vertex 18.4944 -19.6663 4.53329
      vertex 19.0919 -19.0919 0
      vertex 18.5579 -19.6053 4.6325
    endloop
  endfacet
  facet normal 0.693061 -0.720879 -9.60087e-07
    outer loop
      vertex 18.5579 -19.6053 4.6325
      vertex 19.0919 -19.0919 0
      vertex 18.6175 -19.548 4.73414
    endloop
  endfacet
  facet normal 0.693299 -0.72065 4.48284e-05
    outer loop
      vertex 18.6175 -19.548 4.73414
      vertex 19.0919 -19.0919 0
      vertex 18.673 -19.4946 4.83803
    endloop
  endfacet
  facet normal 0.692954 -0.720982 -1.25955e-05
    outer loop
      vertex 18.673 -19.4946 4.83803
      vertex 19.0919 -19.0919 0
      vertex 18.7244 -19.4452 4.94402
    endloop
  endfacet
  facet normal 0.693203 -0.720742 2.30724e-05
    outer loop
      vertex 18.7244 -19.4452 4.94402
      vertex 19.0919 -19.0919 0
      vertex 18.7716 -19.3998 5.05195
    endloop
  endfacet
  facet normal 0.692749 -0.721179 -3.23196e-05
    outer loop
      vertex 18.7716 -19.3998 5.05195
      vertex 19.0919 -19.0919 0
      vertex 18.8146 -19.3585 5.16165
    endloop
  endfacet
  facet normal 0.692973 -0.720963 -9.18033e-06
    outer loop
      vertex 18.8146 -19.3585 5.16165
      vertex 19.0919 -19.0919 0
      vertex 18.8532 -19.3214 5.27295
    endloop
  endfacet
  facet normal 0.693251 -0.720696 1.50577e-05
    outer loop
      vertex 18.8532 -19.3214 5.27295
      vertex 19.0919 -19.0919 0
      vertex 18.8874 -19.2885 5.38568
    endloop
  endfacet
  facet normal 0.693566 -0.720393 3.80512e-05
    outer loop
      vertex 18.8874 -19.2885 5.38568
      vertex 19.0919 -19.0919 0
      vertex 18.9171 -19.2599 5.49966
    endloop
  endfacet
  facet normal 0.691441 -0.722433 -9.1815e-05
    outer loop
      vertex 18.9171 -19.2599 5.49966
      vertex 19.0919 -19.0919 0
      vertex 18.9424 -19.2357 5.61473
    endloop
  endfacet
  facet normal 0.694634 -0.719363 7.18488e-05
    outer loop
      vertex 18.9424 -19.2357 5.61473
      vertex 19.0919 -19.0919 0
      vertex 18.9631 -19.2157 5.7307
    endloop
  endfacet
  facet normal 0.692842 -0.721089 0
    outer loop
      vertex 19 -19.1802 6.2
      vertex 19.0919 -19.0919 0
      vertex 19.0919 -19.0919 11.5
    endloop
  endfacet
  facet normal 0.701054 -0.713108 0.000235391
    outer loop
      vertex 18.9977 -19.1825 6.08222
      vertex 19.0919 -19.0919 0
      vertex 19 -19.1802 6.2
    endloop
  endfacet
  facet normal 0.691637 -0.722245 -4.65655e-05
    outer loop
      vertex 18.9908 -19.1891 5.96462
      vertex 19.0919 -19.0919 0
      vertex 18.9977 -19.1825 6.08222
    endloop
  endfacet
  facet normal 0.691614 -0.722268 -4.73244e-05
    outer loop
      vertex 18.9792 -19.2002 5.84739
      vertex 19.0919 -19.0919 0
      vertex 18.9908 -19.1891 5.96462
    endloop
  endfacet
  facet normal 0.693474 -0.720481 2.16224e-05
    outer loop
      vertex 18.9631 -19.2157 5.7307
      vertex 19.0919 -19.0919 0
      vertex 18.9792 -19.2002 5.84739
    endloop
  endfacet
  facet normal 0.53915 -0.84221 0
    outer loop
      vertex 14.1075 -23.0213 0
      vertex 15.0004 -22.4497 3.2
      vertex 14.1075 -23.0213 3.2
    endloop
  endfacet
  facet normal 0.53915 -0.84221 0
    outer loop
      vertex 15.0004 -22.4497 3.2
      vertex 14.1075 -23.0213 0
      vertex 15.0004 -22.4497 0
    endloop
  endfacet
  facet normal 0.53915 -0.84221 0
    outer loop
      vertex 14.1075 -23.0213 9.2
      vertex 15.0004 -22.4497 11.5
      vertex 14.1075 -23.0213 11.5
    endloop
  endfacet
  facet normal 0.53915 -0.84221 0
    outer loop
      vertex 15.0004 -22.4497 11.5
      vertex 14.1075 -23.0213 9.2
      vertex 15.0004 -22.4497 9.2
    endloop
  endfacet
  facet normal 0.773024 -0.634377 0
    outer loop
      vertex 20.531 -17.5351 11.5
      vertex 21.2036 -16.7155 0
      vertex 21.2036 -16.7155 11.5
    endloop
  endfacet
  facet normal 0.773024 -0.634377 0
    outer loop
      vertex 21.2036 -16.7155 0
      vertex 20.531 -17.5351 11.5
      vertex 20.531 -17.5351 0
    endloop
  endfacet
  facet normal 0.899739 -0.436429 0
    outer loop
      vertex 24.0572 -12.2577 11.5
      vertex 24.5199 -11.3038 0
      vertex 24.5199 -11.3038 11.5
    endloop
  endfacet
  facet normal 0.899739 -0.436429 0
    outer loop
      vertex 24.5199 -11.3038 0
      vertex 24.0572 -12.2577 11.5
      vertex 24.0572 -12.2577 0
    endloop
  endfacet
  facet normal 0.995177 -0.0980916 0
    outer loop
      vertex 26.8128 -3.17351 11.5
      vertex 26.9168 -2.11839 0
      vertex 26.9168 -2.11839 11.5
    endloop
  endfacet
  facet normal 0.995177 -0.0980916 0
    outer loop
      vertex 26.9168 -2.11839 0
      vertex 26.8128 -3.17351 11.5
      vertex 26.8128 -3.17351 0
    endloop
  endfacet
  facet normal -0.634377 -0.773024 0
    outer loop
      vertex -17.5351 -20.531 0
      vertex -16.7155 -21.2036 11.5
      vertex -17.5351 -20.531 11.5
    endloop
  endfacet
  facet normal -0.634377 -0.773024 -0
    outer loop
      vertex -16.7155 -21.2036 11.5
      vertex -17.5351 -20.531 0
      vertex -16.7155 -21.2036 0
    endloop
  endfacet
  facet normal -0.436429 -0.899739 0
    outer loop
      vertex -12.2577 -24.0572 0
      vertex -11.3038 -24.5199 11.5
      vertex -12.2577 -24.0572 11.5
    endloop
  endfacet
  facet normal -0.436429 -0.899739 -0
    outer loop
      vertex -11.3038 -24.5199 11.5
      vertex -12.2577 -24.0572 0
      vertex -11.3038 -24.5199 0
    endloop
  endfacet
  facet normal -0.175812 -0.984424 0
    outer loop
      vertex -5.26744 -26.4812 0
      vertex -4.22373 -26.6676 11.5
      vertex -5.26744 -26.4812 11.5
    endloop
  endfacet
  facet normal -0.175812 -0.984424 -0
    outer loop
      vertex -4.22373 -26.6676 11.5
      vertex -5.26744 -26.4812 0
      vertex -4.22373 -26.6676 0
    endloop
  endfacet
  facet normal -0.956932 -0.290314 0
    outer loop
      vertex -25.6785 -8.34346 0
      vertex -25.9863 -7.32889 11.5
      vertex -25.9863 -7.32889 0
    endloop
  endfacet
  facet normal -0.956932 -0.290314 0
    outer loop
      vertex -25.9863 -7.32889 11.5
      vertex -25.6785 -8.34346 0
      vertex -25.6785 -8.34346 11.5
    endloop
  endfacet
  facet normal 0.998266 0.0588558 0
    outer loop
      vertex 26.9792 1.06001 11.5
      vertex 26.9168 2.11839 0
      vertex 26.9168 2.11839 11.5
    endloop
  endfacet
  facet normal 0.998266 0.0588558 0
    outer loop
      vertex 26.9168 2.11839 0
      vertex 26.9792 1.06001 11.5
      vertex 26.9792 1.06001 0
    endloop
  endfacet
  facet normal 0.984424 0.175812 0
    outer loop
      vertex 26.6676 4.22373 11.5
      vertex 26.4812 5.26744 0
      vertex 26.4812 5.26744 11.5
    endloop
  endfacet
  facet normal 0.984424 0.175812 0
    outer loop
      vertex 26.4812 5.26744 0
      vertex 26.6676 4.22373 11.5
      vertex 26.6676 4.22373 0
    endloop
  endfacet
  facet normal 0.976769 0.214297 0
    outer loop
      vertex 26.4812 5.26744 11.5
      vertex 26.254 6.30302 0
      vertex 26.254 6.30302 11.5
    endloop
  endfacet
  facet normal 0.976769 0.214297 0
    outer loop
      vertex 26.254 6.30302 0
      vertex 26.4812 5.26744 11.5
      vertex 26.4812 5.26744 0
    endloop
  endfacet
  facet normal 0.944823 0.32758 0
    outer loop
      vertex 25.6785 8.34346 11.5
      vertex 25.3312 9.34516 0
      vertex 25.3312 9.34516 11.5
    endloop
  endfacet
  facet normal 0.944823 0.32758 0
    outer loop
      vertex 25.3312 9.34516 0
      vertex 25.6785 8.34346 11.5
      vertex 25.6785 8.34346 0
    endloop
  endfacet
  facet normal 0.773024 0.634377 0
    outer loop
      vertex 21.2036 16.7155 11.5
      vertex 20.531 17.5351 0
      vertex 20.531 17.5351 11.5
    endloop
  endfacet
  facet normal 0.773024 0.634377 0
    outer loop
      vertex 20.531 17.5351 0
      vertex 21.2036 16.7155 11.5
      vertex 21.2036 16.7155 0
    endloop
  endfacet
  facet normal 0.747477 0.664288 0
    outer loop
      vertex 20.531 17.5351 11.5
      vertex 19.8267 18.3276 0
      vertex 19.8267 18.3276 11.5
    endloop
  endfacet
  facet normal 0.747477 0.664288 0
    outer loop
      vertex 19.8267 18.3276 0
      vertex 20.531 17.5351 11.5
      vertex 20.531 17.5351 0
    endloop
  endfacet
  facet normal 0.899739 0.436429 0
    outer loop
      vertex 24.5199 11.3038 11.5
      vertex 24.0572 12.2577 0
      vertex 24.0572 12.2577 11.5
    endloop
  endfacet
  facet normal 0.899739 0.436429 0
    outer loop
      vertex 24.0572 12.2577 0
      vertex 24.5199 11.3038 11.5
      vertex 24.5199 11.3038 0
    endloop
  endfacet
  facet normal 0.862741 0.505647 0
    outer loop
      vertex 23.5574 13.1928 11.5
      vertex 23.0213 14.1075 0
      vertex 23.0213 14.1075 11.5
    endloop
  endfacet
  facet normal 0.862741 0.505647 0
    outer loop
      vertex 23.0213 14.1075 0
      vertex 23.5574 13.1928 11.5
      vertex 23.5574 13.1928 0
    endloop
  endfacet
  facet normal 0.88193 0.471381 0
    outer loop
      vertex 24.0572 12.2577 11.5
      vertex 23.5574 13.1928 0
      vertex 23.5574 13.1928 11.5
    endloop
  endfacet
  facet normal 0.88193 0.471381 0
    outer loop
      vertex 23.5574 13.1928 0
      vertex 24.0572 12.2577 11.5
      vertex 24.0572 12.2577 0
    endloop
  endfacet
  facet normal 0.364522 0.931195 -0
    outer loop
      vertex 10.3325 24.9447 0
      vertex 9.34516 25.3312 11.5
      vertex 10.3325 24.9447 11.5
    endloop
  endfacet
  facet normal 0.364522 0.931195 0
    outer loop
      vertex 9.34516 25.3312 11.5
      vertex 10.3325 24.9447 0
      vertex 9.34516 25.3312 0
    endloop
  endfacet
  facet normal 0.214297 0.976769 -0
    outer loop
      vertex 6.30302 26.254 0
      vertex 5.26744 26.4812 11.5
      vertex 6.30302 26.254 11.5
    endloop
  endfacet
  facet normal 0.214297 0.976769 0
    outer loop
      vertex 5.26744 26.4812 11.5
      vertex 6.30302 26.254 0
      vertex 5.26744 26.4812 0
    endloop
  endfacet
  facet normal 0.175812 0.984424 -0
    outer loop
      vertex 5.26744 26.4812 0
      vertex 4.22373 26.6676 11.5
      vertex 5.26744 26.4812 11.5
    endloop
  endfacet
  facet normal 0.175812 0.984424 0
    outer loop
      vertex 4.22373 26.6676 11.5
      vertex 5.26744 26.4812 0
      vertex 4.22373 26.6676 0
    endloop
  endfacet
  facet normal 0.136954 0.990577 -0
    outer loop
      vertex 4.22373 26.6676 0
      vertex 3.17351 26.8128 11.5
      vertex 4.22373 26.6676 11.5
    endloop
  endfacet
  facet normal 0.136954 0.990577 0
    outer loop
      vertex 3.17351 26.8128 11.5
      vertex 4.22373 26.6676 0
      vertex 3.17351 26.8128 0
    endloop
  endfacet
  facet normal 0.0588558 0.998266 -0
    outer loop
      vertex 2.11839 26.9168 0
      vertex 1.06001 26.9792 11.5
      vertex 2.11839 26.9168 11.5
    endloop
  endfacet
  facet normal 0.0588558 0.998266 0
    outer loop
      vertex 1.06001 26.9792 11.5
      vertex 2.11839 26.9168 0
      vertex 1.06001 26.9792 0
    endloop
  endfacet
  facet normal 0.53915 0.84221 -0
    outer loop
      vertex 15.0004 22.4497 0
      vertex 14.1075 23.0213 11.5
      vertex 15.0004 22.4497 11.5
    endloop
  endfacet
  facet normal 0.53915 0.84221 0
    outer loop
      vertex 14.1075 23.0213 11.5
      vertex 15.0004 22.4497 0
      vertex 14.1075 23.0213 0
    endloop
  endfacet
  facet normal 0.505647 0.862741 -0
    outer loop
      vertex 14.1075 23.0213 0
      vertex 13.1928 23.5574 11.5
      vertex 14.1075 23.0213 11.5
    endloop
  endfacet
  facet normal 0.505647 0.862741 0
    outer loop
      vertex 13.1928 23.5574 11.5
      vertex 14.1075 23.0213 0
      vertex 13.1928 23.5574 0
    endloop
  endfacet
  facet normal 0.471381 0.88193 -0
    outer loop
      vertex 13.1928 23.5574 0
      vertex 12.2577 24.0572 11.5
      vertex 13.1928 23.5574 11.5
    endloop
  endfacet
  facet normal 0.471381 0.88193 0
    outer loop
      vertex 12.2577 24.0572 11.5
      vertex 13.1928 23.5574 0
      vertex 12.2577 24.0572 0
    endloop
  endfacet
  facet normal 0.693058 0.720882 -0
    outer loop
      vertex 19.0919 19.0919 0
      vertex 18.3276 19.8267 11.5
      vertex 19.0919 19.0919 11.5
    endloop
  endfacet
  facet normal 0.693058 0.720882 0
    outer loop
      vertex 18.3276 19.8267 11.5
      vertex 19.0919 19.0919 0
      vertex 18.3276 19.8267 0
    endloop
  endfacet
  facet normal 0.634377 0.773024 -0
    outer loop
      vertex 17.5351 20.531 0
      vertex 16.7155 21.2036 11.5
      vertex 17.5351 20.531 11.5
    endloop
  endfacet
  facet normal 0.634377 0.773024 0
    outer loop
      vertex 16.7155 21.2036 11.5
      vertex 17.5351 20.531 0
      vertex 16.7155 21.2036 0
    endloop
  endfacet
  facet normal 0.664288 0.747477 -0
    outer loop
      vertex 18.3276 19.8267 0
      vertex 17.5351 20.531 11.5
      vertex 18.3276 19.8267 11.5
    endloop
  endfacet
  facet normal 0.664288 0.747477 0
    outer loop
      vertex 17.5351 20.531 11.5
      vertex 18.3276 19.8267 0
      vertex 17.5351 20.531 0
    endloop
  endfacet
  facet normal -0.720882 0.693058 0
    outer loop
      vertex -19.8267 18.3276 0
      vertex -19.0919 19.0919 11.5
      vertex -19.0919 19.0919 0
    endloop
  endfacet
  facet normal -0.720882 0.693058 0
    outer loop
      vertex -19.0919 19.0919 11.5
      vertex -19.8267 18.3276 0
      vertex -19.8267 18.3276 11.5
    endloop
  endfacet
  facet normal -0.84221 0.53915 0
    outer loop
      vertex -23.0213 14.1075 0
      vertex -22.4497 15.0004 11.5
      vertex -22.4497 15.0004 0
    endloop
  endfacet
  facet normal -0.84221 0.53915 0
    outer loop
      vertex -22.4497 15.0004 11.5
      vertex -23.0213 14.1075 0
      vertex -23.0213 14.1075 11.5
    endloop
  endfacet
  facet normal -0.88193 0.471381 0
    outer loop
      vertex -24.0572 12.2577 0
      vertex -23.5574 13.1928 11.5
      vertex -23.5574 13.1928 0
    endloop
  endfacet
  facet normal -0.88193 0.471381 0
    outer loop
      vertex -23.5574 13.1928 11.5
      vertex -24.0572 12.2577 0
      vertex -24.0572 12.2577 11.5
    endloop
  endfacet
  facet normal -0.862741 0.505647 0
    outer loop
      vertex -23.5574 13.1928 0
      vertex -23.0213 14.1075 11.5
      vertex -23.0213 14.1075 0
    endloop
  endfacet
  facet normal -0.862741 0.505647 0
    outer loop
      vertex -23.0213 14.1075 11.5
      vertex -23.5574 13.1928 0
      vertex -23.5574 13.1928 11.5
    endloop
  endfacet
  facet normal -0.931195 0.364522 0
    outer loop
      vertex -25.3312 9.34516 0
      vertex -24.9447 10.3325 11.5
      vertex -24.9447 10.3325 0
    endloop
  endfacet
  facet normal -0.931195 0.364522 0
    outer loop
      vertex -24.9447 10.3325 11.5
      vertex -25.3312 9.34516 0
      vertex -25.3312 9.34516 11.5
    endloop
  endfacet
  facet normal -0.976769 0.214297 0
    outer loop
      vertex -26.4812 5.26744 0
      vertex -26.254 6.30302 11.5
      vertex -26.254 6.30302 0
    endloop
  endfacet
  facet normal -0.976769 0.214297 0
    outer loop
      vertex -26.254 6.30302 11.5
      vertex -26.4812 5.26744 0
      vertex -26.4812 5.26744 11.5
    endloop
  endfacet
  facet normal -0.984424 0.175812 0
    outer loop
      vertex -26.6676 4.22373 0
      vertex -26.4812 5.26744 11.5
      vertex -26.4812 5.26744 0
    endloop
  endfacet
  facet normal -0.984424 0.175812 0
    outer loop
      vertex -26.4812 5.26744 11.5
      vertex -26.6676 4.22373 0
      vertex -26.6676 4.22373 11.5
    endloop
  endfacet
  facet normal -0.990577 0.136954 0
    outer loop
      vertex -26.8128 3.17351 0
      vertex -26.6676 4.22373 11.5
      vertex -26.6676 4.22373 0
    endloop
  endfacet
  facet normal -0.990577 0.136954 0
    outer loop
      vertex -26.6676 4.22373 11.5
      vertex -26.8128 3.17351 0
      vertex -26.8128 3.17351 11.5
    endloop
  endfacet
  facet normal -0.998266 0.0588558 0
    outer loop
      vertex -26.9792 1.06001 0
      vertex -26.9168 2.11839 11.5
      vertex -26.9168 2.11839 0
    endloop
  endfacet
  facet normal -0.998266 0.0588558 0
    outer loop
      vertex -26.9168 2.11839 11.5
      vertex -26.9792 1.06001 0
      vertex -26.9792 1.06001 11.5
    endloop
  endfacet
  facet normal -0.53915 0.84221 0
    outer loop
      vertex -14.1075 23.0213 0
      vertex -15.0004 22.4497 11.5
      vertex -14.1075 23.0213 11.5
    endloop
  endfacet
  facet normal -0.53915 0.84221 0
    outer loop
      vertex -15.0004 22.4497 11.5
      vertex -14.1075 23.0213 0
      vertex -15.0004 22.4497 0
    endloop
  endfacet
  facet normal -0.634377 0.773024 0
    outer loop
      vertex -16.7155 21.2036 0
      vertex -17.5351 20.531 11.5
      vertex -16.7155 21.2036 11.5
    endloop
  endfacet
  facet normal -0.634377 0.773024 0
    outer loop
      vertex -17.5351 20.531 11.5
      vertex -16.7155 21.2036 0
      vertex -17.5351 20.531 0
    endloop
  endfacet
  facet normal -0.664288 0.747477 0
    outer loop
      vertex -17.5351 20.531 0
      vertex -18.3276 19.8267 11.5
      vertex -17.5351 20.531 11.5
    endloop
  endfacet
  facet normal -0.664288 0.747477 0
    outer loop
      vertex -18.3276 19.8267 11.5
      vertex -17.5351 20.531 0
      vertex -18.3276 19.8267 0
    endloop
  endfacet
  facet normal -0.290314 0.956932 0
    outer loop
      vertex -7.32889 25.9863 0
      vertex -8.34346 25.6785 11.5
      vertex -7.32889 25.9863 11.5
    endloop
  endfacet
  facet normal -0.290314 0.956932 0
    outer loop
      vertex -8.34346 25.6785 11.5
      vertex -7.32889 25.9863 0
      vertex -8.34346 25.6785 0
    endloop
  endfacet
  facet normal -0.214297 0.976769 0
    outer loop
      vertex -5.26744 26.4812 0
      vertex -6.30302 26.254 11.5
      vertex -5.26744 26.4812 11.5
    endloop
  endfacet
  facet normal -0.214297 0.976769 0
    outer loop
      vertex -6.30302 26.254 11.5
      vertex -5.26744 26.4812 0
      vertex -6.30302 26.254 0
    endloop
  endfacet
  facet normal -0.32758 0.944823 0
    outer loop
      vertex -8.34346 25.6785 0
      vertex -9.34516 25.3312 11.5
      vertex -8.34346 25.6785 11.5
    endloop
  endfacet
  facet normal -0.32758 0.944823 0
    outer loop
      vertex -9.34516 25.3312 11.5
      vertex -8.34346 25.6785 0
      vertex -9.34516 25.3312 0
    endloop
  endfacet
  facet normal -0.0196187 0.999808 0
    outer loop
      vertex 0 27 0
      vertex -1.06001 26.9792 11.5
      vertex 0 27 11.5
    endloop
  endfacet
  facet normal -0.0196187 0.999808 0
    outer loop
      vertex -1.06001 26.9792 11.5
      vertex 0 27 0
      vertex -1.06001 26.9792 0
    endloop
  endfacet
  facet normal -0.136954 0.990577 0
    outer loop
      vertex -3.17351 26.8128 0
      vertex -4.22373 26.6676 11.5
      vertex -3.17351 26.8128 11.5
    endloop
  endfacet
  facet normal -0.136954 0.990577 0
    outer loop
      vertex -4.22373 26.6676 11.5
      vertex -3.17351 26.8128 0
      vertex -4.22373 26.6676 0
    endloop
  endfacet
  facet normal 0.0196187 -0.999808 0
    outer loop
      vertex 0 -27 0
      vertex 1.06001 -26.9792 11.5
      vertex 0 -27 11.5
    endloop
  endfacet
  facet normal 0.0196187 -0.999808 0
    outer loop
      vertex 1.06001 -26.9792 11.5
      vertex 0 -27 0
      vertex 1.06001 -26.9792 0
    endloop
  endfacet
  facet normal 0.214297 -0.976769 0
    outer loop
      vertex 5.26744 -26.4812 11.5
      vertex 6.30302 -26.254 9.04126
      vertex 6.30302 -26.254 11.5
    endloop
  endfacet
  facet normal 0.214196 -0.976791 -4.46466e-05
    outer loop
      vertex 5.26744 -26.4812 11.5
      vertex 6.2045 -26.2756 8.95371
      vertex 6.30302 -26.254 9.04126
    endloop
  endfacet
  facet normal 0.214374 -0.976752 2.41782e-05
    outer loop
      vertex 5.26744 -26.4812 11.5
      vertex 6.09835 -26.2989 8.85165
      vertex 6.2045 -26.2756 8.95371
    endloop
  endfacet
  facet normal 0.214358 -0.976755 1.86528e-05
    outer loop
      vertex 5.26744 -26.4812 11.5
      vertex 5.99629 -26.3213 8.7455
      vertex 6.09835 -26.2989 8.85165
    endloop
  endfacet
  facet normal 0.213863 -0.976864 -0.000118542
    outer loop
      vertex 5.26744 -26.4812 11.5
      vertex 5.89848 -26.3427 8.63543
      vertex 5.99629 -26.3213 8.7455
    endloop
  endfacet
  facet normal 0.214347 -0.976758 -6.76227e-06
    outer loop
      vertex 5.26744 -26.4812 11.5
      vertex 5.80506 -26.3632 8.5216
      vertex 5.89848 -26.3427 8.63543
    endloop
  endfacet
  facet normal 0.214334 -0.97676 -9.14747e-06
    outer loop
      vertex 5.26744 -26.4812 11.5
      vertex 5.71619 -26.3827 8.40419
      vertex 5.80506 -26.3632 8.5216
    endloop
  endfacet
  facet normal 0.214562 -0.97671 2.53579e-05
    outer loop
      vertex 5.26744 -26.4812 11.5
      vertex 5.63199 -26.4012 8.28339
      vertex 5.71619 -26.3827 8.40419
    endloop
  endfacet
  facet normal 0.214128 -0.976806 -2.60955e-05
    outer loop
      vertex 5.26744 -26.4812 11.5
      vertex 5.5526 -26.4186 8.15937
      vertex 5.63199 -26.4012 8.28339
    endloop
  endfacet
  facet normal 0.215011 -0.976612 5.28728e-05
    outer loop
      vertex 5.26744 -26.4812 11.5
      vertex 5.47814 -26.435 8.03233
      vertex 5.5526 -26.4186 8.15937
    endloop
  endfacet
  facet normal 0.21392 -0.976851 -1.66301e-05
    outer loop
      vertex 5.26744 -26.4812 11.5
      vertex 5.40872 -26.4502 7.90246
      vertex 5.47814 -26.435 8.03233
    endloop
  endfacet
  facet normal 0.214322 -0.976763 -4.69041e-08
    outer loop
      vertex 5.26744 -26.4812 11.5
      vertex 5.34446 -26.4643 7.76997
      vertex 5.40872 -26.4502 7.90246
    endloop
  endfacet
  facet normal 0.213598 -0.976922 -1.57282e-05
    outer loop
      vertex 5.26744 -26.4812 11.5
      vertex 5.28545 -26.4772 7.63506
      vertex 5.34446 -26.4643 7.76997
    endloop
  endfacet
  facet normal 0.216816 -0.976213 0
    outer loop
      vertex 5.28545 -26.4772 7.63506
      vertex 5.26744 -26.4812 11.5
      vertex 5.26744 -26.4812 7.58904
    endloop
  endfacet
  facet normal 0.216816 -0.976213 0
    outer loop
      vertex 5.26744 -26.4812 0
      vertex 5.28545 -26.4772 4.76494
      vertex 5.26744 -26.4812 4.81096
    endloop
  endfacet
  facet normal 0.213591 -0.976923 1.2783e-05
    outer loop
      vertex 5.26744 -26.4812 0
      vertex 5.34446 -26.4643 4.63003
      vertex 5.28545 -26.4772 4.76494
    endloop
  endfacet
  facet normal 0.214322 -0.976763 3.8089e-08
    outer loop
      vertex 5.26744 -26.4812 0
      vertex 5.40872 -26.4502 4.49753
      vertex 5.34446 -26.4643 4.63003
    endloop
  endfacet
  facet normal 0.213914 -0.976852 1.34871e-05
    outer loop
      vertex 5.26744 -26.4812 0
      vertex 5.47814 -26.435 4.36767
      vertex 5.40872 -26.4502 4.49753
    endloop
  endfacet
  facet normal 0.215027 -0.976608 -4.28062e-05
    outer loop
      vertex 5.26744 -26.4812 0
      vertex 5.5526 -26.4186 4.24063
      vertex 5.47814 -26.435 4.36767
    endloop
  endfacet
  facet normal 0.214121 -0.976807 2.10837e-05
    outer loop
      vertex 5.26744 -26.4812 0
      vertex 5.63199 -26.4012 4.11661
      vertex 5.5526 -26.4186 4.24063
    endloop
  endfacet
  facet normal 0.214568 -0.976709 -2.04387e-05
    outer loop
      vertex 5.26744 -26.4812 0
      vertex 5.71619 -26.3827 3.9958
      vertex 5.63199 -26.4012 4.11661
    endloop
  endfacet
  facet normal 0.214332 -0.976761 7.35343e-06
    outer loop
      vertex 5.26744 -26.4812 0
      vertex 5.80506 -26.3632 3.8784
      vertex 5.71619 -26.3827 3.9958
    endloop
  endfacet
  facet normal 0.214345 -0.976758 5.4198e-06
    outer loop
      vertex 5.26744 -26.4812 0
      vertex 5.89848 -26.3427 3.76457
      vertex 5.80506 -26.3632 3.8784
    endloop
  endfacet
  facet normal 0.213837 -0.976869 9.47003e-05
    outer loop
      vertex 5.26744 -26.4812 0
      vertex 5.99629 -26.3213 3.6545
      vertex 5.89848 -26.3427 3.76457
    endloop
  endfacet
  facet normal 0.214361 -0.976754 -1.48483e-05
    outer loop
      vertex 5.26744 -26.4812 0
      vertex 6.09835 -26.2989 3.54835
      vertex 5.99629 -26.3213 3.6545
    endloop
  endfacet
  facet normal 0.214379 -0.976751 -1.91726e-05
    outer loop
      vertex 5.26744 -26.4812 0
      vertex 6.2045 -26.2756 3.44629
      vertex 6.09835 -26.2989 3.54835
    endloop
  endfacet
  facet normal 0.214188 -0.976792 3.52562e-05
    outer loop
      vertex 5.26744 -26.4812 0
      vertex 6.30302 -26.254 3.35874
      vertex 6.2045 -26.2756 3.44629
    endloop
  endfacet
  facet normal 0.214297 -0.976769 0
    outer loop
      vertex 6.30302 -26.254 3.35874
      vertex 5.26744 -26.4812 0
      vertex 6.30302 -26.254 0
    endloop
  endfacet
  facet normal 0.327254 -0.944936 7.91822e-05
    outer loop
      vertex 8.75 -25.5375 2.45
      vertex 8.34346 -25.6785 0
      vertex 8.85828 -25.5 2.45
    endloop
  endfacet
  facet normal 0.327908 -0.94471 -4.22251e-05
    outer loop
      vertex 8.60278 -25.5886 2.45289
      vertex 8.34346 -25.6785 0
      vertex 8.75 -25.5375 2.45
    endloop
  endfacet
  facet normal 0.327771 -0.944757 -2.60911e-05
    outer loop
      vertex 8.45578 -25.6396 2.46156
      vertex 8.34346 -25.6785 0
      vertex 8.60278 -25.5886 2.45289
    endloop
  endfacet
  facet normal 0.327261 -0.944934 0
    outer loop
      vertex 8.34346 -25.6785 0
      vertex 8.45578 -25.6396 2.46156
      vertex 8.34346 -25.6785 2.47262
    endloop
  endfacet
  facet normal 0.327571 -0.944826 0
    outer loop
      vertex 8.85828 -25.5 2.45
      vertex 8.88222 -25.4917 3.20231
      vertex 8.85828 -25.5 3.20372
    endloop
  endfacet
  facet normal 0.327326 -0.944912 8.76039e-06
    outer loop
      vertex 8.85828 -25.5 2.45
      vertex 9 -25.4509 3.2
      vertex 8.88222 -25.4917 3.20231
    endloop
  endfacet
  facet normal 0.327652 -0.944798 -6.03223e-05
    outer loop
      vertex 8.85828 -25.5 2.45
      vertex 9.34516 -25.3312 3.2
      vertex 9 -25.4509 3.2
    endloop
  endfacet
  facet normal 0.32758 -0.944823 2.48856e-06
    outer loop
      vertex 9.34516 -25.3312 0
      vertex 8.85828 -25.5 2.45
      vertex 8.34346 -25.6785 0
    endloop
  endfacet
  facet normal 0.327569 -0.944827 0
    outer loop
      vertex 8.85828 -25.5 2.45
      vertex 9.34516 -25.3312 0
      vertex 9.34516 -25.3312 3.2
    endloop
  endfacet
  facet normal 0.327326 -0.944912 -8.76039e-06
    outer loop
      vertex 8.85828 -25.5 9.95
      vertex 8.88222 -25.4917 9.19769
      vertex 9 -25.4509 9.2
    endloop
  endfacet
  facet normal 0.327571 -0.944826 0
    outer loop
      vertex 8.88222 -25.4917 9.19769
      vertex 8.85828 -25.5 9.95
      vertex 8.85828 -25.5 9.19627
    endloop
  endfacet
  facet normal 0.327254 -0.944936 -0.000125159
    outer loop
      vertex 8.85828 -25.5 9.95
      vertex 8.34346 -25.6785 11.5
      vertex 8.75 -25.5375 9.95
    endloop
  endfacet
  facet normal 0.327907 -0.94471 6.66173e-05
    outer loop
      vertex 8.34346 -25.6785 11.5
      vertex 8.60278 -25.5886 9.94711
      vertex 8.75 -25.5375 9.95
    endloop
  endfacet
  facet normal 0.327771 -0.944757 4.10652e-05
    outer loop
      vertex 8.34346 -25.6785 11.5
      vertex 8.45578 -25.6396 9.93844
      vertex 8.60278 -25.5886 9.94711
    endloop
  endfacet
  facet normal 0.327261 -0.944934 0
    outer loop
      vertex 8.45578 -25.6396 9.93844
      vertex 8.34346 -25.6785 11.5
      vertex 8.34346 -25.6785 9.92738
    endloop
  endfacet
  facet normal 0.32758 -0.944823 -3.93353e-06
    outer loop
      vertex 8.34346 -25.6785 11.5
      vertex 8.85828 -25.5 9.95
      vertex 9.34516 -25.3312 11.5
    endloop
  endfacet
  facet normal 0.327652 -0.944798 6.03223e-05
    outer loop
      vertex 9.34516 -25.3312 9.2
      vertex 8.85828 -25.5 9.95
      vertex 9 -25.4509 9.2
    endloop
  endfacet
  facet normal 0.327569 -0.944827 0
    outer loop
      vertex 8.85828 -25.5 9.95
      vertex 9.34516 -25.3312 9.2
      vertex 9.34516 -25.3312 11.5
    endloop
  endfacet
  facet normal 0.634377 -0.773024 0
    outer loop
      vertex 17.5351 -20.531 0
      vertex 16.7155 -21.2036 3.28686
      vertex 16.7155 -21.2036 0
    endloop
  endfacet
  facet normal 0.634467 -0.77295 3.72772e-05
    outer loop
      vertex 16.7155 -21.2036 3.28686
      vertex 17.5351 -20.531 0
      vertex 16.8143 -21.1225 3.31263
    endloop
  endfacet
  facet normal 0.634113 -0.773241 -9.16282e-05
    outer loop
      vertex 16.8143 -21.1225 3.31263
      vertex 17.5351 -20.531 0
      vertex 16.9271 -21.03 3.34683
    endloop
  endfacet
  facet normal 0.634623 -0.772822 6.34307e-05
    outer loop
      vertex 16.9271 -21.03 3.34683
      vertex 17.5351 -20.531 0
      vertex 17.0384 -20.9386 3.38543
    endloop
  endfacet
  facet normal 0.634605 -0.772836 5.91692e-05
    outer loop
      vertex 17.0384 -20.9386 3.38543
      vertex 17.5351 -20.531 0
      vertex 17.148 -20.8486 3.42836
    endloop
  endfacet
  facet normal 0.634253 -0.773126 -7.44198e-06
    outer loop
      vertex 17.148 -20.8486 3.42836
      vertex 17.5351 -20.531 0
      vertex 17.256 -20.76 3.47557
    endloop
  endfacet
  facet normal 0.634424 -0.772985 1.55502e-05
    outer loop
      vertex 17.256 -20.76 3.47557
      vertex 17.5351 -20.531 0
      vertex 17.362 -20.673 3.52698
    endloop
  endfacet
  facet normal 0.634092 -0.773257 -1.16791e-05
    outer loop
      vertex 17.362 -20.673 3.52698
      vertex 17.5351 -20.531 0
      vertex 17.4659 -20.5878 3.58251
    endloop
  endfacet
  facet normal 0.634454 -0.772961 0
    outer loop
      vertex 17.4659 -20.5878 3.58251
      vertex 17.5351 -20.531 0
      vertex 17.5351 -20.531 3.62309
    endloop
  endfacet
  facet normal 0.634472 -0.772945 0
    outer loop
      vertex 16.8143 -21.1225 9.08737
      vertex 16.7155 -21.2036 11.5
      vertex 16.7155 -21.2036 9.11314
    endloop
  endfacet
  facet normal 0.634377 -0.773024 -6.52073e-06
    outer loop
      vertex 16.7155 -21.2036 11.5
      vertex 16.8143 -21.1225 9.08737
      vertex 17.5351 -20.531 11.5
    endloop
  endfacet
  facet normal 0.634118 -0.773236 0.000122969
    outer loop
      vertex 16.9271 -21.03 9.05317
      vertex 17.5351 -20.531 11.5
      vertex 16.8143 -21.1225 9.08737
    endloop
  endfacet
  facet normal 0.634618 -0.772826 -8.49113e-05
    outer loop
      vertex 17.0384 -20.9386 9.01457
      vertex 17.5351 -20.531 11.5
      vertex 16.9271 -21.03 9.05317
    endloop
  endfacet
  facet normal 0.634601 -0.77284 -7.90399e-05
    outer loop
      vertex 17.148 -20.8486 8.97164
      vertex 17.5351 -20.531 11.5
      vertex 17.0384 -20.9386 9.01457
    endloop
  endfacet
  facet normal 0.634253 -0.773125 9.92486e-06
    outer loop
      vertex 17.256 -20.76 8.92443
      vertex 17.5351 -20.531 11.5
      vertex 17.148 -20.8486 8.97164
    endloop
  endfacet
  facet normal 0.634422 -0.772987 -2.07128e-05
    outer loop
      vertex 17.362 -20.673 8.87302
      vertex 17.5351 -20.531 11.5
      vertex 17.256 -20.76 8.92443
    endloop
  endfacet
  facet normal 0.634093 -0.773256 1.55442e-05
    outer loop
      vertex 17.4659 -20.5878 8.81749
      vertex 17.5351 -20.531 11.5
      vertex 17.362 -20.673 8.87302
    endloop
  endfacet
  facet normal 0.634454 -0.772961 0
    outer loop
      vertex 17.5351 -20.531 11.5
      vertex 17.4659 -20.5878 8.81749
      vertex 17.5351 -20.531 8.77691
    endloop
  endfacet
  facet normal 0.664288 -0.747477 0
    outer loop
      vertex 18.3276 -19.8267 0
      vertex 17.5351 -20.531 3.62309
      vertex 17.5351 -20.531 0
    endloop
  endfacet
  facet normal 0.664355 -0.747417 2.64118e-05
    outer loop
      vertex 17.5351 -20.531 3.62309
      vertex 18.3276 -19.8267 0
      vertex 17.5675 -20.5022 3.64208
    endloop
  endfacet
  facet normal 0.664437 -0.747344 5.69675e-05
    outer loop
      vertex 17.5675 -20.5022 3.64208
      vertex 18.3276 -19.8267 0
      vertex 17.6667 -20.414 3.70559
    endloop
  endfacet
  facet normal 0.664139 -0.747609 -3.82296e-05
    outer loop
      vertex 17.6667 -20.414 3.70559
      vertex 18.3276 -19.8267 0
      vertex 17.7634 -20.3281 3.77295
    endloop
  endfacet
  facet normal 0.664089 -0.747653 -5.15251e-05
    outer loop
      vertex 17.7634 -20.3281 3.77295
      vertex 18.3276 -19.8267 0
      vertex 17.8573 -20.2447 3.84405
    endloop
  endfacet
  facet normal 0.664823 -0.747001 0.00010925
    outer loop
      vertex 17.8573 -20.2447 3.84405
      vertex 18.3276 -19.8267 0
      vertex 17.9483 -20.1637 3.91878
    endloop
  endfacet
  facet normal 0.663865 -0.747852 -5.67285e-05
    outer loop
      vertex 17.9483 -20.1637 3.91878
      vertex 18.3276 -19.8267 0
      vertex 18.0364 -20.0855 3.99703
    endloop
  endfacet
  facet normal 0.664513 -0.747277 2.77406e-05
    outer loop
      vertex 18.0364 -20.0855 3.99703
      vertex 18.3276 -19.8267 0
      vertex 18.1213 -20.01 4.07868
    endloop
  endfacet
  facet normal 0.663762 -0.747944 -4.02176e-05
    outer loop
      vertex 18.1213 -20.01 4.07868
      vertex 18.3276 -19.8267 0
      vertex 18.203 -19.9375 4.1636
    endloop
  endfacet
  facet normal 0.664827 -0.746997 1.6868e-05
    outer loop
      vertex 18.203 -19.9375 4.1636
      vertex 18.3276 -19.8267 0
      vertex 18.2812 -19.8679 4.25166
    endloop
  endfacet
  facet normal 0.663964 -0.747765 0
    outer loop
      vertex 18.2812 -19.8679 4.25166
      vertex 18.3276 -19.8267 0
      vertex 18.3276 -19.8267 4.3082
    endloop
  endfacet
  facet normal 0.664288 -0.747477 0
    outer loop
      vertex 17.5351 -20.531 8.77691
      vertex 18.3276 -19.8267 11.5
      vertex 17.5351 -20.531 11.5
    endloop
  endfacet
  facet normal 0.664353 -0.747419 -3.38691e-05
    outer loop
      vertex 17.5675 -20.5022 8.75792
      vertex 18.3276 -19.8267 11.5
      vertex 17.5351 -20.531 8.77691
    endloop
  endfacet
  facet normal 0.664431 -0.747349 -7.28476e-05
    outer loop
      vertex 17.6667 -20.414 8.69441
      vertex 18.3276 -19.8267 11.5
      vertex 17.5675 -20.5022 8.75792
    endloop
  endfacet
  facet normal 0.664143 -0.747606 4.87643e-05
    outer loop
      vertex 17.7634 -20.3281 8.62705
      vertex 18.3276 -19.8267 11.5
      vertex 17.6667 -20.414 8.69441
    endloop
  endfacet
  facet normal 0.664095 -0.747648 6.55763e-05
    outer loop
      vertex 17.8573 -20.2447 8.55595
      vertex 18.3276 -19.8267 11.5
      vertex 17.7634 -20.3281 8.62705
    endloop
  endfacet
  facet normal 0.66481 -0.747013 -0.000138777
    outer loop
      vertex 17.9483 -20.1637 8.48122
      vertex 18.3276 -19.8267 11.5
      vertex 17.8573 -20.2447 8.55595
    endloop
  endfacet
  facet normal 0.663873 -0.747846 7.19426e-05
    outer loop
      vertex 18.0364 -20.0855 8.40297
      vertex 18.3276 -19.8267 11.5
      vertex 17.9483 -20.1637 8.48122
    endloop
  endfacet
  facet normal 0.664509 -0.74728 -3.51337e-05
    outer loop
      vertex 18.1213 -20.01 8.32132
      vertex 18.3276 -19.8267 11.5
      vertex 18.0364 -20.0855 8.40297
    endloop
  endfacet
  facet normal 0.663768 -0.747938 5.08847e-05
    outer loop
      vertex 18.203 -19.9375 8.2364
      vertex 18.3276 -19.8267 11.5
      vertex 18.1213 -20.01 8.32132
    endloop
  endfacet
  facet normal 0.664825 -0.746999 -2.13279e-05
    outer loop
      vertex 18.2812 -19.8679 8.14834
      vertex 18.3276 -19.8267 11.5
      vertex 18.203 -19.9375 8.2364
    endloop
  endfacet
  facet normal 0.663964 -0.747765 0
    outer loop
      vertex 18.3276 -19.8267 11.5
      vertex 18.2812 -19.8679 8.14834
      vertex 18.3276 -19.8267 8.0918
    endloop
  endfacet
  facet normal 0.505647 -0.862741 0
    outer loop
      vertex 13.1928 -23.5574 0
      vertex 14.1075 -23.0213 3.2
      vertex 13.1928 -23.5574 3.2
    endloop
  endfacet
  facet normal 0.505647 -0.862741 0
    outer loop
      vertex 14.1075 -23.0213 3.2
      vertex 13.1928 -23.5574 0
      vertex 14.1075 -23.0213 0
    endloop
  endfacet
  facet normal 0.505647 -0.862741 0
    outer loop
      vertex 13.1928 -23.5574 9.2
      vertex 14.1075 -23.0213 11.5
      vertex 13.1928 -23.5574 11.5
    endloop
  endfacet
  facet normal 0.505647 -0.862741 0
    outer loop
      vertex 14.1075 -23.0213 11.5
      vertex 13.1928 -23.5574 9.2
      vertex 14.1075 -23.0213 9.2
    endloop
  endfacet
  facet normal 0.720882 -0.693058 0
    outer loop
      vertex 19.0919 -19.0919 11.5
      vertex 19.8267 -18.3276 0
      vertex 19.8267 -18.3276 11.5
    endloop
  endfacet
  facet normal 0.720882 -0.693058 0
    outer loop
      vertex 19.8267 -18.3276 0
      vertex 19.0919 -19.0919 11.5
      vertex 19.0919 -19.0919 0
    endloop
  endfacet
  facet normal 0.747477 -0.664288 0
    outer loop
      vertex 19.8267 -18.3276 11.5
      vertex 20.531 -17.5351 0
      vertex 20.531 -17.5351 11.5
    endloop
  endfacet
  facet normal 0.747477 -0.664288 0
    outer loop
      vertex 20.531 -17.5351 0
      vertex 19.8267 -18.3276 11.5
      vertex 19.8267 -18.3276 0
    endloop
  endfacet
  facet normal 0.84221 -0.53915 0
    outer loop
      vertex 22.4497 -15.0004 11.5
      vertex 23.0213 -14.1075 0
      vertex 23.0213 -14.1075 11.5
    endloop
  endfacet
  facet normal 0.84221 -0.53915 0
    outer loop
      vertex 23.0213 -14.1075 0
      vertex 22.4497 -15.0004 11.5
      vertex 22.4497 -15.0004 0
    endloop
  endfacet
  facet normal 0.88193 -0.471381 0
    outer loop
      vertex 23.5574 -13.1928 11.5
      vertex 24.0572 -12.2577 0
      vertex 24.0572 -12.2577 11.5
    endloop
  endfacet
  facet normal 0.88193 -0.471381 0
    outer loop
      vertex 24.0572 -12.2577 0
      vertex 23.5574 -13.1928 11.5
      vertex 23.5574 -13.1928 0
    endloop
  endfacet
  facet normal 0.862741 -0.505647 0
    outer loop
      vertex 23.0213 -14.1075 11.5
      vertex 23.5574 -13.1928 0
      vertex 23.5574 -13.1928 11.5
    endloop
  endfacet
  facet normal 0.862741 -0.505647 0
    outer loop
      vertex 23.5574 -13.1928 0
      vertex 23.0213 -14.1075 11.5
      vertex 23.0213 -14.1075 0
    endloop
  endfacet
  facet normal 0.931195 -0.364522 0
    outer loop
      vertex 24.9447 -10.3325 11.5
      vertex 25.3312 -9.34516 0
      vertex 25.3312 -9.34516 11.5
    endloop
  endfacet
  facet normal 0.931195 -0.364522 0
    outer loop
      vertex 25.3312 -9.34516 0
      vertex 24.9447 -10.3325 11.5
      vertex 24.9447 -10.3325 0
    endloop
  endfacet
  facet normal 0.944823 -0.32758 0
    outer loop
      vertex 25.3312 -9.34516 11.5
      vertex 25.6785 -8.34346 0
      vertex 25.6785 -8.34346 11.5
    endloop
  endfacet
  facet normal 0.944823 -0.32758 0
    outer loop
      vertex 25.6785 -8.34346 0
      vertex 25.3312 -9.34516 11.5
      vertex 25.3312 -9.34516 0
    endloop
  endfacet
  facet normal 0.999808 -0.0196187 0
    outer loop
      vertex 26.9792 -1.06001 11.5
      vertex 27 0 0
      vertex 27 0 11.5
    endloop
  endfacet
  facet normal 0.999808 -0.0196187 0
    outer loop
      vertex 27 0 0
      vertex 26.9792 -1.06001 11.5
      vertex 26.9792 -1.06001 0
    endloop
  endfacet
  facet normal -0.693058 -0.720882 0
    outer loop
      vertex -19.0919 -19.0919 0
      vertex -18.3276 -19.8267 11.5
      vertex -19.0919 -19.0919 11.5
    endloop
  endfacet
  facet normal -0.693058 -0.720882 -0
    outer loop
      vertex -18.3276 -19.8267 11.5
      vertex -19.0919 -19.0919 0
      vertex -18.3276 -19.8267 0
    endloop
  endfacet
  facet normal -0.664288 -0.747477 0
    outer loop
      vertex -18.3276 -19.8267 0
      vertex -17.5351 -20.531 11.5
      vertex -18.3276 -19.8267 11.5
    endloop
  endfacet
  facet normal -0.664288 -0.747477 -0
    outer loop
      vertex -17.5351 -20.531 11.5
      vertex -18.3276 -19.8267 0
      vertex -17.5351 -20.531 0
    endloop
  endfacet
  facet normal -0.53915 -0.84221 0
    outer loop
      vertex -15.0004 -22.4497 0
      vertex -14.1075 -23.0213 11.5
      vertex -15.0004 -22.4497 11.5
    endloop
  endfacet
  facet normal -0.53915 -0.84221 -0
    outer loop
      vertex -14.1075 -23.0213 11.5
      vertex -15.0004 -22.4497 0
      vertex -14.1075 -23.0213 0
    endloop
  endfacet
  facet normal -0.471381 -0.88193 0
    outer loop
      vertex -13.1928 -23.5574 0
      vertex -12.2577 -24.0572 11.5
      vertex -13.1928 -23.5574 11.5
    endloop
  endfacet
  facet normal -0.471381 -0.88193 -0
    outer loop
      vertex -12.2577 -24.0572 11.5
      vertex -13.1928 -23.5574 0
      vertex -12.2577 -24.0572 0
    endloop
  endfacet
  facet normal -0.505647 -0.862741 0
    outer loop
      vertex -14.1075 -23.0213 0
      vertex -13.1928 -23.5574 11.5
      vertex -14.1075 -23.0213 11.5
    endloop
  endfacet
  facet normal -0.505647 -0.862741 -0
    outer loop
      vertex -13.1928 -23.5574 11.5
      vertex -14.1075 -23.0213 0
      vertex -13.1928 -23.5574 0
    endloop
  endfacet
  facet normal -0.32758 -0.944823 0
    outer loop
      vertex -9.34516 -25.3312 0
      vertex -8.34346 -25.6785 11.5
      vertex -9.34516 -25.3312 11.5
    endloop
  endfacet
  facet normal -0.32758 -0.944823 -0
    outer loop
      vertex -8.34346 -25.6785 11.5
      vertex -9.34516 -25.3312 0
      vertex -8.34346 -25.6785 0
    endloop
  endfacet
  facet normal -0.364522 -0.931195 0
    outer loop
      vertex -10.3325 -24.9447 0
      vertex -9.34516 -25.3312 11.5
      vertex -10.3325 -24.9447 11.5
    endloop
  endfacet
  facet normal -0.364522 -0.931195 -0
    outer loop
      vertex -9.34516 -25.3312 11.5
      vertex -10.3325 -24.9447 0
      vertex -9.34516 -25.3312 0
    endloop
  endfacet
  facet normal -0.290314 -0.956932 0
    outer loop
      vertex -8.34346 -25.6785 0
      vertex -7.32889 -25.9863 11.5
      vertex -8.34346 -25.6785 11.5
    endloop
  endfacet
  facet normal -0.290314 -0.956932 -0
    outer loop
      vertex -7.32889 -25.9863 11.5
      vertex -8.34346 -25.6785 0
      vertex -7.32889 -25.9863 0
    endloop
  endfacet
  facet normal -0.0196187 -0.999808 0
    outer loop
      vertex -1.06001 -26.9792 0
      vertex 0 -27 11.5
      vertex -1.06001 -26.9792 11.5
    endloop
  endfacet
  facet normal -0.0196187 -0.999808 -0
    outer loop
      vertex 0 -27 11.5
      vertex -1.06001 -26.9792 0
      vertex 0 -27 0
    endloop
  endfacet
  facet normal -0.720882 -0.693058 0
    outer loop
      vertex -19.0919 -19.0919 0
      vertex -19.8267 -18.3276 11.5
      vertex -19.8267 -18.3276 0
    endloop
  endfacet
  facet normal -0.720882 -0.693058 0
    outer loop
      vertex -19.8267 -18.3276 11.5
      vertex -19.0919 -19.0919 0
      vertex -19.0919 -19.0919 11.5
    endloop
  endfacet
  facet normal -0.88193 -0.471381 0
    outer loop
      vertex -23.5574 -13.1928 0
      vertex -24.0572 -12.2577 11.5
      vertex -24.0572 -12.2577 0
    endloop
  endfacet
  facet normal -0.88193 -0.471381 0
    outer loop
      vertex -24.0572 -12.2577 11.5
      vertex -23.5574 -13.1928 0
      vertex -23.5574 -13.1928 11.5
    endloop
  endfacet
  facet normal -0.862741 -0.505647 0
    outer loop
      vertex -23.0213 -14.1075 0
      vertex -23.5574 -13.1928 11.5
      vertex -23.5574 -13.1928 0
    endloop
  endfacet
  facet normal -0.862741 -0.505647 0
    outer loop
      vertex -23.5574 -13.1928 11.5
      vertex -23.0213 -14.1075 0
      vertex -23.0213 -14.1075 11.5
    endloop
  endfacet
  facet normal -0.820409 -0.571777 0
    outer loop
      vertex -21.8435 -15.8702 0
      vertex -22.4497 -15.0004 11.5
      vertex -22.4497 -15.0004 0
    endloop
  endfacet
  facet normal -0.820409 -0.571777 0
    outer loop
      vertex -22.4497 -15.0004 11.5
      vertex -21.8435 -15.8702 0
      vertex -21.8435 -15.8702 11.5
    endloop
  endfacet
  facet normal -0.931195 -0.364522 0
    outer loop
      vertex -24.9447 -10.3325 0
      vertex -25.3312 -9.34516 11.5
      vertex -25.3312 -9.34516 0
    endloop
  endfacet
  facet normal -0.931195 -0.364522 0
    outer loop
      vertex -25.3312 -9.34516 11.5
      vertex -24.9447 -10.3325 0
      vertex -24.9447 -10.3325 11.5
    endloop
  endfacet
  facet normal -0.976769 -0.214297 0
    outer loop
      vertex -26.254 -6.30302 0
      vertex -26.4812 -5.26744 11.5
      vertex -26.4812 -5.26744 0
    endloop
  endfacet
  facet normal -0.976769 -0.214297 0
    outer loop
      vertex -26.4812 -5.26744 11.5
      vertex -26.254 -6.30302 0
      vertex -26.254 -6.30302 11.5
    endloop
  endfacet
  facet normal -0.990577 -0.136954 0
    outer loop
      vertex -26.6676 -4.22373 0
      vertex -26.8128 -3.17351 11.5
      vertex -26.8128 -3.17351 0
    endloop
  endfacet
  facet normal -0.990577 -0.136954 0
    outer loop
      vertex -26.8128 -3.17351 11.5
      vertex -26.6676 -4.22373 0
      vertex -26.6676 -4.22373 11.5
    endloop
  endfacet
  facet normal -0.999808 -0.0196187 0
    outer loop
      vertex -26.9792 -1.06001 0
      vertex -27 0 11.5
      vertex -27 0 0
    endloop
  endfacet
  facet normal -0.999808 -0.0196187 0
    outer loop
      vertex -27 0 11.5
      vertex -26.9792 -1.06001 0
      vertex -26.9792 -1.06001 11.5
    endloop
  endfacet
  facet normal 0 0 -1
    outer loop
      vertex 14.605 0 0
      vertex 27 0 0
      vertex 26.9792 -1.06001 0
    endloop
  endfacet
  facet normal 0 0 -1
    outer loop
      vertex 14.5937 -0.573389 0
      vertex 26.9792 -1.06001 0
      vertex 26.9168 -2.11839 0
    endloop
  endfacet
  facet normal 0 0 -1
    outer loop
      vertex 27 0 0
      vertex 14.605 0 0
      vertex 26.9792 1.06001 0
    endloop
  endfacet
  facet normal 0 0 -1
    outer loop
      vertex 14.56 -1.1459 0
      vertex 26.9168 -2.11839 0
      vertex 26.8128 -3.17351 0
    endloop
  endfacet
  facet normal 0 0 -1
    outer loop
      vertex 14.5937 0.573389 0
      vertex 26.9792 1.06001 0
      vertex 14.605 0 0
    endloop
  endfacet
  facet normal 0 0 -1
    outer loop
      vertex 14.5038 -1.71663 0
      vertex 26.8128 -3.17351 0
      vertex 26.6676 -4.22373 0
    endloop
  endfacet
  facet normal -0 0 -1
    outer loop
      vertex 26.9792 1.06001 0
      vertex 14.5937 0.573389 0
      vertex 26.9168 2.11839 0
    endloop
  endfacet
  facet normal 0 0 -1
    outer loop
      vertex 14.4252 -2.28473 0
      vertex 26.6676 -4.22373 0
      vertex 26.4812 -5.26744 0
    endloop
  endfacet
  facet normal 0 0 -1
    outer loop
      vertex 14.56 1.1459 0
      vertex 26.9168 2.11839 0
      vertex 14.5937 0.573389 0
    endloop
  endfacet
  facet normal 0 0 -1
    outer loop
      vertex 14.3244 -2.84929 0
      vertex 26.4812 -5.26744 0
      vertex 26.254 -6.30302 0
    endloop
  endfacet
  facet normal -0 0 -1
    outer loop
      vertex 26.9168 2.11839 0
      vertex 14.56 1.1459 0
      vertex 26.8128 3.17351 0
    endloop
  endfacet
  facet normal 0 0 -1
    outer loop
      vertex 14.2015 -3.40947 0
      vertex 26.254 -6.30302 0
      vertex 25.9863 -7.32889 0
    endloop
  endfacet
  facet normal 0 0 -1
    outer loop
      vertex 14.5038 1.71663 0
      vertex 26.8128 3.17351 0
      vertex 14.56 1.1459 0
    endloop
  endfacet
  facet normal 0 0 -1
    outer loop
      vertex 14.0567 -3.96439 0
      vertex 25.9863 -7.32889 0
      vertex 25.6785 -8.34346 0
    endloop
  endfacet
  facet normal -0 0 -1
    outer loop
      vertex 26.8128 3.17351 0
      vertex 14.5038 1.71663 0
      vertex 26.6676 4.22373 0
    endloop
  endfacet
  facet normal 0 0 -1
    outer loop
      vertex 13.8902 -4.51319 0
      vertex 25.6785 -8.34346 0
      vertex 25.3312 -9.34516 0
    endloop
  endfacet
  facet normal 0 0 -1
    outer loop
      vertex 14.4252 2.28473 0
      vertex 26.6676 4.22373 0
      vertex 14.5038 1.71663 0
    endloop
  endfacet
  facet normal 0 0 -1
    outer loop
      vertex 13.7023 -5.05504 0
      vertex 25.3312 -9.34516 0
      vertex 24.9447 -10.3325 0
    endloop
  endfacet
  facet normal -0 0 -1
    outer loop
      vertex 26.6676 4.22373 0
      vertex 14.4252 2.28473 0
      vertex 26.4812 5.26744 0
    endloop
  endfacet
  facet normal 0 0 -1
    outer loop
      vertex 13.4933 -5.58909 0
      vertex 24.9447 -10.3325 0
      vertex 24.5199 -11.3038 0
    endloop
  endfacet
  facet normal 0 0 -1
    outer loop
      vertex 14.3244 2.84929 0
      vertex 26.4812 5.26744 0
      vertex 14.4252 2.28473 0
    endloop
  endfacet
  facet normal 0 0 -1
    outer loop
      vertex 13.2634 -6.11452 0
      vertex 24.5199 -11.3038 0
      vertex 24.0572 -12.2577 0
    endloop
  endfacet
  facet normal -0 0 -1
    outer loop
      vertex 26.4812 5.26744 0
      vertex 14.3244 2.84929 0
      vertex 26.254 6.30302 0
    endloop
  endfacet
  facet normal 0 0 -1
    outer loop
      vertex 13.0132 -6.63053 0
      vertex 24.0572 -12.2577 0
      vertex 23.5574 -13.1928 0
    endloop
  endfacet
  facet normal 0 0 -1
    outer loop
      vertex 14.2015 3.40947 0
      vertex 26.254 6.30302 0
      vertex 14.3244 2.84929 0
    endloop
  endfacet
  facet normal 0 0 -1
    outer loop
      vertex 12.7428 -7.13631 0
      vertex 23.5574 -13.1928 0
      vertex 23.0213 -14.1075 0
    endloop
  endfacet
  facet normal -0 0 -1
    outer loop
      vertex 26.254 6.30302 0
      vertex 14.2015 3.40947 0
      vertex 25.9863 7.32889 0
    endloop
  endfacet
  facet normal 0 0 -1
    outer loop
      vertex 12.4528 -7.63109 0
      vertex 23.0213 -14.1075 0
      vertex 22.4497 -15.0004 0
    endloop
  endfacet
  facet normal 0 0 -1
    outer loop
      vertex 14.0567 3.96439 0
      vertex 25.9863 7.32889 0
      vertex 14.2015 3.40947 0
    endloop
  endfacet
  facet normal 0 0 -1
    outer loop
      vertex 12.1436 -8.1141 0
      vertex 22.4497 -15.0004 0
      vertex 21.8435 -15.8702 0
    endloop
  endfacet
  facet normal -0 0 -1
    outer loop
      vertex 25.9863 7.32889 0
      vertex 14.0567 3.96439 0
      vertex 25.6785 8.34346 0
    endloop
  endfacet
  facet normal 0 0 -1
    outer loop
      vertex 11.8157 -8.5846 0
      vertex 21.8435 -15.8702 0
      vertex 21.2036 -16.7155 0
    endloop
  endfacet
  facet normal 0 0 -1
    outer loop
      vertex 13.8902 4.51319 0
      vertex 25.6785 8.34346 0
      vertex 14.0567 3.96439 0
    endloop
  endfacet
  facet normal 0 0 -1
    outer loop
      vertex 11.4696 -9.04187 0
      vertex 21.2036 -16.7155 0
      vertex 20.531 -17.5351 0
    endloop
  endfacet
  facet normal -0 0 -1
    outer loop
      vertex 25.6785 8.34346 0
      vertex 13.8902 4.51319 0
      vertex 25.3312 9.34516 0
    endloop
  endfacet
  facet normal 0 0 -1
    outer loop
      vertex 11.1057 -9.48519 0
      vertex 20.531 -17.5351 0
      vertex 19.8267 -18.3276 0
    endloop
  endfacet
  facet normal 0 0 -1
    outer loop
      vertex 13.7023 5.05504 0
      vertex 25.3312 9.34516 0
      vertex 13.8902 4.51319 0
    endloop
  endfacet
  facet normal 0 0 -1
    outer loop
      vertex 10.7248 -9.91388 0
      vertex 19.8267 -18.3276 0
      vertex 19.0919 -19.0919 0
    endloop
  endfacet
  facet normal -0 0 -1
    outer loop
      vertex 25.3312 9.34516 0
      vertex 13.7023 5.05504 0
      vertex 24.9447 10.3325 0
    endloop
  endfacet
  facet normal 0 0 -1
    outer loop
      vertex 10.3273 -10.3273 0
      vertex 19.0919 -19.0919 0
      vertex 18.3276 -19.8267 0
    endloop
  endfacet
  facet normal 0 0 -1
    outer loop
      vertex 13.4933 5.58909 0
      vertex 24.9447 10.3325 0
      vertex 13.7023 5.05504 0
    endloop
  endfacet
  facet normal 0 0 -1
    outer loop
      vertex 9.91388 -10.7248 0
      vertex 18.3276 -19.8267 0
      vertex 17.5351 -20.531 0
    endloop
  endfacet
  facet normal -0 0 -1
    outer loop
      vertex 24.9447 10.3325 0
      vertex 13.4933 5.58909 0
      vertex 24.5199 11.3038 0
    endloop
  endfacet
  facet normal 0 0 -1
    outer loop
      vertex 9.48519 -11.1057 0
      vertex 17.5351 -20.531 0
      vertex 16.7155 -21.2036 0
    endloop
  endfacet
  facet normal 0 0 -1
    outer loop
      vertex 13.2634 6.11452 0
      vertex 24.5199 11.3038 0
      vertex 13.4933 5.58909 0
    endloop
  endfacet
  facet normal 0 0 -1
    outer loop
      vertex 9.04187 -11.4696 0
      vertex 16.7155 -21.2036 0
      vertex 15.8702 -21.8435 0
    endloop
  endfacet
  facet normal -0 0 -1
    outer loop
      vertex 24.5199 11.3038 0
      vertex 13.2634 6.11452 0
      vertex 24.0572 12.2577 0
    endloop
  endfacet
  facet normal 0 0 -1
    outer loop
      vertex 8.5846 -11.8157 0
      vertex 15.8702 -21.8435 0
      vertex 15.0004 -22.4497 0
    endloop
  endfacet
  facet normal 0 0 -1
    outer loop
      vertex 13.0132 6.63053 0
      vertex 24.0572 12.2577 0
      vertex 13.2634 6.11452 0
    endloop
  endfacet
  facet normal -0 0 -1
    outer loop
      vertex 24.0572 12.2577 0
      vertex 13.0132 6.63053 0
      vertex 23.5574 13.1928 0
    endloop
  endfacet
  facet normal 0 0 -1
    outer loop
      vertex 26.9792 -1.06001 0
      vertex 14.5937 -0.573389 0
      vertex 14.605 0 0
    endloop
  endfacet
  facet normal 0 0 -1
    outer loop
      vertex 26.9168 -2.11839 0
      vertex 14.56 -1.1459 0
      vertex 14.5937 -0.573389 0
    endloop
  endfacet
  facet normal 0 0 -1
    outer loop
      vertex 26.8128 -3.17351 0
      vertex 14.5038 -1.71663 0
      vertex 14.56 -1.1459 0
    endloop
  endfacet
  facet normal 0 0 -1
    outer loop
      vertex 26.6676 -4.22373 0
      vertex 14.4252 -2.28473 0
      vertex 14.5038 -1.71663 0
    endloop
  endfacet
  facet normal 0 0 -1
    outer loop
      vertex 26.4812 -5.26744 0
      vertex 14.3244 -2.84929 0
      vertex 14.4252 -2.28473 0
    endloop
  endfacet
  facet normal 0 0 -1
    outer loop
      vertex 26.254 -6.30302 0
      vertex 14.2015 -3.40947 0
      vertex 14.3244 -2.84929 0
    endloop
  endfacet
  facet normal 0 0 -1
    outer loop
      vertex 8.1141 -12.1436 0
      vertex 15.0004 -22.4497 0
      vertex 14.1075 -23.0213 0
    endloop
  endfacet
  facet normal 0 0 -1
    outer loop
      vertex 25.9863 -7.32889 0
      vertex 14.0567 -3.96439 0
      vertex 14.2015 -3.40947 0
    endloop
  endfacet
  facet normal 0 0 -1
    outer loop
      vertex 25.6785 -8.34346 0
      vertex 13.8902 -4.51319 0
      vertex 14.0567 -3.96439 0
    endloop
  endfacet
  facet normal 0 0 -1
    outer loop
      vertex 25.3312 -9.34516 0
      vertex 13.7023 -5.05504 0
      vertex 13.8902 -4.51319 0
    endloop
  endfacet
  facet normal 0 0 -1
    outer loop
      vertex 24.9447 -10.3325 0
      vertex 13.4933 -5.58909 0
      vertex 13.7023 -5.05504 0
    endloop
  endfacet
  facet normal 0 0 -1
    outer loop
      vertex 24.5199 -11.3038 0
      vertex 13.2634 -6.11452 0
      vertex 13.4933 -5.58909 0
    endloop
  endfacet
  facet normal 0 0 -1
    outer loop
      vertex 7.63109 -12.4528 0
      vertex 14.1075 -23.0213 0
      vertex 13.1928 -23.5574 0
    endloop
  endfacet
  facet normal 0 0 -1
    outer loop
      vertex 24.0572 -12.2577 0
      vertex 13.0132 -6.63053 0
      vertex 13.2634 -6.11452 0
    endloop
  endfacet
  facet normal 0 0 -1
    outer loop
      vertex 23.5574 -13.1928 0
      vertex 12.7428 -7.13631 0
      vertex 13.0132 -6.63053 0
    endloop
  endfacet
  facet normal 0 0 -1
    outer loop
      vertex 23.0213 -14.1075 0
      vertex 12.4528 -7.63109 0
      vertex 12.7428 -7.13631 0
    endloop
  endfacet
  facet normal 0 0 -1
    outer loop
      vertex 7.13631 -12.7428 0
      vertex 13.1928 -23.5574 0
      vertex 12.2577 -24.0572 0
    endloop
  endfacet
  facet normal 0 0 -1
    outer loop
      vertex 22.4497 -15.0004 0
      vertex 12.1436 -8.1141 0
      vertex 12.4528 -7.63109 0
    endloop
  endfacet
  facet normal 0 0 -1
    outer loop
      vertex 21.8435 -15.8702 0
      vertex 11.8157 -8.5846 0
      vertex 12.1436 -8.1141 0
    endloop
  endfacet
  facet normal 0 0 -1
    outer loop
      vertex 21.2036 -16.7155 0
      vertex 11.4696 -9.04187 0
      vertex 11.8157 -8.5846 0
    endloop
  endfacet
  facet normal 0 0 -1
    outer loop
      vertex 6.63053 -13.0132 0
      vertex 12.2577 -24.0572 0
      vertex 11.3038 -24.5199 0
    endloop
  endfacet
  facet normal 0 0 -1
    outer loop
      vertex 20.531 -17.5351 0
      vertex 11.1057 -9.48519 0
      vertex 11.4696 -9.04187 0
    endloop
  endfacet
  facet normal 0 0 -1
    outer loop
      vertex 19.8267 -18.3276 0
      vertex 10.7248 -9.91388 0
      vertex 11.1057 -9.48519 0
    endloop
  endfacet
  facet normal 0 0 -1
    outer loop
      vertex 6.11452 -13.2634 0
      vertex 11.3038 -24.5199 0
      vertex 10.3325 -24.9447 0
    endloop
  endfacet
  facet normal 0 0 -1
    outer loop
      vertex 19.0919 -19.0919 0
      vertex 10.3273 -10.3273 0
      vertex 10.7248 -9.91388 0
    endloop
  endfacet
  facet normal 0 0 -1
    outer loop
      vertex 18.3276 -19.8267 0
      vertex 9.91388 -10.7248 0
      vertex 10.3273 -10.3273 0
    endloop
  endfacet
  facet normal 0 0 -1
    outer loop
      vertex 17.5351 -20.531 0
      vertex 9.48519 -11.1057 0
      vertex 9.91388 -10.7248 0
    endloop
  endfacet
  facet normal 0 0 -1
    outer loop
      vertex 5.58909 -13.4933 0
      vertex 10.3325 -24.9447 0
      vertex 9.34516 -25.3312 0
    endloop
  endfacet
  facet normal 0 0 -1
    outer loop
      vertex 16.7155 -21.2036 0
      vertex 9.04187 -11.4696 0
      vertex 9.48519 -11.1057 0
    endloop
  endfacet
  facet normal 0 0 -1
    outer loop
      vertex 15.8702 -21.8435 0
      vertex 8.5846 -11.8157 0
      vertex 9.04187 -11.4696 0
    endloop
  endfacet
  facet normal 0 0 -1
    outer loop
      vertex 5.05504 -13.7023 0
      vertex 9.34516 -25.3312 0
      vertex 8.34346 -25.6785 0
    endloop
  endfacet
  facet normal 0 0 -1
    outer loop
      vertex 15.0004 -22.4497 0
      vertex 8.1141 -12.1436 0
      vertex 8.5846 -11.8157 0
    endloop
  endfacet
  facet normal 0 0 -1
    outer loop
      vertex 14.1075 -23.0213 0
      vertex 7.63109 -12.4528 0
      vertex 8.1141 -12.1436 0
    endloop
  endfacet
  facet normal 0 0 -1
    outer loop
      vertex 4.51319 -13.8902 0
      vertex 8.34346 -25.6785 0
      vertex 7.32889 -25.9863 0
    endloop
  endfacet
  facet normal 0 0 -1
    outer loop
      vertex 13.1928 -23.5574 0
      vertex 7.13631 -12.7428 0
      vertex 7.63109 -12.4528 0
    endloop
  endfacet
  facet normal 0 0 -1
    outer loop
      vertex 12.2577 -24.0572 0
      vertex 6.63053 -13.0132 0
      vertex 7.13631 -12.7428 0
    endloop
  endfacet
  facet normal 0 0 -1
    outer loop
      vertex 3.96439 -14.0567 0
      vertex 7.32889 -25.9863 0
      vertex 6.30302 -26.254 0
    endloop
  endfacet
  facet normal 0 0 -1
    outer loop
      vertex 11.3038 -24.5199 0
      vertex 6.11452 -13.2634 0
      vertex 6.63053 -13.0132 0
    endloop
  endfacet
  facet normal 0 0 -1
    outer loop
      vertex 10.3325 -24.9447 0
      vertex 5.58909 -13.4933 0
      vertex 6.11452 -13.2634 0
    endloop
  endfacet
  facet normal 0 0 -1
    outer loop
      vertex 3.40947 -14.2015 0
      vertex 6.30302 -26.254 0
      vertex 5.26744 -26.4812 0
    endloop
  endfacet
  facet normal 0 0 -1
    outer loop
      vertex 9.34516 -25.3312 0
      vertex 5.05504 -13.7023 0
      vertex 5.58909 -13.4933 0
    endloop
  endfacet
  facet normal 0 0 -1
    outer loop
      vertex 8.34346 -25.6785 0
      vertex 4.51319 -13.8902 0
      vertex 5.05504 -13.7023 0
    endloop
  endfacet
  facet normal 0 0 -1
    outer loop
      vertex 2.84929 -14.3244 0
      vertex 5.26744 -26.4812 0
      vertex 4.22373 -26.6676 0
    endloop
  endfacet
  facet normal 0 0 -1
    outer loop
      vertex 7.32889 -25.9863 0
      vertex 3.96439 -14.0567 0
      vertex 4.51319 -13.8902 0
    endloop
  endfacet
  facet normal 0 0 -1
    outer loop
      vertex 6.30302 -26.254 0
      vertex 3.40947 -14.2015 0
      vertex 3.96439 -14.0567 0
    endloop
  endfacet
  facet normal 0 0 -1
    outer loop
      vertex 2.28473 -14.4252 0
      vertex 4.22373 -26.6676 0
      vertex 3.17351 -26.8128 0
    endloop
  endfacet
  facet normal 0 0 -1
    outer loop
      vertex 5.26744 -26.4812 0
      vertex 2.84929 -14.3244 0
      vertex 3.40947 -14.2015 0
    endloop
  endfacet
  facet normal 0 0 -1
    outer loop
      vertex 4.22373 -26.6676 0
      vertex 2.28473 -14.4252 0
      vertex 2.84929 -14.3244 0
    endloop
  endfacet
  facet normal 0 0 -1
    outer loop
      vertex 1.71663 -14.5038 0
      vertex 3.17351 -26.8128 0
      vertex 2.11839 -26.9168 0
    endloop
  endfacet
  facet normal 0 0 -1
    outer loop
      vertex 3.17351 -26.8128 0
      vertex 1.71663 -14.5038 0
      vertex 2.28473 -14.4252 0
    endloop
  endfacet
  facet normal 0 0 -1
    outer loop
      vertex 2.11839 -26.9168 0
      vertex 1.1459 -14.56 0
      vertex 1.71663 -14.5038 0
    endloop
  endfacet
  facet normal 0 0 -1
    outer loop
      vertex 1.06001 -26.9792 0
      vertex 1.1459 -14.56 0
      vertex 2.11839 -26.9168 0
    endloop
  endfacet
  facet normal 0 0 -1
    outer loop
      vertex 1.06001 -26.9792 0
      vertex 0.573389 -14.5937 0
      vertex 1.1459 -14.56 0
    endloop
  endfacet
  facet normal 0 0 -1
    outer loop
      vertex 0 -27 0
      vertex 0.573389 -14.5937 0
      vertex 1.06001 -26.9792 0
    endloop
  endfacet
  facet normal 0 0 -1
    outer loop
      vertex 0 -27 0
      vertex 0 -14.605 0
      vertex 0.573389 -14.5937 0
    endloop
  endfacet
  facet normal 0 0 -1
    outer loop
      vertex 0 -27 0
      vertex -0.573389 -14.5937 0
      vertex 0 -14.605 0
    endloop
  endfacet
  facet normal 0 0 -1
    outer loop
      vertex -1.06001 -26.9792 0
      vertex -0.573389 -14.5937 0
      vertex 0 -27 0
    endloop
  endfacet
  facet normal 0 0 -1
    outer loop
      vertex -1.06001 -26.9792 0
      vertex -1.1459 -14.56 0
      vertex -0.573389 -14.5937 0
    endloop
  endfacet
  facet normal 0 0 -1
    outer loop
      vertex -2.11839 -26.9168 0
      vertex -1.1459 -14.56 0
      vertex -1.06001 -26.9792 0
    endloop
  endfacet
  facet normal -0 0 -1
    outer loop
      vertex -1.1459 -14.56 0
      vertex -2.11839 -26.9168 0
      vertex -1.71663 -14.5038 0
    endloop
  endfacet
  facet normal 0 0 -1
    outer loop
      vertex -3.17351 -26.8128 0
      vertex -1.71663 -14.5038 0
      vertex -2.11839 -26.9168 0
    endloop
  endfacet
  facet normal -0 0 -1
    outer loop
      vertex -1.71663 -14.5038 0
      vertex -3.17351 -26.8128 0
      vertex -2.28473 -14.4252 0
    endloop
  endfacet
  facet normal 0 0 -1
    outer loop
      vertex -4.22373 -26.6676 0
      vertex -2.28473 -14.4252 0
      vertex -3.17351 -26.8128 0
    endloop
  endfacet
  facet normal -0 0 -1
    outer loop
      vertex -2.28473 -14.4252 0
      vertex -4.22373 -26.6676 0
      vertex -2.84929 -14.3244 0
    endloop
  endfacet
  facet normal 0 0 -1
    outer loop
      vertex -5.26744 -26.4812 0
      vertex -2.84929 -14.3244 0
      vertex -4.22373 -26.6676 0
    endloop
  endfacet
  facet normal -0 0 -1
    outer loop
      vertex -2.84929 -14.3244 0
      vertex -5.26744 -26.4812 0
      vertex -3.40947 -14.2015 0
    endloop
  endfacet
  facet normal 0 0 -1
    outer loop
      vertex -6.30302 -26.254 0
      vertex -3.40947 -14.2015 0
      vertex -5.26744 -26.4812 0
    endloop
  endfacet
  facet normal -0 0 -1
    outer loop
      vertex -3.40947 -14.2015 0
      vertex -6.30302 -26.254 0
      vertex -3.96439 -14.0567 0
    endloop
  endfacet
  facet normal 0 0 -1
    outer loop
      vertex -7.32889 -25.9863 0
      vertex -3.96439 -14.0567 0
      vertex -6.30302 -26.254 0
    endloop
  endfacet
  facet normal -0 0 -1
    outer loop
      vertex -3.96439 -14.0567 0
      vertex -7.32889 -25.9863 0
      vertex -4.51319 -13.8902 0
    endloop
  endfacet
  facet normal 0 0 -1
    outer loop
      vertex -8.34346 -25.6785 0
      vertex -4.51319 -13.8902 0
      vertex -7.32889 -25.9863 0
    endloop
  endfacet
  facet normal -0 0 -1
    outer loop
      vertex -4.51319 -13.8902 0
      vertex -8.34346 -25.6785 0
      vertex -5.05504 -13.7023 0
    endloop
  endfacet
  facet normal 0 0 -1
    outer loop
      vertex -9.34516 -25.3312 0
      vertex -5.05504 -13.7023 0
      vertex -8.34346 -25.6785 0
    endloop
  endfacet
  facet normal -0 0 -1
    outer loop
      vertex -5.05504 -13.7023 0
      vertex -9.34516 -25.3312 0
      vertex -5.58909 -13.4933 0
    endloop
  endfacet
  facet normal 0 0 -1
    outer loop
      vertex -10.3325 -24.9447 0
      vertex -5.58909 -13.4933 0
      vertex -9.34516 -25.3312 0
    endloop
  endfacet
  facet normal -0 0 -1
    outer loop
      vertex -5.58909 -13.4933 0
      vertex -10.3325 -24.9447 0
      vertex -6.11452 -13.2634 0
    endloop
  endfacet
  facet normal 0 0 -1
    outer loop
      vertex -11.3038 -24.5199 0
      vertex -6.11452 -13.2634 0
      vertex -10.3325 -24.9447 0
    endloop
  endfacet
  facet normal -0 0 -1
    outer loop
      vertex -6.11452 -13.2634 0
      vertex -11.3038 -24.5199 0
      vertex -6.63053 -13.0132 0
    endloop
  endfacet
  facet normal 0 0 -1
    outer loop
      vertex -12.2577 -24.0572 0
      vertex -6.63053 -13.0132 0
      vertex -11.3038 -24.5199 0
    endloop
  endfacet
  facet normal -0 0 -1
    outer loop
      vertex -6.63053 -13.0132 0
      vertex -12.2577 -24.0572 0
      vertex -7.13631 -12.7428 0
    endloop
  endfacet
  facet normal 0 0 -1
    outer loop
      vertex -13.1928 -23.5574 0
      vertex -7.13631 -12.7428 0
      vertex -12.2577 -24.0572 0
    endloop
  endfacet
  facet normal -0 0 -1
    outer loop
      vertex -7.13631 -12.7428 0
      vertex -13.1928 -23.5574 0
      vertex -7.63109 -12.4528 0
    endloop
  endfacet
  facet normal 0 0 -1
    outer loop
      vertex -14.1075 -23.0213 0
      vertex -7.63109 -12.4528 0
      vertex -13.1928 -23.5574 0
    endloop
  endfacet
  facet normal -0 0 -1
    outer loop
      vertex -7.63109 -12.4528 0
      vertex -14.1075 -23.0213 0
      vertex -8.1141 -12.1436 0
    endloop
  endfacet
  facet normal 0 0 -1
    outer loop
      vertex -15.0004 -22.4497 0
      vertex -8.1141 -12.1436 0
      vertex -14.1075 -23.0213 0
    endloop
  endfacet
  facet normal -0 0 -1
    outer loop
      vertex -8.1141 -12.1436 0
      vertex -15.0004 -22.4497 0
      vertex -8.5846 -11.8157 0
    endloop
  endfacet
  facet normal 0 0 -1
    outer loop
      vertex -15.8702 -21.8435 0
      vertex -8.5846 -11.8157 0
      vertex -15.0004 -22.4497 0
    endloop
  endfacet
  facet normal -0 0 -1
    outer loop
      vertex -8.5846 -11.8157 0
      vertex -15.8702 -21.8435 0
      vertex -9.04187 -11.4696 0
    endloop
  endfacet
  facet normal 0 0 -1
    outer loop
      vertex -16.7155 -21.2036 0
      vertex -9.04187 -11.4696 0
      vertex -15.8702 -21.8435 0
    endloop
  endfacet
  facet normal -0 0 -1
    outer loop
      vertex -9.04187 -11.4696 0
      vertex -16.7155 -21.2036 0
      vertex -9.48519 -11.1057 0
    endloop
  endfacet
  facet normal 0 0 -1
    outer loop
      vertex -17.5351 -20.531 0
      vertex -9.48519 -11.1057 0
      vertex -16.7155 -21.2036 0
    endloop
  endfacet
  facet normal -0 0 -1
    outer loop
      vertex -9.48519 -11.1057 0
      vertex -17.5351 -20.531 0
      vertex -9.91388 -10.7248 0
    endloop
  endfacet
  facet normal 0 0 -1
    outer loop
      vertex -18.3276 -19.8267 0
      vertex -9.91388 -10.7248 0
      vertex -17.5351 -20.531 0
    endloop
  endfacet
  facet normal -0 0 -1
    outer loop
      vertex -9.91388 -10.7248 0
      vertex -18.3276 -19.8267 0
      vertex -10.3273 -10.3273 0
    endloop
  endfacet
  facet normal 0 0 -1
    outer loop
      vertex -19.0919 -19.0919 0
      vertex -10.3273 -10.3273 0
      vertex -18.3276 -19.8267 0
    endloop
  endfacet
  facet normal -0 0 -1
    outer loop
      vertex -10.3273 -10.3273 0
      vertex -19.0919 -19.0919 0
      vertex -10.7248 -9.91388 0
    endloop
  endfacet
  facet normal 0 0 -1
    outer loop
      vertex -19.8267 -18.3276 0
      vertex -10.7248 -9.91388 0
      vertex -19.0919 -19.0919 0
    endloop
  endfacet
  facet normal -0 0 -1
    outer loop
      vertex -10.7248 -9.91388 0
      vertex -19.8267 -18.3276 0
      vertex -11.1057 -9.48519 0
    endloop
  endfacet
  facet normal 0 0 -1
    outer loop
      vertex -20.531 -17.5351 0
      vertex -11.1057 -9.48519 0
      vertex -19.8267 -18.3276 0
    endloop
  endfacet
  facet normal -0 0 -1
    outer loop
      vertex -11.1057 -9.48519 0
      vertex -20.531 -17.5351 0
      vertex -11.4696 -9.04187 0
    endloop
  endfacet
  facet normal 0 0 -1
    outer loop
      vertex -21.2036 -16.7155 0
      vertex -11.4696 -9.04187 0
      vertex -20.531 -17.5351 0
    endloop
  endfacet
  facet normal -0 0 -1
    outer loop
      vertex -11.4696 -9.04187 0
      vertex -21.2036 -16.7155 0
      vertex -11.8157 -8.5846 0
    endloop
  endfacet
  facet normal 0 0 -1
    outer loop
      vertex -21.8435 -15.8702 0
      vertex -11.8157 -8.5846 0
      vertex -21.2036 -16.7155 0
    endloop
  endfacet
  facet normal -0 0 -1
    outer loop
      vertex -11.8157 -8.5846 0
      vertex -21.8435 -15.8702 0
      vertex -12.1436 -8.1141 0
    endloop
  endfacet
  facet normal 0 0 -1
    outer loop
      vertex -22.4497 -15.0004 0
      vertex -12.1436 -8.1141 0
      vertex -21.8435 -15.8702 0
    endloop
  endfacet
  facet normal -0 0 -1
    outer loop
      vertex -12.1436 -8.1141 0
      vertex -22.4497 -15.0004 0
      vertex -12.4528 -7.63109 0
    endloop
  endfacet
  facet normal 0 0 -1
    outer loop
      vertex -23.0213 -14.1075 0
      vertex -12.4528 -7.63109 0
      vertex -22.4497 -15.0004 0
    endloop
  endfacet
  facet normal -0 0 -1
    outer loop
      vertex -12.4528 -7.63109 0
      vertex -23.0213 -14.1075 0
      vertex -12.7428 -7.13631 0
    endloop
  endfacet
  facet normal -0 0 -1
    outer loop
      vertex -12.7428 -7.13631 0
      vertex -23.5574 -13.1928 0
      vertex -13.0132 -6.63053 0
    endloop
  endfacet
  facet normal 0 0 -1
    outer loop
      vertex -23.5574 -13.1928 0
      vertex -12.7428 -7.13631 0
      vertex -23.0213 -14.1075 0
    endloop
  endfacet
  facet normal 0 0 -1
    outer loop
      vertex 12.7428 7.13631 0
      vertex 23.5574 13.1928 0
      vertex 13.0132 6.63053 0
    endloop
  endfacet
  facet normal -0 0 -1
    outer loop
      vertex 23.5574 13.1928 0
      vertex 12.7428 7.13631 0
      vertex 23.0213 14.1075 0
    endloop
  endfacet
  facet normal 0 0 -1
    outer loop
      vertex 12.4528 7.63109 0
      vertex 23.0213 14.1075 0
      vertex 12.7428 7.13631 0
    endloop
  endfacet
  facet normal -0 0 -1
    outer loop
      vertex 23.0213 14.1075 0
      vertex 12.4528 7.63109 0
      vertex 22.4497 15.0004 0
    endloop
  endfacet
  facet normal 0 0 -1
    outer loop
      vertex 12.1436 8.1141 0
      vertex 22.4497 15.0004 0
      vertex 12.4528 7.63109 0
    endloop
  endfacet
  facet normal -0 0 -1
    outer loop
      vertex 22.4497 15.0004 0
      vertex 12.1436 8.1141 0
      vertex 21.8435 15.8702 0
    endloop
  endfacet
  facet normal 0 0 -1
    outer loop
      vertex 11.8157 8.5846 0
      vertex 21.8435 15.8702 0
      vertex 12.1436 8.1141 0
    endloop
  endfacet
  facet normal -0 0 -1
    outer loop
      vertex 21.8435 15.8702 0
      vertex 11.8157 8.5846 0
      vertex 21.2036 16.7155 0
    endloop
  endfacet
  facet normal 0 0 -1
    outer loop
      vertex 11.4696 9.04187 0
      vertex 21.2036 16.7155 0
      vertex 11.8157 8.5846 0
    endloop
  endfacet
  facet normal -0 0 -1
    outer loop
      vertex 21.2036 16.7155 0
      vertex 11.4696 9.04187 0
      vertex 20.531 17.5351 0
    endloop
  endfacet
  facet normal 0 0 -1
    outer loop
      vertex 11.1057 9.48519 0
      vertex 20.531 17.5351 0
      vertex 11.4696 9.04187 0
    endloop
  endfacet
  facet normal -0 0 -1
    outer loop
      vertex 20.531 17.5351 0
      vertex 11.1057 9.48519 0
      vertex 19.8267 18.3276 0
    endloop
  endfacet
  facet normal 0 0 -1
    outer loop
      vertex 10.7248 9.91388 0
      vertex 19.8267 18.3276 0
      vertex 11.1057 9.48519 0
    endloop
  endfacet
  facet normal -0 0 -1
    outer loop
      vertex 19.8267 18.3276 0
      vertex 10.7248 9.91388 0
      vertex 19.0919 19.0919 0
    endloop
  endfacet
  facet normal 0 0 -1
    outer loop
      vertex 10.3273 10.3273 0
      vertex 19.0919 19.0919 0
      vertex 10.7248 9.91388 0
    endloop
  endfacet
  facet normal -0 0 -1
    outer loop
      vertex 19.0919 19.0919 0
      vertex 10.3273 10.3273 0
      vertex 18.3276 19.8267 0
    endloop
  endfacet
  facet normal 0 0 -1
    outer loop
      vertex 9.91388 10.7248 0
      vertex 18.3276 19.8267 0
      vertex 10.3273 10.3273 0
    endloop
  endfacet
  facet normal -0 0 -1
    outer loop
      vertex 18.3276 19.8267 0
      vertex 9.91388 10.7248 0
      vertex 17.5351 20.531 0
    endloop
  endfacet
  facet normal 0 0 -1
    outer loop
      vertex 9.48519 11.1057 0
      vertex 17.5351 20.531 0
      vertex 9.91388 10.7248 0
    endloop
  endfacet
  facet normal -0 0 -1
    outer loop
      vertex 17.5351 20.531 0
      vertex 9.48519 11.1057 0
      vertex 16.7155 21.2036 0
    endloop
  endfacet
  facet normal 0 0 -1
    outer loop
      vertex 9.04187 11.4696 0
      vertex 16.7155 21.2036 0
      vertex 9.48519 11.1057 0
    endloop
  endfacet
  facet normal -0 0 -1
    outer loop
      vertex 16.7155 21.2036 0
      vertex 9.04187 11.4696 0
      vertex 15.8702 21.8435 0
    endloop
  endfacet
  facet normal 0 0 -1
    outer loop
      vertex 8.5846 11.8157 0
      vertex 15.8702 21.8435 0
      vertex 9.04187 11.4696 0
    endloop
  endfacet
  facet normal -0 0 -1
    outer loop
      vertex 15.8702 21.8435 0
      vertex 8.5846 11.8157 0
      vertex 15.0004 22.4497 0
    endloop
  endfacet
  facet normal 0 0 -1
    outer loop
      vertex 8.1141 12.1436 0
      vertex 15.0004 22.4497 0
      vertex 8.5846 11.8157 0
    endloop
  endfacet
  facet normal -0 0 -1
    outer loop
      vertex 15.0004 22.4497 0
      vertex 8.1141 12.1436 0
      vertex 14.1075 23.0213 0
    endloop
  endfacet
  facet normal 0 0 -1
    outer loop
      vertex 7.63109 12.4528 0
      vertex 14.1075 23.0213 0
      vertex 8.1141 12.1436 0
    endloop
  endfacet
  facet normal -0 0 -1
    outer loop
      vertex 14.1075 23.0213 0
      vertex 7.63109 12.4528 0
      vertex 13.1928 23.5574 0
    endloop
  endfacet
  facet normal 0 0 -1
    outer loop
      vertex 7.13631 12.7428 0
      vertex 13.1928 23.5574 0
      vertex 7.63109 12.4528 0
    endloop
  endfacet
  facet normal -0 0 -1
    outer loop
      vertex 13.1928 23.5574 0
      vertex 7.13631 12.7428 0
      vertex 12.2577 24.0572 0
    endloop
  endfacet
  facet normal 0 0 -1
    outer loop
      vertex 6.63053 13.0132 0
      vertex 12.2577 24.0572 0
      vertex 7.13631 12.7428 0
    endloop
  endfacet
  facet normal -0 0 -1
    outer loop
      vertex 12.2577 24.0572 0
      vertex 6.63053 13.0132 0
      vertex 11.3038 24.5199 0
    endloop
  endfacet
  facet normal 0 0 -1
    outer loop
      vertex 6.11452 13.2634 0
      vertex 11.3038 24.5199 0
      vertex 6.63053 13.0132 0
    endloop
  endfacet
  facet normal -0 0 -1
    outer loop
      vertex 11.3038 24.5199 0
      vertex 6.11452 13.2634 0
      vertex 10.3325 24.9447 0
    endloop
  endfacet
  facet normal 0 0 -1
    outer loop
      vertex 5.58909 13.4933 0
      vertex 10.3325 24.9447 0
      vertex 6.11452 13.2634 0
    endloop
  endfacet
  facet normal -0 0 -1
    outer loop
      vertex 10.3325 24.9447 0
      vertex 5.58909 13.4933 0
      vertex 9.34516 25.3312 0
    endloop
  endfacet
  facet normal 0 0 -1
    outer loop
      vertex 5.05504 13.7023 0
      vertex 9.34516 25.3312 0
      vertex 5.58909 13.4933 0
    endloop
  endfacet
  facet normal -0 0 -1
    outer loop
      vertex 9.34516 25.3312 0
      vertex 5.05504 13.7023 0
      vertex 8.34346 25.6785 0
    endloop
  endfacet
  facet normal 0 0 -1
    outer loop
      vertex 4.51319 13.8902 0
      vertex 8.34346 25.6785 0
      vertex 5.05504 13.7023 0
    endloop
  endfacet
  facet normal -0 0 -1
    outer loop
      vertex 8.34346 25.6785 0
      vertex 4.51319 13.8902 0
      vertex 7.32889 25.9863 0
    endloop
  endfacet
  facet normal 0 0 -1
    outer loop
      vertex 3.96439 14.0567 0
      vertex 7.32889 25.9863 0
      vertex 4.51319 13.8902 0
    endloop
  endfacet
  facet normal -0 0 -1
    outer loop
      vertex 7.32889 25.9863 0
      vertex 3.96439 14.0567 0
      vertex 6.30302 26.254 0
    endloop
  endfacet
  facet normal 0 0 -1
    outer loop
      vertex 3.40947 14.2015 0
      vertex 6.30302 26.254 0
      vertex 3.96439 14.0567 0
    endloop
  endfacet
  facet normal -0 0 -1
    outer loop
      vertex 6.30302 26.254 0
      vertex 3.40947 14.2015 0
      vertex 5.26744 26.4812 0
    endloop
  endfacet
  facet normal 0 0 -1
    outer loop
      vertex 2.84929 14.3244 0
      vertex 5.26744 26.4812 0
      vertex 3.40947 14.2015 0
    endloop
  endfacet
  facet normal -0 0 -1
    outer loop
      vertex 5.26744 26.4812 0
      vertex 2.84929 14.3244 0
      vertex 4.22373 26.6676 0
    endloop
  endfacet
  facet normal 0 0 -1
    outer loop
      vertex 2.28473 14.4252 0
      vertex 4.22373 26.6676 0
      vertex 2.84929 14.3244 0
    endloop
  endfacet
  facet normal -0 0 -1
    outer loop
      vertex 4.22373 26.6676 0
      vertex 2.28473 14.4252 0
      vertex 3.17351 26.8128 0
    endloop
  endfacet
  facet normal 0 0 -1
    outer loop
      vertex 1.71663 14.5038 0
      vertex 3.17351 26.8128 0
      vertex 2.28473 14.4252 0
    endloop
  endfacet
  facet normal -0 0 -1
    outer loop
      vertex 3.17351 26.8128 0
      vertex 1.71663 14.5038 0
      vertex 2.11839 26.9168 0
    endloop
  endfacet
  facet normal 0 0 -1
    outer loop
      vertex 1.1459 14.56 0
      vertex 2.11839 26.9168 0
      vertex 1.71663 14.5038 0
    endloop
  endfacet
  facet normal 0 0 -1
    outer loop
      vertex 1.1459 14.56 0
      vertex 1.06001 26.9792 0
      vertex 2.11839 26.9168 0
    endloop
  endfacet
  facet normal 0 0 -1
    outer loop
      vertex 0.573389 14.5937 0
      vertex 1.06001 26.9792 0
      vertex 1.1459 14.56 0
    endloop
  endfacet
  facet normal 0 0 -1
    outer loop
      vertex 0 14.605 0
      vertex 1.06001 26.9792 0
      vertex 0.573389 14.5937 0
    endloop
  endfacet
  facet normal 0 0 -1
    outer loop
      vertex 0 14.605 0
      vertex 0 27 0
      vertex 1.06001 26.9792 0
    endloop
  endfacet
  facet normal 0 0 -1
    outer loop
      vertex -0.573389 14.5937 0
      vertex 0 27 0
      vertex 0 14.605 0
    endloop
  endfacet
  facet normal 0 0 -1
    outer loop
      vertex -0.573389 14.5937 0
      vertex -1.06001 26.9792 0
      vertex 0 27 0
    endloop
  endfacet
  facet normal 0 0 -1
    outer loop
      vertex -1.1459 14.56 0
      vertex -1.06001 26.9792 0
      vertex -0.573389 14.5937 0
    endloop
  endfacet
  facet normal 0 0 -1
    outer loop
      vertex -2.11839 26.9168 0
      vertex -1.1459 14.56 0
      vertex -1.71663 14.5038 0
    endloop
  endfacet
  facet normal 0 0 -1
    outer loop
      vertex -1.1459 14.56 0
      vertex -2.11839 26.9168 0
      vertex -1.06001 26.9792 0
    endloop
  endfacet
  facet normal 0 0 -1
    outer loop
      vertex -3.17351 26.8128 0
      vertex -1.71663 14.5038 0
      vertex -2.28473 14.4252 0
    endloop
  endfacet
  facet normal 0 0 -1
    outer loop
      vertex -4.22373 26.6676 0
      vertex -2.28473 14.4252 0
      vertex -2.84929 14.3244 0
    endloop
  endfacet
  facet normal 0 0 -1
    outer loop
      vertex -1.71663 14.5038 0
      vertex -3.17351 26.8128 0
      vertex -2.11839 26.9168 0
    endloop
  endfacet
  facet normal 0 0 -1
    outer loop
      vertex -5.26744 26.4812 0
      vertex -2.84929 14.3244 0
      vertex -3.40947 14.2015 0
    endloop
  endfacet
  facet normal 0 0 -1
    outer loop
      vertex -6.30302 26.254 0
      vertex -3.40947 14.2015 0
      vertex -3.96439 14.0567 0
    endloop
  endfacet
  facet normal 0 0 -1
    outer loop
      vertex -2.28473 14.4252 0
      vertex -4.22373 26.6676 0
      vertex -3.17351 26.8128 0
    endloop
  endfacet
  facet normal 0 0 -1
    outer loop
      vertex -7.32889 25.9863 0
      vertex -3.96439 14.0567 0
      vertex -4.51319 13.8902 0
    endloop
  endfacet
  facet normal 0 0 -1
    outer loop
      vertex -8.34346 25.6785 0
      vertex -4.51319 13.8902 0
      vertex -5.05504 13.7023 0
    endloop
  endfacet
  facet normal 0 0 -1
    outer loop
      vertex -2.84929 14.3244 0
      vertex -5.26744 26.4812 0
      vertex -4.22373 26.6676 0
    endloop
  endfacet
  facet normal 0 0 -1
    outer loop
      vertex -9.34516 25.3312 0
      vertex -5.05504 13.7023 0
      vertex -5.58909 13.4933 0
    endloop
  endfacet
  facet normal 0 0 -1
    outer loop
      vertex -10.3325 24.9447 0
      vertex -5.58909 13.4933 0
      vertex -6.11452 13.2634 0
    endloop
  endfacet
  facet normal 0 0 -1
    outer loop
      vertex -3.40947 14.2015 0
      vertex -6.30302 26.254 0
      vertex -5.26744 26.4812 0
    endloop
  endfacet
  facet normal 0 0 -1
    outer loop
      vertex -11.3038 24.5199 0
      vertex -6.11452 13.2634 0
      vertex -6.63053 13.0132 0
    endloop
  endfacet
  facet normal 0 0 -1
    outer loop
      vertex -12.2577 24.0572 0
      vertex -6.63053 13.0132 0
      vertex -7.13631 12.7428 0
    endloop
  endfacet
  facet normal 0 0 -1
    outer loop
      vertex -3.96439 14.0567 0
      vertex -7.32889 25.9863 0
      vertex -6.30302 26.254 0
    endloop
  endfacet
  facet normal 0 0 -1
    outer loop
      vertex -13.1928 23.5574 0
      vertex -7.13631 12.7428 0
      vertex -7.63109 12.4528 0
    endloop
  endfacet
  facet normal 0 0 -1
    outer loop
      vertex -14.1075 23.0213 0
      vertex -7.63109 12.4528 0
      vertex -8.1141 12.1436 0
    endloop
  endfacet
  facet normal 0 0 -1
    outer loop
      vertex -4.51319 13.8902 0
      vertex -8.34346 25.6785 0
      vertex -7.32889 25.9863 0
    endloop
  endfacet
  facet normal 0 0 -1
    outer loop
      vertex -15.0004 22.4497 0
      vertex -8.1141 12.1436 0
      vertex -8.5846 11.8157 0
    endloop
  endfacet
  facet normal 0 0 -1
    outer loop
      vertex -15.8702 21.8435 0
      vertex -8.5846 11.8157 0
      vertex -9.04187 11.4696 0
    endloop
  endfacet
  facet normal 0 0 -1
    outer loop
      vertex -5.05504 13.7023 0
      vertex -9.34516 25.3312 0
      vertex -8.34346 25.6785 0
    endloop
  endfacet
  facet normal 0 0 -1
    outer loop
      vertex -16.7155 21.2036 0
      vertex -9.04187 11.4696 0
      vertex -9.48519 11.1057 0
    endloop
  endfacet
  facet normal 0 0 -1
    outer loop
      vertex -17.5351 20.531 0
      vertex -9.48519 11.1057 0
      vertex -9.91388 10.7248 0
    endloop
  endfacet
  facet normal 0 0 -1
    outer loop
      vertex -18.3276 19.8267 0
      vertex -9.91388 10.7248 0
      vertex -10.3273 10.3273 0
    endloop
  endfacet
  facet normal 0 0 -1
    outer loop
      vertex -5.58909 13.4933 0
      vertex -10.3325 24.9447 0
      vertex -9.34516 25.3312 0
    endloop
  endfacet
  facet normal 0 0 -1
    outer loop
      vertex -19.0919 19.0919 0
      vertex -10.3273 10.3273 0
      vertex -10.7248 9.91388 0
    endloop
  endfacet
  facet normal 0 0 -1
    outer loop
      vertex -19.8267 18.3276 0
      vertex -10.7248 9.91388 0
      vertex -11.1057 9.48519 0
    endloop
  endfacet
  facet normal 0 0 -1
    outer loop
      vertex -6.11452 13.2634 0
      vertex -11.3038 24.5199 0
      vertex -10.3325 24.9447 0
    endloop
  endfacet
  facet normal 0 0 -1
    outer loop
      vertex -20.531 17.5351 0
      vertex -11.1057 9.48519 0
      vertex -11.4696 9.04187 0
    endloop
  endfacet
  facet normal 0 0 -1
    outer loop
      vertex -21.2036 16.7155 0
      vertex -11.4696 9.04187 0
      vertex -11.8157 8.5846 0
    endloop
  endfacet
  facet normal 0 0 -1
    outer loop
      vertex -21.8435 15.8702 0
      vertex -11.8157 8.5846 0
      vertex -12.1436 8.1141 0
    endloop
  endfacet
  facet normal 0 0 -1
    outer loop
      vertex -6.63053 13.0132 0
      vertex -12.2577 24.0572 0
      vertex -11.3038 24.5199 0
    endloop
  endfacet
  facet normal 0 0 -1
    outer loop
      vertex -22.4497 15.0004 0
      vertex -12.1436 8.1141 0
      vertex -12.4528 7.63109 0
    endloop
  endfacet
  facet normal 0 0 -1
    outer loop
      vertex -23.0213 14.1075 0
      vertex -12.4528 7.63109 0
      vertex -12.7428 7.13631 0
    endloop
  endfacet
  facet normal 0 0 -1
    outer loop
      vertex -23.5574 13.1928 0
      vertex -12.7428 7.13631 0
      vertex -13.0132 6.63053 0
    endloop
  endfacet
  facet normal 0 0 -1
    outer loop
      vertex -7.13631 12.7428 0
      vertex -13.1928 23.5574 0
      vertex -12.2577 24.0572 0
    endloop
  endfacet
  facet normal 0 0 -1
    outer loop
      vertex -24.0572 12.2577 0
      vertex -13.0132 6.63053 0
      vertex -13.2634 6.11452 0
    endloop
  endfacet
  facet normal 0 0 -1
    outer loop
      vertex -24.5199 11.3038 0
      vertex -13.2634 6.11452 0
      vertex -13.4933 5.58909 0
    endloop
  endfacet
  facet normal 0 0 -1
    outer loop
      vertex -24.9447 10.3325 0
      vertex -13.4933 5.58909 0
      vertex -13.7023 5.05504 0
    endloop
  endfacet
  facet normal 0 0 -1
    outer loop
      vertex -25.3312 9.34516 0
      vertex -13.7023 5.05504 0
      vertex -13.8902 4.51319 0
    endloop
  endfacet
  facet normal 0 0 -1
    outer loop
      vertex -25.6785 8.34346 0
      vertex -13.8902 4.51319 0
      vertex -14.0567 3.96439 0
    endloop
  endfacet
  facet normal 0 0 -1
    outer loop
      vertex -7.63109 12.4528 0
      vertex -14.1075 23.0213 0
      vertex -13.1928 23.5574 0
    endloop
  endfacet
  facet normal 0 0 -1
    outer loop
      vertex -25.9863 7.32889 0
      vertex -14.0567 3.96439 0
      vertex -14.2015 3.40947 0
    endloop
  endfacet
  facet normal 0 0 -1
    outer loop
      vertex -26.254 6.30302 0
      vertex -14.2015 3.40947 0
      vertex -14.3244 2.84929 0
    endloop
  endfacet
  facet normal 0 0 -1
    outer loop
      vertex -26.4812 5.26744 0
      vertex -14.3244 2.84929 0
      vertex -14.4252 2.28473 0
    endloop
  endfacet
  facet normal 0 0 -1
    outer loop
      vertex -26.6676 4.22373 0
      vertex -14.4252 2.28473 0
      vertex -14.5038 1.71663 0
    endloop
  endfacet
  facet normal 0 0 -1
    outer loop
      vertex -26.8128 3.17351 0
      vertex -14.5038 1.71663 0
      vertex -14.56 1.1459 0
    endloop
  endfacet
  facet normal 0 0 -1
    outer loop
      vertex -26.9168 2.11839 0
      vertex -14.56 1.1459 0
      vertex -14.5937 0.573389 0
    endloop
  endfacet
  facet normal 0 0 -1
    outer loop
      vertex -8.1141 12.1436 0
      vertex -15.0004 22.4497 0
      vertex -14.1075 23.0213 0
    endloop
  endfacet
  facet normal 0 0 -1
    outer loop
      vertex -26.9792 1.06001 0
      vertex -14.5937 0.573389 0
      vertex -14.605 0 0
    endloop
  endfacet
  facet normal 0 0 -1
    outer loop
      vertex -24.0572 -12.2577 0
      vertex -13.0132 -6.63053 0
      vertex -23.5574 -13.1928 0
    endloop
  endfacet
  facet normal -0 0 -1
    outer loop
      vertex -13.0132 -6.63053 0
      vertex -24.0572 -12.2577 0
      vertex -13.2634 -6.11452 0
    endloop
  endfacet
  facet normal 0 0 -1
    outer loop
      vertex -8.5846 11.8157 0
      vertex -15.8702 21.8435 0
      vertex -15.0004 22.4497 0
    endloop
  endfacet
  facet normal 0 0 -1
    outer loop
      vertex -24.5199 -11.3038 0
      vertex -13.2634 -6.11452 0
      vertex -24.0572 -12.2577 0
    endloop
  endfacet
  facet normal 0 0 -1
    outer loop
      vertex -9.04187 11.4696 0
      vertex -16.7155 21.2036 0
      vertex -15.8702 21.8435 0
    endloop
  endfacet
  facet normal -0 0 -1
    outer loop
      vertex -13.2634 -6.11452 0
      vertex -24.5199 -11.3038 0
      vertex -13.4933 -5.58909 0
    endloop
  endfacet
  facet normal 0 0 -1
    outer loop
      vertex -9.48519 11.1057 0
      vertex -17.5351 20.531 0
      vertex -16.7155 21.2036 0
    endloop
  endfacet
  facet normal 0 0 -1
    outer loop
      vertex -24.9447 -10.3325 0
      vertex -13.4933 -5.58909 0
      vertex -24.5199 -11.3038 0
    endloop
  endfacet
  facet normal 0 0 -1
    outer loop
      vertex -9.91388 10.7248 0
      vertex -18.3276 19.8267 0
      vertex -17.5351 20.531 0
    endloop
  endfacet
  facet normal -0 0 -1
    outer loop
      vertex -13.4933 -5.58909 0
      vertex -24.9447 -10.3325 0
      vertex -13.7023 -5.05504 0
    endloop
  endfacet
  facet normal 0 0 -1
    outer loop
      vertex -10.3273 10.3273 0
      vertex -19.0919 19.0919 0
      vertex -18.3276 19.8267 0
    endloop
  endfacet
  facet normal 0 0 -1
    outer loop
      vertex -25.3312 -9.34516 0
      vertex -13.7023 -5.05504 0
      vertex -24.9447 -10.3325 0
    endloop
  endfacet
  facet normal 0 0 -1
    outer loop
      vertex -10.7248 9.91388 0
      vertex -19.8267 18.3276 0
      vertex -19.0919 19.0919 0
    endloop
  endfacet
  facet normal -0 0 -1
    outer loop
      vertex -13.7023 -5.05504 0
      vertex -25.3312 -9.34516 0
      vertex -13.8902 -4.51319 0
    endloop
  endfacet
  facet normal 0 0 -1
    outer loop
      vertex -11.1057 9.48519 0
      vertex -20.531 17.5351 0
      vertex -19.8267 18.3276 0
    endloop
  endfacet
  facet normal 0 0 -1
    outer loop
      vertex -25.6785 -8.34346 0
      vertex -13.8902 -4.51319 0
      vertex -25.3312 -9.34516 0
    endloop
  endfacet
  facet normal 0 0 -1
    outer loop
      vertex -11.4696 9.04187 0
      vertex -21.2036 16.7155 0
      vertex -20.531 17.5351 0
    endloop
  endfacet
  facet normal -0 0 -1
    outer loop
      vertex -13.8902 -4.51319 0
      vertex -25.6785 -8.34346 0
      vertex -14.0567 -3.96439 0
    endloop
  endfacet
  facet normal 0 0 -1
    outer loop
      vertex -11.8157 8.5846 0
      vertex -21.8435 15.8702 0
      vertex -21.2036 16.7155 0
    endloop
  endfacet
  facet normal 0 0 -1
    outer loop
      vertex -25.9863 -7.32889 0
      vertex -14.0567 -3.96439 0
      vertex -25.6785 -8.34346 0
    endloop
  endfacet
  facet normal 0 0 -1
    outer loop
      vertex -12.1436 8.1141 0
      vertex -22.4497 15.0004 0
      vertex -21.8435 15.8702 0
    endloop
  endfacet
  facet normal -0 0 -1
    outer loop
      vertex -14.0567 -3.96439 0
      vertex -25.9863 -7.32889 0
      vertex -14.2015 -3.40947 0
    endloop
  endfacet
  facet normal 0 0 -1
    outer loop
      vertex -12.4528 7.63109 0
      vertex -23.0213 14.1075 0
      vertex -22.4497 15.0004 0
    endloop
  endfacet
  facet normal 0 0 -1
    outer loop
      vertex -26.254 -6.30302 0
      vertex -14.2015 -3.40947 0
      vertex -25.9863 -7.32889 0
    endloop
  endfacet
  facet normal 0 0 -1
    outer loop
      vertex -12.7428 7.13631 0
      vertex -23.5574 13.1928 0
      vertex -23.0213 14.1075 0
    endloop
  endfacet
  facet normal -0 0 -1
    outer loop
      vertex -14.2015 -3.40947 0
      vertex -26.254 -6.30302 0
      vertex -14.3244 -2.84929 0
    endloop
  endfacet
  facet normal 0 0 -1
    outer loop
      vertex -13.0132 6.63053 0
      vertex -24.0572 12.2577 0
      vertex -23.5574 13.1928 0
    endloop
  endfacet
  facet normal 0 0 -1
    outer loop
      vertex -26.4812 -5.26744 0
      vertex -14.3244 -2.84929 0
      vertex -26.254 -6.30302 0
    endloop
  endfacet
  facet normal 0 0 -1
    outer loop
      vertex -13.2634 6.11452 0
      vertex -24.5199 11.3038 0
      vertex -24.0572 12.2577 0
    endloop
  endfacet
  facet normal -0 0 -1
    outer loop
      vertex -14.3244 -2.84929 0
      vertex -26.4812 -5.26744 0
      vertex -14.4252 -2.28473 0
    endloop
  endfacet
  facet normal 0 0 -1
    outer loop
      vertex -13.4933 5.58909 0
      vertex -24.9447 10.3325 0
      vertex -24.5199 11.3038 0
    endloop
  endfacet
  facet normal 0 0 -1
    outer loop
      vertex -26.6676 -4.22373 0
      vertex -14.4252 -2.28473 0
      vertex -26.4812 -5.26744 0
    endloop
  endfacet
  facet normal 0 0 -1
    outer loop
      vertex -13.7023 5.05504 0
      vertex -25.3312 9.34516 0
      vertex -24.9447 10.3325 0
    endloop
  endfacet
  facet normal -0 0 -1
    outer loop
      vertex -14.4252 -2.28473 0
      vertex -26.6676 -4.22373 0
      vertex -14.5038 -1.71663 0
    endloop
  endfacet
  facet normal 0 0 -1
    outer loop
      vertex -13.8902 4.51319 0
      vertex -25.6785 8.34346 0
      vertex -25.3312 9.34516 0
    endloop
  endfacet
  facet normal 0 0 -1
    outer loop
      vertex -26.8128 -3.17351 0
      vertex -14.5038 -1.71663 0
      vertex -26.6676 -4.22373 0
    endloop
  endfacet
  facet normal 0 0 -1
    outer loop
      vertex -14.0567 3.96439 0
      vertex -25.9863 7.32889 0
      vertex -25.6785 8.34346 0
    endloop
  endfacet
  facet normal -0 0 -1
    outer loop
      vertex -14.5038 -1.71663 0
      vertex -26.8128 -3.17351 0
      vertex -14.56 -1.1459 0
    endloop
  endfacet
  facet normal 0 0 -1
    outer loop
      vertex -14.2015 3.40947 0
      vertex -26.254 6.30302 0
      vertex -25.9863 7.32889 0
    endloop
  endfacet
  facet normal 0 0 -1
    outer loop
      vertex -26.9168 -2.11839 0
      vertex -14.56 -1.1459 0
      vertex -26.8128 -3.17351 0
    endloop
  endfacet
  facet normal 0 0 -1
    outer loop
      vertex -14.3244 2.84929 0
      vertex -26.4812 5.26744 0
      vertex -26.254 6.30302 0
    endloop
  endfacet
  facet normal -0 0 -1
    outer loop
      vertex -14.56 -1.1459 0
      vertex -26.9168 -2.11839 0
      vertex -14.5937 -0.573389 0
    endloop
  endfacet
  facet normal 0 0 -1
    outer loop
      vertex -14.4252 2.28473 0
      vertex -26.6676 4.22373 0
      vertex -26.4812 5.26744 0
    endloop
  endfacet
  facet normal 0 0 -1
    outer loop
      vertex -26.9792 -1.06001 0
      vertex -14.5937 -0.573389 0
      vertex -26.9168 -2.11839 0
    endloop
  endfacet
  facet normal 0 0 -1
    outer loop
      vertex -14.5038 1.71663 0
      vertex -26.8128 3.17351 0
      vertex -26.6676 4.22373 0
    endloop
  endfacet
  facet normal -0 0 -1
    outer loop
      vertex -14.5937 -0.573389 0
      vertex -26.9792 -1.06001 0
      vertex -14.605 0 0
    endloop
  endfacet
  facet normal 0 0 -1
    outer loop
      vertex -14.56 1.1459 0
      vertex -26.9168 2.11839 0
      vertex -26.8128 3.17351 0
    endloop
  endfacet
  facet normal 0 0 -1
    outer loop
      vertex -27 0 0
      vertex -14.605 0 0
      vertex -26.9792 -1.06001 0
    endloop
  endfacet
  facet normal 0 0 -1
    outer loop
      vertex -14.5937 0.573389 0
      vertex -26.9792 1.06001 0
      vertex -26.9168 2.11839 0
    endloop
  endfacet
  facet normal 0 0 -1
    outer loop
      vertex -14.605 0 0
      vertex -27 0 0
      vertex -26.9792 1.06001 0
    endloop
  endfacet
  facet normal -0.984424 -0.175812 0
    outer loop
      vertex -26.4812 -5.26744 0
      vertex -26.6676 -4.22373 11.5
      vertex -26.6676 -4.22373 0
    endloop
  endfacet
  facet normal -0.984424 -0.175812 0
    outer loop
      vertex -26.6676 -4.22373 11.5
      vertex -26.4812 -5.26744 0
      vertex -26.4812 -5.26744 11.5
    endloop
  endfacet
  facet normal 0.967598 0.252494 0
    outer loop
      vertex 26.254 6.30302 11.5
      vertex 25.9863 7.32889 0
      vertex 25.9863 7.32889 11.5
    endloop
  endfacet
  facet normal 0.967598 0.252494 0
    outer loop
      vertex 25.9863 7.32889 0
      vertex 26.254 6.30302 11.5
      vertex 26.254 6.30302 0
    endloop
  endfacet
  facet normal 0.956932 0.290314 0
    outer loop
      vertex 25.9863 7.32889 11.5
      vertex 25.6785 8.34346 0
      vertex 25.6785 8.34346 11.5
    endloop
  endfacet
  facet normal 0.956932 0.290314 0
    outer loop
      vertex 25.6785 8.34346 0
      vertex 25.9863 7.32889 11.5
      vertex 25.9863 7.32889 0
    endloop
  endfacet
  facet normal 0.820409 0.571777 0
    outer loop
      vertex 22.4497 15.0004 11.5
      vertex 21.8435 15.8702 0
      vertex 21.8435 15.8702 11.5
    endloop
  endfacet
  facet normal 0.820409 0.571777 0
    outer loop
      vertex 21.8435 15.8702 0
      vertex 22.4497 15.0004 11.5
      vertex 22.4497 15.0004 0
    endloop
  endfacet
  facet normal 0.797309 0.603571 0
    outer loop
      vertex 21.8435 15.8702 11.5
      vertex 21.2036 16.7155 0
      vertex 21.2036 16.7155 11.5
    endloop
  endfacet
  facet normal 0.797309 0.603571 0
    outer loop
      vertex 21.2036 16.7155 0
      vertex 21.8435 15.8702 11.5
      vertex 21.8435 15.8702 0
    endloop
  endfacet
  facet normal 0.916207 0.400705 0
    outer loop
      vertex 24.9447 10.3325 11.5
      vertex 24.5199 11.3038 0
      vertex 24.5199 11.3038 11.5
    endloop
  endfacet
  facet normal 0.916207 0.400705 0
    outer loop
      vertex 24.5199 11.3038 0
      vertex 24.9447 10.3325 11.5
      vertex 24.9447 10.3325 0
    endloop
  endfacet
  facet normal 0.252494 0.967598 -0
    outer loop
      vertex 7.32889 25.9863 0
      vertex 6.30302 26.254 11.5
      vertex 7.32889 25.9863 11.5
    endloop
  endfacet
  facet normal 0.252494 0.967598 0
    outer loop
      vertex 6.30302 26.254 11.5
      vertex 7.32889 25.9863 0
      vertex 6.30302 26.254 0
    endloop
  endfacet
  facet normal 0.0980916 0.995177 -0
    outer loop
      vertex 3.17351 26.8128 0
      vertex 2.11839 26.9168 11.5
      vertex 3.17351 26.8128 11.5
    endloop
  endfacet
  facet normal 0.0980916 0.995177 0
    outer loop
      vertex 2.11839 26.9168 11.5
      vertex 3.17351 26.8128 0
      vertex 2.11839 26.9168 0
    endloop
  endfacet
  facet normal 0.400705 0.916207 -0
    outer loop
      vertex 11.3038 24.5199 0
      vertex 10.3325 24.9447 11.5
      vertex 11.3038 24.5199 11.5
    endloop
  endfacet
  facet normal 0.400705 0.916207 0
    outer loop
      vertex 10.3325 24.9447 11.5
      vertex 11.3038 24.5199 0
      vertex 10.3325 24.9447 0
    endloop
  endfacet
  facet normal 0.571777 0.820409 -0
    outer loop
      vertex 15.8702 21.8435 0
      vertex 15.0004 22.4497 11.5
      vertex 15.8702 21.8435 11.5
    endloop
  endfacet
  facet normal 0.571777 0.820409 0
    outer loop
      vertex 15.0004 22.4497 11.5
      vertex 15.8702 21.8435 0
      vertex 15.0004 22.4497 0
    endloop
  endfacet
  facet normal -0.820409 0.571777 0
    outer loop
      vertex -22.4497 15.0004 0
      vertex -21.8435 15.8702 11.5
      vertex -21.8435 15.8702 0
    endloop
  endfacet
  facet normal -0.820409 0.571777 0
    outer loop
      vertex -21.8435 15.8702 11.5
      vertex -22.4497 15.0004 0
      vertex -22.4497 15.0004 11.5
    endloop
  endfacet
  facet normal -0.797309 0.603571 0
    outer loop
      vertex -21.8435 15.8702 0
      vertex -21.2036 16.7155 11.5
      vertex -21.2036 16.7155 0
    endloop
  endfacet
  facet normal -0.797309 0.603571 0
    outer loop
      vertex -21.2036 16.7155 11.5
      vertex -21.8435 15.8702 0
      vertex -21.8435 15.8702 11.5
    endloop
  endfacet
  facet normal -0.916207 0.400705 0
    outer loop
      vertex -24.9447 10.3325 0
      vertex -24.5199 11.3038 11.5
      vertex -24.5199 11.3038 0
    endloop
  endfacet
  facet normal -0.916207 0.400705 0
    outer loop
      vertex -24.5199 11.3038 11.5
      vertex -24.9447 10.3325 0
      vertex -24.9447 10.3325 11.5
    endloop
  endfacet
  facet normal -0.967598 0.252494 0
    outer loop
      vertex -26.254 6.30302 0
      vertex -25.9863 7.32889 11.5
      vertex -25.9863 7.32889 0
    endloop
  endfacet
  facet normal -0.967598 0.252494 0
    outer loop
      vertex -25.9863 7.32889 11.5
      vertex -26.254 6.30302 0
      vertex -26.254 6.30302 11.5
    endloop
  endfacet
  facet normal 0 0 1
    outer loop
      vertex 25.4 0 11.5
      vertex 27 0 11.5
      vertex 26.9792 1.06001 11.5
    endloop
  endfacet
  facet normal 0 0 1
    outer loop
      vertex 25.3804 0.997199 11.5
      vertex 26.9792 1.06001 11.5
      vertex 26.9168 2.11839 11.5
    endloop
  endfacet
  facet normal 0 0 1
    outer loop
      vertex 27 0 11.5
      vertex 25.4 0 11.5
      vertex 26.9792 -1.06001 11.5
    endloop
  endfacet
  facet normal 0 0 1
    outer loop
      vertex 25.3217 1.99286 11.5
      vertex 26.9168 2.11839 11.5
      vertex 26.8128 3.17351 11.5
    endloop
  endfacet
  facet normal -0 0 1
    outer loop
      vertex 25.3804 -0.997199 11.5
      vertex 26.9792 -1.06001 11.5
      vertex 25.4 0 11.5
    endloop
  endfacet
  facet normal 0 0 1
    outer loop
      vertex 25.2239 2.98545 11.5
      vertex 26.8128 3.17351 11.5
      vertex 26.6676 4.22373 11.5
    endloop
  endfacet
  facet normal 0 0 1
    outer loop
      vertex 26.9792 -1.06001 11.5
      vertex 25.3804 -0.997199 11.5
      vertex 26.9168 -2.11839 11.5
    endloop
  endfacet
  facet normal 0 0 1
    outer loop
      vertex 25.0873 3.97344 11.5
      vertex 26.6676 4.22373 11.5
      vertex 26.4812 5.26744 11.5
    endloop
  endfacet
  facet normal -0 0 1
    outer loop
      vertex 25.3217 -1.99286 11.5
      vertex 26.9168 -2.11839 11.5
      vertex 25.3804 -0.997199 11.5
    endloop
  endfacet
  facet normal 0 0 1
    outer loop
      vertex 24.9119 4.95529 11.5
      vertex 26.4812 5.26744 11.5
      vertex 26.254 6.30302 11.5
    endloop
  endfacet
  facet normal 0 0 1
    outer loop
      vertex 26.9168 -2.11839 11.5
      vertex 25.3217 -1.99286 11.5
      vertex 26.8128 -3.17351 11.5
    endloop
  endfacet
  facet normal 0 0 1
    outer loop
      vertex 24.6982 5.92951 11.5
      vertex 26.254 6.30302 11.5
      vertex 25.9863 7.32889 11.5
    endloop
  endfacet
  facet normal -0 0 1
    outer loop
      vertex 25.2239 -2.98545 11.5
      vertex 26.8128 -3.17351 11.5
      vertex 25.3217 -1.99286 11.5
    endloop
  endfacet
  facet normal 0 0 1
    outer loop
      vertex 24.4464 6.89459 11.5
      vertex 25.9863 7.32889 11.5
      vertex 25.6785 8.34346 11.5
    endloop
  endfacet
  facet normal 0 0 1
    outer loop
      vertex 26.8128 -3.17351 11.5
      vertex 25.2239 -2.98545 11.5
      vertex 26.6676 -4.22373 11.5
    endloop
  endfacet
  facet normal -0 0 1
    outer loop
      vertex 25.0873 -3.97344 11.5
      vertex 26.6676 -4.22373 11.5
      vertex 25.2239 -2.98545 11.5
    endloop
  endfacet
  facet normal 0 0 1
    outer loop
      vertex 26.9792 1.06001 11.5
      vertex 25.3804 0.997199 11.5
      vertex 25.4 0 11.5
    endloop
  endfacet
  facet normal 0 0 1
    outer loop
      vertex 24.1568 7.84903 11.5
      vertex 25.6785 8.34346 11.5
      vertex 25.3312 9.34516 11.5
    endloop
  endfacet
  facet normal 0 0 1
    outer loop
      vertex 26.9168 2.11839 11.5
      vertex 25.3217 1.99286 11.5
      vertex 25.3804 0.997199 11.5
    endloop
  endfacet
  facet normal 0 0 1
    outer loop
      vertex 26.8128 3.17351 11.5
      vertex 25.2239 2.98545 11.5
      vertex 25.3217 1.99286 11.5
    endloop
  endfacet
  facet normal 0 0 1
    outer loop
      vertex 26.6676 4.22373 11.5
      vertex 25.0873 3.97344 11.5
      vertex 25.2239 2.98545 11.5
    endloop
  endfacet
  facet normal 0 0 1
    outer loop
      vertex 23.8301 8.79137 11.5
      vertex 25.3312 9.34516 11.5
      vertex 24.9447 10.3325 11.5
    endloop
  endfacet
  facet normal 0 0 1
    outer loop
      vertex 26.4812 5.26744 11.5
      vertex 24.9119 4.95529 11.5
      vertex 25.0873 3.97344 11.5
    endloop
  endfacet
  facet normal 0 0 1
    outer loop
      vertex 26.254 6.30302 11.5
      vertex 24.6982 5.92951 11.5
      vertex 24.9119 4.95529 11.5
    endloop
  endfacet
  facet normal 0 0 1
    outer loop
      vertex 23.4665 9.72016 11.5
      vertex 24.9447 10.3325 11.5
      vertex 24.5199 11.3038 11.5
    endloop
  endfacet
  facet normal 0 0 1
    outer loop
      vertex 25.9863 7.32889 11.5
      vertex 24.4464 6.89459 11.5
      vertex 24.6982 5.92951 11.5
    endloop
  endfacet
  facet normal 0 0 1
    outer loop
      vertex 25.6785 8.34346 11.5
      vertex 24.1568 7.84903 11.5
      vertex 24.4464 6.89459 11.5
    endloop
  endfacet
  facet normal 0 0 1
    outer loop
      vertex 23.0668 10.634 11.5
      vertex 24.5199 11.3038 11.5
      vertex 24.0572 12.2577 11.5
    endloop
  endfacet
  facet normal 0 0 1
    outer loop
      vertex 25.3312 9.34516 11.5
      vertex 23.8301 8.79137 11.5
      vertex 24.1568 7.84903 11.5
    endloop
  endfacet
  facet normal 0 0 1
    outer loop
      vertex 22.6316 11.5314 11.5
      vertex 24.0572 12.2577 11.5
      vertex 23.5574 13.1928 11.5
    endloop
  endfacet
  facet normal 0 0 1
    outer loop
      vertex 24.9447 10.3325 11.5
      vertex 23.4665 9.72016 11.5
      vertex 23.8301 8.79137 11.5
    endloop
  endfacet
  facet normal 0 0 1
    outer loop
      vertex 24.5199 11.3038 11.5
      vertex 23.0668 10.634 11.5
      vertex 23.4665 9.72016 11.5
    endloop
  endfacet
  facet normal 0 0 1
    outer loop
      vertex 22.1614 12.411 11.5
      vertex 23.5574 13.1928 11.5
      vertex 23.0213 14.1075 11.5
    endloop
  endfacet
  facet normal 0 0 1
    outer loop
      vertex 24.0572 12.2577 11.5
      vertex 22.6316 11.5314 11.5
      vertex 23.0668 10.634 11.5
    endloop
  endfacet
  facet normal 0 0 1
    outer loop
      vertex 21.6571 13.2715 11.5
      vertex 23.0213 14.1075 11.5
      vertex 22.4497 15.0004 11.5
    endloop
  endfacet
  facet normal 0 0 1
    outer loop
      vertex 23.5574 13.1928 11.5
      vertex 22.1614 12.411 11.5
      vertex 22.6316 11.5314 11.5
    endloop
  endfacet
  facet normal 0 0 1
    outer loop
      vertex 21.1193 14.1115 11.5
      vertex 22.4497 15.0004 11.5
      vertex 21.8435 15.8702 11.5
    endloop
  endfacet
  facet normal 0 0 1
    outer loop
      vertex 23.0213 14.1075 11.5
      vertex 21.6571 13.2715 11.5
      vertex 22.1614 12.411 11.5
    endloop
  endfacet
  facet normal 0 0 1
    outer loop
      vertex 20.549 14.9297 11.5
      vertex 21.8435 15.8702 11.5
      vertex 21.2036 16.7155 11.5
    endloop
  endfacet
  facet normal 0 0 1
    outer loop
      vertex 22.4497 15.0004 11.5
      vertex 21.1193 14.1115 11.5
      vertex 21.6571 13.2715 11.5
    endloop
  endfacet
  facet normal 0 0 1
    outer loop
      vertex 21.8435 15.8702 11.5
      vertex 20.549 14.9297 11.5
      vertex 21.1193 14.1115 11.5
    endloop
  endfacet
  facet normal 0 0 1
    outer loop
      vertex 19.947 15.725 11.5
      vertex 21.2036 16.7155 11.5
      vertex 20.531 17.5351 11.5
    endloop
  endfacet
  facet normal 0 0 1
    outer loop
      vertex 21.2036 16.7155 11.5
      vertex 19.947 15.725 11.5
      vertex 20.549 14.9297 11.5
    endloop
  endfacet
  facet normal 0 0 1
    outer loop
      vertex 19.3143 16.496 11.5
      vertex 20.531 17.5351 11.5
      vertex 19.8267 18.3276 11.5
    endloop
  endfacet
  facet normal 0 0 1
    outer loop
      vertex 20.531 17.5351 11.5
      vertex 19.3143 16.496 11.5
      vertex 19.947 15.725 11.5
    endloop
  endfacet
  facet normal 0 0 1
    outer loop
      vertex 18.6518 17.2415 11.5
      vertex 19.8267 18.3276 11.5
      vertex 19.0919 19.0919 11.5
    endloop
  endfacet
  facet normal 0 0 1
    outer loop
      vertex 19.8267 18.3276 11.5
      vertex 18.6518 17.2415 11.5
      vertex 19.3143 16.496 11.5
    endloop
  endfacet
  facet normal 0 0 1
    outer loop
      vertex 17.9605 17.9605 11.5
      vertex 19.0919 19.0919 11.5
      vertex 18.3276 19.8267 11.5
    endloop
  endfacet
  facet normal 0 0 1
    outer loop
      vertex 19.0919 19.0919 11.5
      vertex 17.9605 17.9605 11.5
      vertex 18.6518 17.2415 11.5
    endloop
  endfacet
  facet normal 0 0 1
    outer loop
      vertex 17.2415 18.6518 11.5
      vertex 18.3276 19.8267 11.5
      vertex 17.5351 20.531 11.5
    endloop
  endfacet
  facet normal 0 0 1
    outer loop
      vertex 18.3276 19.8267 11.5
      vertex 17.2415 18.6518 11.5
      vertex 17.9605 17.9605 11.5
    endloop
  endfacet
  facet normal 0 0 1
    outer loop
      vertex 16.496 19.3143 11.5
      vertex 17.5351 20.531 11.5
      vertex 16.7155 21.2036 11.5
    endloop
  endfacet
  facet normal 0 0 1
    outer loop
      vertex 17.5351 20.531 11.5
      vertex 16.496 19.3143 11.5
      vertex 17.2415 18.6518 11.5
    endloop
  endfacet
  facet normal 0 0 1
    outer loop
      vertex 15.725 19.947 11.5
      vertex 16.7155 21.2036 11.5
      vertex 15.8702 21.8435 11.5
    endloop
  endfacet
  facet normal 0 0 1
    outer loop
      vertex 16.7155 21.2036 11.5
      vertex 15.725 19.947 11.5
      vertex 16.496 19.3143 11.5
    endloop
  endfacet
  facet normal 0 0 1
    outer loop
      vertex 14.9297 20.549 11.5
      vertex 15.8702 21.8435 11.5
      vertex 15.0004 22.4497 11.5
    endloop
  endfacet
  facet normal 0 0 1
    outer loop
      vertex 15.8702 21.8435 11.5
      vertex 14.9297 20.549 11.5
      vertex 15.725 19.947 11.5
    endloop
  endfacet
  facet normal 0 0 1
    outer loop
      vertex 15.0004 22.4497 11.5
      vertex 14.1115 21.1193 11.5
      vertex 14.9297 20.549 11.5
    endloop
  endfacet
  facet normal 0 0 1
    outer loop
      vertex 14.1075 23.0213 11.5
      vertex 14.1115 21.1193 11.5
      vertex 15.0004 22.4497 11.5
    endloop
  endfacet
  facet normal 0 0 1
    outer loop
      vertex 14.1075 23.0213 11.5
      vertex 13.2715 21.6571 11.5
      vertex 14.1115 21.1193 11.5
    endloop
  endfacet
  facet normal 0 0 1
    outer loop
      vertex 13.1928 23.5574 11.5
      vertex 13.2715 21.6571 11.5
      vertex 14.1075 23.0213 11.5
    endloop
  endfacet
  facet normal 0 0 1
    outer loop
      vertex 13.1928 23.5574 11.5
      vertex 12.411 22.1614 11.5
      vertex 13.2715 21.6571 11.5
    endloop
  endfacet
  facet normal 0 0 1
    outer loop
      vertex 12.2577 24.0572 11.5
      vertex 12.411 22.1614 11.5
      vertex 13.1928 23.5574 11.5
    endloop
  endfacet
  facet normal 0 0 1
    outer loop
      vertex 12.2577 24.0572 11.5
      vertex 11.5314 22.6316 11.5
      vertex 12.411 22.1614 11.5
    endloop
  endfacet
  facet normal 0 0 1
    outer loop
      vertex 11.3038 24.5199 11.5
      vertex 11.5314 22.6316 11.5
      vertex 12.2577 24.0572 11.5
    endloop
  endfacet
  facet normal 0 0 1
    outer loop
      vertex 11.3038 24.5199 11.5
      vertex 10.634 23.0668 11.5
      vertex 11.5314 22.6316 11.5
    endloop
  endfacet
  facet normal 0 0 1
    outer loop
      vertex 10.3325 24.9447 11.5
      vertex 10.634 23.0668 11.5
      vertex 11.3038 24.5199 11.5
    endloop
  endfacet
  facet normal 0 0 1
    outer loop
      vertex 10.3325 24.9447 11.5
      vertex 9.72016 23.4665 11.5
      vertex 10.634 23.0668 11.5
    endloop
  endfacet
  facet normal 0 0 1
    outer loop
      vertex 9.34516 25.3312 11.5
      vertex 9.72016 23.4665 11.5
      vertex 10.3325 24.9447 11.5
    endloop
  endfacet
  facet normal 0 0 1
    outer loop
      vertex 9.34516 25.3312 11.5
      vertex 8.79137 23.8301 11.5
      vertex 9.72016 23.4665 11.5
    endloop
  endfacet
  facet normal 0 0 1
    outer loop
      vertex 8.34346 25.6785 11.5
      vertex 8.79137 23.8301 11.5
      vertex 9.34516 25.3312 11.5
    endloop
  endfacet
  facet normal 0 0 1
    outer loop
      vertex 8.34346 25.6785 11.5
      vertex 7.84903 24.1568 11.5
      vertex 8.79137 23.8301 11.5
    endloop
  endfacet
  facet normal 0 0 1
    outer loop
      vertex 7.32889 25.9863 11.5
      vertex 7.84903 24.1568 11.5
      vertex 8.34346 25.6785 11.5
    endloop
  endfacet
  facet normal 0 0 1
    outer loop
      vertex 7.32889 25.9863 11.5
      vertex 6.89459 24.4464 11.5
      vertex 7.84903 24.1568 11.5
    endloop
  endfacet
  facet normal 0 0 1
    outer loop
      vertex 6.30302 26.254 11.5
      vertex 6.89459 24.4464 11.5
      vertex 7.32889 25.9863 11.5
    endloop
  endfacet
  facet normal 0 0 1
    outer loop
      vertex 6.30302 26.254 11.5
      vertex 5.92951 24.6982 11.5
      vertex 6.89459 24.4464 11.5
    endloop
  endfacet
  facet normal 0 0 1
    outer loop
      vertex 5.26744 26.4812 11.5
      vertex 5.92951 24.6982 11.5
      vertex 6.30302 26.254 11.5
    endloop
  endfacet
  facet normal 0 0 1
    outer loop
      vertex 5.26744 26.4812 11.5
      vertex 4.95529 24.9119 11.5
      vertex 5.92951 24.6982 11.5
    endloop
  endfacet
  facet normal 0 0 1
    outer loop
      vertex 4.22373 26.6676 11.5
      vertex 4.95529 24.9119 11.5
      vertex 5.26744 26.4812 11.5
    endloop
  endfacet
  facet normal 0 0 1
    outer loop
      vertex 4.22373 26.6676 11.5
      vertex 3.97344 25.0873 11.5
      vertex 4.95529 24.9119 11.5
    endloop
  endfacet
  facet normal 0 0 1
    outer loop
      vertex 3.17351 26.8128 11.5
      vertex 3.97344 25.0873 11.5
      vertex 4.22373 26.6676 11.5
    endloop
  endfacet
  facet normal 0 0 1
    outer loop
      vertex 3.17351 26.8128 11.5
      vertex 2.98545 25.2239 11.5
      vertex 3.97344 25.0873 11.5
    endloop
  endfacet
  facet normal 0 0 1
    outer loop
      vertex 2.11839 26.9168 11.5
      vertex 2.98545 25.2239 11.5
      vertex 3.17351 26.8128 11.5
    endloop
  endfacet
  facet normal 0 0 1
    outer loop
      vertex 2.11839 26.9168 11.5
      vertex 1.99286 25.3217 11.5
      vertex 2.98545 25.2239 11.5
    endloop
  endfacet
  facet normal 0 0 1
    outer loop
      vertex 1.06001 26.9792 11.5
      vertex 1.99286 25.3217 11.5
      vertex 2.11839 26.9168 11.5
    endloop
  endfacet
  facet normal 0 0 1
    outer loop
      vertex 1.06001 26.9792 11.5
      vertex 0.997199 25.3804 11.5
      vertex 1.99286 25.3217 11.5
    endloop
  endfacet
  facet normal 0 0 1
    outer loop
      vertex 0 27 11.5
      vertex 0.997199 25.3804 11.5
      vertex 1.06001 26.9792 11.5
    endloop
  endfacet
  facet normal 0 0 1
    outer loop
      vertex 0 27 11.5
      vertex 0 25.4 11.5
      vertex 0.997199 25.3804 11.5
    endloop
  endfacet
  facet normal 0 0 1
    outer loop
      vertex 0 27 11.5
      vertex -0.997199 25.3804 11.5
      vertex 0 25.4 11.5
    endloop
  endfacet
  facet normal -0 0 1
    outer loop
      vertex -1.06001 26.9792 11.5
      vertex -0.997199 25.3804 11.5
      vertex 0 27 11.5
    endloop
  endfacet
  facet normal 0 0 1
    outer loop
      vertex -1.06001 26.9792 11.5
      vertex -1.99286 25.3217 11.5
      vertex -0.997199 25.3804 11.5
    endloop
  endfacet
  facet normal -0 0 1
    outer loop
      vertex -2.11839 26.9168 11.5
      vertex -1.99286 25.3217 11.5
      vertex -1.06001 26.9792 11.5
    endloop
  endfacet
  facet normal 0 0 1
    outer loop
      vertex -2.11839 26.9168 11.5
      vertex -2.98545 25.2239 11.5
      vertex -1.99286 25.3217 11.5
    endloop
  endfacet
  facet normal -0 0 1
    outer loop
      vertex -3.17351 26.8128 11.5
      vertex -2.98545 25.2239 11.5
      vertex -2.11839 26.9168 11.5
    endloop
  endfacet
  facet normal 0 0 1
    outer loop
      vertex -3.17351 26.8128 11.5
      vertex -3.97344 25.0873 11.5
      vertex -2.98545 25.2239 11.5
    endloop
  endfacet
  facet normal -0 0 1
    outer loop
      vertex -4.22373 26.6676 11.5
      vertex -3.97344 25.0873 11.5
      vertex -3.17351 26.8128 11.5
    endloop
  endfacet
  facet normal 0 0 1
    outer loop
      vertex -4.22373 26.6676 11.5
      vertex -4.95529 24.9119 11.5
      vertex -3.97344 25.0873 11.5
    endloop
  endfacet
  facet normal -0 0 1
    outer loop
      vertex -5.26744 26.4812 11.5
      vertex -4.95529 24.9119 11.5
      vertex -4.22373 26.6676 11.5
    endloop
  endfacet
  facet normal 0 0 1
    outer loop
      vertex -5.26744 26.4812 11.5
      vertex -5.92951 24.6982 11.5
      vertex -4.95529 24.9119 11.5
    endloop
  endfacet
  facet normal -0 0 1
    outer loop
      vertex -6.30302 26.254 11.5
      vertex -5.92951 24.6982 11.5
      vertex -5.26744 26.4812 11.5
    endloop
  endfacet
  facet normal 0 0 1
    outer loop
      vertex -6.30302 26.254 11.5
      vertex -6.89459 24.4464 11.5
      vertex -5.92951 24.6982 11.5
    endloop
  endfacet
  facet normal -0 0 1
    outer loop
      vertex -7.32889 25.9863 11.5
      vertex -6.89459 24.4464 11.5
      vertex -6.30302 26.254 11.5
    endloop
  endfacet
  facet normal 0 0 1
    outer loop
      vertex -7.32889 25.9863 11.5
      vertex -7.84903 24.1568 11.5
      vertex -6.89459 24.4464 11.5
    endloop
  endfacet
  facet normal -0 0 1
    outer loop
      vertex -8.34346 25.6785 11.5
      vertex -7.84903 24.1568 11.5
      vertex -7.32889 25.9863 11.5
    endloop
  endfacet
  facet normal 0 0 1
    outer loop
      vertex -8.34346 25.6785 11.5
      vertex -8.79137 23.8301 11.5
      vertex -7.84903 24.1568 11.5
    endloop
  endfacet
  facet normal -0 0 1
    outer loop
      vertex -9.34516 25.3312 11.5
      vertex -8.79137 23.8301 11.5
      vertex -8.34346 25.6785 11.5
    endloop
  endfacet
  facet normal 0 0 1
    outer loop
      vertex -9.34516 25.3312 11.5
      vertex -9.72016 23.4665 11.5
      vertex -8.79137 23.8301 11.5
    endloop
  endfacet
  facet normal -0 0 1
    outer loop
      vertex -10.3325 24.9447 11.5
      vertex -9.72016 23.4665 11.5
      vertex -9.34516 25.3312 11.5
    endloop
  endfacet
  facet normal 0 0 1
    outer loop
      vertex -10.3325 24.9447 11.5
      vertex -10.634 23.0668 11.5
      vertex -9.72016 23.4665 11.5
    endloop
  endfacet
  facet normal -0 0 1
    outer loop
      vertex -11.3038 24.5199 11.5
      vertex -10.634 23.0668 11.5
      vertex -10.3325 24.9447 11.5
    endloop
  endfacet
  facet normal 0 0 1
    outer loop
      vertex -11.3038 24.5199 11.5
      vertex -11.5314 22.6316 11.5
      vertex -10.634 23.0668 11.5
    endloop
  endfacet
  facet normal -0 0 1
    outer loop
      vertex -12.2577 24.0572 11.5
      vertex -11.5314 22.6316 11.5
      vertex -11.3038 24.5199 11.5
    endloop
  endfacet
  facet normal 0 0 1
    outer loop
      vertex -12.2577 24.0572 11.5
      vertex -12.411 22.1614 11.5
      vertex -11.5314 22.6316 11.5
    endloop
  endfacet
  facet normal -0 0 1
    outer loop
      vertex -13.1928 23.5574 11.5
      vertex -12.411 22.1614 11.5
      vertex -12.2577 24.0572 11.5
    endloop
  endfacet
  facet normal 0 0 1
    outer loop
      vertex -13.1928 23.5574 11.5
      vertex -13.2715 21.6571 11.5
      vertex -12.411 22.1614 11.5
    endloop
  endfacet
  facet normal -0 0 1
    outer loop
      vertex -14.1075 23.0213 11.5
      vertex -13.2715 21.6571 11.5
      vertex -13.1928 23.5574 11.5
    endloop
  endfacet
  facet normal 0 0 1
    outer loop
      vertex -14.1075 23.0213 11.5
      vertex -14.1115 21.1193 11.5
      vertex -13.2715 21.6571 11.5
    endloop
  endfacet
  facet normal -0 0 1
    outer loop
      vertex -15.0004 22.4497 11.5
      vertex -14.1115 21.1193 11.5
      vertex -14.1075 23.0213 11.5
    endloop
  endfacet
  facet normal 0 0 1
    outer loop
      vertex -14.1115 21.1193 11.5
      vertex -15.0004 22.4497 11.5
      vertex -14.9297 20.549 11.5
    endloop
  endfacet
  facet normal -0 0 1
    outer loop
      vertex -15.8702 21.8435 11.5
      vertex -14.9297 20.549 11.5
      vertex -15.0004 22.4497 11.5
    endloop
  endfacet
  facet normal 0 0 1
    outer loop
      vertex -14.9297 20.549 11.5
      vertex -15.8702 21.8435 11.5
      vertex -15.725 19.947 11.5
    endloop
  endfacet
  facet normal -0 0 1
    outer loop
      vertex -16.7155 21.2036 11.5
      vertex -15.725 19.947 11.5
      vertex -15.8702 21.8435 11.5
    endloop
  endfacet
  facet normal 0 0 1
    outer loop
      vertex -15.725 19.947 11.5
      vertex -16.7155 21.2036 11.5
      vertex -16.496 19.3143 11.5
    endloop
  endfacet
  facet normal -0 0 1
    outer loop
      vertex -17.5351 20.531 11.5
      vertex -16.496 19.3143 11.5
      vertex -16.7155 21.2036 11.5
    endloop
  endfacet
  facet normal 0 0 1
    outer loop
      vertex -16.496 19.3143 11.5
      vertex -17.5351 20.531 11.5
      vertex -17.2415 18.6518 11.5
    endloop
  endfacet
  facet normal -0 0 1
    outer loop
      vertex -18.3276 19.8267 11.5
      vertex -17.2415 18.6518 11.5
      vertex -17.5351 20.531 11.5
    endloop
  endfacet
  facet normal 0 0 1
    outer loop
      vertex -17.2415 18.6518 11.5
      vertex -18.3276 19.8267 11.5
      vertex -17.9605 17.9605 11.5
    endloop
  endfacet
  facet normal -0 0 1
    outer loop
      vertex -19.0919 19.0919 11.5
      vertex -17.9605 17.9605 11.5
      vertex -18.3276 19.8267 11.5
    endloop
  endfacet
  facet normal 0 0 1
    outer loop
      vertex -17.9605 17.9605 11.5
      vertex -19.0919 19.0919 11.5
      vertex -18.6518 17.2415 11.5
    endloop
  endfacet
  facet normal -0 0 1
    outer loop
      vertex -19.8267 18.3276 11.5
      vertex -18.6518 17.2415 11.5
      vertex -19.0919 19.0919 11.5
    endloop
  endfacet
  facet normal 0 0 1
    outer loop
      vertex -18.6518 17.2415 11.5
      vertex -19.8267 18.3276 11.5
      vertex -19.3143 16.496 11.5
    endloop
  endfacet
  facet normal -0 0 1
    outer loop
      vertex -20.531 17.5351 11.5
      vertex -19.3143 16.496 11.5
      vertex -19.8267 18.3276 11.5
    endloop
  endfacet
  facet normal 0 0 1
    outer loop
      vertex -19.3143 16.496 11.5
      vertex -20.531 17.5351 11.5
      vertex -19.947 15.725 11.5
    endloop
  endfacet
  facet normal -0 0 1
    outer loop
      vertex -21.2036 16.7155 11.5
      vertex -19.947 15.725 11.5
      vertex -20.531 17.5351 11.5
    endloop
  endfacet
  facet normal 0 0 1
    outer loop
      vertex -19.947 15.725 11.5
      vertex -21.2036 16.7155 11.5
      vertex -20.549 14.9297 11.5
    endloop
  endfacet
  facet normal -0 0 1
    outer loop
      vertex -21.8435 15.8702 11.5
      vertex -20.549 14.9297 11.5
      vertex -21.2036 16.7155 11.5
    endloop
  endfacet
  facet normal 0 0 1
    outer loop
      vertex -20.549 14.9297 11.5
      vertex -21.8435 15.8702 11.5
      vertex -21.1193 14.1115 11.5
    endloop
  endfacet
  facet normal -0 0 1
    outer loop
      vertex -22.4497 15.0004 11.5
      vertex -21.1193 14.1115 11.5
      vertex -21.8435 15.8702 11.5
    endloop
  endfacet
  facet normal 0 0 1
    outer loop
      vertex -21.1193 14.1115 11.5
      vertex -22.4497 15.0004 11.5
      vertex -21.6571 13.2715 11.5
    endloop
  endfacet
  facet normal -0 0 1
    outer loop
      vertex -23.0213 14.1075 11.5
      vertex -21.6571 13.2715 11.5
      vertex -22.4497 15.0004 11.5
    endloop
  endfacet
  facet normal 0 0 1
    outer loop
      vertex -21.6571 13.2715 11.5
      vertex -23.0213 14.1075 11.5
      vertex -22.1614 12.411 11.5
    endloop
  endfacet
  facet normal -0 0 1
    outer loop
      vertex -23.5574 13.1928 11.5
      vertex -22.1614 12.411 11.5
      vertex -23.0213 14.1075 11.5
    endloop
  endfacet
  facet normal 0 0 1
    outer loop
      vertex -22.1614 12.411 11.5
      vertex -23.5574 13.1928 11.5
      vertex -22.6316 11.5314 11.5
    endloop
  endfacet
  facet normal -0 0 1
    outer loop
      vertex -24.0572 12.2577 11.5
      vertex -22.6316 11.5314 11.5
      vertex -23.5574 13.1928 11.5
    endloop
  endfacet
  facet normal 0 0 1
    outer loop
      vertex -22.6316 11.5314 11.5
      vertex -24.0572 12.2577 11.5
      vertex -23.0668 10.634 11.5
    endloop
  endfacet
  facet normal -0 0 1
    outer loop
      vertex -24.5199 11.3038 11.5
      vertex -23.0668 10.634 11.5
      vertex -24.0572 12.2577 11.5
    endloop
  endfacet
  facet normal 0 0 1
    outer loop
      vertex -23.0668 10.634 11.5
      vertex -24.5199 11.3038 11.5
      vertex -23.4665 9.72016 11.5
    endloop
  endfacet
  facet normal -0 0 1
    outer loop
      vertex -24.9447 10.3325 11.5
      vertex -23.4665 9.72016 11.5
      vertex -24.5199 11.3038 11.5
    endloop
  endfacet
  facet normal 0 0 1
    outer loop
      vertex -23.4665 9.72016 11.5
      vertex -24.9447 10.3325 11.5
      vertex -23.8301 8.79137 11.5
    endloop
  endfacet
  facet normal -0 0 1
    outer loop
      vertex -25.3312 9.34516 11.5
      vertex -23.8301 8.79137 11.5
      vertex -24.9447 10.3325 11.5
    endloop
  endfacet
  facet normal 0 0 1
    outer loop
      vertex -23.8301 8.79137 11.5
      vertex -25.3312 9.34516 11.5
      vertex -24.1568 7.84903 11.5
    endloop
  endfacet
  facet normal -0 0 1
    outer loop
      vertex -25.6785 8.34346 11.5
      vertex -24.1568 7.84903 11.5
      vertex -25.3312 9.34516 11.5
    endloop
  endfacet
  facet normal 0 0 1
    outer loop
      vertex -24.1568 7.84903 11.5
      vertex -25.6785 8.34346 11.5
      vertex -24.4464 6.89459 11.5
    endloop
  endfacet
  facet normal -0 0 1
    outer loop
      vertex -25.9863 7.32889 11.5
      vertex -24.4464 6.89459 11.5
      vertex -25.6785 8.34346 11.5
    endloop
  endfacet
  facet normal 0 0 1
    outer loop
      vertex -24.4464 6.89459 11.5
      vertex -25.9863 7.32889 11.5
      vertex -24.6982 5.92951 11.5
    endloop
  endfacet
  facet normal -0 0 1
    outer loop
      vertex -26.254 6.30302 11.5
      vertex -24.6982 5.92951 11.5
      vertex -25.9863 7.32889 11.5
    endloop
  endfacet
  facet normal 0 0 1
    outer loop
      vertex -24.6982 5.92951 11.5
      vertex -26.254 6.30302 11.5
      vertex -24.9119 4.95529 11.5
    endloop
  endfacet
  facet normal -0 0 1
    outer loop
      vertex -26.4812 5.26744 11.5
      vertex -24.9119 4.95529 11.5
      vertex -26.254 6.30302 11.5
    endloop
  endfacet
  facet normal 0 0 1
    outer loop
      vertex -24.9119 4.95529 11.5
      vertex -26.4812 5.26744 11.5
      vertex -25.0873 3.97344 11.5
    endloop
  endfacet
  facet normal -0 0 1
    outer loop
      vertex -26.6676 4.22373 11.5
      vertex -25.0873 3.97344 11.5
      vertex -26.4812 5.26744 11.5
    endloop
  endfacet
  facet normal 0 0 1
    outer loop
      vertex 26.6676 -4.22373 11.5
      vertex 25.0873 -3.97344 11.5
      vertex 26.4812 -5.26744 11.5
    endloop
  endfacet
  facet normal -0 0 1
    outer loop
      vertex 24.9119 -4.95529 11.5
      vertex 26.4812 -5.26744 11.5
      vertex 25.0873 -3.97344 11.5
    endloop
  endfacet
  facet normal 0 0 1
    outer loop
      vertex 26.4812 -5.26744 11.5
      vertex 24.9119 -4.95529 11.5
      vertex 26.254 -6.30302 11.5
    endloop
  endfacet
  facet normal -0 0 1
    outer loop
      vertex 24.6982 -5.92951 11.5
      vertex 26.254 -6.30302 11.5
      vertex 24.9119 -4.95529 11.5
    endloop
  endfacet
  facet normal 0 0 1
    outer loop
      vertex 26.254 -6.30302 11.5
      vertex 24.6982 -5.92951 11.5
      vertex 25.9863 -7.32889 11.5
    endloop
  endfacet
  facet normal -0 0 1
    outer loop
      vertex 24.4464 -6.89459 11.5
      vertex 25.9863 -7.32889 11.5
      vertex 24.6982 -5.92951 11.5
    endloop
  endfacet
  facet normal 0 0 1
    outer loop
      vertex 25.9863 -7.32889 11.5
      vertex 24.4464 -6.89459 11.5
      vertex 25.6785 -8.34346 11.5
    endloop
  endfacet
  facet normal -0 0 1
    outer loop
      vertex 24.1568 -7.84903 11.5
      vertex 25.6785 -8.34346 11.5
      vertex 24.4464 -6.89459 11.5
    endloop
  endfacet
  facet normal 0 0 1
    outer loop
      vertex 25.6785 -8.34346 11.5
      vertex 24.1568 -7.84903 11.5
      vertex 25.3312 -9.34516 11.5
    endloop
  endfacet
  facet normal -0 0 1
    outer loop
      vertex 23.8301 -8.79137 11.5
      vertex 25.3312 -9.34516 11.5
      vertex 24.1568 -7.84903 11.5
    endloop
  endfacet
  facet normal 0 0 1
    outer loop
      vertex 25.3312 -9.34516 11.5
      vertex 23.8301 -8.79137 11.5
      vertex 24.9447 -10.3325 11.5
    endloop
  endfacet
  facet normal -0 0 1
    outer loop
      vertex 23.4665 -9.72016 11.5
      vertex 24.9447 -10.3325 11.5
      vertex 23.8301 -8.79137 11.5
    endloop
  endfacet
  facet normal 0 0 1
    outer loop
      vertex 24.9447 -10.3325 11.5
      vertex 23.4665 -9.72016 11.5
      vertex 24.5199 -11.3038 11.5
    endloop
  endfacet
  facet normal -0 0 1
    outer loop
      vertex 23.0668 -10.634 11.5
      vertex 24.5199 -11.3038 11.5
      vertex 23.4665 -9.72016 11.5
    endloop
  endfacet
  facet normal 0 0 1
    outer loop
      vertex 24.5199 -11.3038 11.5
      vertex 23.0668 -10.634 11.5
      vertex 24.0572 -12.2577 11.5
    endloop
  endfacet
  facet normal -0 0 1
    outer loop
      vertex 22.6316 -11.5314 11.5
      vertex 24.0572 -12.2577 11.5
      vertex 23.0668 -10.634 11.5
    endloop
  endfacet
  facet normal 0 0 1
    outer loop
      vertex 24.0572 -12.2577 11.5
      vertex 22.6316 -11.5314 11.5
      vertex 23.5574 -13.1928 11.5
    endloop
  endfacet
  facet normal -0 0 1
    outer loop
      vertex 22.1614 -12.411 11.5
      vertex 23.5574 -13.1928 11.5
      vertex 22.6316 -11.5314 11.5
    endloop
  endfacet
  facet normal 0 0 1
    outer loop
      vertex 23.5574 -13.1928 11.5
      vertex 22.1614 -12.411 11.5
      vertex 23.0213 -14.1075 11.5
    endloop
  endfacet
  facet normal -0 0 1
    outer loop
      vertex 21.6571 -13.2715 11.5
      vertex 23.0213 -14.1075 11.5
      vertex 22.1614 -12.411 11.5
    endloop
  endfacet
  facet normal 0 0 1
    outer loop
      vertex 23.0213 -14.1075 11.5
      vertex 21.6571 -13.2715 11.5
      vertex 22.4497 -15.0004 11.5
    endloop
  endfacet
  facet normal -0 0 1
    outer loop
      vertex 21.1193 -14.1115 11.5
      vertex 22.4497 -15.0004 11.5
      vertex 21.6571 -13.2715 11.5
    endloop
  endfacet
  facet normal 0 0 1
    outer loop
      vertex 22.4497 -15.0004 11.5
      vertex 21.1193 -14.1115 11.5
      vertex 21.8435 -15.8702 11.5
    endloop
  endfacet
  facet normal -0 0 1
    outer loop
      vertex 20.549 -14.9297 11.5
      vertex 21.8435 -15.8702 11.5
      vertex 21.1193 -14.1115 11.5
    endloop
  endfacet
  facet normal 0 0 1
    outer loop
      vertex 21.8435 -15.8702 11.5
      vertex 20.549 -14.9297 11.5
      vertex 21.2036 -16.7155 11.5
    endloop
  endfacet
  facet normal -0 0 1
    outer loop
      vertex 19.947 -15.725 11.5
      vertex 21.2036 -16.7155 11.5
      vertex 20.549 -14.9297 11.5
    endloop
  endfacet
  facet normal 0 0 1
    outer loop
      vertex 21.2036 -16.7155 11.5
      vertex 19.947 -15.725 11.5
      vertex 20.531 -17.5351 11.5
    endloop
  endfacet
  facet normal -0 0 1
    outer loop
      vertex 19.3143 -16.496 11.5
      vertex 20.531 -17.5351 11.5
      vertex 19.947 -15.725 11.5
    endloop
  endfacet
  facet normal 0 0 1
    outer loop
      vertex 20.531 -17.5351 11.5
      vertex 19.3143 -16.496 11.5
      vertex 19.8267 -18.3276 11.5
    endloop
  endfacet
  facet normal -0 0 1
    outer loop
      vertex 18.6518 -17.2415 11.5
      vertex 19.8267 -18.3276 11.5
      vertex 19.3143 -16.496 11.5
    endloop
  endfacet
  facet normal 0 0 1
    outer loop
      vertex 19.8267 -18.3276 11.5
      vertex 18.6518 -17.2415 11.5
      vertex 19.0919 -19.0919 11.5
    endloop
  endfacet
  facet normal -0 0 1
    outer loop
      vertex 17.9605 -17.9605 11.5
      vertex 19.0919 -19.0919 11.5
      vertex 18.6518 -17.2415 11.5
    endloop
  endfacet
  facet normal 0 0 1
    outer loop
      vertex 19.0919 -19.0919 11.5
      vertex 17.9605 -17.9605 11.5
      vertex 18.3276 -19.8267 11.5
    endloop
  endfacet
  facet normal -0 0 1
    outer loop
      vertex 17.2415 -18.6518 11.5
      vertex 18.3276 -19.8267 11.5
      vertex 17.9605 -17.9605 11.5
    endloop
  endfacet
  facet normal 0 0 1
    outer loop
      vertex 18.3276 -19.8267 11.5
      vertex 17.2415 -18.6518 11.5
      vertex 17.5351 -20.531 11.5
    endloop
  endfacet
  facet normal -0 0 1
    outer loop
      vertex 16.496 -19.3143 11.5
      vertex 17.5351 -20.531 11.5
      vertex 17.2415 -18.6518 11.5
    endloop
  endfacet
  facet normal 0 0 1
    outer loop
      vertex 17.5351 -20.531 11.5
      vertex 16.496 -19.3143 11.5
      vertex 16.7155 -21.2036 11.5
    endloop
  endfacet
  facet normal -0 0 1
    outer loop
      vertex 15.725 -19.947 11.5
      vertex 16.7155 -21.2036 11.5
      vertex 16.496 -19.3143 11.5
    endloop
  endfacet
  facet normal 0 0 1
    outer loop
      vertex 16.7155 -21.2036 11.5
      vertex 15.725 -19.947 11.5
      vertex 15.8702 -21.8435 11.5
    endloop
  endfacet
  facet normal -0 0 1
    outer loop
      vertex 14.9297 -20.549 11.5
      vertex 15.8702 -21.8435 11.5
      vertex 15.725 -19.947 11.5
    endloop
  endfacet
  facet normal 0 0 1
    outer loop
      vertex 15.8702 -21.8435 11.5
      vertex 14.9297 -20.549 11.5
      vertex 15.0004 -22.4497 11.5
    endloop
  endfacet
  facet normal -0 0 1
    outer loop
      vertex 14.1115 -21.1193 11.5
      vertex 15.0004 -22.4497 11.5
      vertex 14.9297 -20.549 11.5
    endloop
  endfacet
  facet normal 0 0 1
    outer loop
      vertex 14.1115 -21.1193 11.5
      vertex 14.1075 -23.0213 11.5
      vertex 15.0004 -22.4497 11.5
    endloop
  endfacet
  facet normal -0 0 1
    outer loop
      vertex 13.2715 -21.6571 11.5
      vertex 14.1075 -23.0213 11.5
      vertex 14.1115 -21.1193 11.5
    endloop
  endfacet
  facet normal 0 0 1
    outer loop
      vertex 13.2715 -21.6571 11.5
      vertex 13.1928 -23.5574 11.5
      vertex 14.1075 -23.0213 11.5
    endloop
  endfacet
  facet normal -0 0 1
    outer loop
      vertex 12.411 -22.1614 11.5
      vertex 13.1928 -23.5574 11.5
      vertex 13.2715 -21.6571 11.5
    endloop
  endfacet
  facet normal 0 0 1
    outer loop
      vertex 12.411 -22.1614 11.5
      vertex 12.2577 -24.0572 11.5
      vertex 13.1928 -23.5574 11.5
    endloop
  endfacet
  facet normal -0 0 1
    outer loop
      vertex 11.5314 -22.6316 11.5
      vertex 12.2577 -24.0572 11.5
      vertex 12.411 -22.1614 11.5
    endloop
  endfacet
  facet normal 0 0 1
    outer loop
      vertex 11.5314 -22.6316 11.5
      vertex 11.3038 -24.5199 11.5
      vertex 12.2577 -24.0572 11.5
    endloop
  endfacet
  facet normal -0 0 1
    outer loop
      vertex 10.634 -23.0668 11.5
      vertex 11.3038 -24.5199 11.5
      vertex 11.5314 -22.6316 11.5
    endloop
  endfacet
  facet normal 0 0 1
    outer loop
      vertex 10.634 -23.0668 11.5
      vertex 10.3325 -24.9447 11.5
      vertex 11.3038 -24.5199 11.5
    endloop
  endfacet
  facet normal -0 0 1
    outer loop
      vertex 9.72016 -23.4665 11.5
      vertex 10.3325 -24.9447 11.5
      vertex 10.634 -23.0668 11.5
    endloop
  endfacet
  facet normal 0 0 1
    outer loop
      vertex 9.72016 -23.4665 11.5
      vertex 9.34516 -25.3312 11.5
      vertex 10.3325 -24.9447 11.5
    endloop
  endfacet
  facet normal -0 0 1
    outer loop
      vertex 8.79137 -23.8301 11.5
      vertex 9.34516 -25.3312 11.5
      vertex 9.72016 -23.4665 11.5
    endloop
  endfacet
  facet normal 0 0 1
    outer loop
      vertex 8.79137 -23.8301 11.5
      vertex 8.34346 -25.6785 11.5
      vertex 9.34516 -25.3312 11.5
    endloop
  endfacet
  facet normal -0 0 1
    outer loop
      vertex 7.84903 -24.1568 11.5
      vertex 8.34346 -25.6785 11.5
      vertex 8.79137 -23.8301 11.5
    endloop
  endfacet
  facet normal 0 0 1
    outer loop
      vertex 7.84903 -24.1568 11.5
      vertex 7.32889 -25.9863 11.5
      vertex 8.34346 -25.6785 11.5
    endloop
  endfacet
  facet normal -0 0 1
    outer loop
      vertex 6.89459 -24.4464 11.5
      vertex 7.32889 -25.9863 11.5
      vertex 7.84903 -24.1568 11.5
    endloop
  endfacet
  facet normal 0 0 1
    outer loop
      vertex 6.89459 -24.4464 11.5
      vertex 6.30302 -26.254 11.5
      vertex 7.32889 -25.9863 11.5
    endloop
  endfacet
  facet normal -0 0 1
    outer loop
      vertex 5.92951 -24.6982 11.5
      vertex 6.30302 -26.254 11.5
      vertex 6.89459 -24.4464 11.5
    endloop
  endfacet
  facet normal 0 0 1
    outer loop
      vertex 5.92951 -24.6982 11.5
      vertex 5.26744 -26.4812 11.5
      vertex 6.30302 -26.254 11.5
    endloop
  endfacet
  facet normal -0 0 1
    outer loop
      vertex 4.95529 -24.9119 11.5
      vertex 5.26744 -26.4812 11.5
      vertex 5.92951 -24.6982 11.5
    endloop
  endfacet
  facet normal 0 0 1
    outer loop
      vertex 4.95529 -24.9119 11.5
      vertex 4.22373 -26.6676 11.5
      vertex 5.26744 -26.4812 11.5
    endloop
  endfacet
  facet normal -0 0 1
    outer loop
      vertex 3.97344 -25.0873 11.5
      vertex 4.22373 -26.6676 11.5
      vertex 4.95529 -24.9119 11.5
    endloop
  endfacet
  facet normal 0 0 1
    outer loop
      vertex 3.97344 -25.0873 11.5
      vertex 3.17351 -26.8128 11.5
      vertex 4.22373 -26.6676 11.5
    endloop
  endfacet
  facet normal -0 0 1
    outer loop
      vertex 2.98545 -25.2239 11.5
      vertex 3.17351 -26.8128 11.5
      vertex 3.97344 -25.0873 11.5
    endloop
  endfacet
  facet normal 0 0 1
    outer loop
      vertex 2.98545 -25.2239 11.5
      vertex 2.11839 -26.9168 11.5
      vertex 3.17351 -26.8128 11.5
    endloop
  endfacet
  facet normal -0 0 1
    outer loop
      vertex 1.99286 -25.3217 11.5
      vertex 2.11839 -26.9168 11.5
      vertex 2.98545 -25.2239 11.5
    endloop
  endfacet
  facet normal 0 0 1
    outer loop
      vertex 1.99286 -25.3217 11.5
      vertex 1.06001 -26.9792 11.5
      vertex 2.11839 -26.9168 11.5
    endloop
  endfacet
  facet normal -0 0 1
    outer loop
      vertex 0.997199 -25.3804 11.5
      vertex 1.06001 -26.9792 11.5
      vertex 1.99286 -25.3217 11.5
    endloop
  endfacet
  facet normal -0 0 1
    outer loop
      vertex 0 -25.4 11.5
      vertex 1.06001 -26.9792 11.5
      vertex 0.997199 -25.3804 11.5
    endloop
  endfacet
  facet normal 0 0 1
    outer loop
      vertex 0 -25.4 11.5
      vertex 0 -27 11.5
      vertex 1.06001 -26.9792 11.5
    endloop
  endfacet
  facet normal 0 0 1
    outer loop
      vertex -0.997199 -25.3804 11.5
      vertex 0 -27 11.5
      vertex 0 -25.4 11.5
    endloop
  endfacet
  facet normal 0 0 1
    outer loop
      vertex -0.997199 -25.3804 11.5
      vertex -1.06001 -26.9792 11.5
      vertex 0 -27 11.5
    endloop
  endfacet
  facet normal 0 0 1
    outer loop
      vertex -1.99286 -25.3217 11.5
      vertex -1.06001 -26.9792 11.5
      vertex -0.997199 -25.3804 11.5
    endloop
  endfacet
  facet normal 0 0 1
    outer loop
      vertex -1.99286 -25.3217 11.5
      vertex -2.11839 -26.9168 11.5
      vertex -1.06001 -26.9792 11.5
    endloop
  endfacet
  facet normal 0 0 1
    outer loop
      vertex -2.98545 -25.2239 11.5
      vertex -2.11839 -26.9168 11.5
      vertex -1.99286 -25.3217 11.5
    endloop
  endfacet
  facet normal 0 0 1
    outer loop
      vertex -2.98545 -25.2239 11.5
      vertex -3.17351 -26.8128 11.5
      vertex -2.11839 -26.9168 11.5
    endloop
  endfacet
  facet normal 0 0 1
    outer loop
      vertex -3.97344 -25.0873 11.5
      vertex -3.17351 -26.8128 11.5
      vertex -2.98545 -25.2239 11.5
    endloop
  endfacet
  facet normal 0 0 1
    outer loop
      vertex -3.97344 -25.0873 11.5
      vertex -4.22373 -26.6676 11.5
      vertex -3.17351 -26.8128 11.5
    endloop
  endfacet
  facet normal 0 0 1
    outer loop
      vertex -4.95529 -24.9119 11.5
      vertex -4.22373 -26.6676 11.5
      vertex -3.97344 -25.0873 11.5
    endloop
  endfacet
  facet normal 0 0 1
    outer loop
      vertex -4.95529 -24.9119 11.5
      vertex -5.26744 -26.4812 11.5
      vertex -4.22373 -26.6676 11.5
    endloop
  endfacet
  facet normal 0 0 1
    outer loop
      vertex -5.92951 -24.6982 11.5
      vertex -5.26744 -26.4812 11.5
      vertex -4.95529 -24.9119 11.5
    endloop
  endfacet
  facet normal 0 0 1
    outer loop
      vertex -5.92951 -24.6982 11.5
      vertex -6.30302 -26.254 11.5
      vertex -5.26744 -26.4812 11.5
    endloop
  endfacet
  facet normal 0 0 1
    outer loop
      vertex -6.89459 -24.4464 11.5
      vertex -6.30302 -26.254 11.5
      vertex -5.92951 -24.6982 11.5
    endloop
  endfacet
  facet normal 0 0 1
    outer loop
      vertex -6.89459 -24.4464 11.5
      vertex -7.32889 -25.9863 11.5
      vertex -6.30302 -26.254 11.5
    endloop
  endfacet
  facet normal 0 0 1
    outer loop
      vertex -7.84903 -24.1568 11.5
      vertex -7.32889 -25.9863 11.5
      vertex -6.89459 -24.4464 11.5
    endloop
  endfacet
  facet normal 0 0 1
    outer loop
      vertex -7.84903 -24.1568 11.5
      vertex -8.34346 -25.6785 11.5
      vertex -7.32889 -25.9863 11.5
    endloop
  endfacet
  facet normal 0 0 1
    outer loop
      vertex -8.79137 -23.8301 11.5
      vertex -8.34346 -25.6785 11.5
      vertex -7.84903 -24.1568 11.5
    endloop
  endfacet
  facet normal 0 0 1
    outer loop
      vertex -8.79137 -23.8301 11.5
      vertex -9.34516 -25.3312 11.5
      vertex -8.34346 -25.6785 11.5
    endloop
  endfacet
  facet normal 0 0 1
    outer loop
      vertex -9.72016 -23.4665 11.5
      vertex -9.34516 -25.3312 11.5
      vertex -8.79137 -23.8301 11.5
    endloop
  endfacet
  facet normal 0 0 1
    outer loop
      vertex -9.72016 -23.4665 11.5
      vertex -10.3325 -24.9447 11.5
      vertex -9.34516 -25.3312 11.5
    endloop
  endfacet
  facet normal 0 0 1
    outer loop
      vertex -10.634 -23.0668 11.5
      vertex -10.3325 -24.9447 11.5
      vertex -9.72016 -23.4665 11.5
    endloop
  endfacet
  facet normal 0 0 1
    outer loop
      vertex -10.634 -23.0668 11.5
      vertex -11.3038 -24.5199 11.5
      vertex -10.3325 -24.9447 11.5
    endloop
  endfacet
  facet normal 0 0 1
    outer loop
      vertex -11.5314 -22.6316 11.5
      vertex -11.3038 -24.5199 11.5
      vertex -10.634 -23.0668 11.5
    endloop
  endfacet
  facet normal 0 0 1
    outer loop
      vertex -11.5314 -22.6316 11.5
      vertex -12.2577 -24.0572 11.5
      vertex -11.3038 -24.5199 11.5
    endloop
  endfacet
  facet normal 0 0 1
    outer loop
      vertex -12.411 -22.1614 11.5
      vertex -12.2577 -24.0572 11.5
      vertex -11.5314 -22.6316 11.5
    endloop
  endfacet
  facet normal 0 0 1
    outer loop
      vertex -12.411 -22.1614 11.5
      vertex -13.1928 -23.5574 11.5
      vertex -12.2577 -24.0572 11.5
    endloop
  endfacet
  facet normal 0 0 1
    outer loop
      vertex -13.2715 -21.6571 11.5
      vertex -13.1928 -23.5574 11.5
      vertex -12.411 -22.1614 11.5
    endloop
  endfacet
  facet normal 0 0 1
    outer loop
      vertex -13.2715 -21.6571 11.5
      vertex -14.1075 -23.0213 11.5
      vertex -13.1928 -23.5574 11.5
    endloop
  endfacet
  facet normal 0 0 1
    outer loop
      vertex -14.1115 -21.1193 11.5
      vertex -14.1075 -23.0213 11.5
      vertex -13.2715 -21.6571 11.5
    endloop
  endfacet
  facet normal 0 0 1
    outer loop
      vertex -15.0004 -22.4497 11.5
      vertex -14.1115 -21.1193 11.5
      vertex -14.9297 -20.549 11.5
    endloop
  endfacet
  facet normal 0 0 1
    outer loop
      vertex -14.1115 -21.1193 11.5
      vertex -15.0004 -22.4497 11.5
      vertex -14.1075 -23.0213 11.5
    endloop
  endfacet
  facet normal 0 0 1
    outer loop
      vertex -15.8702 -21.8435 11.5
      vertex -14.9297 -20.549 11.5
      vertex -15.725 -19.947 11.5
    endloop
  endfacet
  facet normal 0 0 1
    outer loop
      vertex -14.9297 -20.549 11.5
      vertex -15.8702 -21.8435 11.5
      vertex -15.0004 -22.4497 11.5
    endloop
  endfacet
  facet normal 0 0 1
    outer loop
      vertex -16.7155 -21.2036 11.5
      vertex -15.725 -19.947 11.5
      vertex -16.496 -19.3143 11.5
    endloop
  endfacet
  facet normal 0 0 1
    outer loop
      vertex -15.725 -19.947 11.5
      vertex -16.7155 -21.2036 11.5
      vertex -15.8702 -21.8435 11.5
    endloop
  endfacet
  facet normal 0 0 1
    outer loop
      vertex -17.5351 -20.531 11.5
      vertex -16.496 -19.3143 11.5
      vertex -17.2415 -18.6518 11.5
    endloop
  endfacet
  facet normal 0 0 1
    outer loop
      vertex -16.496 -19.3143 11.5
      vertex -17.5351 -20.531 11.5
      vertex -16.7155 -21.2036 11.5
    endloop
  endfacet
  facet normal 0 0 1
    outer loop
      vertex -18.3276 -19.8267 11.5
      vertex -17.2415 -18.6518 11.5
      vertex -17.9605 -17.9605 11.5
    endloop
  endfacet
  facet normal 0 0 1
    outer loop
      vertex -17.2415 -18.6518 11.5
      vertex -18.3276 -19.8267 11.5
      vertex -17.5351 -20.531 11.5
    endloop
  endfacet
  facet normal 0 0 1
    outer loop
      vertex -19.0919 -19.0919 11.5
      vertex -17.9605 -17.9605 11.5
      vertex -18.6518 -17.2415 11.5
    endloop
  endfacet
  facet normal 0 0 1
    outer loop
      vertex -17.9605 -17.9605 11.5
      vertex -19.0919 -19.0919 11.5
      vertex -18.3276 -19.8267 11.5
    endloop
  endfacet
  facet normal 0 0 1
    outer loop
      vertex -19.8267 -18.3276 11.5
      vertex -18.6518 -17.2415 11.5
      vertex -19.3143 -16.496 11.5
    endloop
  endfacet
  facet normal 0 0 1
    outer loop
      vertex -18.6518 -17.2415 11.5
      vertex -19.8267 -18.3276 11.5
      vertex -19.0919 -19.0919 11.5
    endloop
  endfacet
  facet normal 0 0 1
    outer loop
      vertex -20.531 -17.5351 11.5
      vertex -19.3143 -16.496 11.5
      vertex -19.947 -15.725 11.5
    endloop
  endfacet
  facet normal 0 0 1
    outer loop
      vertex -19.3143 -16.496 11.5
      vertex -20.531 -17.5351 11.5
      vertex -19.8267 -18.3276 11.5
    endloop
  endfacet
  facet normal 0 0 1
    outer loop
      vertex -21.2036 -16.7155 11.5
      vertex -19.947 -15.725 11.5
      vertex -20.549 -14.9297 11.5
    endloop
  endfacet
  facet normal 0 0 1
    outer loop
      vertex -21.8435 -15.8702 11.5
      vertex -20.549 -14.9297 11.5
      vertex -21.1193 -14.1115 11.5
    endloop
  endfacet
  facet normal 0 0 1
    outer loop
      vertex -19.947 -15.725 11.5
      vertex -21.2036 -16.7155 11.5
      vertex -20.531 -17.5351 11.5
    endloop
  endfacet
  facet normal 0 0 1
    outer loop
      vertex -22.4497 -15.0004 11.5
      vertex -21.1193 -14.1115 11.5
      vertex -21.6571 -13.2715 11.5
    endloop
  endfacet
  facet normal 0 0 1
    outer loop
      vertex -20.549 -14.9297 11.5
      vertex -21.8435 -15.8702 11.5
      vertex -21.2036 -16.7155 11.5
    endloop
  endfacet
  facet normal 0 0 1
    outer loop
      vertex -23.0213 -14.1075 11.5
      vertex -21.6571 -13.2715 11.5
      vertex -22.1614 -12.411 11.5
    endloop
  endfacet
  facet normal 0 0 1
    outer loop
      vertex -21.1193 -14.1115 11.5
      vertex -22.4497 -15.0004 11.5
      vertex -21.8435 -15.8702 11.5
    endloop
  endfacet
  facet normal 0 0 1
    outer loop
      vertex -23.5574 -13.1928 11.5
      vertex -22.1614 -12.411 11.5
      vertex -22.6316 -11.5314 11.5
    endloop
  endfacet
  facet normal 0 0 1
    outer loop
      vertex -21.6571 -13.2715 11.5
      vertex -23.0213 -14.1075 11.5
      vertex -22.4497 -15.0004 11.5
    endloop
  endfacet
  facet normal 0 0 1
    outer loop
      vertex -24.0572 -12.2577 11.5
      vertex -22.6316 -11.5314 11.5
      vertex -23.0668 -10.634 11.5
    endloop
  endfacet
  facet normal 0 0 1
    outer loop
      vertex -24.5199 -11.3038 11.5
      vertex -23.0668 -10.634 11.5
      vertex -23.4665 -9.72016 11.5
    endloop
  endfacet
  facet normal 0 0 1
    outer loop
      vertex -22.1614 -12.411 11.5
      vertex -23.5574 -13.1928 11.5
      vertex -23.0213 -14.1075 11.5
    endloop
  endfacet
  facet normal 0 0 1
    outer loop
      vertex -24.9447 -10.3325 11.5
      vertex -23.4665 -9.72016 11.5
      vertex -23.8301 -8.79137 11.5
    endloop
  endfacet
  facet normal 0 0 1
    outer loop
      vertex -22.6316 -11.5314 11.5
      vertex -24.0572 -12.2577 11.5
      vertex -23.5574 -13.1928 11.5
    endloop
  endfacet
  facet normal 0 0 1
    outer loop
      vertex -25.3312 -9.34516 11.5
      vertex -23.8301 -8.79137 11.5
      vertex -24.1568 -7.84903 11.5
    endloop
  endfacet
  facet normal 0 0 1
    outer loop
      vertex -25.6785 -8.34346 11.5
      vertex -24.1568 -7.84903 11.5
      vertex -24.4464 -6.89459 11.5
    endloop
  endfacet
  facet normal 0 0 1
    outer loop
      vertex -23.0668 -10.634 11.5
      vertex -24.5199 -11.3038 11.5
      vertex -24.0572 -12.2577 11.5
    endloop
  endfacet
  facet normal 0 0 1
    outer loop
      vertex -25.9863 -7.32889 11.5
      vertex -24.4464 -6.89459 11.5
      vertex -24.6982 -5.92951 11.5
    endloop
  endfacet
  facet normal 0 0 1
    outer loop
      vertex -26.254 -6.30302 11.5
      vertex -24.6982 -5.92951 11.5
      vertex -24.9119 -4.95529 11.5
    endloop
  endfacet
  facet normal 0 0 1
    outer loop
      vertex -23.4665 -9.72016 11.5
      vertex -24.9447 -10.3325 11.5
      vertex -24.5199 -11.3038 11.5
    endloop
  endfacet
  facet normal 0 0 1
    outer loop
      vertex -26.4812 -5.26744 11.5
      vertex -24.9119 -4.95529 11.5
      vertex -25.0873 -3.97344 11.5
    endloop
  endfacet
  facet normal 0 0 1
    outer loop
      vertex -26.6676 -4.22373 11.5
      vertex -25.0873 -3.97344 11.5
      vertex -25.2239 -2.98545 11.5
    endloop
  endfacet
  facet normal 0 0 1
    outer loop
      vertex -26.8128 -3.17351 11.5
      vertex -25.2239 -2.98545 11.5
      vertex -25.3217 -1.99286 11.5
    endloop
  endfacet
  facet normal 0 0 1
    outer loop
      vertex -23.8301 -8.79137 11.5
      vertex -25.3312 -9.34516 11.5
      vertex -24.9447 -10.3325 11.5
    endloop
  endfacet
  facet normal 0 0 1
    outer loop
      vertex -26.9168 -2.11839 11.5
      vertex -25.3217 -1.99286 11.5
      vertex -25.3804 -0.997199 11.5
    endloop
  endfacet
  facet normal 0 0 1
    outer loop
      vertex -26.9792 -1.06001 11.5
      vertex -25.3804 -0.997199 11.5
      vertex -25.4 0 11.5
    endloop
  endfacet
  facet normal 0 0 1
    outer loop
      vertex -25.0873 3.97344 11.5
      vertex -26.6676 4.22373 11.5
      vertex -25.2239 2.98545 11.5
    endloop
  endfacet
  facet normal 0 0 1
    outer loop
      vertex -24.1568 -7.84903 11.5
      vertex -25.6785 -8.34346 11.5
      vertex -25.3312 -9.34516 11.5
    endloop
  endfacet
  facet normal -0 0 1
    outer loop
      vertex -26.8128 3.17351 11.5
      vertex -25.2239 2.98545 11.5
      vertex -26.6676 4.22373 11.5
    endloop
  endfacet
  facet normal 0 0 1
    outer loop
      vertex -24.4464 -6.89459 11.5
      vertex -25.9863 -7.32889 11.5
      vertex -25.6785 -8.34346 11.5
    endloop
  endfacet
  facet normal 0 0 1
    outer loop
      vertex -25.2239 2.98545 11.5
      vertex -26.8128 3.17351 11.5
      vertex -25.3217 1.99286 11.5
    endloop
  endfacet
  facet normal 0 0 1
    outer loop
      vertex -24.6982 -5.92951 11.5
      vertex -26.254 -6.30302 11.5
      vertex -25.9863 -7.32889 11.5
    endloop
  endfacet
  facet normal -0 0 1
    outer loop
      vertex -26.9168 2.11839 11.5
      vertex -25.3217 1.99286 11.5
      vertex -26.8128 3.17351 11.5
    endloop
  endfacet
  facet normal 0 0 1
    outer loop
      vertex -24.9119 -4.95529 11.5
      vertex -26.4812 -5.26744 11.5
      vertex -26.254 -6.30302 11.5
    endloop
  endfacet
  facet normal 0 0 1
    outer loop
      vertex -25.3217 1.99286 11.5
      vertex -26.9168 2.11839 11.5
      vertex -25.3804 0.997199 11.5
    endloop
  endfacet
  facet normal 0 0 1
    outer loop
      vertex -25.0873 -3.97344 11.5
      vertex -26.6676 -4.22373 11.5
      vertex -26.4812 -5.26744 11.5
    endloop
  endfacet
  facet normal -0 0 1
    outer loop
      vertex -26.9792 1.06001 11.5
      vertex -25.3804 0.997199 11.5
      vertex -26.9168 2.11839 11.5
    endloop
  endfacet
  facet normal 0 0 1
    outer loop
      vertex -25.2239 -2.98545 11.5
      vertex -26.8128 -3.17351 11.5
      vertex -26.6676 -4.22373 11.5
    endloop
  endfacet
  facet normal 0 0 1
    outer loop
      vertex -25.3804 0.997199 11.5
      vertex -26.9792 1.06001 11.5
      vertex -25.4 0 11.5
    endloop
  endfacet
  facet normal 0 0 1
    outer loop
      vertex -25.3217 -1.99286 11.5
      vertex -26.9168 -2.11839 11.5
      vertex -26.8128 -3.17351 11.5
    endloop
  endfacet
  facet normal 0 0 1
    outer loop
      vertex -27 0 11.5
      vertex -25.4 0 11.5
      vertex -26.9792 1.06001 11.5
    endloop
  endfacet
  facet normal 0 0 1
    outer loop
      vertex -25.3804 -0.997199 11.5
      vertex -26.9792 -1.06001 11.5
      vertex -26.9168 -2.11839 11.5
    endloop
  endfacet
  facet normal 0 0 1
    outer loop
      vertex -25.4 0 11.5
      vertex -27 0 11.5
      vertex -26.9792 -1.06001 11.5
    endloop
  endfacet
  facet normal -0.995177 0.0980916 0
    outer loop
      vertex -26.9168 2.11839 0
      vertex -26.8128 3.17351 11.5
      vertex -26.8128 3.17351 0
    endloop
  endfacet
  facet normal -0.995177 0.0980916 0
    outer loop
      vertex -26.8128 3.17351 11.5
      vertex -26.9168 2.11839 0
      vertex -26.9168 2.11839 11.5
    endloop
  endfacet
  facet normal -0.436429 0.899739 0
    outer loop
      vertex -11.3038 24.5199 0
      vertex -12.2577 24.0572 11.5
      vertex -11.3038 24.5199 11.5
    endloop
  endfacet
  facet normal -0.436429 0.899739 0
    outer loop
      vertex -12.2577 24.0572 11.5
      vertex -11.3038 24.5199 0
      vertex -12.2577 24.0572 0
    endloop
  endfacet
  facet normal -0.571777 0.820409 0
    outer loop
      vertex -15.0004 22.4497 0
      vertex -15.8702 21.8435 11.5
      vertex -15.0004 22.4497 11.5
    endloop
  endfacet
  facet normal -0.571777 0.820409 0
    outer loop
      vertex -15.8702 21.8435 11.5
      vertex -15.0004 22.4497 0
      vertex -15.8702 21.8435 0
    endloop
  endfacet
  facet normal -0.603571 0.797309 0
    outer loop
      vertex -15.8702 21.8435 0
      vertex -16.7155 21.2036 11.5
      vertex -15.8702 21.8435 11.5
    endloop
  endfacet
  facet normal -0.603571 0.797309 0
    outer loop
      vertex -16.7155 21.2036 11.5
      vertex -15.8702 21.8435 0
      vertex -16.7155 21.2036 0
    endloop
  endfacet
  facet normal -0.252494 0.967598 0
    outer loop
      vertex -6.30302 26.254 0
      vertex -7.32889 25.9863 11.5
      vertex -6.30302 26.254 11.5
    endloop
  endfacet
  facet normal -0.252494 0.967598 0
    outer loop
      vertex -7.32889 25.9863 11.5
      vertex -6.30302 26.254 0
      vertex -7.32889 25.9863 0
    endloop
  endfacet
  facet normal -0.0588558 0.998266 0
    outer loop
      vertex -1.06001 26.9792 0
      vertex -2.11839 26.9168 11.5
      vertex -1.06001 26.9792 11.5
    endloop
  endfacet
  facet normal -0.0588558 0.998266 0
    outer loop
      vertex -2.11839 26.9168 11.5
      vertex -1.06001 26.9792 0
      vertex -2.11839 26.9168 0
    endloop
  endfacet
  facet normal -0.0980916 0.995177 0
    outer loop
      vertex -2.11839 26.9168 0
      vertex -3.17351 26.8128 11.5
      vertex -2.11839 26.9168 11.5
    endloop
  endfacet
  facet normal -0.0980916 0.995177 0
    outer loop
      vertex -3.17351 26.8128 11.5
      vertex -2.11839 26.9168 0
      vertex -3.17351 26.8128 0
    endloop
  endfacet
  facet normal 0.0588558 -0.998266 0
    outer loop
      vertex 1.06001 -26.9792 0
      vertex 2.11839 -26.9168 11.5
      vertex 1.06001 -26.9792 11.5
    endloop
  endfacet
  facet normal 0.0588558 -0.998266 0
    outer loop
      vertex 2.11839 -26.9168 11.5
      vertex 1.06001 -26.9792 0
      vertex 2.11839 -26.9168 0
    endloop
  endfacet
  facet normal 0.175812 -0.984424 0
    outer loop
      vertex 4.22373 -26.6676 11.5
      vertex 5.26744 -26.4812 7.58904
      vertex 5.26744 -26.4812 11.5
    endloop
  endfacet
  facet normal 0.17631 -0.984335 0.000137318
    outer loop
      vertex 4.22373 -26.6676 11.5
      vertex 5.23178 -26.4876 7.49794
      vertex 5.26744 -26.4812 7.58904
    endloop
  endfacet
  facet normal 0.175623 -0.984457 -4.12616e-05
    outer loop
      vertex 4.22373 -26.6676 11.5
      vertex 5.18354 -26.4962 7.35881
      vertex 5.23178 -26.4876 7.49794
    endloop
  endfacet
  facet normal 0.175364 -0.984504 -0.000103386
    outer loop
      vertex 4.22373 -26.6676 11.5
      vertex 5.14079 -26.5038 7.2179
      vertex 5.18354 -26.4962 7.35881
    endloop
  endfacet
  facet normal 0.176664 -0.984271 0.0001841
    outer loop
      vertex 4.22373 -26.6676 11.5
      vertex 5.10361 -26.5105 7.07542
      vertex 5.14079 -26.5038 7.2179
    endloop
  endfacet
  facet normal 0.175213 -0.984531 -0.000113723
    outer loop
      vertex 4.22373 -26.6676 11.5
      vertex 5.07205 -26.5161 6.93159
      vertex 5.10361 -26.5105 7.07542
    endloop
  endfacet
  facet normal 0.175412 -0.984495 -7.57056e-05
    outer loop
      vertex 4.22373 -26.6676 11.5
      vertex 5.04617 -26.5207 6.78663
      vertex 5.07205 -26.5161 6.93159
    endloop
  endfacet
  facet normal 0.175739 -0.984437 -1.67432e-05
    outer loop
      vertex 4.22373 -26.6676 11.5
      vertex 5.02599 -26.5243 6.64077
      vertex 5.04617 -26.5207 6.78663
    endloop
  endfacet
  facet normal 0.176393 -0.98432 9.4698e-05
    outer loop
      vertex 4.22373 -26.6676 11.5
      vertex 5.01156 -26.5269 6.49422
      vertex 5.02599 -26.5243 6.64077
    endloop
  endfacet
  facet normal 0.174358 -0.984682 -0.000235788
    outer loop
      vertex 4.22373 -26.6676 11.5
      vertex 5.00289 -26.5284 6.34722
      vertex 5.01156 -26.5269 6.49422
    endloop
  endfacet
  facet normal 0.179041 -0.983842 0.00049502
    outer loop
      vertex 4.22373 -26.6676 11.5
      vertex 5 -26.529 6.2
      vertex 5.00289 -26.5284 6.34722
    endloop
  endfacet
  facet normal 0.17147 -0.985189 -0.000649138
    outer loop
      vertex 4.22373 -26.6676 11.5
      vertex 5.00289 -26.5284 6.05278
      vertex 5 -26.529 6.2
    endloop
  endfacet
  facet normal 0.175869 -0.984414 0
    outer loop
      vertex 4.22373 -26.6676 0
      vertex 5.00289 -26.5284 6.05278
      vertex 4.22373 -26.6676 11.5
    endloop
  endfacet
  facet normal 0.174177 -0.984714 0.000224779
    outer loop
      vertex 5.00289 -26.5284 6.05278
      vertex 4.22373 -26.6676 0
      vertex 5.01156 -26.5269 5.90578
    endloop
  endfacet
  facet normal 0.176453 -0.984309 -8.85686e-05
    outer loop
      vertex 5.01156 -26.5269 5.90578
      vertex 4.22373 -26.6676 0
      vertex 5.02599 -26.5243 5.75923
    endloop
  endfacet
  facet normal 0.17573 -0.984438 1.54394e-05
    outer loop
      vertex 5.02599 -26.5243 5.75923
      vertex 4.22373 -26.6676 0
      vertex 5.04617 -26.5207 5.61337
    endloop
  endfacet
  facet normal 0.175375 -0.984502 6.90393e-05
    outer loop
      vertex 4.22373 -26.6676 0
      vertex 5.07205 -26.5161 5.46841
      vertex 5.04617 -26.5207 5.61337
    endloop
  endfacet
  facet normal 0.175165 -0.984539 0.000102759
    outer loop
      vertex 4.22373 -26.6676 0
      vertex 5.10361 -26.5105 5.32458
      vertex 5.07205 -26.5161 5.46841
    endloop
  endfacet
  facet normal 0.176735 -0.984258 -0.000165045
    outer loop
      vertex 4.22373 -26.6676 0
      vertex 5.14079 -26.5038 5.1821
      vertex 5.10361 -26.5105 5.32458
    endloop
  endfacet
  facet normal 0.175327 -0.98451 9.20465e-05
    outer loop
      vertex 4.22373 -26.6676 0
      vertex 5.18354 -26.4962 5.04119
      vertex 5.14079 -26.5038 5.1821
    endloop
  endfacet
  facet normal 0.17561 -0.98446 3.65064e-05
    outer loop
      vertex 4.22373 -26.6676 0
      vertex 5.23178 -26.4876 4.90206
      vertex 5.18354 -26.4962 5.04119
    endloop
  endfacet
  facet normal 0.176351 -0.984327 -0.000120789
    outer loop
      vertex 4.22373 -26.6676 0
      vertex 5.26744 -26.4812 4.81096
      vertex 5.23178 -26.4876 4.90206
    endloop
  endfacet
  facet normal 0.175812 -0.984424 0
    outer loop
      vertex 5.26744 -26.4812 4.81096
      vertex 4.22373 -26.6676 0
      vertex 5.26744 -26.4812 0
    endloop
  endfacet
  facet normal 0.251398 -0.967884 0
    outer loop
      vertex 6.30302 -26.254 0
      vertex 6.31457 -26.251 3.34848
      vertex 6.30302 -26.254 3.35874
    endloop
  endfacet
  facet normal 0.25246 -0.967607 -3.91107e-06
    outer loop
      vertex 6.30302 -26.254 0
      vertex 6.4284 -26.2213 3.25506
      vertex 6.31457 -26.251 3.34848
    endloop
  endfacet
  facet normal 0.252974 -0.967473 -2.50572e-05
    outer loop
      vertex 6.30302 -26.254 0
      vertex 6.5458 -26.1906 3.16619
      vertex 6.4284 -26.2213 3.25506
    endloop
  endfacet
  facet normal 0.252323 -0.967643 2.82981e-05
    outer loop
      vertex 6.30302 -26.254 0
      vertex 6.66661 -26.1591 3.08199
      vertex 6.5458 -26.1906 3.16619
    endloop
  endfacet
  facet normal 0.25275 -0.967532 -2.54608e-05
    outer loop
      vertex 6.30302 -26.254 0
      vertex 6.79063 -26.1267 3.0026
      vertex 6.66661 -26.1591 3.08199
    endloop
  endfacet
  facet normal 0.252171 -0.967683 7.48211e-05
    outer loop
      vertex 6.30302 -26.254 0
      vertex 6.91767 -26.0936 2.92814
      vertex 6.79063 -26.1267 3.0026
    endloop
  endfacet
  facet normal 0.252578 -0.967577 -1.62232e-05
    outer loop
      vertex 6.30302 -26.254 0
      vertex 7.04753 -26.0597 2.85872
      vertex 6.91767 -26.0936 2.92814
    endloop
  endfacet
  facet normal 0.252644 -0.967559 -3.46906e-05
    outer loop
      vertex 6.30302 -26.254 0
      vertex 7.18003 -26.0251 2.79446
      vertex 7.04753 -26.0597 2.85872
    endloop
  endfacet
  facet normal 0.252472 -0.967604 2.28996e-05
    outer loop
      vertex 6.30302 -26.254 0
      vertex 7.31494 -25.9899 2.73545
      vertex 7.18003 -26.0251 2.79446
    endloop
  endfacet
  facet normal 0.250214 -0.96819 0.000914963
    outer loop
      vertex 6.30302 -26.254 0
      vertex 7.32889 -25.9863 2.72999
      vertex 7.31494 -25.9899 2.73545
    endloop
  endfacet
  facet normal 0.252494 -0.967598 0
    outer loop
      vertex 7.32889 -25.9863 2.72999
      vertex 6.30302 -26.254 0
      vertex 7.32889 -25.9863 0
    endloop
  endfacet
  facet normal 0.252494 -0.967598 -2.2935e-05
    outer loop
      vertex 7.18003 -26.0251 9.60554
      vertex 7.32889 -25.9863 11.5
      vertex 6.30302 -26.254 11.5
    endloop
  endfacet
  facet normal 0.249878 -0.968277 0
    outer loop
      vertex 7.32889 -25.9863 11.5
      vertex 7.31494 -25.9899 9.66455
      vertex 7.32889 -25.9863 9.67001
    endloop
  endfacet
  facet normal 0.252471 -0.967604 -2.10303e-05
    outer loop
      vertex 7.32889 -25.9863 11.5
      vertex 7.18003 -26.0251 9.60554
      vertex 7.31494 -25.9899 9.66455
    endloop
  endfacet
  facet normal 0.252638 -0.967561 4.8148e-05
    outer loop
      vertex 6.30302 -26.254 11.5
      vertex 7.04753 -26.0597 9.54127
      vertex 7.18003 -26.0251 9.60554
    endloop
  endfacet
  facet normal 0.252574 -0.967577 2.24191e-05
    outer loop
      vertex 6.30302 -26.254 11.5
      vertex 6.91767 -26.0936 9.47186
      vertex 7.04753 -26.0597 9.54127
    endloop
  endfacet
  facet normal 0.252187 -0.967679 -0.000103015
    outer loop
      vertex 6.30302 -26.254 11.5
      vertex 6.79063 -26.1267 9.3974
      vertex 6.91767 -26.0936 9.47186
    endloop
  endfacet
  facet normal 0.252744 -0.967533 3.49503e-05
    outer loop
      vertex 6.30302 -26.254 11.5
      vertex 6.66661 -26.1591 9.31801
      vertex 6.79063 -26.1267 9.3974
    endloop
  endfacet
  facet normal 0.25233 -0.967641 -3.87556e-05
    outer loop
      vertex 6.30302 -26.254 11.5
      vertex 6.5458 -26.1906 9.23381
      vertex 6.66661 -26.1591 9.31801
    endloop
  endfacet
  facet normal 0.252968 -0.967475 3.42621e-05
    outer loop
      vertex 6.30302 -26.254 11.5
      vertex 6.4284 -26.2213 9.14494
      vertex 6.5458 -26.1906 9.23381
    endloop
  endfacet
  facet normal 0.252459 -0.967608 5.34314e-06
    outer loop
      vertex 6.30302 -26.254 11.5
      vertex 6.31457 -26.251 9.05152
      vertex 6.4284 -26.2213 9.14494
    endloop
  endfacet
  facet normal 0.251398 -0.967884 0
    outer loop
      vertex 6.31457 -26.251 9.05152
      vertex 6.30302 -26.254 11.5
      vertex 6.30302 -26.254 9.04126
    endloop
  endfacet
  facet normal 0.571777 -0.820409 0
    outer loop
      vertex 15.0004 -22.4497 9.2
      vertex 15.8702 -21.8435 11.5
      vertex 15.0004 -22.4497 11.5
    endloop
  endfacet
  facet normal 0.571777 -0.820409 0
    outer loop
      vertex 15.8702 -21.8435 11.5
      vertex 15.0004 -22.4497 9.2
      vertex 15.8702 -21.8435 9.2
    endloop
  endfacet
  facet normal 0.571777 -0.820409 0
    outer loop
      vertex 15.0004 -22.4497 0
      vertex 15.8702 -21.8435 3.2
      vertex 15.0004 -22.4497 3.2
    endloop
  endfacet
  facet normal 0.571777 -0.820409 0
    outer loop
      vertex 15.8702 -21.8435 3.2
      vertex 15.0004 -22.4497 0
      vertex 15.8702 -21.8435 0
    endloop
  endfacet
  facet normal 0.603728 -0.797191 0
    outer loop
      vertex 15.8702 -21.8435 3.2
      vertex 15.8702 -21.8435 0
      vertex 16 -21.7452 3.2
    endloop
  endfacet
  facet normal 0.603675 -0.79723 3.34419e-06
    outer loop
      vertex 15.8702 -21.8435 0
      vertex 16.1178 -21.656 3.20231
      vertex 16 -21.7452 3.2
    endloop
  endfacet
  facet normal 0.603465 -0.79739 2.89284e-05
    outer loop
      vertex 15.8702 -21.8435 0
      vertex 16.2354 -21.567 3.20925
      vertex 16.1178 -21.656 3.20231
    endloop
  endfacet
  facet normal 0.603571 -0.797309 9.98408e-06
    outer loop
      vertex 16.7155 -21.2036 0
      vertex 16.2354 -21.567 3.20925
      vertex 15.8702 -21.8435 0
    endloop
  endfacet
  facet normal 0.603478 -0.797379 -1.17205e-05
    outer loop
      vertex 16.2354 -21.567 3.20925
      vertex 16.7155 -21.2036 0
      vertex 16.3526 -21.4783 3.22079
    endloop
  endfacet
  facet normal 0.603814 -0.797125 4.77578e-05
    outer loop
      vertex 16.3526 -21.4783 3.22079
      vertex 16.7155 -21.2036 0
      vertex 16.4693 -21.3899 3.23693
    endloop
  endfacet
  facet normal 0.603081 -0.79768 -3.99487e-05
    outer loop
      vertex 16.4693 -21.3899 3.23693
      vertex 16.7155 -21.2036 0
      vertex 16.5853 -21.3022 3.25764
    endloop
  endfacet
  facet normal 0.603764 -0.797163 2.9953e-06
    outer loop
      vertex 16.5853 -21.3022 3.25764
      vertex 16.7155 -21.2036 0
      vertex 16.7003 -21.2151 3.28289
    endloop
  endfacet
  facet normal 0.603353 -0.797475 0
    outer loop
      vertex 16.7003 -21.2151 3.28289
      vertex 16.7155 -21.2036 0
      vertex 16.7155 -21.2036 3.28686
    endloop
  endfacet
  facet normal 0.603728 -0.797191 0
    outer loop
      vertex 16 -21.7452 9.2
      vertex 15.8702 -21.8435 11.5
      vertex 15.8702 -21.8435 9.2
    endloop
  endfacet
  facet normal 0.603675 -0.79723 -4.65424e-06
    outer loop
      vertex 16.1178 -21.656 9.19769
      vertex 15.8702 -21.8435 11.5
      vertex 16 -21.7452 9.2
    endloop
  endfacet
  facet normal 0.603464 -0.79739 -4.03091e-05
    outer loop
      vertex 16.2354 -21.567 9.19075
      vertex 15.8702 -21.8435 11.5
      vertex 16.1178 -21.656 9.19769
    endloop
  endfacet
  facet normal 0.603571 -0.797309 -1.38752e-05
    outer loop
      vertex 15.8702 -21.8435 11.5
      vertex 16.2354 -21.567 9.19075
      vertex 16.7155 -21.2036 11.5
    endloop
  endfacet
  facet normal 0.603479 -0.797379 1.61965e-05
    outer loop
      vertex 16.3526 -21.4783 9.1792
      vertex 16.7155 -21.2036 11.5
      vertex 16.2354 -21.567 9.19075
    endloop
  endfacet
  facet normal 0.603812 -0.797126 -6.58859e-05
    outer loop
      vertex 16.4693 -21.3899 9.16306
      vertex 16.7155 -21.2036 11.5
      vertex 16.3526 -21.4783 9.1792
    endloop
  endfacet
  facet normal 0.603083 -0.797679 5.50494e-05
    outer loop
      vertex 16.5853 -21.3022 9.14235
      vertex 16.7155 -21.2036 11.5
      vertex 16.4693 -21.3899 9.16306
    endloop
  endfacet
  facet normal 0.603764 -0.797163 -4.12502e-06
    outer loop
      vertex 16.7003 -21.2151 9.11711
      vertex 16.7155 -21.2036 11.5
      vertex 16.5853 -21.3022 9.14235
    endloop
  endfacet
  facet normal 0.603353 -0.797475 0
    outer loop
      vertex 16.7155 -21.2036 11.5
      vertex 16.7003 -21.2151 9.11711
      vertex 16.7155 -21.2036 9.11314
    endloop
  endfacet
  facet normal 0.471381 -0.88193 0
    outer loop
      vertex 12.2577 -24.0572 9.2
      vertex 13.1928 -23.5574 11.5
      vertex 12.2577 -24.0572 11.5
    endloop
  endfacet
  facet normal 0.471381 -0.88193 0
    outer loop
      vertex 13.1928 -23.5574 11.5
      vertex 12.2577 -24.0572 9.2
      vertex 13.1928 -23.5574 9.2
    endloop
  endfacet
  facet normal 0.471381 -0.88193 0
    outer loop
      vertex 12.2577 -24.0572 0
      vertex 13.1928 -23.5574 3.2
      vertex 12.2577 -24.0572 3.2
    endloop
  endfacet
  facet normal 0.471381 -0.88193 0
    outer loop
      vertex 13.1928 -23.5574 3.2
      vertex 12.2577 -24.0572 0
      vertex 13.1928 -23.5574 0
    endloop
  endfacet
  facet normal 0.400705 -0.916207 0
    outer loop
      vertex 10.3325 -24.9447 0
      vertex 11.3038 -24.5199 3.2
      vertex 10.3325 -24.9447 3.2
    endloop
  endfacet
  facet normal 0.400705 -0.916207 0
    outer loop
      vertex 11.3038 -24.5199 3.2
      vertex 10.3325 -24.9447 0
      vertex 11.3038 -24.5199 0
    endloop
  endfacet
  facet normal 0.400705 -0.916207 0
    outer loop
      vertex 10.3325 -24.9447 9.2
      vertex 11.3038 -24.5199 11.5
      vertex 10.3325 -24.9447 11.5
    endloop
  endfacet
  facet normal 0.400705 -0.916207 0
    outer loop
      vertex 11.3038 -24.5199 11.5
      vertex 10.3325 -24.9447 9.2
      vertex 11.3038 -24.5199 9.2
    endloop
  endfacet
  facet normal 0.797309 -0.603571 0
    outer loop
      vertex 21.2036 -16.7155 11.5
      vertex 21.8435 -15.8702 0
      vertex 21.8435 -15.8702 11.5
    endloop
  endfacet
  facet normal 0.797309 -0.603571 0
    outer loop
      vertex 21.8435 -15.8702 0
      vertex 21.2036 -16.7155 11.5
      vertex 21.2036 -16.7155 0
    endloop
  endfacet
  facet normal 0.820409 -0.571777 0
    outer loop
      vertex 21.8435 -15.8702 11.5
      vertex 22.4497 -15.0004 0
      vertex 22.4497 -15.0004 11.5
    endloop
  endfacet
  facet normal 0.820409 -0.571777 0
    outer loop
      vertex 22.4497 -15.0004 0
      vertex 21.8435 -15.8702 11.5
      vertex 21.8435 -15.8702 0
    endloop
  endfacet
  facet normal 0.916207 -0.400705 0
    outer loop
      vertex 24.5199 -11.3038 11.5
      vertex 24.9447 -10.3325 0
      vertex 24.9447 -10.3325 11.5
    endloop
  endfacet
  facet normal 0.916207 -0.400705 0
    outer loop
      vertex 24.9447 -10.3325 0
      vertex 24.5199 -11.3038 11.5
      vertex 24.5199 -11.3038 0
    endloop
  endfacet
  facet normal 0.976769 -0.214297 0
    outer loop
      vertex 26.254 -6.30302 11.5
      vertex 26.4812 -5.26744 0
      vertex 26.4812 -5.26744 11.5
    endloop
  endfacet
  facet normal 0.976769 -0.214297 0
    outer loop
      vertex 26.4812 -5.26744 0
      vertex 26.254 -6.30302 11.5
      vertex 26.254 -6.30302 0
    endloop
  endfacet
  facet normal 0.984424 -0.175812 0
    outer loop
      vertex 26.4812 -5.26744 11.5
      vertex 26.6676 -4.22373 0
      vertex 26.6676 -4.22373 11.5
    endloop
  endfacet
  facet normal 0.984424 -0.175812 0
    outer loop
      vertex 26.6676 -4.22373 0
      vertex 26.4812 -5.26744 11.5
      vertex 26.4812 -5.26744 0
    endloop
  endfacet
  facet normal -0.603571 -0.797309 0
    outer loop
      vertex -16.7155 -21.2036 0
      vertex -15.8702 -21.8435 11.5
      vertex -16.7155 -21.2036 11.5
    endloop
  endfacet
  facet normal -0.603571 -0.797309 -0
    outer loop
      vertex -15.8702 -21.8435 11.5
      vertex -16.7155 -21.2036 0
      vertex -15.8702 -21.8435 0
    endloop
  endfacet
  facet normal -0.571777 -0.820409 0
    outer loop
      vertex -15.8702 -21.8435 0
      vertex -15.0004 -22.4497 11.5
      vertex -15.8702 -21.8435 11.5
    endloop
  endfacet
  facet normal -0.571777 -0.820409 -0
    outer loop
      vertex -15.0004 -22.4497 11.5
      vertex -15.8702 -21.8435 0
      vertex -15.0004 -22.4497 0
    endloop
  endfacet
  facet normal -0.400705 -0.916207 0
    outer loop
      vertex -11.3038 -24.5199 0
      vertex -10.3325 -24.9447 11.5
      vertex -11.3038 -24.5199 11.5
    endloop
  endfacet
  facet normal -0.400705 -0.916207 -0
    outer loop
      vertex -10.3325 -24.9447 11.5
      vertex -11.3038 -24.5199 0
      vertex -10.3325 -24.9447 0
    endloop
  endfacet
  facet normal -0.214297 -0.976769 0
    outer loop
      vertex -6.30302 -26.254 0
      vertex -5.26744 -26.4812 11.5
      vertex -6.30302 -26.254 11.5
    endloop
  endfacet
  facet normal -0.214297 -0.976769 -0
    outer loop
      vertex -5.26744 -26.4812 11.5
      vertex -6.30302 -26.254 0
      vertex -5.26744 -26.4812 0
    endloop
  endfacet
  facet normal -0.136954 -0.990577 0
    outer loop
      vertex -4.22373 -26.6676 0
      vertex -3.17351 -26.8128 11.5
      vertex -4.22373 -26.6676 11.5
    endloop
  endfacet
  facet normal -0.136954 -0.990577 -0
    outer loop
      vertex -3.17351 -26.8128 11.5
      vertex -4.22373 -26.6676 0
      vertex -3.17351 -26.8128 0
    endloop
  endfacet
  facet normal -0.0980916 -0.995177 0
    outer loop
      vertex -3.17351 -26.8128 0
      vertex -2.11839 -26.9168 11.5
      vertex -3.17351 -26.8128 11.5
    endloop
  endfacet
  facet normal -0.0980916 -0.995177 -0
    outer loop
      vertex -2.11839 -26.9168 11.5
      vertex -3.17351 -26.8128 0
      vertex -2.11839 -26.9168 0
    endloop
  endfacet
  facet normal -0.916207 -0.400705 0
    outer loop
      vertex -24.5199 -11.3038 0
      vertex -24.9447 -10.3325 11.5
      vertex -24.9447 -10.3325 0
    endloop
  endfacet
  facet normal -0.916207 -0.400705 0
    outer loop
      vertex -24.9447 -10.3325 11.5
      vertex -24.5199 -11.3038 0
      vertex -24.5199 -11.3038 11.5
    endloop
  endfacet
  facet normal -0.899739 -0.436429 0
    outer loop
      vertex -24.0572 -12.2577 0
      vertex -24.5199 -11.3038 11.5
      vertex -24.5199 -11.3038 0
    endloop
  endfacet
  facet normal -0.899739 -0.436429 0
    outer loop
      vertex -24.5199 -11.3038 11.5
      vertex -24.0572 -12.2577 0
      vertex -24.0572 -12.2577 11.5
    endloop
  endfacet
  facet normal -0.84221 -0.53915 0
    outer loop
      vertex -22.4497 -15.0004 0
      vertex -23.0213 -14.1075 11.5
      vertex -23.0213 -14.1075 0
    endloop
  endfacet
  facet normal -0.84221 -0.53915 0
    outer loop
      vertex -23.0213 -14.1075 11.5
      vertex -22.4497 -15.0004 0
      vertex -22.4497 -15.0004 11.5
    endloop
  endfacet
  facet normal -0.773024 -0.634377 0
    outer loop
      vertex -20.531 -17.5351 0
      vertex -21.2036 -16.7155 11.5
      vertex -21.2036 -16.7155 0
    endloop
  endfacet
  facet normal -0.773024 -0.634377 0
    outer loop
      vertex -21.2036 -16.7155 11.5
      vertex -20.531 -17.5351 0
      vertex -20.531 -17.5351 11.5
    endloop
  endfacet
  facet normal -0.967598 -0.252494 0
    outer loop
      vertex -25.9863 -7.32889 0
      vertex -26.254 -6.30302 11.5
      vertex -26.254 -6.30302 0
    endloop
  endfacet
  facet normal -0.967598 -0.252494 0
    outer loop
      vertex -26.254 -6.30302 11.5
      vertex -25.9863 -7.32889 0
      vertex -25.9863 -7.32889 11.5
    endloop
  endfacet
  facet normal -0.998266 -0.0588558 0
    outer loop
      vertex -26.9168 -2.11839 0
      vertex -26.9792 -1.06001 11.5
      vertex -26.9792 -1.06001 0
    endloop
  endfacet
  facet normal -0.998266 -0.0588558 0
    outer loop
      vertex -26.9792 -1.06001 11.5
      vertex -26.9168 -2.11839 0
      vertex -26.9168 -2.11839 11.5
    endloop
  endfacet
  facet normal -0.899739 0.436429 0
    outer loop
      vertex -24.5199 11.3038 0
      vertex -24.0572 12.2577 11.5
      vertex -24.0572 12.2577 0
    endloop
  endfacet
  facet normal -0.899739 0.436429 0
    outer loop
      vertex -24.0572 12.2577 11.5
      vertex -24.5199 11.3038 0
      vertex -24.5199 11.3038 11.5
    endloop
  endfacet
  facet normal -0.400705 0.916207 0
    outer loop
      vertex -10.3325 24.9447 0
      vertex -11.3038 24.5199 11.5
      vertex -10.3325 24.9447 11.5
    endloop
  endfacet
  facet normal -0.400705 0.916207 0
    outer loop
      vertex -11.3038 24.5199 11.5
      vertex -10.3325 24.9447 0
      vertex -11.3038 24.5199 0
    endloop
  endfacet
  facet normal 0.0980916 -0.995177 0
    outer loop
      vertex 2.11839 -26.9168 0
      vertex 3.17351 -26.8128 11.5
      vertex 2.11839 -26.9168 11.5
    endloop
  endfacet
  facet normal 0.0980916 -0.995177 0
    outer loop
      vertex 3.17351 -26.8128 11.5
      vertex 2.11839 -26.9168 0
      vertex 3.17351 -26.8128 0
    endloop
  endfacet
  facet normal 0.290546 -0.956861 0
    outer loop
      vertex 7.32889 -25.9863 0
      vertex 7.45206 -25.9489 2.68178
      vertex 7.32889 -25.9863 2.72999
    endloop
  endfacet
  facet normal 0.29026 -0.956948 1.43596e-05
    outer loop
      vertex 7.32889 -25.9863 0
      vertex 7.59119 -25.9067 2.63354
      vertex 7.45206 -25.9489 2.68178
    endloop
  endfacet
  facet normal 0.290019 -0.957021 4.06184e-05
    outer loop
      vertex 7.32889 -25.9863 0
      vertex 7.7321 -25.864 2.59079
      vertex 7.59119 -25.9067 2.63354
    endloop
  endfacet
  facet normal 0.29016 -0.956978 1.65223e-05
    outer loop
      vertex 7.32889 -25.9863 0
      vertex 7.87458 -25.8208 2.55361
      vertex 7.7321 -25.864 2.59079
    endloop
  endfacet
  facet normal 0.290688 -0.956818 -0.000106475
    outer loop
      vertex 7.32889 -25.9863 0
      vertex 8.01841 -25.7771 2.52205
      vertex 7.87458 -25.8208 2.55361
    endloop
  endfacet
  facet normal 0.290314 -0.956932 5.1564e-06
    outer loop
      vertex 8.34346 -25.6785 0
      vertex 8.01841 -25.7771 2.52205
      vertex 7.32889 -25.9863 0
    endloop
  endfacet
  facet normal 0.289832 -0.957077 -6.2596e-05
    outer loop
      vertex 8.01841 -25.7771 2.52205
      vertex 8.34346 -25.6785 0
      vertex 8.16337 -25.7332 2.49617
    endloop
  endfacet
  facet normal 0.290608 -0.956842 -1.47326e-06
    outer loop
      vertex 8.16337 -25.7332 2.49617
      vertex 8.34346 -25.6785 0
      vertex 8.30923 -25.6889 2.47599
    endloop
  endfacet
  facet normal 0.290706 -0.956813 0
    outer loop
      vertex 8.30923 -25.6889 2.47599
      vertex 8.34346 -25.6785 0
      vertex 8.34346 -25.6785 2.47262
    endloop
  endfacet
  facet normal 0.290314 -0.956932 -8.01739e-06
    outer loop
      vertex 8.01841 -25.7771 9.87794
      vertex 8.34346 -25.6785 11.5
      vertex 7.32889 -25.9863 11.5
    endloop
  endfacet
  facet normal 0.290706 -0.956813 0
    outer loop
      vertex 8.34346 -25.6785 11.5
      vertex 8.30923 -25.6889 9.92401
      vertex 8.34346 -25.6785 9.92738
    endloop
  endfacet
  facet normal 0.290608 -0.956842 2.31713e-06
    outer loop
      vertex 8.34346 -25.6785 11.5
      vertex 8.16337 -25.7332 9.90383
      vertex 8.30923 -25.6889 9.92401
    endloop
  endfacet
  facet normal 0.289826 -0.957079 9.86172e-05
    outer loop
      vertex 8.34346 -25.6785 11.5
      vertex 8.01841 -25.7771 9.87794
      vertex 8.16337 -25.7332 9.90383
    endloop
  endfacet
  facet normal 0.290677 -0.956821 0.000160516
    outer loop
      vertex 7.32889 -25.9863 11.5
      vertex 7.87458 -25.8208 9.84639
      vertex 8.01841 -25.7771 9.87794
    endloop
  endfacet
  facet normal 0.290162 -0.956977 -2.48019e-05
    outer loop
      vertex 7.32889 -25.9863 11.5
      vertex 7.7321 -25.864 9.80921
      vertex 7.87458 -25.8208 9.84639
    endloop
  endfacet
  facet normal 0.290024 -0.957019 -6.07805e-05
    outer loop
      vertex 7.32889 -25.9863 11.5
      vertex 7.59119 -25.9067 9.76646
      vertex 7.7321 -25.864 9.80921
    endloop
  endfacet
  facet normal 0.290262 -0.956947 -2.1443e-05
    outer loop
      vertex 7.32889 -25.9863 11.5
      vertex 7.45206 -25.9489 9.71822
      vertex 7.59119 -25.9067 9.76646
    endloop
  endfacet
  facet normal 0.290546 -0.956861 0
    outer loop
      vertex 7.45206 -25.9489 9.71822
      vertex 7.32889 -25.9863 11.5
      vertex 7.32889 -25.9863 9.67001
    endloop
  endfacet
  facet normal 0.436429 -0.899739 0
    outer loop
      vertex 11.3038 -24.5199 0
      vertex 12.2577 -24.0572 3.2
      vertex 11.3038 -24.5199 3.2
    endloop
  endfacet
  facet normal 0.436429 -0.899739 0
    outer loop
      vertex 12.2577 -24.0572 3.2
      vertex 11.3038 -24.5199 0
      vertex 12.2577 -24.0572 0
    endloop
  endfacet
  facet normal 0.436429 -0.899739 0
    outer loop
      vertex 11.3038 -24.5199 9.2
      vertex 12.2577 -24.0572 11.5
      vertex 11.3038 -24.5199 11.5
    endloop
  endfacet
  facet normal 0.436429 -0.899739 0
    outer loop
      vertex 12.2577 -24.0572 11.5
      vertex 11.3038 -24.5199 9.2
      vertex 12.2577 -24.0572 9.2
    endloop
  endfacet
  facet normal 0.967598 -0.252494 0
    outer loop
      vertex 25.9863 -7.32889 11.5
      vertex 26.254 -6.30302 0
      vertex 26.254 -6.30302 11.5
    endloop
  endfacet
  facet normal 0.967598 -0.252494 0
    outer loop
      vertex 26.254 -6.30302 0
      vertex 25.9863 -7.32889 11.5
      vertex 25.9863 -7.32889 0
    endloop
  endfacet
  facet normal 0.998266 -0.0588558 0
    outer loop
      vertex 26.9168 -2.11839 11.5
      vertex 26.9792 -1.06001 0
      vertex 26.9792 -1.06001 11.5
    endloop
  endfacet
  facet normal 0.998266 -0.0588558 0
    outer loop
      vertex 26.9792 -1.06001 0
      vertex 26.9168 -2.11839 11.5
      vertex 26.9168 -2.11839 0
    endloop
  endfacet
  facet normal 0.990577 -0.136954 0
    outer loop
      vertex 26.6676 -4.22373 11.5
      vertex 26.8128 -3.17351 0
      vertex 26.8128 -3.17351 11.5
    endloop
  endfacet
  facet normal 0.990577 -0.136954 0
    outer loop
      vertex 26.8128 -3.17351 0
      vertex 26.6676 -4.22373 11.5
      vertex 26.6676 -4.22373 0
    endloop
  endfacet
  facet normal -0.252494 -0.967598 0
    outer loop
      vertex -7.32889 -25.9863 0
      vertex -6.30302 -26.254 11.5
      vertex -7.32889 -25.9863 11.5
    endloop
  endfacet
  facet normal -0.252494 -0.967598 -0
    outer loop
      vertex -6.30302 -26.254 11.5
      vertex -7.32889 -25.9863 0
      vertex -6.30302 -26.254 0
    endloop
  endfacet
  facet normal -0.0588558 -0.998266 0
    outer loop
      vertex -2.11839 -26.9168 0
      vertex -1.06001 -26.9792 11.5
      vertex -2.11839 -26.9168 11.5
    endloop
  endfacet
  facet normal -0.0588558 -0.998266 -0
    outer loop
      vertex -1.06001 -26.9792 11.5
      vertex -2.11839 -26.9168 0
      vertex -1.06001 -26.9792 0
    endloop
  endfacet
  facet normal -0.797309 -0.603571 0
    outer loop
      vertex -21.2036 -16.7155 0
      vertex -21.8435 -15.8702 11.5
      vertex -21.8435 -15.8702 0
    endloop
  endfacet
  facet normal -0.797309 -0.603571 0
    outer loop
      vertex -21.8435 -15.8702 11.5
      vertex -21.2036 -16.7155 0
      vertex -21.2036 -16.7155 11.5
    endloop
  endfacet
  facet normal -0.995177 -0.0980916 0
    outer loop
      vertex -26.8128 -3.17351 0
      vertex -26.9168 -2.11839 11.5
      vertex -26.9168 -2.11839 0
    endloop
  endfacet
  facet normal -0.995177 -0.0980916 0
    outer loop
      vertex -26.9168 -2.11839 11.5
      vertex -26.8128 -3.17351 0
      vertex -26.8128 -3.17351 11.5
    endloop
  endfacet
  facet normal -0.693091 -0.72085 0
    outer loop
      vertex 9.91388 10.7248 0
      vertex 10.3273 10.3273 2.54
      vertex 9.91388 10.7248 2.54
    endloop
  endfacet
  facet normal -0.693091 -0.72085 -0
    outer loop
      vertex 10.3273 10.3273 2.54
      vertex 9.91388 10.7248 0
      vertex 10.3273 10.3273 0
    endloop
  endfacet
  facet normal 0.364436 -0.931229 0
    outer loop
      vertex -5.58909 13.4933 0
      vertex -5.05504 13.7023 2.54
      vertex -5.58909 13.4933 2.54
    endloop
  endfacet
  facet normal 0.364436 -0.931229 0
    outer loop
      vertex -5.05504 13.7023 2.54
      vertex -5.58909 13.4933 0
      vertex -5.05504 13.7023 0
    endloop
  endfacet
  facet normal 0.916142 -0.400855 0
    outer loop
      vertex -13.4933 5.58909 2.54
      vertex -13.2634 6.11452 0
      vertex -13.2634 6.11452 2.54
    endloop
  endfacet
  facet normal 0.916142 -0.400855 0
    outer loop
      vertex -13.2634 6.11452 0
      vertex -13.4933 5.58909 2.54
      vertex -13.4933 5.58909 0
    endloop
  endfacet
  facet normal -0.956929 -0.290322 0
    outer loop
      vertex 14.0567 3.96439 0
      vertex 13.8902 4.51319 2.54
      vertex 13.8902 4.51319 0
    endloop
  endfacet
  facet normal -0.956929 -0.290322 0
    outer loop
      vertex 13.8902 4.51319 2.54
      vertex 14.0567 3.96439 0
      vertex 14.0567 3.96439 2.54
    endloop
  endfacet
  facet normal -0.916142 -0.400855 0
    outer loop
      vertex 13.4933 5.58909 0
      vertex 13.2634 6.11452 2.54
      vertex 13.2634 6.11452 0
    endloop
  endfacet
  facet normal -0.916142 -0.400855 0
    outer loop
      vertex 13.2634 6.11452 2.54
      vertex 13.4933 5.58909 0
      vertex 13.4933 5.58909 2.54
    endloop
  endfacet
  facet normal -0.400855 -0.916142 0
    outer loop
      vertex 5.58909 13.4933 0
      vertex 6.11452 13.2634 2.54
      vertex 5.58909 13.4933 2.54
    endloop
  endfacet
  facet normal -0.400855 -0.916142 -0
    outer loop
      vertex 6.11452 13.2634 2.54
      vertex 5.58909 13.4933 0
      vertex 6.11452 13.2634 0
    endloop
  endfacet
  facet normal 0.72085 -0.693091 0
    outer loop
      vertex -10.7248 9.91388 2.54
      vertex -10.3273 10.3273 0
      vertex -10.3273 10.3273 2.54
    endloop
  endfacet
  facet normal 0.72085 -0.693091 0
    outer loop
      vertex -10.3273 10.3273 0
      vertex -10.7248 9.91388 2.54
      vertex -10.7248 9.91388 0
    endloop
  endfacet
  facet normal 0.175766 -0.984432 0
    outer loop
      vertex -2.84929 14.3244 0
      vertex -2.28473 14.4252 2.54
      vertex -2.84929 14.3244 2.54
    endloop
  endfacet
  facet normal 0.175766 -0.984432 0
    outer loop
      vertex -2.28473 14.4252 2.54
      vertex -2.84929 14.3244 0
      vertex -2.28473 14.4252 0
    endloop
  endfacet
  facet normal -0.72085 0.693091 0
    outer loop
      vertex 10.3273 -10.3273 0
      vertex 10.7248 -9.91388 2.54
      vertex 10.7248 -9.91388 0
    endloop
  endfacet
  facet normal -0.72085 0.693091 0
    outer loop
      vertex 10.7248 -9.91388 2.54
      vertex 10.3273 -10.3273 0
      vertex 10.3273 -10.3273 2.54
    endloop
  endfacet
  facet normal 0.693091 0.72085 -0
    outer loop
      vertex -9.91388 -10.7248 0
      vertex -10.3273 -10.3273 2.54
      vertex -9.91388 -10.7248 2.54
    endloop
  endfacet
  facet normal 0.693091 0.72085 0
    outer loop
      vertex -10.3273 -10.3273 2.54
      vertex -9.91388 -10.7248 0
      vertex -10.3273 -10.3273 0
    endloop
  endfacet
  facet normal -0.984432 -0.175766 0
    outer loop
      vertex 14.4252 2.28473 0
      vertex 14.3244 2.84929 2.54
      vertex 14.3244 2.84929 0
    endloop
  endfacet
  facet normal -0.984432 -0.175766 0
    outer loop
      vertex 14.3244 2.84929 2.54
      vertex 14.4252 2.28473 0
      vertex 14.4252 2.28473 2.54
    endloop
  endfacet
  facet normal -0.842213 -0.539145 0
    outer loop
      vertex 12.4528 7.63109 0
      vertex 12.1436 8.1141 2.54
      vertex 12.1436 8.1141 0
    endloop
  endfacet
  facet normal -0.842213 -0.539145 0
    outer loop
      vertex 12.1436 8.1141 2.54
      vertex 12.4528 7.63109 0
      vertex 12.4528 7.63109 2.54
    endloop
  endfacet
  facet normal -0.571764 -0.820418 0
    outer loop
      vertex 8.1141 12.1436 0
      vertex 8.5846 11.8157 2.54
      vertex 8.1141 12.1436 2.54
    endloop
  endfacet
  facet normal -0.571764 -0.820418 -0
    outer loop
      vertex 8.5846 11.8157 2.54
      vertex 8.1141 12.1436 0
      vertex 8.5846 11.8157 0
    endloop
  endfacet
  facet normal -0.0197036 -0.999806 0
    outer loop
      vertex 0 14.605 0
      vertex 0.573389 14.5937 2.54
      vertex 0 14.605 2.54
    endloop
  endfacet
  facet normal -0.0197036 -0.999806 -0
    outer loop
      vertex 0.573389 14.5937 2.54
      vertex 0 14.605 0
      vertex 0.573389 14.5937 0
    endloop
  endfacet
  facet normal -0.214297 -0.976769 0
    outer loop
      vertex 2.84929 14.3244 0
      vertex 3.40947 14.2015 2.54
      vertex 2.84929 14.3244 2.54
    endloop
  endfacet
  facet normal -0.214297 -0.976769 -0
    outer loop
      vertex 3.40947 14.2015 2.54
      vertex 2.84929 14.3244 0
      vertex 3.40947 14.2015 0
    endloop
  endfacet
  facet normal 0.999806 -0.0197036 0
    outer loop
      vertex -14.605 0 2.54
      vertex -14.5937 0.573389 0
      vertex -14.5937 0.573389 2.54
    endloop
  endfacet
  facet normal 0.999806 -0.0197036 0
    outer loop
      vertex -14.5937 0.573389 0
      vertex -14.605 0 2.54
      vertex -14.605 0 0
    endloop
  endfacet
  facet normal 0.976769 -0.214297 0
    outer loop
      vertex -14.3244 2.84929 2.54
      vertex -14.2015 3.40947 0
      vertex -14.2015 3.40947 2.54
    endloop
  endfacet
  facet normal 0.976769 -0.214297 0
    outer loop
      vertex -14.2015 3.40947 0
      vertex -14.3244 2.84929 2.54
      vertex -14.3244 2.84929 0
    endloop
  endfacet
  facet normal 0.820418 -0.571764 0
    outer loop
      vertex -12.1436 8.1141 2.54
      vertex -11.8157 8.5846 0
      vertex -11.8157 8.5846 2.54
    endloop
  endfacet
  facet normal 0.820418 -0.571764 0
    outer loop
      vertex -11.8157 8.5846 0
      vertex -12.1436 8.1141 2.54
      vertex -12.1436 8.1141 0
    endloop
  endfacet
  facet normal 0.0587618 -0.998272 0
    outer loop
      vertex -1.1459 14.56 0
      vertex -0.573389 14.5937 2.54
      vertex -1.1459 14.56 2.54
    endloop
  endfacet
  facet normal 0.0587618 -0.998272 0
    outer loop
      vertex -0.573389 14.5937 2.54
      vertex -1.1459 14.56 0
      vertex -0.573389 14.5937 0
    endloop
  endfacet
  facet normal 0.539145 -0.842213 0
    outer loop
      vertex -8.1141 12.1436 0
      vertex -7.63109 12.4528 2.54
      vertex -8.1141 12.1436 2.54
    endloop
  endfacet
  facet normal 0.539145 -0.842213 0
    outer loop
      vertex -7.63109 12.4528 2.54
      vertex -8.1141 12.1436 0
      vertex -7.63109 12.4528 0
    endloop
  endfacet
  facet normal 0.436292 -0.899805 0
    outer loop
      vertex -6.63053 13.0132 0
      vertex -6.11452 13.2634 2.54
      vertex -6.63053 13.0132 2.54
    endloop
  endfacet
  facet normal 0.436292 -0.899805 0
    outer loop
      vertex -6.11452 13.2634 2.54
      vertex -6.63053 13.0132 0
      vertex -6.11452 13.2634 0
    endloop
  endfacet
  facet normal -0.999806 -0.0197036 0
    outer loop
      vertex 14.605 0 0
      vertex 14.5937 0.573389 2.54
      vertex 14.5937 0.573389 0
    endloop
  endfacet
  facet normal -0.999806 -0.0197036 0
    outer loop
      vertex 14.5937 0.573389 2.54
      vertex 14.605 0 0
      vertex 14.605 0 2.54
    endloop
  endfacet
  facet normal -0.999806 0.0197036 0
    outer loop
      vertex 14.5937 -0.573389 0
      vertex 14.605 0 2.54
      vertex 14.605 0 0
    endloop
  endfacet
  facet normal -0.999806 0.0197036 0
    outer loop
      vertex 14.605 0 2.54
      vertex 14.5937 -0.573389 0
      vertex 14.5937 -0.573389 2.54
    endloop
  endfacet
  facet normal -0.984432 0.175766 0
    outer loop
      vertex 14.3244 -2.84929 0
      vertex 14.4252 -2.28473 2.54
      vertex 14.4252 -2.28473 0
    endloop
  endfacet
  facet normal -0.984432 0.175766 0
    outer loop
      vertex 14.4252 -2.28473 2.54
      vertex 14.3244 -2.84929 0
      vertex 14.3244 -2.84929 2.54
    endloop
  endfacet
  facet normal -0.603507 0.797358 0
    outer loop
      vertex 9.04187 -11.4696 0
      vertex 8.5846 -11.8157 2.54
      vertex 9.04187 -11.4696 2.54
    endloop
  endfacet
  facet normal -0.603507 0.797358 0
    outer loop
      vertex 8.5846 -11.8157 2.54
      vertex 9.04187 -11.4696 0
      vertex 8.5846 -11.8157 0
    endloop
  endfacet
  facet normal 0.0197036 0.999806 -0
    outer loop
      vertex 0 -14.605 0
      vertex -0.573389 -14.5937 2.54
      vertex 0 -14.605 2.54
    endloop
  endfacet
  facet normal 0.0197036 0.999806 0
    outer loop
      vertex -0.573389 -14.5937 2.54
      vertex 0 -14.605 0
      vertex -0.573389 -14.5937 0
    endloop
  endfacet
  facet normal 0.400855 0.916142 -0
    outer loop
      vertex -5.58909 -13.4933 0
      vertex -6.11452 -13.2634 2.54
      vertex -5.58909 -13.4933 2.54
    endloop
  endfacet
  facet normal 0.400855 0.916142 0
    outer loop
      vertex -6.11452 -13.2634 2.54
      vertex -5.58909 -13.4933 0
      vertex -6.11452 -13.2634 0
    endloop
  endfacet
  facet normal 0.931229 0.364436 0
    outer loop
      vertex -13.4933 -5.58909 2.54
      vertex -13.7023 -5.05504 0
      vertex -13.7023 -5.05504 2.54
    endloop
  endfacet
  facet normal 0.931229 0.364436 0
    outer loop
      vertex -13.7023 -5.05504 0
      vertex -13.4933 -5.58909 2.54
      vertex -13.4933 -5.58909 0
    endloop
  endfacet
  facet normal 0.984432 0.175766 0
    outer loop
      vertex -14.3244 -2.84929 2.54
      vertex -14.4252 -2.28473 0
      vertex -14.4252 -2.28473 2.54
    endloop
  endfacet
  facet normal 0.984432 0.175766 0
    outer loop
      vertex -14.4252 -2.28473 0
      vertex -14.3244 -2.84929 2.54
      vertex -14.3244 -2.84929 0
    endloop
  endfacet
  facet normal 0.842213 0.539145 0
    outer loop
      vertex -12.1436 -8.1141 2.54
      vertex -12.4528 -7.63109 0
      vertex -12.4528 -7.63109 2.54
    endloop
  endfacet
  facet normal 0.842213 0.539145 0
    outer loop
      vertex -12.4528 -7.63109 0
      vertex -12.1436 -8.1141 2.54
      vertex -12.1436 -8.1141 0
    endloop
  endfacet
  facet normal -0.995187 -0.0979964 0
    outer loop
      vertex 14.56 1.1459 0
      vertex 14.5038 1.71663 2.54
      vertex 14.5038 1.71663 0
    endloop
  endfacet
  facet normal -0.995187 -0.0979964 0
    outer loop
      vertex 14.5038 1.71663 2.54
      vertex 14.56 1.1459 0
      vertex 14.56 1.1459 2.54
    endloop
  endfacet
  facet normal -0.998272 -0.0587618 0
    outer loop
      vertex 14.5937 0.573389 0
      vertex 14.56 1.1459 2.54
      vertex 14.56 1.1459 0
    endloop
  endfacet
  facet normal -0.998272 -0.0587618 0
    outer loop
      vertex 14.56 1.1459 2.54
      vertex 14.5937 0.573389 0
      vertex 14.5937 0.573389 2.54
    endloop
  endfacet
  facet normal -0.990564 -0.13705 0
    outer loop
      vertex 14.5038 1.71663 0
      vertex 14.4252 2.28473 2.54
      vertex 14.4252 2.28473 0
    endloop
  endfacet
  facet normal -0.990564 -0.13705 0
    outer loop
      vertex 14.4252 2.28473 2.54
      vertex 14.5038 1.71663 0
      vertex 14.5038 1.71663 2.54
    endloop
  endfacet
  facet normal -0.931229 -0.364436 0
    outer loop
      vertex 13.7023 5.05504 0
      vertex 13.4933 5.58909 2.54
      vertex 13.4933 5.58909 0
    endloop
  endfacet
  facet normal -0.931229 -0.364436 0
    outer loop
      vertex 13.4933 5.58909 2.54
      vertex 13.7023 5.05504 0
      vertex 13.7023 5.05504 2.54
    endloop
  endfacet
  facet normal -0.944805 -0.327635 0
    outer loop
      vertex 13.8902 4.51319 0
      vertex 13.7023 5.05504 2.54
      vertex 13.7023 5.05504 0
    endloop
  endfacet
  facet normal -0.944805 -0.327635 0
    outer loop
      vertex 13.7023 5.05504 2.54
      vertex 13.8902 4.51319 0
      vertex 13.8902 4.51319 2.54
    endloop
  endfacet
  facet normal -0.967601 -0.252484 0
    outer loop
      vertex 14.2015 3.40947 0
      vertex 14.0567 3.96439 2.54
      vertex 14.0567 3.96439 0
    endloop
  endfacet
  facet normal -0.967601 -0.252484 0
    outer loop
      vertex 14.0567 3.96439 2.54
      vertex 14.2015 3.40947 0
      vertex 14.2015 3.40947 2.54
    endloop
  endfacet
  facet normal -0.899805 -0.436292 0
    outer loop
      vertex 13.2634 6.11452 0
      vertex 13.0132 6.63053 2.54
      vertex 13.0132 6.63053 0
    endloop
  endfacet
  facet normal -0.899805 -0.436292 0
    outer loop
      vertex 13.0132 6.63053 2.54
      vertex 13.2634 6.11452 0
      vertex 13.2634 6.11452 2.54
    endloop
  endfacet
  facet normal -0.862731 -0.505663 0
    outer loop
      vertex 12.7428 7.13631 0
      vertex 12.4528 7.63109 2.54
      vertex 12.4528 7.63109 0
    endloop
  endfacet
  facet normal -0.862731 -0.505663 0
    outer loop
      vertex 12.4528 7.63109 2.54
      vertex 12.7428 7.13631 0
      vertex 12.7428 7.13631 2.54
    endloop
  endfacet
  facet normal -0.772945 -0.634473 0
    outer loop
      vertex 11.4696 9.04187 0
      vertex 11.1057 9.48519 2.54
      vertex 11.1057 9.48519 0
    endloop
  endfacet
  facet normal -0.772945 -0.634473 0
    outer loop
      vertex 11.1057 9.48519 2.54
      vertex 11.4696 9.04187 0
      vertex 11.4696 9.04187 2.54
    endloop
  endfacet
  facet normal -0.747546 -0.66421 0
    outer loop
      vertex 11.1057 9.48519 0
      vertex 10.7248 9.91388 2.54
      vertex 10.7248 9.91388 0
    endloop
  endfacet
  facet normal -0.747546 -0.66421 0
    outer loop
      vertex 10.7248 9.91388 2.54
      vertex 11.1057 9.48519 0
      vertex 11.1057 9.48519 2.54
    endloop
  endfacet
  facet normal -0.820418 -0.571764 0
    outer loop
      vertex 12.1436 8.1141 0
      vertex 11.8157 8.5846 2.54
      vertex 11.8157 8.5846 0
    endloop
  endfacet
  facet normal -0.820418 -0.571764 0
    outer loop
      vertex 11.8157 8.5846 2.54
      vertex 12.1436 8.1141 0
      vertex 12.1436 8.1141 2.54
    endloop
  endfacet
  facet normal -0.72085 -0.693091 0
    outer loop
      vertex 10.7248 9.91388 0
      vertex 10.3273 10.3273 2.54
      vertex 10.3273 10.3273 0
    endloop
  endfacet
  facet normal -0.72085 -0.693091 0
    outer loop
      vertex 10.3273 10.3273 2.54
      vertex 10.7248 9.91388 0
      vertex 10.7248 9.91388 2.54
    endloop
  endfacet
  facet normal -0.66421 -0.747546 0
    outer loop
      vertex 9.48519 11.1057 0
      vertex 9.91388 10.7248 2.54
      vertex 9.48519 11.1057 2.54
    endloop
  endfacet
  facet normal -0.66421 -0.747546 -0
    outer loop
      vertex 9.91388 10.7248 2.54
      vertex 9.48519 11.1057 0
      vertex 9.91388 10.7248 0
    endloop
  endfacet
  facet normal -0.13705 -0.990564 0
    outer loop
      vertex 1.71663 14.5038 0
      vertex 2.28473 14.4252 2.54
      vertex 1.71663 14.5038 2.54
    endloop
  endfacet
  facet normal -0.13705 -0.990564 -0
    outer loop
      vertex 2.28473 14.4252 2.54
      vertex 1.71663 14.5038 0
      vertex 2.28473 14.4252 0
    endloop
  endfacet
  facet normal -0.471471 -0.881881 0
    outer loop
      vertex 6.63053 13.0132 0
      vertex 7.13631 12.7428 2.54
      vertex 6.63053 13.0132 2.54
    endloop
  endfacet
  facet normal -0.471471 -0.881881 -0
    outer loop
      vertex 7.13631 12.7428 2.54
      vertex 6.63053 13.0132 0
      vertex 7.13631 12.7428 0
    endloop
  endfacet
  facet normal -0.436292 -0.899805 0
    outer loop
      vertex 6.11452 13.2634 0
      vertex 6.63053 13.0132 2.54
      vertex 6.11452 13.2634 2.54
    endloop
  endfacet
  facet normal -0.436292 -0.899805 -0
    outer loop
      vertex 6.63053 13.0132 2.54
      vertex 6.11452 13.2634 0
      vertex 6.63053 13.0132 0
    endloop
  endfacet
  facet normal -0.539145 -0.842213 0
    outer loop
      vertex 7.63109 12.4528 0
      vertex 8.1141 12.1436 2.54
      vertex 7.63109 12.4528 2.54
    endloop
  endfacet
  facet normal -0.539145 -0.842213 -0
    outer loop
      vertex 8.1141 12.1436 2.54
      vertex 7.63109 12.4528 0
      vertex 8.1141 12.1436 0
    endloop
  endfacet
  facet normal -0.327635 -0.944805 0
    outer loop
      vertex 4.51319 13.8902 0
      vertex 5.05504 13.7023 2.54
      vertex 4.51319 13.8902 2.54
    endloop
  endfacet
  facet normal -0.327635 -0.944805 -0
    outer loop
      vertex 5.05504 13.7023 2.54
      vertex 4.51319 13.8902 0
      vertex 5.05504 13.7023 0
    endloop
  endfacet
  facet normal -0.364436 -0.931229 0
    outer loop
      vertex 5.05504 13.7023 0
      vertex 5.58909 13.4933 2.54
      vertex 5.05504 13.7023 2.54
    endloop
  endfacet
  facet normal -0.364436 -0.931229 -0
    outer loop
      vertex 5.58909 13.4933 2.54
      vertex 5.05504 13.7023 0
      vertex 5.58909 13.4933 0
    endloop
  endfacet
  facet normal -0.175766 -0.984432 0
    outer loop
      vertex 2.28473 14.4252 0
      vertex 2.84929 14.3244 2.54
      vertex 2.28473 14.4252 2.54
    endloop
  endfacet
  facet normal -0.175766 -0.984432 -0
    outer loop
      vertex 2.84929 14.3244 2.54
      vertex 2.28473 14.4252 0
      vertex 2.84929 14.3244 0
    endloop
  endfacet
  facet normal -0.0587618 -0.998272 0
    outer loop
      vertex 0.573389 14.5937 0
      vertex 1.1459 14.56 2.54
      vertex 0.573389 14.5937 2.54
    endloop
  endfacet
  facet normal -0.0587618 -0.998272 -0
    outer loop
      vertex 1.1459 14.56 2.54
      vertex 0.573389 14.5937 0
      vertex 1.1459 14.56 0
    endloop
  endfacet
  facet normal -0.290322 -0.956929 0
    outer loop
      vertex 3.96439 14.0567 0
      vertex 4.51319 13.8902 2.54
      vertex 3.96439 14.0567 2.54
    endloop
  endfacet
  facet normal -0.290322 -0.956929 -0
    outer loop
      vertex 4.51319 13.8902 2.54
      vertex 3.96439 14.0567 0
      vertex 4.51319 13.8902 0
    endloop
  endfacet
  facet normal 0.990564 -0.13705 0
    outer loop
      vertex -14.5038 1.71663 2.54
      vertex -14.4252 2.28473 0
      vertex -14.4252 2.28473 2.54
    endloop
  endfacet
  facet normal 0.990564 -0.13705 0
    outer loop
      vertex -14.4252 2.28473 0
      vertex -14.5038 1.71663 2.54
      vertex -14.5038 1.71663 0
    endloop
  endfacet
  facet normal 0.944805 -0.327635 0
    outer loop
      vertex -13.8902 4.51319 2.54
      vertex -13.7023 5.05504 0
      vertex -13.7023 5.05504 2.54
    endloop
  endfacet
  facet normal 0.944805 -0.327635 0
    outer loop
      vertex -13.7023 5.05504 0
      vertex -13.8902 4.51319 2.54
      vertex -13.8902 4.51319 0
    endloop
  endfacet
  facet normal 0.931229 -0.364436 0
    outer loop
      vertex -13.7023 5.05504 2.54
      vertex -13.4933 5.58909 0
      vertex -13.4933 5.58909 2.54
    endloop
  endfacet
  facet normal 0.931229 -0.364436 0
    outer loop
      vertex -13.4933 5.58909 0
      vertex -13.7023 5.05504 2.54
      vertex -13.7023 5.05504 0
    endloop
  endfacet
  facet normal 0.984432 -0.175766 0
    outer loop
      vertex -14.4252 2.28473 2.54
      vertex -14.3244 2.84929 0
      vertex -14.3244 2.84929 2.54
    endloop
  endfacet
  facet normal 0.984432 -0.175766 0
    outer loop
      vertex -14.3244 2.84929 0
      vertex -14.4252 2.28473 2.54
      vertex -14.4252 2.28473 0
    endloop
  endfacet
  facet normal 0.998272 -0.0587618 0
    outer loop
      vertex -14.5937 0.573389 2.54
      vertex -14.56 1.1459 0
      vertex -14.56 1.1459 2.54
    endloop
  endfacet
  facet normal 0.998272 -0.0587618 0
    outer loop
      vertex -14.56 1.1459 0
      vertex -14.5937 0.573389 2.54
      vertex -14.5937 0.573389 0
    endloop
  endfacet
  facet normal 0 0 -1
    outer loop
      vertex 14.5937 -0.573389 2.54
      vertex 14.5937 0.573389 2.54
      vertex 14.605 0 2.54
    endloop
  endfacet
  facet normal 0 0 -1
    outer loop
      vertex 14.56 -1.1459 2.54
      vertex 14.5937 0.573389 2.54
      vertex 14.5937 -0.573389 2.54
    endloop
  endfacet
  facet normal 0 0 -1
    outer loop
      vertex 14.56 -1.1459 2.54
      vertex 14.56 1.1459 2.54
      vertex 14.5937 0.573389 2.54
    endloop
  endfacet
  facet normal 0 0 -1
    outer loop
      vertex 14.5038 -1.71663 2.54
      vertex 14.56 1.1459 2.54
      vertex 14.56 -1.1459 2.54
    endloop
  endfacet
  facet normal 0 0 -1
    outer loop
      vertex 14.5038 -1.71663 2.54
      vertex 14.5038 1.71663 2.54
      vertex 14.56 1.1459 2.54
    endloop
  endfacet
  facet normal 0 0 -1
    outer loop
      vertex 14.4252 -2.28473 2.54
      vertex 14.5038 1.71663 2.54
      vertex 14.5038 -1.71663 2.54
    endloop
  endfacet
  facet normal 0 0 -1
    outer loop
      vertex 14.4252 -2.28473 2.54
      vertex 14.4252 2.28473 2.54
      vertex 14.5038 1.71663 2.54
    endloop
  endfacet
  facet normal 0 0 -1
    outer loop
      vertex 14.3244 -2.84929 2.54
      vertex 14.4252 2.28473 2.54
      vertex 14.4252 -2.28473 2.54
    endloop
  endfacet
  facet normal 0 0 -1
    outer loop
      vertex 14.3244 -2.84929 2.54
      vertex 14.3244 2.84929 2.54
      vertex 14.4252 2.28473 2.54
    endloop
  endfacet
  facet normal 0 0 -1
    outer loop
      vertex 14.2015 -3.40947 2.54
      vertex 14.3244 2.84929 2.54
      vertex 14.3244 -2.84929 2.54
    endloop
  endfacet
  facet normal 0 0 -1
    outer loop
      vertex 14.2015 -3.40947 2.54
      vertex 14.2015 3.40947 2.54
      vertex 14.3244 2.84929 2.54
    endloop
  endfacet
  facet normal 0 0 -1
    outer loop
      vertex 14.0567 -3.96439 2.54
      vertex 14.2015 3.40947 2.54
      vertex 14.2015 -3.40947 2.54
    endloop
  endfacet
  facet normal 0 0 -1
    outer loop
      vertex 14.0567 -3.96439 2.54
      vertex 14.0567 3.96439 2.54
      vertex 14.2015 3.40947 2.54
    endloop
  endfacet
  facet normal 0 0 -1
    outer loop
      vertex 13.8902 -4.51319 2.54
      vertex 14.0567 3.96439 2.54
      vertex 14.0567 -3.96439 2.54
    endloop
  endfacet
  facet normal 0 0 -1
    outer loop
      vertex 13.8902 -4.51319 2.54
      vertex 13.8902 4.51319 2.54
      vertex 14.0567 3.96439 2.54
    endloop
  endfacet
  facet normal 0 0 -1
    outer loop
      vertex 13.7023 -5.05504 2.54
      vertex 13.8902 4.51319 2.54
      vertex 13.8902 -4.51319 2.54
    endloop
  endfacet
  facet normal 0 0 -1
    outer loop
      vertex 13.7023 -5.05504 2.54
      vertex 13.7023 5.05504 2.54
      vertex 13.8902 4.51319 2.54
    endloop
  endfacet
  facet normal 0 0 -1
    outer loop
      vertex 13.4933 -5.58909 2.54
      vertex 13.7023 5.05504 2.54
      vertex 13.7023 -5.05504 2.54
    endloop
  endfacet
  facet normal 0 0 -1
    outer loop
      vertex 13.4933 -5.58909 2.54
      vertex 13.4933 5.58909 2.54
      vertex 13.7023 5.05504 2.54
    endloop
  endfacet
  facet normal 0 0 -1
    outer loop
      vertex 13.2634 -6.11452 2.54
      vertex 13.4933 5.58909 2.54
      vertex 13.4933 -5.58909 2.54
    endloop
  endfacet
  facet normal 0 0 -1
    outer loop
      vertex 13.2634 -6.11452 2.54
      vertex 13.2634 6.11452 2.54
      vertex 13.4933 5.58909 2.54
    endloop
  endfacet
  facet normal 0 0 -1
    outer loop
      vertex 13.0132 -6.63053 2.54
      vertex 13.2634 6.11452 2.54
      vertex 13.2634 -6.11452 2.54
    endloop
  endfacet
  facet normal 0 0 -1
    outer loop
      vertex 13.0132 -6.63053 2.54
      vertex 13.0132 6.63053 2.54
      vertex 13.2634 6.11452 2.54
    endloop
  endfacet
  facet normal 0 0 -1
    outer loop
      vertex 12.7428 -7.13631 2.54
      vertex 13.0132 6.63053 2.54
      vertex 13.0132 -6.63053 2.54
    endloop
  endfacet
  facet normal 0 0 -1
    outer loop
      vertex 12.7428 -7.13631 2.54
      vertex 12.7428 7.13631 2.54
      vertex 13.0132 6.63053 2.54
    endloop
  endfacet
  facet normal 0 0 -1
    outer loop
      vertex 12.4528 -7.63109 2.54
      vertex 12.7428 7.13631 2.54
      vertex 12.7428 -7.13631 2.54
    endloop
  endfacet
  facet normal 0 0 -1
    outer loop
      vertex 12.4528 -7.63109 2.54
      vertex 12.4528 7.63109 2.54
      vertex 12.7428 7.13631 2.54
    endloop
  endfacet
  facet normal 0 0 -1
    outer loop
      vertex 12.1436 -8.1141 2.54
      vertex 12.4528 7.63109 2.54
      vertex 12.4528 -7.63109 2.54
    endloop
  endfacet
  facet normal 0 0 -1
    outer loop
      vertex 12.1436 -8.1141 2.54
      vertex 12.1436 8.1141 2.54
      vertex 12.4528 7.63109 2.54
    endloop
  endfacet
  facet normal 0 0 -1
    outer loop
      vertex 11.8157 -8.5846 2.54
      vertex 12.1436 8.1141 2.54
      vertex 12.1436 -8.1141 2.54
    endloop
  endfacet
  facet normal 0 0 -1
    outer loop
      vertex 11.8157 -8.5846 2.54
      vertex 11.8157 8.5846 2.54
      vertex 12.1436 8.1141 2.54
    endloop
  endfacet
  facet normal 0 0 -1
    outer loop
      vertex 11.4696 -9.04187 2.54
      vertex 11.8157 8.5846 2.54
      vertex 11.8157 -8.5846 2.54
    endloop
  endfacet
  facet normal 0 0 -1
    outer loop
      vertex 11.4696 -9.04187 2.54
      vertex 11.4696 9.04187 2.54
      vertex 11.8157 8.5846 2.54
    endloop
  endfacet
  facet normal 0 0 -1
    outer loop
      vertex 11.1057 -9.48519 2.54
      vertex 11.4696 9.04187 2.54
      vertex 11.4696 -9.04187 2.54
    endloop
  endfacet
  facet normal 0 0 -1
    outer loop
      vertex 11.1057 -9.48519 2.54
      vertex 11.1057 9.48519 2.54
      vertex 11.4696 9.04187 2.54
    endloop
  endfacet
  facet normal 0 0 -1
    outer loop
      vertex 10.7248 -9.91388 2.54
      vertex 11.1057 9.48519 2.54
      vertex 11.1057 -9.48519 2.54
    endloop
  endfacet
  facet normal 0 0 -1
    outer loop
      vertex 10.7248 -9.91388 2.54
      vertex 10.7248 9.91388 2.54
      vertex 11.1057 9.48519 2.54
    endloop
  endfacet
  facet normal 0 0 -1
    outer loop
      vertex 10.3273 -10.3273 2.54
      vertex 10.7248 9.91388 2.54
      vertex 10.7248 -9.91388 2.54
    endloop
  endfacet
  facet normal 0 0 -1
    outer loop
      vertex 10.3273 -10.3273 2.54
      vertex 10.3273 10.3273 2.54
      vertex 10.7248 9.91388 2.54
    endloop
  endfacet
  facet normal 0 0 -1
    outer loop
      vertex 9.91388 -10.7248 2.54
      vertex 10.3273 10.3273 2.54
      vertex 10.3273 -10.3273 2.54
    endloop
  endfacet
  facet normal 0 0 -1
    outer loop
      vertex 9.91388 -10.7248 2.54
      vertex 9.91388 10.7248 2.54
      vertex 10.3273 10.3273 2.54
    endloop
  endfacet
  facet normal 0 0 -1
    outer loop
      vertex 9.48519 -11.1057 2.54
      vertex 9.91388 10.7248 2.54
      vertex 9.91388 -10.7248 2.54
    endloop
  endfacet
  facet normal 0 0 -1
    outer loop
      vertex 9.48519 -11.1057 2.54
      vertex 9.48519 11.1057 2.54
      vertex 9.91388 10.7248 2.54
    endloop
  endfacet
  facet normal 0 0 -1
    outer loop
      vertex 9.04187 -11.4696 2.54
      vertex 9.48519 11.1057 2.54
      vertex 9.48519 -11.1057 2.54
    endloop
  endfacet
  facet normal 0 0 -1
    outer loop
      vertex 9.04187 -11.4696 2.54
      vertex 9.04187 11.4696 2.54
      vertex 9.48519 11.1057 2.54
    endloop
  endfacet
  facet normal 0 0 -1
    outer loop
      vertex 8.5846 -11.8157 2.54
      vertex 9.04187 11.4696 2.54
      vertex 9.04187 -11.4696 2.54
    endloop
  endfacet
  facet normal 0 0 -1
    outer loop
      vertex 8.5846 -11.8157 2.54
      vertex 8.5846 11.8157 2.54
      vertex 9.04187 11.4696 2.54
    endloop
  endfacet
  facet normal 0 0 -1
    outer loop
      vertex 8.1141 -12.1436 2.54
      vertex 8.5846 11.8157 2.54
      vertex 8.5846 -11.8157 2.54
    endloop
  endfacet
  facet normal 0 0 -1
    outer loop
      vertex 8.1141 -12.1436 2.54
      vertex 8.1141 12.1436 2.54
      vertex 8.5846 11.8157 2.54
    endloop
  endfacet
  facet normal 0 0 -1
    outer loop
      vertex 7.63109 -12.4528 2.54
      vertex 8.1141 12.1436 2.54
      vertex 8.1141 -12.1436 2.54
    endloop
  endfacet
  facet normal 0 0 -1
    outer loop
      vertex 7.63109 -12.4528 2.54
      vertex 7.63109 12.4528 2.54
      vertex 8.1141 12.1436 2.54
    endloop
  endfacet
  facet normal 0 0 -1
    outer loop
      vertex 7.13631 -12.7428 2.54
      vertex 7.63109 12.4528 2.54
      vertex 7.63109 -12.4528 2.54
    endloop
  endfacet
  facet normal 0 0 -1
    outer loop
      vertex 7.13631 -12.7428 2.54
      vertex 7.13631 12.7428 2.54
      vertex 7.63109 12.4528 2.54
    endloop
  endfacet
  facet normal 0 0 -1
    outer loop
      vertex 6.63053 -13.0132 2.54
      vertex 7.13631 12.7428 2.54
      vertex 7.13631 -12.7428 2.54
    endloop
  endfacet
  facet normal 0 0 -1
    outer loop
      vertex 6.63053 -13.0132 2.54
      vertex 6.63053 13.0132 2.54
      vertex 7.13631 12.7428 2.54
    endloop
  endfacet
  facet normal 0 0 -1
    outer loop
      vertex 6.11452 -13.2634 2.54
      vertex 6.63053 13.0132 2.54
      vertex 6.63053 -13.0132 2.54
    endloop
  endfacet
  facet normal 0 0 -1
    outer loop
      vertex 6.11452 -13.2634 2.54
      vertex 6.11452 13.2634 2.54
      vertex 6.63053 13.0132 2.54
    endloop
  endfacet
  facet normal 0 0 -1
    outer loop
      vertex 5.58909 -13.4933 2.54
      vertex 6.11452 13.2634 2.54
      vertex 6.11452 -13.2634 2.54
    endloop
  endfacet
  facet normal 0 0 -1
    outer loop
      vertex 5.58909 -13.4933 2.54
      vertex 5.58909 13.4933 2.54
      vertex 6.11452 13.2634 2.54
    endloop
  endfacet
  facet normal 0 0 -1
    outer loop
      vertex 5.05504 -13.7023 2.54
      vertex 5.58909 13.4933 2.54
      vertex 5.58909 -13.4933 2.54
    endloop
  endfacet
  facet normal 0 0 -1
    outer loop
      vertex 5.05504 -13.7023 2.54
      vertex 5.05504 13.7023 2.54
      vertex 5.58909 13.4933 2.54
    endloop
  endfacet
  facet normal 0 0 -1
    outer loop
      vertex 4.51319 -13.8902 2.54
      vertex 5.05504 13.7023 2.54
      vertex 5.05504 -13.7023 2.54
    endloop
  endfacet
  facet normal 0 0 -1
    outer loop
      vertex 4.51319 -13.8902 2.54
      vertex 4.51319 13.8902 2.54
      vertex 5.05504 13.7023 2.54
    endloop
  endfacet
  facet normal 0 0 -1
    outer loop
      vertex 3.96439 -14.0567 2.54
      vertex 4.51319 13.8902 2.54
      vertex 4.51319 -13.8902 2.54
    endloop
  endfacet
  facet normal 0 0 -1
    outer loop
      vertex 3.96439 -14.0567 2.54
      vertex 3.96439 14.0567 2.54
      vertex 4.51319 13.8902 2.54
    endloop
  endfacet
  facet normal 0 0 -1
    outer loop
      vertex 3.40947 -14.2015 2.54
      vertex 3.96439 14.0567 2.54
      vertex 3.96439 -14.0567 2.54
    endloop
  endfacet
  facet normal 0 0 -1
    outer loop
      vertex 3.40947 -14.2015 2.54
      vertex 3.40947 14.2015 2.54
      vertex 3.96439 14.0567 2.54
    endloop
  endfacet
  facet normal 0 0 -1
    outer loop
      vertex 2.84929 -14.3244 2.54
      vertex 3.40947 14.2015 2.54
      vertex 3.40947 -14.2015 2.54
    endloop
  endfacet
  facet normal 0 0 -1
    outer loop
      vertex 2.84929 -14.3244 2.54
      vertex 2.84929 14.3244 2.54
      vertex 3.40947 14.2015 2.54
    endloop
  endfacet
  facet normal 0 0 -1
    outer loop
      vertex 2.28473 -14.4252 2.54
      vertex 2.84929 14.3244 2.54
      vertex 2.84929 -14.3244 2.54
    endloop
  endfacet
  facet normal 0 0 -1
    outer loop
      vertex 2.28473 -14.4252 2.54
      vertex 2.28473 14.4252 2.54
      vertex 2.84929 14.3244 2.54
    endloop
  endfacet
  facet normal 0 0 -1
    outer loop
      vertex 1.71663 -14.5038 2.54
      vertex 2.28473 14.4252 2.54
      vertex 2.28473 -14.4252 2.54
    endloop
  endfacet
  facet normal 0 0 -1
    outer loop
      vertex 1.71663 -14.5038 2.54
      vertex 1.71663 14.5038 2.54
      vertex 2.28473 14.4252 2.54
    endloop
  endfacet
  facet normal 0 0 -1
    outer loop
      vertex 1.1459 -14.56 2.54
      vertex 1.71663 14.5038 2.54
      vertex 1.71663 -14.5038 2.54
    endloop
  endfacet
  facet normal 0 0 -1
    outer loop
      vertex 1.1459 -14.56 2.54
      vertex 1.1459 14.56 2.54
      vertex 1.71663 14.5038 2.54
    endloop
  endfacet
  facet normal 0 0 -1
    outer loop
      vertex 0.573389 -14.5937 2.54
      vertex 1.1459 14.56 2.54
      vertex 1.1459 -14.56 2.54
    endloop
  endfacet
  facet normal 0 0 -1
    outer loop
      vertex 0.573389 -14.5937 2.54
      vertex 0.573389 14.5937 2.54
      vertex 1.1459 14.56 2.54
    endloop
  endfacet
  facet normal 0 0 -1
    outer loop
      vertex 0 -14.605 2.54
      vertex 0.573389 14.5937 2.54
      vertex 0.573389 -14.5937 2.54
    endloop
  endfacet
  facet normal 0 0 -1
    outer loop
      vertex 0 -14.605 2.54
      vertex 0 14.605 2.54
      vertex 0.573389 14.5937 2.54
    endloop
  endfacet
  facet normal 0 0 -1
    outer loop
      vertex -0.573389 -14.5937 2.54
      vertex 0 14.605 2.54
      vertex 0 -14.605 2.54
    endloop
  endfacet
  facet normal 0 0 -1
    outer loop
      vertex -0.573389 -14.5937 2.54
      vertex -0.573389 14.5937 2.54
      vertex 0 14.605 2.54
    endloop
  endfacet
  facet normal 0 0 -1
    outer loop
      vertex -1.1459 -14.56 2.54
      vertex -0.573389 14.5937 2.54
      vertex -0.573389 -14.5937 2.54
    endloop
  endfacet
  facet normal 0 0 -1
    outer loop
      vertex -1.1459 -14.56 2.54
      vertex -1.1459 14.56 2.54
      vertex -0.573389 14.5937 2.54
    endloop
  endfacet
  facet normal 0 0 -1
    outer loop
      vertex -1.71663 -14.5038 2.54
      vertex -1.1459 14.56 2.54
      vertex -1.1459 -14.56 2.54
    endloop
  endfacet
  facet normal 0 0 -1
    outer loop
      vertex -1.71663 -14.5038 2.54
      vertex -1.71663 14.5038 2.54
      vertex -1.1459 14.56 2.54
    endloop
  endfacet
  facet normal 0 0 -1
    outer loop
      vertex -2.28473 -14.4252 2.54
      vertex -1.71663 14.5038 2.54
      vertex -1.71663 -14.5038 2.54
    endloop
  endfacet
  facet normal 0 0 -1
    outer loop
      vertex -2.28473 -14.4252 2.54
      vertex -2.28473 14.4252 2.54
      vertex -1.71663 14.5038 2.54
    endloop
  endfacet
  facet normal 0 0 -1
    outer loop
      vertex -2.84929 -14.3244 2.54
      vertex -2.28473 14.4252 2.54
      vertex -2.28473 -14.4252 2.54
    endloop
  endfacet
  facet normal 0 0 -1
    outer loop
      vertex -2.84929 -14.3244 2.54
      vertex -2.84929 14.3244 2.54
      vertex -2.28473 14.4252 2.54
    endloop
  endfacet
  facet normal 0 0 -1
    outer loop
      vertex -3.40947 -14.2015 2.54
      vertex -2.84929 14.3244 2.54
      vertex -2.84929 -14.3244 2.54
    endloop
  endfacet
  facet normal 0 0 -1
    outer loop
      vertex -3.40947 -14.2015 2.54
      vertex -3.40947 14.2015 2.54
      vertex -2.84929 14.3244 2.54
    endloop
  endfacet
  facet normal 0 0 -1
    outer loop
      vertex -3.96439 -14.0567 2.54
      vertex -3.40947 14.2015 2.54
      vertex -3.40947 -14.2015 2.54
    endloop
  endfacet
  facet normal 0 0 -1
    outer loop
      vertex -3.96439 -14.0567 2.54
      vertex -3.96439 14.0567 2.54
      vertex -3.40947 14.2015 2.54
    endloop
  endfacet
  facet normal 0 0 -1
    outer loop
      vertex -4.51319 -13.8902 2.54
      vertex -3.96439 14.0567 2.54
      vertex -3.96439 -14.0567 2.54
    endloop
  endfacet
  facet normal 0 0 -1
    outer loop
      vertex -4.51319 -13.8902 2.54
      vertex -4.51319 13.8902 2.54
      vertex -3.96439 14.0567 2.54
    endloop
  endfacet
  facet normal 0 0 -1
    outer loop
      vertex -5.05504 -13.7023 2.54
      vertex -4.51319 13.8902 2.54
      vertex -4.51319 -13.8902 2.54
    endloop
  endfacet
  facet normal 0 0 -1
    outer loop
      vertex -5.05504 -13.7023 2.54
      vertex -5.05504 13.7023 2.54
      vertex -4.51319 13.8902 2.54
    endloop
  endfacet
  facet normal 0 0 -1
    outer loop
      vertex -5.58909 -13.4933 2.54
      vertex -5.05504 13.7023 2.54
      vertex -5.05504 -13.7023 2.54
    endloop
  endfacet
  facet normal 0 0 -1
    outer loop
      vertex -5.58909 -13.4933 2.54
      vertex -5.58909 13.4933 2.54
      vertex -5.05504 13.7023 2.54
    endloop
  endfacet
  facet normal 0 0 -1
    outer loop
      vertex -6.11452 -13.2634 2.54
      vertex -5.58909 13.4933 2.54
      vertex -5.58909 -13.4933 2.54
    endloop
  endfacet
  facet normal 0 0 -1
    outer loop
      vertex -6.11452 -13.2634 2.54
      vertex -6.11452 13.2634 2.54
      vertex -5.58909 13.4933 2.54
    endloop
  endfacet
  facet normal 0 0 -1
    outer loop
      vertex -6.63053 -13.0132 2.54
      vertex -6.11452 13.2634 2.54
      vertex -6.11452 -13.2634 2.54
    endloop
  endfacet
  facet normal 0 0 -1
    outer loop
      vertex -6.63053 -13.0132 2.54
      vertex -6.63053 13.0132 2.54
      vertex -6.11452 13.2634 2.54
    endloop
  endfacet
  facet normal 0 0 -1
    outer loop
      vertex -7.13631 -12.7428 2.54
      vertex -6.63053 13.0132 2.54
      vertex -6.63053 -13.0132 2.54
    endloop
  endfacet
  facet normal 0 0 -1
    outer loop
      vertex -7.13631 -12.7428 2.54
      vertex -7.13631 12.7428 2.54
      vertex -6.63053 13.0132 2.54
    endloop
  endfacet
  facet normal 0 0 -1
    outer loop
      vertex -7.63109 -12.4528 2.54
      vertex -7.13631 12.7428 2.54
      vertex -7.13631 -12.7428 2.54
    endloop
  endfacet
  facet normal 0 0 -1
    outer loop
      vertex -7.63109 -12.4528 2.54
      vertex -7.63109 12.4528 2.54
      vertex -7.13631 12.7428 2.54
    endloop
  endfacet
  facet normal 0 0 -1
    outer loop
      vertex -8.1141 -12.1436 2.54
      vertex -7.63109 12.4528 2.54
      vertex -7.63109 -12.4528 2.54
    endloop
  endfacet
  facet normal 0 0 -1
    outer loop
      vertex -8.1141 -12.1436 2.54
      vertex -8.1141 12.1436 2.54
      vertex -7.63109 12.4528 2.54
    endloop
  endfacet
  facet normal 0 0 -1
    outer loop
      vertex -8.5846 -11.8157 2.54
      vertex -8.1141 12.1436 2.54
      vertex -8.1141 -12.1436 2.54
    endloop
  endfacet
  facet normal 0 0 -1
    outer loop
      vertex -8.5846 -11.8157 2.54
      vertex -8.5846 11.8157 2.54
      vertex -8.1141 12.1436 2.54
    endloop
  endfacet
  facet normal 0 0 -1
    outer loop
      vertex -9.04187 -11.4696 2.54
      vertex -8.5846 11.8157 2.54
      vertex -8.5846 -11.8157 2.54
    endloop
  endfacet
  facet normal 0 0 -1
    outer loop
      vertex -9.04187 -11.4696 2.54
      vertex -9.04187 11.4696 2.54
      vertex -8.5846 11.8157 2.54
    endloop
  endfacet
  facet normal 0 0 -1
    outer loop
      vertex -9.48519 -11.1057 2.54
      vertex -9.04187 11.4696 2.54
      vertex -9.04187 -11.4696 2.54
    endloop
  endfacet
  facet normal 0 0 -1
    outer loop
      vertex -9.48519 -11.1057 2.54
      vertex -9.48519 11.1057 2.54
      vertex -9.04187 11.4696 2.54
    endloop
  endfacet
  facet normal 0 0 -1
    outer loop
      vertex -9.91388 -10.7248 2.54
      vertex -9.48519 11.1057 2.54
      vertex -9.48519 -11.1057 2.54
    endloop
  endfacet
  facet normal 0 0 -1
    outer loop
      vertex -9.91388 -10.7248 2.54
      vertex -9.91388 10.7248 2.54
      vertex -9.48519 11.1057 2.54
    endloop
  endfacet
  facet normal 0 0 -1
    outer loop
      vertex -10.3273 -10.3273 2.54
      vertex -9.91388 10.7248 2.54
      vertex -9.91388 -10.7248 2.54
    endloop
  endfacet
  facet normal 0 0 -1
    outer loop
      vertex -10.3273 -10.3273 2.54
      vertex -10.3273 10.3273 2.54
      vertex -9.91388 10.7248 2.54
    endloop
  endfacet
  facet normal 0 0 -1
    outer loop
      vertex -10.7248 -9.91388 2.54
      vertex -10.3273 10.3273 2.54
      vertex -10.3273 -10.3273 2.54
    endloop
  endfacet
  facet normal 0 0 -1
    outer loop
      vertex -10.7248 -9.91388 2.54
      vertex -10.7248 9.91388 2.54
      vertex -10.3273 10.3273 2.54
    endloop
  endfacet
  facet normal 0 0 -1
    outer loop
      vertex -11.1057 -9.48519 2.54
      vertex -10.7248 9.91388 2.54
      vertex -10.7248 -9.91388 2.54
    endloop
  endfacet
  facet normal 0 0 -1
    outer loop
      vertex -11.1057 -9.48519 2.54
      vertex -11.1057 9.48519 2.54
      vertex -10.7248 9.91388 2.54
    endloop
  endfacet
  facet normal 0 0 -1
    outer loop
      vertex -11.4696 -9.04187 2.54
      vertex -11.1057 9.48519 2.54
      vertex -11.1057 -9.48519 2.54
    endloop
  endfacet
  facet normal 0 0 -1
    outer loop
      vertex -11.4696 -9.04187 2.54
      vertex -11.4696 9.04187 2.54
      vertex -11.1057 9.48519 2.54
    endloop
  endfacet
  facet normal 0 0 -1
    outer loop
      vertex -11.8157 -8.5846 2.54
      vertex -11.4696 9.04187 2.54
      vertex -11.4696 -9.04187 2.54
    endloop
  endfacet
  facet normal 0 0 -1
    outer loop
      vertex -11.8157 -8.5846 2.54
      vertex -11.8157 8.5846 2.54
      vertex -11.4696 9.04187 2.54
    endloop
  endfacet
  facet normal 0 0 -1
    outer loop
      vertex -12.1436 -8.1141 2.54
      vertex -11.8157 8.5846 2.54
      vertex -11.8157 -8.5846 2.54
    endloop
  endfacet
  facet normal 0 0 -1
    outer loop
      vertex -12.1436 -8.1141 2.54
      vertex -12.1436 8.1141 2.54
      vertex -11.8157 8.5846 2.54
    endloop
  endfacet
  facet normal 0 0 -1
    outer loop
      vertex -12.4528 -7.63109 2.54
      vertex -12.1436 8.1141 2.54
      vertex -12.1436 -8.1141 2.54
    endloop
  endfacet
  facet normal 0 0 -1
    outer loop
      vertex -12.4528 -7.63109 2.54
      vertex -12.4528 7.63109 2.54
      vertex -12.1436 8.1141 2.54
    endloop
  endfacet
  facet normal 0 0 -1
    outer loop
      vertex -12.7428 -7.13631 2.54
      vertex -12.4528 7.63109 2.54
      vertex -12.4528 -7.63109 2.54
    endloop
  endfacet
  facet normal 0 0 -1
    outer loop
      vertex -12.7428 -7.13631 2.54
      vertex -12.7428 7.13631 2.54
      vertex -12.4528 7.63109 2.54
    endloop
  endfacet
  facet normal 0 0 -1
    outer loop
      vertex -13.0132 -6.63053 2.54
      vertex -12.7428 7.13631 2.54
      vertex -12.7428 -7.13631 2.54
    endloop
  endfacet
  facet normal 0 0 -1
    outer loop
      vertex -13.0132 -6.63053 2.54
      vertex -13.0132 6.63053 2.54
      vertex -12.7428 7.13631 2.54
    endloop
  endfacet
  facet normal 0 0 -1
    outer loop
      vertex -13.2634 -6.11452 2.54
      vertex -13.0132 6.63053 2.54
      vertex -13.0132 -6.63053 2.54
    endloop
  endfacet
  facet normal 0 0 -1
    outer loop
      vertex -13.2634 -6.11452 2.54
      vertex -13.2634 6.11452 2.54
      vertex -13.0132 6.63053 2.54
    endloop
  endfacet
  facet normal 0 0 -1
    outer loop
      vertex -13.4933 -5.58909 2.54
      vertex -13.2634 6.11452 2.54
      vertex -13.2634 -6.11452 2.54
    endloop
  endfacet
  facet normal 0 0 -1
    outer loop
      vertex -13.4933 -5.58909 2.54
      vertex -13.4933 5.58909 2.54
      vertex -13.2634 6.11452 2.54
    endloop
  endfacet
  facet normal 0 0 -1
    outer loop
      vertex -13.7023 -5.05504 2.54
      vertex -13.4933 5.58909 2.54
      vertex -13.4933 -5.58909 2.54
    endloop
  endfacet
  facet normal 0 0 -1
    outer loop
      vertex -13.7023 -5.05504 2.54
      vertex -13.7023 5.05504 2.54
      vertex -13.4933 5.58909 2.54
    endloop
  endfacet
  facet normal 0 0 -1
    outer loop
      vertex -13.8902 -4.51319 2.54
      vertex -13.7023 5.05504 2.54
      vertex -13.7023 -5.05504 2.54
    endloop
  endfacet
  facet normal 0 0 -1
    outer loop
      vertex -13.8902 -4.51319 2.54
      vertex -13.8902 4.51319 2.54
      vertex -13.7023 5.05504 2.54
    endloop
  endfacet
  facet normal 0 0 -1
    outer loop
      vertex -14.0567 -3.96439 2.54
      vertex -13.8902 4.51319 2.54
      vertex -13.8902 -4.51319 2.54
    endloop
  endfacet
  facet normal 0 0 -1
    outer loop
      vertex -14.0567 -3.96439 2.54
      vertex -14.0567 3.96439 2.54
      vertex -13.8902 4.51319 2.54
    endloop
  endfacet
  facet normal 0 0 -1
    outer loop
      vertex -14.2015 -3.40947 2.54
      vertex -14.0567 3.96439 2.54
      vertex -14.0567 -3.96439 2.54
    endloop
  endfacet
  facet normal 0 0 -1
    outer loop
      vertex -14.2015 -3.40947 2.54
      vertex -14.2015 3.40947 2.54
      vertex -14.0567 3.96439 2.54
    endloop
  endfacet
  facet normal 0 0 -1
    outer loop
      vertex -14.3244 -2.84929 2.54
      vertex -14.2015 3.40947 2.54
      vertex -14.2015 -3.40947 2.54
    endloop
  endfacet
  facet normal 0 0 -1
    outer loop
      vertex -14.3244 -2.84929 2.54
      vertex -14.3244 2.84929 2.54
      vertex -14.2015 3.40947 2.54
    endloop
  endfacet
  facet normal 0 0 -1
    outer loop
      vertex -14.4252 -2.28473 2.54
      vertex -14.3244 2.84929 2.54
      vertex -14.3244 -2.84929 2.54
    endloop
  endfacet
  facet normal 0 0 -1
    outer loop
      vertex -14.4252 -2.28473 2.54
      vertex -14.4252 2.28473 2.54
      vertex -14.3244 2.84929 2.54
    endloop
  endfacet
  facet normal 0 0 -1
    outer loop
      vertex -14.5038 -1.71663 2.54
      vertex -14.4252 2.28473 2.54
      vertex -14.4252 -2.28473 2.54
    endloop
  endfacet
  facet normal 0 0 -1
    outer loop
      vertex -14.5038 -1.71663 2.54
      vertex -14.5038 1.71663 2.54
      vertex -14.4252 2.28473 2.54
    endloop
  endfacet
  facet normal 0 0 -1
    outer loop
      vertex -14.56 -1.1459 2.54
      vertex -14.5038 1.71663 2.54
      vertex -14.5038 -1.71663 2.54
    endloop
  endfacet
  facet normal 0 0 -1
    outer loop
      vertex -14.56 -1.1459 2.54
      vertex -14.56 1.1459 2.54
      vertex -14.5038 1.71663 2.54
    endloop
  endfacet
  facet normal 0 0 -1
    outer loop
      vertex -14.5937 -0.573389 2.54
      vertex -14.56 1.1459 2.54
      vertex -14.56 -1.1459 2.54
    endloop
  endfacet
  facet normal 0 0 -1
    outer loop
      vertex -14.5937 -0.573389 2.54
      vertex -14.5937 0.573389 2.54
      vertex -14.56 1.1459 2.54
    endloop
  endfacet
  facet normal 0 -0 -1
    outer loop
      vertex -14.5937 0.573389 2.54
      vertex -14.5937 -0.573389 2.54
      vertex -14.605 0 2.54
    endloop
  endfacet
  facet normal 0.956929 -0.290322 0
    outer loop
      vertex -14.0567 3.96439 2.54
      vertex -13.8902 4.51319 0
      vertex -13.8902 4.51319 2.54
    endloop
  endfacet
  facet normal 0.956929 -0.290322 0
    outer loop
      vertex -13.8902 4.51319 0
      vertex -14.0567 3.96439 2.54
      vertex -14.0567 3.96439 0
    endloop
  endfacet
  facet normal 0.862731 -0.505663 0
    outer loop
      vertex -12.7428 7.13631 2.54
      vertex -12.4528 7.63109 0
      vertex -12.4528 7.63109 2.54
    endloop
  endfacet
  facet normal 0.862731 -0.505663 0
    outer loop
      vertex -12.4528 7.63109 0
      vertex -12.7428 7.13631 2.54
      vertex -12.7428 7.13631 0
    endloop
  endfacet
  facet normal 0.842213 -0.539145 0
    outer loop
      vertex -12.4528 7.63109 2.54
      vertex -12.1436 8.1141 0
      vertex -12.1436 8.1141 2.54
    endloop
  endfacet
  facet normal 0.842213 -0.539145 0
    outer loop
      vertex -12.1436 8.1141 0
      vertex -12.4528 7.63109 2.54
      vertex -12.4528 7.63109 0
    endloop
  endfacet
  facet normal 0.899805 -0.436292 0
    outer loop
      vertex -13.2634 6.11452 2.54
      vertex -13.0132 6.63053 0
      vertex -13.0132 6.63053 2.54
    endloop
  endfacet
  facet normal 0.899805 -0.436292 0
    outer loop
      vertex -13.0132 6.63053 0
      vertex -13.2634 6.11452 2.54
      vertex -13.2634 6.11452 0
    endloop
  endfacet
  facet normal 0.747546 -0.66421 0
    outer loop
      vertex -11.1057 9.48519 2.54
      vertex -10.7248 9.91388 0
      vertex -10.7248 9.91388 2.54
    endloop
  endfacet
  facet normal 0.747546 -0.66421 0
    outer loop
      vertex -10.7248 9.91388 0
      vertex -11.1057 9.48519 2.54
      vertex -11.1057 9.48519 0
    endloop
  endfacet
  facet normal 0.797358 -0.603507 0
    outer loop
      vertex -11.8157 8.5846 2.54
      vertex -11.4696 9.04187 0
      vertex -11.4696 9.04187 2.54
    endloop
  endfacet
  facet normal 0.797358 -0.603507 0
    outer loop
      vertex -11.4696 9.04187 0
      vertex -11.8157 8.5846 2.54
      vertex -11.8157 8.5846 0
    endloop
  endfacet
  facet normal 0.290322 -0.956929 0
    outer loop
      vertex -4.51319 13.8902 0
      vertex -3.96439 14.0567 2.54
      vertex -4.51319 13.8902 2.54
    endloop
  endfacet
  facet normal 0.290322 -0.956929 0
    outer loop
      vertex -3.96439 14.0567 2.54
      vertex -4.51319 13.8902 0
      vertex -3.96439 14.0567 0
    endloop
  endfacet
  facet normal 0.252484 -0.967601 0
    outer loop
      vertex -3.96439 14.0567 0
      vertex -3.40947 14.2015 2.54
      vertex -3.96439 14.0567 2.54
    endloop
  endfacet
  facet normal 0.252484 -0.967601 0
    outer loop
      vertex -3.40947 14.2015 2.54
      vertex -3.96439 14.0567 0
      vertex -3.40947 14.2015 0
    endloop
  endfacet
  facet normal 0.327635 -0.944805 0
    outer loop
      vertex -5.05504 13.7023 0
      vertex -4.51319 13.8902 2.54
      vertex -5.05504 13.7023 2.54
    endloop
  endfacet
  facet normal 0.327635 -0.944805 0
    outer loop
      vertex -4.51319 13.8902 2.54
      vertex -5.05504 13.7023 0
      vertex -4.51319 13.8902 0
    endloop
  endfacet
  facet normal 0.13705 -0.990564 0
    outer loop
      vertex -2.28473 14.4252 0
      vertex -1.71663 14.5038 2.54
      vertex -2.28473 14.4252 2.54
    endloop
  endfacet
  facet normal 0.13705 -0.990564 0
    outer loop
      vertex -1.71663 14.5038 2.54
      vertex -2.28473 14.4252 0
      vertex -1.71663 14.5038 0
    endloop
  endfacet
  facet normal 0.0197036 -0.999806 0
    outer loop
      vertex -0.573389 14.5937 0
      vertex 0 14.605 2.54
      vertex -0.573389 14.5937 2.54
    endloop
  endfacet
  facet normal 0.0197036 -0.999806 0
    outer loop
      vertex 0 14.605 2.54
      vertex -0.573389 14.5937 0
      vertex 0 14.605 0
    endloop
  endfacet
  facet normal 0.505663 -0.862731 0
    outer loop
      vertex -7.63109 12.4528 0
      vertex -7.13631 12.7428 2.54
      vertex -7.63109 12.4528 2.54
    endloop
  endfacet
  facet normal 0.505663 -0.862731 0
    outer loop
      vertex -7.13631 12.7428 2.54
      vertex -7.63109 12.4528 0
      vertex -7.13631 12.7428 0
    endloop
  endfacet
  facet normal 0.400855 -0.916142 0
    outer loop
      vertex -6.11452 13.2634 0
      vertex -5.58909 13.4933 2.54
      vertex -6.11452 13.2634 2.54
    endloop
  endfacet
  facet normal 0.400855 -0.916142 0
    outer loop
      vertex -5.58909 13.4933 2.54
      vertex -6.11452 13.2634 0
      vertex -5.58909 13.4933 0
    endloop
  endfacet
  facet normal 0.634473 -0.772945 0
    outer loop
      vertex -9.48519 11.1057 0
      vertex -9.04187 11.4696 2.54
      vertex -9.48519 11.1057 2.54
    endloop
  endfacet
  facet normal 0.634473 -0.772945 0
    outer loop
      vertex -9.04187 11.4696 2.54
      vertex -9.48519 11.1057 0
      vertex -9.04187 11.4696 0
    endloop
  endfacet
  facet normal 0.66421 -0.747546 0
    outer loop
      vertex -9.91388 10.7248 0
      vertex -9.48519 11.1057 2.54
      vertex -9.91388 10.7248 2.54
    endloop
  endfacet
  facet normal 0.66421 -0.747546 0
    outer loop
      vertex -9.48519 11.1057 2.54
      vertex -9.91388 10.7248 0
      vertex -9.48519 11.1057 0
    endloop
  endfacet
  facet normal 0.571764 -0.820418 0
    outer loop
      vertex -8.5846 11.8157 0
      vertex -8.1141 12.1436 2.54
      vertex -8.5846 11.8157 2.54
    endloop
  endfacet
  facet normal 0.571764 -0.820418 0
    outer loop
      vertex -8.1141 12.1436 2.54
      vertex -8.5846 11.8157 0
      vertex -8.1141 12.1436 0
    endloop
  endfacet
  facet normal 0.693091 -0.72085 0
    outer loop
      vertex -10.3273 10.3273 0
      vertex -9.91388 10.7248 2.54
      vertex -10.3273 10.3273 2.54
    endloop
  endfacet
  facet normal 0.693091 -0.72085 0
    outer loop
      vertex -9.91388 10.7248 2.54
      vertex -10.3273 10.3273 0
      vertex -9.91388 10.7248 0
    endloop
  endfacet
  facet normal -0.0197036 0.999806 0
    outer loop
      vertex 0.573389 -14.5937 0
      vertex 0 -14.605 2.54
      vertex 0.573389 -14.5937 2.54
    endloop
  endfacet
  facet normal -0.0197036 0.999806 0
    outer loop
      vertex 0 -14.605 2.54
      vertex 0.573389 -14.5937 0
      vertex 0 -14.605 0
    endloop
  endfacet
  facet normal -0.175766 0.984432 0
    outer loop
      vertex 2.84929 -14.3244 0
      vertex 2.28473 -14.4252 2.54
      vertex 2.84929 -14.3244 2.54
    endloop
  endfacet
  facet normal -0.175766 0.984432 0
    outer loop
      vertex 2.28473 -14.4252 2.54
      vertex 2.84929 -14.3244 0
      vertex 2.28473 -14.4252 0
    endloop
  endfacet
  facet normal -0.290322 0.956929 0
    outer loop
      vertex 4.51319 -13.8902 0
      vertex 3.96439 -14.0567 2.54
      vertex 4.51319 -13.8902 2.54
    endloop
  endfacet
  facet normal -0.290322 0.956929 0
    outer loop
      vertex 3.96439 -14.0567 2.54
      vertex 4.51319 -13.8902 0
      vertex 3.96439 -14.0567 0
    endloop
  endfacet
  facet normal -0.327635 0.944805 0
    outer loop
      vertex 5.05504 -13.7023 0
      vertex 4.51319 -13.8902 2.54
      vertex 5.05504 -13.7023 2.54
    endloop
  endfacet
  facet normal -0.327635 0.944805 0
    outer loop
      vertex 4.51319 -13.8902 2.54
      vertex 5.05504 -13.7023 0
      vertex 4.51319 -13.8902 0
    endloop
  endfacet
  facet normal -0.571764 0.820418 0
    outer loop
      vertex 8.5846 -11.8157 0
      vertex 8.1141 -12.1436 2.54
      vertex 8.5846 -11.8157 2.54
    endloop
  endfacet
  facet normal -0.571764 0.820418 0
    outer loop
      vertex 8.1141 -12.1436 2.54
      vertex 8.5846 -11.8157 0
      vertex 8.1141 -12.1436 0
    endloop
  endfacet
  facet normal -0.66421 0.747546 0
    outer loop
      vertex 9.91388 -10.7248 0
      vertex 9.48519 -11.1057 2.54
      vertex 9.91388 -10.7248 2.54
    endloop
  endfacet
  facet normal -0.66421 0.747546 0
    outer loop
      vertex 9.48519 -11.1057 2.54
      vertex 9.91388 -10.7248 0
      vertex 9.48519 -11.1057 0
    endloop
  endfacet
  facet normal -0.539145 0.842213 0
    outer loop
      vertex 8.1141 -12.1436 0
      vertex 7.63109 -12.4528 2.54
      vertex 8.1141 -12.1436 2.54
    endloop
  endfacet
  facet normal -0.539145 0.842213 0
    outer loop
      vertex 7.63109 -12.4528 2.54
      vertex 8.1141 -12.1436 0
      vertex 7.63109 -12.4528 0
    endloop
  endfacet
  facet normal -0.400855 0.916142 0
    outer loop
      vertex 6.11452 -13.2634 0
      vertex 5.58909 -13.4933 2.54
      vertex 6.11452 -13.2634 2.54
    endloop
  endfacet
  facet normal -0.400855 0.916142 0
    outer loop
      vertex 5.58909 -13.4933 2.54
      vertex 6.11452 -13.2634 0
      vertex 5.58909 -13.4933 0
    endloop
  endfacet
  facet normal -0.862731 0.505663 0
    outer loop
      vertex 12.4528 -7.63109 0
      vertex 12.7428 -7.13631 2.54
      vertex 12.7428 -7.13631 0
    endloop
  endfacet
  facet normal -0.862731 0.505663 0
    outer loop
      vertex 12.7428 -7.13631 2.54
      vertex 12.4528 -7.63109 0
      vertex 12.4528 -7.63109 2.54
    endloop
  endfacet
  facet normal -0.842213 0.539145 0
    outer loop
      vertex 12.1436 -8.1141 0
      vertex 12.4528 -7.63109 2.54
      vertex 12.4528 -7.63109 0
    endloop
  endfacet
  facet normal -0.842213 0.539145 0
    outer loop
      vertex 12.4528 -7.63109 2.54
      vertex 12.1436 -8.1141 0
      vertex 12.1436 -8.1141 2.54
    endloop
  endfacet
  facet normal -0.899805 0.436292 0
    outer loop
      vertex 13.0132 -6.63053 0
      vertex 13.2634 -6.11452 2.54
      vertex 13.2634 -6.11452 0
    endloop
  endfacet
  facet normal -0.899805 0.436292 0
    outer loop
      vertex 13.2634 -6.11452 2.54
      vertex 13.0132 -6.63053 0
      vertex 13.0132 -6.63053 2.54
    endloop
  endfacet
  facet normal -0.820418 0.571764 0
    outer loop
      vertex 11.8157 -8.5846 0
      vertex 12.1436 -8.1141 2.54
      vertex 12.1436 -8.1141 0
    endloop
  endfacet
  facet normal -0.820418 0.571764 0
    outer loop
      vertex 12.1436 -8.1141 2.54
      vertex 11.8157 -8.5846 0
      vertex 11.8157 -8.5846 2.54
    endloop
  endfacet
  facet normal 0.214297 0.976769 -0
    outer loop
      vertex -2.84929 -14.3244 0
      vertex -3.40947 -14.2015 2.54
      vertex -2.84929 -14.3244 2.54
    endloop
  endfacet
  facet normal 0.214297 0.976769 0
    outer loop
      vertex -3.40947 -14.2015 2.54
      vertex -2.84929 -14.3244 0
      vertex -3.40947 -14.2015 0
    endloop
  endfacet
  facet normal 0.364436 0.931229 -0
    outer loop
      vertex -5.05504 -13.7023 0
      vertex -5.58909 -13.4933 2.54
      vertex -5.05504 -13.7023 2.54
    endloop
  endfacet
  facet normal 0.364436 0.931229 0
    outer loop
      vertex -5.58909 -13.4933 2.54
      vertex -5.05504 -13.7023 0
      vertex -5.58909 -13.4933 0
    endloop
  endfacet
  facet normal 0.175766 0.984432 -0
    outer loop
      vertex -2.28473 -14.4252 0
      vertex -2.84929 -14.3244 2.54
      vertex -2.28473 -14.4252 2.54
    endloop
  endfacet
  facet normal 0.175766 0.984432 0
    outer loop
      vertex -2.84929 -14.3244 2.54
      vertex -2.28473 -14.4252 0
      vertex -2.84929 -14.3244 0
    endloop
  endfacet
  facet normal 0.13705 0.990564 -0
    outer loop
      vertex -1.71663 -14.5038 0
      vertex -2.28473 -14.4252 2.54
      vertex -1.71663 -14.5038 2.54
    endloop
  endfacet
  facet normal 0.13705 0.990564 0
    outer loop
      vertex -2.28473 -14.4252 2.54
      vertex -1.71663 -14.5038 0
      vertex -2.28473 -14.4252 0
    endloop
  endfacet
  facet normal 0.0587618 0.998272 -0
    outer loop
      vertex -0.573389 -14.5937 0
      vertex -1.1459 -14.56 2.54
      vertex -0.573389 -14.5937 2.54
    endloop
  endfacet
  facet normal 0.0587618 0.998272 0
    outer loop
      vertex -1.1459 -14.56 2.54
      vertex -0.573389 -14.5937 0
      vertex -1.1459 -14.56 0
    endloop
  endfacet
  facet normal 0.327635 0.944805 -0
    outer loop
      vertex -4.51319 -13.8902 0
      vertex -5.05504 -13.7023 2.54
      vertex -4.51319 -13.8902 2.54
    endloop
  endfacet
  facet normal 0.327635 0.944805 0
    outer loop
      vertex -5.05504 -13.7023 2.54
      vertex -4.51319 -13.8902 0
      vertex -5.05504 -13.7023 0
    endloop
  endfacet
  facet normal 0.290322 0.956929 -0
    outer loop
      vertex -3.96439 -14.0567 0
      vertex -4.51319 -13.8902 2.54
      vertex -3.96439 -14.0567 2.54
    endloop
  endfacet
  facet normal 0.290322 0.956929 0
    outer loop
      vertex -4.51319 -13.8902 2.54
      vertex -3.96439 -14.0567 0
      vertex -4.51319 -13.8902 0
    endloop
  endfacet
  facet normal 0.539145 0.842213 -0
    outer loop
      vertex -7.63109 -12.4528 0
      vertex -8.1141 -12.1436 2.54
      vertex -7.63109 -12.4528 2.54
    endloop
  endfacet
  facet normal 0.539145 0.842213 0
    outer loop
      vertex -8.1141 -12.1436 2.54
      vertex -7.63109 -12.4528 0
      vertex -8.1141 -12.1436 0
    endloop
  endfacet
  facet normal 0.505663 0.862731 -0
    outer loop
      vertex -7.13631 -12.7428 0
      vertex -7.63109 -12.4528 2.54
      vertex -7.13631 -12.7428 2.54
    endloop
  endfacet
  facet normal 0.505663 0.862731 0
    outer loop
      vertex -7.63109 -12.4528 2.54
      vertex -7.13631 -12.7428 0
      vertex -7.63109 -12.4528 0
    endloop
  endfacet
  facet normal 0.436292 0.899805 -0
    outer loop
      vertex -6.11452 -13.2634 0
      vertex -6.63053 -13.0132 2.54
      vertex -6.11452 -13.2634 2.54
    endloop
  endfacet
  facet normal 0.436292 0.899805 0
    outer loop
      vertex -6.63053 -13.0132 2.54
      vertex -6.11452 -13.2634 0
      vertex -6.63053 -13.0132 0
    endloop
  endfacet
  facet normal 0.571764 0.820418 -0
    outer loop
      vertex -8.1141 -12.1436 0
      vertex -8.5846 -11.8157 2.54
      vertex -8.1141 -12.1436 2.54
    endloop
  endfacet
  facet normal 0.571764 0.820418 0
    outer loop
      vertex -8.5846 -11.8157 2.54
      vertex -8.1141 -12.1436 0
      vertex -8.5846 -11.8157 0
    endloop
  endfacet
  facet normal 0.956929 0.290322 0
    outer loop
      vertex -13.8902 -4.51319 2.54
      vertex -14.0567 -3.96439 0
      vertex -14.0567 -3.96439 2.54
    endloop
  endfacet
  facet normal 0.956929 0.290322 0
    outer loop
      vertex -14.0567 -3.96439 0
      vertex -13.8902 -4.51319 2.54
      vertex -13.8902 -4.51319 0
    endloop
  endfacet
  facet normal 0.944805 0.327635 0
    outer loop
      vertex -13.7023 -5.05504 2.54
      vertex -13.8902 -4.51319 0
      vertex -13.8902 -4.51319 2.54
    endloop
  endfacet
  facet normal 0.944805 0.327635 0
    outer loop
      vertex -13.8902 -4.51319 0
      vertex -13.7023 -5.05504 2.54
      vertex -13.7023 -5.05504 0
    endloop
  endfacet
  facet normal 0.999806 0.0197036 0
    outer loop
      vertex -14.5937 -0.573389 2.54
      vertex -14.605 0 0
      vertex -14.605 0 2.54
    endloop
  endfacet
  facet normal 0.999806 0.0197036 0
    outer loop
      vertex -14.605 0 0
      vertex -14.5937 -0.573389 2.54
      vertex -14.5937 -0.573389 0
    endloop
  endfacet
  facet normal 0.916142 0.400855 0
    outer loop
      vertex -13.2634 -6.11452 2.54
      vertex -13.4933 -5.58909 0
      vertex -13.4933 -5.58909 2.54
    endloop
  endfacet
  facet normal 0.916142 0.400855 0
    outer loop
      vertex -13.4933 -5.58909 0
      vertex -13.2634 -6.11452 2.54
      vertex -13.2634 -6.11452 0
    endloop
  endfacet
  facet normal 0.820418 0.571764 0
    outer loop
      vertex -11.8157 -8.5846 2.54
      vertex -12.1436 -8.1141 0
      vertex -12.1436 -8.1141 2.54
    endloop
  endfacet
  facet normal 0.820418 0.571764 0
    outer loop
      vertex -12.1436 -8.1141 0
      vertex -11.8157 -8.5846 2.54
      vertex -11.8157 -8.5846 0
    endloop
  endfacet
  facet normal 0.747546 0.66421 0
    outer loop
      vertex -10.7248 -9.91388 2.54
      vertex -11.1057 -9.48519 0
      vertex -11.1057 -9.48519 2.54
    endloop
  endfacet
  facet normal 0.747546 0.66421 0
    outer loop
      vertex -11.1057 -9.48519 0
      vertex -10.7248 -9.91388 2.54
      vertex -10.7248 -9.91388 0
    endloop
  endfacet
  facet normal 0.797358 0.603507 0
    outer loop
      vertex -11.4696 -9.04187 2.54
      vertex -11.8157 -8.5846 0
      vertex -11.8157 -8.5846 2.54
    endloop
  endfacet
  facet normal 0.797358 0.603507 0
    outer loop
      vertex -11.8157 -8.5846 0
      vertex -11.4696 -9.04187 2.54
      vertex -11.4696 -9.04187 0
    endloop
  endfacet
  facet normal 0.72085 0.693091 0
    outer loop
      vertex -10.3273 -10.3273 2.54
      vertex -10.7248 -9.91388 0
      vertex -10.7248 -9.91388 2.54
    endloop
  endfacet
  facet normal 0.72085 0.693091 0
    outer loop
      vertex -10.7248 -9.91388 0
      vertex -10.3273 -10.3273 2.54
      vertex -10.3273 -10.3273 0
    endloop
  endfacet
  facet normal -0.976769 -0.214297 0
    outer loop
      vertex 14.3244 2.84929 0
      vertex 14.2015 3.40947 2.54
      vertex 14.2015 3.40947 0
    endloop
  endfacet
  facet normal -0.976769 -0.214297 0
    outer loop
      vertex 14.2015 3.40947 2.54
      vertex 14.3244 2.84929 0
      vertex 14.3244 2.84929 2.54
    endloop
  endfacet
  facet normal -0.634473 -0.772945 0
    outer loop
      vertex 9.04187 11.4696 0
      vertex 9.48519 11.1057 2.54
      vertex 9.04187 11.4696 2.54
    endloop
  endfacet
  facet normal -0.634473 -0.772945 -0
    outer loop
      vertex 9.48519 11.1057 2.54
      vertex 9.04187 11.4696 0
      vertex 9.48519 11.1057 0
    endloop
  endfacet
  facet normal -0.603507 -0.797358 0
    outer loop
      vertex 8.5846 11.8157 0
      vertex 9.04187 11.4696 2.54
      vertex 8.5846 11.8157 2.54
    endloop
  endfacet
  facet normal -0.603507 -0.797358 -0
    outer loop
      vertex 9.04187 11.4696 2.54
      vertex 8.5846 11.8157 0
      vertex 9.04187 11.4696 0
    endloop
  endfacet
  facet normal -0.0979964 -0.995187 0
    outer loop
      vertex 1.1459 14.56 0
      vertex 1.71663 14.5038 2.54
      vertex 1.1459 14.56 2.54
    endloop
  endfacet
  facet normal -0.0979964 -0.995187 -0
    outer loop
      vertex 1.71663 14.5038 2.54
      vertex 1.1459 14.56 0
      vertex 1.71663 14.5038 0
    endloop
  endfacet
  facet normal 0.995187 -0.0979964 0
    outer loop
      vertex -14.56 1.1459 2.54
      vertex -14.5038 1.71663 0
      vertex -14.5038 1.71663 2.54
    endloop
  endfacet
  facet normal 0.995187 -0.0979964 0
    outer loop
      vertex -14.5038 1.71663 0
      vertex -14.56 1.1459 2.54
      vertex -14.56 1.1459 0
    endloop
  endfacet
  facet normal 0.881881 -0.471471 0
    outer loop
      vertex -13.0132 6.63053 2.54
      vertex -12.7428 7.13631 0
      vertex -12.7428 7.13631 2.54
    endloop
  endfacet
  facet normal 0.881881 -0.471471 0
    outer loop
      vertex -12.7428 7.13631 0
      vertex -13.0132 6.63053 2.54
      vertex -13.0132 6.63053 0
    endloop
  endfacet
  facet normal -0.956929 0.290322 0
    outer loop
      vertex 13.8902 -4.51319 0
      vertex 14.0567 -3.96439 2.54
      vertex 14.0567 -3.96439 0
    endloop
  endfacet
  facet normal -0.956929 0.290322 0
    outer loop
      vertex 14.0567 -3.96439 2.54
      vertex 13.8902 -4.51319 0
      vertex 13.8902 -4.51319 2.54
    endloop
  endfacet
  facet normal -0.931229 0.364436 0
    outer loop
      vertex 13.4933 -5.58909 0
      vertex 13.7023 -5.05504 2.54
      vertex 13.7023 -5.05504 0
    endloop
  endfacet
  facet normal -0.931229 0.364436 0
    outer loop
      vertex 13.7023 -5.05504 2.54
      vertex 13.4933 -5.58909 0
      vertex 13.4933 -5.58909 2.54
    endloop
  endfacet
  facet normal -0.995187 0.0979964 0
    outer loop
      vertex 14.5038 -1.71663 0
      vertex 14.56 -1.1459 2.54
      vertex 14.56 -1.1459 0
    endloop
  endfacet
  facet normal -0.995187 0.0979964 0
    outer loop
      vertex 14.56 -1.1459 2.54
      vertex 14.5038 -1.71663 0
      vertex 14.5038 -1.71663 2.54
    endloop
  endfacet
  facet normal -0.990564 0.13705 0
    outer loop
      vertex 14.4252 -2.28473 0
      vertex 14.5038 -1.71663 2.54
      vertex 14.5038 -1.71663 0
    endloop
  endfacet
  facet normal -0.990564 0.13705 0
    outer loop
      vertex 14.5038 -1.71663 2.54
      vertex 14.4252 -2.28473 0
      vertex 14.4252 -2.28473 2.54
    endloop
  endfacet
  facet normal -0.998272 0.0587618 0
    outer loop
      vertex 14.56 -1.1459 0
      vertex 14.5937 -0.573389 2.54
      vertex 14.5937 -0.573389 0
    endloop
  endfacet
  facet normal -0.998272 0.0587618 0
    outer loop
      vertex 14.5937 -0.573389 2.54
      vertex 14.56 -1.1459 0
      vertex 14.56 -1.1459 2.54
    endloop
  endfacet
  facet normal -0.944805 0.327635 0
    outer loop
      vertex 13.7023 -5.05504 0
      vertex 13.8902 -4.51319 2.54
      vertex 13.8902 -4.51319 0
    endloop
  endfacet
  facet normal -0.944805 0.327635 0
    outer loop
      vertex 13.8902 -4.51319 2.54
      vertex 13.7023 -5.05504 0
      vertex 13.7023 -5.05504 2.54
    endloop
  endfacet
  facet normal -0.967601 0.252484 0
    outer loop
      vertex 14.0567 -3.96439 0
      vertex 14.2015 -3.40947 2.54
      vertex 14.2015 -3.40947 0
    endloop
  endfacet
  facet normal -0.967601 0.252484 0
    outer loop
      vertex 14.2015 -3.40947 2.54
      vertex 14.0567 -3.96439 0
      vertex 14.0567 -3.96439 2.54
    endloop
  endfacet
  facet normal -0.976769 0.214297 0
    outer loop
      vertex 14.2015 -3.40947 0
      vertex 14.3244 -2.84929 2.54
      vertex 14.3244 -2.84929 0
    endloop
  endfacet
  facet normal -0.976769 0.214297 0
    outer loop
      vertex 14.3244 -2.84929 2.54
      vertex 14.2015 -3.40947 0
      vertex 14.2015 -3.40947 2.54
    endloop
  endfacet
  facet normal -0.0587618 0.998272 0
    outer loop
      vertex 1.1459 -14.56 0
      vertex 0.573389 -14.5937 2.54
      vertex 1.1459 -14.56 2.54
    endloop
  endfacet
  facet normal -0.0587618 0.998272 0
    outer loop
      vertex 0.573389 -14.5937 2.54
      vertex 1.1459 -14.56 0
      vertex 0.573389 -14.5937 0
    endloop
  endfacet
  facet normal -0.0979964 0.995187 0
    outer loop
      vertex 1.71663 -14.5038 0
      vertex 1.1459 -14.56 2.54
      vertex 1.71663 -14.5038 2.54
    endloop
  endfacet
  facet normal -0.0979964 0.995187 0
    outer loop
      vertex 1.1459 -14.56 2.54
      vertex 1.71663 -14.5038 0
      vertex 1.1459 -14.56 0
    endloop
  endfacet
  facet normal -0.13705 0.990564 0
    outer loop
      vertex 2.28473 -14.4252 0
      vertex 1.71663 -14.5038 2.54
      vertex 2.28473 -14.4252 2.54
    endloop
  endfacet
  facet normal -0.13705 0.990564 0
    outer loop
      vertex 1.71663 -14.5038 2.54
      vertex 2.28473 -14.4252 0
      vertex 1.71663 -14.5038 0
    endloop
  endfacet
  facet normal -0.364436 0.931229 0
    outer loop
      vertex 5.58909 -13.4933 0
      vertex 5.05504 -13.7023 2.54
      vertex 5.58909 -13.4933 2.54
    endloop
  endfacet
  facet normal -0.364436 0.931229 0
    outer loop
      vertex 5.05504 -13.7023 2.54
      vertex 5.58909 -13.4933 0
      vertex 5.05504 -13.7023 0
    endloop
  endfacet
  facet normal -0.214297 0.976769 0
    outer loop
      vertex 3.40947 -14.2015 0
      vertex 2.84929 -14.3244 2.54
      vertex 3.40947 -14.2015 2.54
    endloop
  endfacet
  facet normal -0.214297 0.976769 0
    outer loop
      vertex 2.84929 -14.3244 2.54
      vertex 3.40947 -14.2015 0
      vertex 2.84929 -14.3244 0
    endloop
  endfacet
  facet normal -0.252484 0.967601 0
    outer loop
      vertex 3.96439 -14.0567 0
      vertex 3.40947 -14.2015 2.54
      vertex 3.96439 -14.0567 2.54
    endloop
  endfacet
  facet normal -0.252484 0.967601 0
    outer loop
      vertex 3.40947 -14.2015 2.54
      vertex 3.96439 -14.0567 0
      vertex 3.40947 -14.2015 0
    endloop
  endfacet
  facet normal -0.693091 0.72085 0
    outer loop
      vertex 10.3273 -10.3273 0
      vertex 9.91388 -10.7248 2.54
      vertex 10.3273 -10.3273 2.54
    endloop
  endfacet
  facet normal -0.693091 0.72085 0
    outer loop
      vertex 9.91388 -10.7248 2.54
      vertex 10.3273 -10.3273 0
      vertex 9.91388 -10.7248 0
    endloop
  endfacet
  facet normal -0.471471 0.881881 0
    outer loop
      vertex 7.13631 -12.7428 0
      vertex 6.63053 -13.0132 2.54
      vertex 7.13631 -12.7428 2.54
    endloop
  endfacet
  facet normal -0.471471 0.881881 0
    outer loop
      vertex 6.63053 -13.0132 2.54
      vertex 7.13631 -12.7428 0
      vertex 6.63053 -13.0132 0
    endloop
  endfacet
  facet normal -0.505663 0.862731 0
    outer loop
      vertex 7.63109 -12.4528 0
      vertex 7.13631 -12.7428 2.54
      vertex 7.63109 -12.4528 2.54
    endloop
  endfacet
  facet normal -0.505663 0.862731 0
    outer loop
      vertex 7.13631 -12.7428 2.54
      vertex 7.63109 -12.4528 0
      vertex 7.13631 -12.7428 0
    endloop
  endfacet
  facet normal -0.436292 0.899805 0
    outer loop
      vertex 6.63053 -13.0132 0
      vertex 6.11452 -13.2634 2.54
      vertex 6.63053 -13.0132 2.54
    endloop
  endfacet
  facet normal -0.436292 0.899805 0
    outer loop
      vertex 6.11452 -13.2634 2.54
      vertex 6.63053 -13.0132 0
      vertex 6.11452 -13.2634 0
    endloop
  endfacet
  facet normal -0.916142 0.400855 0
    outer loop
      vertex 13.2634 -6.11452 0
      vertex 13.4933 -5.58909 2.54
      vertex 13.4933 -5.58909 0
    endloop
  endfacet
  facet normal -0.916142 0.400855 0
    outer loop
      vertex 13.4933 -5.58909 2.54
      vertex 13.2634 -6.11452 0
      vertex 13.2634 -6.11452 2.54
    endloop
  endfacet
  facet normal -0.747546 0.66421 0
    outer loop
      vertex 10.7248 -9.91388 0
      vertex 11.1057 -9.48519 2.54
      vertex 11.1057 -9.48519 0
    endloop
  endfacet
  facet normal -0.747546 0.66421 0
    outer loop
      vertex 11.1057 -9.48519 2.54
      vertex 10.7248 -9.91388 0
      vertex 10.7248 -9.91388 2.54
    endloop
  endfacet
  facet normal -0.772945 0.634473 0
    outer loop
      vertex 11.1057 -9.48519 0
      vertex 11.4696 -9.04187 2.54
      vertex 11.4696 -9.04187 0
    endloop
  endfacet
  facet normal -0.772945 0.634473 0
    outer loop
      vertex 11.4696 -9.04187 2.54
      vertex 11.1057 -9.48519 0
      vertex 11.1057 -9.48519 2.54
    endloop
  endfacet
  facet normal -0.797358 0.603507 0
    outer loop
      vertex 11.4696 -9.04187 0
      vertex 11.8157 -8.5846 2.54
      vertex 11.8157 -8.5846 0
    endloop
  endfacet
  facet normal -0.797358 0.603507 0
    outer loop
      vertex 11.8157 -8.5846 2.54
      vertex 11.4696 -9.04187 0
      vertex 11.4696 -9.04187 2.54
    endloop
  endfacet
  facet normal 0.252484 0.967601 -0
    outer loop
      vertex -3.40947 -14.2015 0
      vertex -3.96439 -14.0567 2.54
      vertex -3.40947 -14.2015 2.54
    endloop
  endfacet
  facet normal 0.252484 0.967601 0
    outer loop
      vertex -3.96439 -14.0567 2.54
      vertex -3.40947 -14.2015 0
      vertex -3.96439 -14.0567 0
    endloop
  endfacet
  facet normal 0.66421 0.747546 -0
    outer loop
      vertex -9.48519 -11.1057 0
      vertex -9.91388 -10.7248 2.54
      vertex -9.48519 -11.1057 2.54
    endloop
  endfacet
  facet normal 0.66421 0.747546 0
    outer loop
      vertex -9.91388 -10.7248 2.54
      vertex -9.48519 -11.1057 0
      vertex -9.91388 -10.7248 0
    endloop
  endfacet
  facet normal 0.634473 0.772945 -0
    outer loop
      vertex -9.04187 -11.4696 0
      vertex -9.48519 -11.1057 2.54
      vertex -9.04187 -11.4696 2.54
    endloop
  endfacet
  facet normal 0.634473 0.772945 0
    outer loop
      vertex -9.48519 -11.1057 2.54
      vertex -9.04187 -11.4696 0
      vertex -9.48519 -11.1057 0
    endloop
  endfacet
  facet normal 0.603507 0.797358 -0
    outer loop
      vertex -8.5846 -11.8157 0
      vertex -9.04187 -11.4696 2.54
      vertex -8.5846 -11.8157 2.54
    endloop
  endfacet
  facet normal 0.603507 0.797358 0
    outer loop
      vertex -9.04187 -11.4696 2.54
      vertex -8.5846 -11.8157 0
      vertex -9.04187 -11.4696 0
    endloop
  endfacet
  facet normal 0.976769 0.214297 0
    outer loop
      vertex -14.2015 -3.40947 2.54
      vertex -14.3244 -2.84929 0
      vertex -14.3244 -2.84929 2.54
    endloop
  endfacet
  facet normal 0.976769 0.214297 0
    outer loop
      vertex -14.3244 -2.84929 0
      vertex -14.2015 -3.40947 2.54
      vertex -14.2015 -3.40947 0
    endloop
  endfacet
  facet normal 0.967601 0.252484 0
    outer loop
      vertex -14.0567 -3.96439 2.54
      vertex -14.2015 -3.40947 0
      vertex -14.2015 -3.40947 2.54
    endloop
  endfacet
  facet normal 0.967601 0.252484 0
    outer loop
      vertex -14.2015 -3.40947 0
      vertex -14.0567 -3.96439 2.54
      vertex -14.0567 -3.96439 0
    endloop
  endfacet
  facet normal 0.995187 0.0979964 0
    outer loop
      vertex -14.5038 -1.71663 2.54
      vertex -14.56 -1.1459 0
      vertex -14.56 -1.1459 2.54
    endloop
  endfacet
  facet normal 0.995187 0.0979964 0
    outer loop
      vertex -14.56 -1.1459 0
      vertex -14.5038 -1.71663 2.54
      vertex -14.5038 -1.71663 0
    endloop
  endfacet
  facet normal 0.990564 0.13705 0
    outer loop
      vertex -14.4252 -2.28473 2.54
      vertex -14.5038 -1.71663 0
      vertex -14.5038 -1.71663 2.54
    endloop
  endfacet
  facet normal 0.990564 0.13705 0
    outer loop
      vertex -14.5038 -1.71663 0
      vertex -14.4252 -2.28473 2.54
      vertex -14.4252 -2.28473 0
    endloop
  endfacet
  facet normal 0.998272 0.0587618 0
    outer loop
      vertex -14.56 -1.1459 2.54
      vertex -14.5937 -0.573389 0
      vertex -14.5937 -0.573389 2.54
    endloop
  endfacet
  facet normal 0.998272 0.0587618 0
    outer loop
      vertex -14.5937 -0.573389 0
      vertex -14.56 -1.1459 2.54
      vertex -14.56 -1.1459 0
    endloop
  endfacet
  facet normal 0.881881 0.471471 0
    outer loop
      vertex -12.7428 -7.13631 2.54
      vertex -13.0132 -6.63053 0
      vertex -13.0132 -6.63053 2.54
    endloop
  endfacet
  facet normal 0.881881 0.471471 0
    outer loop
      vertex -13.0132 -6.63053 0
      vertex -12.7428 -7.13631 2.54
      vertex -12.7428 -7.13631 0
    endloop
  endfacet
  facet normal 0.899805 0.436292 0
    outer loop
      vertex -13.0132 -6.63053 2.54
      vertex -13.2634 -6.11452 0
      vertex -13.2634 -6.11452 2.54
    endloop
  endfacet
  facet normal 0.899805 0.436292 0
    outer loop
      vertex -13.2634 -6.11452 0
      vertex -13.0132 -6.63053 2.54
      vertex -13.0132 -6.63053 0
    endloop
  endfacet
  facet normal -0.881881 -0.471471 0
    outer loop
      vertex 13.0132 6.63053 0
      vertex 12.7428 7.13631 2.54
      vertex 12.7428 7.13631 0
    endloop
  endfacet
  facet normal -0.881881 -0.471471 0
    outer loop
      vertex 12.7428 7.13631 2.54
      vertex 13.0132 6.63053 0
      vertex 13.0132 6.63053 2.54
    endloop
  endfacet
  facet normal -0.797358 -0.603507 0
    outer loop
      vertex 11.8157 8.5846 0
      vertex 11.4696 9.04187 2.54
      vertex 11.4696 9.04187 0
    endloop
  endfacet
  facet normal -0.797358 -0.603507 0
    outer loop
      vertex 11.4696 9.04187 2.54
      vertex 11.8157 8.5846 0
      vertex 11.8157 8.5846 2.54
    endloop
  endfacet
  facet normal -0.505663 -0.862731 0
    outer loop
      vertex 7.13631 12.7428 0
      vertex 7.63109 12.4528 2.54
      vertex 7.13631 12.7428 2.54
    endloop
  endfacet
  facet normal -0.505663 -0.862731 -0
    outer loop
      vertex 7.63109 12.4528 2.54
      vertex 7.13631 12.7428 0
      vertex 7.63109 12.4528 0
    endloop
  endfacet
  facet normal -0.252484 -0.967601 0
    outer loop
      vertex 3.40947 14.2015 0
      vertex 3.96439 14.0567 2.54
      vertex 3.40947 14.2015 2.54
    endloop
  endfacet
  facet normal -0.252484 -0.967601 -0
    outer loop
      vertex 3.96439 14.0567 2.54
      vertex 3.40947 14.2015 0
      vertex 3.96439 14.0567 0
    endloop
  endfacet
  facet normal 0.967601 -0.252484 0
    outer loop
      vertex -14.2015 3.40947 2.54
      vertex -14.0567 3.96439 0
      vertex -14.0567 3.96439 2.54
    endloop
  endfacet
  facet normal 0.967601 -0.252484 0
    outer loop
      vertex -14.0567 3.96439 0
      vertex -14.2015 3.40947 2.54
      vertex -14.2015 3.40947 0
    endloop
  endfacet
  facet normal 0.772945 -0.634473 0
    outer loop
      vertex -11.4696 9.04187 2.54
      vertex -11.1057 9.48519 0
      vertex -11.1057 9.48519 2.54
    endloop
  endfacet
  facet normal 0.772945 -0.634473 0
    outer loop
      vertex -11.1057 9.48519 0
      vertex -11.4696 9.04187 2.54
      vertex -11.4696 9.04187 0
    endloop
  endfacet
  facet normal 0.214297 -0.976769 0
    outer loop
      vertex -3.40947 14.2015 0
      vertex -2.84929 14.3244 2.54
      vertex -3.40947 14.2015 2.54
    endloop
  endfacet
  facet normal 0.214297 -0.976769 0
    outer loop
      vertex -2.84929 14.3244 2.54
      vertex -3.40947 14.2015 0
      vertex -2.84929 14.3244 0
    endloop
  endfacet
  facet normal 0.0979964 -0.995187 0
    outer loop
      vertex -1.71663 14.5038 0
      vertex -1.1459 14.56 2.54
      vertex -1.71663 14.5038 2.54
    endloop
  endfacet
  facet normal 0.0979964 -0.995187 0
    outer loop
      vertex -1.1459 14.56 2.54
      vertex -1.71663 14.5038 0
      vertex -1.1459 14.56 0
    endloop
  endfacet
  facet normal 0.471471 -0.881881 0
    outer loop
      vertex -7.13631 12.7428 0
      vertex -6.63053 13.0132 2.54
      vertex -7.13631 12.7428 2.54
    endloop
  endfacet
  facet normal 0.471471 -0.881881 0
    outer loop
      vertex -6.63053 13.0132 2.54
      vertex -7.13631 12.7428 0
      vertex -6.63053 13.0132 0
    endloop
  endfacet
  facet normal 0.603507 -0.797358 0
    outer loop
      vertex -9.04187 11.4696 0
      vertex -8.5846 11.8157 2.54
      vertex -9.04187 11.4696 2.54
    endloop
  endfacet
  facet normal 0.603507 -0.797358 0
    outer loop
      vertex -8.5846 11.8157 2.54
      vertex -9.04187 11.4696 0
      vertex -8.5846 11.8157 0
    endloop
  endfacet
  facet normal -0.634473 0.772945 0
    outer loop
      vertex 9.48519 -11.1057 0
      vertex 9.04187 -11.4696 2.54
      vertex 9.48519 -11.1057 2.54
    endloop
  endfacet
  facet normal -0.634473 0.772945 0
    outer loop
      vertex 9.04187 -11.4696 2.54
      vertex 9.48519 -11.1057 0
      vertex 9.04187 -11.4696 0
    endloop
  endfacet
  facet normal -0.881881 0.471471 0
    outer loop
      vertex 12.7428 -7.13631 0
      vertex 13.0132 -6.63053 2.54
      vertex 13.0132 -6.63053 0
    endloop
  endfacet
  facet normal -0.881881 0.471471 0
    outer loop
      vertex 13.0132 -6.63053 2.54
      vertex 12.7428 -7.13631 0
      vertex 12.7428 -7.13631 2.54
    endloop
  endfacet
  facet normal 0.0979964 0.995187 -0
    outer loop
      vertex -1.1459 -14.56 0
      vertex -1.71663 -14.5038 2.54
      vertex -1.1459 -14.56 2.54
    endloop
  endfacet
  facet normal 0.0979964 0.995187 0
    outer loop
      vertex -1.71663 -14.5038 2.54
      vertex -1.1459 -14.56 0
      vertex -1.71663 -14.5038 0
    endloop
  endfacet
  facet normal 0.471471 0.881881 -0
    outer loop
      vertex -6.63053 -13.0132 0
      vertex -7.13631 -12.7428 2.54
      vertex -6.63053 -13.0132 2.54
    endloop
  endfacet
  facet normal 0.471471 0.881881 0
    outer loop
      vertex -7.13631 -12.7428 2.54
      vertex -6.63053 -13.0132 0
      vertex -7.13631 -12.7428 0
    endloop
  endfacet
  facet normal 0.862731 0.505663 0
    outer loop
      vertex -12.4528 -7.63109 2.54
      vertex -12.7428 -7.13631 0
      vertex -12.7428 -7.13631 2.54
    endloop
  endfacet
  facet normal 0.862731 0.505663 0
    outer loop
      vertex -12.7428 -7.13631 0
      vertex -12.4528 -7.63109 2.54
      vertex -12.4528 -7.63109 0
    endloop
  endfacet
  facet normal 0.772945 0.634473 0
    outer loop
      vertex -11.1057 -9.48519 2.54
      vertex -11.4696 -9.04187 0
      vertex -11.4696 -9.04187 2.54
    endloop
  endfacet
  facet normal 0.772945 0.634473 0
    outer loop
      vertex -11.4696 -9.04187 0
      vertex -11.1057 -9.48519 2.54
      vertex -11.1057 -9.48519 0
    endloop
  endfacet
  facet normal -0.693085 -0.720856 0
    outer loop
      vertex 17.2415 18.6518 3.05
      vertex 17.9605 17.9605 11.5
      vertex 17.2415 18.6518 11.5
    endloop
  endfacet
  facet normal -0.693085 -0.720856 -0
    outer loop
      vertex 17.9605 17.9605 11.5
      vertex 17.2415 18.6518 3.05
      vertex 17.9605 17.9605 3.05
    endloop
  endfacet
  facet normal 0.364539 -0.931188 0
    outer loop
      vertex -9.72016 23.4665 3.05
      vertex -8.79137 23.8301 11.5
      vertex -9.72016 23.4665 11.5
    endloop
  endfacet
  facet normal 0.364539 -0.931188 0
    outer loop
      vertex -8.79137 23.8301 11.5
      vertex -9.72016 23.4665 3.05
      vertex -8.79137 23.8301 3.05
    endloop
  endfacet
  facet normal 0.916196 -0.40073 0
    outer loop
      vertex -23.4665 9.72016 11.5
      vertex -23.0668 10.634 3.05
      vertex -23.0668 10.634 11.5
    endloop
  endfacet
  facet normal 0.916196 -0.40073 0
    outer loop
      vertex -23.0668 10.634 3.05
      vertex -23.4665 9.72016 11.5
      vertex -23.4665 9.72016 3.05
    endloop
  endfacet
  facet normal -0.95692 -0.290352 0
    outer loop
      vertex 24.4464 6.89459 3.05
      vertex 24.1568 7.84903 11.5
      vertex 24.1568 7.84903 3.05
    endloop
  endfacet
  facet normal -0.95692 -0.290352 0
    outer loop
      vertex 24.1568 7.84903 11.5
      vertex 24.4464 6.89459 3.05
      vertex 24.4464 6.89459 11.5
    endloop
  endfacet
  facet normal -0.899752 -0.436402 0
    outer loop
      vertex 22.9 10.9779 3.05
      vertex 23.0668 10.634 3.05
      vertex 22.9 10.9779 3.85
    endloop
  endfacet
  facet normal -0.899791 -0.43632 -0
    outer loop
      vertex 22.7923 11.2 3.85
      vertex 22.6316 11.5314 3.05
      vertex 22.7923 11.2 3.05
    endloop
  endfacet
  facet normal -0.899791 -0.43632 0
    outer loop
      vertex 22.6316 11.5314 3.05
      vertex 22.7923 11.2 3.85
      vertex 22.6316 11.5314 11.5
    endloop
  endfacet
  facet normal -0.89979 -0.436323 1.6417e-07
    outer loop
      vertex 22.9 10.9779 3.85
      vertex 22.6316 11.5314 11.5
      vertex 22.7923 11.2 3.85
    endloop
  endfacet
  facet normal -0.899752 -0.436402 -0
    outer loop
      vertex 23.0668 10.634 11.5
      vertex 22.9 10.9779 3.85
      vertex 23.0668 10.634 3.05
    endloop
  endfacet
  facet normal -0.899776 -0.436352 2.75761e-06
    outer loop
      vertex 22.9 10.9779 3.85
      vertex 23.0668 10.634 11.5
      vertex 22.6316 11.5314 11.5
    endloop
  endfacet
  facet normal -0.40073 -0.916196 0
    outer loop
      vertex 9.72016 23.4665 3.05
      vertex 10.634 23.0668 11.5
      vertex 9.72016 23.4665 11.5
    endloop
  endfacet
  facet normal -0.40073 -0.916196 -0
    outer loop
      vertex 10.634 23.0668 11.5
      vertex 9.72016 23.4665 3.05
      vertex 10.634 23.0668 3.05
    endloop
  endfacet
  facet normal 0.720856 -0.693085 0
    outer loop
      vertex -18.6518 17.2415 11.5
      vertex -17.9605 17.9605 3.05
      vertex -17.9605 17.9605 11.5
    endloop
  endfacet
  facet normal 0.720856 -0.693085 0
    outer loop
      vertex -17.9605 17.9605 3.05
      vertex -18.6518 17.2415 11.5
      vertex -18.6518 17.2415 3.05
    endloop
  endfacet
  facet normal 0.175858 -0.984415 0
    outer loop
      vertex -4.95529 24.9119 3.05
      vertex -3.97344 25.0873 11.5
      vertex -4.95529 24.9119 11.5
    endloop
  endfacet
  facet normal 0.175858 -0.984415 0
    outer loop
      vertex -3.97344 25.0873 11.5
      vertex -4.95529 24.9119 3.05
      vertex -3.97344 25.0873 3.05
    endloop
  endfacet
  facet normal -0.720856 0.693085 0
    outer loop
      vertex 17.9605 -17.9605 3.05
      vertex 18.6518 -17.2415 11.5
      vertex 18.6518 -17.2415 3.05
    endloop
  endfacet
  facet normal -0.720856 0.693085 0
    outer loop
      vertex 18.6518 -17.2415 11.5
      vertex 17.9605 -17.9605 3.05
      vertex 17.9605 -17.9605 11.5
    endloop
  endfacet
  facet normal 0.693085 0.720856 -0
    outer loop
      vertex -17.2415 -18.6518 3.05
      vertex -17.9605 -17.9605 11.5
      vertex -17.2415 -18.6518 11.5
    endloop
  endfacet
  facet normal 0.693085 0.720856 0
    outer loop
      vertex -17.9605 -17.9605 11.5
      vertex -17.2415 -18.6518 3.05
      vertex -17.9605 -17.9605 3.05
    endloop
  endfacet
  facet normal 0.984415 0.175858 0
    outer loop
      vertex -24.9119 -4.95529 11.5
      vertex -25.0873 -3.97344 3.05
      vertex -25.0873 -3.97344 11.5
    endloop
  endfacet
  facet normal 0.984415 0.175858 0
    outer loop
      vertex -25.0873 -3.97344 3.05
      vertex -24.9119 -4.95529 11.5
      vertex -24.9119 -4.95529 3.05
    endloop
  endfacet
  facet normal -0.976776 -0.214261 0
    outer loop
      vertex 24.9119 4.95529 3.05
      vertex 24.6982 5.92951 11.5
      vertex 24.6982 5.92951 3.05
    endloop
  endfacet
  facet normal -0.976776 -0.214261 0
    outer loop
      vertex 24.6982 5.92951 11.5
      vertex 24.9119 4.95529 3.05
      vertex 24.9119 4.95529 11.5
    endloop
  endfacet
  facet normal -0.84218 -0.539196 0
    outer loop
      vertex 21.6571 13.2715 3.05
      vertex 21.1193 14.1115 11.5
      vertex 21.1193 14.1115 3.05
    endloop
  endfacet
  facet normal -0.84218 -0.539196 0
    outer loop
      vertex 21.1193 14.1115 11.5
      vertex 21.6571 13.2715 3.05
      vertex 21.6571 13.2715 11.5
    endloop
  endfacet
  facet normal -0.571819 -0.82038 0
    outer loop
      vertex 14.1115 21.1193 3.05
      vertex 14.9297 20.549 11.5
      vertex 14.1115 21.1193 11.5
    endloop
  endfacet
  facet normal -0.571819 -0.82038 -0
    outer loop
      vertex 14.9297 20.549 11.5
      vertex 14.1115 21.1193 3.05
      vertex 14.9297 20.549 3.05
    endloop
  endfacet
  facet normal -0.0196513 -0.999807 0
    outer loop
      vertex 0 25.4 3.05
      vertex 0.997199 25.3804 11.5
      vertex 0 25.4 11.5
    endloop
  endfacet
  facet normal -0.0196513 -0.999807 -0
    outer loop
      vertex 0.997199 25.3804 11.5
      vertex 0 25.4 3.05
      vertex 0.997199 25.3804 3.05
    endloop
  endfacet
  facet normal -0.214261 -0.976776 0
    outer loop
      vertex 4.95529 24.9119 3.05
      vertex 5.92951 24.6982 11.5
      vertex 4.95529 24.9119 11.5
    endloop
  endfacet
  facet normal -0.214261 -0.976776 -0
    outer loop
      vertex 5.92951 24.6982 11.5
      vertex 4.95529 24.9119 3.05
      vertex 5.92951 24.6982 3.05
    endloop
  endfacet
  facet normal 0.999807 -0.0196513 0
    outer loop
      vertex -25.4 0 11.5
      vertex -25.3804 0.997199 3.05
      vertex -25.3804 0.997199 11.5
    endloop
  endfacet
  facet normal 0.999807 -0.0196513 0
    outer loop
      vertex -25.3804 0.997199 3.05
      vertex -25.4 0 11.5
      vertex -25.4 0 3.05
    endloop
  endfacet
  facet normal 0.976776 -0.214261 0
    outer loop
      vertex -24.9119 4.95529 11.5
      vertex -24.6982 5.92951 3.05
      vertex -24.6982 5.92951 11.5
    endloop
  endfacet
  facet normal 0.976776 -0.214261 0
    outer loop
      vertex -24.6982 5.92951 3.05
      vertex -24.9119 4.95529 11.5
      vertex -24.9119 4.95529 3.05
    endloop
  endfacet
  facet normal 0.82038 -0.571819 0
    outer loop
      vertex -21.1193 14.1115 11.5
      vertex -20.549 14.9297 3.05
      vertex -20.549 14.9297 11.5
    endloop
  endfacet
  facet normal 0.82038 -0.571819 0
    outer loop
      vertex -20.549 14.9297 3.05
      vertex -21.1193 14.1115 11.5
      vertex -21.1193 14.1115 3.05
    endloop
  endfacet
  facet normal 0.0588536 -0.998267 0
    outer loop
      vertex -1.99286 25.3217 3.05
      vertex -0.997199 25.3804 11.5
      vertex -1.99286 25.3217 11.5
    endloop
  endfacet
  facet normal 0.0588536 -0.998267 0
    outer loop
      vertex -0.997199 25.3804 11.5
      vertex -1.99286 25.3217 3.05
      vertex -0.997199 25.3804 3.05
    endloop
  endfacet
  facet normal 0.539196 -0.84218 0
    outer loop
      vertex -14.1115 21.1193 3.05
      vertex -13.2715 21.6571 11.5
      vertex -14.1115 21.1193 11.5
    endloop
  endfacet
  facet normal 0.539196 -0.84218 0
    outer loop
      vertex -13.2715 21.6571 11.5
      vertex -14.1115 21.1193 3.05
      vertex -13.2715 21.6571 3.05
    endloop
  endfacet
  facet normal 0.471431 -0.881903 0
    outer loop
      vertex -12.411 22.1614 3.05
      vertex -11.5314 22.6316 11.5
      vertex -12.411 22.1614 11.5
    endloop
  endfacet
  facet normal 0.471431 -0.881903 0
    outer loop
      vertex -11.5314 22.6316 11.5
      vertex -12.411 22.1614 3.05
      vertex -11.5314 22.6316 3.05
    endloop
  endfacet
  facet normal -0.999807 -0.0196513 0
    outer loop
      vertex 25.4 0 3.05
      vertex 25.3804 0.997199 11.5
      vertex 25.3804 0.997199 3.05
    endloop
  endfacet
  facet normal -0.999807 -0.0196513 0
    outer loop
      vertex 25.3804 0.997199 11.5
      vertex 25.4 0 3.05
      vertex 25.4 0 11.5
    endloop
  endfacet
  facet normal 0 0 1
    outer loop
      vertex 22.1 11.2 3.05
      vertex 22.6316 11.5314 3.05
      vertex 22.1614 12.411 3.05
    endloop
  endfacet
  facet normal 0 0 1
    outer loop
      vertex 22.6316 11.5314 3.05
      vertex 22.1 11.2 3.05
      vertex 22.7923 11.2 3.05
    endloop
  endfacet
  facet normal 0 0 1
    outer loop
      vertex 21.1193 14.1115 3.05
      vertex 22.1 11.2 3.05
      vertex 21.6571 13.2715 3.05
    endloop
  endfacet
  facet normal 0 0 1
    outer loop
      vertex 21.6571 13.2715 3.05
      vertex 22.1 11.2 3.05
      vertex 22.1614 12.411 3.05
    endloop
  endfacet
  facet normal -0 0 1
    outer loop
      vertex 22.1 -11.2 3.05
      vertex 22.6316 -11.5314 3.05
      vertex 22.7923 -11.2 3.05
    endloop
  endfacet
  facet normal 0 0 1
    outer loop
      vertex 22.6316 -11.5314 3.05
      vertex 22.1 -11.2 3.05
      vertex 22.1614 -12.411 3.05
    endloop
  endfacet
  facet normal 0 0 1
    outer loop
      vertex 22.1 -11.2 3.05
      vertex 21.6571 -13.2715 3.05
      vertex 22.1614 -12.411 3.05
    endloop
  endfacet
  facet normal 0 0 1
    outer loop
      vertex 22.1 11.2 3.05
      vertex 2.9 11.2 3.05
      vertex 22.1 -11.2 3.05
    endloop
  endfacet
  facet normal 0 0 1
    outer loop
      vertex 20.549 14.9297 3.05
      vertex 22.1 11.2 3.05
      vertex 21.1193 14.1115 3.05
    endloop
  endfacet
  facet normal 0 0 1
    outer loop
      vertex 2.9 -11.2 3.05
      vertex 22.1 -11.2 3.05
      vertex 2.9 11.2 3.05
    endloop
  endfacet
  facet normal 0 0 1
    outer loop
      vertex 22.1 11.2 3.05
      vertex 20.549 14.9297 3.05
      vertex 2.9 11.2 3.05
    endloop
  endfacet
  facet normal 0 -0 1
    outer loop
      vertex 20.549 -14.9297 3.05
      vertex 22.1 -11.2 3.05
      vertex 2.9 -11.2 3.05
    endloop
  endfacet
  facet normal 0 0 1
    outer loop
      vertex 2.9 11.2 3.05
      vertex 20.549 14.9297 3.05
      vertex 19.947 15.725 3.05
    endloop
  endfacet
  facet normal 0 0 1
    outer loop
      vertex 22.1 -11.2 3.05
      vertex 21.1193 -14.1115 3.05
      vertex 21.6571 -13.2715 3.05
    endloop
  endfacet
  facet normal 0 0 1
    outer loop
      vertex 2.9 11.2 3.05
      vertex 19.947 15.725 3.05
      vertex 19.3143 16.496 3.05
    endloop
  endfacet
  facet normal 0 0 1
    outer loop
      vertex 22.1 -11.2 3.05
      vertex 20.549 -14.9297 3.05
      vertex 21.1193 -14.1115 3.05
    endloop
  endfacet
  facet normal 0 0 1
    outer loop
      vertex 2.9 11.2 3.05
      vertex 19.3143 16.496 3.05
      vertex 18.6518 17.2415 3.05
    endloop
  endfacet
  facet normal 0 0 1
    outer loop
      vertex 20.549 -14.9297 3.05
      vertex 2.9 -11.2 3.05
      vertex 19.947 -15.725 3.05
    endloop
  endfacet
  facet normal 0 0 1
    outer loop
      vertex 2.9 11.2 3.05
      vertex 18.6518 17.2415 3.05
      vertex 17.9605 17.9605 3.05
    endloop
  endfacet
  facet normal 0 0 1
    outer loop
      vertex 19.947 -15.725 3.05
      vertex 2.9 -11.2 3.05
      vertex 19.3143 -16.496 3.05
    endloop
  endfacet
  facet normal 0 0 1
    outer loop
      vertex 2.9 11.2 3.05
      vertex 17.9605 17.9605 3.05
      vertex 17.2415 18.6518 3.05
    endloop
  endfacet
  facet normal 0 0 1
    outer loop
      vertex 19.3143 -16.496 3.05
      vertex 2.9 -11.2 3.05
      vertex 18.6518 -17.2415 3.05
    endloop
  endfacet
  facet normal 0 0 1
    outer loop
      vertex 2.9 11.2 3.05
      vertex 17.2415 18.6518 3.05
      vertex 16.496 19.3143 3.05
    endloop
  endfacet
  facet normal 0 0 1
    outer loop
      vertex 18.6518 -17.2415 3.05
      vertex 2.9 -11.2 3.05
      vertex 17.9605 -17.9605 3.05
    endloop
  endfacet
  facet normal 0 0 1
    outer loop
      vertex 2.9 11.2 3.05
      vertex 16.496 19.3143 3.05
      vertex 15.725 19.947 3.05
    endloop
  endfacet
  facet normal 0 0 1
    outer loop
      vertex 17.9605 -17.9605 3.05
      vertex 2.9 -11.2 3.05
      vertex 17.2415 -18.6518 3.05
    endloop
  endfacet
  facet normal 0 0 1
    outer loop
      vertex 2.9 11.2 3.05
      vertex 15.725 19.947 3.05
      vertex 14.9297 20.549 3.05
    endloop
  endfacet
  facet normal -0 -0 1
    outer loop
      vertex 4.24719 -17.1667 3.05
      vertex 17.2415 -18.6518 3.05
      vertex 2.9 -11.2 3.05
    endloop
  endfacet
  facet normal 0 0 1
    outer loop
      vertex 2.3792 13.5526 3.05
      vertex 14.9297 20.549 3.05
      vertex 14.1115 21.1193 3.05
    endloop
  endfacet
  facet normal 0 0 1
    outer loop
      vertex 17.2415 -18.6518 3.05
      vertex 4.24719 -17.1667 3.05
      vertex 16.496 -19.3143 3.05
    endloop
  endfacet
  facet normal 0 0 1
    outer loop
      vertex 2.34235 13.7853 3.05
      vertex 14.1115 21.1193 3.05
      vertex 13.2715 21.6571 3.05
    endloop
  endfacet
  facet normal -0 -0 1
    outer loop
      vertex 4.27895 -17.2163 3.05
      vertex 16.496 -19.3143 3.05
      vertex 4.24719 -17.1667 3.05
    endloop
  endfacet
  facet normal 0 0 1
    outer loop
      vertex 2.3171 13.9003 3.05
      vertex 13.2715 21.6571 3.05
      vertex 12.411 22.1614 3.05
    endloop
  endfacet
  facet normal -0 -0 1
    outer loop
      vertex 4.30873 -17.2671 3.05
      vertex 16.496 -19.3143 3.05
      vertex 4.27895 -17.2163 3.05
    endloop
  endfacet
  facet normal 0 0 1
    outer loop
      vertex 2.25316 14.127 3.05
      vertex 12.411 22.1614 3.05
      vertex 11.5314 22.6316 3.05
    endloop
  endfacet
  facet normal -0 -0 1
    outer loop
      vertex 4.3365 -17.319 3.05
      vertex 15.725 -19.947 3.05
      vertex 4.30873 -17.2671 3.05
    endloop
  endfacet
  facet normal 0 0 1
    outer loop
      vertex 2.17163 14.348 3.05
      vertex 11.5314 22.6316 3.05
      vertex 10.634 23.0668 3.05
    endloop
  endfacet
  facet normal -0 -0 1
    outer loop
      vertex 4.36221 -17.372 3.05
      vertex 15.725 -19.947 3.05
      vertex 4.3365 -17.319 3.05
    endloop
  endfacet
  facet normal 0 0 1
    outer loop
      vertex 2.07302 14.562 3.05
      vertex 10.634 23.0668 3.05
      vertex 9.72016 23.4665 3.05
    endloop
  endfacet
  facet normal -0 -0 1
    outer loop
      vertex 4.38582 -17.426 3.05
      vertex 14.9297 -20.549 3.05
      vertex 4.36221 -17.372 3.05
    endloop
  endfacet
  facet normal 0 0 1
    outer loop
      vertex 1.95792 14.7675 3.05
      vertex 9.72016 23.4665 3.05
      vertex 8.79137 23.8301 3.05
    endloop
  endfacet
  facet normal -0 -0 1
    outer loop
      vertex 4.40727 -17.4808 3.05
      vertex 14.9297 -20.549 3.05
      vertex 4.38582 -17.426 3.05
    endloop
  endfacet
  facet normal 0 0 1
    outer loop
      vertex 1.82704 14.9633 3.05
      vertex 8.79137 23.8301 3.05
      vertex 7.84903 24.1568 3.05
    endloop
  endfacet
  facet normal -0 -0 1
    outer loop
      vertex 4.42657 -17.5365 3.05
      vertex 14.1115 -21.1193 3.05
      vertex 4.40727 -17.4808 3.05
    endloop
  endfacet
  facet normal 0 0 1
    outer loop
      vertex 1.60295 15.2364 3.05
      vertex 7.84903 24.1568 3.05
      vertex 6.89459 24.4464 3.05
    endloop
  endfacet
  facet normal -0 -0 1
    outer loop
      vertex 4.45854 -17.6498 3.05
      vertex 14.1115 -21.1193 3.05
      vertex 4.44368 -17.5928 3.05
    endloop
  endfacet
  facet normal 0 0 1
    outer loop
      vertex 1.43639 15.403 3.05
      vertex 6.89459 24.4464 3.05
      vertex 5.92951 24.6982 3.05
    endloop
  endfacet
  facet normal -0 -0 1
    outer loop
      vertex 4.47118 -17.7074 3.05
      vertex 13.2715 -21.6571 3.05
      vertex 4.45854 -17.6498 3.05
    endloop
  endfacet
  facet normal 0 0 1
    outer loop
      vertex 1.25728 15.5559 3.05
      vertex 5.92951 24.6982 3.05
      vertex 4.95529 24.9119 3.05
    endloop
  endfacet
  facet normal 0 0 1
    outer loop
      vertex 11.5314 -22.6316 3.05
      vertex 4.5 -19 3.05
      vertex 10.634 -23.0668 3.05
    endloop
  endfacet
  facet normal 0 0 1
    outer loop
      vertex 8.79137 -23.8301 3.05
      vertex 4.5 -21 3.05
      vertex 7.84903 -24.1568 3.05
    endloop
  endfacet
  facet normal -0 0 1
    outer loop
      vertex 4.5 -22 3.05
      vertex 7.84903 -24.1568 3.05
      vertex 4.5 -21 3.05
    endloop
  endfacet
  facet normal 0 0 1
    outer loop
      vertex 9.72016 -23.4665 3.05
      vertex 4.5 -21 3.05
      vertex 8.79137 -23.8301 3.05
    endloop
  endfacet
  facet normal -0 0 1
    outer loop
      vertex 4.5 -21 3.05
      vertex 9.72016 -23.4665 3.05
      vertex 4.5 -19 3.05
    endloop
  endfacet
  facet normal 0 0 1
    outer loop
      vertex 10.634 -23.0668 3.05
      vertex 4.5 -19 3.05
      vertex 9.72016 -23.4665 3.05
    endloop
  endfacet
  facet normal -0 0 1
    outer loop
      vertex 4.5 -19 3.05
      vertex 11.5314 -22.6316 3.05
      vertex 4.5 -18 3.05
    endloop
  endfacet
  facet normal -0 -0 1
    outer loop
      vertex 4.49884 -17.9411 3.05
      vertex 12.411 -22.1614 3.05
      vertex 4.49536 -17.8823 3.05
    endloop
  endfacet
  facet normal 0 0 1
    outer loop
      vertex 12.411 -22.1614 3.05
      vertex 4.5 -18 3.05
      vertex 11.5314 -22.6316 3.05
    endloop
  endfacet
  facet normal -0 -0 1
    outer loop
      vertex 4.5 -18 3.05
      vertex 12.411 -22.1614 3.05
      vertex 4.49884 -17.9411 3.05
    endloop
  endfacet
  facet normal -0 -0 1
    outer loop
      vertex 4.49536 -17.8823 3.05
      vertex 12.411 -22.1614 3.05
      vertex 4.48959 -17.8237 3.05
    endloop
  endfacet
  facet normal -0 -0 1
    outer loop
      vertex 4.48959 -17.8237 3.05
      vertex 13.2715 -21.6571 3.05
      vertex 4.48152 -17.7654 3.05
    endloop
  endfacet
  facet normal 0 0 1
    outer loop
      vertex 13.2715 -21.6571 3.05
      vertex 4.48959 -17.8237 3.05
      vertex 12.411 -22.1614 3.05
    endloop
  endfacet
  facet normal -0 -0 1
    outer loop
      vertex 4.48152 -17.7654 3.05
      vertex 13.2715 -21.6571 3.05
      vertex 4.47118 -17.7074 3.05
    endloop
  endfacet
  facet normal 0 0 1
    outer loop
      vertex 14.1115 -21.1193 3.05
      vertex 4.45854 -17.6498 3.05
      vertex 13.2715 -21.6571 3.05
    endloop
  endfacet
  facet normal -0 -0 1
    outer loop
      vertex 4.44368 -17.5928 3.05
      vertex 14.1115 -21.1193 3.05
      vertex 4.42657 -17.5365 3.05
    endloop
  endfacet
  facet normal 0 0 1
    outer loop
      vertex 14.9297 -20.549 3.05
      vertex 4.40727 -17.4808 3.05
      vertex 14.1115 -21.1193 3.05
    endloop
  endfacet
  facet normal 0 0 1
    outer loop
      vertex 15.725 -19.947 3.05
      vertex 4.36221 -17.372 3.05
      vertex 14.9297 -20.549 3.05
    endloop
  endfacet
  facet normal 0 0 1
    outer loop
      vertex 16.496 -19.3143 3.05
      vertex 4.30873 -17.2671 3.05
      vertex 15.725 -19.947 3.05
    endloop
  endfacet
  facet normal 0 0 1
    outer loop
      vertex 4.24719 -17.1667 3.05
      vertex 2.9 -11.2 3.05
      vertex 4.21352 -17.1183 3.05
    endloop
  endfacet
  facet normal 0 0 1
    outer loop
      vertex 4.21352 -17.1183 3.05
      vertex 2.9 -11.2 3.05
      vertex 4.17796 -17.0714 3.05
    endloop
  endfacet
  facet normal 0 0 1
    outer loop
      vertex 4.17796 -17.0714 3.05
      vertex 2.9 -11.2 3.05
      vertex 4.14059 -17.0258 3.05
    endloop
  endfacet
  facet normal 0 0 1
    outer loop
      vertex 4.14059 -17.0258 3.05
      vertex 2.9 -11.2 3.05
      vertex 4.10147 -16.9818 3.05
    endloop
  endfacet
  facet normal 0 0 1
    outer loop
      vertex 4.10147 -16.9818 3.05
      vertex 2.9 -11.2 3.05
      vertex 4.06065 -16.9393 3.05
    endloop
  endfacet
  facet normal 0 0 1
    outer loop
      vertex 0.967486 15.7579 3.05
      vertex 4.95529 24.9119 3.05
      vertex 3.97344 25.0873 3.05
    endloop
  endfacet
  facet normal 0 0 1
    outer loop
      vertex 4.06065 -16.9393 3.05
      vertex 2.9 -11.2 3.05
      vertex 4.01819 -16.8985 3.05
    endloop
  endfacet
  facet normal 0 0 1
    outer loop
      vertex 4.01819 -16.8985 3.05
      vertex 2.9 -11.2 3.05
      vertex 3.97417 -16.8594 3.05
    endloop
  endfacet
  facet normal -0 0 1
    outer loop
      vertex 2.39768 -13.3178 3.05
      vertex 3.97417 -16.8594 3.05
      vertex 2.9 -11.2 3.05
    endloop
  endfacet
  facet normal 0 0 1
    outer loop
      vertex 3.97417 -16.8594 3.05
      vertex 2.39768 -13.3178 3.05
      vertex 3.92863 -16.822 3.05
    endloop
  endfacet
  facet normal -0 0 1
    outer loop
      vertex 2.39075 -13.4354 3.05
      vertex 3.92863 -16.822 3.05
      vertex 2.39768 -13.3178 3.05
    endloop
  endfacet
  facet normal 0 0 1
    outer loop
      vertex 3.92863 -16.822 3.05
      vertex 2.39075 -13.4354 3.05
      vertex 3.88167 -16.7865 3.05
    endloop
  endfacet
  facet normal -0 0 1
    outer loop
      vertex 2.3792 -13.5526 3.05
      vertex 3.88167 -16.7865 3.05
      vertex 2.39075 -13.4354 3.05
    endloop
  endfacet
  facet normal 0 0 1
    outer loop
      vertex 3.88167 -16.7865 3.05
      vertex 2.3792 -13.5526 3.05
      vertex 3.83334 -16.7528 3.05
    endloop
  endfacet
  facet normal 0 0 1
    outer loop
      vertex 3.83334 -16.7528 3.05
      vertex 2.3792 -13.5526 3.05
      vertex 3.78374 -16.7211 3.05
    endloop
  endfacet
  facet normal -0 0 1
    outer loop
      vertex 2.36306 -13.6693 3.05
      vertex 3.78374 -16.7211 3.05
      vertex 2.3792 -13.5526 3.05
    endloop
  endfacet
  facet normal 0 0 1
    outer loop
      vertex 3.78374 -16.7211 3.05
      vertex 2.36306 -13.6693 3.05
      vertex 3.73293 -16.6913 3.05
    endloop
  endfacet
  facet normal -0 0 1
    outer loop
      vertex 2.34235 -13.7853 3.05
      vertex 3.73293 -16.6913 3.05
      vertex 2.36306 -13.6693 3.05
    endloop
  endfacet
  facet normal 0 0 1
    outer loop
      vertex 3.73293 -16.6913 3.05
      vertex 2.34235 -13.7853 3.05
      vertex 3.68098 -16.6635 3.05
    endloop
  endfacet
  facet normal -0 0 1
    outer loop
      vertex 2.3171 -13.9003 3.05
      vertex 3.68098 -16.6635 3.05
      vertex 2.34235 -13.7853 3.05
    endloop
  endfacet
  facet normal 0 0 1
    outer loop
      vertex 3.62798 -16.6378 3.05
      vertex 2.3171 -13.9003 3.05
      vertex 3.57402 -16.6142 3.05
    endloop
  endfacet
  facet normal -0 0 1
    outer loop
      vertex 2.28736 -14.0143 3.05
      vertex 3.57402 -16.6142 3.05
      vertex 2.3171 -13.9003 3.05
    endloop
  endfacet
  facet normal 0 0 1
    outer loop
      vertex 3.57402 -16.6142 3.05
      vertex 2.28736 -14.0143 3.05
      vertex 3.51917 -16.5927 3.05
    endloop
  endfacet
  facet normal -0 0 1
    outer loop
      vertex 2.25316 -14.127 3.05
      vertex 3.51917 -16.5927 3.05
      vertex 2.28736 -14.0143 3.05
    endloop
  endfacet
  facet normal 0 0 1
    outer loop
      vertex 0.761966 15.873 3.05
      vertex 3.97344 25.0873 3.05
      vertex 2.98545 25.2239 3.05
    endloop
  endfacet
  facet normal 0 0 1
    outer loop
      vertex 3.68098 -16.6635 3.05
      vertex 2.3171 -13.9003 3.05
      vertex 3.62798 -16.6378 3.05
    endloop
  endfacet
  facet normal 0 0 1
    outer loop
      vertex 3.51917 -16.5927 3.05
      vertex 2.25316 -14.127 3.05
      vertex 3.46352 -16.5734 3.05
    endloop
  endfacet
  facet normal 0 0 1
    outer loop
      vertex 2.4 -13.2 3.05
      vertex 2.9 -11.2 3.05
      vertex 2.4 -11.2 3.05
    endloop
  endfacet
  facet normal 0 0 1
    outer loop
      vertex 2.39768 -13.3178 3.05
      vertex 2.9 -11.2 3.05
      vertex 2.4 -13.2 3.05
    endloop
  endfacet
  facet normal 0 0 1
    outer loop
      vertex 3.46352 -16.5734 3.05
      vertex 2.25316 -14.127 3.05
      vertex 3.40715 -16.5563 3.05
    endloop
  endfacet
  facet normal -0 0 1
    outer loop
      vertex 2.21457 -14.2383 3.05
      vertex 3.40715 -16.5563 3.05
      vertex 2.25316 -14.127 3.05
    endloop
  endfacet
  facet normal 0 0 1
    outer loop
      vertex 3.40715 -16.5563 3.05
      vertex 2.21457 -14.2383 3.05
      vertex 3.35016 -16.5415 3.05
    endloop
  endfacet
  facet normal -0 0 1
    outer loop
      vertex 2.17163 -14.348 3.05
      vertex 3.35016 -16.5415 3.05
      vertex 2.21457 -14.2383 3.05
    endloop
  endfacet
  facet normal 0 0 1
    outer loop
      vertex 3.35016 -16.5415 3.05
      vertex 2.17163 -14.348 3.05
      vertex 3.29263 -16.5288 3.05
    endloop
  endfacet
  facet normal -0 0 1
    outer loop
      vertex 2.12442 -14.456 3.05
      vertex 3.29263 -16.5288 3.05
      vertex 2.17163 -14.348 3.05
    endloop
  endfacet
  facet normal 0 0 1
    outer loop
      vertex 3.29263 -16.5288 3.05
      vertex 2.12442 -14.456 3.05
      vertex 3.23465 -16.5185 3.05
    endloop
  endfacet
  facet normal 0 0 1
    outer loop
      vertex 3.23465 -16.5185 3.05
      vertex 2.12442 -14.456 3.05
      vertex 3.1763 -16.5104 3.05
    endloop
  endfacet
  facet normal -0 0 1
    outer loop
      vertex 2.07302 -14.562 3.05
      vertex 3.1763 -16.5104 3.05
      vertex 2.12442 -14.456 3.05
    endloop
  endfacet
  facet normal 0 0 1
    outer loop
      vertex 3.1763 -16.5104 3.05
      vertex 2.07302 -14.562 3.05
      vertex 3.11768 -16.5046 3.05
    endloop
  endfacet
  facet normal -0 0 1
    outer loop
      vertex 2.01747 -14.6659 3.05
      vertex 3.11768 -16.5046 3.05
      vertex 2.07302 -14.562 3.05
    endloop
  endfacet
  facet normal 0 0 1
    outer loop
      vertex 3.11768 -16.5046 3.05
      vertex 2.01747 -14.6659 3.05
      vertex 3.05888 -16.5012 3.05
    endloop
  endfacet
  facet normal 0 0 1
    outer loop
      vertex 3.05888 -16.5012 3.05
      vertex 2.01747 -14.6659 3.05
      vertex 3 -16.5 3.05
    endloop
  endfacet
  facet normal -0 0 1
    outer loop
      vertex 1.95792 -14.7675 3.05
      vertex 3 -16.5 3.05
      vertex 2.01747 -14.6659 3.05
    endloop
  endfacet
  facet normal -0 0 1
    outer loop
      vertex 1.8944 -14.8667 3.05
      vertex 3 -16.5 3.05
      vertex 1.95792 -14.7675 3.05
    endloop
  endfacet
  facet normal -0 0 1
    outer loop
      vertex 1.82704 -14.9633 3.05
      vertex 3 -16.5 3.05
      vertex 1.8944 -14.8667 3.05
    endloop
  endfacet
  facet normal -0 0 1
    outer loop
      vertex 1.75594 -15.0573 3.05
      vertex 3 -16.5 3.05
      vertex 1.82704 -14.9633 3.05
    endloop
  endfacet
  facet normal -0 0 1
    outer loop
      vertex 1.68122 -15.1483 3.05
      vertex 3 -16.5 3.05
      vertex 1.75594 -15.0573 3.05
    endloop
  endfacet
  facet normal -0 0 1
    outer loop
      vertex 1.60295 -15.2364 3.05
      vertex 3 -16.5 3.05
      vertex 1.68122 -15.1483 3.05
    endloop
  endfacet
  facet normal -0 0 1
    outer loop
      vertex 1.52132 -15.3213 3.05
      vertex 3 -16.5 3.05
      vertex 1.60295 -15.2364 3.05
    endloop
  endfacet
  facet normal -0 0 1
    outer loop
      vertex 1.43639 -15.403 3.05
      vertex 3 -16.5 3.05
      vertex 1.52132 -15.3213 3.05
    endloop
  endfacet
  facet normal -0 0 1
    outer loop
      vertex 1.34833 -15.4812 3.05
      vertex 3 -16.5 3.05
      vertex 1.43639 -15.403 3.05
    endloop
  endfacet
  facet normal -0 0 1
    outer loop
      vertex 1.25728 -15.5559 3.05
      vertex 3 -16.5 3.05
      vertex 1.34833 -15.4812 3.05
    endloop
  endfacet
  facet normal -0 0 1
    outer loop
      vertex 1.16335 -15.627 3.05
      vertex 3 -16.5 3.05
      vertex 1.25728 -15.5559 3.05
    endloop
  endfacet
  facet normal -0 0 1
    outer loop
      vertex 1.0667 -15.6944 3.05
      vertex 3 -16.5 3.05
      vertex 1.16335 -15.627 3.05
    endloop
  endfacet
  facet normal -0 0 1
    outer loop
      vertex 0.967486 -15.7579 3.05
      vertex 3 -16.5 3.05
      vertex 1.0667 -15.6944 3.05
    endloop
  endfacet
  facet normal -0 0 1
    outer loop
      vertex 0.865863 -15.8175 3.05
      vertex 3 -16.5 3.05
      vertex 0.967486 -15.7579 3.05
    endloop
  endfacet
  facet normal -0 0 1
    outer loop
      vertex 0.761966 -15.873 3.05
      vertex 3 -16.5 3.05
      vertex 0.865863 -15.8175 3.05
    endloop
  endfacet
  facet normal -0 0 1
    outer loop
      vertex 0.655978 -15.9244 3.05
      vertex 3 -16.5 3.05
      vertex 0.761966 -15.873 3.05
    endloop
  endfacet
  facet normal -0 0 1
    outer loop
      vertex 0.548038 -15.9716 3.05
      vertex 3 -16.5 3.05
      vertex 0.655978 -15.9244 3.05
    endloop
  endfacet
  facet normal -0 0 1
    outer loop
      vertex 0.438342 -16.0146 3.05
      vertex 3 -16.5 3.05
      vertex 0.548038 -15.9716 3.05
    endloop
  endfacet
  facet normal -0 0 1
    outer loop
      vertex 0.327044 -16.0532 3.05
      vertex 3 -16.5 3.05
      vertex 0.438342 -16.0146 3.05
    endloop
  endfacet
  facet normal -0 0 1
    outer loop
      vertex 0.214313 -16.0874 3.05
      vertex 3 -16.5 3.05
      vertex 0.327044 -16.0532 3.05
    endloop
  endfacet
  facet normal -0 0 1
    outer loop
      vertex 0.100329 -16.1171 3.05
      vertex 3 -16.5 3.05
      vertex 0.214313 -16.0874 3.05
    endloop
  endfacet
  facet normal -0 0 1
    outer loop
      vertex -0.0147362 -16.1423 3.05
      vertex 3 -16.5 3.05
      vertex 0.100329 -16.1171 3.05
    endloop
  endfacet
  facet normal -0 0 1
    outer loop
      vertex -0.130703 -16.1631 3.05
      vertex 3 -16.5 3.05
      vertex -0.0147362 -16.1423 3.05
    endloop
  endfacet
  facet normal -0 0 1
    outer loop
      vertex -0.247402 -16.1792 3.05
      vertex 3 -16.5 3.05
      vertex -0.130703 -16.1631 3.05
    endloop
  endfacet
  facet normal -0 0 1
    outer loop
      vertex -0.364635 -16.1908 3.05
      vertex 3 -16.5 3.05
      vertex -0.247402 -16.1792 3.05
    endloop
  endfacet
  facet normal -0 0 1
    outer loop
      vertex -0.482235 -16.1977 3.05
      vertex 3 -16.5 3.05
      vertex -0.364635 -16.1908 3.05
    endloop
  endfacet
  facet normal 0 0 1
    outer loop
      vertex -3 -16.5 3.05
      vertex -0.482235 -16.1977 3.05
      vertex -0.600002 -16.2 3.05
    endloop
  endfacet
  facet normal 0 0 1
    outer loop
      vertex -0.482235 -16.1977 3.05
      vertex -3 -16.5 3.05
      vertex 3 -16.5 3.05
    endloop
  endfacet
  facet normal -0 0 1
    outer loop
      vertex -4.8 -16.2 3.05
      vertex -3 -16.5 3.05
      vertex -0.600002 -16.2 3.05
    endloop
  endfacet
  facet normal 0 0 1
    outer loop
      vertex -3 -16.5 3.05
      vertex -4.8 -16.2 3.05
      vertex -3.05888 -16.5012 3.05
    endloop
  endfacet
  facet normal 0 0 1
    outer loop
      vertex -3.05888 -16.5012 3.05
      vertex -4.8 -16.2 3.05
      vertex -3.11768 -16.5046 3.05
    endloop
  endfacet
  facet normal 0 0 1
    outer loop
      vertex -10.634 -23.0668 3.05
      vertex -4.5 -19 3.05
      vertex -4.5 -18 3.05
    endloop
  endfacet
  facet normal 0 0 1
    outer loop
      vertex -10.634 -23.0668 3.05
      vertex -4.5 -18 3.05
      vertex -4.8 -16.2 3.05
    endloop
  endfacet
  facet normal 0 0 1
    outer loop
      vertex -4.5 -19 3.05
      vertex -10.634 -23.0668 3.05
      vertex -9.72016 -23.4665 3.05
    endloop
  endfacet
  facet normal 0 0 1
    outer loop
      vertex -4.49884 -17.9411 3.05
      vertex -4.8 -16.2 3.05
      vertex -4.5 -18 3.05
    endloop
  endfacet
  facet normal 0 0 1
    outer loop
      vertex -4.49536 -17.8823 3.05
      vertex -4.8 -16.2 3.05
      vertex -4.49884 -17.9411 3.05
    endloop
  endfacet
  facet normal 0 0 1
    outer loop
      vertex -4.48959 -17.8237 3.05
      vertex -4.8 -16.2 3.05
      vertex -4.49536 -17.8823 3.05
    endloop
  endfacet
  facet normal 0 0 1
    outer loop
      vertex -4.48152 -17.7654 3.05
      vertex -4.8 -16.2 3.05
      vertex -4.48959 -17.8237 3.05
    endloop
  endfacet
  facet normal 0 0 1
    outer loop
      vertex -4.47118 -17.7074 3.05
      vertex -4.8 -16.2 3.05
      vertex -4.48152 -17.7654 3.05
    endloop
  endfacet
  facet normal 0 0 1
    outer loop
      vertex -4.45854 -17.6498 3.05
      vertex -4.8 -16.2 3.05
      vertex -4.47118 -17.7074 3.05
    endloop
  endfacet
  facet normal 0 0 1
    outer loop
      vertex -4.44368 -17.5928 3.05
      vertex -4.8 -16.2 3.05
      vertex -4.45854 -17.6498 3.05
    endloop
  endfacet
  facet normal 0 0 1
    outer loop
      vertex -4.42657 -17.5365 3.05
      vertex -4.8 -16.2 3.05
      vertex -4.44368 -17.5928 3.05
    endloop
  endfacet
  facet normal 0 0 1
    outer loop
      vertex -4.40727 -17.4808 3.05
      vertex -4.8 -16.2 3.05
      vertex -4.42657 -17.5365 3.05
    endloop
  endfacet
  facet normal 0 0 1
    outer loop
      vertex -4.38582 -17.426 3.05
      vertex -4.8 -16.2 3.05
      vertex -4.40727 -17.4808 3.05
    endloop
  endfacet
  facet normal 0 0 1
    outer loop
      vertex -4.36221 -17.372 3.05
      vertex -4.8 -16.2 3.05
      vertex -4.38582 -17.426 3.05
    endloop
  endfacet
  facet normal 0 0 1
    outer loop
      vertex -4.3365 -17.319 3.05
      vertex -4.8 -16.2 3.05
      vertex -4.36221 -17.372 3.05
    endloop
  endfacet
  facet normal 0 0 1
    outer loop
      vertex -4.30873 -17.2671 3.05
      vertex -4.8 -16.2 3.05
      vertex -4.3365 -17.319 3.05
    endloop
  endfacet
  facet normal 0 0 1
    outer loop
      vertex -4.27895 -17.2163 3.05
      vertex -4.8 -16.2 3.05
      vertex -4.30873 -17.2671 3.05
    endloop
  endfacet
  facet normal 0 0 1
    outer loop
      vertex -4.24719 -17.1667 3.05
      vertex -4.8 -16.2 3.05
      vertex -4.27895 -17.2163 3.05
    endloop
  endfacet
  facet normal 0 0 1
    outer loop
      vertex -4.21352 -17.1183 3.05
      vertex -4.8 -16.2 3.05
      vertex -4.24719 -17.1667 3.05
    endloop
  endfacet
  facet normal 0 0 1
    outer loop
      vertex -4.17796 -17.0714 3.05
      vertex -4.8 -16.2 3.05
      vertex -4.21352 -17.1183 3.05
    endloop
  endfacet
  facet normal 0 0 1
    outer loop
      vertex -4.14059 -17.0258 3.05
      vertex -4.8 -16.2 3.05
      vertex -4.17796 -17.0714 3.05
    endloop
  endfacet
  facet normal 0 0 1
    outer loop
      vertex -4.10147 -16.9818 3.05
      vertex -4.8 -16.2 3.05
      vertex -4.14059 -17.0258 3.05
    endloop
  endfacet
  facet normal 0 0 1
    outer loop
      vertex -4.06065 -16.9393 3.05
      vertex -4.8 -16.2 3.05
      vertex -4.10147 -16.9818 3.05
    endloop
  endfacet
  facet normal 0 0 1
    outer loop
      vertex -4.01819 -16.8985 3.05
      vertex -4.8 -16.2 3.05
      vertex -4.06065 -16.9393 3.05
    endloop
  endfacet
  facet normal 0 0 1
    outer loop
      vertex -3.97417 -16.8594 3.05
      vertex -4.8 -16.2 3.05
      vertex -4.01819 -16.8985 3.05
    endloop
  endfacet
  facet normal 0 0 1
    outer loop
      vertex -3.92863 -16.822 3.05
      vertex -4.8 -16.2 3.05
      vertex -3.97417 -16.8594 3.05
    endloop
  endfacet
  facet normal 0 0 1
    outer loop
      vertex -3.88167 -16.7865 3.05
      vertex -4.8 -16.2 3.05
      vertex -3.92863 -16.822 3.05
    endloop
  endfacet
  facet normal 0 0 1
    outer loop
      vertex -3.83334 -16.7528 3.05
      vertex -4.8 -16.2 3.05
      vertex -3.88167 -16.7865 3.05
    endloop
  endfacet
  facet normal 0 0 1
    outer loop
      vertex -3.78374 -16.7211 3.05
      vertex -4.8 -16.2 3.05
      vertex -3.83334 -16.7528 3.05
    endloop
  endfacet
  facet normal 0 0 1
    outer loop
      vertex -3.73293 -16.6913 3.05
      vertex -4.8 -16.2 3.05
      vertex -3.78374 -16.7211 3.05
    endloop
  endfacet
  facet normal 0 0 1
    outer loop
      vertex -3.68098 -16.6635 3.05
      vertex -4.8 -16.2 3.05
      vertex -3.73293 -16.6913 3.05
    endloop
  endfacet
  facet normal 0 0 1
    outer loop
      vertex -3.62798 -16.6378 3.05
      vertex -4.8 -16.2 3.05
      vertex -3.68098 -16.6635 3.05
    endloop
  endfacet
  facet normal 0 0 1
    outer loop
      vertex -3.57402 -16.6142 3.05
      vertex -4.8 -16.2 3.05
      vertex -3.62798 -16.6378 3.05
    endloop
  endfacet
  facet normal 0 0 1
    outer loop
      vertex -3.51917 -16.5927 3.05
      vertex -4.8 -16.2 3.05
      vertex -3.57402 -16.6142 3.05
    endloop
  endfacet
  facet normal 0 0 1
    outer loop
      vertex -3.46352 -16.5734 3.05
      vertex -4.8 -16.2 3.05
      vertex -3.51917 -16.5927 3.05
    endloop
  endfacet
  facet normal 0 0 1
    outer loop
      vertex -3.40715 -16.5563 3.05
      vertex -4.8 -16.2 3.05
      vertex -3.46352 -16.5734 3.05
    endloop
  endfacet
  facet normal 0 0 1
    outer loop
      vertex -3.35016 -16.5415 3.05
      vertex -4.8 -16.2 3.05
      vertex -3.40715 -16.5563 3.05
    endloop
  endfacet
  facet normal 0 0 1
    outer loop
      vertex -3.29263 -16.5288 3.05
      vertex -4.8 -16.2 3.05
      vertex -3.35016 -16.5415 3.05
    endloop
  endfacet
  facet normal 0 0 1
    outer loop
      vertex -3.23465 -16.5185 3.05
      vertex -4.8 -16.2 3.05
      vertex -3.29263 -16.5288 3.05
    endloop
  endfacet
  facet normal 0 0 1
    outer loop
      vertex -3.1763 -16.5104 3.05
      vertex -4.8 -16.2 3.05
      vertex -3.23465 -16.5185 3.05
    endloop
  endfacet
  facet normal 0 0 1
    outer loop
      vertex -3.11768 -16.5046 3.05
      vertex -4.8 -16.2 3.05
      vertex -3.1763 -16.5104 3.05
    endloop
  endfacet
  facet normal 0 0 1
    outer loop
      vertex -0.799999 15.5 3.05
      vertex 1.7 13 3.05
      vertex 1.69806 13.0981 3.05
    endloop
  endfacet
  facet normal 0 0 1
    outer loop
      vertex 1.7 13 3.05
      vertex -4.8 -15.5 3.05
      vertex 1.7 -13 3.05
    endloop
  endfacet
  facet normal 0 0 1
    outer loop
      vertex -0.799999 15.5 3.05
      vertex 1.69806 13.0981 3.05
      vertex 1.69228 13.1961 3.05
    endloop
  endfacet
  facet normal 0 -0 1
    outer loop
      vertex -0.799999 -15.5 3.05
      vertex 1.7 -13 3.05
      vertex -4.8 -15.5 3.05
    endloop
  endfacet
  facet normal 0 0 1
    outer loop
      vertex -0.799999 15.5 3.05
      vertex 1.69228 13.1961 3.05
      vertex 1.68267 13.2938 3.05
    endloop
  endfacet
  facet normal 0 0 1
    outer loop
      vertex 1.7 -13 3.05
      vertex -0.799999 -15.5 3.05
      vertex 1.69806 -13.0981 3.05
    endloop
  endfacet
  facet normal 0 0 1
    outer loop
      vertex -0.799999 15.5 3.05
      vertex 1.68267 13.2938 3.05
      vertex 1.66921 13.3911 3.05
    endloop
  endfacet
  facet normal 0 0 1
    outer loop
      vertex 1.69806 -13.0981 3.05
      vertex -0.799999 -15.5 3.05
      vertex 1.69228 -13.1961 3.05
    endloop
  endfacet
  facet normal 0 0 1
    outer loop
      vertex -0.799999 15.5 3.05
      vertex 1.66921 13.3911 3.05
      vertex 1.65195 13.4877 3.05
    endloop
  endfacet
  facet normal 0 0 1
    outer loop
      vertex 1.69228 -13.1961 3.05
      vertex -0.799999 -15.5 3.05
      vertex 1.68267 -13.2938 3.05
    endloop
  endfacet
  facet normal 0 0 1
    outer loop
      vertex -0.799999 15.5 3.05
      vertex 1.65195 13.4877 3.05
      vertex 1.63092 13.5836 3.05
    endloop
  endfacet
  facet normal 0 0 1
    outer loop
      vertex 1.68267 -13.2938 3.05
      vertex -0.799999 -15.5 3.05
      vertex 1.66921 -13.3911 3.05
    endloop
  endfacet
  facet normal 0 0 1
    outer loop
      vertex -0.799999 15.5 3.05
      vertex 1.63092 13.5836 3.05
      vertex 1.60613 13.6786 3.05
    endloop
  endfacet
  facet normal 0 0 1
    outer loop
      vertex 1.66921 -13.3911 3.05
      vertex -0.799999 -15.5 3.05
      vertex 1.65195 -13.4877 3.05
    endloop
  endfacet
  facet normal 0 0 1
    outer loop
      vertex -0.799999 15.5 3.05
      vertex 1.60613 13.6786 3.05
      vertex 1.57764 13.7725 3.05
    endloop
  endfacet
  facet normal 0 0 1
    outer loop
      vertex 1.65195 -13.4877 3.05
      vertex -0.799999 -15.5 3.05
      vertex 1.63092 -13.5836 3.05
    endloop
  endfacet
  facet normal 0 0 1
    outer loop
      vertex -0.799999 15.5 3.05
      vertex 1.57764 13.7725 3.05
      vertex 1.54547 13.8653 3.05
    endloop
  endfacet
  facet normal 0 0 1
    outer loop
      vertex 1.63092 -13.5836 3.05
      vertex -0.799999 -15.5 3.05
      vertex 1.60613 -13.6786 3.05
    endloop
  endfacet
  facet normal 0 0 1
    outer loop
      vertex -0.799999 15.5 3.05
      vertex 1.54547 13.8653 3.05
      vertex 1.50969 13.9567 3.05
    endloop
  endfacet
  facet normal 0 0 1
    outer loop
      vertex 1.60613 -13.6786 3.05
      vertex -0.799999 -15.5 3.05
      vertex 1.57764 -13.7725 3.05
    endloop
  endfacet
  facet normal 0 0 1
    outer loop
      vertex -0.799999 15.5 3.05
      vertex 1.50969 13.9567 3.05
      vertex 1.47036 14.0466 3.05
    endloop
  endfacet
  facet normal 0 0 1
    outer loop
      vertex 1.57764 -13.7725 3.05
      vertex -0.799999 -15.5 3.05
      vertex 1.54547 -13.8653 3.05
    endloop
  endfacet
  facet normal 0 0 1
    outer loop
      vertex -0.799999 15.5 3.05
      vertex 1.47036 14.0466 3.05
      vertex 1.42751 14.135 3.05
    endloop
  endfacet
  facet normal 0 0 1
    outer loop
      vertex 1.54547 -13.8653 3.05
      vertex -0.799999 -15.5 3.05
      vertex 1.50969 -13.9567 3.05
    endloop
  endfacet
  facet normal 0 0 1
    outer loop
      vertex -0.799999 15.5 3.05
      vertex 1.42751 14.135 3.05
      vertex 1.38123 14.2215 3.05
    endloop
  endfacet
  facet normal 0 0 1
    outer loop
      vertex 1.50969 -13.9567 3.05
      vertex -0.799999 -15.5 3.05
      vertex 1.47036 -14.0466 3.05
    endloop
  endfacet
  facet normal 0 0 1
    outer loop
      vertex -0.799999 15.5 3.05
      vertex 1.38123 14.2215 3.05
      vertex 1.33159 14.3062 3.05
    endloop
  endfacet
  facet normal 0 0 1
    outer loop
      vertex 1.47036 -14.0466 3.05
      vertex -0.799999 -15.5 3.05
      vertex 1.42751 -14.135 3.05
    endloop
  endfacet
  facet normal 0 0 1
    outer loop
      vertex -0.799999 15.5 3.05
      vertex 1.33159 14.3062 3.05
      vertex 1.27866 14.3889 3.05
    endloop
  endfacet
  facet normal 0 0 1
    outer loop
      vertex 1.42751 -14.135 3.05
      vertex -0.799999 -15.5 3.05
      vertex 1.38123 -14.2215 3.05
    endloop
  endfacet
  facet normal 0 0 1
    outer loop
      vertex -0.799999 15.5 3.05
      vertex 1.27866 14.3889 3.05
      vertex 1.22254 14.4695 3.05
    endloop
  endfacet
  facet normal 0 0 1
    outer loop
      vertex 1.38123 -14.2215 3.05
      vertex -0.799999 -15.5 3.05
      vertex 1.33159 -14.3062 3.05
    endloop
  endfacet
  facet normal 0 0 1
    outer loop
      vertex -0.799999 15.5 3.05
      vertex 1.22254 14.4695 3.05
      vertex 1.16329 14.5477 3.05
    endloop
  endfacet
  facet normal 0 0 1
    outer loop
      vertex 1.33159 -14.3062 3.05
      vertex -0.799999 -15.5 3.05
      vertex 1.27866 -14.3889 3.05
    endloop
  endfacet
  facet normal 0 0 1
    outer loop
      vertex -0.799999 15.5 3.05
      vertex 1.16329 14.5477 3.05
      vertex 1.101 14.6236 3.05
    endloop
  endfacet
  facet normal 0 0 1
    outer loop
      vertex 1.27866 -14.3889 3.05
      vertex -0.799999 -15.5 3.05
      vertex 1.22254 -14.4695 3.05
    endloop
  endfacet
  facet normal 0 0 1
    outer loop
      vertex -0.799999 15.5 3.05
      vertex 1.101 14.6236 3.05
      vertex 1.0358 14.697 3.05
    endloop
  endfacet
  facet normal 0 0 1
    outer loop
      vertex 1.22254 -14.4695 3.05
      vertex -0.799999 -15.5 3.05
      vertex 1.16329 -14.5477 3.05
    endloop
  endfacet
  facet normal 0 0 1
    outer loop
      vertex -0.799999 15.5 3.05
      vertex 1.0358 14.697 3.05
      vertex 0.967761 14.7678 3.05
    endloop
  endfacet
  facet normal 0 0 1
    outer loop
      vertex 1.16329 -14.5477 3.05
      vertex -0.799999 -15.5 3.05
      vertex 1.101 -14.6236 3.05
    endloop
  endfacet
  facet normal 0 0 1
    outer loop
      vertex -0.799999 15.5 3.05
      vertex 0.967761 14.7678 3.05
      vertex 0.896991 14.8358 3.05
    endloop
  endfacet
  facet normal 0 0 1
    outer loop
      vertex 1.101 -14.6236 3.05
      vertex -0.799999 -15.5 3.05
      vertex 1.0358 -14.697 3.05
    endloop
  endfacet
  facet normal 0 0 1
    outer loop
      vertex -0.799999 15.5 3.05
      vertex 0.896991 14.8358 3.05
      vertex 0.823611 14.901 3.05
    endloop
  endfacet
  facet normal 0 0 1
    outer loop
      vertex 1.0358 -14.697 3.05
      vertex -0.799999 -15.5 3.05
      vertex 0.967761 -14.7678 3.05
    endloop
  endfacet
  facet normal 0 0 1
    outer loop
      vertex -0.799999 15.5 3.05
      vertex 0.823611 14.901 3.05
      vertex 0.747729 14.9633 3.05
    endloop
  endfacet
  facet normal 0 0 1
    outer loop
      vertex 0.967761 -14.7678 3.05
      vertex -0.799999 -15.5 3.05
      vertex 0.896991 -14.8358 3.05
    endloop
  endfacet
  facet normal 0 0 1
    outer loop
      vertex -0.799999 15.5 3.05
      vertex 0.747729 14.9633 3.05
      vertex 0.669452 15.0225 3.05
    endloop
  endfacet
  facet normal 0 0 1
    outer loop
      vertex 0.896991 -14.8358 3.05
      vertex -0.799999 -15.5 3.05
      vertex 0.823611 -14.901 3.05
    endloop
  endfacet
  facet normal 0 0 1
    outer loop
      vertex -0.799999 15.5 3.05
      vertex 0.669452 15.0225 3.05
      vertex 0.588916 15.0787 3.05
    endloop
  endfacet
  facet normal 0 0 1
    outer loop
      vertex 0.823611 -14.901 3.05
      vertex -0.799999 -15.5 3.05
      vertex 0.747729 -14.9633 3.05
    endloop
  endfacet
  facet normal 0 0 1
    outer loop
      vertex -0.799999 15.5 3.05
      vertex 0.588916 15.0787 3.05
      vertex 0.506244 15.1316 3.05
    endloop
  endfacet
  facet normal 0 0 1
    outer loop
      vertex 0.747729 -14.9633 3.05
      vertex -0.799999 -15.5 3.05
      vertex 0.669452 -15.0225 3.05
    endloop
  endfacet
  facet normal 0 0 1
    outer loop
      vertex -0.799999 15.5 3.05
      vertex 0.506244 15.1316 3.05
      vertex 0.421542 15.1812 3.05
    endloop
  endfacet
  facet normal 0 0 1
    outer loop
      vertex 0.669452 -15.0225 3.05
      vertex -0.799999 -15.5 3.05
      vertex 0.588916 -15.0787 3.05
    endloop
  endfacet
  facet normal 0 0 1
    outer loop
      vertex -0.799999 15.5 3.05
      vertex 0.421542 15.1812 3.05
      vertex 0.334964 15.2275 3.05
    endloop
  endfacet
  facet normal 0 0 1
    outer loop
      vertex 0.588916 -15.0787 3.05
      vertex -0.799999 -15.5 3.05
      vertex 0.506244 -15.1316 3.05
    endloop
  endfacet
  facet normal 0 0 1
    outer loop
      vertex -0.799999 15.5 3.05
      vertex 0.334964 15.2275 3.05
      vertex 0.246646 15.2704 3.05
    endloop
  endfacet
  facet normal 0 0 1
    outer loop
      vertex 0.506244 -15.1316 3.05
      vertex -0.799999 -15.5 3.05
      vertex 0.421542 -15.1812 3.05
    endloop
  endfacet
  facet normal 0 0 1
    outer loop
      vertex -0.799999 15.5 3.05
      vertex 0.246646 15.2704 3.05
      vertex 0.156695 15.3097 3.05
    endloop
  endfacet
  facet normal 0 0 1
    outer loop
      vertex 0.421542 -15.1812 3.05
      vertex -0.799999 -15.5 3.05
      vertex 0.334964 -15.2275 3.05
    endloop
  endfacet
  facet normal 0 0 1
    outer loop
      vertex -0.799999 15.5 3.05
      vertex 0.156695 15.3097 3.05
      vertex 0.06528 15.3455 3.05
    endloop
  endfacet
  facet normal 0 0 1
    outer loop
      vertex 0.334964 -15.2275 3.05
      vertex -0.799999 -15.5 3.05
      vertex 0.246646 -15.2704 3.05
    endloop
  endfacet
  facet normal 0 0 1
    outer loop
      vertex -0.799999 15.5 3.05
      vertex 0.06528 15.3455 3.05
      vertex -0.027462 15.3776 3.05
    endloop
  endfacet
  facet normal 0 0 1
    outer loop
      vertex 1.7 13 3.05
      vertex -0.799999 15.5 3.05
      vertex -19.3 13 3.05
    endloop
  endfacet
  facet normal 0 0 1
    outer loop
      vertex -0.799999 15.5 3.05
      vertex -0.027462 15.3776 3.05
      vertex -0.12141 15.4061 3.05
    endloop
  endfacet
  facet normal 0 0 1
    outer loop
      vertex 0.246646 -15.2704 3.05
      vertex -0.799999 -15.5 3.05
      vertex 0.156695 -15.3097 3.05
    endloop
  endfacet
  facet normal 0 0 1
    outer loop
      vertex -0.799999 15.5 3.05
      vertex -0.12141 15.4061 3.05
      vertex -0.216396 15.4309 3.05
    endloop
  endfacet
  facet normal 0 0 1
    outer loop
      vertex 0.06528 -15.3455 3.05
      vertex -0.799999 -15.5 3.05
      vertex -0.027462 -15.3776 3.05
    endloop
  endfacet
  facet normal 0 0 1
    outer loop
      vertex -0.799999 15.5 3.05
      vertex -0.216396 15.4309 3.05
      vertex -0.312283 15.452 3.05
    endloop
  endfacet
  facet normal 0 0 1
    outer loop
      vertex -0.027462 -15.3776 3.05
      vertex -0.799999 -15.5 3.05
      vertex -0.12141 -15.4061 3.05
    endloop
  endfacet
  facet normal 0 0 1
    outer loop
      vertex -0.799999 15.5 3.05
      vertex -0.312283 15.452 3.05
      vertex -0.408916 15.4692 3.05
    endloop
  endfacet
  facet normal 0 0 1
    outer loop
      vertex -0.12141 -15.4061 3.05
      vertex -0.799999 -15.5 3.05
      vertex -0.216396 -15.4309 3.05
    endloop
  endfacet
  facet normal 0 0 1
    outer loop
      vertex -0.799999 15.5 3.05
      vertex -0.408916 15.4692 3.05
      vertex -0.506161 15.4827 3.05
    endloop
  endfacet
  facet normal 0 0 1
    outer loop
      vertex -0.216396 -15.4309 3.05
      vertex -0.799999 -15.5 3.05
      vertex -0.312283 -15.452 3.05
    endloop
  endfacet
  facet normal 0 0 1
    outer loop
      vertex -0.799999 15.5 3.05
      vertex -0.506161 15.4827 3.05
      vertex -0.603863 15.4923 3.05
    endloop
  endfacet
  facet normal 0 0 1
    outer loop
      vertex -0.312283 -15.452 3.05
      vertex -0.799999 -15.5 3.05
      vertex -0.408916 -15.4692 3.05
    endloop
  endfacet
  facet normal 0 0 1
    outer loop
      vertex -0.799999 15.5 3.05
      vertex -0.603863 15.4923 3.05
      vertex -0.701855 15.4981 3.05
    endloop
  endfacet
  facet normal 0 0 1
    outer loop
      vertex -0.408916 -15.4692 3.05
      vertex -0.799999 -15.5 3.05
      vertex -0.506161 -15.4827 3.05
    endloop
  endfacet
  facet normal 0 0 1
    outer loop
      vertex -0.506161 -15.4827 3.05
      vertex -0.799999 -15.5 3.05
      vertex -0.603863 -15.4923 3.05
    endloop
  endfacet
  facet normal 0 0 1
    outer loop
      vertex -0.603863 -15.4923 3.05
      vertex -0.799999 -15.5 3.05
      vertex -0.701855 -15.4981 3.05
    endloop
  endfacet
  facet normal 0 0 1
    outer loop
      vertex 0.156695 -15.3097 3.05
      vertex -0.799999 -15.5 3.05
      vertex 0.06528 -15.3455 3.05
    endloop
  endfacet
  facet normal 0 0 1
    outer loop
      vertex -12.8 -16.2 3.05
      vertex -4.8 -16.2 3.05
      vertex -4.8 -15.5 3.05
    endloop
  endfacet
  facet normal 0 0 1
    outer loop
      vertex -4.5 -21 3.05
      vertex -5.92951 -24.6982 3.05
      vertex -4.95529 -24.9119 3.05
    endloop
  endfacet
  facet normal 0 0 1
    outer loop
      vertex -4.5 -21 3.05
      vertex -6.89459 -24.4464 3.05
      vertex -5.92951 -24.6982 3.05
    endloop
  endfacet
  facet normal 0 0 1
    outer loop
      vertex 1.7 13 3.05
      vertex -19.3 13 3.05
      vertex -4.8 -15.5 3.05
    endloop
  endfacet
  facet normal 0 0 1
    outer loop
      vertex -12.8 -16.2 3.05
      vertex -4.8 -15.5 3.05
      vertex -12.8 -15.5 3.05
    endloop
  endfacet
  facet normal 0 0 1
    outer loop
      vertex -4.8 -16.2 3.05
      vertex -12.8 -16.2 3.05
      vertex -10.634 -23.0668 3.05
    endloop
  endfacet
  facet normal 0 0 1
    outer loop
      vertex -4.5 -21 3.05
      vertex -7.84903 -24.1568 3.05
      vertex -6.89459 -24.4464 3.05
    endloop
  endfacet
  facet normal 0 0 1
    outer loop
      vertex -4.5 -21 3.05
      vertex -8.79137 -23.8301 3.05
      vertex -7.84903 -24.1568 3.05
    endloop
  endfacet
  facet normal 0 0 1
    outer loop
      vertex -4.5 -21 3.05
      vertex -9.72016 -23.4665 3.05
      vertex -8.79137 -23.8301 3.05
    endloop
  endfacet
  facet normal 0 0 1
    outer loop
      vertex -4.5 -19 3.05
      vertex -9.72016 -23.4665 3.05
      vertex -4.5 -21 3.05
    endloop
  endfacet
  facet normal 0 0 1
    outer loop
      vertex -10.634 -23.0668 3.05
      vertex -12.8 -16.2 3.05
      vertex -11.5314 -22.6316 3.05
    endloop
  endfacet
  facet normal 0 0 1
    outer loop
      vertex -19.3 13 3.05
      vertex -0.799999 15.5 3.05
      vertex -16.8 15.5 3.05
    endloop
  endfacet
  facet normal 0 0 1
    outer loop
      vertex -4.8 -15.5 3.05
      vertex -19.3 13 3.05
      vertex -12.8 -15.5 3.05
    endloop
  endfacet
  facet normal 0 0 1
    outer loop
      vertex -19.3 13 3.05
      vertex -16.8 15.5 3.05
      vertex -16.8981 15.4981 3.05
    endloop
  endfacet
  facet normal -0 0 1
    outer loop
      vertex -19.3 -13 3.05
      vertex -12.8 -15.5 3.05
      vertex -19.3 13 3.05
    endloop
  endfacet
  facet normal 0 0 1
    outer loop
      vertex -19.3 13 3.05
      vertex -16.8981 15.4981 3.05
      vertex -16.9961 15.4923 3.05
    endloop
  endfacet
  facet normal 0 0 1
    outer loop
      vertex -12.8 -15.5 3.05
      vertex -19.3 -13 3.05
      vertex -16.8 -15.5 3.05
    endloop
  endfacet
  facet normal 0 0 1
    outer loop
      vertex -19.3 13 3.05
      vertex -16.9961 15.4923 3.05
      vertex -17.0938 15.4827 3.05
    endloop
  endfacet
  facet normal 0 0 1
    outer loop
      vertex -16.8 -15.5 3.05
      vertex -19.3 -13 3.05
      vertex -16.8981 -15.4981 3.05
    endloop
  endfacet
  facet normal 0 0 1
    outer loop
      vertex -19.3 13 3.05
      vertex -17.0938 15.4827 3.05
      vertex -17.1911 15.4692 3.05
    endloop
  endfacet
  facet normal 0 0 1
    outer loop
      vertex -16.8981 -15.4981 3.05
      vertex -19.3 -13 3.05
      vertex -16.9961 -15.4923 3.05
    endloop
  endfacet
  facet normal 0 0 1
    outer loop
      vertex -19.3 13 3.05
      vertex -17.1911 15.4692 3.05
      vertex -17.2877 15.452 3.05
    endloop
  endfacet
  facet normal 0 0 1
    outer loop
      vertex -16.9961 -15.4923 3.05
      vertex -19.3 -13 3.05
      vertex -17.0938 -15.4827 3.05
    endloop
  endfacet
  facet normal 0 0 1
    outer loop
      vertex -19.3 13 3.05
      vertex -17.2877 15.452 3.05
      vertex -17.3836 15.4309 3.05
    endloop
  endfacet
  facet normal 0 0 1
    outer loop
      vertex -17.0938 -15.4827 3.05
      vertex -19.3 -13 3.05
      vertex -17.1911 -15.4692 3.05
    endloop
  endfacet
  facet normal 0 0 1
    outer loop
      vertex -19.3 13 3.05
      vertex -17.3836 15.4309 3.05
      vertex -17.4786 15.4061 3.05
    endloop
  endfacet
  facet normal 0 0 1
    outer loop
      vertex -17.1911 -15.4692 3.05
      vertex -19.3 -13 3.05
      vertex -17.2877 -15.452 3.05
    endloop
  endfacet
  facet normal 0 0 1
    outer loop
      vertex -19.3 13 3.05
      vertex -17.4786 15.4061 3.05
      vertex -17.5725 15.3776 3.05
    endloop
  endfacet
  facet normal 0 0 1
    outer loop
      vertex -17.2877 -15.452 3.05
      vertex -19.3 -13 3.05
      vertex -17.3836 -15.4309 3.05
    endloop
  endfacet
  facet normal 0 0 1
    outer loop
      vertex -19.3 13 3.05
      vertex -17.5725 15.3776 3.05
      vertex -17.6653 15.3455 3.05
    endloop
  endfacet
  facet normal 0 0 1
    outer loop
      vertex -17.3836 -15.4309 3.05
      vertex -19.3 -13 3.05
      vertex -17.4786 -15.4061 3.05
    endloop
  endfacet
  facet normal 0 0 1
    outer loop
      vertex -19.3 13 3.05
      vertex -17.6653 15.3455 3.05
      vertex -17.7567 15.3097 3.05
    endloop
  endfacet
  facet normal 0 0 1
    outer loop
      vertex -17.4786 -15.4061 3.05
      vertex -19.3 -13 3.05
      vertex -17.5725 -15.3776 3.05
    endloop
  endfacet
  facet normal 0 0 1
    outer loop
      vertex -19.3 13 3.05
      vertex -17.7567 15.3097 3.05
      vertex -17.8466 15.2704 3.05
    endloop
  endfacet
  facet normal 0 0 1
    outer loop
      vertex -17.5725 -15.3776 3.05
      vertex -19.3 -13 3.05
      vertex -17.6653 -15.3455 3.05
    endloop
  endfacet
  facet normal 0 0 1
    outer loop
      vertex -19.3 13 3.05
      vertex -17.8466 15.2704 3.05
      vertex -17.935 15.2275 3.05
    endloop
  endfacet
  facet normal 0 0 1
    outer loop
      vertex -17.6653 -15.3455 3.05
      vertex -19.3 -13 3.05
      vertex -17.7567 -15.3097 3.05
    endloop
  endfacet
  facet normal 0 0 1
    outer loop
      vertex -19.3 13 3.05
      vertex -17.935 15.2275 3.05
      vertex -18.0215 15.1812 3.05
    endloop
  endfacet
  facet normal 0 0 1
    outer loop
      vertex -17.7567 -15.3097 3.05
      vertex -19.3 -13 3.05
      vertex -17.8466 -15.2704 3.05
    endloop
  endfacet
  facet normal 0 0 1
    outer loop
      vertex -19.3 13 3.05
      vertex -18.0215 15.1812 3.05
      vertex -18.1062 15.1316 3.05
    endloop
  endfacet
  facet normal 0 0 1
    outer loop
      vertex -17.8466 -15.2704 3.05
      vertex -19.3 -13 3.05
      vertex -17.935 -15.2275 3.05
    endloop
  endfacet
  facet normal 0 0 1
    outer loop
      vertex -19.3 13 3.05
      vertex -18.1062 15.1316 3.05
      vertex -18.1889 15.0787 3.05
    endloop
  endfacet
  facet normal 0 0 1
    outer loop
      vertex -17.935 -15.2275 3.05
      vertex -19.3 -13 3.05
      vertex -18.0215 -15.1812 3.05
    endloop
  endfacet
  facet normal 0 0 1
    outer loop
      vertex -19.3 13 3.05
      vertex -18.1889 15.0787 3.05
      vertex -18.2695 15.0225 3.05
    endloop
  endfacet
  facet normal 0 0 1
    outer loop
      vertex -18.0215 -15.1812 3.05
      vertex -19.3 -13 3.05
      vertex -18.1062 -15.1316 3.05
    endloop
  endfacet
  facet normal 0 0 1
    outer loop
      vertex -19.3 13 3.05
      vertex -18.2695 15.0225 3.05
      vertex -18.3477 14.9633 3.05
    endloop
  endfacet
  facet normal 0 0 1
    outer loop
      vertex -18.1062 -15.1316 3.05
      vertex -19.3 -13 3.05
      vertex -18.1889 -15.0787 3.05
    endloop
  endfacet
  facet normal 0 0 1
    outer loop
      vertex -19.3 13 3.05
      vertex -18.3477 14.9633 3.05
      vertex -18.4236 14.901 3.05
    endloop
  endfacet
  facet normal 0 0 1
    outer loop
      vertex -18.1889 -15.0787 3.05
      vertex -19.3 -13 3.05
      vertex -18.2695 -15.0225 3.05
    endloop
  endfacet
  facet normal 0 0 1
    outer loop
      vertex -19.3 13 3.05
      vertex -18.4236 14.901 3.05
      vertex -18.497 14.8358 3.05
    endloop
  endfacet
  facet normal 0 0 1
    outer loop
      vertex -18.2695 -15.0225 3.05
      vertex -19.3 -13 3.05
      vertex -18.3477 -14.9633 3.05
    endloop
  endfacet
  facet normal 0 0 1
    outer loop
      vertex -19.3 13 3.05
      vertex -18.497 14.8358 3.05
      vertex -18.5678 14.7678 3.05
    endloop
  endfacet
  facet normal 0 0 1
    outer loop
      vertex -18.3477 -14.9633 3.05
      vertex -19.3 -13 3.05
      vertex -18.4236 -14.901 3.05
    endloop
  endfacet
  facet normal 0 0 1
    outer loop
      vertex -19.3 13 3.05
      vertex -18.5678 14.7678 3.05
      vertex -18.6358 14.697 3.05
    endloop
  endfacet
  facet normal 0 0 1
    outer loop
      vertex -18.4236 -14.901 3.05
      vertex -19.3 -13 3.05
      vertex -18.497 -14.8358 3.05
    endloop
  endfacet
  facet normal 0 0 1
    outer loop
      vertex -19.3 13 3.05
      vertex -18.6358 14.697 3.05
      vertex -18.701 14.6236 3.05
    endloop
  endfacet
  facet normal 0 0 1
    outer loop
      vertex -18.497 -14.8358 3.05
      vertex -19.3 -13 3.05
      vertex -18.5678 -14.7678 3.05
    endloop
  endfacet
  facet normal 0 0 1
    outer loop
      vertex -19.3 13 3.05
      vertex -18.701 14.6236 3.05
      vertex -18.7633 14.5477 3.05
    endloop
  endfacet
  facet normal 0 0 1
    outer loop
      vertex -18.5678 -14.7678 3.05
      vertex -19.3 -13 3.05
      vertex -18.6358 -14.697 3.05
    endloop
  endfacet
  facet normal 0 0 1
    outer loop
      vertex -19.3 13 3.05
      vertex -18.7633 14.5477 3.05
      vertex -18.8225 14.4695 3.05
    endloop
  endfacet
  facet normal 0 0 1
    outer loop
      vertex -18.6358 -14.697 3.05
      vertex -19.3 -13 3.05
      vertex -18.701 -14.6236 3.05
    endloop
  endfacet
  facet normal 0 0 1
    outer loop
      vertex -19.3 13 3.05
      vertex -18.8225 14.4695 3.05
      vertex -18.8787 14.3889 3.05
    endloop
  endfacet
  facet normal 0 0 1
    outer loop
      vertex -18.701 -14.6236 3.05
      vertex -19.3 -13 3.05
      vertex -18.7633 -14.5477 3.05
    endloop
  endfacet
  facet normal 0 0 1
    outer loop
      vertex -19.3 13 3.05
      vertex -18.8787 14.3889 3.05
      vertex -18.9316 14.3062 3.05
    endloop
  endfacet
  facet normal 0 0 1
    outer loop
      vertex -18.7633 -14.5477 3.05
      vertex -19.3 -13 3.05
      vertex -18.8225 -14.4695 3.05
    endloop
  endfacet
  facet normal 0 0 1
    outer loop
      vertex -19.3 13 3.05
      vertex -18.9316 14.3062 3.05
      vertex -18.9812 14.2215 3.05
    endloop
  endfacet
  facet normal 0 0 1
    outer loop
      vertex -18.8225 -14.4695 3.05
      vertex -19.3 -13 3.05
      vertex -18.8787 -14.3889 3.05
    endloop
  endfacet
  facet normal 0 0 1
    outer loop
      vertex -19.3 13 3.05
      vertex -18.9812 14.2215 3.05
      vertex -19.0275 14.135 3.05
    endloop
  endfacet
  facet normal 0 0 1
    outer loop
      vertex -18.8787 -14.3889 3.05
      vertex -19.3 -13 3.05
      vertex -18.9316 -14.3062 3.05
    endloop
  endfacet
  facet normal 0 0 1
    outer loop
      vertex -19.3 13 3.05
      vertex -19.0275 14.135 3.05
      vertex -19.0704 14.0466 3.05
    endloop
  endfacet
  facet normal 0 0 1
    outer loop
      vertex -18.9316 -14.3062 3.05
      vertex -19.3 -13 3.05
      vertex -18.9812 -14.2215 3.05
    endloop
  endfacet
  facet normal 0 0 1
    outer loop
      vertex -19.3 13 3.05
      vertex -19.0704 14.0466 3.05
      vertex -19.1097 13.9567 3.05
    endloop
  endfacet
  facet normal 0 0 1
    outer loop
      vertex -18.9812 -14.2215 3.05
      vertex -19.3 -13 3.05
      vertex -19.0275 -14.135 3.05
    endloop
  endfacet
  facet normal 0 0 1
    outer loop
      vertex -19.3 13 3.05
      vertex -19.1097 13.9567 3.05
      vertex -19.1455 13.8653 3.05
    endloop
  endfacet
  facet normal 0 0 1
    outer loop
      vertex -19.0275 -14.135 3.05
      vertex -19.3 -13 3.05
      vertex -19.0704 -14.0466 3.05
    endloop
  endfacet
  facet normal 0 0 1
    outer loop
      vertex -19.3 13 3.05
      vertex -19.1455 13.8653 3.05
      vertex -19.1776 13.7725 3.05
    endloop
  endfacet
  facet normal 0 0 1
    outer loop
      vertex -19.0704 -14.0466 3.05
      vertex -19.3 -13 3.05
      vertex -19.1097 -13.9567 3.05
    endloop
  endfacet
  facet normal 0 0 1
    outer loop
      vertex -19.3 13 3.05
      vertex -19.1776 13.7725 3.05
      vertex -19.2061 13.6786 3.05
    endloop
  endfacet
  facet normal 0 0 1
    outer loop
      vertex -19.1097 -13.9567 3.05
      vertex -19.3 -13 3.05
      vertex -19.1455 -13.8653 3.05
    endloop
  endfacet
  facet normal 0 0 1
    outer loop
      vertex -19.3 13 3.05
      vertex -19.2061 13.6786 3.05
      vertex -19.2309 13.5836 3.05
    endloop
  endfacet
  facet normal 0 0 1
    outer loop
      vertex -19.1455 -13.8653 3.05
      vertex -19.3 -13 3.05
      vertex -19.1776 -13.7725 3.05
    endloop
  endfacet
  facet normal 0 0 1
    outer loop
      vertex -19.3 13 3.05
      vertex -19.2309 13.5836 3.05
      vertex -19.2519 13.4877 3.05
    endloop
  endfacet
  facet normal 0 0 1
    outer loop
      vertex -19.1776 -13.7725 3.05
      vertex -19.3 -13 3.05
      vertex -19.2061 -13.6786 3.05
    endloop
  endfacet
  facet normal 0 0 1
    outer loop
      vertex -19.3 13 3.05
      vertex -19.2519 13.4877 3.05
      vertex -19.2692 13.3911 3.05
    endloop
  endfacet
  facet normal 0 0 1
    outer loop
      vertex -19.2061 -13.6786 3.05
      vertex -19.3 -13 3.05
      vertex -19.2309 -13.5836 3.05
    endloop
  endfacet
  facet normal 0 0 1
    outer loop
      vertex -19.3 13 3.05
      vertex -19.2692 13.3911 3.05
      vertex -19.2827 13.2938 3.05
    endloop
  endfacet
  facet normal 0 0 1
    outer loop
      vertex -19.2309 -13.5836 3.05
      vertex -19.3 -13 3.05
      vertex -19.2519 -13.4877 3.05
    endloop
  endfacet
  facet normal 0 0 1
    outer loop
      vertex -19.3 13 3.05
      vertex -19.2827 13.2938 3.05
      vertex -19.2923 13.1961 3.05
    endloop
  endfacet
  facet normal 0 0 1
    outer loop
      vertex -19.2519 -13.4877 3.05
      vertex -19.3 -13 3.05
      vertex -19.2692 -13.3911 3.05
    endloop
  endfacet
  facet normal 0 0 1
    outer loop
      vertex -19.3 13 3.05
      vertex -19.2923 13.1961 3.05
      vertex -19.2981 13.0981 3.05
    endloop
  endfacet
  facet normal 0 0 1
    outer loop
      vertex -19.2692 -13.3911 3.05
      vertex -19.3 -13 3.05
      vertex -19.2827 -13.2938 3.05
    endloop
  endfacet
  facet normal 0 0 1
    outer loop
      vertex -19.2827 -13.2938 3.05
      vertex -19.3 -13 3.05
      vertex -19.2923 -13.1961 3.05
    endloop
  endfacet
  facet normal 0 0 1
    outer loop
      vertex -19.2923 -13.1961 3.05
      vertex -19.3 -13 3.05
      vertex -19.2981 -13.0981 3.05
    endloop
  endfacet
  facet normal 0 0 1
    outer loop
      vertex -11.5314 -22.6316 3.05
      vertex -12.8 -16.2 3.05
      vertex -12.411 -22.1614 3.05
    endloop
  endfacet
  facet normal 0 0 1
    outer loop
      vertex -12.8 -16.2 3.05
      vertex -13.2715 -21.6571 3.05
      vertex -12.411 -22.1614 3.05
    endloop
  endfacet
  facet normal 0 0 1
    outer loop
      vertex -12.8 -16.2 3.05
      vertex -14.1115 -21.1193 3.05
      vertex -13.2715 -21.6571 3.05
    endloop
  endfacet
  facet normal 0 0 1
    outer loop
      vertex -12.8 -16.2 3.05
      vertex -14.9297 -20.549 3.05
      vertex -14.1115 -21.1193 3.05
    endloop
  endfacet
  facet normal 0 0 1
    outer loop
      vertex -12.8 -16.2 3.05
      vertex -15.725 -19.947 3.05
      vertex -14.9297 -20.549 3.05
    endloop
  endfacet
  facet normal 0 0 1
    outer loop
      vertex -12.8 -16.2 3.05
      vertex -16.496 -19.3143 3.05
      vertex -15.725 -19.947 3.05
    endloop
  endfacet
  facet normal -0 0 1
    outer loop
      vertex -17 -16.2 3.05
      vertex -16.496 -19.3143 3.05
      vertex -12.8 -16.2 3.05
    endloop
  endfacet
  facet normal 0 0 1
    outer loop
      vertex -17.9605 -17.9605 3.05
      vertex -17 -16.2 3.05
      vertex -17.1178 -16.1977 3.05
    endloop
  endfacet
  facet normal 0 0 1
    outer loop
      vertex -17.9605 -17.9605 3.05
      vertex -17.1178 -16.1977 3.05
      vertex -17.2354 -16.1908 3.05
    endloop
  endfacet
  facet normal 0 0 1
    outer loop
      vertex -17 -16.2 3.05
      vertex -17.2415 -18.6518 3.05
      vertex -16.496 -19.3143 3.05
    endloop
  endfacet
  facet normal 0 0 1
    outer loop
      vertex -17.9605 -17.9605 3.05
      vertex -17.2354 -16.1908 3.05
      vertex -17.3526 -16.1792 3.05
    endloop
  endfacet
  facet normal 0 0 1
    outer loop
      vertex -17.9605 -17.9605 3.05
      vertex -17.3526 -16.1792 3.05
      vertex -17.4693 -16.1631 3.05
    endloop
  endfacet
  facet normal 0 0 1
    outer loop
      vertex -17.9605 -17.9605 3.05
      vertex -17.4693 -16.1631 3.05
      vertex -17.5853 -16.1423 3.05
    endloop
  endfacet
  facet normal 0 0 1
    outer loop
      vertex -18.6518 -17.2415 3.05
      vertex -17.5853 -16.1423 3.05
      vertex -17.7003 -16.1171 3.05
    endloop
  endfacet
  facet normal 0 0 1
    outer loop
      vertex -18.6518 -17.2415 3.05
      vertex -17.7003 -16.1171 3.05
      vertex -17.8143 -16.0874 3.05
    endloop
  endfacet
  facet normal 0 0 1
    outer loop
      vertex -18.6518 -17.2415 3.05
      vertex -17.8143 -16.0874 3.05
      vertex -17.927 -16.0532 3.05
    endloop
  endfacet
  facet normal 0 0 1
    outer loop
      vertex -17 -16.2 3.05
      vertex -17.9605 -17.9605 3.05
      vertex -17.2415 -18.6518 3.05
    endloop
  endfacet
  facet normal 0 0 1
    outer loop
      vertex -18.6518 -17.2415 3.05
      vertex -17.927 -16.0532 3.05
      vertex -18.0383 -16.0146 3.05
    endloop
  endfacet
  facet normal 0 0 1
    outer loop
      vertex -18.6518 -17.2415 3.05
      vertex -18.0383 -16.0146 3.05
      vertex -18.148 -15.9716 3.05
    endloop
  endfacet
  facet normal 0 0 1
    outer loop
      vertex -18.6518 -17.2415 3.05
      vertex -18.148 -15.9716 3.05
      vertex -18.256 -15.9244 3.05
    endloop
  endfacet
  facet normal 0 0 1
    outer loop
      vertex -19.3143 -16.496 3.05
      vertex -18.256 -15.9244 3.05
      vertex -18.362 -15.873 3.05
    endloop
  endfacet
  facet normal 0 0 1
    outer loop
      vertex -19.3143 -16.496 3.05
      vertex -18.362 -15.873 3.05
      vertex -18.4659 -15.8175 3.05
    endloop
  endfacet
  facet normal 0 0 1
    outer loop
      vertex -19.3143 -16.496 3.05
      vertex -18.4659 -15.8175 3.05
      vertex -18.5675 -15.7579 3.05
    endloop
  endfacet
  facet normal 0 0 1
    outer loop
      vertex -17.5853 -16.1423 3.05
      vertex -18.6518 -17.2415 3.05
      vertex -17.9605 -17.9605 3.05
    endloop
  endfacet
  facet normal 0 0 1
    outer loop
      vertex -19.3143 -16.496 3.05
      vertex -18.5675 -15.7579 3.05
      vertex -18.6667 -15.6944 3.05
    endloop
  endfacet
  facet normal 0 0 1
    outer loop
      vertex -19.3143 -16.496 3.05
      vertex -18.6667 -15.6944 3.05
      vertex -18.7633 -15.627 3.05
    endloop
  endfacet
  facet normal 0 0 1
    outer loop
      vertex -19.3143 -16.496 3.05
      vertex -18.7633 -15.627 3.05
      vertex -18.8573 -15.5559 3.05
    endloop
  endfacet
  facet normal 0 0 1
    outer loop
      vertex -19.3143 -16.496 3.05
      vertex -18.8573 -15.5559 3.05
      vertex -18.9483 -15.4812 3.05
    endloop
  endfacet
  facet normal 0 0 1
    outer loop
      vertex -19.947 -15.725 3.05
      vertex -18.9483 -15.4812 3.05
      vertex -19.0364 -15.403 3.05
    endloop
  endfacet
  facet normal 0 0 1
    outer loop
      vertex -19.947 -15.725 3.05
      vertex -19.0364 -15.403 3.05
      vertex -19.1213 -15.3213 3.05
    endloop
  endfacet
  facet normal 0 0 1
    outer loop
      vertex -19.947 -15.725 3.05
      vertex -19.1213 -15.3213 3.05
      vertex -19.203 -15.2364 3.05
    endloop
  endfacet
  facet normal 0 0 1
    outer loop
      vertex -19.947 -15.725 3.05
      vertex -19.203 -15.2364 3.05
      vertex -19.2812 -15.1483 3.05
    endloop
  endfacet
  facet normal 0 0 1
    outer loop
      vertex -18.256 -15.9244 3.05
      vertex -19.3143 -16.496 3.05
      vertex -18.6518 -17.2415 3.05
    endloop
  endfacet
  facet normal 0 0 1
    outer loop
      vertex -19.947 -15.725 3.05
      vertex -19.2812 -15.1483 3.05
      vertex -19.3559 -15.0573 3.05
    endloop
  endfacet
  facet normal 0 0 1
    outer loop
      vertex -19.947 -15.725 3.05
      vertex -19.3559 -15.0573 3.05
      vertex -19.427 -14.9633 3.05
    endloop
  endfacet
  facet normal 0 0 1
    outer loop
      vertex -19.947 -15.725 3.05
      vertex -19.427 -14.9633 3.05
      vertex -19.4944 -14.8667 3.05
    endloop
  endfacet
  facet normal 0 0 1
    outer loop
      vertex -20.549 -14.9297 3.05
      vertex -19.4944 -14.8667 3.05
      vertex -19.5579 -14.7675 3.05
    endloop
  endfacet
  facet normal 0 0 1
    outer loop
      vertex -20.549 -14.9297 3.05
      vertex -19.5579 -14.7675 3.05
      vertex -19.6175 -14.6659 3.05
    endloop
  endfacet
  facet normal 0 0 1
    outer loop
      vertex -20.549 -14.9297 3.05
      vertex -19.6175 -14.6659 3.05
      vertex -19.673 -14.562 3.05
    endloop
  endfacet
  facet normal 0 0 1
    outer loop
      vertex -20.549 -14.9297 3.05
      vertex -19.673 -14.562 3.05
      vertex -19.7244 -14.456 3.05
    endloop
  endfacet
  facet normal 0 0 1
    outer loop
      vertex -20.549 -14.9297 3.05
      vertex -19.7244 -14.456 3.05
      vertex -19.7716 -14.348 3.05
    endloop
  endfacet
  facet normal 0 0 1
    outer loop
      vertex -20.549 -14.9297 3.05
      vertex -19.7716 -14.348 3.05
      vertex -19.8146 -14.2383 3.05
    endloop
  endfacet
  facet normal 0 0 1
    outer loop
      vertex -20.549 -14.9297 3.05
      vertex -19.8146 -14.2383 3.05
      vertex -19.8532 -14.127 3.05
    endloop
  endfacet
  facet normal -0 0 1
    outer loop
      vertex -21.1193 -14.1115 3.05
      vertex -19.8532 -14.127 3.05
      vertex -19.8874 -14.0143 3.05
    endloop
  endfacet
  facet normal 0 0 1
    outer loop
      vertex -21.1193 -14.1115 3.05
      vertex -19.8874 -14.0143 3.05
      vertex -19.9171 -13.9003 3.05
    endloop
  endfacet
  facet normal 0 0 1
    outer loop
      vertex -18.9483 -15.4812 3.05
      vertex -19.947 -15.725 3.05
      vertex -19.3143 -16.496 3.05
    endloop
  endfacet
  facet normal 0 0 1
    outer loop
      vertex -21.1193 -14.1115 3.05
      vertex -19.9171 -13.9003 3.05
      vertex -19.9423 -13.7853 3.05
    endloop
  endfacet
  facet normal 0 0 1
    outer loop
      vertex -21.1193 -14.1115 3.05
      vertex -19.9423 -13.7853 3.05
      vertex -19.9631 -13.6693 3.05
    endloop
  endfacet
  facet normal 0 0 1
    outer loop
      vertex -21.1193 -14.1115 3.05
      vertex -19.9631 -13.6693 3.05
      vertex -19.9792 -13.5526 3.05
    endloop
  endfacet
  facet normal 0 0 1
    outer loop
      vertex -21.1193 -14.1115 3.05
      vertex -19.9792 -13.5526 3.05
      vertex -19.9907 -13.4354 3.05
    endloop
  endfacet
  facet normal 0 0 1
    outer loop
      vertex -21.1193 -14.1115 3.05
      vertex -19.9907 -13.4354 3.05
      vertex -19.9977 -13.3178 3.05
    endloop
  endfacet
  facet normal 0 0 1
    outer loop
      vertex -19.4944 -14.8667 3.05
      vertex -20.549 -14.9297 3.05
      vertex -19.947 -15.725 3.05
    endloop
  endfacet
  facet normal -0 0 1
    outer loop
      vertex -21.6571 -13.2715 3.05
      vertex -19.9977 -13.3178 3.05
      vertex -20 -13.2 3.05
    endloop
  endfacet
  facet normal 0 0 1
    outer loop
      vertex -19.9977 13.3178 3.05
      vertex -21.6571 13.2715 3.05
      vertex -20 13.2 3.05
    endloop
  endfacet
  facet normal 0 0 1
    outer loop
      vertex -22.1614 12.411 3.05
      vertex -20 13.2 3.05
      vertex -21.6571 13.2715 3.05
    endloop
  endfacet
  facet normal 0 0 1
    outer loop
      vertex -19.8532 -14.127 3.05
      vertex -21.1193 -14.1115 3.05
      vertex -20.549 -14.9297 3.05
    endloop
  endfacet
  facet normal 0 0 1
    outer loop
      vertex -22.6316 11.5314 3.05
      vertex -20 13.2 3.05
      vertex -22.1614 12.411 3.05
    endloop
  endfacet
  facet normal 0 0 1
    outer loop
      vertex -19.9977 -13.3178 3.05
      vertex -21.6571 -13.2715 3.05
      vertex -21.1193 -14.1115 3.05
    endloop
  endfacet
  facet normal 0 0 1
    outer loop
      vertex -23.0668 10.634 3.05
      vertex -20 13.2 3.05
      vertex -22.6316 11.5314 3.05
    endloop
  endfacet
  facet normal 0 0 1
    outer loop
      vertex -20 -13.2 3.05
      vertex -22.1614 -12.411 3.05
      vertex -21.6571 -13.2715 3.05
    endloop
  endfacet
  facet normal 0 0 1
    outer loop
      vertex -23.4665 9.72016 3.05
      vertex -20 13.2 3.05
      vertex -23.0668 10.634 3.05
    endloop
  endfacet
  facet normal 0 0 1
    outer loop
      vertex -20 -13.2 3.05
      vertex -22.6316 -11.5314 3.05
      vertex -22.1614 -12.411 3.05
    endloop
  endfacet
  facet normal 0 0 1
    outer loop
      vertex -23.8301 8.79137 3.05
      vertex -20 13.2 3.05
      vertex -23.4665 9.72016 3.05
    endloop
  endfacet
  facet normal 0 0 1
    outer loop
      vertex -20 -13.2 3.05
      vertex -23.0668 -10.634 3.05
      vertex -22.6316 -11.5314 3.05
    endloop
  endfacet
  facet normal 0 0 1
    outer loop
      vertex -24.1568 7.84903 3.05
      vertex -20 13.2 3.05
      vertex -23.8301 8.79137 3.05
    endloop
  endfacet
  facet normal 0 0 1
    outer loop
      vertex -20 -13.2 3.05
      vertex -23.4665 -9.72016 3.05
      vertex -23.0668 -10.634 3.05
    endloop
  endfacet
  facet normal 0 0 1
    outer loop
      vertex -24.4464 6.89459 3.05
      vertex -20 13.2 3.05
      vertex -24.1568 7.84903 3.05
    endloop
  endfacet
  facet normal 0 0 1
    outer loop
      vertex -20 -13.2 3.05
      vertex -23.8301 -8.79137 3.05
      vertex -23.4665 -9.72016 3.05
    endloop
  endfacet
  facet normal 0 0 1
    outer loop
      vertex -24.6982 5.92951 3.05
      vertex -20 13.2 3.05
      vertex -24.4464 6.89459 3.05
    endloop
  endfacet
  facet normal 0 0 1
    outer loop
      vertex -20 -13.2 3.05
      vertex -24.1568 -7.84903 3.05
      vertex -23.8301 -8.79137 3.05
    endloop
  endfacet
  facet normal 0 0 1
    outer loop
      vertex -24.9119 4.95529 3.05
      vertex -20 13.2 3.05
      vertex -24.6982 5.92951 3.05
    endloop
  endfacet
  facet normal 0 0 1
    outer loop
      vertex -20 -13.2 3.05
      vertex -24.4464 -6.89459 3.05
      vertex -24.1568 -7.84903 3.05
    endloop
  endfacet
  facet normal 0 0 1
    outer loop
      vertex -25.0873 3.97344 3.05
      vertex -20 13.2 3.05
      vertex -24.9119 4.95529 3.05
    endloop
  endfacet
  facet normal 0 0 1
    outer loop
      vertex -20 -13.2 3.05
      vertex -24.6982 -5.92951 3.05
      vertex -24.4464 -6.89459 3.05
    endloop
  endfacet
  facet normal 0 0 1
    outer loop
      vertex -25.2239 2.98545 3.05
      vertex -20 13.2 3.05
      vertex -25.0873 3.97344 3.05
    endloop
  endfacet
  facet normal 0 0 1
    outer loop
      vertex -20 -13.2 3.05
      vertex -24.9119 -4.95529 3.05
      vertex -24.6982 -5.92951 3.05
    endloop
  endfacet
  facet normal 0 0 1
    outer loop
      vertex -25.3217 1.99286 3.05
      vertex -20 13.2 3.05
      vertex -25.2239 2.98545 3.05
    endloop
  endfacet
  facet normal 0 0 1
    outer loop
      vertex -20 -13.2 3.05
      vertex -25.0873 -3.97344 3.05
      vertex -24.9119 -4.95529 3.05
    endloop
  endfacet
  facet normal 0 0 1
    outer loop
      vertex -25.3804 0.997199 3.05
      vertex -20 13.2 3.05
      vertex -25.3217 1.99286 3.05
    endloop
  endfacet
  facet normal 0 0 1
    outer loop
      vertex -20 -13.2 3.05
      vertex -25.2239 -2.98545 3.05
      vertex -25.0873 -3.97344 3.05
    endloop
  endfacet
  facet normal 0 0 1
    outer loop
      vertex -20 13.2 3.05
      vertex -25.3804 0.997199 3.05
      vertex -20 -13.2 3.05
    endloop
  endfacet
  facet normal 0 0 1
    outer loop
      vertex -20 -13.2 3.05
      vertex -25.3217 -1.99286 3.05
      vertex -25.2239 -2.98545 3.05
    endloop
  endfacet
  facet normal -0 0 1
    outer loop
      vertex -25.4 0 3.05
      vertex -20 -13.2 3.05
      vertex -25.3804 0.997199 3.05
    endloop
  endfacet
  facet normal 0 0 1
    outer loop
      vertex -20 -13.2 3.05
      vertex -25.3804 -0.997199 3.05
      vertex -25.3217 -1.99286 3.05
    endloop
  endfacet
  facet normal 0 0 1
    outer loop
      vertex -20 -13.2 3.05
      vertex -25.4 0 3.05
      vertex -25.3804 -0.997199 3.05
    endloop
  endfacet
  facet normal -0 0 1
    outer loop
      vertex -4.5 -19 3.05
      vertex -3.75 -21 3.05
      vertex -3.75 -19 3.05
    endloop
  endfacet
  facet normal 0 0 1
    outer loop
      vertex -3.75 -21 3.05
      vertex -4.5 -19 3.05
      vertex -4.5 -21 3.05
    endloop
  endfacet
  facet normal 0 0 1
    outer loop
      vertex 14.1115 21.1193 3.05
      vertex 2.36306 13.6693 3.05
      vertex 2.3792 13.5526 3.05
    endloop
  endfacet
  facet normal 0 0 1
    outer loop
      vertex 2.9 11.2 3.05
      vertex 2.39768 13.3178 3.05
      vertex 2.4 13.2 3.05
    endloop
  endfacet
  facet normal 0 0 1
    outer loop
      vertex 2.9 11.2 3.05
      vertex 2.39075 13.4354 3.05
      vertex 2.39768 13.3178 3.05
    endloop
  endfacet
  facet normal 0 0 1
    outer loop
      vertex 14.9297 20.549 3.05
      vertex 2.39075 13.4354 3.05
      vertex 2.9 11.2 3.05
    endloop
  endfacet
  facet normal 0 0 1
    outer loop
      vertex 14.9297 20.549 3.05
      vertex 2.3792 13.5526 3.05
      vertex 2.39075 13.4354 3.05
    endloop
  endfacet
  facet normal 0 0 1
    outer loop
      vertex 14.1115 21.1193 3.05
      vertex 2.34235 13.7853 3.05
      vertex 2.36306 13.6693 3.05
    endloop
  endfacet
  facet normal 0 0 1
    outer loop
      vertex 13.2715 21.6571 3.05
      vertex 2.3171 13.9003 3.05
      vertex 2.34235 13.7853 3.05
    endloop
  endfacet
  facet normal 0 0 1
    outer loop
      vertex 12.411 22.1614 3.05
      vertex 2.28736 14.0143 3.05
      vertex 2.3171 13.9003 3.05
    endloop
  endfacet
  facet normal 0 0 1
    outer loop
      vertex 12.411 22.1614 3.05
      vertex 2.25316 14.127 3.05
      vertex 2.28736 14.0143 3.05
    endloop
  endfacet
  facet normal 0 0 1
    outer loop
      vertex 11.5314 22.6316 3.05
      vertex 2.21457 14.2383 3.05
      vertex 2.25316 14.127 3.05
    endloop
  endfacet
  facet normal 0 0 1
    outer loop
      vertex 11.5314 22.6316 3.05
      vertex 2.17163 14.348 3.05
      vertex 2.21457 14.2383 3.05
    endloop
  endfacet
  facet normal 0 0 1
    outer loop
      vertex 10.634 23.0668 3.05
      vertex 2.12442 14.456 3.05
      vertex 2.17163 14.348 3.05
    endloop
  endfacet
  facet normal 0 0 1
    outer loop
      vertex 10.634 23.0668 3.05
      vertex 2.07302 14.562 3.05
      vertex 2.12442 14.456 3.05
    endloop
  endfacet
  facet normal 0 0 1
    outer loop
      vertex 9.72016 23.4665 3.05
      vertex 2.01747 14.6659 3.05
      vertex 2.07302 14.562 3.05
    endloop
  endfacet
  facet normal 0 0 1
    outer loop
      vertex 0.438342 16.0146 3.05
      vertex 2.98545 25.2239 3.05
      vertex 1.99286 25.3217 3.05
    endloop
  endfacet
  facet normal 0 0 1
    outer loop
      vertex 9.72016 23.4665 3.05
      vertex 1.95792 14.7675 3.05
      vertex 2.01747 14.6659 3.05
    endloop
  endfacet
  facet normal 0 0 1
    outer loop
      vertex 8.79137 23.8301 3.05
      vertex 1.8944 14.8667 3.05
      vertex 1.95792 14.7675 3.05
    endloop
  endfacet
  facet normal 0 0 1
    outer loop
      vertex 8.79137 23.8301 3.05
      vertex 1.82704 14.9633 3.05
      vertex 1.8944 14.8667 3.05
    endloop
  endfacet
  facet normal 0 0 1
    outer loop
      vertex 7.84903 24.1568 3.05
      vertex 1.75594 15.0573 3.05
      vertex 1.82704 14.9633 3.05
    endloop
  endfacet
  facet normal 0 0 1
    outer loop
      vertex 7.84903 24.1568 3.05
      vertex 1.68122 15.1483 3.05
      vertex 1.75594 15.0573 3.05
    endloop
  endfacet
  facet normal 0 0 1
    outer loop
      vertex 7.84903 24.1568 3.05
      vertex 1.60295 15.2364 3.05
      vertex 1.68122 15.1483 3.05
    endloop
  endfacet
  facet normal 0 0 1
    outer loop
      vertex 6.89459 24.4464 3.05
      vertex 1.52132 15.3213 3.05
      vertex 1.60295 15.2364 3.05
    endloop
  endfacet
  facet normal 0 0 1
    outer loop
      vertex 6.89459 24.4464 3.05
      vertex 1.43639 15.403 3.05
      vertex 1.52132 15.3213 3.05
    endloop
  endfacet
  facet normal 0 0 1
    outer loop
      vertex 5.92951 24.6982 3.05
      vertex 1.34833 15.4812 3.05
      vertex 1.43639 15.403 3.05
    endloop
  endfacet
  facet normal 0 0 1
    outer loop
      vertex 5.92951 24.6982 3.05
      vertex 1.25728 15.5559 3.05
      vertex 1.34833 15.4812 3.05
    endloop
  endfacet
  facet normal 0 0 1
    outer loop
      vertex 4.95529 24.9119 3.05
      vertex 1.16335 15.627 3.05
      vertex 1.25728 15.5559 3.05
    endloop
  endfacet
  facet normal 0 0 1
    outer loop
      vertex 4.95529 24.9119 3.05
      vertex 1.0667 15.6944 3.05
      vertex 1.16335 15.627 3.05
    endloop
  endfacet
  facet normal 0 0 1
    outer loop
      vertex 0.100329 16.1171 3.05
      vertex 1.99286 25.3217 3.05
      vertex 0.997199 25.3804 3.05
    endloop
  endfacet
  facet normal 0 0 1
    outer loop
      vertex 4.95529 24.9119 3.05
      vertex 0.967486 15.7579 3.05
      vertex 1.0667 15.6944 3.05
    endloop
  endfacet
  facet normal 0 0 1
    outer loop
      vertex 3.97344 25.0873 3.05
      vertex 0.865863 15.8175 3.05
      vertex 0.967486 15.7579 3.05
    endloop
  endfacet
  facet normal 0 0 1
    outer loop
      vertex 3.97344 25.0873 3.05
      vertex 0.761966 15.873 3.05
      vertex 0.865863 15.8175 3.05
    endloop
  endfacet
  facet normal 0 0 1
    outer loop
      vertex 2.98545 25.2239 3.05
      vertex 0.655978 15.9244 3.05
      vertex 0.761966 15.873 3.05
    endloop
  endfacet
  facet normal 0 0 1
    outer loop
      vertex 2.98545 25.2239 3.05
      vertex 0.548038 15.9716 3.05
      vertex 0.655978 15.9244 3.05
    endloop
  endfacet
  facet normal 0 0 1
    outer loop
      vertex 2.98545 25.2239 3.05
      vertex 0.438342 16.0146 3.05
      vertex 0.548038 15.9716 3.05
    endloop
  endfacet
  facet normal 0 0 1
    outer loop
      vertex 1.99286 25.3217 3.05
      vertex 0.327044 16.0532 3.05
      vertex 0.438342 16.0146 3.05
    endloop
  endfacet
  facet normal 0 0 1
    outer loop
      vertex 1.99286 25.3217 3.05
      vertex 0.214313 16.0874 3.05
      vertex 0.327044 16.0532 3.05
    endloop
  endfacet
  facet normal 0 0 1
    outer loop
      vertex 1.99286 25.3217 3.05
      vertex 0.100329 16.1171 3.05
      vertex 0.214313 16.0874 3.05
    endloop
  endfacet
  facet normal 0 0 1
    outer loop
      vertex -0.130703 16.1631 3.05
      vertex 0.997199 25.3804 3.05
      vertex 0 25.4 3.05
    endloop
  endfacet
  facet normal 0 0 1
    outer loop
      vertex 0.997199 25.3804 3.05
      vertex -0.0147362 16.1423 3.05
      vertex 0.100329 16.1171 3.05
    endloop
  endfacet
  facet normal 0 0 1
    outer loop
      vertex 0.997199 25.3804 3.05
      vertex -0.130703 16.1631 3.05
      vertex -0.0147362 16.1423 3.05
    endloop
  endfacet
  facet normal 0 0 1
    outer loop
      vertex 0 25.4 3.05
      vertex -0.247402 16.1792 3.05
      vertex -0.130703 16.1631 3.05
    endloop
  endfacet
  facet normal 0 0 1
    outer loop
      vertex 0 25.4 3.05
      vertex -0.364635 16.1908 3.05
      vertex -0.247402 16.1792 3.05
    endloop
  endfacet
  facet normal 0 0 1
    outer loop
      vertex 0 25.4 3.05
      vertex -0.482235 16.1977 3.05
      vertex -0.364635 16.1908 3.05
    endloop
  endfacet
  facet normal 0 0 1
    outer loop
      vertex 0 25.4 3.05
      vertex -0.600002 16.2 3.05
      vertex -0.482235 16.1977 3.05
    endloop
  endfacet
  facet normal -0 0 1
    outer loop
      vertex -0.997199 25.3804 3.05
      vertex -0.600002 16.2 3.05
      vertex 0 25.4 3.05
    endloop
  endfacet
  facet normal -0 0 1
    outer loop
      vertex -1.99286 25.3217 3.05
      vertex -0.600002 16.2 3.05
      vertex -0.997199 25.3804 3.05
    endloop
  endfacet
  facet normal -0 0 1
    outer loop
      vertex -2.98545 25.2239 3.05
      vertex -0.600002 16.2 3.05
      vertex -1.99286 25.3217 3.05
    endloop
  endfacet
  facet normal -0 0 1
    outer loop
      vertex -3.97344 25.0873 3.05
      vertex -0.600002 16.2 3.05
      vertex -2.98545 25.2239 3.05
    endloop
  endfacet
  facet normal -0 0 1
    outer loop
      vertex -4.95529 24.9119 3.05
      vertex -0.600002 16.2 3.05
      vertex -3.97344 25.0873 3.05
    endloop
  endfacet
  facet normal -0 0 1
    outer loop
      vertex -5.92951 24.6982 3.05
      vertex -0.600002 16.2 3.05
      vertex -4.95529 24.9119 3.05
    endloop
  endfacet
  facet normal -0 0 1
    outer loop
      vertex -6.89459 24.4464 3.05
      vertex -0.600002 16.2 3.05
      vertex -5.92951 24.6982 3.05
    endloop
  endfacet
  facet normal -0 0 1
    outer loop
      vertex -7.84903 24.1568 3.05
      vertex -0.600002 16.2 3.05
      vertex -6.89459 24.4464 3.05
    endloop
  endfacet
  facet normal -0 0 1
    outer loop
      vertex -8.79137 23.8301 3.05
      vertex -0.600002 16.2 3.05
      vertex -7.84903 24.1568 3.05
    endloop
  endfacet
  facet normal -0 0 1
    outer loop
      vertex -9.72016 23.4665 3.05
      vertex -0.600002 16.2 3.05
      vertex -8.79137 23.8301 3.05
    endloop
  endfacet
  facet normal -0 0 1
    outer loop
      vertex -10.634 23.0668 3.05
      vertex -0.600002 16.2 3.05
      vertex -9.72016 23.4665 3.05
    endloop
  endfacet
  facet normal -0 0 1
    outer loop
      vertex -11.5314 22.6316 3.05
      vertex -0.600002 16.2 3.05
      vertex -10.634 23.0668 3.05
    endloop
  endfacet
  facet normal -0 0 1
    outer loop
      vertex -12.411 22.1614 3.05
      vertex -0.600002 16.2 3.05
      vertex -11.5314 22.6316 3.05
    endloop
  endfacet
  facet normal -0 0 1
    outer loop
      vertex -13.2715 21.6571 3.05
      vertex -0.600002 16.2 3.05
      vertex -12.411 22.1614 3.05
    endloop
  endfacet
  facet normal 0 0 1
    outer loop
      vertex -17 16.2 3.05
      vertex -13.2715 21.6571 3.05
      vertex -14.1115 21.1193 3.05
    endloop
  endfacet
  facet normal 0 0 1
    outer loop
      vertex -17 16.2 3.05
      vertex -14.1115 21.1193 3.05
      vertex -14.9297 20.549 3.05
    endloop
  endfacet
  facet normal 0 0 1
    outer loop
      vertex -17 16.2 3.05
      vertex -14.9297 20.549 3.05
      vertex -15.725 19.947 3.05
    endloop
  endfacet
  facet normal 0 0 1
    outer loop
      vertex -17 16.2 3.05
      vertex -15.725 19.947 3.05
      vertex -16.496 19.3143 3.05
    endloop
  endfacet
  facet normal 0 0 1
    outer loop
      vertex -13.2715 21.6571 3.05
      vertex -17 16.2 3.05
      vertex -0.600002 16.2 3.05
    endloop
  endfacet
  facet normal -0 0 1
    outer loop
      vertex -17.2415 18.6518 3.05
      vertex -17 16.2 3.05
      vertex -16.496 19.3143 3.05
    endloop
  endfacet
  facet normal -0 0 1
    outer loop
      vertex -17.9605 17.9605 3.05
      vertex -17 16.2 3.05
      vertex -17.2415 18.6518 3.05
    endloop
  endfacet
  facet normal 0 0 1
    outer loop
      vertex -17 16.2 3.05
      vertex -17.9605 17.9605 3.05
      vertex -17.1178 16.1977 3.05
    endloop
  endfacet
  facet normal 0 0 1
    outer loop
      vertex -17.1178 16.1977 3.05
      vertex -17.9605 17.9605 3.05
      vertex -17.2354 16.1908 3.05
    endloop
  endfacet
  facet normal 0 0 1
    outer loop
      vertex -17.2354 16.1908 3.05
      vertex -17.9605 17.9605 3.05
      vertex -17.3526 16.1792 3.05
    endloop
  endfacet
  facet normal 0 0 1
    outer loop
      vertex -17.3526 16.1792 3.05
      vertex -17.9605 17.9605 3.05
      vertex -17.4693 16.1631 3.05
    endloop
  endfacet
  facet normal 0 0 1
    outer loop
      vertex -17.4693 16.1631 3.05
      vertex -17.9605 17.9605 3.05
      vertex -17.5853 16.1423 3.05
    endloop
  endfacet
  facet normal -0 0 1
    outer loop
      vertex -18.6518 17.2415 3.05
      vertex -17.5853 16.1423 3.05
      vertex -17.9605 17.9605 3.05
    endloop
  endfacet
  facet normal 0 0 1
    outer loop
      vertex -17.5853 16.1423 3.05
      vertex -18.6518 17.2415 3.05
      vertex -17.7003 16.1171 3.05
    endloop
  endfacet
  facet normal 0 0 1
    outer loop
      vertex -17.7003 16.1171 3.05
      vertex -18.6518 17.2415 3.05
      vertex -17.8143 16.0874 3.05
    endloop
  endfacet
  facet normal 0 0 1
    outer loop
      vertex -17.8143 16.0874 3.05
      vertex -18.6518 17.2415 3.05
      vertex -17.927 16.0532 3.05
    endloop
  endfacet
  facet normal 0 0 1
    outer loop
      vertex -17.927 16.0532 3.05
      vertex -18.6518 17.2415 3.05
      vertex -18.0383 16.0146 3.05
    endloop
  endfacet
  facet normal 0 0 1
    outer loop
      vertex -18.0383 16.0146 3.05
      vertex -18.6518 17.2415 3.05
      vertex -18.148 15.9716 3.05
    endloop
  endfacet
  facet normal 0 0 1
    outer loop
      vertex -18.148 15.9716 3.05
      vertex -18.6518 17.2415 3.05
      vertex -18.256 15.9244 3.05
    endloop
  endfacet
  facet normal -0 0 1
    outer loop
      vertex -19.3143 16.496 3.05
      vertex -18.256 15.9244 3.05
      vertex -18.6518 17.2415 3.05
    endloop
  endfacet
  facet normal 0 0 1
    outer loop
      vertex -18.256 15.9244 3.05
      vertex -19.3143 16.496 3.05
      vertex -18.362 15.873 3.05
    endloop
  endfacet
  facet normal 0 0 1
    outer loop
      vertex -18.362 15.873 3.05
      vertex -19.3143 16.496 3.05
      vertex -18.4659 15.8175 3.05
    endloop
  endfacet
  facet normal 0 0 1
    outer loop
      vertex -18.4659 15.8175 3.05
      vertex -19.3143 16.496 3.05
      vertex -18.5675 15.7579 3.05
    endloop
  endfacet
  facet normal 0 0 1
    outer loop
      vertex -18.5675 15.7579 3.05
      vertex -19.3143 16.496 3.05
      vertex -18.6667 15.6944 3.05
    endloop
  endfacet
  facet normal 0 0 1
    outer loop
      vertex -18.6667 15.6944 3.05
      vertex -19.3143 16.496 3.05
      vertex -18.7633 15.627 3.05
    endloop
  endfacet
  facet normal 0 0 1
    outer loop
      vertex -18.7633 15.627 3.05
      vertex -19.3143 16.496 3.05
      vertex -18.8573 15.5559 3.05
    endloop
  endfacet
  facet normal 0 0 1
    outer loop
      vertex -18.8573 15.5559 3.05
      vertex -19.3143 16.496 3.05
      vertex -18.9483 15.4812 3.05
    endloop
  endfacet
  facet normal -0 0 1
    outer loop
      vertex -19.947 15.725 3.05
      vertex -18.9483 15.4812 3.05
      vertex -19.3143 16.496 3.05
    endloop
  endfacet
  facet normal 0 0 1
    outer loop
      vertex -18.9483 15.4812 3.05
      vertex -19.947 15.725 3.05
      vertex -19.0364 15.403 3.05
    endloop
  endfacet
  facet normal 0 0 1
    outer loop
      vertex -19.0364 15.403 3.05
      vertex -19.947 15.725 3.05
      vertex -19.1213 15.3213 3.05
    endloop
  endfacet
  facet normal 0 0 1
    outer loop
      vertex -19.1213 15.3213 3.05
      vertex -19.947 15.725 3.05
      vertex -19.203 15.2364 3.05
    endloop
  endfacet
  facet normal 0 0 1
    outer loop
      vertex -19.203 15.2364 3.05
      vertex -19.947 15.725 3.05
      vertex -19.2812 15.1483 3.05
    endloop
  endfacet
  facet normal 0 0 1
    outer loop
      vertex -19.2812 15.1483 3.05
      vertex -19.947 15.725 3.05
      vertex -19.3559 15.0573 3.05
    endloop
  endfacet
  facet normal 0 0 1
    outer loop
      vertex -19.3559 15.0573 3.05
      vertex -19.947 15.725 3.05
      vertex -19.427 14.9633 3.05
    endloop
  endfacet
  facet normal 0 0 1
    outer loop
      vertex -19.427 14.9633 3.05
      vertex -19.947 15.725 3.05
      vertex -19.4944 14.8667 3.05
    endloop
  endfacet
  facet normal -0 0 1
    outer loop
      vertex -20.549 14.9297 3.05
      vertex -19.4944 14.8667 3.05
      vertex -19.947 15.725 3.05
    endloop
  endfacet
  facet normal 0 0 1
    outer loop
      vertex -19.4944 14.8667 3.05
      vertex -20.549 14.9297 3.05
      vertex -19.5579 14.7675 3.05
    endloop
  endfacet
  facet normal 0 0 1
    outer loop
      vertex -19.5579 14.7675 3.05
      vertex -20.549 14.9297 3.05
      vertex -19.6175 14.6659 3.05
    endloop
  endfacet
  facet normal 0 0 1
    outer loop
      vertex -19.6175 14.6659 3.05
      vertex -20.549 14.9297 3.05
      vertex -19.673 14.562 3.05
    endloop
  endfacet
  facet normal 0 0 1
    outer loop
      vertex -19.673 14.562 3.05
      vertex -20.549 14.9297 3.05
      vertex -19.7244 14.456 3.05
    endloop
  endfacet
  facet normal 0 0 1
    outer loop
      vertex -19.7244 14.456 3.05
      vertex -20.549 14.9297 3.05
      vertex -19.7716 14.348 3.05
    endloop
  endfacet
  facet normal 0 0 1
    outer loop
      vertex -19.7716 14.348 3.05
      vertex -20.549 14.9297 3.05
      vertex -19.8146 14.2383 3.05
    endloop
  endfacet
  facet normal 0 0 1
    outer loop
      vertex -19.8146 14.2383 3.05
      vertex -20.549 14.9297 3.05
      vertex -19.8532 14.127 3.05
    endloop
  endfacet
  facet normal 0 0 1
    outer loop
      vertex -21.1193 14.1115 3.05
      vertex -19.8532 14.127 3.05
      vertex -20.549 14.9297 3.05
    endloop
  endfacet
  facet normal 0 0 1
    outer loop
      vertex -19.8532 14.127 3.05
      vertex -21.1193 14.1115 3.05
      vertex -19.8874 14.0143 3.05
    endloop
  endfacet
  facet normal 0 0 1
    outer loop
      vertex -19.8874 14.0143 3.05
      vertex -21.1193 14.1115 3.05
      vertex -19.9171 13.9003 3.05
    endloop
  endfacet
  facet normal 0 0 1
    outer loop
      vertex -19.9171 13.9003 3.05
      vertex -21.1193 14.1115 3.05
      vertex -19.9423 13.7853 3.05
    endloop
  endfacet
  facet normal 0 0 1
    outer loop
      vertex -19.9423 13.7853 3.05
      vertex -21.1193 14.1115 3.05
      vertex -19.9631 13.6693 3.05
    endloop
  endfacet
  facet normal 0 0 1
    outer loop
      vertex -19.9631 13.6693 3.05
      vertex -21.1193 14.1115 3.05
      vertex -19.9792 13.5526 3.05
    endloop
  endfacet
  facet normal 0 0 1
    outer loop
      vertex -21.6571 13.2715 3.05
      vertex -19.9977 13.3178 3.05
      vertex -21.1193 14.1115 3.05
    endloop
  endfacet
  facet normal 0 0 1
    outer loop
      vertex -19.9907 13.4354 3.05
      vertex -21.1193 14.1115 3.05
      vertex -19.9977 13.3178 3.05
    endloop
  endfacet
  facet normal 0 0 1
    outer loop
      vertex -19.9792 13.5526 3.05
      vertex -21.1193 14.1115 3.05
      vertex -19.9907 13.4354 3.05
    endloop
  endfacet
  facet normal 0 0 1
    outer loop
      vertex 2.75 -17.25 3.05
      vertex 3.75 -19 3.05
      vertex 3.75 -18.25 3.05
    endloop
  endfacet
  facet normal 0 0 1
    outer loop
      vertex 3.75 -19 3.05
      vertex 2.75 -17.25 3.05
      vertex 3.75 -21 3.05
    endloop
  endfacet
  facet normal 0 0 1
    outer loop
      vertex 2.75 -17.25 3.05
      vertex 3.75 -18.25 3.05
      vertex 3.74922 -18.2108 3.05
    endloop
  endfacet
  facet normal 0 0 1
    outer loop
      vertex 2.75 -22.75 3.05
      vertex 3.75 -21 3.05
      vertex 2.75 -17.25 3.05
    endloop
  endfacet
  facet normal 0 0 1
    outer loop
      vertex 2.75 -17.25 3.05
      vertex 3.74922 -18.2108 3.05
      vertex 3.7469 -18.1716 3.05
    endloop
  endfacet
  facet normal 0 0 1
    outer loop
      vertex 3.75 -21 3.05
      vertex 2.75 -22.75 3.05
      vertex 3.75 -21.75 3.05
    endloop
  endfacet
  facet normal 0 0 1
    outer loop
      vertex 2.75 -17.25 3.05
      vertex 3.7469 -18.1716 3.05
      vertex 3.74306 -18.1325 3.05
    endloop
  endfacet
  facet normal 0 0 1
    outer loop
      vertex 3.75 -21.75 3.05
      vertex 2.75 -22.75 3.05
      vertex 3.74922 -21.7892 3.05
    endloop
  endfacet
  facet normal 0 0 1
    outer loop
      vertex 2.75 -17.25 3.05
      vertex 3.74306 -18.1325 3.05
      vertex 3.73769 -18.0936 3.05
    endloop
  endfacet
  facet normal 0 0 1
    outer loop
      vertex 3.74922 -21.7892 3.05
      vertex 2.75 -22.75 3.05
      vertex 3.7469 -21.8284 3.05
    endloop
  endfacet
  facet normal 0 0 1
    outer loop
      vertex 2.75 -17.25 3.05
      vertex 3.73769 -18.0936 3.05
      vertex 3.73077 -18.0549 3.05
    endloop
  endfacet
  facet normal 0 0 1
    outer loop
      vertex 3.7469 -21.8284 3.05
      vertex 2.75 -22.75 3.05
      vertex 3.74306 -21.8675 3.05
    endloop
  endfacet
  facet normal 0 0 1
    outer loop
      vertex 2.75 -17.25 3.05
      vertex 3.73077 -18.0549 3.05
      vertex 3.72237 -18.0166 3.05
    endloop
  endfacet
  facet normal 0 0 1
    outer loop
      vertex 3.74306 -21.8675 3.05
      vertex 2.75 -22.75 3.05
      vertex 3.73769 -21.9064 3.05
    endloop
  endfacet
  facet normal 0 0 1
    outer loop
      vertex 2.75 -17.25 3.05
      vertex 3.72237 -18.0166 3.05
      vertex 3.71245 -17.9786 3.05
    endloop
  endfacet
  facet normal 0 0 1
    outer loop
      vertex 3.73769 -21.9064 3.05
      vertex 2.75 -22.75 3.05
      vertex 3.73077 -21.9451 3.05
    endloop
  endfacet
  facet normal 0 0 1
    outer loop
      vertex 2.75 -17.25 3.05
      vertex 3.71245 -17.9786 3.05
      vertex 3.70105 -17.941 3.05
    endloop
  endfacet
  facet normal 0 0 1
    outer loop
      vertex 3.73077 -21.9451 3.05
      vertex 2.75 -22.75 3.05
      vertex 3.72237 -21.9834 3.05
    endloop
  endfacet
  facet normal 0 0 1
    outer loop
      vertex 2.75 -17.25 3.05
      vertex 3.70105 -17.941 3.05
      vertex 3.68819 -17.9039 3.05
    endloop
  endfacet
  facet normal 0 0 1
    outer loop
      vertex 3.72237 -21.9834 3.05
      vertex 2.75 -22.75 3.05
      vertex 3.71245 -22.0214 3.05
    endloop
  endfacet
  facet normal 0 0 1
    outer loop
      vertex 2.75 -17.25 3.05
      vertex 3.68819 -17.9039 3.05
      vertex 3.67387 -17.8673 3.05
    endloop
  endfacet
  facet normal 0 0 1
    outer loop
      vertex 3.71245 -22.0214 3.05
      vertex 2.75 -22.75 3.05
      vertex 3.70105 -22.059 3.05
    endloop
  endfacet
  facet normal 0 0 1
    outer loop
      vertex 2.75 -17.25 3.05
      vertex 3.67387 -17.8673 3.05
      vertex 3.65814 -17.8313 3.05
    endloop
  endfacet
  facet normal 0 0 1
    outer loop
      vertex 3.70105 -22.059 3.05
      vertex 2.75 -22.75 3.05
      vertex 3.68819 -22.0961 3.05
    endloop
  endfacet
  facet normal 0 0 1
    outer loop
      vertex 2.75 -17.25 3.05
      vertex 3.65814 -17.8313 3.05
      vertex 3.64101 -17.796 3.05
    endloop
  endfacet
  facet normal 0 0 1
    outer loop
      vertex 3.68819 -22.0961 3.05
      vertex 2.75 -22.75 3.05
      vertex 3.67387 -22.1327 3.05
    endloop
  endfacet
  facet normal 0 0 1
    outer loop
      vertex 2.75 -17.25 3.05
      vertex 3.64101 -17.796 3.05
      vertex 3.62248 -17.7614 3.05
    endloop
  endfacet
  facet normal 0 0 1
    outer loop
      vertex 3.67387 -22.1327 3.05
      vertex 2.75 -22.75 3.05
      vertex 3.65814 -22.1687 3.05
    endloop
  endfacet
  facet normal 0 0 1
    outer loop
      vertex 2.75 -17.25 3.05
      vertex 3.62248 -17.7614 3.05
      vertex 3.60263 -17.7275 3.05
    endloop
  endfacet
  facet normal 0 0 1
    outer loop
      vertex 3.65814 -22.1687 3.05
      vertex 2.75 -22.75 3.05
      vertex 3.64101 -22.204 3.05
    endloop
  endfacet
  facet normal 0 0 1
    outer loop
      vertex 2.75 -17.25 3.05
      vertex 3.60263 -17.7275 3.05
      vertex 3.58147 -17.6944 3.05
    endloop
  endfacet
  facet normal 0 0 1
    outer loop
      vertex 3.64101 -22.204 3.05
      vertex 2.75 -22.75 3.05
      vertex 3.62248 -22.2386 3.05
    endloop
  endfacet
  facet normal 0 0 1
    outer loop
      vertex 2.75 -17.25 3.05
      vertex 3.58147 -17.6944 3.05
      vertex 3.55901 -17.6622 3.05
    endloop
  endfacet
  facet normal 0 0 1
    outer loop
      vertex 3.62248 -22.2386 3.05
      vertex 2.75 -22.75 3.05
      vertex 3.60263 -22.2725 3.05
    endloop
  endfacet
  facet normal 0 0 1
    outer loop
      vertex 2.75 -17.25 3.05
      vertex 3.55901 -17.6622 3.05
      vertex 3.53531 -17.6309 3.05
    endloop
  endfacet
  facet normal 0 0 1
    outer loop
      vertex 3.60263 -22.2725 3.05
      vertex 2.75 -22.75 3.05
      vertex 3.58147 -22.3056 3.05
    endloop
  endfacet
  facet normal 0 0 1
    outer loop
      vertex 2.75 -17.25 3.05
      vertex 3.53531 -17.6309 3.05
      vertex 3.51039 -17.6006 3.05
    endloop
  endfacet
  facet normal 0 0 1
    outer loop
      vertex 3.58147 -22.3056 3.05
      vertex 2.75 -22.75 3.05
      vertex 3.55901 -22.3378 3.05
    endloop
  endfacet
  facet normal 0 0 1
    outer loop
      vertex 2.75 -17.25 3.05
      vertex 3.51039 -17.6006 3.05
      vertex 3.48431 -17.5712 3.05
    endloop
  endfacet
  facet normal 0 0 1
    outer loop
      vertex 3.55901 -22.3378 3.05
      vertex 2.75 -22.75 3.05
      vertex 3.53531 -22.3691 3.05
    endloop
  endfacet
  facet normal 0 0 1
    outer loop
      vertex 2.75 -17.25 3.05
      vertex 3.48431 -17.5712 3.05
      vertex 3.45709 -17.5429 3.05
    endloop
  endfacet
  facet normal 0 0 1
    outer loop
      vertex 3.53531 -22.3691 3.05
      vertex 2.75 -22.75 3.05
      vertex 3.51039 -22.3994 3.05
    endloop
  endfacet
  facet normal 0 0 1
    outer loop
      vertex 2.75 -17.25 3.05
      vertex 3.45709 -17.5429 3.05
      vertex 3.42879 -17.5157 3.05
    endloop
  endfacet
  facet normal 0 0 1
    outer loop
      vertex 3.51039 -22.3994 3.05
      vertex 2.75 -22.75 3.05
      vertex 3.48431 -22.4288 3.05
    endloop
  endfacet
  facet normal 0 0 1
    outer loop
      vertex 2.75 -17.25 3.05
      vertex 3.42879 -17.5157 3.05
      vertex 3.39944 -17.4896 3.05
    endloop
  endfacet
  facet normal 0 0 1
    outer loop
      vertex 3.48431 -22.4288 3.05
      vertex 2.75 -22.75 3.05
      vertex 3.45709 -22.4571 3.05
    endloop
  endfacet
  facet normal 0 0 1
    outer loop
      vertex 2.75 -17.25 3.05
      vertex 3.39944 -17.4896 3.05
      vertex 3.36908 -17.4647 3.05
    endloop
  endfacet
  facet normal 0 0 1
    outer loop
      vertex 3.45709 -22.4571 3.05
      vertex 2.75 -22.75 3.05
      vertex 3.42879 -22.4843 3.05
    endloop
  endfacet
  facet normal 0 0 1
    outer loop
      vertex 2.75 -17.25 3.05
      vertex 3.36908 -17.4647 3.05
      vertex 3.33778 -17.441 3.05
    endloop
  endfacet
  facet normal 0 0 1
    outer loop
      vertex 3.42879 -22.4843 3.05
      vertex 2.75 -22.75 3.05
      vertex 3.39944 -22.5104 3.05
    endloop
  endfacet
  facet normal 0 0 1
    outer loop
      vertex 2.75 -17.25 3.05
      vertex 3.33778 -17.441 3.05
      vertex 3.30556 -17.4185 3.05
    endloop
  endfacet
  facet normal 0 0 1
    outer loop
      vertex 3.39944 -22.5104 3.05
      vertex 2.75 -22.75 3.05
      vertex 3.36908 -22.5353 3.05
    endloop
  endfacet
  facet normal 0 0 1
    outer loop
      vertex 2.75 -17.25 3.05
      vertex 3.30556 -17.4185 3.05
      vertex 3.27249 -17.3974 3.05
    endloop
  endfacet
  facet normal 0 0 1
    outer loop
      vertex 3.36908 -22.5353 3.05
      vertex 2.75 -22.75 3.05
      vertex 3.33778 -22.559 3.05
    endloop
  endfacet
  facet normal 0 0 1
    outer loop
      vertex 2.75 -17.25 3.05
      vertex 3.27249 -17.3974 3.05
      vertex 3.23862 -17.3775 3.05
    endloop
  endfacet
  facet normal 0 0 1
    outer loop
      vertex 3.33778 -22.559 3.05
      vertex 2.75 -22.75 3.05
      vertex 3.30556 -22.5815 3.05
    endloop
  endfacet
  facet normal 0 0 1
    outer loop
      vertex 2.75 -17.25 3.05
      vertex 3.23862 -17.3775 3.05
      vertex 3.20398 -17.359 3.05
    endloop
  endfacet
  facet normal 0 0 1
    outer loop
      vertex 3.30556 -22.5815 3.05
      vertex 2.75 -22.75 3.05
      vertex 3.27249 -22.6026 3.05
    endloop
  endfacet
  facet normal 0 0 1
    outer loop
      vertex 2.75 -17.25 3.05
      vertex 3.20398 -17.359 3.05
      vertex 3.16866 -17.3419 3.05
    endloop
  endfacet
  facet normal 0 0 1
    outer loop
      vertex 3.27249 -22.6026 3.05
      vertex 2.75 -22.75 3.05
      vertex 3.23862 -22.6225 3.05
    endloop
  endfacet
  facet normal 0 0 1
    outer loop
      vertex 2.75 -17.25 3.05
      vertex 3.16866 -17.3419 3.05
      vertex 3.13268 -17.3261 3.05
    endloop
  endfacet
  facet normal 0 0 1
    outer loop
      vertex 3.23862 -22.6225 3.05
      vertex 2.75 -22.75 3.05
      vertex 3.20398 -22.641 3.05
    endloop
  endfacet
  facet normal 0 0 1
    outer loop
      vertex 2.75 -17.25 3.05
      vertex 3.13268 -17.3261 3.05
      vertex 3.09612 -17.3118 3.05
    endloop
  endfacet
  facet normal 0 0 1
    outer loop
      vertex 3.20398 -22.641 3.05
      vertex 2.75 -22.75 3.05
      vertex 3.16866 -22.6581 3.05
    endloop
  endfacet
  facet normal 0 0 1
    outer loop
      vertex 2.75 -17.25 3.05
      vertex 3.09612 -17.3118 3.05
      vertex 3.05901 -17.299 3.05
    endloop
  endfacet
  facet normal 0 0 1
    outer loop
      vertex 3.16866 -22.6581 3.05
      vertex 2.75 -22.75 3.05
      vertex 3.13268 -22.6739 3.05
    endloop
  endfacet
  facet normal 0 0 1
    outer loop
      vertex 2.75 -17.25 3.05
      vertex 3.05901 -17.299 3.05
      vertex 3.02144 -17.2876 3.05
    endloop
  endfacet
  facet normal 0 0 1
    outer loop
      vertex 3.13268 -22.6739 3.05
      vertex 2.75 -22.75 3.05
      vertex 3.09612 -22.6882 3.05
    endloop
  endfacet
  facet normal 0 0 1
    outer loop
      vertex 2.75 -17.25 3.05
      vertex 3.02144 -17.2876 3.05
      vertex 2.98344 -17.2776 3.05
    endloop
  endfacet
  facet normal 0 0 1
    outer loop
      vertex 3.09612 -22.6882 3.05
      vertex 2.75 -22.75 3.05
      vertex 3.05901 -22.701 3.05
    endloop
  endfacet
  facet normal 0 0 1
    outer loop
      vertex 2.75 -17.25 3.05
      vertex 2.98344 -17.2776 3.05
      vertex 2.94508 -17.2692 3.05
    endloop
  endfacet
  facet normal 0 0 1
    outer loop
      vertex 3.05901 -22.701 3.05
      vertex 2.75 -22.75 3.05
      vertex 3.02144 -22.7124 3.05
    endloop
  endfacet
  facet normal 0 0 1
    outer loop
      vertex 2.75 -17.25 3.05
      vertex 2.94508 -17.2692 3.05
      vertex 2.90643 -17.2623 3.05
    endloop
  endfacet
  facet normal 0 0 1
    outer loop
      vertex 3.02144 -22.7124 3.05
      vertex 2.75 -22.75 3.05
      vertex 2.98344 -22.7224 3.05
    endloop
  endfacet
  facet normal 0 0 1
    outer loop
      vertex 2.75 -17.25 3.05
      vertex 2.90643 -17.2623 3.05
      vertex 2.86752 -17.2569 3.05
    endloop
  endfacet
  facet normal 0 0 1
    outer loop
      vertex 2.98344 -22.7224 3.05
      vertex 2.75 -22.75 3.05
      vertex 2.94508 -22.7308 3.05
    endloop
  endfacet
  facet normal 0 0 1
    outer loop
      vertex 2.75 -17.25 3.05
      vertex 2.86752 -17.2569 3.05
      vertex 2.82845 -17.2531 3.05
    endloop
  endfacet
  facet normal 0 0 1
    outer loop
      vertex 2.94508 -22.7308 3.05
      vertex 2.75 -22.75 3.05
      vertex 2.90643 -22.7377 3.05
    endloop
  endfacet
  facet normal 0 0 1
    outer loop
      vertex 2.75 -17.25 3.05
      vertex 2.82845 -17.2531 3.05
      vertex 2.78925 -17.2508 3.05
    endloop
  endfacet
  facet normal 0 0 1
    outer loop
      vertex 2.90643 -22.7377 3.05
      vertex 2.75 -22.75 3.05
      vertex 2.86752 -22.7431 3.05
    endloop
  endfacet
  facet normal 0 0 1
    outer loop
      vertex 2.86752 -22.7431 3.05
      vertex 2.75 -22.75 3.05
      vertex 2.82845 -22.7469 3.05
    endloop
  endfacet
  facet normal 0 0 1
    outer loop
      vertex 2.82845 -22.7469 3.05
      vertex 2.75 -22.75 3.05
      vertex 2.78925 -22.7492 3.05
    endloop
  endfacet
  facet normal -0 0 1
    outer loop
      vertex -2.75 -17.25 3.05
      vertex 2.75 -22.75 3.05
      vertex 2.75 -17.25 3.05
    endloop
  endfacet
  facet normal 0 0 1
    outer loop
      vertex -2.75 -17.25 3.05
      vertex -2.75 -22.75 3.05
      vertex 2.75 -22.75 3.05
    endloop
  endfacet
  facet normal 0 0 1
    outer loop
      vertex -3.75 -18.25 3.05
      vertex -2.75 -17.25 3.05
      vertex -2.78925 -17.2508 3.05
    endloop
  endfacet
  facet normal 0 0 1
    outer loop
      vertex -2.75 -17.25 3.05
      vertex -3.75 -19 3.05
      vertex -2.75 -22.75 3.05
    endloop
  endfacet
  facet normal 0 0 1
    outer loop
      vertex -3.75 -18.25 3.05
      vertex -2.78925 -17.2508 3.05
      vertex -2.82845 -17.2531 3.05
    endloop
  endfacet
  facet normal -0 0 1
    outer loop
      vertex -3.75 -21 3.05
      vertex -2.75 -22.75 3.05
      vertex -3.75 -19 3.05
    endloop
  endfacet
  facet normal 0 0 1
    outer loop
      vertex -3.75 -18.25 3.05
      vertex -2.82845 -17.2531 3.05
      vertex -2.86752 -17.2569 3.05
    endloop
  endfacet
  facet normal -0 0 1
    outer loop
      vertex -3.75 -21.75 3.05
      vertex -2.75 -22.75 3.05
      vertex -3.75 -21 3.05
    endloop
  endfacet
  facet normal 0 0 1
    outer loop
      vertex -3.75 -18.25 3.05
      vertex -2.86752 -17.2569 3.05
      vertex -2.90643 -17.2623 3.05
    endloop
  endfacet
  facet normal 0 0 1
    outer loop
      vertex -2.75 -22.75 3.05
      vertex -3.75 -21.75 3.05
      vertex -2.78925 -22.7492 3.05
    endloop
  endfacet
  facet normal 0 0 1
    outer loop
      vertex -3.75 -18.25 3.05
      vertex -2.90643 -17.2623 3.05
      vertex -2.94508 -17.2692 3.05
    endloop
  endfacet
  facet normal 0 0 1
    outer loop
      vertex -2.78925 -22.7492 3.05
      vertex -3.75 -21.75 3.05
      vertex -2.82845 -22.7469 3.05
    endloop
  endfacet
  facet normal 0 0 1
    outer loop
      vertex -3.75 -18.25 3.05
      vertex -2.94508 -17.2692 3.05
      vertex -2.98344 -17.2776 3.05
    endloop
  endfacet
  facet normal 0 0 1
    outer loop
      vertex -2.82845 -22.7469 3.05
      vertex -3.75 -21.75 3.05
      vertex -2.86752 -22.7431 3.05
    endloop
  endfacet
  facet normal 0 0 1
    outer loop
      vertex -3.75 -18.25 3.05
      vertex -2.98344 -17.2776 3.05
      vertex -3.02144 -17.2876 3.05
    endloop
  endfacet
  facet normal 0 0 1
    outer loop
      vertex -2.86752 -22.7431 3.05
      vertex -3.75 -21.75 3.05
      vertex -2.90643 -22.7377 3.05
    endloop
  endfacet
  facet normal 0 0 1
    outer loop
      vertex -3.75 -18.25 3.05
      vertex -3.02144 -17.2876 3.05
      vertex -3.05901 -17.299 3.05
    endloop
  endfacet
  facet normal 0 0 1
    outer loop
      vertex -2.90643 -22.7377 3.05
      vertex -3.75 -21.75 3.05
      vertex -2.94508 -22.7308 3.05
    endloop
  endfacet
  facet normal 0 0 1
    outer loop
      vertex -3.75 -18.25 3.05
      vertex -3.05901 -17.299 3.05
      vertex -3.09612 -17.3118 3.05
    endloop
  endfacet
  facet normal 0 0 1
    outer loop
      vertex -2.94508 -22.7308 3.05
      vertex -3.75 -21.75 3.05
      vertex -2.98344 -22.7224 3.05
    endloop
  endfacet
  facet normal 0 0 1
    outer loop
      vertex -3.75 -18.25 3.05
      vertex -3.09612 -17.3118 3.05
      vertex -3.13268 -17.3261 3.05
    endloop
  endfacet
  facet normal 0 0 1
    outer loop
      vertex -2.98344 -22.7224 3.05
      vertex -3.75 -21.75 3.05
      vertex -3.02144 -22.7124 3.05
    endloop
  endfacet
  facet normal 0 0 1
    outer loop
      vertex -3.75 -18.25 3.05
      vertex -3.13268 -17.3261 3.05
      vertex -3.16866 -17.3419 3.05
    endloop
  endfacet
  facet normal 0 0 1
    outer loop
      vertex -3.02144 -22.7124 3.05
      vertex -3.75 -21.75 3.05
      vertex -3.05901 -22.701 3.05
    endloop
  endfacet
  facet normal 0 0 1
    outer loop
      vertex -3.75 -18.25 3.05
      vertex -3.16866 -17.3419 3.05
      vertex -3.20398 -17.359 3.05
    endloop
  endfacet
  facet normal 0 0 1
    outer loop
      vertex -3.05901 -22.701 3.05
      vertex -3.75 -21.75 3.05
      vertex -3.09612 -22.6882 3.05
    endloop
  endfacet
  facet normal 0 0 1
    outer loop
      vertex -3.75 -18.25 3.05
      vertex -3.20398 -17.359 3.05
      vertex -3.23862 -17.3775 3.05
    endloop
  endfacet
  facet normal 0 0 1
    outer loop
      vertex -3.09612 -22.6882 3.05
      vertex -3.75 -21.75 3.05
      vertex -3.13268 -22.6739 3.05
    endloop
  endfacet
  facet normal 0 0 1
    outer loop
      vertex -3.75 -18.25 3.05
      vertex -3.23862 -17.3775 3.05
      vertex -3.27249 -17.3974 3.05
    endloop
  endfacet
  facet normal 0 0 1
    outer loop
      vertex -3.13268 -22.6739 3.05
      vertex -3.75 -21.75 3.05
      vertex -3.16866 -22.6581 3.05
    endloop
  endfacet
  facet normal 0 0 1
    outer loop
      vertex -3.75 -18.25 3.05
      vertex -3.27249 -17.3974 3.05
      vertex -3.30556 -17.4185 3.05
    endloop
  endfacet
  facet normal 0 0 1
    outer loop
      vertex -3.16866 -22.6581 3.05
      vertex -3.75 -21.75 3.05
      vertex -3.20398 -22.641 3.05
    endloop
  endfacet
  facet normal 0 0 1
    outer loop
      vertex -3.75 -18.25 3.05
      vertex -3.30556 -17.4185 3.05
      vertex -3.33778 -17.441 3.05
    endloop
  endfacet
  facet normal 0 0 1
    outer loop
      vertex -3.20398 -22.641 3.05
      vertex -3.75 -21.75 3.05
      vertex -3.23862 -22.6225 3.05
    endloop
  endfacet
  facet normal 0 0 1
    outer loop
      vertex -3.75 -18.25 3.05
      vertex -3.33778 -17.441 3.05
      vertex -3.36908 -17.4647 3.05
    endloop
  endfacet
  facet normal 0 0 1
    outer loop
      vertex -3.23862 -22.6225 3.05
      vertex -3.75 -21.75 3.05
      vertex -3.27249 -22.6026 3.05
    endloop
  endfacet
  facet normal 0 0 1
    outer loop
      vertex -3.75 -18.25 3.05
      vertex -3.36908 -17.4647 3.05
      vertex -3.39944 -17.4896 3.05
    endloop
  endfacet
  facet normal 0 0 1
    outer loop
      vertex -3.27249 -22.6026 3.05
      vertex -3.75 -21.75 3.05
      vertex -3.30556 -22.5815 3.05
    endloop
  endfacet
  facet normal 0 0 1
    outer loop
      vertex -3.75 -18.25 3.05
      vertex -3.39944 -17.4896 3.05
      vertex -3.42879 -17.5157 3.05
    endloop
  endfacet
  facet normal 0 0 1
    outer loop
      vertex -3.30556 -22.5815 3.05
      vertex -3.75 -21.75 3.05
      vertex -3.33778 -22.559 3.05
    endloop
  endfacet
  facet normal 0 0 1
    outer loop
      vertex -3.75 -18.25 3.05
      vertex -3.42879 -17.5157 3.05
      vertex -3.45709 -17.5429 3.05
    endloop
  endfacet
  facet normal 0 0 1
    outer loop
      vertex -3.33778 -22.559 3.05
      vertex -3.75 -21.75 3.05
      vertex -3.36908 -22.5353 3.05
    endloop
  endfacet
  facet normal 0 0 1
    outer loop
      vertex -3.75 -18.25 3.05
      vertex -3.45709 -17.5429 3.05
      vertex -3.48431 -17.5712 3.05
    endloop
  endfacet
  facet normal 0 0 1
    outer loop
      vertex -3.36908 -22.5353 3.05
      vertex -3.75 -21.75 3.05
      vertex -3.39944 -22.5104 3.05
    endloop
  endfacet
  facet normal 0 0 1
    outer loop
      vertex -3.75 -18.25 3.05
      vertex -3.48431 -17.5712 3.05
      vertex -3.51039 -17.6006 3.05
    endloop
  endfacet
  facet normal 0 0 1
    outer loop
      vertex -3.39944 -22.5104 3.05
      vertex -3.75 -21.75 3.05
      vertex -3.42879 -22.4843 3.05
    endloop
  endfacet
  facet normal 0 0 1
    outer loop
      vertex -3.75 -18.25 3.05
      vertex -3.51039 -17.6006 3.05
      vertex -3.53531 -17.6309 3.05
    endloop
  endfacet
  facet normal 0 0 1
    outer loop
      vertex -3.42879 -22.4843 3.05
      vertex -3.75 -21.75 3.05
      vertex -3.45709 -22.4571 3.05
    endloop
  endfacet
  facet normal 0 0 1
    outer loop
      vertex -3.75 -18.25 3.05
      vertex -3.53531 -17.6309 3.05
      vertex -3.55901 -17.6622 3.05
    endloop
  endfacet
  facet normal 0 0 1
    outer loop
      vertex -3.45709 -22.4571 3.05
      vertex -3.75 -21.75 3.05
      vertex -3.48431 -22.4288 3.05
    endloop
  endfacet
  facet normal 0 0 1
    outer loop
      vertex -3.75 -18.25 3.05
      vertex -3.55901 -17.6622 3.05
      vertex -3.58147 -17.6944 3.05
    endloop
  endfacet
  facet normal 0 0 1
    outer loop
      vertex -3.48431 -22.4288 3.05
      vertex -3.75 -21.75 3.05
      vertex -3.51039 -22.3994 3.05
    endloop
  endfacet
  facet normal 0 0 1
    outer loop
      vertex -3.75 -18.25 3.05
      vertex -3.58147 -17.6944 3.05
      vertex -3.60263 -17.7275 3.05
    endloop
  endfacet
  facet normal 0 0 1
    outer loop
      vertex -3.51039 -22.3994 3.05
      vertex -3.75 -21.75 3.05
      vertex -3.53531 -22.3691 3.05
    endloop
  endfacet
  facet normal 0 0 1
    outer loop
      vertex -3.75 -18.25 3.05
      vertex -3.60263 -17.7275 3.05
      vertex -3.62248 -17.7614 3.05
    endloop
  endfacet
  facet normal 0 0 1
    outer loop
      vertex -3.53531 -22.3691 3.05
      vertex -3.75 -21.75 3.05
      vertex -3.55901 -22.3378 3.05
    endloop
  endfacet
  facet normal 0 0 1
    outer loop
      vertex -3.75 -18.25 3.05
      vertex -3.62248 -17.7614 3.05
      vertex -3.64101 -17.796 3.05
    endloop
  endfacet
  facet normal 0 0 1
    outer loop
      vertex -3.55901 -22.3378 3.05
      vertex -3.75 -21.75 3.05
      vertex -3.58147 -22.3056 3.05
    endloop
  endfacet
  facet normal 0 0 1
    outer loop
      vertex -3.75 -18.25 3.05
      vertex -3.64101 -17.796 3.05
      vertex -3.65814 -17.8313 3.05
    endloop
  endfacet
  facet normal 0 0 1
    outer loop
      vertex -3.58147 -22.3056 3.05
      vertex -3.75 -21.75 3.05
      vertex -3.60263 -22.2725 3.05
    endloop
  endfacet
  facet normal 0 0 1
    outer loop
      vertex -3.75 -18.25 3.05
      vertex -3.65814 -17.8313 3.05
      vertex -3.67387 -17.8673 3.05
    endloop
  endfacet
  facet normal 0 0 1
    outer loop
      vertex -3.60263 -22.2725 3.05
      vertex -3.75 -21.75 3.05
      vertex -3.62248 -22.2386 3.05
    endloop
  endfacet
  facet normal 0 0 1
    outer loop
      vertex -3.75 -18.25 3.05
      vertex -3.67387 -17.8673 3.05
      vertex -3.68819 -17.9039 3.05
    endloop
  endfacet
  facet normal 0 0 1
    outer loop
      vertex -3.62248 -22.2386 3.05
      vertex -3.75 -21.75 3.05
      vertex -3.64101 -22.204 3.05
    endloop
  endfacet
  facet normal 0 0 1
    outer loop
      vertex -3.75 -18.25 3.05
      vertex -3.68819 -17.9039 3.05
      vertex -3.70105 -17.941 3.05
    endloop
  endfacet
  facet normal 0 0 1
    outer loop
      vertex -3.64101 -22.204 3.05
      vertex -3.75 -21.75 3.05
      vertex -3.65814 -22.1687 3.05
    endloop
  endfacet
  facet normal 0 0 1
    outer loop
      vertex -3.75 -18.25 3.05
      vertex -3.70105 -17.941 3.05
      vertex -3.71245 -17.9786 3.05
    endloop
  endfacet
  facet normal 0 0 1
    outer loop
      vertex -3.65814 -22.1687 3.05
      vertex -3.75 -21.75 3.05
      vertex -3.67387 -22.1327 3.05
    endloop
  endfacet
  facet normal 0 0 1
    outer loop
      vertex -3.75 -18.25 3.05
      vertex -3.71245 -17.9786 3.05
      vertex -3.72237 -18.0166 3.05
    endloop
  endfacet
  facet normal 0 0 1
    outer loop
      vertex -3.67387 -22.1327 3.05
      vertex -3.75 -21.75 3.05
      vertex -3.68819 -22.0961 3.05
    endloop
  endfacet
  facet normal 0 0 1
    outer loop
      vertex -3.75 -18.25 3.05
      vertex -3.72237 -18.0166 3.05
      vertex -3.73077 -18.0549 3.05
    endloop
  endfacet
  facet normal 0 0 1
    outer loop
      vertex -3.68819 -22.0961 3.05
      vertex -3.75 -21.75 3.05
      vertex -3.70105 -22.059 3.05
    endloop
  endfacet
  facet normal 0 0 1
    outer loop
      vertex -3.75 -18.25 3.05
      vertex -3.73077 -18.0549 3.05
      vertex -3.73769 -18.0936 3.05
    endloop
  endfacet
  facet normal 0 0 1
    outer loop
      vertex -3.70105 -22.059 3.05
      vertex -3.75 -21.75 3.05
      vertex -3.71245 -22.0214 3.05
    endloop
  endfacet
  facet normal 0 0 1
    outer loop
      vertex -3.75 -18.25 3.05
      vertex -3.73769 -18.0936 3.05
      vertex -3.74306 -18.1325 3.05
    endloop
  endfacet
  facet normal 0 0 1
    outer loop
      vertex -3.71245 -22.0214 3.05
      vertex -3.75 -21.75 3.05
      vertex -3.72237 -21.9834 3.05
    endloop
  endfacet
  facet normal 0 0 1
    outer loop
      vertex -3.75 -18.25 3.05
      vertex -3.74306 -18.1325 3.05
      vertex -3.7469 -18.1716 3.05
    endloop
  endfacet
  facet normal 0 0 1
    outer loop
      vertex -3.72237 -21.9834 3.05
      vertex -3.75 -21.75 3.05
      vertex -3.73077 -21.9451 3.05
    endloop
  endfacet
  facet normal 0 0 1
    outer loop
      vertex -3.75 -18.25 3.05
      vertex -3.7469 -18.1716 3.05
      vertex -3.74922 -18.2108 3.05
    endloop
  endfacet
  facet normal 0 0 1
    outer loop
      vertex -3.73077 -21.9451 3.05
      vertex -3.75 -21.75 3.05
      vertex -3.73769 -21.9064 3.05
    endloop
  endfacet
  facet normal 0 0 1
    outer loop
      vertex -2.75 -17.25 3.05
      vertex -3.75 -18.25 3.05
      vertex -3.75 -19 3.05
    endloop
  endfacet
  facet normal 0 0 1
    outer loop
      vertex -3.73769 -21.9064 3.05
      vertex -3.75 -21.75 3.05
      vertex -3.74306 -21.8675 3.05
    endloop
  endfacet
  facet normal 0 0 1
    outer loop
      vertex -3.74306 -21.8675 3.05
      vertex -3.75 -21.75 3.05
      vertex -3.7469 -21.8284 3.05
    endloop
  endfacet
  facet normal 0 0 1
    outer loop
      vertex -3.7469 -21.8284 3.05
      vertex -3.75 -21.75 3.05
      vertex -3.74922 -21.7892 3.05
    endloop
  endfacet
  facet normal -0 0 1
    outer loop
      vertex 3.75 -19 3.05
      vertex 4.5 -21 3.05
      vertex 4.5 -19 3.05
    endloop
  endfacet
  facet normal 0 0 1
    outer loop
      vertex 4.5 -21 3.05
      vertex 3.75 -19 3.05
      vertex 3.75 -21 3.05
    endloop
  endfacet
  facet normal -0 0 1
    outer loop
      vertex 4.49884 -22.0589 3.05
      vertex 7.84903 -24.1568 3.05
      vertex 4.5 -22 3.05
    endloop
  endfacet
  facet normal 0 0 1
    outer loop
      vertex 7.84903 -24.1568 3.05
      vertex 4.49884 -22.0589 3.05
      vertex 6.89459 -24.4464 3.05
    endloop
  endfacet
  facet normal -0 0 1
    outer loop
      vertex 4.49536 -22.1177 3.05
      vertex 6.89459 -24.4464 3.05
      vertex 4.49884 -22.0589 3.05
    endloop
  endfacet
  facet normal -0 0 1
    outer loop
      vertex 4.48959 -22.1763 3.05
      vertex 6.89459 -24.4464 3.05
      vertex 4.49536 -22.1177 3.05
    endloop
  endfacet
  facet normal -0 0 1
    outer loop
      vertex 4.48152 -22.2346 3.05
      vertex 6.89459 -24.4464 3.05
      vertex 4.48959 -22.1763 3.05
    endloop
  endfacet
  facet normal -0 0 1
    outer loop
      vertex 4.47118 -22.2926 3.05
      vertex 6.89459 -24.4464 3.05
      vertex 4.48152 -22.2346 3.05
    endloop
  endfacet
  facet normal -0 0 1
    outer loop
      vertex 4.45854 -22.3502 3.05
      vertex 6.89459 -24.4464 3.05
      vertex 4.47118 -22.2926 3.05
    endloop
  endfacet
  facet normal -0 0 1
    outer loop
      vertex 4.44368 -22.4072 3.05
      vertex 6.89459 -24.4464 3.05
      vertex 4.45854 -22.3502 3.05
    endloop
  endfacet
  facet normal -0 0 1
    outer loop
      vertex 4.42657 -22.4635 3.05
      vertex 6.89459 -24.4464 3.05
      vertex 4.44368 -22.4072 3.05
    endloop
  endfacet
  facet normal 0 0 1
    outer loop
      vertex 6.89459 -24.4464 3.05
      vertex 4.42657 -22.4635 3.05
      vertex 5.92951 -24.6982 3.05
    endloop
  endfacet
  facet normal -0 0 1
    outer loop
      vertex 4.40727 -22.5192 3.05
      vertex 5.92951 -24.6982 3.05
      vertex 4.42657 -22.4635 3.05
    endloop
  endfacet
  facet normal -0 0 1
    outer loop
      vertex 4.38582 -22.574 3.05
      vertex 5.92951 -24.6982 3.05
      vertex 4.40727 -22.5192 3.05
    endloop
  endfacet
  facet normal -0 0 1
    outer loop
      vertex 4.36221 -22.628 3.05
      vertex 5.92951 -24.6982 3.05
      vertex 4.38582 -22.574 3.05
    endloop
  endfacet
  facet normal -0 0 1
    outer loop
      vertex 4.3365 -22.681 3.05
      vertex 5.92951 -24.6982 3.05
      vertex 4.36221 -22.628 3.05
    endloop
  endfacet
  facet normal -0 0 1
    outer loop
      vertex 4.30873 -22.7329 3.05
      vertex 5.92951 -24.6982 3.05
      vertex 4.3365 -22.681 3.05
    endloop
  endfacet
  facet normal -0 0 1
    outer loop
      vertex 4.27895 -22.7837 3.05
      vertex 5.92951 -24.6982 3.05
      vertex 4.30873 -22.7329 3.05
    endloop
  endfacet
  facet normal -0 0 1
    outer loop
      vertex 4.24719 -22.8333 3.05
      vertex 5.92951 -24.6982 3.05
      vertex 4.27895 -22.7837 3.05
    endloop
  endfacet
  facet normal -0 0 1
    outer loop
      vertex 4.21352 -22.8817 3.05
      vertex 5.92951 -24.6982 3.05
      vertex 4.24719 -22.8333 3.05
    endloop
  endfacet
  facet normal 0 0 1
    outer loop
      vertex 5.92951 -24.6982 3.05
      vertex 4.21352 -22.8817 3.05
      vertex 4.95529 -24.9119 3.05
    endloop
  endfacet
  facet normal -0 0 1
    outer loop
      vertex 4.17796 -22.9286 3.05
      vertex 4.95529 -24.9119 3.05
      vertex 4.21352 -22.8817 3.05
    endloop
  endfacet
  facet normal -0 0 1
    outer loop
      vertex 4.14059 -22.9742 3.05
      vertex 4.95529 -24.9119 3.05
      vertex 4.17796 -22.9286 3.05
    endloop
  endfacet
  facet normal -0 0 1
    outer loop
      vertex 4.10147 -23.0182 3.05
      vertex 4.95529 -24.9119 3.05
      vertex 4.14059 -22.9742 3.05
    endloop
  endfacet
  facet normal -0 0 1
    outer loop
      vertex 4.06065 -23.0607 3.05
      vertex 4.95529 -24.9119 3.05
      vertex 4.10147 -23.0182 3.05
    endloop
  endfacet
  facet normal -0 0 1
    outer loop
      vertex 4.01819 -23.1015 3.05
      vertex 4.95529 -24.9119 3.05
      vertex 4.06065 -23.0607 3.05
    endloop
  endfacet
  facet normal -0 0 1
    outer loop
      vertex 3.97417 -23.1406 3.05
      vertex 4.95529 -24.9119 3.05
      vertex 4.01819 -23.1015 3.05
    endloop
  endfacet
  facet normal -0 0 1
    outer loop
      vertex 3.92863 -23.178 3.05
      vertex 4.95529 -24.9119 3.05
      vertex 3.97417 -23.1406 3.05
    endloop
  endfacet
  facet normal -0 0 1
    outer loop
      vertex 3.88167 -23.2135 3.05
      vertex 4.95529 -24.9119 3.05
      vertex 3.92863 -23.178 3.05
    endloop
  endfacet
  facet normal -0 0 1
    outer loop
      vertex 3.83334 -23.2472 3.05
      vertex 4.95529 -24.9119 3.05
      vertex 3.88167 -23.2135 3.05
    endloop
  endfacet
  facet normal -0 0 1
    outer loop
      vertex 3.78374 -23.2789 3.05
      vertex 4.95529 -24.9119 3.05
      vertex 3.83334 -23.2472 3.05
    endloop
  endfacet
  facet normal 0 0 1
    outer loop
      vertex 4.95529 -24.9119 3.05
      vertex 3.78374 -23.2789 3.05
      vertex 3.97344 -25.0873 3.05
    endloop
  endfacet
  facet normal -0 0 1
    outer loop
      vertex 3.73293 -23.3087 3.05
      vertex 3.97344 -25.0873 3.05
      vertex 3.78374 -23.2789 3.05
    endloop
  endfacet
  facet normal -0 0 1
    outer loop
      vertex 3.68098 -23.3365 3.05
      vertex 3.97344 -25.0873 3.05
      vertex 3.73293 -23.3087 3.05
    endloop
  endfacet
  facet normal -0 0 1
    outer loop
      vertex 3.62798 -23.3622 3.05
      vertex 3.97344 -25.0873 3.05
      vertex 3.68098 -23.3365 3.05
    endloop
  endfacet
  facet normal -0 0 1
    outer loop
      vertex 3.57402 -23.3858 3.05
      vertex 3.97344 -25.0873 3.05
      vertex 3.62798 -23.3622 3.05
    endloop
  endfacet
  facet normal -0 0 1
    outer loop
      vertex 3.51917 -23.4073 3.05
      vertex 3.97344 -25.0873 3.05
      vertex 3.57402 -23.3858 3.05
    endloop
  endfacet
  facet normal -0 0 1
    outer loop
      vertex 3.46352 -23.4266 3.05
      vertex 3.97344 -25.0873 3.05
      vertex 3.51917 -23.4073 3.05
    endloop
  endfacet
  facet normal -0 0 1
    outer loop
      vertex 3.40715 -23.4437 3.05
      vertex 3.97344 -25.0873 3.05
      vertex 3.46352 -23.4266 3.05
    endloop
  endfacet
  facet normal -0 0 1
    outer loop
      vertex 3.35016 -23.4585 3.05
      vertex 3.97344 -25.0873 3.05
      vertex 3.40715 -23.4437 3.05
    endloop
  endfacet
  facet normal -0 0 1
    outer loop
      vertex 3.29263 -23.4712 3.05
      vertex 3.97344 -25.0873 3.05
      vertex 3.35016 -23.4585 3.05
    endloop
  endfacet
  facet normal -0 0 1
    outer loop
      vertex 3.23465 -23.4815 3.05
      vertex 3.97344 -25.0873 3.05
      vertex 3.29263 -23.4712 3.05
    endloop
  endfacet
  facet normal 0 0 1
    outer loop
      vertex 2.98545 -25.2239 3.05
      vertex 3.23465 -23.4815 3.05
      vertex 3.1763 -23.4896 3.05
    endloop
  endfacet
  facet normal 0 0 1
    outer loop
      vertex 2.98545 -25.2239 3.05
      vertex 3.1763 -23.4896 3.05
      vertex 3.11768 -23.4954 3.05
    endloop
  endfacet
  facet normal 0 0 1
    outer loop
      vertex 2.98545 -25.2239 3.05
      vertex 3.11768 -23.4954 3.05
      vertex 3.05888 -23.4988 3.05
    endloop
  endfacet
  facet normal 0 0 1
    outer loop
      vertex 2.98545 -25.2239 3.05
      vertex 3.05888 -23.4988 3.05
      vertex 3 -23.5 3.05
    endloop
  endfacet
  facet normal 0 0 1
    outer loop
      vertex 3.23465 -23.4815 3.05
      vertex 2.98545 -25.2239 3.05
      vertex 3.97344 -25.0873 3.05
    endloop
  endfacet
  facet normal 0 0 1
    outer loop
      vertex 3 -23.5 3.05
      vertex 1.99286 -25.3217 3.05
      vertex 2.98545 -25.2239 3.05
    endloop
  endfacet
  facet normal 0 0 1
    outer loop
      vertex 3 -23.5 3.05
      vertex 0.997199 -25.3804 3.05
      vertex 1.99286 -25.3217 3.05
    endloop
  endfacet
  facet normal 0 0 1
    outer loop
      vertex 3 -23.5 3.05
      vertex 0 -25.4 3.05
      vertex 0.997199 -25.3804 3.05
    endloop
  endfacet
  facet normal -0 0 1
    outer loop
      vertex -3 -23.5 3.05
      vertex 0 -25.4 3.05
      vertex 3 -23.5 3.05
    endloop
  endfacet
  facet normal 0 0 1
    outer loop
      vertex 0 -25.4 3.05
      vertex -3 -23.5 3.05
      vertex -0.997199 -25.3804 3.05
    endloop
  endfacet
  facet normal 0 0 1
    outer loop
      vertex -0.997199 -25.3804 3.05
      vertex -3 -23.5 3.05
      vertex -1.99286 -25.3217 3.05
    endloop
  endfacet
  facet normal 0 0 1
    outer loop
      vertex -1.99286 -25.3217 3.05
      vertex -3 -23.5 3.05
      vertex -2.98545 -25.2239 3.05
    endloop
  endfacet
  facet normal 0 0 1
    outer loop
      vertex -3.05888 -23.4988 3.05
      vertex -2.98545 -25.2239 3.05
      vertex -3 -23.5 3.05
    endloop
  endfacet
  facet normal 0 0 1
    outer loop
      vertex -3.11768 -23.4954 3.05
      vertex -2.98545 -25.2239 3.05
      vertex -3.05888 -23.4988 3.05
    endloop
  endfacet
  facet normal 0 0 1
    outer loop
      vertex -3.1763 -23.4896 3.05
      vertex -2.98545 -25.2239 3.05
      vertex -3.11768 -23.4954 3.05
    endloop
  endfacet
  facet normal 0 0 1
    outer loop
      vertex -3.23465 -23.4815 3.05
      vertex -2.98545 -25.2239 3.05
      vertex -3.1763 -23.4896 3.05
    endloop
  endfacet
  facet normal 0 0 1
    outer loop
      vertex -3.97344 -25.0873 3.05
      vertex -3.23465 -23.4815 3.05
      vertex -3.29263 -23.4712 3.05
    endloop
  endfacet
  facet normal 0 0 1
    outer loop
      vertex -3.97344 -25.0873 3.05
      vertex -3.29263 -23.4712 3.05
      vertex -3.35016 -23.4585 3.05
    endloop
  endfacet
  facet normal 0 0 1
    outer loop
      vertex -3.97344 -25.0873 3.05
      vertex -3.35016 -23.4585 3.05
      vertex -3.40715 -23.4437 3.05
    endloop
  endfacet
  facet normal 0 0 1
    outer loop
      vertex -3.97344 -25.0873 3.05
      vertex -3.40715 -23.4437 3.05
      vertex -3.46352 -23.4266 3.05
    endloop
  endfacet
  facet normal 0 0 1
    outer loop
      vertex -3.97344 -25.0873 3.05
      vertex -3.46352 -23.4266 3.05
      vertex -3.51917 -23.4073 3.05
    endloop
  endfacet
  facet normal 0 0 1
    outer loop
      vertex -3.97344 -25.0873 3.05
      vertex -3.51917 -23.4073 3.05
      vertex -3.57402 -23.3858 3.05
    endloop
  endfacet
  facet normal 0 0 1
    outer loop
      vertex -3.97344 -25.0873 3.05
      vertex -3.57402 -23.3858 3.05
      vertex -3.62798 -23.3622 3.05
    endloop
  endfacet
  facet normal 0 0 1
    outer loop
      vertex -3.97344 -25.0873 3.05
      vertex -3.62798 -23.3622 3.05
      vertex -3.68098 -23.3365 3.05
    endloop
  endfacet
  facet normal 0 0 1
    outer loop
      vertex -3.97344 -25.0873 3.05
      vertex -3.68098 -23.3365 3.05
      vertex -3.73293 -23.3087 3.05
    endloop
  endfacet
  facet normal 0 0 1
    outer loop
      vertex -3.97344 -25.0873 3.05
      vertex -3.73293 -23.3087 3.05
      vertex -3.78374 -23.2789 3.05
    endloop
  endfacet
  facet normal 0 0 1
    outer loop
      vertex -4.95529 -24.9119 3.05
      vertex -3.78374 -23.2789 3.05
      vertex -3.83334 -23.2472 3.05
    endloop
  endfacet
  facet normal 0 0 1
    outer loop
      vertex -4.95529 -24.9119 3.05
      vertex -3.83334 -23.2472 3.05
      vertex -3.88167 -23.2135 3.05
    endloop
  endfacet
  facet normal 0 0 1
    outer loop
      vertex -4.95529 -24.9119 3.05
      vertex -3.88167 -23.2135 3.05
      vertex -3.92863 -23.178 3.05
    endloop
  endfacet
  facet normal 0 0 1
    outer loop
      vertex -3.23465 -23.4815 3.05
      vertex -3.97344 -25.0873 3.05
      vertex -2.98545 -25.2239 3.05
    endloop
  endfacet
  facet normal 0 0 1
    outer loop
      vertex -4.95529 -24.9119 3.05
      vertex -3.92863 -23.178 3.05
      vertex -3.97417 -23.1406 3.05
    endloop
  endfacet
  facet normal 0 0 1
    outer loop
      vertex -4.95529 -24.9119 3.05
      vertex -3.97417 -23.1406 3.05
      vertex -4.01819 -23.1015 3.05
    endloop
  endfacet
  facet normal 0 0 1
    outer loop
      vertex -4.95529 -24.9119 3.05
      vertex -4.01819 -23.1015 3.05
      vertex -4.06065 -23.0607 3.05
    endloop
  endfacet
  facet normal 0 0 1
    outer loop
      vertex -4.95529 -24.9119 3.05
      vertex -4.06065 -23.0607 3.05
      vertex -4.10147 -23.0182 3.05
    endloop
  endfacet
  facet normal 0 0 1
    outer loop
      vertex -4.95529 -24.9119 3.05
      vertex -4.10147 -23.0182 3.05
      vertex -4.14059 -22.9742 3.05
    endloop
  endfacet
  facet normal 0 0 1
    outer loop
      vertex -4.95529 -24.9119 3.05
      vertex -4.14059 -22.9742 3.05
      vertex -4.17796 -22.9286 3.05
    endloop
  endfacet
  facet normal 0 0 1
    outer loop
      vertex -4.95529 -24.9119 3.05
      vertex -4.17796 -22.9286 3.05
      vertex -4.21352 -22.8817 3.05
    endloop
  endfacet
  facet normal 0 0 1
    outer loop
      vertex -4.95529 -24.9119 3.05
      vertex -4.21352 -22.8817 3.05
      vertex -4.24719 -22.8333 3.05
    endloop
  endfacet
  facet normal 0 0 1
    outer loop
      vertex -4.95529 -24.9119 3.05
      vertex -4.24719 -22.8333 3.05
      vertex -4.27895 -22.7837 3.05
    endloop
  endfacet
  facet normal 0 0 1
    outer loop
      vertex -4.95529 -24.9119 3.05
      vertex -4.27895 -22.7837 3.05
      vertex -4.30873 -22.7329 3.05
    endloop
  endfacet
  facet normal 0 0 1
    outer loop
      vertex -4.95529 -24.9119 3.05
      vertex -4.30873 -22.7329 3.05
      vertex -4.3365 -22.681 3.05
    endloop
  endfacet
  facet normal 0 0 1
    outer loop
      vertex -4.95529 -24.9119 3.05
      vertex -4.3365 -22.681 3.05
      vertex -4.36221 -22.628 3.05
    endloop
  endfacet
  facet normal 0 0 1
    outer loop
      vertex -4.95529 -24.9119 3.05
      vertex -4.36221 -22.628 3.05
      vertex -4.38582 -22.574 3.05
    endloop
  endfacet
  facet normal 0 0 1
    outer loop
      vertex -4.95529 -24.9119 3.05
      vertex -4.38582 -22.574 3.05
      vertex -4.40727 -22.5192 3.05
    endloop
  endfacet
  facet normal 0 0 1
    outer loop
      vertex -4.95529 -24.9119 3.05
      vertex -4.40727 -22.5192 3.05
      vertex -4.42657 -22.4635 3.05
    endloop
  endfacet
  facet normal 0 0 1
    outer loop
      vertex -4.95529 -24.9119 3.05
      vertex -4.42657 -22.4635 3.05
      vertex -4.44368 -22.4072 3.05
    endloop
  endfacet
  facet normal 0 0 1
    outer loop
      vertex -4.95529 -24.9119 3.05
      vertex -4.44368 -22.4072 3.05
      vertex -4.45854 -22.3502 3.05
    endloop
  endfacet
  facet normal 0 0 1
    outer loop
      vertex -4.95529 -24.9119 3.05
      vertex -4.45854 -22.3502 3.05
      vertex -4.47118 -22.2926 3.05
    endloop
  endfacet
  facet normal 0 0 1
    outer loop
      vertex -4.95529 -24.9119 3.05
      vertex -4.47118 -22.2926 3.05
      vertex -4.48152 -22.2346 3.05
    endloop
  endfacet
  facet normal 0 0 1
    outer loop
      vertex -4.5 -21 3.05
      vertex -4.95529 -24.9119 3.05
      vertex -4.5 -22 3.05
    endloop
  endfacet
  facet normal 0 0 1
    outer loop
      vertex -3.78374 -23.2789 3.05
      vertex -4.95529 -24.9119 3.05
      vertex -3.97344 -25.0873 3.05
    endloop
  endfacet
  facet normal 0 0 1
    outer loop
      vertex -4.48959 -22.1763 3.05
      vertex -4.95529 -24.9119 3.05
      vertex -4.48152 -22.2346 3.05
    endloop
  endfacet
  facet normal 0 0 1
    outer loop
      vertex -4.49536 -22.1177 3.05
      vertex -4.95529 -24.9119 3.05
      vertex -4.48959 -22.1763 3.05
    endloop
  endfacet
  facet normal 0 0 1
    outer loop
      vertex -4.49884 -22.0589 3.05
      vertex -4.95529 -24.9119 3.05
      vertex -4.49536 -22.1177 3.05
    endloop
  endfacet
  facet normal 0 0 1
    outer loop
      vertex -4.5 -22 3.05
      vertex -4.95529 -24.9119 3.05
      vertex -4.49884 -22.0589 3.05
    endloop
  endfacet
  facet normal 0 0 1
    outer loop
      vertex 2.9 11.2 3.05
      vertex 2.4 13.2 3.05
      vertex 2.4 11.2 3.05
    endloop
  endfacet
  facet normal 0 0 1
    outer loop
      vertex 25.3804 0.997199 3.05
      vertex 25.3804 -0.997199 3.05
      vertex 25.4 0 3.05
    endloop
  endfacet
  facet normal 0 0 1
    outer loop
      vertex 25.3217 1.99286 3.05
      vertex 25.3804 -0.997199 3.05
      vertex 25.3804 0.997199 3.05
    endloop
  endfacet
  facet normal 0 0 1
    outer loop
      vertex 25.3217 1.99286 3.05
      vertex 25.3217 -1.99286 3.05
      vertex 25.3804 -0.997199 3.05
    endloop
  endfacet
  facet normal 0 0 1
    outer loop
      vertex 25.2239 2.98545 3.05
      vertex 25.3217 -1.99286 3.05
      vertex 25.3217 1.99286 3.05
    endloop
  endfacet
  facet normal 0 0 1
    outer loop
      vertex 25.2239 2.98545 3.05
      vertex 25.2239 -2.98545 3.05
      vertex 25.3217 -1.99286 3.05
    endloop
  endfacet
  facet normal 0 0 1
    outer loop
      vertex 25.0873 3.97344 3.05
      vertex 25.2239 -2.98545 3.05
      vertex 25.2239 2.98545 3.05
    endloop
  endfacet
  facet normal 0 0 1
    outer loop
      vertex 25.0873 3.97344 3.05
      vertex 25.0873 -3.97344 3.05
      vertex 25.2239 -2.98545 3.05
    endloop
  endfacet
  facet normal 0 0 1
    outer loop
      vertex 24.9119 4.95529 3.05
      vertex 25.0873 -3.97344 3.05
      vertex 25.0873 3.97344 3.05
    endloop
  endfacet
  facet normal 0 0 1
    outer loop
      vertex 24.9119 4.95529 3.05
      vertex 24.9119 -4.95529 3.05
      vertex 25.0873 -3.97344 3.05
    endloop
  endfacet
  facet normal 0 0 1
    outer loop
      vertex 24.6982 5.92951 3.05
      vertex 24.9119 -4.95529 3.05
      vertex 24.9119 4.95529 3.05
    endloop
  endfacet
  facet normal 0 0 1
    outer loop
      vertex 24.6982 5.92951 3.05
      vertex 24.6982 -5.92951 3.05
      vertex 24.9119 -4.95529 3.05
    endloop
  endfacet
  facet normal 0 0 1
    outer loop
      vertex 24.4464 6.89459 3.05
      vertex 24.6982 -5.92951 3.05
      vertex 24.6982 5.92951 3.05
    endloop
  endfacet
  facet normal 0 0 1
    outer loop
      vertex 24.4464 6.89459 3.05
      vertex 24.4464 -6.89459 3.05
      vertex 24.6982 -5.92951 3.05
    endloop
  endfacet
  facet normal 0 0 1
    outer loop
      vertex 24.1568 7.84903 3.05
      vertex 24.4464 -6.89459 3.05
      vertex 24.4464 6.89459 3.05
    endloop
  endfacet
  facet normal 0 0 1
    outer loop
      vertex 24.1568 7.84903 3.05
      vertex 24.1568 -7.84903 3.05
      vertex 24.4464 -6.89459 3.05
    endloop
  endfacet
  facet normal 0 0 1
    outer loop
      vertex 23.8301 8.79137 3.05
      vertex 24.1568 -7.84903 3.05
      vertex 24.1568 7.84903 3.05
    endloop
  endfacet
  facet normal 0 0 1
    outer loop
      vertex 23.8301 8.79137 3.05
      vertex 23.8301 -8.79137 3.05
      vertex 24.1568 -7.84903 3.05
    endloop
  endfacet
  facet normal 0 0 1
    outer loop
      vertex 23.4665 9.72016 3.05
      vertex 23.8301 -8.79137 3.05
      vertex 23.8301 8.79137 3.05
    endloop
  endfacet
  facet normal 0 0 1
    outer loop
      vertex 23.4665 9.72016 3.05
      vertex 23.4665 -9.72016 3.05
      vertex 23.8301 -8.79137 3.05
    endloop
  endfacet
  facet normal 0 0 1
    outer loop
      vertex 22.9 10.9779 3.05
      vertex 23.4665 9.72016 3.05
      vertex 23.0668 10.634 3.05
    endloop
  endfacet
  facet normal 0 0 1
    outer loop
      vertex 23.4665 9.72016 3.05
      vertex 22.9 10.9779 3.05
      vertex 23.4665 -9.72016 3.05
    endloop
  endfacet
  facet normal 0 0 1
    outer loop
      vertex 22.9 -10.9779 3.05
      vertex 23.4665 -9.72016 3.05
      vertex 22.9 10.9779 3.05
    endloop
  endfacet
  facet normal 0 0 1
    outer loop
      vertex 23.4665 -9.72016 3.05
      vertex 22.9 -10.9779 3.05
      vertex 23.0668 -10.634 3.05
    endloop
  endfacet
  facet normal 0.881903 0.471431 0
    outer loop
      vertex -22.1614 -12.411 11.5
      vertex -22.6316 -11.5314 3.05
      vertex -22.6316 -11.5314 11.5
    endloop
  endfacet
  facet normal 0.881903 0.471431 0
    outer loop
      vertex -22.6316 -11.5314 3.05
      vertex -22.1614 -12.411 11.5
      vertex -22.1614 -12.411 3.05
    endloop
  endfacet
  facet normal -0.990577 -0.136958 0
    outer loop
      vertex 25.2239 2.98545 3.05
      vertex 25.0873 3.97344 11.5
      vertex 25.0873 3.97344 3.05
    endloop
  endfacet
  facet normal -0.990577 -0.136958 0
    outer loop
      vertex 25.0873 3.97344 11.5
      vertex 25.2239 2.98545 3.05
      vertex 25.2239 2.98545 11.5
    endloop
  endfacet
  facet normal -0.998267 -0.0588536 0
    outer loop
      vertex 25.3804 0.997199 3.05
      vertex 25.3217 1.99286 11.5
      vertex 25.3217 1.99286 3.05
    endloop
  endfacet
  facet normal -0.998267 -0.0588536 0
    outer loop
      vertex 25.3217 1.99286 11.5
      vertex 25.3804 0.997199 3.05
      vertex 25.3804 0.997199 11.5
    endloop
  endfacet
  facet normal -0.984415 -0.175858 0
    outer loop
      vertex 25.0873 3.97344 3.05
      vertex 24.9119 4.95529 11.5
      vertex 24.9119 4.95529 3.05
    endloop
  endfacet
  facet normal -0.984415 -0.175858 0
    outer loop
      vertex 24.9119 4.95529 11.5
      vertex 25.0873 3.97344 3.05
      vertex 25.0873 3.97344 11.5
    endloop
  endfacet
  facet normal -0.916196 -0.40073 0
    outer loop
      vertex 23.4665 9.72016 3.05
      vertex 23.0668 10.634 11.5
      vertex 23.0668 10.634 3.05
    endloop
  endfacet
  facet normal -0.916196 -0.40073 0
    outer loop
      vertex 23.0668 10.634 11.5
      vertex 23.4665 9.72016 3.05
      vertex 23.4665 9.72016 11.5
    endloop
  endfacet
  facet normal -0.967607 -0.252459 0
    outer loop
      vertex 24.6982 5.92951 3.05
      vertex 24.4464 6.89459 11.5
      vertex 24.4464 6.89459 3.05
    endloop
  endfacet
  facet normal -0.967607 -0.252459 0
    outer loop
      vertex 24.4464 6.89459 11.5
      vertex 24.6982 5.92951 3.05
      vertex 24.6982 5.92951 11.5
    endloop
  endfacet
  facet normal -0.881903 -0.471431 0
    outer loop
      vertex 22.6316 11.5314 3.05
      vertex 22.1614 12.411 11.5
      vertex 22.1614 12.411 3.05
    endloop
  endfacet
  facet normal -0.881903 -0.471431 0
    outer loop
      vertex 22.1614 12.411 11.5
      vertex 22.6316 11.5314 3.05
      vertex 22.6316 11.5314 11.5
    endloop
  endfacet
  facet normal -0.862755 -0.505622 0
    outer loop
      vertex 22.1614 12.411 3.05
      vertex 21.6571 13.2715 11.5
      vertex 21.6571 13.2715 3.05
    endloop
  endfacet
  facet normal -0.862755 -0.505622 0
    outer loop
      vertex 21.6571 13.2715 11.5
      vertex 22.1614 12.411 3.05
      vertex 22.1614 12.411 11.5
    endloop
  endfacet
  facet normal -0.773032 -0.634367 0
    outer loop
      vertex 19.947 15.725 3.05
      vertex 19.3143 16.496 11.5
      vertex 19.3143 16.496 3.05
    endloop
  endfacet
  facet normal -0.773032 -0.634367 0
    outer loop
      vertex 19.3143 16.496 11.5
      vertex 19.947 15.725 3.05
      vertex 19.947 15.725 11.5
    endloop
  endfacet
  facet normal -0.747492 -0.66427 0
    outer loop
      vertex 19.3143 16.496 3.05
      vertex 18.6518 17.2415 11.5
      vertex 18.6518 17.2415 3.05
    endloop
  endfacet
  facet normal -0.747492 -0.66427 0
    outer loop
      vertex 18.6518 17.2415 11.5
      vertex 19.3143 16.496 3.05
      vertex 19.3143 16.496 11.5
    endloop
  endfacet
  facet normal -0.82038 -0.571819 0
    outer loop
      vertex 21.1193 14.1115 3.05
      vertex 20.549 14.9297 11.5
      vertex 20.549 14.9297 3.05
    endloop
  endfacet
  facet normal -0.82038 -0.571819 0
    outer loop
      vertex 20.549 14.9297 11.5
      vertex 21.1193 14.1115 3.05
      vertex 21.1193 14.1115 11.5
    endloop
  endfacet
  facet normal -0.720856 -0.693085 0
    outer loop
      vertex 18.6518 17.2415 3.05
      vertex 17.9605 17.9605 11.5
      vertex 17.9605 17.9605 3.05
    endloop
  endfacet
  facet normal -0.720856 -0.693085 0
    outer loop
      vertex 17.9605 17.9605 11.5
      vertex 18.6518 17.2415 3.05
      vertex 18.6518 17.2415 11.5
    endloop
  endfacet
  facet normal -0.66427 -0.747492 0
    outer loop
      vertex 16.496 19.3143 3.05
      vertex 17.2415 18.6518 11.5
      vertex 16.496 19.3143 11.5
    endloop
  endfacet
  facet normal -0.66427 -0.747492 -0
    outer loop
      vertex 17.2415 18.6518 11.5
      vertex 16.496 19.3143 3.05
      vertex 17.2415 18.6518 3.05
    endloop
  endfacet
  facet normal -0.0980553 -0.995181 0
    outer loop
      vertex 1.99286 25.3217 3.05
      vertex 2.98545 25.2239 11.5
      vertex 1.99286 25.3217 11.5
    endloop
  endfacet
  facet normal -0.0980553 -0.995181 -0
    outer loop
      vertex 2.98545 25.2239 11.5
      vertex 1.99286 25.3217 3.05
      vertex 2.98545 25.2239 3.05
    endloop
  endfacet
  facet normal -0.505622 -0.862755 0
    outer loop
      vertex 12.411 22.1614 3.05
      vertex 13.2715 21.6571 11.5
      vertex 12.411 22.1614 11.5
    endloop
  endfacet
  facet normal -0.505622 -0.862755 -0
    outer loop
      vertex 13.2715 21.6571 11.5
      vertex 12.411 22.1614 3.05
      vertex 13.2715 21.6571 3.05
    endloop
  endfacet
  facet normal -0.539196 -0.84218 0
    outer loop
      vertex 13.2715 21.6571 3.05
      vertex 14.1115 21.1193 11.5
      vertex 13.2715 21.6571 11.5
    endloop
  endfacet
  facet normal -0.539196 -0.84218 -0
    outer loop
      vertex 14.1115 21.1193 11.5
      vertex 13.2715 21.6571 3.05
      vertex 14.1115 21.1193 3.05
    endloop
  endfacet
  facet normal -0.290352 -0.95692 0
    outer loop
      vertex 6.89459 24.4464 3.05
      vertex 7.84903 24.1568 11.5
      vertex 6.89459 24.4464 11.5
    endloop
  endfacet
  facet normal -0.290352 -0.95692 -0
    outer loop
      vertex 7.84903 24.1568 11.5
      vertex 6.89459 24.4464 3.05
      vertex 7.84903 24.1568 3.05
    endloop
  endfacet
  facet normal -0.175858 -0.984415 0
    outer loop
      vertex 3.97344 25.0873 3.05
      vertex 4.95529 24.9119 11.5
      vertex 3.97344 25.0873 11.5
    endloop
  endfacet
  facet normal -0.175858 -0.984415 -0
    outer loop
      vertex 4.95529 24.9119 11.5
      vertex 3.97344 25.0873 3.05
      vertex 4.95529 24.9119 3.05
    endloop
  endfacet
  facet normal -0.0588536 -0.998267 0
    outer loop
      vertex 0.997199 25.3804 3.05
      vertex 1.99286 25.3217 11.5
      vertex 0.997199 25.3804 11.5
    endloop
  endfacet
  facet normal -0.0588536 -0.998267 -0
    outer loop
      vertex 1.99286 25.3217 11.5
      vertex 0.997199 25.3804 3.05
      vertex 1.99286 25.3217 3.05
    endloop
  endfacet
  facet normal -0.252459 -0.967607 0
    outer loop
      vertex 5.92951 24.6982 3.05
      vertex 6.89459 24.4464 11.5
      vertex 5.92951 24.6982 11.5
    endloop
  endfacet
  facet normal -0.252459 -0.967607 -0
    outer loop
      vertex 6.89459 24.4464 11.5
      vertex 5.92951 24.6982 3.05
      vertex 6.89459 24.4464 3.05
    endloop
  endfacet
  facet normal 0.995181 -0.0980553 0
    outer loop
      vertex -25.3217 1.99286 11.5
      vertex -25.2239 2.98545 3.05
      vertex -25.2239 2.98545 11.5
    endloop
  endfacet
  facet normal 0.995181 -0.0980553 0
    outer loop
      vertex -25.2239 2.98545 3.05
      vertex -25.3217 1.99286 11.5
      vertex -25.3217 1.99286 3.05
    endloop
  endfacet
  facet normal 0.95692 -0.290352 0
    outer loop
      vertex -24.4464 6.89459 11.5
      vertex -24.1568 7.84903 3.05
      vertex -24.1568 7.84903 11.5
    endloop
  endfacet
  facet normal 0.95692 -0.290352 0
    outer loop
      vertex -24.1568 7.84903 3.05
      vertex -24.4464 6.89459 11.5
      vertex -24.4464 6.89459 3.05
    endloop
  endfacet
  facet normal 0.984415 -0.175858 0
    outer loop
      vertex -25.0873 3.97344 11.5
      vertex -24.9119 4.95529 3.05
      vertex -24.9119 4.95529 11.5
    endloop
  endfacet
  facet normal 0.984415 -0.175858 0
    outer loop
      vertex -24.9119 4.95529 3.05
      vertex -25.0873 3.97344 11.5
      vertex -25.0873 3.97344 3.05
    endloop
  endfacet
  facet normal 0.998267 -0.0588536 0
    outer loop
      vertex -25.3804 0.997199 11.5
      vertex -25.3217 1.99286 3.05
      vertex -25.3217 1.99286 11.5
    endloop
  endfacet
  facet normal 0.998267 -0.0588536 0
    outer loop
      vertex -25.3217 1.99286 3.05
      vertex -25.3804 0.997199 11.5
      vertex -25.3804 0.997199 3.05
    endloop
  endfacet
  facet normal 0.967607 -0.252459 0
    outer loop
      vertex -24.6982 5.92951 11.5
      vertex -24.4464 6.89459 3.05
      vertex -24.4464 6.89459 11.5
    endloop
  endfacet
  facet normal 0.967607 -0.252459 0
    outer loop
      vertex -24.4464 6.89459 3.05
      vertex -24.6982 5.92951 11.5
      vertex -24.6982 5.92951 3.05
    endloop
  endfacet
  facet normal 0.862755 -0.505622 0
    outer loop
      vertex -22.1614 12.411 11.5
      vertex -21.6571 13.2715 3.05
      vertex -21.6571 13.2715 11.5
    endloop
  endfacet
  facet normal 0.862755 -0.505622 0
    outer loop
      vertex -21.6571 13.2715 3.05
      vertex -22.1614 12.411 11.5
      vertex -22.1614 12.411 3.05
    endloop
  endfacet
  facet normal 0.84218 -0.539196 0
    outer loop
      vertex -21.6571 13.2715 11.5
      vertex -21.1193 14.1115 3.05
      vertex -21.1193 14.1115 11.5
    endloop
  endfacet
  facet normal 0.84218 -0.539196 0
    outer loop
      vertex -21.1193 14.1115 3.05
      vertex -21.6571 13.2715 11.5
      vertex -21.6571 13.2715 3.05
    endloop
  endfacet
  facet normal 0.747492 -0.66427 0
    outer loop
      vertex -19.3143 16.496 11.5
      vertex -18.6518 17.2415 3.05
      vertex -18.6518 17.2415 11.5
    endloop
  endfacet
  facet normal 0.747492 -0.66427 0
    outer loop
      vertex -18.6518 17.2415 3.05
      vertex -19.3143 16.496 11.5
      vertex -19.3143 16.496 3.05
    endloop
  endfacet
  facet normal 0.252459 -0.967607 0
    outer loop
      vertex -6.89459 24.4464 3.05
      vertex -5.92951 24.6982 11.5
      vertex -6.89459 24.4464 11.5
    endloop
  endfacet
  facet normal 0.252459 -0.967607 0
    outer loop
      vertex -5.92951 24.6982 11.5
      vertex -6.89459 24.4464 3.05
      vertex -5.92951 24.6982 3.05
    endloop
  endfacet
  facet normal 0.214261 -0.976776 0
    outer loop
      vertex -5.92951 24.6982 3.05
      vertex -4.95529 24.9119 11.5
      vertex -5.92951 24.6982 11.5
    endloop
  endfacet
  facet normal 0.214261 -0.976776 0
    outer loop
      vertex -4.95529 24.9119 11.5
      vertex -5.92951 24.6982 3.05
      vertex -4.95529 24.9119 3.05
    endloop
  endfacet
  facet normal 0.290352 -0.95692 0
    outer loop
      vertex -7.84903 24.1568 3.05
      vertex -6.89459 24.4464 11.5
      vertex -7.84903 24.1568 11.5
    endloop
  endfacet
  facet normal 0.290352 -0.95692 0
    outer loop
      vertex -6.89459 24.4464 11.5
      vertex -7.84903 24.1568 3.05
      vertex -6.89459 24.4464 3.05
    endloop
  endfacet
  facet normal 0.0196513 -0.999807 0
    outer loop
      vertex -0.997199 25.3804 3.05
      vertex 0 25.4 11.5
      vertex -0.997199 25.3804 11.5
    endloop
  endfacet
  facet normal 0.0196513 -0.999807 0
    outer loop
      vertex 0 25.4 11.5
      vertex -0.997199 25.3804 3.05
      vertex 0 25.4 3.05
    endloop
  endfacet
  facet normal 0.505622 -0.862755 0
    outer loop
      vertex -13.2715 21.6571 3.05
      vertex -12.411 22.1614 11.5
      vertex -13.2715 21.6571 11.5
    endloop
  endfacet
  facet normal 0.505622 -0.862755 0
    outer loop
      vertex -12.411 22.1614 11.5
      vertex -13.2715 21.6571 3.05
      vertex -12.411 22.1614 3.05
    endloop
  endfacet
  facet normal 0.40073 -0.916196 0
    outer loop
      vertex -10.634 23.0668 3.05
      vertex -9.72016 23.4665 11.5
      vertex -10.634 23.0668 11.5
    endloop
  endfacet
  facet normal 0.40073 -0.916196 0
    outer loop
      vertex -9.72016 23.4665 11.5
      vertex -10.634 23.0668 3.05
      vertex -9.72016 23.4665 3.05
    endloop
  endfacet
  facet normal 0.634367 -0.773032 0
    outer loop
      vertex -16.496 19.3143 3.05
      vertex -15.725 19.947 11.5
      vertex -16.496 19.3143 11.5
    endloop
  endfacet
  facet normal 0.634367 -0.773032 0
    outer loop
      vertex -15.725 19.947 11.5
      vertex -16.496 19.3143 3.05
      vertex -15.725 19.947 3.05
    endloop
  endfacet
  facet normal 0.66427 -0.747492 0
    outer loop
      vertex -17.2415 18.6518 3.05
      vertex -16.496 19.3143 11.5
      vertex -17.2415 18.6518 11.5
    endloop
  endfacet
  facet normal 0.66427 -0.747492 0
    outer loop
      vertex -16.496 19.3143 11.5
      vertex -17.2415 18.6518 3.05
      vertex -16.496 19.3143 3.05
    endloop
  endfacet
  facet normal 0.571819 -0.82038 0
    outer loop
      vertex -14.9297 20.549 3.05
      vertex -14.1115 21.1193 11.5
      vertex -14.9297 20.549 11.5
    endloop
  endfacet
  facet normal 0.571819 -0.82038 0
    outer loop
      vertex -14.1115 21.1193 11.5
      vertex -14.9297 20.549 3.05
      vertex -14.1115 21.1193 3.05
    endloop
  endfacet
  facet normal 0.693085 -0.720856 0
    outer loop
      vertex -17.9605 17.9605 3.05
      vertex -17.2415 18.6518 11.5
      vertex -17.9605 17.9605 11.5
    endloop
  endfacet
  facet normal 0.693085 -0.720856 0
    outer loop
      vertex -17.2415 18.6518 11.5
      vertex -17.9605 17.9605 3.05
      vertex -17.2415 18.6518 3.05
    endloop
  endfacet
  facet normal -0.0196513 0.999807 0
    outer loop
      vertex 0.997199 -25.3804 3.05
      vertex 0 -25.4 11.5
      vertex 0.997199 -25.3804 11.5
    endloop
  endfacet
  facet normal -0.0196513 0.999807 0
    outer loop
      vertex 0 -25.4 11.5
      vertex 0.997199 -25.3804 3.05
      vertex 0 -25.4 3.05
    endloop
  endfacet
  facet normal -0.990577 0.136958 0
    outer loop
      vertex 25.0873 -3.97344 3.05
      vertex 25.2239 -2.98545 11.5
      vertex 25.2239 -2.98545 3.05
    endloop
  endfacet
  facet normal -0.990577 0.136958 0
    outer loop
      vertex 25.2239 -2.98545 11.5
      vertex 25.0873 -3.97344 3.05
      vertex 25.0873 -3.97344 11.5
    endloop
  endfacet
  facet normal -0.967607 0.252459 0
    outer loop
      vertex 24.4464 -6.89459 3.05
      vertex 24.6982 -5.92951 11.5
      vertex 24.6982 -5.92951 3.05
    endloop
  endfacet
  facet normal -0.967607 0.252459 0
    outer loop
      vertex 24.6982 -5.92951 11.5
      vertex 24.4464 -6.89459 3.05
      vertex 24.4464 -6.89459 11.5
    endloop
  endfacet
  facet normal -0.290665 0.956825 0
    outer loop
      vertex 7.84903 -24.1568 3.05
      vertex 7.74402 -24.1887 3.47557
      vertex 7.84903 -24.1568 3.42964
    endloop
  endfacet
  facet normal -0.289747 0.957103 0.000247305
    outer loop
      vertex 7.84903 -24.1568 3.05
      vertex 7.63803 -24.2208 3.52698
      vertex 7.74402 -24.1887 3.47557
    endloop
  endfacet
  facet normal -0.290352 0.95692 -4.50663e-05
    outer loop
      vertex 6.89459 -24.4464 3.05
      vertex 7.63803 -24.2208 3.52698
      vertex 7.84903 -24.1568 3.05
    endloop
  endfacet
  facet normal -0.29072 0.956808 0.000580594
    outer loop
      vertex 7.63803 -24.2208 3.52698
      vertex 6.89459 -24.4464 3.05
      vertex 7.53414 -24.2524 3.58251
    endloop
  endfacet
  facet normal -0.290119 0.956991 -0.000207747
    outer loop
      vertex 7.53414 -24.2524 3.58251
      vertex 6.89459 -24.4464 3.05
      vertex 7.4325 -24.2832 3.64208
    endloop
  endfacet
  facet normal -0.290329 0.956927 1.95706e-07
    outer loop
      vertex 7.4325 -24.2832 3.64208
      vertex 6.89459 -24.4464 3.05
      vertex 7.33329 -24.3133 3.70559
    endloop
  endfacet
  facet normal -0.290184 0.956971 -0.000105107
    outer loop
      vertex 7.33329 -24.3133 3.70559
      vertex 6.89459 -24.4464 3.05
      vertex 7.23664 -24.3426 3.77295
    endloop
  endfacet
  facet normal -0.290378 0.956912 -4.88733e-06
    outer loop
      vertex 7.23664 -24.3426 3.77295
      vertex 6.89459 -24.4464 3.05
      vertex 7.14272 -24.3711 3.84405
    endloop
  endfacet
  facet normal -0.290132 0.956986 -8.88001e-05
    outer loop
      vertex 7.14272 -24.3711 3.84405
      vertex 6.89459 -24.4464 3.05
      vertex 7.05166 -24.3987 3.91878
    endloop
  endfacet
  facet normal -0.290217 0.956961 -7.21314e-05
    outer loop
      vertex 7.05166 -24.3987 3.91878
      vertex 6.89459 -24.4464 3.05
      vertex 6.9636 -24.4254 3.99703
    endloop
  endfacet
  facet normal -0.291123 0.956686 0
    outer loop
      vertex 6.9636 -24.4254 3.99703
      vertex 6.89459 -24.4464 3.05
      vertex 6.89459 -24.4464 4.06338
    endloop
  endfacet
  facet normal -0.290352 0.95692 0
    outer loop
      vertex 7.84903 -24.1568 8.97036
      vertex 6.89459 -24.4464 11.5
      vertex 7.84903 -24.1568 11.5
    endloop
  endfacet
  facet normal -0.290621 0.956838 -0.000110501
    outer loop
      vertex 7.74402 -24.1887 8.92443
      vertex 6.89459 -24.4464 11.5
      vertex 7.84903 -24.1568 8.97036
    endloop
  endfacet
  facet normal -0.28992 0.957051 0.00014181
    outer loop
      vertex 7.63803 -24.2208 8.87302
      vertex 6.89459 -24.4464 11.5
      vertex 7.74402 -24.1887 8.92443
    endloop
  endfacet
  facet normal -0.290922 0.956747 -0.000167842
    outer loop
      vertex 7.53414 -24.2524 8.81749
      vertex 6.89459 -24.4464 11.5
      vertex 7.63803 -24.2208 8.87302
    endloop
  endfacet
  facet normal -0.29004 0.957014 6.16558e-05
    outer loop
      vertex 7.4325 -24.2832 8.75792
      vertex 6.89459 -24.4464 11.5
      vertex 7.53414 -24.2524 8.81749
    endloop
  endfacet
  facet normal -0.290329 0.956927 -5.93774e-08
    outer loop
      vertex 7.33329 -24.3133 8.69441
      vertex 6.89459 -24.4464 11.5
      vertex 7.4325 -24.2832 8.75792
    endloop
  endfacet
  facet normal -0.290138 0.956985 3.24765e-05
    outer loop
      vertex 7.23664 -24.3426 8.62705
      vertex 6.89459 -24.4464 11.5
      vertex 7.33329 -24.3133 8.69441
    endloop
  endfacet
  facet normal -0.290376 0.956913 1.53225e-06
    outer loop
      vertex 7.14272 -24.3711 8.55595
      vertex 6.89459 -24.4464 11.5
      vertex 7.23664 -24.3426 8.62705
    endloop
  endfacet
  facet normal -0.290087 0.957 2.81463e-05
    outer loop
      vertex 7.05166 -24.3987 8.48122
      vertex 6.89459 -24.4464 11.5
      vertex 7.14272 -24.3711 8.55595
    endloop
  endfacet
  facet normal -0.290177 0.956973 2.30293e-05
    outer loop
      vertex 6.9636 -24.4254 8.40297
      vertex 6.89459 -24.4464 11.5
      vertex 7.05166 -24.3987 8.48122
    endloop
  endfacet
  facet normal -0.291123 0.956686 0
    outer loop
      vertex 6.89459 -24.4464 11.5
      vertex 6.9636 -24.4254 8.40297
      vertex 6.89459 -24.4464 8.33661
    endloop
  endfacet
  facet normal -0.214261 0.976776 0
    outer loop
      vertex 5.92951 -24.6982 3.05
      vertex 4.95529 -24.9119 11.5
      vertex 5.92951 -24.6982 11.5
    endloop
  endfacet
  facet normal -0.214261 0.976776 0
    outer loop
      vertex 4.95529 -24.9119 11.5
      vertex 5.92951 -24.6982 3.05
      vertex 4.95529 -24.9119 3.05
    endloop
  endfacet
  facet normal -0.571819 0.82038 0
    outer loop
      vertex 14.9297 -20.549 3.05
      vertex 14.1115 -21.1193 3.2
      vertex 14.9297 -20.549 3.2
    endloop
  endfacet
  facet normal -0.571819 0.82038 0
    outer loop
      vertex 14.1115 -21.1193 3.2
      vertex 14.9297 -20.549 3.05
      vertex 14.1115 -21.1193 3.05
    endloop
  endfacet
  facet normal -0.571819 0.82038 0
    outer loop
      vertex 14.9297 -20.549 9.2
      vertex 14.1115 -21.1193 11.5
      vertex 14.9297 -20.549 11.5
    endloop
  endfacet
  facet normal -0.571819 0.82038 0
    outer loop
      vertex 14.1115 -21.1193 11.5
      vertex 14.9297 -20.549 9.2
      vertex 14.1115 -21.1193 9.2
    endloop
  endfacet
  facet normal -0.66427 0.747492 -1.83298e-05
    outer loop
      vertex 16.5853 -19.235 9.14235
      vertex 16.496 -19.3143 11.5
      vertex 17.2415 -18.6518 11.5
    endloop
  endfacet
  facet normal -0.664 0.747733 0
    outer loop
      vertex 16.496 -19.3143 11.5
      vertex 16.5853 -19.235 9.14235
      vertex 16.496 -19.3143 9.1583
    endloop
  endfacet
  facet normal -0.664627 0.747176 0.000159101
    outer loop
      vertex 17.2415 -18.6518 11.5
      vertex 16.7003 -19.1327 9.11711
      vertex 16.5853 -19.235 9.14235
    endloop
  endfacet
  facet normal -0.664241 0.747518 2.49394e-06
    outer loop
      vertex 17.2415 -18.6518 11.5
      vertex 16.8143 -19.0314 9.08737
      vertex 16.7003 -19.1327 9.11711
    endloop
  endfacet
  facet normal -0.66361 0.748079 -0.000197513
    outer loop
      vertex 17.2415 -18.6518 11.5
      vertex 16.8497 -19 9.07664
      vertex 16.8143 -19.0314 9.08737
    endloop
  endfacet
  facet normal -0.664293 0.747472 0
    outer loop
      vertex 17.2415 -18.6518 3.05
      vertex 16.8497 -19 9.07664
      vertex 17.2415 -18.6518 11.5
    endloop
  endfacet
  facet normal -0.664293 0.747472 0
    outer loop
      vertex 16.8497 -19 9.07664
      vertex 17.2415 -18.6518 3.05
      vertex 16.8497 -19 3.32336
    endloop
  endfacet
  facet normal -0.663793 0.747915 0.0012802
    outer loop
      vertex 17.2415 -18.6518 3.05
      vertex 16.8143 -19.0314 3.31263
      vertex 16.8497 -19 3.32336
    endloop
  endfacet
  facet normal -0.66427 0.747492 -0.000107662
    outer loop
      vertex 16.496 -19.3143 3.05
      vertex 16.8143 -19.0314 3.31263
      vertex 17.2415 -18.6518 3.05
    endloop
  endfacet
  facet normal -0.664205 0.74755 -0.000248653
    outer loop
      vertex 16.8143 -19.0314 3.31263
      vertex 16.496 -19.3143 3.05
      vertex 16.7003 -19.1327 3.28289
    endloop
  endfacet
  facet normal -0.664713 0.747098 0.000548997
    outer loop
      vertex 16.7003 -19.1327 3.28289
      vertex 16.496 -19.3143 3.05
      vertex 16.5853 -19.235 3.25764
    endloop
  endfacet
  facet normal -0.664 0.747733 0
    outer loop
      vertex 16.5853 -19.235 3.25764
      vertex 16.496 -19.3143 3.05
      vertex 16.496 -19.3143 3.2417
    endloop
  endfacet
  facet normal -0.505622 0.862755 0
    outer loop
      vertex 13.2715 -21.6571 3.05
      vertex 12.411 -22.1614 3.2
      vertex 13.2715 -21.6571 3.2
    endloop
  endfacet
  facet normal -0.505622 0.862755 0
    outer loop
      vertex 12.411 -22.1614 3.2
      vertex 13.2715 -21.6571 3.05
      vertex 12.411 -22.1614 3.05
    endloop
  endfacet
  facet normal -0.505622 0.862755 0
    outer loop
      vertex 13.2715 -21.6571 9.2
      vertex 12.411 -22.1614 11.5
      vertex 13.2715 -21.6571 11.5
    endloop
  endfacet
  facet normal -0.505622 0.862755 0
    outer loop
      vertex 12.411 -22.1614 11.5
      vertex 13.2715 -21.6571 9.2
      vertex 12.411 -22.1614 9.2
    endloop
  endfacet
  facet normal -0.40073 0.916196 0
    outer loop
      vertex 10.634 -23.0668 3.05
      vertex 9.72016 -23.4665 3.2
      vertex 10.634 -23.0668 3.2
    endloop
  endfacet
  facet normal -0.40073 0.916196 0
    outer loop
      vertex 9.72016 -23.4665 3.2
      vertex 10.634 -23.0668 3.05
      vertex 9.72016 -23.4665 3.05
    endloop
  endfacet
  facet normal -0.40073 0.916196 0
    outer loop
      vertex 10.634 -23.0668 9.2
      vertex 9.72016 -23.4665 11.5
      vertex 10.634 -23.0668 11.5
    endloop
  endfacet
  facet normal -0.40073 0.916196 0
    outer loop
      vertex 9.72016 -23.4665 11.5
      vertex 10.634 -23.0668 9.2
      vertex 9.72016 -23.4665 9.2
    endloop
  endfacet
  facet normal -0.84218 0.539196 0
    outer loop
      vertex 21.1193 -14.1115 3.05
      vertex 21.6571 -13.2715 11.5
      vertex 21.6571 -13.2715 3.05
    endloop
  endfacet
  facet normal -0.84218 0.539196 0
    outer loop
      vertex 21.6571 -13.2715 11.5
      vertex 21.1193 -14.1115 3.05
      vertex 21.1193 -14.1115 11.5
    endloop
  endfacet
  facet normal 0.0980553 0.995181 -0
    outer loop
      vertex -1.99286 -25.3217 3.05
      vertex -2.98545 -25.2239 11.5
      vertex -1.99286 -25.3217 11.5
    endloop
  endfacet
  facet normal 0.0980553 0.995181 0
    outer loop
      vertex -2.98545 -25.2239 11.5
      vertex -1.99286 -25.3217 3.05
      vertex -2.98545 -25.2239 3.05
    endloop
  endfacet
  facet normal 0.175858 0.984415 -0
    outer loop
      vertex -3.97344 -25.0873 3.05
      vertex -4.95529 -24.9119 11.5
      vertex -3.97344 -25.0873 11.5
    endloop
  endfacet
  facet normal 0.175858 0.984415 0
    outer loop
      vertex -4.95529 -24.9119 11.5
      vertex -3.97344 -25.0873 3.05
      vertex -4.95529 -24.9119 3.05
    endloop
  endfacet
  facet normal 0.0588536 0.998267 -0
    outer loop
      vertex -0.997199 -25.3804 3.05
      vertex -1.99286 -25.3217 11.5
      vertex -0.997199 -25.3804 11.5
    endloop
  endfacet
  facet normal 0.0588536 0.998267 0
    outer loop
      vertex -1.99286 -25.3217 11.5
      vertex -0.997199 -25.3804 3.05
      vertex -1.99286 -25.3217 3.05
    endloop
  endfacet
  facet normal 0.252459 0.967607 -0
    outer loop
      vertex -5.92951 -24.6982 3.05
      vertex -6.89459 -24.4464 11.5
      vertex -5.92951 -24.6982 11.5
    endloop
  endfacet
  facet normal 0.252459 0.967607 0
    outer loop
      vertex -6.89459 -24.4464 11.5
      vertex -5.92951 -24.6982 3.05
      vertex -6.89459 -24.4464 3.05
    endloop
  endfacet
  facet normal 0.539196 0.84218 -0
    outer loop
      vertex -13.2715 -21.6571 3.05
      vertex -14.1115 -21.1193 11.5
      vertex -13.2715 -21.6571 11.5
    endloop
  endfacet
  facet normal 0.539196 0.84218 0
    outer loop
      vertex -14.1115 -21.1193 11.5
      vertex -13.2715 -21.6571 3.05
      vertex -14.1115 -21.1193 3.05
    endloop
  endfacet
  facet normal 0.976776 0.214261 0
    outer loop
      vertex -24.6982 -5.92951 11.5
      vertex -24.9119 -4.95529 3.05
      vertex -24.9119 -4.95529 11.5
    endloop
  endfacet
  facet normal 0.976776 0.214261 0
    outer loop
      vertex -24.9119 -4.95529 3.05
      vertex -24.6982 -5.92951 11.5
      vertex -24.6982 -5.92951 3.05
    endloop
  endfacet
  facet normal 0.95692 0.290352 0
    outer loop
      vertex -24.1568 -7.84903 11.5
      vertex -24.4464 -6.89459 3.05
      vertex -24.4464 -6.89459 11.5
    endloop
  endfacet
  facet normal 0.95692 0.290352 0
    outer loop
      vertex -24.4464 -6.89459 3.05
      vertex -24.1568 -7.84903 11.5
      vertex -24.1568 -7.84903 3.05
    endloop
  endfacet
  facet normal 0.999807 0.0196513 0
    outer loop
      vertex -25.3804 -0.997199 11.5
      vertex -25.4 0 3.05
      vertex -25.4 0 11.5
    endloop
  endfacet
  facet normal 0.999807 0.0196513 0
    outer loop
      vertex -25.4 0 3.05
      vertex -25.3804 -0.997199 11.5
      vertex -25.3804 -0.997199 3.05
    endloop
  endfacet
  facet normal 0.862755 0.505622 0
    outer loop
      vertex -21.6571 -13.2715 11.5
      vertex -22.1614 -12.411 3.05
      vertex -22.1614 -12.411 11.5
    endloop
  endfacet
  facet normal 0.862755 0.505622 0
    outer loop
      vertex -22.1614 -12.411 3.05
      vertex -21.6571 -13.2715 11.5
      vertex -21.6571 -13.2715 3.05
    endloop
  endfacet
  facet normal 0.916196 0.40073 0
    outer loop
      vertex -23.0668 -10.634 11.5
      vertex -23.4665 -9.72016 3.05
      vertex -23.4665 -9.72016 11.5
    endloop
  endfacet
  facet normal 0.916196 0.40073 0
    outer loop
      vertex -23.4665 -9.72016 3.05
      vertex -23.0668 -10.634 11.5
      vertex -23.0668 -10.634 3.05
    endloop
  endfacet
  facet normal 0.773032 0.634367 0
    outer loop
      vertex -19.3143 -16.496 11.5
      vertex -19.947 -15.725 3.05
      vertex -19.947 -15.725 11.5
    endloop
  endfacet
  facet normal 0.773032 0.634367 0
    outer loop
      vertex -19.947 -15.725 3.05
      vertex -19.3143 -16.496 11.5
      vertex -19.3143 -16.496 3.05
    endloop
  endfacet
  facet normal 0.747492 0.66427 0
    outer loop
      vertex -18.6518 -17.2415 11.5
      vertex -19.3143 -16.496 3.05
      vertex -19.3143 -16.496 11.5
    endloop
  endfacet
  facet normal 0.747492 0.66427 0
    outer loop
      vertex -19.3143 -16.496 3.05
      vertex -18.6518 -17.2415 11.5
      vertex -18.6518 -17.2415 3.05
    endloop
  endfacet
  facet normal 0.82038 0.571819 0
    outer loop
      vertex -20.549 -14.9297 11.5
      vertex -21.1193 -14.1115 3.05
      vertex -21.1193 -14.1115 11.5
    endloop
  endfacet
  facet normal 0.82038 0.571819 0
    outer loop
      vertex -21.1193 -14.1115 3.05
      vertex -20.549 -14.9297 11.5
      vertex -20.549 -14.9297 3.05
    endloop
  endfacet
  facet normal -0.995181 -0.0980553 0
    outer loop
      vertex 25.3217 1.99286 3.05
      vertex 25.2239 2.98545 11.5
      vertex 25.2239 2.98545 3.05
    endloop
  endfacet
  facet normal -0.995181 -0.0980553 0
    outer loop
      vertex 25.2239 2.98545 11.5
      vertex 25.3217 1.99286 3.05
      vertex 25.3217 1.99286 11.5
    endloop
  endfacet
  facet normal -0.944829 -0.327563 0
    outer loop
      vertex 24.1568 7.84903 3.05
      vertex 23.8301 8.79137 11.5
      vertex 23.8301 8.79137 3.05
    endloop
  endfacet
  facet normal -0.944829 -0.327563 0
    outer loop
      vertex 23.8301 8.79137 11.5
      vertex 24.1568 7.84903 3.05
      vertex 24.1568 7.84903 11.5
    endloop
  endfacet
  facet normal -0.931188 -0.364539 0
    outer loop
      vertex 23.8301 8.79137 3.05
      vertex 23.4665 9.72016 11.5
      vertex 23.4665 9.72016 3.05
    endloop
  endfacet
  facet normal -0.931188 -0.364539 0
    outer loop
      vertex 23.4665 9.72016 11.5
      vertex 23.8301 8.79137 3.05
      vertex 23.8301 8.79137 11.5
    endloop
  endfacet
  facet normal -0.797333 -0.603539 0
    outer loop
      vertex 20.549 14.9297 3.05
      vertex 19.947 15.725 11.5
      vertex 19.947 15.725 3.05
    endloop
  endfacet
  facet normal -0.797333 -0.603539 0
    outer loop
      vertex 19.947 15.725 11.5
      vertex 20.549 14.9297 3.05
      vertex 20.549 14.9297 11.5
    endloop
  endfacet
  facet normal -0.603539 -0.797333 0
    outer loop
      vertex 14.9297 20.549 3.05
      vertex 15.725 19.947 11.5
      vertex 14.9297 20.549 11.5
    endloop
  endfacet
  facet normal -0.603539 -0.797333 -0
    outer loop
      vertex 15.725 19.947 11.5
      vertex 14.9297 20.549 3.05
      vertex 15.725 19.947 3.05
    endloop
  endfacet
  facet normal -0.634367 -0.773032 0
    outer loop
      vertex 15.725 19.947 3.05
      vertex 16.496 19.3143 11.5
      vertex 15.725 19.947 11.5
    endloop
  endfacet
  facet normal -0.634367 -0.773032 -0
    outer loop
      vertex 16.496 19.3143 11.5
      vertex 15.725 19.947 3.05
      vertex 16.496 19.3143 3.05
    endloop
  endfacet
  facet normal -0.471431 -0.881903 0
    outer loop
      vertex 11.5314 22.6316 3.05
      vertex 12.411 22.1614 11.5
      vertex 11.5314 22.6316 11.5
    endloop
  endfacet
  facet normal -0.471431 -0.881903 -0
    outer loop
      vertex 12.411 22.1614 11.5
      vertex 11.5314 22.6316 3.05
      vertex 12.411 22.1614 3.05
    endloop
  endfacet
  facet normal -0.436352 -0.899776 0
    outer loop
      vertex 10.634 23.0668 3.05
      vertex 11.5314 22.6316 11.5
      vertex 10.634 23.0668 11.5
    endloop
  endfacet
  facet normal -0.436352 -0.899776 -0
    outer loop
      vertex 11.5314 22.6316 11.5
      vertex 10.634 23.0668 3.05
      vertex 11.5314 22.6316 3.05
    endloop
  endfacet
  facet normal -0.327563 -0.944829 0
    outer loop
      vertex 7.84903 24.1568 3.05
      vertex 8.79137 23.8301 11.5
      vertex 7.84903 24.1568 11.5
    endloop
  endfacet
  facet normal -0.327563 -0.944829 -0
    outer loop
      vertex 8.79137 23.8301 11.5
      vertex 7.84903 24.1568 3.05
      vertex 8.79137 23.8301 3.05
    endloop
  endfacet
  facet normal -0.364539 -0.931188 0
    outer loop
      vertex 8.79137 23.8301 3.05
      vertex 9.72016 23.4665 11.5
      vertex 8.79137 23.8301 11.5
    endloop
  endfacet
  facet normal -0.364539 -0.931188 -0
    outer loop
      vertex 9.72016 23.4665 11.5
      vertex 8.79137 23.8301 3.05
      vertex 9.72016 23.4665 3.05
    endloop
  endfacet
  facet normal -0.136958 -0.990577 0
    outer loop
      vertex 2.98545 25.2239 3.05
      vertex 3.97344 25.0873 11.5
      vertex 2.98545 25.2239 11.5
    endloop
  endfacet
  facet normal -0.136958 -0.990577 -0
    outer loop
      vertex 3.97344 25.0873 11.5
      vertex 2.98545 25.2239 3.05
      vertex 3.97344 25.0873 3.05
    endloop
  endfacet
  facet normal 0.944829 -0.327563 0
    outer loop
      vertex -24.1568 7.84903 11.5
      vertex -23.8301 8.79137 3.05
      vertex -23.8301 8.79137 11.5
    endloop
  endfacet
  facet normal 0.944829 -0.327563 0
    outer loop
      vertex -23.8301 8.79137 3.05
      vertex -24.1568 7.84903 11.5
      vertex -24.1568 7.84903 3.05
    endloop
  endfacet
  facet normal 0.931188 -0.364539 0
    outer loop
      vertex -23.8301 8.79137 11.5
      vertex -23.4665 9.72016 3.05
      vertex -23.4665 9.72016 11.5
    endloop
  endfacet
  facet normal 0.931188 -0.364539 0
    outer loop
      vertex -23.4665 9.72016 3.05
      vertex -23.8301 8.79137 11.5
      vertex -23.8301 8.79137 3.05
    endloop
  endfacet
  facet normal 0.990577 -0.136958 0
    outer loop
      vertex -25.2239 2.98545 11.5
      vertex -25.0873 3.97344 3.05
      vertex -25.0873 3.97344 11.5
    endloop
  endfacet
  facet normal 0.990577 -0.136958 0
    outer loop
      vertex -25.0873 3.97344 3.05
      vertex -25.2239 2.98545 11.5
      vertex -25.2239 2.98545 3.05
    endloop
  endfacet
  facet normal 0.881903 -0.471431 0
    outer loop
      vertex -22.6316 11.5314 11.5
      vertex -22.1614 12.411 3.05
      vertex -22.1614 12.411 11.5
    endloop
  endfacet
  facet normal 0.881903 -0.471431 0
    outer loop
      vertex -22.1614 12.411 3.05
      vertex -22.6316 11.5314 11.5
      vertex -22.6316 11.5314 3.05
    endloop
  endfacet
  facet normal 0.899776 -0.436352 0
    outer loop
      vertex -23.0668 10.634 11.5
      vertex -22.6316 11.5314 3.05
      vertex -22.6316 11.5314 11.5
    endloop
  endfacet
  facet normal 0.899776 -0.436352 0
    outer loop
      vertex -22.6316 11.5314 3.05
      vertex -23.0668 10.634 11.5
      vertex -23.0668 10.634 3.05
    endloop
  endfacet
  facet normal 0.773032 -0.634367 0
    outer loop
      vertex -19.947 15.725 11.5
      vertex -19.3143 16.496 3.05
      vertex -19.3143 16.496 11.5
    endloop
  endfacet
  facet normal 0.773032 -0.634367 0
    outer loop
      vertex -19.3143 16.496 3.05
      vertex -19.947 15.725 11.5
      vertex -19.947 15.725 3.05
    endloop
  endfacet
  facet normal 0.797333 -0.603539 0
    outer loop
      vertex -20.549 14.9297 11.5
      vertex -19.947 15.725 3.05
      vertex -19.947 15.725 11.5
    endloop
  endfacet
  facet normal 0.797333 -0.603539 0
    outer loop
      vertex -19.947 15.725 3.05
      vertex -20.549 14.9297 11.5
      vertex -20.549 14.9297 3.05
    endloop
  endfacet
  facet normal 0.327563 -0.944829 0
    outer loop
      vertex -8.79137 23.8301 3.05
      vertex -7.84903 24.1568 11.5
      vertex -8.79137 23.8301 11.5
    endloop
  endfacet
  facet normal 0.327563 -0.944829 0
    outer loop
      vertex -7.84903 24.1568 11.5
      vertex -8.79137 23.8301 3.05
      vertex -7.84903 24.1568 3.05
    endloop
  endfacet
  facet normal 0.0980553 -0.995181 0
    outer loop
      vertex -2.98545 25.2239 3.05
      vertex -1.99286 25.3217 11.5
      vertex -2.98545 25.2239 11.5
    endloop
  endfacet
  facet normal 0.0980553 -0.995181 0
    outer loop
      vertex -1.99286 25.3217 11.5
      vertex -2.98545 25.2239 3.05
      vertex -1.99286 25.3217 3.05
    endloop
  endfacet
  facet normal 0.136958 -0.990577 0
    outer loop
      vertex -3.97344 25.0873 3.05
      vertex -2.98545 25.2239 11.5
      vertex -3.97344 25.0873 11.5
    endloop
  endfacet
  facet normal 0.136958 -0.990577 0
    outer loop
      vertex -2.98545 25.2239 11.5
      vertex -3.97344 25.0873 3.05
      vertex -2.98545 25.2239 3.05
    endloop
  endfacet
  facet normal 0.436352 -0.899776 0
    outer loop
      vertex -11.5314 22.6316 3.05
      vertex -10.634 23.0668 11.5
      vertex -11.5314 22.6316 11.5
    endloop
  endfacet
  facet normal 0.436352 -0.899776 0
    outer loop
      vertex -10.634 23.0668 11.5
      vertex -11.5314 22.6316 3.05
      vertex -10.634 23.0668 3.05
    endloop
  endfacet
  facet normal 0.603539 -0.797333 0
    outer loop
      vertex -15.725 19.947 3.05
      vertex -14.9297 20.549 11.5
      vertex -15.725 19.947 11.5
    endloop
  endfacet
  facet normal 0.603539 -0.797333 0
    outer loop
      vertex -14.9297 20.549 11.5
      vertex -15.725 19.947 3.05
      vertex -14.9297 20.549 3.05
    endloop
  endfacet
  facet normal -0.931188 0.364539 0
    outer loop
      vertex 23.4665 -9.72016 3.05
      vertex 23.8301 -8.79137 11.5
      vertex 23.8301 -8.79137 3.05
    endloop
  endfacet
  facet normal -0.931188 0.364539 0
    outer loop
      vertex 23.8301 -8.79137 11.5
      vertex 23.4665 -9.72016 3.05
      vertex 23.4665 -9.72016 11.5
    endloop
  endfacet
  facet normal -0.995181 0.0980553 0
    outer loop
      vertex 25.2239 -2.98545 3.05
      vertex 25.3217 -1.99286 11.5
      vertex 25.3217 -1.99286 3.05
    endloop
  endfacet
  facet normal -0.995181 0.0980553 0
    outer loop
      vertex 25.3217 -1.99286 11.5
      vertex 25.2239 -2.98545 3.05
      vertex 25.2239 -2.98545 11.5
    endloop
  endfacet
  facet normal -0.998267 0.0588536 0
    outer loop
      vertex 25.3217 -1.99286 3.05
      vertex 25.3804 -0.997199 11.5
      vertex 25.3804 -0.997199 3.05
    endloop
  endfacet
  facet normal -0.998267 0.0588536 0
    outer loop
      vertex 25.3804 -0.997199 11.5
      vertex 25.3217 -1.99286 3.05
      vertex 25.3217 -1.99286 11.5
    endloop
  endfacet
  facet normal -0.95692 0.290352 0
    outer loop
      vertex 24.1568 -7.84903 3.05
      vertex 24.4464 -6.89459 11.5
      vertex 24.4464 -6.89459 3.05
    endloop
  endfacet
  facet normal -0.95692 0.290352 0
    outer loop
      vertex 24.4464 -6.89459 11.5
      vertex 24.1568 -7.84903 3.05
      vertex 24.1568 -7.84903 11.5
    endloop
  endfacet
  facet normal -0.976776 0.214261 0
    outer loop
      vertex 24.6982 -5.92951 3.05
      vertex 24.9119 -4.95529 11.5
      vertex 24.9119 -4.95529 3.05
    endloop
  endfacet
  facet normal -0.976776 0.214261 0
    outer loop
      vertex 24.9119 -4.95529 11.5
      vertex 24.6982 -5.92951 3.05
      vertex 24.6982 -5.92951 11.5
    endloop
  endfacet
  facet normal -0.0588536 0.998267 0
    outer loop
      vertex 1.99286 -25.3217 3.05
      vertex 0.997199 -25.3804 11.5
      vertex 1.99286 -25.3217 11.5
    endloop
  endfacet
  facet normal -0.0588536 0.998267 0
    outer loop
      vertex 0.997199 -25.3804 11.5
      vertex 1.99286 -25.3217 3.05
      vertex 0.997199 -25.3804 3.05
    endloop
  endfacet
  facet normal -0.175858 0.984415 0
    outer loop
      vertex 4.95529 -24.9119 3.05
      vertex 3.97344 -25.0873 11.5
      vertex 4.95529 -24.9119 11.5
    endloop
  endfacet
  facet normal -0.175858 0.984415 0
    outer loop
      vertex 3.97344 -25.0873 11.5
      vertex 4.95529 -24.9119 3.05
      vertex 3.97344 -25.0873 3.05
    endloop
  endfacet
  facet normal -0.0980553 0.995181 0
    outer loop
      vertex 2.98545 -25.2239 3.05
      vertex 1.99286 -25.3217 11.5
      vertex 2.98545 -25.2239 11.5
    endloop
  endfacet
  facet normal -0.0980553 0.995181 0
    outer loop
      vertex 1.99286 -25.3217 11.5
      vertex 2.98545 -25.2239 3.05
      vertex 1.99286 -25.3217 3.05
    endloop
  endfacet
  facet normal -0.325228 0.945636 0
    outer loop
      vertex 8.79137 -23.8301 3.05
      vertex 8.76462 -23.8393 3.20925
      vertex 8.79137 -23.8301 3.20767
    endloop
  endfacet
  facet normal -0.328023 0.94467 -0.000525274
    outer loop
      vertex 8.79137 -23.8301 3.05
      vertex 8.64739 -23.88 3.22079
      vertex 8.76462 -23.8393 3.20925
    endloop
  endfacet
  facet normal -0.327942 0.944698 -0.000448534
    outer loop
      vertex 8.79137 -23.8301 3.05
      vertex 8.5307 -23.9205 3.23693
      vertex 8.64739 -23.88 3.22079
    endloop
  endfacet
  facet normal -0.327478 0.944859 0.000275916
    outer loop
      vertex 8.79137 -23.8301 3.05
      vertex 8.41473 -23.9607 3.25764
      vertex 8.5307 -23.9205 3.23693
    endloop
  endfacet
  facet normal -0.327563 0.944829 0.00010293
    outer loop
      vertex 7.84903 -24.1568 3.05
      vertex 8.41473 -23.9607 3.25764
      vertex 8.79137 -23.8301 3.05
    endloop
  endfacet
  facet normal -0.32758 0.944824 0.000153515
    outer loop
      vertex 8.41473 -23.9607 3.25764
      vertex 7.84903 -24.1568 3.05
      vertex 8.29966 -24.0006 3.28289
    endloop
  endfacet
  facet normal -0.327467 0.944862 -8.96692e-05
    outer loop
      vertex 8.29966 -24.0006 3.28289
      vertex 7.84903 -24.1568 3.05
      vertex 8.18568 -24.0401 3.31263
    endloop
  endfacet
  facet normal -0.327649 0.9448 0.00017058
    outer loop
      vertex 8.18568 -24.0401 3.31263
      vertex 7.84903 -24.1568 3.05
      vertex 8.07295 -24.0792 3.34683
    endloop
  endfacet
  facet normal -0.327619 0.94481 0.0001458
    outer loop
      vertex 8.07295 -24.0792 3.34683
      vertex 7.84903 -24.1568 3.05
      vertex 7.96165 -24.1178 3.38543
    endloop
  endfacet
  facet normal -0.323993 0.946059 0
    outer loop
      vertex 7.85195 -24.1558 3.42836
      vertex 7.84903 -24.1568 3.05
      vertex 7.84903 -24.1568 3.42964
    endloop
  endfacet
  facet normal -0.327308 0.944918 2.85985e-05
    outer loop
      vertex 7.96165 -24.1178 3.38543
      vertex 7.84903 -24.1568 3.05
      vertex 7.85195 -24.1558 3.42836
    endloop
  endfacet
  facet normal -0.325228 0.945636 0
    outer loop
      vertex 8.76462 -23.8393 9.19075
      vertex 8.79137 -23.8301 11.5
      vertex 8.79137 -23.8301 9.19233
    endloop
  endfacet
  facet normal -0.32798 0.944685 3.56662e-05
    outer loop
      vertex 8.64739 -23.88 9.1792
      vertex 8.79137 -23.8301 11.5
      vertex 8.76462 -23.8393 9.19075
    endloop
  endfacet
  facet normal -0.32789 0.944716 2.94122e-05
    outer loop
      vertex 8.5307 -23.9205 9.16306
      vertex 8.79137 -23.8301 11.5
      vertex 8.64739 -23.88 9.1792
    endloop
  endfacet
  facet normal -0.327563 0.944829 -1.14326e-05
    outer loop
      vertex 8.79137 -23.8301 11.5
      vertex 8.5307 -23.9205 9.16306
      vertex 7.84903 -24.1568 11.5
    endloop
  endfacet
  facet normal -0.327522 0.944843 1.91201e-06
    outer loop
      vertex 8.41473 -23.9607 9.14235
      vertex 7.84903 -24.1568 11.5
      vertex 8.5307 -23.9205 9.16306
    endloop
  endfacet
  facet normal -0.327606 0.944815 -2.05225e-05
    outer loop
      vertex 8.29966 -24.0006 9.11711
      vertex 7.84903 -24.1568 11.5
      vertex 8.41473 -23.9607 9.14235
    endloop
  endfacet
  facet normal -0.327449 0.944869 1.25683e-05
    outer loop
      vertex 8.18568 -24.0401 9.08737
      vertex 7.84903 -24.1568 11.5
      vertex 8.29966 -24.0006 9.11711
    endloop
  endfacet
  facet normal -0.327688 0.944786 -2.4742e-05
    outer loop
      vertex 8.07295 -24.0792 9.05317
      vertex 7.84903 -24.1568 11.5
      vertex 8.18568 -24.0401 9.08737
    endloop
  endfacet
  facet normal -0.327658 0.944796 -2.1628e-05
    outer loop
      vertex 7.96165 -24.1178 9.01457
      vertex 7.84903 -24.1568 11.5
      vertex 8.07295 -24.0792 9.05317
    endloop
  endfacet
  facet normal -0.327316 0.944915 -4.29063e-06
    outer loop
      vertex 7.85195 -24.1558 8.97164
      vertex 7.84903 -24.1568 11.5
      vertex 7.96165 -24.1178 9.01457
    endloop
  endfacet
  facet normal -0.323993 0.946059 0
    outer loop
      vertex 7.84903 -24.1568 11.5
      vertex 7.85195 -24.1558 8.97164
      vertex 7.84903 -24.1568 8.97036
    endloop
  endfacet
  facet normal -0.252459 0.967607 0
    outer loop
      vertex 6.89459 -24.4464 8.33661
      vertex 5.92951 -24.6982 11.5
      vertex 6.89459 -24.4464 11.5
    endloop
  endfacet
  facet normal -0.250208 0.968192 0.000733519
    outer loop
      vertex 6.87868 -24.4505 8.32132
      vertex 5.92951 -24.6982 11.5
      vertex 6.89459 -24.4464 8.33661
    endloop
  endfacet
  facet normal -0.252442 0.967612 2.10054e-05
    outer loop
      vertex 6.79703 -24.4718 8.2364
      vertex 5.92951 -24.6982 11.5
      vertex 6.87868 -24.4505 8.32132
    endloop
  endfacet
  facet normal -0.252327 0.967642 5.36421e-05
    outer loop
      vertex 6.71878 -24.4922 8.14834
      vertex 5.92951 -24.6982 11.5
      vertex 6.79703 -24.4718 8.2364
    endloop
  endfacet
  facet normal -0.252498 0.967598 1.08515e-05
    outer loop
      vertex 6.64405 -24.5117 8.05728
      vertex 5.92951 -24.6982 11.5
      vertex 6.71878 -24.4922 8.14834
    endloop
  endfacet
  facet normal -0.25297 0.967474 -9.3972e-05
    outer loop
      vertex 6.57295 -24.5303 7.96336
      vertex 5.92951 -24.6982 11.5
      vertex 6.64405 -24.5117 8.05728
    endloop
  endfacet
  facet normal -0.252732 0.967536 -4.76656e-05
    outer loop
      vertex 6.50559 -24.5479 7.86671
      vertex 5.92951 -24.6982 11.5
      vertex 6.57295 -24.5303 7.96336
    endloop
  endfacet
  facet normal -0.251652 0.967818 0.000135248
    outer loop
      vertex 6.44208 -24.5644 7.7675
      vertex 5.92951 -24.6982 11.5
      vertex 6.50559 -24.5479 7.86671
    endloop
  endfacet
  facet normal -0.25319 0.967417 -9.03322e-05
    outer loop
      vertex 6.38251 -24.58 7.66586
      vertex 5.92951 -24.6982 11.5
      vertex 6.44208 -24.5644 7.7675
    endloop
  endfacet
  facet normal -0.252617 0.967566 -1.80657e-05
    outer loop
      vertex 6.32698 -24.5945 7.56197
      vertex 5.92951 -24.6982 11.5
      vertex 6.38251 -24.58 7.66586
    endloop
  endfacet
  facet normal -0.252262 0.967659 2.02527e-05
    outer loop
      vertex 6.27557 -24.6079 7.45598
      vertex 5.92951 -24.6982 11.5
      vertex 6.32698 -24.5945 7.56197
    endloop
  endfacet
  facet normal -0.252181 0.96768 2.76609e-05
    outer loop
      vertex 6.22836 -24.6202 7.34805
      vertex 5.92951 -24.6982 11.5
      vertex 6.27557 -24.6079 7.45598
    endloop
  endfacet
  facet normal -0.252456 0.967608 6.51103e-06
    outer loop
      vertex 6.18543 -24.6314 7.23835
      vertex 5.92951 -24.6982 11.5
      vertex 6.22836 -24.6202 7.34805
    endloop
  endfacet
  facet normal -0.253051 0.967453 -3.16429e-05
    outer loop
      vertex 6.14683 -24.6415 7.12705
      vertex 5.92951 -24.6982 11.5
      vertex 6.18543 -24.6314 7.23835
    endloop
  endfacet
  facet normal -0.251932 0.967745 2.77558e-05
    outer loop
      vertex 6.11263 -24.6504 7.01432
      vertex 5.92951 -24.6982 11.5
      vertex 6.14683 -24.6415 7.12705
    endloop
  endfacet
  facet normal -0.253541 0.967325 -4.24109e-05
    outer loop
      vertex 6.08289 -24.6582 6.90034
      vertex 5.92951 -24.6982 11.5
      vertex 6.11263 -24.6504 7.01432
    endloop
  endfacet
  facet normal -0.252819 0.967514 -1.66904e-05
    outer loop
      vertex 6.05764 -24.6648 6.78527
      vertex 5.92951 -24.6982 11.5
      vertex 6.08289 -24.6582 6.90034
    endloop
  endfacet
  facet normal -0.252299 0.967649 -1.61703e-06
    outer loop
      vertex 6.03693 -24.6702 6.6693
      vertex 5.92951 -24.6982 11.5
      vertex 6.05764 -24.6648 6.78527
    endloop
  endfacet
  facet normal -0.251891 0.967756 8.08403e-06
    outer loop
      vertex 6.02079 -24.6744 6.55261
      vertex 5.92951 -24.6982 11.5
      vertex 6.03693 -24.6702 6.6693
    endloop
  endfacet
  facet normal -0.251713 0.967802 1.15919e-05
    outer loop
      vertex 6.00925 -24.6774 6.43538
      vertex 5.92951 -24.6982 11.5
      vertex 6.02079 -24.6744 6.55261
    endloop
  endfacet
  facet normal -0.251342 0.967898 1.78251e-05
    outer loop
      vertex 6.00231 -24.6792 6.31778
      vertex 5.92951 -24.6982 11.5
      vertex 6.00925 -24.6774 6.43538
    endloop
  endfacet
  facet normal -0.251871 0.967761 9.89178e-06
    outer loop
      vertex 6 -24.6798 6.2
      vertex 5.92951 -24.6982 11.5
      vertex 6.00231 -24.6792 6.31778
    endloop
  endfacet
  facet normal -0.252459 0.967607 0
    outer loop
      vertex 5.92951 -24.6982 3.05
      vertex 6.89459 -24.4464 4.06338
      vertex 6.89459 -24.4464 3.05
    endloop
  endfacet
  facet normal -0.25094 0.968002 -0.0015453
    outer loop
      vertex 6.89459 -24.4464 4.06338
      vertex 5.92951 -24.6982 3.05
      vertex 6.87868 -24.4505 4.07868
    endloop
  endfacet
  facet normal -0.252464 0.967606 -4.34083e-05
    outer loop
      vertex 6.87868 -24.4505 4.07868
      vertex 5.92951 -24.6982 3.05
      vertex 6.79703 -24.4718 4.1636
    endloop
  endfacet
  facet normal -0.252386 0.967627 -0.000108826
    outer loop
      vertex 6.79703 -24.4718 4.1636
      vertex 5.92951 -24.6982 3.05
      vertex 6.71878 -24.4922 4.25166
    endloop
  endfacet
  facet normal -0.25251 0.967594 -2.16356e-05
    outer loop
      vertex 6.71878 -24.4922 4.25166
      vertex 5.92951 -24.6982 3.05
      vertex 6.64405 -24.5117 4.34272
    endloop
  endfacet
  facet normal -0.252859 0.967503 0.000184311
    outer loop
      vertex 6.64405 -24.5117 4.34272
      vertex 5.92951 -24.6982 3.05
      vertex 6.57295 -24.5303 4.43664
    endloop
  endfacet
  facet normal -0.252672 0.967552 9.20338e-05
    outer loop
      vertex 6.57295 -24.5303 4.43664
      vertex 5.92951 -24.6982 3.05
      vertex 6.50559 -24.5479 4.53329
    endloop
  endfacet
  facet normal -0.25183 0.967771 -0.000257249
    outer loop
      vertex 6.50559 -24.5479 4.53329
      vertex 5.92951 -24.6982 3.05
      vertex 6.44208 -24.5644 4.6325
    endloop
  endfacet
  facet normal -0.253064 0.96745 0.000169381
    outer loop
      vertex 6.44208 -24.5644 4.6325
      vertex 5.92951 -24.6982 3.05
      vertex 6.38251 -24.58 4.73414
    endloop
  endfacet
  facet normal -0.25259 0.967573 3.34082e-05
    outer loop
      vertex 6.38251 -24.58 4.73414
      vertex 5.92951 -24.6982 3.05
      vertex 6.32698 -24.5945 4.83803
    endloop
  endfacet
  facet normal -0.252294 0.967651 -3.69518e-05
    outer loop
      vertex 6.32698 -24.5945 4.83803
      vertex 5.92951 -24.6982 3.05
      vertex 6.27557 -24.6079 4.94402
    endloop
  endfacet
  facet normal -0.252228 0.967668 -4.98082e-05
    outer loop
      vertex 6.27557 -24.6079 4.94402
      vertex 5.92951 -24.6982 3.05
      vertex 6.22836 -24.6202 5.05195
    endloop
  endfacet
  facet normal -0.252468 0.967605 -1.15727e-05
    outer loop
      vertex 6.22836 -24.6202 5.05195
      vertex 5.92951 -24.6982 3.05
      vertex 6.18543 -24.6314 5.16165
    endloop
  endfacet
  facet normal -0.252567 0.967579 0
    outer loop
      vertex 6 -24.6798 6.2
      vertex 5.92951 -24.6982 3.05
      vertex 5.92951 -24.6982 11.5
    endloop
  endfacet
  facet normal -0.252021 0.967722 -1.30447e-05
    outer loop
      vertex 6.00231 -24.6792 6.08222
      vertex 5.92951 -24.6982 3.05
      vertex 6 -24.6798 6.2
    endloop
  endfacet
  facet normal -0.251485 0.967861 -2.68079e-05
    outer loop
      vertex 6.00925 -24.6774 5.96462
      vertex 5.92951 -24.6982 3.05
      vertex 6.00231 -24.6792 6.08222
    endloop
  endfacet
  facet normal -0.251776 0.967785 -1.82828e-05
    outer loop
      vertex 6.02079 -24.6744 5.84739
      vertex 5.92951 -24.6982 3.05
      vertex 6.00925 -24.6774 5.96462
    endloop
  endfacet
  facet normal -0.251925 0.967747 -1.31111e-05
    outer loop
      vertex 6.03693 -24.6702 5.7307
      vertex 5.92951 -24.6982 3.05
      vertex 6.02079 -24.6744 5.84739
    endloop
  endfacet
  facet normal -0.252294 0.967651 2.67626e-06
    outer loop
      vertex 6.05764 -24.6648 5.61473
      vertex 5.92951 -24.6982 3.05
      vertex 6.03693 -24.6702 5.7307
    endloop
  endfacet
  facet normal -0.25277 0.967526 2.80875e-05
    outer loop
      vertex 6.08289 -24.6582 5.49966
      vertex 5.92951 -24.6982 3.05
      vertex 6.05764 -24.6648 5.61473
    endloop
  endfacet
  facet normal -0.253433 0.967353 7.24322e-05
    outer loop
      vertex 6.11263 -24.6504 5.38568
      vertex 5.92951 -24.6982 3.05
      vertex 6.08289 -24.6582 5.49966
    endloop
  endfacet
  facet normal -0.251994 0.967729 -4.80575e-05
    outer loop
      vertex 6.14683 -24.6415 5.27295
      vertex 5.92951 -24.6982 3.05
      vertex 6.11263 -24.6504 5.38568
    endloop
  endfacet
  facet normal -0.252986 0.96747 5.55184e-05
    outer loop
      vertex 6.18543 -24.6314 5.16165
      vertex 5.92951 -24.6982 3.05
      vertex 6.14683 -24.6415 5.27295
    endloop
  endfacet
  facet normal -0.603539 0.797333 0
    outer loop
      vertex 15.725 -19.947 3.05
      vertex 14.9297 -20.549 3.2
      vertex 15.725 -19.947 3.2
    endloop
  endfacet
  facet normal -0.603539 0.797333 0
    outer loop
      vertex 14.9297 -20.549 3.2
      vertex 15.725 -19.947 3.05
      vertex 14.9297 -20.549 3.05
    endloop
  endfacet
  facet normal -0.603539 0.797333 0
    outer loop
      vertex 15.725 -19.947 9.2
      vertex 14.9297 -20.549 11.5
      vertex 15.725 -19.947 11.5
    endloop
  endfacet
  facet normal -0.603539 0.797333 0
    outer loop
      vertex 14.9297 -20.549 11.5
      vertex 15.725 -19.947 9.2
      vertex 14.9297 -20.549 9.2
    endloop
  endfacet
  facet normal -0.693085 0.720856 0
    outer loop
      vertex 17.9605 -17.9605 3.05
      vertex 17.2415 -18.6518 11.5
      vertex 17.9605 -17.9605 11.5
    endloop
  endfacet
  facet normal -0.693085 0.720856 0
    outer loop
      vertex 17.2415 -18.6518 11.5
      vertex 17.9605 -17.9605 3.05
      vertex 17.2415 -18.6518 3.05
    endloop
  endfacet
  facet normal -0.539196 0.84218 0
    outer loop
      vertex 14.1115 -21.1193 3.05
      vertex 13.2715 -21.6571 3.2
      vertex 14.1115 -21.1193 3.2
    endloop
  endfacet
  facet normal -0.539196 0.84218 0
    outer loop
      vertex 13.2715 -21.6571 3.2
      vertex 14.1115 -21.1193 3.05
      vertex 13.2715 -21.6571 3.05
    endloop
  endfacet
  facet normal -0.539196 0.84218 0
    outer loop
      vertex 14.1115 -21.1193 9.2
      vertex 13.2715 -21.6571 11.5
      vertex 14.1115 -21.1193 11.5
    endloop
  endfacet
  facet normal -0.539196 0.84218 0
    outer loop
      vertex 13.2715 -21.6571 11.5
      vertex 14.1115 -21.1193 9.2
      vertex 13.2715 -21.6571 9.2
    endloop
  endfacet
  facet normal -0.436352 0.899776 0
    outer loop
      vertex 11.5314 -22.6316 3.05
      vertex 10.634 -23.0668 3.2
      vertex 11.5314 -22.6316 3.2
    endloop
  endfacet
  facet normal -0.436352 0.899776 0
    outer loop
      vertex 10.634 -23.0668 3.2
      vertex 11.5314 -22.6316 3.05
      vertex 10.634 -23.0668 3.05
    endloop
  endfacet
  facet normal -0.436352 0.899776 0
    outer loop
      vertex 11.5314 -22.6316 9.2
      vertex 10.634 -23.0668 11.5
      vertex 11.5314 -22.6316 11.5
    endloop
  endfacet
  facet normal -0.436352 0.899776 0
    outer loop
      vertex 10.634 -23.0668 11.5
      vertex 11.5314 -22.6316 9.2
      vertex 10.634 -23.0668 9.2
    endloop
  endfacet
  facet normal -0.862755 0.505622 0
    outer loop
      vertex 21.6571 -13.2715 3.05
      vertex 22.1614 -12.411 11.5
      vertex 22.1614 -12.411 3.05
    endloop
  endfacet
  facet normal -0.862755 0.505622 0
    outer loop
      vertex 22.1614 -12.411 11.5
      vertex 21.6571 -13.2715 3.05
      vertex 21.6571 -13.2715 11.5
    endloop
  endfacet
  facet normal -0.881903 0.471431 0
    outer loop
      vertex 22.1614 -12.411 3.05
      vertex 22.6316 -11.5314 11.5
      vertex 22.6316 -11.5314 3.05
    endloop
  endfacet
  facet normal -0.881903 0.471431 0
    outer loop
      vertex 22.6316 -11.5314 11.5
      vertex 22.1614 -12.411 3.05
      vertex 22.1614 -12.411 11.5
    endloop
  endfacet
  facet normal -0.916196 0.40073 0
    outer loop
      vertex 23.0668 -10.634 3.05
      vertex 23.4665 -9.72016 11.5
      vertex 23.4665 -9.72016 3.05
    endloop
  endfacet
  facet normal -0.916196 0.40073 0
    outer loop
      vertex 23.4665 -9.72016 11.5
      vertex 23.0668 -10.634 3.05
      vertex 23.0668 -10.634 11.5
    endloop
  endfacet
  facet normal -0.747492 0.66427 0
    outer loop
      vertex 18.6518 -17.2415 3.05
      vertex 19.3143 -16.496 11.5
      vertex 19.3143 -16.496 3.05
    endloop
  endfacet
  facet normal -0.747492 0.66427 0
    outer loop
      vertex 19.3143 -16.496 11.5
      vertex 18.6518 -17.2415 3.05
      vertex 18.6518 -17.2415 11.5
    endloop
  endfacet
  facet normal -0.773032 0.634367 0
    outer loop
      vertex 19.3143 -16.496 3.05
      vertex 19.947 -15.725 11.5
      vertex 19.947 -15.725 3.05
    endloop
  endfacet
  facet normal -0.773032 0.634367 0
    outer loop
      vertex 19.947 -15.725 11.5
      vertex 19.3143 -16.496 3.05
      vertex 19.3143 -16.496 11.5
    endloop
  endfacet
  facet normal -0.82038 0.571819 0
    outer loop
      vertex 20.549 -14.9297 3.05
      vertex 21.1193 -14.1115 11.5
      vertex 21.1193 -14.1115 3.05
    endloop
  endfacet
  facet normal -0.82038 0.571819 0
    outer loop
      vertex 21.1193 -14.1115 11.5
      vertex 20.549 -14.9297 3.05
      vertex 20.549 -14.9297 11.5
    endloop
  endfacet
  facet normal 0.364539 0.931188 -0
    outer loop
      vertex -8.79137 -23.8301 3.05
      vertex -9.72016 -23.4665 11.5
      vertex -8.79137 -23.8301 11.5
    endloop
  endfacet
  facet normal 0.364539 0.931188 0
    outer loop
      vertex -9.72016 -23.4665 11.5
      vertex -8.79137 -23.8301 3.05
      vertex -9.72016 -23.4665 3.05
    endloop
  endfacet
  facet normal 0.136958 0.990577 -0
    outer loop
      vertex -2.98545 -25.2239 3.05
      vertex -3.97344 -25.0873 11.5
      vertex -2.98545 -25.2239 11.5
    endloop
  endfacet
  facet normal 0.136958 0.990577 0
    outer loop
      vertex -3.97344 -25.0873 11.5
      vertex -2.98545 -25.2239 3.05
      vertex -3.97344 -25.0873 3.05
    endloop
  endfacet
  facet normal 0.0196513 0.999807 -0
    outer loop
      vertex 0 -25.4 3.05
      vertex -0.997199 -25.3804 11.5
      vertex 0 -25.4 11.5
    endloop
  endfacet
  facet normal 0.0196513 0.999807 0
    outer loop
      vertex -0.997199 -25.3804 11.5
      vertex 0 -25.4 3.05
      vertex -0.997199 -25.3804 3.05
    endloop
  endfacet
  facet normal 0.290352 0.95692 -0
    outer loop
      vertex -6.89459 -24.4464 3.05
      vertex -7.84903 -24.1568 11.5
      vertex -6.89459 -24.4464 11.5
    endloop
  endfacet
  facet normal 0.290352 0.95692 0
    outer loop
      vertex -7.84903 -24.1568 11.5
      vertex -6.89459 -24.4464 3.05
      vertex -7.84903 -24.1568 3.05
    endloop
  endfacet
  facet normal 0.214261 0.976776 -0
    outer loop
      vertex -4.95529 -24.9119 3.05
      vertex -5.92951 -24.6982 11.5
      vertex -4.95529 -24.9119 11.5
    endloop
  endfacet
  facet normal 0.214261 0.976776 0
    outer loop
      vertex -5.92951 -24.6982 11.5
      vertex -4.95529 -24.9119 3.05
      vertex -5.92951 -24.6982 3.05
    endloop
  endfacet
  facet normal 0.505622 0.862755 -0
    outer loop
      vertex -12.411 -22.1614 3.05
      vertex -13.2715 -21.6571 11.5
      vertex -12.411 -22.1614 11.5
    endloop
  endfacet
  facet normal 0.505622 0.862755 0
    outer loop
      vertex -13.2715 -21.6571 11.5
      vertex -12.411 -22.1614 3.05
      vertex -13.2715 -21.6571 3.05
    endloop
  endfacet
  facet normal 0.471431 0.881903 -0
    outer loop
      vertex -11.5314 -22.6316 3.05
      vertex -12.411 -22.1614 11.5
      vertex -11.5314 -22.6316 11.5
    endloop
  endfacet
  facet normal 0.471431 0.881903 0
    outer loop
      vertex -12.411 -22.1614 11.5
      vertex -11.5314 -22.6316 3.05
      vertex -12.411 -22.1614 3.05
    endloop
  endfacet
  facet normal 0.40073 0.916196 -0
    outer loop
      vertex -9.72016 -23.4665 3.05
      vertex -10.634 -23.0668 11.5
      vertex -9.72016 -23.4665 11.5
    endloop
  endfacet
  facet normal 0.40073 0.916196 0
    outer loop
      vertex -10.634 -23.0668 11.5
      vertex -9.72016 -23.4665 3.05
      vertex -10.634 -23.0668 3.05
    endloop
  endfacet
  facet normal 0.66427 0.747492 -0
    outer loop
      vertex -16.496 -19.3143 3.05
      vertex -17.2415 -18.6518 11.5
      vertex -16.496 -19.3143 11.5
    endloop
  endfacet
  facet normal 0.66427 0.747492 0
    outer loop
      vertex -17.2415 -18.6518 11.5
      vertex -16.496 -19.3143 3.05
      vertex -17.2415 -18.6518 3.05
    endloop
  endfacet
  facet normal 0.634367 0.773032 -0
    outer loop
      vertex -15.725 -19.947 3.05
      vertex -16.496 -19.3143 11.5
      vertex -15.725 -19.947 11.5
    endloop
  endfacet
  facet normal 0.634367 0.773032 0
    outer loop
      vertex -16.496 -19.3143 11.5
      vertex -15.725 -19.947 3.05
      vertex -16.496 -19.3143 3.05
    endloop
  endfacet
  facet normal 0.571819 0.82038 -0
    outer loop
      vertex -14.1115 -21.1193 3.05
      vertex -14.9297 -20.549 11.5
      vertex -14.1115 -21.1193 11.5
    endloop
  endfacet
  facet normal 0.571819 0.82038 0
    outer loop
      vertex -14.9297 -20.549 11.5
      vertex -14.1115 -21.1193 3.05
      vertex -14.9297 -20.549 3.05
    endloop
  endfacet
  facet normal 0.967607 0.252459 0
    outer loop
      vertex -24.4464 -6.89459 11.5
      vertex -24.6982 -5.92951 3.05
      vertex -24.6982 -5.92951 11.5
    endloop
  endfacet
  facet normal 0.967607 0.252459 0
    outer loop
      vertex -24.6982 -5.92951 3.05
      vertex -24.4464 -6.89459 11.5
      vertex -24.4464 -6.89459 3.05
    endloop
  endfacet
  facet normal 0.944829 0.327563 0
    outer loop
      vertex -23.8301 -8.79137 11.5
      vertex -24.1568 -7.84903 3.05
      vertex -24.1568 -7.84903 11.5
    endloop
  endfacet
  facet normal 0.944829 0.327563 0
    outer loop
      vertex -24.1568 -7.84903 3.05
      vertex -23.8301 -8.79137 11.5
      vertex -23.8301 -8.79137 3.05
    endloop
  endfacet
  facet normal 0.995181 0.0980553 0
    outer loop
      vertex -25.2239 -2.98545 11.5
      vertex -25.3217 -1.99286 3.05
      vertex -25.3217 -1.99286 11.5
    endloop
  endfacet
  facet normal 0.995181 0.0980553 0
    outer loop
      vertex -25.3217 -1.99286 3.05
      vertex -25.2239 -2.98545 11.5
      vertex -25.2239 -2.98545 3.05
    endloop
  endfacet
  facet normal 0.998267 0.0588536 0
    outer loop
      vertex -25.3217 -1.99286 11.5
      vertex -25.3804 -0.997199 3.05
      vertex -25.3804 -0.997199 11.5
    endloop
  endfacet
  facet normal 0.998267 0.0588536 0
    outer loop
      vertex -25.3804 -0.997199 3.05
      vertex -25.3217 -1.99286 11.5
      vertex -25.3217 -1.99286 3.05
    endloop
  endfacet
  facet normal 0.84218 0.539196 0
    outer loop
      vertex -21.1193 -14.1115 11.5
      vertex -21.6571 -13.2715 3.05
      vertex -21.6571 -13.2715 11.5
    endloop
  endfacet
  facet normal 0.84218 0.539196 0
    outer loop
      vertex -21.6571 -13.2715 3.05
      vertex -21.1193 -14.1115 11.5
      vertex -21.1193 -14.1115 3.05
    endloop
  endfacet
  facet normal 0.899776 0.436352 0
    outer loop
      vertex -22.6316 -11.5314 11.5
      vertex -23.0668 -10.634 3.05
      vertex -23.0668 -10.634 11.5
    endloop
  endfacet
  facet normal 0.899776 0.436352 0
    outer loop
      vertex -23.0668 -10.634 3.05
      vertex -22.6316 -11.5314 11.5
      vertex -22.6316 -11.5314 3.05
    endloop
  endfacet
  facet normal 0.797333 0.603539 0
    outer loop
      vertex -19.947 -15.725 11.5
      vertex -20.549 -14.9297 3.05
      vertex -20.549 -14.9297 11.5
    endloop
  endfacet
  facet normal 0.797333 0.603539 0
    outer loop
      vertex -20.549 -14.9297 3.05
      vertex -19.947 -15.725 11.5
      vertex -19.947 -15.725 3.05
    endloop
  endfacet
  facet normal 0.720856 0.693085 0
    outer loop
      vertex -17.9605 -17.9605 11.5
      vertex -18.6518 -17.2415 3.05
      vertex -18.6518 -17.2415 11.5
    endloop
  endfacet
  facet normal 0.720856 0.693085 0
    outer loop
      vertex -18.6518 -17.2415 3.05
      vertex -17.9605 -17.9605 11.5
      vertex -17.9605 -17.9605 3.05
    endloop
  endfacet
  facet normal -0.999807 0.0196513 0
    outer loop
      vertex 25.3804 -0.997199 3.05
      vertex 25.4 0 11.5
      vertex 25.4 0 3.05
    endloop
  endfacet
  facet normal -0.999807 0.0196513 0
    outer loop
      vertex 25.4 0 11.5
      vertex 25.3804 -0.997199 3.05
      vertex 25.3804 -0.997199 11.5
    endloop
  endfacet
  facet normal -0.944829 0.327563 0
    outer loop
      vertex 23.8301 -8.79137 3.05
      vertex 24.1568 -7.84903 11.5
      vertex 24.1568 -7.84903 3.05
    endloop
  endfacet
  facet normal -0.944829 0.327563 0
    outer loop
      vertex 24.1568 -7.84903 11.5
      vertex 23.8301 -8.79137 3.05
      vertex 23.8301 -8.79137 11.5
    endloop
  endfacet
  facet normal -0.984415 0.175858 0
    outer loop
      vertex 24.9119 -4.95529 3.05
      vertex 25.0873 -3.97344 11.5
      vertex 25.0873 -3.97344 3.05
    endloop
  endfacet
  facet normal -0.984415 0.175858 0
    outer loop
      vertex 25.0873 -3.97344 11.5
      vertex 24.9119 -4.95529 3.05
      vertex 24.9119 -4.95529 11.5
    endloop
  endfacet
  facet normal -0.136958 0.990577 0
    outer loop
      vertex 3.97344 -25.0873 3.05
      vertex 2.98545 -25.2239 11.5
      vertex 3.97344 -25.0873 11.5
    endloop
  endfacet
  facet normal -0.136958 0.990577 0
    outer loop
      vertex 2.98545 -25.2239 11.5
      vertex 3.97344 -25.0873 3.05
      vertex 2.98545 -25.2239 3.05
    endloop
  endfacet
  facet normal -0.36451 0.9312 0
    outer loop
      vertex 9.72016 -23.4665 3.2
      vertex 9.72016 -23.4665 3.05
      vertex 9 -23.7484 3.2
    endloop
  endfacet
  facet normal -0.364539 0.931188 -0.000162251
    outer loop
      vertex 8.79137 -23.8301 3.05
      vertex 9 -23.7484 3.2
      vertex 9.72016 -23.4665 3.05
    endloop
  endfacet
  facet normal -0.364487 0.931208 -0.000245412
    outer loop
      vertex 9 -23.7484 3.2
      vertex 8.79137 -23.8301 3.05
      vertex 8.88222 -23.7945 3.20231
    endloop
  endfacet
  facet normal -0.364844 0.931069 0
    outer loop
      vertex 8.88222 -23.7945 3.20231
      vertex 8.79137 -23.8301 3.05
      vertex 8.79137 -23.8301 3.20767
    endloop
  endfacet
  facet normal -0.36451 0.9312 0
    outer loop
      vertex 9 -23.7484 9.2
      vertex 9.72016 -23.4665 11.5
      vertex 9.72016 -23.4665 9.2
    endloop
  endfacet
  facet normal -0.364539 0.931188 1.05816e-05
    outer loop
      vertex 9.72016 -23.4665 11.5
      vertex 9 -23.7484 9.2
      vertex 8.79137 -23.8301 11.5
    endloop
  endfacet
  facet normal -0.364483 0.93121 1.64126e-05
    outer loop
      vertex 8.88222 -23.7945 9.19769
      vertex 8.79137 -23.8301 11.5
      vertex 9 -23.7484 9.2
    endloop
  endfacet
  facet normal -0.364844 0.931069 0
    outer loop
      vertex 8.79137 -23.8301 11.5
      vertex 8.88222 -23.7945 9.19769
      vertex 8.79137 -23.8301 9.19233
    endloop
  endfacet
  facet normal -0.634183 0.773183 0
    outer loop
      vertex 16.496 -19.3143 3.05
      vertex 16.4693 -19.3362 3.23693
      vertex 16.496 -19.3143 3.2417
    endloop
  endfacet
  facet normal -0.634493 0.772928 -7.40071e-05
    outer loop
      vertex 16.496 -19.3143 3.05
      vertex 16.3526 -19.432 3.22079
      vertex 16.4693 -19.3362 3.23693
    endloop
  endfacet
  facet normal -0.634457 0.772958 -2.2827e-05
    outer loop
      vertex 16.496 -19.3143 3.05
      vertex 16.2354 -19.5282 3.20925
      vertex 16.3526 -19.432 3.22079
    endloop
  endfacet
  facet normal -0.634356 0.773041 0.000253711
    outer loop
      vertex 16.496 -19.3143 3.05
      vertex 16.1178 -19.6247 3.20231
      vertex 16.2354 -19.5282 3.20925
    endloop
  endfacet
  facet normal -0.634367 0.773032 0.00020578
    outer loop
      vertex 15.725 -19.947 3.05
      vertex 16.1178 -19.6247 3.20231
      vertex 16.496 -19.3143 3.05
    endloop
  endfacet
  facet normal -0.634496 0.772926 0.000763182
    outer loop
      vertex 16.1178 -19.6247 3.20231
      vertex 15.725 -19.947 3.05
      vertex 16 -19.7214 3.2
    endloop
  endfacet
  facet normal -0.634248 0.77313 0
    outer loop
      vertex 16 -19.7214 3.2
      vertex 15.725 -19.947 3.05
      vertex 15.725 -19.947 3.2
    endloop
  endfacet
  facet normal -0.634367 0.773032 -1.36134e-05
    outer loop
      vertex 16.1178 -19.6247 9.19769
      vertex 15.725 -19.947 11.5
      vertex 16.496 -19.3143 11.5
    endloop
  endfacet
  facet normal -0.634488 0.772933 -4.80966e-05
    outer loop
      vertex 15.725 -19.947 11.5
      vertex 16.1178 -19.6247 9.19769
      vertex 16 -19.7214 9.2
    endloop
  endfacet
  facet normal -0.634348 0.773048 -1.90592e-05
    outer loop
      vertex 16.496 -19.3143 11.5
      vertex 16.2354 -19.5282 9.19075
      vertex 16.1178 -19.6247 9.19769
    endloop
  endfacet
  facet normal -0.634458 0.772957 1.80773e-06
    outer loop
      vertex 16.496 -19.3143 11.5
      vertex 16.3526 -19.432 9.1792
      vertex 16.2354 -19.5282 9.19075
    endloop
  endfacet
  facet normal -0.634499 0.772924 6.02715e-06
    outer loop
      vertex 16.496 -19.3143 11.5
      vertex 16.4693 -19.3362 9.16306
      vertex 16.3526 -19.432 9.1792
    endloop
  endfacet
  facet normal -0.634183 0.773183 0
    outer loop
      vertex 16.4693 -19.3362 9.16306
      vertex 16.496 -19.3143 11.5
      vertex 16.496 -19.3143 9.1583
    endloop
  endfacet
  facet normal -0.634248 0.77313 0
    outer loop
      vertex 15.725 -19.947 11.5
      vertex 16 -19.7214 9.2
      vertex 15.725 -19.947 9.2
    endloop
  endfacet
  facet normal -0.471431 0.881903 0
    outer loop
      vertex 12.411 -22.1614 3.05
      vertex 11.5314 -22.6316 3.2
      vertex 12.411 -22.1614 3.2
    endloop
  endfacet
  facet normal -0.471431 0.881903 0
    outer loop
      vertex 11.5314 -22.6316 3.2
      vertex 12.411 -22.1614 3.05
      vertex 11.5314 -22.6316 3.05
    endloop
  endfacet
  facet normal -0.471431 0.881903 0
    outer loop
      vertex 12.411 -22.1614 9.2
      vertex 11.5314 -22.6316 11.5
      vertex 12.411 -22.1614 11.5
    endloop
  endfacet
  facet normal -0.471431 0.881903 0
    outer loop
      vertex 11.5314 -22.6316 11.5
      vertex 12.411 -22.1614 9.2
      vertex 11.5314 -22.6316 9.2
    endloop
  endfacet
  facet normal -0.899791 0.43632 0
    outer loop
      vertex 22.7923 -11.2 3.05
      vertex 22.6316 -11.5314 3.05
      vertex 22.7923 -11.2 3.85
    endloop
  endfacet
  facet normal -0.899752 0.436402 0
    outer loop
      vertex 22.9 -10.9779 3.85
      vertex 23.0668 -10.634 3.05
      vertex 22.9 -10.9779 3.05
    endloop
  endfacet
  facet normal -0.899752 0.436402 0
    outer loop
      vertex 23.0668 -10.634 3.05
      vertex 22.9 -10.9779 3.85
      vertex 23.0668 -10.634 11.5
    endloop
  endfacet
  facet normal -0.89979 0.436323 4.36903e-06
    outer loop
      vertex 22.7923 -11.2 3.85
      vertex 23.0668 -10.634 11.5
      vertex 22.9 -10.9779 3.85
    endloop
  endfacet
  facet normal -0.899791 0.43632 0
    outer loop
      vertex 22.6316 -11.5314 11.5
      vertex 22.7923 -11.2 3.85
      vertex 22.6316 -11.5314 3.05
    endloop
  endfacet
  facet normal -0.899776 0.436352 1.71695e-06
    outer loop
      vertex 22.7923 -11.2 3.85
      vertex 22.6316 -11.5314 11.5
      vertex 23.0668 -10.634 11.5
    endloop
  endfacet
  facet normal -0.797333 0.603539 0
    outer loop
      vertex 19.947 -15.725 3.05
      vertex 20.549 -14.9297 11.5
      vertex 20.549 -14.9297 3.05
    endloop
  endfacet
  facet normal -0.797333 0.603539 0
    outer loop
      vertex 20.549 -14.9297 11.5
      vertex 19.947 -15.725 3.05
      vertex 19.947 -15.725 11.5
    endloop
  endfacet
  facet normal 0.327563 0.944829 -0
    outer loop
      vertex -7.84903 -24.1568 3.05
      vertex -8.79137 -23.8301 11.5
      vertex -7.84903 -24.1568 11.5
    endloop
  endfacet
  facet normal 0.327563 0.944829 0
    outer loop
      vertex -8.79137 -23.8301 11.5
      vertex -7.84903 -24.1568 3.05
      vertex -8.79137 -23.8301 3.05
    endloop
  endfacet
  facet normal 0.436352 0.899776 -0
    outer loop
      vertex -10.634 -23.0668 3.05
      vertex -11.5314 -22.6316 11.5
      vertex -10.634 -23.0668 11.5
    endloop
  endfacet
  facet normal 0.436352 0.899776 0
    outer loop
      vertex -11.5314 -22.6316 11.5
      vertex -10.634 -23.0668 3.05
      vertex -11.5314 -22.6316 3.05
    endloop
  endfacet
  facet normal 0.603539 0.797333 -0
    outer loop
      vertex -14.9297 -20.549 3.05
      vertex -15.725 -19.947 11.5
      vertex -14.9297 -20.549 11.5
    endloop
  endfacet
  facet normal 0.603539 0.797333 0
    outer loop
      vertex -15.725 -19.947 11.5
      vertex -14.9297 -20.549 3.05
      vertex -15.725 -19.947 3.05
    endloop
  endfacet
  facet normal 0.931188 0.364539 0
    outer loop
      vertex -23.4665 -9.72016 11.5
      vertex -23.8301 -8.79137 3.05
      vertex -23.8301 -8.79137 11.5
    endloop
  endfacet
  facet normal 0.931188 0.364539 0
    outer loop
      vertex -23.8301 -8.79137 3.05
      vertex -23.4665 -9.72016 11.5
      vertex -23.4665 -9.72016 3.05
    endloop
  endfacet
  facet normal 0.990577 0.136958 0
    outer loop
      vertex -25.0873 -3.97344 11.5
      vertex -25.2239 -2.98545 3.05
      vertex -25.2239 -2.98545 11.5
    endloop
  endfacet
  facet normal 0.990577 0.136958 0
    outer loop
      vertex -25.2239 -2.98545 3.05
      vertex -25.0873 -3.97344 11.5
      vertex -25.0873 -3.97344 3.05
    endloop
  endfacet
  facet normal -0 0 1
    outer loop
      vertex 2.4 11.2 3.85
      vertex 2.9 -11.2 3.85
      vertex 2.9 11.2 3.85
    endloop
  endfacet
  facet normal 0 0 1
    outer loop
      vertex 2.9 -11.2 3.85
      vertex 2.4 11.2 3.85
      vertex 2.4 -11.2 3.85
    endloop
  endfacet
  facet normal 1 -0 0
    outer loop
      vertex 2.9 -11.2 3.85
      vertex 2.9 11.2 3.05
      vertex 2.9 11.2 3.85
    endloop
  endfacet
  facet normal 1 0 0
    outer loop
      vertex 2.9 11.2 3.05
      vertex 2.9 -11.2 3.85
      vertex 2.9 -11.2 3.05
    endloop
  endfacet
  facet normal 0 1 -0
    outer loop
      vertex 2.9 11.2 3.05
      vertex 2.4 11.2 3.85
      vertex 2.9 11.2 3.85
    endloop
  endfacet
  facet normal 0 1 0
    outer loop
      vertex 2.4 11.2 3.85
      vertex 2.9 11.2 3.05
      vertex 2.4 11.2 3.05
    endloop
  endfacet
  facet normal 0 -1 0
    outer loop
      vertex 2.4 -11.2 3.05
      vertex 2.9 -11.2 3.85
      vertex 2.4 -11.2 3.85
    endloop
  endfacet
  facet normal 0 -1 -0
    outer loop
      vertex 2.9 -11.2 3.85
      vertex 2.4 -11.2 3.05
      vertex 2.9 -11.2 3.05
    endloop
  endfacet
  facet normal -1 0 0
    outer loop
      vertex 22.1 -11.2 3.05
      vertex 22.1 11.2 3.85
      vertex 22.1 11.2 3.05
    endloop
  endfacet
  facet normal -1 -0 0
    outer loop
      vertex 22.1 11.2 3.85
      vertex 22.1 -11.2 3.05
      vertex 22.1 -11.2 3.85
    endloop
  endfacet
  facet normal -0 0 1
    outer loop
      vertex 22.1 11.2 3.85
      vertex 22.9 10.9779 3.85
      vertex 22.7923 11.2 3.85
    endloop
  endfacet
  facet normal 0 0 1
    outer loop
      vertex 22.9 10.9779 3.85
      vertex 22.1 11.2 3.85
      vertex 22.9 -10.9779 3.85
    endloop
  endfacet
  facet normal 0 0 1
    outer loop
      vertex 22.1 -11.2 3.85
      vertex 22.9 -10.9779 3.85
      vertex 22.1 11.2 3.85
    endloop
  endfacet
  facet normal 0 0 1
    outer loop
      vertex 22.9 -10.9779 3.85
      vertex 22.1 -11.2 3.85
      vertex 22.7923 -11.2 3.85
    endloop
  endfacet
  facet normal 1 -0 0
    outer loop
      vertex 22.9 -10.9779 3.85
      vertex 22.9 10.9779 3.05
      vertex 22.9 10.9779 3.85
    endloop
  endfacet
  facet normal 1 0 0
    outer loop
      vertex 22.9 10.9779 3.05
      vertex 22.9 -10.9779 3.85
      vertex 22.9 -10.9779 3.05
    endloop
  endfacet
  facet normal 0 -1 0
    outer loop
      vertex 22.1 -11.2 3.05
      vertex 22.7923 -11.2 3.85
      vertex 22.1 -11.2 3.85
    endloop
  endfacet
  facet normal 0 -1 -0
    outer loop
      vertex 22.7923 -11.2 3.85
      vertex 22.1 -11.2 3.05
      vertex 22.7923 -11.2 3.05
    endloop
  endfacet
  facet normal 0 1 -0
    outer loop
      vertex 22.7923 11.2 3.05
      vertex 22.1 11.2 3.85
      vertex 22.7923 11.2 3.85
    endloop
  endfacet
  facet normal 0 1 0
    outer loop
      vertex 22.1 11.2 3.85
      vertex 22.7923 11.2 3.05
      vertex 22.1 11.2 3.05
    endloop
  endfacet
  facet normal 0 0 1
    outer loop
      vertex 1.69228 13.1961 4.05
      vertex 2.4 13.2 4.05
      vertex 2.39768 13.3178 4.05
    endloop
  endfacet
  facet normal 0 0 1
    outer loop
      vertex 2.4 13.2 4.05
      vertex 1.7 13 4.05
      vertex 2.4 -13.2 4.05
    endloop
  endfacet
  facet normal 0 0 1
    outer loop
      vertex 1.68267 13.2938 4.05
      vertex 2.39768 13.3178 4.05
      vertex 2.39075 13.4354 4.05
    endloop
  endfacet
  facet normal -0 0 1
    outer loop
      vertex 1.7 -13 4.05
      vertex 2.4 -13.2 4.05
      vertex 1.7 13 4.05
    endloop
  endfacet
  facet normal 0 0 1
    outer loop
      vertex 1.66921 13.3911 4.05
      vertex 2.39075 13.4354 4.05
      vertex 2.3792 13.5526 4.05
    endloop
  endfacet
  facet normal -0 0 1
    outer loop
      vertex 1.69806 -13.0981 4.05
      vertex 2.4 -13.2 4.05
      vertex 1.7 -13 4.05
    endloop
  endfacet
  facet normal 0 0 1
    outer loop
      vertex 1.65195 13.4877 4.05
      vertex 2.3792 13.5526 4.05
      vertex 2.36306 13.6693 4.05
    endloop
  endfacet
  facet normal -0 0 1
    outer loop
      vertex 1.69228 -13.1961 4.05
      vertex 2.4 -13.2 4.05
      vertex 1.69806 -13.0981 4.05
    endloop
  endfacet
  facet normal 0 0 1
    outer loop
      vertex 1.63092 13.5836 4.05
      vertex 2.36306 13.6693 4.05
      vertex 2.34235 13.7853 4.05
    endloop
  endfacet
  facet normal 0 0 1
    outer loop
      vertex 2.4 -13.2 4.05
      vertex 1.69228 -13.1961 4.05
      vertex 2.39768 -13.3178 4.05
    endloop
  endfacet
  facet normal 0 0 1
    outer loop
      vertex 1.60613 13.6786 4.05
      vertex 2.34235 13.7853 4.05
      vertex 2.3171 13.9003 4.05
    endloop
  endfacet
  facet normal -0 0 1
    outer loop
      vertex 1.68267 -13.2938 4.05
      vertex 2.39768 -13.3178 4.05
      vertex 1.69228 -13.1961 4.05
    endloop
  endfacet
  facet normal 0 0 1
    outer loop
      vertex 1.57764 13.7725 4.05
      vertex 2.3171 13.9003 4.05
      vertex 2.28736 14.0143 4.05
    endloop
  endfacet
  facet normal 0 0 1
    outer loop
      vertex 2.39768 -13.3178 4.05
      vertex 1.68267 -13.2938 4.05
      vertex 2.39075 -13.4354 4.05
    endloop
  endfacet
  facet normal 0 0 1
    outer loop
      vertex 1.54547 13.8653 4.05
      vertex 2.28736 14.0143 4.05
      vertex 2.25316 14.127 4.05
    endloop
  endfacet
  facet normal -0 0 1
    outer loop
      vertex 1.66921 -13.3911 4.05
      vertex 2.39075 -13.4354 4.05
      vertex 1.68267 -13.2938 4.05
    endloop
  endfacet
  facet normal 0 0 1
    outer loop
      vertex 1.50969 13.9567 4.05
      vertex 2.25316 14.127 4.05
      vertex 2.21457 14.2383 4.05
    endloop
  endfacet
  facet normal 0 0 1
    outer loop
      vertex 2.39075 -13.4354 4.05
      vertex 1.66921 -13.3911 4.05
      vertex 2.3792 -13.5526 4.05
    endloop
  endfacet
  facet normal 0 0 1
    outer loop
      vertex 1.50969 13.9567 4.05
      vertex 2.21457 14.2383 4.05
      vertex 2.17163 14.348 4.05
    endloop
  endfacet
  facet normal -0 0 1
    outer loop
      vertex 1.65195 -13.4877 4.05
      vertex 2.3792 -13.5526 4.05
      vertex 1.66921 -13.3911 4.05
    endloop
  endfacet
  facet normal 0 0 1
    outer loop
      vertex 1.47036 14.0466 4.05
      vertex 2.17163 14.348 4.05
      vertex 2.12442 14.456 4.05
    endloop
  endfacet
  facet normal 0 0 1
    outer loop
      vertex 2.3792 -13.5526 4.05
      vertex 1.65195 -13.4877 4.05
      vertex 2.36306 -13.6693 4.05
    endloop
  endfacet
  facet normal 0 0 1
    outer loop
      vertex 1.42751 14.135 4.05
      vertex 2.12442 14.456 4.05
      vertex 2.07302 14.562 4.05
    endloop
  endfacet
  facet normal -0 0 1
    outer loop
      vertex 1.63092 -13.5836 4.05
      vertex 2.36306 -13.6693 4.05
      vertex 1.65195 -13.4877 4.05
    endloop
  endfacet
  facet normal 0 0 1
    outer loop
      vertex 1.38123 14.2215 4.05
      vertex 2.07302 14.562 4.05
      vertex 2.01747 14.6659 4.05
    endloop
  endfacet
  facet normal 0 0 1
    outer loop
      vertex 2.36306 -13.6693 4.05
      vertex 1.63092 -13.5836 4.05
      vertex 2.34235 -13.7853 4.05
    endloop
  endfacet
  facet normal 0 0 1
    outer loop
      vertex 1.33159 14.3062 4.05
      vertex 2.01747 14.6659 4.05
      vertex 1.95792 14.7675 4.05
    endloop
  endfacet
  facet normal -0 0 1
    outer loop
      vertex 1.60613 -13.6786 4.05
      vertex 2.34235 -13.7853 4.05
      vertex 1.63092 -13.5836 4.05
    endloop
  endfacet
  facet normal 0 0 1
    outer loop
      vertex 1.27866 14.3889 4.05
      vertex 1.95792 14.7675 4.05
      vertex 1.8944 14.8667 4.05
    endloop
  endfacet
  facet normal 0 0 1
    outer loop
      vertex 2.34235 -13.7853 4.05
      vertex 1.60613 -13.6786 4.05
      vertex 2.3171 -13.9003 4.05
    endloop
  endfacet
  facet normal 0 0 1
    outer loop
      vertex 1.22254 14.4695 4.05
      vertex 1.8944 14.8667 4.05
      vertex 1.82704 14.9633 4.05
    endloop
  endfacet
  facet normal -0 0 1
    outer loop
      vertex 1.57764 -13.7725 4.05
      vertex 2.3171 -13.9003 4.05
      vertex 1.60613 -13.6786 4.05
    endloop
  endfacet
  facet normal 0 0 1
    outer loop
      vertex 1.16329 14.5477 4.05
      vertex 1.82704 14.9633 4.05
      vertex 1.75594 15.0573 4.05
    endloop
  endfacet
  facet normal 0 0 1
    outer loop
      vertex 2.3171 -13.9003 4.05
      vertex 1.57764 -13.7725 4.05
      vertex 2.28736 -14.0143 4.05
    endloop
  endfacet
  facet normal -0 0 1
    outer loop
      vertex 1.54547 -13.8653 4.05
      vertex 2.28736 -14.0143 4.05
      vertex 1.57764 -13.7725 4.05
    endloop
  endfacet
  facet normal 0 0 1
    outer loop
      vertex 2.4 13.2 4.05
      vertex 1.69806 13.0981 4.05
      vertex 1.7 13 4.05
    endloop
  endfacet
  facet normal 0 0 1
    outer loop
      vertex 2.4 13.2 4.05
      vertex 1.69228 13.1961 4.05
      vertex 1.69806 13.0981 4.05
    endloop
  endfacet
  facet normal 0 0 1
    outer loop
      vertex 2.39768 13.3178 4.05
      vertex 1.68267 13.2938 4.05
      vertex 1.69228 13.1961 4.05
    endloop
  endfacet
  facet normal 0 0 1
    outer loop
      vertex 1.101 14.6236 4.05
      vertex 1.75594 15.0573 4.05
      vertex 1.68122 15.1483 4.05
    endloop
  endfacet
  facet normal 0 0 1
    outer loop
      vertex 2.39075 13.4354 4.05
      vertex 1.66921 13.3911 4.05
      vertex 1.68267 13.2938 4.05
    endloop
  endfacet
  facet normal 0 0 1
    outer loop
      vertex 2.3792 13.5526 4.05
      vertex 1.65195 13.4877 4.05
      vertex 1.66921 13.3911 4.05
    endloop
  endfacet
  facet normal 0 0 1
    outer loop
      vertex 2.36306 13.6693 4.05
      vertex 1.63092 13.5836 4.05
      vertex 1.65195 13.4877 4.05
    endloop
  endfacet
  facet normal 0 0 1
    outer loop
      vertex 2.34235 13.7853 4.05
      vertex 1.60613 13.6786 4.05
      vertex 1.63092 13.5836 4.05
    endloop
  endfacet
  facet normal 0 0 1
    outer loop
      vertex 1.0358 14.697 4.05
      vertex 1.68122 15.1483 4.05
      vertex 1.60295 15.2364 4.05
    endloop
  endfacet
  facet normal 0 0 1
    outer loop
      vertex 2.3171 13.9003 4.05
      vertex 1.57764 13.7725 4.05
      vertex 1.60613 13.6786 4.05
    endloop
  endfacet
  facet normal 0 0 1
    outer loop
      vertex 2.28736 14.0143 4.05
      vertex 1.54547 13.8653 4.05
      vertex 1.57764 13.7725 4.05
    endloop
  endfacet
  facet normal 0 0 1
    outer loop
      vertex 0.967761 14.7678 4.05
      vertex 1.60295 15.2364 4.05
      vertex 1.52132 15.3213 4.05
    endloop
  endfacet
  facet normal 0 0 1
    outer loop
      vertex 2.25316 14.127 4.05
      vertex 1.50969 13.9567 4.05
      vertex 1.54547 13.8653 4.05
    endloop
  endfacet
  facet normal 0 0 1
    outer loop
      vertex 2.17163 14.348 4.05
      vertex 1.47036 14.0466 4.05
      vertex 1.50969 13.9567 4.05
    endloop
  endfacet
  facet normal 0 0 1
    outer loop
      vertex 0.967761 14.7678 4.05
      vertex 1.52132 15.3213 4.05
      vertex 1.43639 15.403 4.05
    endloop
  endfacet
  facet normal 0 0 1
    outer loop
      vertex 2.12442 14.456 4.05
      vertex 1.42751 14.135 4.05
      vertex 1.47036 14.0466 4.05
    endloop
  endfacet
  facet normal 0 0 1
    outer loop
      vertex 2.07302 14.562 4.05
      vertex 1.38123 14.2215 4.05
      vertex 1.42751 14.135 4.05
    endloop
  endfacet
  facet normal 0 0 1
    outer loop
      vertex 0.896991 14.8358 4.05
      vertex 1.43639 15.403 4.05
      vertex 1.34833 15.4812 4.05
    endloop
  endfacet
  facet normal 0 0 1
    outer loop
      vertex 2.01747 14.6659 4.05
      vertex 1.33159 14.3062 4.05
      vertex 1.38123 14.2215 4.05
    endloop
  endfacet
  facet normal 0 0 1
    outer loop
      vertex 1.95792 14.7675 4.05
      vertex 1.27866 14.3889 4.05
      vertex 1.33159 14.3062 4.05
    endloop
  endfacet
  facet normal 0 0 1
    outer loop
      vertex 0.823611 14.901 4.05
      vertex 1.34833 15.4812 4.05
      vertex 1.25728 15.5559 4.05
    endloop
  endfacet
  facet normal 0 0 1
    outer loop
      vertex 1.8944 14.8667 4.05
      vertex 1.22254 14.4695 4.05
      vertex 1.27866 14.3889 4.05
    endloop
  endfacet
  facet normal 0 0 1
    outer loop
      vertex 0.747729 14.9633 4.05
      vertex 1.25728 15.5559 4.05
      vertex 1.16335 15.627 4.05
    endloop
  endfacet
  facet normal 0 0 1
    outer loop
      vertex 1.82704 14.9633 4.05
      vertex 1.16329 14.5477 4.05
      vertex 1.22254 14.4695 4.05
    endloop
  endfacet
  facet normal 0 0 1
    outer loop
      vertex 1.75594 15.0573 4.05
      vertex 1.101 14.6236 4.05
      vertex 1.16329 14.5477 4.05
    endloop
  endfacet
  facet normal 0 0 1
    outer loop
      vertex 0.669452 15.0225 4.05
      vertex 1.16335 15.627 4.05
      vertex 1.0667 15.6944 4.05
    endloop
  endfacet
  facet normal 0 0 1
    outer loop
      vertex 1.68122 15.1483 4.05
      vertex 1.0358 14.697 4.05
      vertex 1.101 14.6236 4.05
    endloop
  endfacet
  facet normal 0 0 1
    outer loop
      vertex 1.60295 15.2364 4.05
      vertex 0.967761 14.7678 4.05
      vertex 1.0358 14.697 4.05
    endloop
  endfacet
  facet normal 0 0 1
    outer loop
      vertex 0.588916 15.0787 4.05
      vertex 1.0667 15.6944 4.05
      vertex 0.967486 15.7579 4.05
    endloop
  endfacet
  facet normal 0 0 1
    outer loop
      vertex 1.43639 15.403 4.05
      vertex 0.896991 14.8358 4.05
      vertex 0.967761 14.7678 4.05
    endloop
  endfacet
  facet normal 0 0 1
    outer loop
      vertex 0.506244 15.1316 4.05
      vertex 0.967486 15.7579 4.05
      vertex 0.865863 15.8175 4.05
    endloop
  endfacet
  facet normal 0 0 1
    outer loop
      vertex 1.34833 15.4812 4.05
      vertex 0.823611 14.901 4.05
      vertex 0.896991 14.8358 4.05
    endloop
  endfacet
  facet normal 0 0 1
    outer loop
      vertex 0.421542 15.1812 4.05
      vertex 0.865863 15.8175 4.05
      vertex 0.761966 15.873 4.05
    endloop
  endfacet
  facet normal 0 0 1
    outer loop
      vertex 1.25728 15.5559 4.05
      vertex 0.747729 14.9633 4.05
      vertex 0.823611 14.901 4.05
    endloop
  endfacet
  facet normal 0 0 1
    outer loop
      vertex 1.16335 15.627 4.05
      vertex 0.669452 15.0225 4.05
      vertex 0.747729 14.9633 4.05
    endloop
  endfacet
  facet normal 0 0 1
    outer loop
      vertex 0.334964 15.2275 4.05
      vertex 0.761966 15.873 4.05
      vertex 0.655978 15.9244 4.05
    endloop
  endfacet
  facet normal 0 0 1
    outer loop
      vertex 1.0667 15.6944 4.05
      vertex 0.588916 15.0787 4.05
      vertex 0.669452 15.0225 4.05
    endloop
  endfacet
  facet normal 0 0 1
    outer loop
      vertex 0.246646 15.2704 4.05
      vertex 0.655978 15.9244 4.05
      vertex 0.548038 15.9716 4.05
    endloop
  endfacet
  facet normal 0 0 1
    outer loop
      vertex 0.967486 15.7579 4.05
      vertex 0.506244 15.1316 4.05
      vertex 0.588916 15.0787 4.05
    endloop
  endfacet
  facet normal 0 0 1
    outer loop
      vertex 0.246646 15.2704 4.05
      vertex 0.548038 15.9716 4.05
      vertex 0.438342 16.0146 4.05
    endloop
  endfacet
  facet normal 0 0 1
    outer loop
      vertex 0.865863 15.8175 4.05
      vertex 0.421542 15.1812 4.05
      vertex 0.506244 15.1316 4.05
    endloop
  endfacet
  facet normal 0 0 1
    outer loop
      vertex 0.761966 15.873 4.05
      vertex 0.334964 15.2275 4.05
      vertex 0.421542 15.1812 4.05
    endloop
  endfacet
  facet normal 0 0 1
    outer loop
      vertex 0.156695 15.3097 4.05
      vertex 0.438342 16.0146 4.05
      vertex 0.327044 16.0532 4.05
    endloop
  endfacet
  facet normal 0 0 1
    outer loop
      vertex 0.655978 15.9244 4.05
      vertex 0.246646 15.2704 4.05
      vertex 0.334964 15.2275 4.05
    endloop
  endfacet
  facet normal 0 0 1
    outer loop
      vertex 0.06528 15.3455 4.05
      vertex 0.327044 16.0532 4.05
      vertex 0.214313 16.0874 4.05
    endloop
  endfacet
  facet normal 0 0 1
    outer loop
      vertex 0.438342 16.0146 4.05
      vertex 0.156695 15.3097 4.05
      vertex 0.246646 15.2704 4.05
    endloop
  endfacet
  facet normal 0 0 1
    outer loop
      vertex -0.027462 15.3776 4.05
      vertex 0.214313 16.0874 4.05
      vertex 0.100329 16.1171 4.05
    endloop
  endfacet
  facet normal 0 0 1
    outer loop
      vertex 0.327044 16.0532 4.05
      vertex 0.06528 15.3455 4.05
      vertex 0.156695 15.3097 4.05
    endloop
  endfacet
  facet normal 0 0 1
    outer loop
      vertex -0.12141 15.4061 4.05
      vertex 0.100329 16.1171 4.05
      vertex -0.0147362 16.1423 4.05
    endloop
  endfacet
  facet normal 0 0 1
    outer loop
      vertex 0.214313 16.0874 4.05
      vertex -0.027462 15.3776 4.05
      vertex 0.06528 15.3455 4.05
    endloop
  endfacet
  facet normal 0 0 1
    outer loop
      vertex 0.100329 16.1171 4.05
      vertex -0.12141 15.4061 4.05
      vertex -0.027462 15.3776 4.05
    endloop
  endfacet
  facet normal 0 0 1
    outer loop
      vertex -0.216396 15.4309 4.05
      vertex -0.0147362 16.1423 4.05
      vertex -0.130703 16.1631 4.05
    endloop
  endfacet
  facet normal 0 0 1
    outer loop
      vertex -0.0147362 16.1423 4.05
      vertex -0.216396 15.4309 4.05
      vertex -0.12141 15.4061 4.05
    endloop
  endfacet
  facet normal 0 0 1
    outer loop
      vertex -0.312283 15.452 4.05
      vertex -0.130703 16.1631 4.05
      vertex -0.247402 16.1792 4.05
    endloop
  endfacet
  facet normal 0 0 1
    outer loop
      vertex -0.130703 16.1631 4.05
      vertex -0.312283 15.452 4.05
      vertex -0.216396 15.4309 4.05
    endloop
  endfacet
  facet normal 0 0 1
    outer loop
      vertex -0.408916 15.4692 4.05
      vertex -0.247402 16.1792 4.05
      vertex -0.364635 16.1908 4.05
    endloop
  endfacet
  facet normal 0 0 1
    outer loop
      vertex -0.247402 16.1792 4.05
      vertex -0.408916 15.4692 4.05
      vertex -0.312283 15.452 4.05
    endloop
  endfacet
  facet normal 0 0 1
    outer loop
      vertex -0.506161 15.4827 4.05
      vertex -0.364635 16.1908 4.05
      vertex -0.482235 16.1977 4.05
    endloop
  endfacet
  facet normal 0 0 1
    outer loop
      vertex -0.364635 16.1908 4.05
      vertex -0.506161 15.4827 4.05
      vertex -0.408916 15.4692 4.05
    endloop
  endfacet
  facet normal 0 0 1
    outer loop
      vertex -0.603863 15.4923 4.05
      vertex -0.482235 16.1977 4.05
      vertex -0.600002 16.2 4.05
    endloop
  endfacet
  facet normal 0 0 1
    outer loop
      vertex -0.482235 16.1977 4.05
      vertex -0.603863 15.4923 4.05
      vertex -0.506161 15.4827 4.05
    endloop
  endfacet
  facet normal 0 0 1
    outer loop
      vertex -0.600002 16.2 4.05
      vertex -0.701855 15.4981 4.05
      vertex -0.603863 15.4923 4.05
    endloop
  endfacet
  facet normal 0 0 1
    outer loop
      vertex -0.600002 16.2 4.05
      vertex -0.799999 15.5 4.05
      vertex -0.701855 15.4981 4.05
    endloop
  endfacet
  facet normal 0 0 1
    outer loop
      vertex -0.600002 16.2 4.05
      vertex -16.8 15.5 4.05
      vertex -0.799999 15.5 4.05
    endloop
  endfacet
  facet normal -0 0 1
    outer loop
      vertex -17 16.2 4.05
      vertex -16.8 15.5 4.05
      vertex -0.600002 16.2 4.05
    endloop
  endfacet
  facet normal 0 0 1
    outer loop
      vertex -16.8 15.5 4.05
      vertex -17 16.2 4.05
      vertex -16.8981 15.4981 4.05
    endloop
  endfacet
  facet normal 0 0 1
    outer loop
      vertex -17 16.2 4.05
      vertex -16.9961 15.4923 4.05
      vertex -16.8981 15.4981 4.05
    endloop
  endfacet
  facet normal -0 0 1
    outer loop
      vertex -17.1178 16.1977 4.05
      vertex -16.9961 15.4923 4.05
      vertex -17 16.2 4.05
    endloop
  endfacet
  facet normal 0 0 1
    outer loop
      vertex -16.9961 15.4923 4.05
      vertex -17.1178 16.1977 4.05
      vertex -17.0938 15.4827 4.05
    endloop
  endfacet
  facet normal -0 0 1
    outer loop
      vertex -17.2354 16.1908 4.05
      vertex -17.0938 15.4827 4.05
      vertex -17.1178 16.1977 4.05
    endloop
  endfacet
  facet normal 0 0 1
    outer loop
      vertex -17.0938 15.4827 4.05
      vertex -17.2354 16.1908 4.05
      vertex -17.1911 15.4692 4.05
    endloop
  endfacet
  facet normal -0 0 1
    outer loop
      vertex -17.3526 16.1792 4.05
      vertex -17.1911 15.4692 4.05
      vertex -17.2354 16.1908 4.05
    endloop
  endfacet
  facet normal 0 0 1
    outer loop
      vertex -17.1911 15.4692 4.05
      vertex -17.3526 16.1792 4.05
      vertex -17.2877 15.452 4.05
    endloop
  endfacet
  facet normal -0 0 1
    outer loop
      vertex -17.4693 16.1631 4.05
      vertex -17.2877 15.452 4.05
      vertex -17.3526 16.1792 4.05
    endloop
  endfacet
  facet normal 0 0 1
    outer loop
      vertex -17.2877 15.452 4.05
      vertex -17.4693 16.1631 4.05
      vertex -17.3836 15.4309 4.05
    endloop
  endfacet
  facet normal -0 0 1
    outer loop
      vertex -17.5853 16.1423 4.05
      vertex -17.3836 15.4309 4.05
      vertex -17.4693 16.1631 4.05
    endloop
  endfacet
  facet normal 0 0 1
    outer loop
      vertex -17.3836 15.4309 4.05
      vertex -17.5853 16.1423 4.05
      vertex -17.4786 15.4061 4.05
    endloop
  endfacet
  facet normal -0 0 1
    outer loop
      vertex -17.7003 16.1171 4.05
      vertex -17.4786 15.4061 4.05
      vertex -17.5853 16.1423 4.05
    endloop
  endfacet
  facet normal 0 0 1
    outer loop
      vertex -17.4786 15.4061 4.05
      vertex -17.7003 16.1171 4.05
      vertex -17.5725 15.3776 4.05
    endloop
  endfacet
  facet normal -0 0 1
    outer loop
      vertex -17.8143 16.0874 4.05
      vertex -17.5725 15.3776 4.05
      vertex -17.7003 16.1171 4.05
    endloop
  endfacet
  facet normal 0 0 1
    outer loop
      vertex -17.5725 15.3776 4.05
      vertex -17.8143 16.0874 4.05
      vertex -17.6653 15.3455 4.05
    endloop
  endfacet
  facet normal -0 0 1
    outer loop
      vertex -17.927 16.0532 4.05
      vertex -17.6653 15.3455 4.05
      vertex -17.8143 16.0874 4.05
    endloop
  endfacet
  facet normal 0 0 1
    outer loop
      vertex -17.6653 15.3455 4.05
      vertex -17.927 16.0532 4.05
      vertex -17.7567 15.3097 4.05
    endloop
  endfacet
  facet normal -0 0 1
    outer loop
      vertex -18.0383 16.0146 4.05
      vertex -17.7567 15.3097 4.05
      vertex -17.927 16.0532 4.05
    endloop
  endfacet
  facet normal 0 0 1
    outer loop
      vertex -17.7567 15.3097 4.05
      vertex -18.0383 16.0146 4.05
      vertex -17.8466 15.2704 4.05
    endloop
  endfacet
  facet normal -0 0 1
    outer loop
      vertex -18.148 15.9716 4.05
      vertex -17.8466 15.2704 4.05
      vertex -18.0383 16.0146 4.05
    endloop
  endfacet
  facet normal -0 0 1
    outer loop
      vertex -18.256 15.9244 4.05
      vertex -17.8466 15.2704 4.05
      vertex -18.148 15.9716 4.05
    endloop
  endfacet
  facet normal 0 0 1
    outer loop
      vertex -17.8466 15.2704 4.05
      vertex -18.256 15.9244 4.05
      vertex -17.935 15.2275 4.05
    endloop
  endfacet
  facet normal -0 0 1
    outer loop
      vertex -18.362 15.873 4.05
      vertex -17.935 15.2275 4.05
      vertex -18.256 15.9244 4.05
    endloop
  endfacet
  facet normal 0 0 1
    outer loop
      vertex -17.935 15.2275 4.05
      vertex -18.362 15.873 4.05
      vertex -18.0215 15.1812 4.05
    endloop
  endfacet
  facet normal -0 0 1
    outer loop
      vertex -18.4659 15.8175 4.05
      vertex -18.0215 15.1812 4.05
      vertex -18.362 15.873 4.05
    endloop
  endfacet
  facet normal 0 0 1
    outer loop
      vertex -18.0215 15.1812 4.05
      vertex -18.4659 15.8175 4.05
      vertex -18.1062 15.1316 4.05
    endloop
  endfacet
  facet normal -0 0 1
    outer loop
      vertex -18.5675 15.7579 4.05
      vertex -18.1062 15.1316 4.05
      vertex -18.4659 15.8175 4.05
    endloop
  endfacet
  facet normal 0 0 1
    outer loop
      vertex -18.1062 15.1316 4.05
      vertex -18.5675 15.7579 4.05
      vertex -18.1889 15.0787 4.05
    endloop
  endfacet
  facet normal -0 0 1
    outer loop
      vertex -18.6667 15.6944 4.05
      vertex -18.1889 15.0787 4.05
      vertex -18.5675 15.7579 4.05
    endloop
  endfacet
  facet normal 0 0 1
    outer loop
      vertex -18.1889 15.0787 4.05
      vertex -18.6667 15.6944 4.05
      vertex -18.2695 15.0225 4.05
    endloop
  endfacet
  facet normal -0 0 1
    outer loop
      vertex -18.7633 15.627 4.05
      vertex -18.2695 15.0225 4.05
      vertex -18.6667 15.6944 4.05
    endloop
  endfacet
  facet normal 0 0 1
    outer loop
      vertex -18.2695 15.0225 4.05
      vertex -18.7633 15.627 4.05
      vertex -18.3477 14.9633 4.05
    endloop
  endfacet
  facet normal -0 0 1
    outer loop
      vertex -18.8573 15.5559 4.05
      vertex -18.3477 14.9633 4.05
      vertex -18.7633 15.627 4.05
    endloop
  endfacet
  facet normal 0 0 1
    outer loop
      vertex -18.3477 14.9633 4.05
      vertex -18.8573 15.5559 4.05
      vertex -18.4236 14.901 4.05
    endloop
  endfacet
  facet normal -0 0 1
    outer loop
      vertex -18.9483 15.4812 4.05
      vertex -18.4236 14.901 4.05
      vertex -18.8573 15.5559 4.05
    endloop
  endfacet
  facet normal 0 0 1
    outer loop
      vertex -18.4236 14.901 4.05
      vertex -18.9483 15.4812 4.05
      vertex -18.497 14.8358 4.05
    endloop
  endfacet
  facet normal -0 0 1
    outer loop
      vertex -19.0364 15.403 4.05
      vertex -18.497 14.8358 4.05
      vertex -18.9483 15.4812 4.05
    endloop
  endfacet
  facet normal 0 0 1
    outer loop
      vertex -18.497 14.8358 4.05
      vertex -19.0364 15.403 4.05
      vertex -18.5678 14.7678 4.05
    endloop
  endfacet
  facet normal -0 0 1
    outer loop
      vertex -19.1213 15.3213 4.05
      vertex -18.5678 14.7678 4.05
      vertex -19.0364 15.403 4.05
    endloop
  endfacet
  facet normal -0 0 1
    outer loop
      vertex -19.203 15.2364 4.05
      vertex -18.5678 14.7678 4.05
      vertex -19.1213 15.3213 4.05
    endloop
  endfacet
  facet normal 0 0 1
    outer loop
      vertex -18.5678 14.7678 4.05
      vertex -19.203 15.2364 4.05
      vertex -18.6358 14.697 4.05
    endloop
  endfacet
  facet normal -0 0 1
    outer loop
      vertex -19.2812 15.1483 4.05
      vertex -18.6358 14.697 4.05
      vertex -19.203 15.2364 4.05
    endloop
  endfacet
  facet normal 0 0 1
    outer loop
      vertex -18.6358 14.697 4.05
      vertex -19.2812 15.1483 4.05
      vertex -18.701 14.6236 4.05
    endloop
  endfacet
  facet normal -0 0 1
    outer loop
      vertex -19.3559 15.0573 4.05
      vertex -18.701 14.6236 4.05
      vertex -19.2812 15.1483 4.05
    endloop
  endfacet
  facet normal 0 0 1
    outer loop
      vertex -18.701 14.6236 4.05
      vertex -19.3559 15.0573 4.05
      vertex -18.7633 14.5477 4.05
    endloop
  endfacet
  facet normal -0 0 1
    outer loop
      vertex -19.427 14.9633 4.05
      vertex -18.7633 14.5477 4.05
      vertex -19.3559 15.0573 4.05
    endloop
  endfacet
  facet normal 0 0 1
    outer loop
      vertex -18.7633 14.5477 4.05
      vertex -19.427 14.9633 4.05
      vertex -18.8225 14.4695 4.05
    endloop
  endfacet
  facet normal -0 0 1
    outer loop
      vertex -19.4944 14.8667 4.05
      vertex -18.8225 14.4695 4.05
      vertex -19.427 14.9633 4.05
    endloop
  endfacet
  facet normal 0 0 1
    outer loop
      vertex -18.8225 14.4695 4.05
      vertex -19.4944 14.8667 4.05
      vertex -18.8787 14.3889 4.05
    endloop
  endfacet
  facet normal -0 0 1
    outer loop
      vertex -19.5579 14.7675 4.05
      vertex -18.8787 14.3889 4.05
      vertex -19.4944 14.8667 4.05
    endloop
  endfacet
  facet normal 0 0 1
    outer loop
      vertex -18.8787 14.3889 4.05
      vertex -19.5579 14.7675 4.05
      vertex -18.9316 14.3062 4.05
    endloop
  endfacet
  facet normal -0 0 1
    outer loop
      vertex -19.6175 14.6659 4.05
      vertex -18.9316 14.3062 4.05
      vertex -19.5579 14.7675 4.05
    endloop
  endfacet
  facet normal 0 0 1
    outer loop
      vertex -18.9316 14.3062 4.05
      vertex -19.6175 14.6659 4.05
      vertex -18.9812 14.2215 4.05
    endloop
  endfacet
  facet normal -0 0 1
    outer loop
      vertex -19.673 14.562 4.05
      vertex -18.9812 14.2215 4.05
      vertex -19.6175 14.6659 4.05
    endloop
  endfacet
  facet normal 0 0 1
    outer loop
      vertex -18.9812 14.2215 4.05
      vertex -19.673 14.562 4.05
      vertex -19.0275 14.135 4.05
    endloop
  endfacet
  facet normal -0 0 1
    outer loop
      vertex -19.7244 14.456 4.05
      vertex -19.0275 14.135 4.05
      vertex -19.673 14.562 4.05
    endloop
  endfacet
  facet normal 0 0 1
    outer loop
      vertex -19.0275 14.135 4.05
      vertex -19.7244 14.456 4.05
      vertex -19.0704 14.0466 4.05
    endloop
  endfacet
  facet normal -0 0 1
    outer loop
      vertex -19.7716 14.348 4.05
      vertex -19.0704 14.0466 4.05
      vertex -19.7244 14.456 4.05
    endloop
  endfacet
  facet normal 0 0 1
    outer loop
      vertex -19.0704 14.0466 4.05
      vertex -19.7716 14.348 4.05
      vertex -19.1097 13.9567 4.05
    endloop
  endfacet
  facet normal -0 0 1
    outer loop
      vertex -19.8146 14.2383 4.05
      vertex -19.1097 13.9567 4.05
      vertex -19.7716 14.348 4.05
    endloop
  endfacet
  facet normal -0 0 1
    outer loop
      vertex -19.8532 14.127 4.05
      vertex -19.1097 13.9567 4.05
      vertex -19.8146 14.2383 4.05
    endloop
  endfacet
  facet normal -0 0 1
    outer loop
      vertex -19.8874 14.0143 4.05
      vertex -19.1455 13.8653 4.05
      vertex -19.8532 14.127 4.05
    endloop
  endfacet
  facet normal 0 0 1
    outer loop
      vertex -19.1097 13.9567 4.05
      vertex -19.8532 14.127 4.05
      vertex -19.1455 13.8653 4.05
    endloop
  endfacet
  facet normal 0 0 1
    outer loop
      vertex 2.28736 -14.0143 4.05
      vertex 1.54547 -13.8653 4.05
      vertex 2.25316 -14.127 4.05
    endloop
  endfacet
  facet normal -0 0 1
    outer loop
      vertex 1.50969 -13.9567 4.05
      vertex 2.25316 -14.127 4.05
      vertex 1.54547 -13.8653 4.05
    endloop
  endfacet
  facet normal 0 0 1
    outer loop
      vertex 2.25316 -14.127 4.05
      vertex 1.50969 -13.9567 4.05
      vertex 2.21457 -14.2383 4.05
    endloop
  endfacet
  facet normal 0 0 1
    outer loop
      vertex 2.21457 -14.2383 4.05
      vertex 1.50969 -13.9567 4.05
      vertex 2.17163 -14.348 4.05
    endloop
  endfacet
  facet normal -0 0 1
    outer loop
      vertex 1.47036 -14.0466 4.05
      vertex 2.17163 -14.348 4.05
      vertex 1.50969 -13.9567 4.05
    endloop
  endfacet
  facet normal 0 0 1
    outer loop
      vertex 2.17163 -14.348 4.05
      vertex 1.47036 -14.0466 4.05
      vertex 2.12442 -14.456 4.05
    endloop
  endfacet
  facet normal -0 0 1
    outer loop
      vertex 1.42751 -14.135 4.05
      vertex 2.12442 -14.456 4.05
      vertex 1.47036 -14.0466 4.05
    endloop
  endfacet
  facet normal 0 0 1
    outer loop
      vertex 2.12442 -14.456 4.05
      vertex 1.42751 -14.135 4.05
      vertex 2.07302 -14.562 4.05
    endloop
  endfacet
  facet normal -0 0 1
    outer loop
      vertex 1.38123 -14.2215 4.05
      vertex 2.07302 -14.562 4.05
      vertex 1.42751 -14.135 4.05
    endloop
  endfacet
  facet normal 0 0 1
    outer loop
      vertex 2.07302 -14.562 4.05
      vertex 1.38123 -14.2215 4.05
      vertex 2.01747 -14.6659 4.05
    endloop
  endfacet
  facet normal -0 0 1
    outer loop
      vertex 1.33159 -14.3062 4.05
      vertex 2.01747 -14.6659 4.05
      vertex 1.38123 -14.2215 4.05
    endloop
  endfacet
  facet normal 0 0 1
    outer loop
      vertex 2.01747 -14.6659 4.05
      vertex 1.33159 -14.3062 4.05
      vertex 1.95792 -14.7675 4.05
    endloop
  endfacet
  facet normal -0 0 1
    outer loop
      vertex 1.27866 -14.3889 4.05
      vertex 1.95792 -14.7675 4.05
      vertex 1.33159 -14.3062 4.05
    endloop
  endfacet
  facet normal 0 0 1
    outer loop
      vertex 1.95792 -14.7675 4.05
      vertex 1.27866 -14.3889 4.05
      vertex 1.8944 -14.8667 4.05
    endloop
  endfacet
  facet normal -0 0 1
    outer loop
      vertex 1.22254 -14.4695 4.05
      vertex 1.8944 -14.8667 4.05
      vertex 1.27866 -14.3889 4.05
    endloop
  endfacet
  facet normal 0 0 1
    outer loop
      vertex 1.8944 -14.8667 4.05
      vertex 1.22254 -14.4695 4.05
      vertex 1.82704 -14.9633 4.05
    endloop
  endfacet
  facet normal -0 0 1
    outer loop
      vertex 1.16329 -14.5477 4.05
      vertex 1.82704 -14.9633 4.05
      vertex 1.22254 -14.4695 4.05
    endloop
  endfacet
  facet normal 0 0 1
    outer loop
      vertex 1.82704 -14.9633 4.05
      vertex 1.16329 -14.5477 4.05
      vertex 1.75594 -15.0573 4.05
    endloop
  endfacet
  facet normal -0 0 1
    outer loop
      vertex 1.101 -14.6236 4.05
      vertex 1.75594 -15.0573 4.05
      vertex 1.16329 -14.5477 4.05
    endloop
  endfacet
  facet normal 0 0 1
    outer loop
      vertex 1.75594 -15.0573 4.05
      vertex 1.101 -14.6236 4.05
      vertex 1.68122 -15.1483 4.05
    endloop
  endfacet
  facet normal -0 0 1
    outer loop
      vertex 1.0358 -14.697 4.05
      vertex 1.68122 -15.1483 4.05
      vertex 1.101 -14.6236 4.05
    endloop
  endfacet
  facet normal 0 0 1
    outer loop
      vertex 1.68122 -15.1483 4.05
      vertex 1.0358 -14.697 4.05
      vertex 1.60295 -15.2364 4.05
    endloop
  endfacet
  facet normal -0 0 1
    outer loop
      vertex 0.967761 -14.7678 4.05
      vertex 1.60295 -15.2364 4.05
      vertex 1.0358 -14.697 4.05
    endloop
  endfacet
  facet normal 0 0 1
    outer loop
      vertex 1.60295 -15.2364 4.05
      vertex 0.967761 -14.7678 4.05
      vertex 1.52132 -15.3213 4.05
    endloop
  endfacet
  facet normal 0 0 1
    outer loop
      vertex 1.52132 -15.3213 4.05
      vertex 0.967761 -14.7678 4.05
      vertex 1.43639 -15.403 4.05
    endloop
  endfacet
  facet normal -0 0 1
    outer loop
      vertex 0.896991 -14.8358 4.05
      vertex 1.43639 -15.403 4.05
      vertex 0.967761 -14.7678 4.05
    endloop
  endfacet
  facet normal 0 0 1
    outer loop
      vertex 1.43639 -15.403 4.05
      vertex 0.896991 -14.8358 4.05
      vertex 1.34833 -15.4812 4.05
    endloop
  endfacet
  facet normal -0 0 1
    outer loop
      vertex 0.823611 -14.901 4.05
      vertex 1.34833 -15.4812 4.05
      vertex 0.896991 -14.8358 4.05
    endloop
  endfacet
  facet normal 0 0 1
    outer loop
      vertex 1.34833 -15.4812 4.05
      vertex 0.823611 -14.901 4.05
      vertex 1.25728 -15.5559 4.05
    endloop
  endfacet
  facet normal -0 0 1
    outer loop
      vertex 0.747729 -14.9633 4.05
      vertex 1.25728 -15.5559 4.05
      vertex 0.823611 -14.901 4.05
    endloop
  endfacet
  facet normal 0 0 1
    outer loop
      vertex 1.25728 -15.5559 4.05
      vertex 0.747729 -14.9633 4.05
      vertex 1.16335 -15.627 4.05
    endloop
  endfacet
  facet normal -0 0 1
    outer loop
      vertex 0.669452 -15.0225 4.05
      vertex 1.16335 -15.627 4.05
      vertex 0.747729 -14.9633 4.05
    endloop
  endfacet
  facet normal 0 0 1
    outer loop
      vertex 1.16335 -15.627 4.05
      vertex 0.669452 -15.0225 4.05
      vertex 1.0667 -15.6944 4.05
    endloop
  endfacet
  facet normal -0 0 1
    outer loop
      vertex 0.588916 -15.0787 4.05
      vertex 1.0667 -15.6944 4.05
      vertex 0.669452 -15.0225 4.05
    endloop
  endfacet
  facet normal 0 0 1
    outer loop
      vertex 1.0667 -15.6944 4.05
      vertex 0.588916 -15.0787 4.05
      vertex 0.967486 -15.7579 4.05
    endloop
  endfacet
  facet normal -0 0 1
    outer loop
      vertex 0.506244 -15.1316 4.05
      vertex 0.967486 -15.7579 4.05
      vertex 0.588916 -15.0787 4.05
    endloop
  endfacet
  facet normal 0 0 1
    outer loop
      vertex 0.967486 -15.7579 4.05
      vertex 0.506244 -15.1316 4.05
      vertex 0.865863 -15.8175 4.05
    endloop
  endfacet
  facet normal -0 0 1
    outer loop
      vertex 0.421542 -15.1812 4.05
      vertex 0.865863 -15.8175 4.05
      vertex 0.506244 -15.1316 4.05
    endloop
  endfacet
  facet normal 0 0 1
    outer loop
      vertex 0.865863 -15.8175 4.05
      vertex 0.421542 -15.1812 4.05
      vertex 0.761966 -15.873 4.05
    endloop
  endfacet
  facet normal -0 0 1
    outer loop
      vertex 0.334964 -15.2275 4.05
      vertex 0.761966 -15.873 4.05
      vertex 0.421542 -15.1812 4.05
    endloop
  endfacet
  facet normal 0 0 1
    outer loop
      vertex 0.761966 -15.873 4.05
      vertex 0.334964 -15.2275 4.05
      vertex 0.655978 -15.9244 4.05
    endloop
  endfacet
  facet normal -0 0 1
    outer loop
      vertex 0.246646 -15.2704 4.05
      vertex 0.655978 -15.9244 4.05
      vertex 0.334964 -15.2275 4.05
    endloop
  endfacet
  facet normal 0 0 1
    outer loop
      vertex 0.655978 -15.9244 4.05
      vertex 0.246646 -15.2704 4.05
      vertex 0.548038 -15.9716 4.05
    endloop
  endfacet
  facet normal 0 0 1
    outer loop
      vertex 0.548038 -15.9716 4.05
      vertex 0.246646 -15.2704 4.05
      vertex 0.438342 -16.0146 4.05
    endloop
  endfacet
  facet normal -0 0 1
    outer loop
      vertex 0.156695 -15.3097 4.05
      vertex 0.438342 -16.0146 4.05
      vertex 0.246646 -15.2704 4.05
    endloop
  endfacet
  facet normal 0 0 1
    outer loop
      vertex 0.438342 -16.0146 4.05
      vertex 0.156695 -15.3097 4.05
      vertex 0.327044 -16.0532 4.05
    endloop
  endfacet
  facet normal -0 0 1
    outer loop
      vertex 0.06528 -15.3455 4.05
      vertex 0.327044 -16.0532 4.05
      vertex 0.156695 -15.3097 4.05
    endloop
  endfacet
  facet normal 0 0 1
    outer loop
      vertex 0.327044 -16.0532 4.05
      vertex 0.06528 -15.3455 4.05
      vertex 0.214313 -16.0874 4.05
    endloop
  endfacet
  facet normal -0 0 1
    outer loop
      vertex -0.027462 -15.3776 4.05
      vertex 0.214313 -16.0874 4.05
      vertex 0.06528 -15.3455 4.05
    endloop
  endfacet
  facet normal 0 0 1
    outer loop
      vertex 0.214313 -16.0874 4.05
      vertex -0.027462 -15.3776 4.05
      vertex 0.100329 -16.1171 4.05
    endloop
  endfacet
  facet normal -0 0 1
    outer loop
      vertex -0.12141 -15.4061 4.05
      vertex 0.100329 -16.1171 4.05
      vertex -0.027462 -15.3776 4.05
    endloop
  endfacet
  facet normal 0 0 1
    outer loop
      vertex 0.100329 -16.1171 4.05
      vertex -0.12141 -15.4061 4.05
      vertex -0.0147362 -16.1423 4.05
    endloop
  endfacet
  facet normal -0 0 1
    outer loop
      vertex -0.216396 -15.4309 4.05
      vertex -0.0147362 -16.1423 4.05
      vertex -0.12141 -15.4061 4.05
    endloop
  endfacet
  facet normal 0 0 1
    outer loop
      vertex -0.0147362 -16.1423 4.05
      vertex -0.216396 -15.4309 4.05
      vertex -0.130703 -16.1631 4.05
    endloop
  endfacet
  facet normal -0 0 1
    outer loop
      vertex -0.312283 -15.452 4.05
      vertex -0.130703 -16.1631 4.05
      vertex -0.216396 -15.4309 4.05
    endloop
  endfacet
  facet normal 0 0 1
    outer loop
      vertex -0.130703 -16.1631 4.05
      vertex -0.312283 -15.452 4.05
      vertex -0.247402 -16.1792 4.05
    endloop
  endfacet
  facet normal -0 0 1
    outer loop
      vertex -0.408916 -15.4692 4.05
      vertex -0.247402 -16.1792 4.05
      vertex -0.312283 -15.452 4.05
    endloop
  endfacet
  facet normal 0 0 1
    outer loop
      vertex -0.247402 -16.1792 4.05
      vertex -0.408916 -15.4692 4.05
      vertex -0.364635 -16.1908 4.05
    endloop
  endfacet
  facet normal -0 0 1
    outer loop
      vertex -0.506161 -15.4827 4.05
      vertex -0.364635 -16.1908 4.05
      vertex -0.408916 -15.4692 4.05
    endloop
  endfacet
  facet normal 0 0 1
    outer loop
      vertex -0.364635 -16.1908 4.05
      vertex -0.506161 -15.4827 4.05
      vertex -0.482235 -16.1977 4.05
    endloop
  endfacet
  facet normal -0 0 1
    outer loop
      vertex -0.603863 -15.4923 4.05
      vertex -0.482235 -16.1977 4.05
      vertex -0.506161 -15.4827 4.05
    endloop
  endfacet
  facet normal 0 0 1
    outer loop
      vertex -0.482235 -16.1977 4.05
      vertex -0.603863 -15.4923 4.05
      vertex -0.600002 -16.2 4.05
    endloop
  endfacet
  facet normal -0 0 1
    outer loop
      vertex -0.701855 -15.4981 4.05
      vertex -0.600002 -16.2 4.05
      vertex -0.603863 -15.4923 4.05
    endloop
  endfacet
  facet normal -0 0 1
    outer loop
      vertex -0.799999 -15.5 4.05
      vertex -0.600002 -16.2 4.05
      vertex -0.701855 -15.4981 4.05
    endloop
  endfacet
  facet normal 0 0 1
    outer loop
      vertex -4.8 -16.2 4.05
      vertex -0.799999 -15.5 4.05
      vertex -4.8 -15.5 4.05
    endloop
  endfacet
  facet normal 0 0 1
    outer loop
      vertex -0.799999 -15.5 4.05
      vertex -4.8 -16.2 4.05
      vertex -0.600002 -16.2 4.05
    endloop
  endfacet
  facet normal -0 0 1
    outer loop
      vertex -16.8 -15.5 4.05
      vertex -12.8 -16.2 4.05
      vertex -12.8 -15.5 4.05
    endloop
  endfacet
  facet normal 0 0 1
    outer loop
      vertex -17 -16.2 4.05
      vertex -16.8 -15.5 4.05
      vertex -16.8981 -15.4981 4.05
    endloop
  endfacet
  facet normal 0 0 1
    outer loop
      vertex -17 -16.2 4.05
      vertex -16.8981 -15.4981 4.05
      vertex -16.9961 -15.4923 4.05
    endloop
  endfacet
  facet normal 0 0 1
    outer loop
      vertex -16.8 -15.5 4.05
      vertex -17 -16.2 4.05
      vertex -12.8 -16.2 4.05
    endloop
  endfacet
  facet normal 0 0 1
    outer loop
      vertex -17.1178 -16.1977 4.05
      vertex -16.9961 -15.4923 4.05
      vertex -17.0938 -15.4827 4.05
    endloop
  endfacet
  facet normal 0 0 1
    outer loop
      vertex -16.9961 -15.4923 4.05
      vertex -17.1178 -16.1977 4.05
      vertex -17 -16.2 4.05
    endloop
  endfacet
  facet normal 0 0 1
    outer loop
      vertex -17.2354 -16.1908 4.05
      vertex -17.0938 -15.4827 4.05
      vertex -17.1911 -15.4692 4.05
    endloop
  endfacet
  facet normal 0 0 1
    outer loop
      vertex -17.0938 -15.4827 4.05
      vertex -17.2354 -16.1908 4.05
      vertex -17.1178 -16.1977 4.05
    endloop
  endfacet
  facet normal 0 0 1
    outer loop
      vertex -17.3526 -16.1792 4.05
      vertex -17.1911 -15.4692 4.05
      vertex -17.2877 -15.452 4.05
    endloop
  endfacet
  facet normal 0 0 1
    outer loop
      vertex -17.1911 -15.4692 4.05
      vertex -17.3526 -16.1792 4.05
      vertex -17.2354 -16.1908 4.05
    endloop
  endfacet
  facet normal 0 0 1
    outer loop
      vertex -17.4693 -16.1631 4.05
      vertex -17.2877 -15.452 4.05
      vertex -17.3836 -15.4309 4.05
    endloop
  endfacet
  facet normal 0 0 1
    outer loop
      vertex -17.2877 -15.452 4.05
      vertex -17.4693 -16.1631 4.05
      vertex -17.3526 -16.1792 4.05
    endloop
  endfacet
  facet normal 0 0 1
    outer loop
      vertex -17.5853 -16.1423 4.05
      vertex -17.3836 -15.4309 4.05
      vertex -17.4786 -15.4061 4.05
    endloop
  endfacet
  facet normal 0 0 1
    outer loop
      vertex -17.7003 -16.1171 4.05
      vertex -17.4786 -15.4061 4.05
      vertex -17.5725 -15.3776 4.05
    endloop
  endfacet
  facet normal 0 0 1
    outer loop
      vertex -17.3836 -15.4309 4.05
      vertex -17.5853 -16.1423 4.05
      vertex -17.4693 -16.1631 4.05
    endloop
  endfacet
  facet normal 0 0 1
    outer loop
      vertex -17.8143 -16.0874 4.05
      vertex -17.5725 -15.3776 4.05
      vertex -17.6653 -15.3455 4.05
    endloop
  endfacet
  facet normal 0 0 1
    outer loop
      vertex -17.4786 -15.4061 4.05
      vertex -17.7003 -16.1171 4.05
      vertex -17.5853 -16.1423 4.05
    endloop
  endfacet
  facet normal 0 0 1
    outer loop
      vertex -17.927 -16.0532 4.05
      vertex -17.6653 -15.3455 4.05
      vertex -17.7567 -15.3097 4.05
    endloop
  endfacet
  facet normal 0 0 1
    outer loop
      vertex -17.5725 -15.3776 4.05
      vertex -17.8143 -16.0874 4.05
      vertex -17.7003 -16.1171 4.05
    endloop
  endfacet
  facet normal 0 0 1
    outer loop
      vertex -18.0383 -16.0146 4.05
      vertex -17.7567 -15.3097 4.05
      vertex -17.8466 -15.2704 4.05
    endloop
  endfacet
  facet normal 0 0 1
    outer loop
      vertex -17.6653 -15.3455 4.05
      vertex -17.927 -16.0532 4.05
      vertex -17.8143 -16.0874 4.05
    endloop
  endfacet
  facet normal 0 0 1
    outer loop
      vertex -18.256 -15.9244 4.05
      vertex -17.8466 -15.2704 4.05
      vertex -17.935 -15.2275 4.05
    endloop
  endfacet
  facet normal 0 0 1
    outer loop
      vertex -18.362 -15.873 4.05
      vertex -17.935 -15.2275 4.05
      vertex -18.0215 -15.1812 4.05
    endloop
  endfacet
  facet normal 0 0 1
    outer loop
      vertex -17.7567 -15.3097 4.05
      vertex -18.0383 -16.0146 4.05
      vertex -17.927 -16.0532 4.05
    endloop
  endfacet
  facet normal 0 0 1
    outer loop
      vertex -18.4659 -15.8175 4.05
      vertex -18.0215 -15.1812 4.05
      vertex -18.1062 -15.1316 4.05
    endloop
  endfacet
  facet normal 0 0 1
    outer loop
      vertex -17.8466 -15.2704 4.05
      vertex -18.148 -15.9716 4.05
      vertex -18.0383 -16.0146 4.05
    endloop
  endfacet
  facet normal 0 0 1
    outer loop
      vertex -18.5675 -15.7579 4.05
      vertex -18.1062 -15.1316 4.05
      vertex -18.1889 -15.0787 4.05
    endloop
  endfacet
  facet normal 0 0 1
    outer loop
      vertex -17.8466 -15.2704 4.05
      vertex -18.256 -15.9244 4.05
      vertex -18.148 -15.9716 4.05
    endloop
  endfacet
  facet normal 0 0 1
    outer loop
      vertex -18.6667 -15.6944 4.05
      vertex -18.1889 -15.0787 4.05
      vertex -18.2695 -15.0225 4.05
    endloop
  endfacet
  facet normal 0 0 1
    outer loop
      vertex -18.7633 -15.627 4.05
      vertex -18.2695 -15.0225 4.05
      vertex -18.3477 -14.9633 4.05
    endloop
  endfacet
  facet normal 0 0 1
    outer loop
      vertex -17.935 -15.2275 4.05
      vertex -18.362 -15.873 4.05
      vertex -18.256 -15.9244 4.05
    endloop
  endfacet
  facet normal 0 0 1
    outer loop
      vertex -18.8573 -15.5559 4.05
      vertex -18.3477 -14.9633 4.05
      vertex -18.4236 -14.901 4.05
    endloop
  endfacet
  facet normal 0 0 1
    outer loop
      vertex -18.0215 -15.1812 4.05
      vertex -18.4659 -15.8175 4.05
      vertex -18.362 -15.873 4.05
    endloop
  endfacet
  facet normal 0 0 1
    outer loop
      vertex -18.9483 -15.4812 4.05
      vertex -18.4236 -14.901 4.05
      vertex -18.497 -14.8358 4.05
    endloop
  endfacet
  facet normal 0 0 1
    outer loop
      vertex -18.1062 -15.1316 4.05
      vertex -18.5675 -15.7579 4.05
      vertex -18.4659 -15.8175 4.05
    endloop
  endfacet
  facet normal 0 0 1
    outer loop
      vertex -19.0364 -15.403 4.05
      vertex -18.497 -14.8358 4.05
      vertex -18.5678 -14.7678 4.05
    endloop
  endfacet
  facet normal 0 0 1
    outer loop
      vertex -19.203 -15.2364 4.05
      vertex -18.5678 -14.7678 4.05
      vertex -18.6358 -14.697 4.05
    endloop
  endfacet
  facet normal 0 0 1
    outer loop
      vertex -18.1889 -15.0787 4.05
      vertex -18.6667 -15.6944 4.05
      vertex -18.5675 -15.7579 4.05
    endloop
  endfacet
  facet normal 0 0 1
    outer loop
      vertex -19.2812 -15.1483 4.05
      vertex -18.6358 -14.697 4.05
      vertex -18.701 -14.6236 4.05
    endloop
  endfacet
  facet normal 0 0 1
    outer loop
      vertex -19.3559 -15.0573 4.05
      vertex -18.701 -14.6236 4.05
      vertex -18.7633 -14.5477 4.05
    endloop
  endfacet
  facet normal 0 0 1
    outer loop
      vertex -18.2695 -15.0225 4.05
      vertex -18.7633 -15.627 4.05
      vertex -18.6667 -15.6944 4.05
    endloop
  endfacet
  facet normal 0 0 1
    outer loop
      vertex -19.427 -14.9633 4.05
      vertex -18.7633 -14.5477 4.05
      vertex -18.8225 -14.4695 4.05
    endloop
  endfacet
  facet normal 0 0 1
    outer loop
      vertex -18.3477 -14.9633 4.05
      vertex -18.8573 -15.5559 4.05
      vertex -18.7633 -15.627 4.05
    endloop
  endfacet
  facet normal 0 0 1
    outer loop
      vertex -19.4944 -14.8667 4.05
      vertex -18.8225 -14.4695 4.05
      vertex -18.8787 -14.3889 4.05
    endloop
  endfacet
  facet normal 0 0 1
    outer loop
      vertex -19.5579 -14.7675 4.05
      vertex -18.8787 -14.3889 4.05
      vertex -18.9316 -14.3062 4.05
    endloop
  endfacet
  facet normal 0 0 1
    outer loop
      vertex -18.4236 -14.901 4.05
      vertex -18.9483 -15.4812 4.05
      vertex -18.8573 -15.5559 4.05
    endloop
  endfacet
  facet normal 0 0 1
    outer loop
      vertex -19.6175 -14.6659 4.05
      vertex -18.9316 -14.3062 4.05
      vertex -18.9812 -14.2215 4.05
    endloop
  endfacet
  facet normal 0 0 1
    outer loop
      vertex -19.673 -14.562 4.05
      vertex -18.9812 -14.2215 4.05
      vertex -19.0275 -14.135 4.05
    endloop
  endfacet
  facet normal 0 0 1
    outer loop
      vertex -18.497 -14.8358 4.05
      vertex -19.0364 -15.403 4.05
      vertex -18.9483 -15.4812 4.05
    endloop
  endfacet
  facet normal 0 0 1
    outer loop
      vertex -19.7244 -14.456 4.05
      vertex -19.0275 -14.135 4.05
      vertex -19.0704 -14.0466 4.05
    endloop
  endfacet
  facet normal 0 0 1
    outer loop
      vertex -19.7716 -14.348 4.05
      vertex -19.0704 -14.0466 4.05
      vertex -19.1097 -13.9567 4.05
    endloop
  endfacet
  facet normal 0 0 1
    outer loop
      vertex -18.5678 -14.7678 4.05
      vertex -19.1213 -15.3213 4.05
      vertex -19.0364 -15.403 4.05
    endloop
  endfacet
  facet normal 0 0 1
    outer loop
      vertex -19.8532 -14.127 4.05
      vertex -19.1097 -13.9567 4.05
      vertex -19.1455 -13.8653 4.05
    endloop
  endfacet
  facet normal 0 0 1
    outer loop
      vertex -19.8874 -14.0143 4.05
      vertex -19.1455 -13.8653 4.05
      vertex -19.1776 -13.7725 4.05
    endloop
  endfacet
  facet normal 0 0 1
    outer loop
      vertex -18.5678 -14.7678 4.05
      vertex -19.203 -15.2364 4.05
      vertex -19.1213 -15.3213 4.05
    endloop
  endfacet
  facet normal 0 0 1
    outer loop
      vertex -19.9171 -13.9003 4.05
      vertex -19.1776 -13.7725 4.05
      vertex -19.2061 -13.6786 4.05
    endloop
  endfacet
  facet normal 0 0 1
    outer loop
      vertex -19.9423 -13.7853 4.05
      vertex -19.2061 -13.6786 4.05
      vertex -19.2309 -13.5836 4.05
    endloop
  endfacet
  facet normal 0 0 1
    outer loop
      vertex -19.9631 -13.6693 4.05
      vertex -19.2309 -13.5836 4.05
      vertex -19.2519 -13.4877 4.05
    endloop
  endfacet
  facet normal 0 0 1
    outer loop
      vertex -19.9792 -13.5526 4.05
      vertex -19.2519 -13.4877 4.05
      vertex -19.2692 -13.3911 4.05
    endloop
  endfacet
  facet normal 0 0 1
    outer loop
      vertex -18.6358 -14.697 4.05
      vertex -19.2812 -15.1483 4.05
      vertex -19.203 -15.2364 4.05
    endloop
  endfacet
  facet normal 0 0 1
    outer loop
      vertex -19.9907 -13.4354 4.05
      vertex -19.2692 -13.3911 4.05
      vertex -19.2827 -13.2938 4.05
    endloop
  endfacet
  facet normal 0 0 1
    outer loop
      vertex -19.9977 -13.3178 4.05
      vertex -19.2827 -13.2938 4.05
      vertex -19.2923 -13.1961 4.05
    endloop
  endfacet
  facet normal 0 0 1
    outer loop
      vertex -20 -13.2 4.05
      vertex -19.2923 -13.1961 4.05
      vertex -19.2981 -13.0981 4.05
    endloop
  endfacet
  facet normal 0 0 1
    outer loop
      vertex -20 -13.2 4.05
      vertex -19.2981 -13.0981 4.05
      vertex -19.3 -13 4.05
    endloop
  endfacet
  facet normal 0 0 1
    outer loop
      vertex -18.701 -14.6236 4.05
      vertex -19.3559 -15.0573 4.05
      vertex -19.2812 -15.1483 4.05
    endloop
  endfacet
  facet normal 0 0 1
    outer loop
      vertex -19.3 13 4.05
      vertex -20 13.2 4.05
      vertex -19.3 -13 4.05
    endloop
  endfacet
  facet normal 0 0 1
    outer loop
      vertex -19.1455 13.8653 4.05
      vertex -19.8874 14.0143 4.05
      vertex -19.1776 13.7725 4.05
    endloop
  endfacet
  facet normal 0 0 1
    outer loop
      vertex -20 -13.2 4.05
      vertex -19.3 -13 4.05
      vertex -20 13.2 4.05
    endloop
  endfacet
  facet normal -0 0 1
    outer loop
      vertex -19.9171 13.9003 4.05
      vertex -19.1776 13.7725 4.05
      vertex -19.8874 14.0143 4.05
    endloop
  endfacet
  facet normal 0 0 1
    outer loop
      vertex -19.2923 -13.1961 4.05
      vertex -20 -13.2 4.05
      vertex -19.9977 -13.3178 4.05
    endloop
  endfacet
  facet normal 0 0 1
    outer loop
      vertex -19.1776 13.7725 4.05
      vertex -19.9171 13.9003 4.05
      vertex -19.2061 13.6786 4.05
    endloop
  endfacet
  facet normal 0 0 1
    outer loop
      vertex -18.7633 -14.5477 4.05
      vertex -19.427 -14.9633 4.05
      vertex -19.3559 -15.0573 4.05
    endloop
  endfacet
  facet normal -0 0 1
    outer loop
      vertex -19.9423 13.7853 4.05
      vertex -19.2061 13.6786 4.05
      vertex -19.9171 13.9003 4.05
    endloop
  endfacet
  facet normal 0 0 1
    outer loop
      vertex -18.8225 -14.4695 4.05
      vertex -19.4944 -14.8667 4.05
      vertex -19.427 -14.9633 4.05
    endloop
  endfacet
  facet normal 0 0 1
    outer loop
      vertex -19.2061 13.6786 4.05
      vertex -19.9423 13.7853 4.05
      vertex -19.2309 13.5836 4.05
    endloop
  endfacet
  facet normal 0 0 1
    outer loop
      vertex -18.8787 -14.3889 4.05
      vertex -19.5579 -14.7675 4.05
      vertex -19.4944 -14.8667 4.05
    endloop
  endfacet
  facet normal -0 0 1
    outer loop
      vertex -19.9631 13.6693 4.05
      vertex -19.2309 13.5836 4.05
      vertex -19.9423 13.7853 4.05
    endloop
  endfacet
  facet normal 0 0 1
    outer loop
      vertex -18.9316 -14.3062 4.05
      vertex -19.6175 -14.6659 4.05
      vertex -19.5579 -14.7675 4.05
    endloop
  endfacet
  facet normal 0 0 1
    outer loop
      vertex -19.2309 13.5836 4.05
      vertex -19.9631 13.6693 4.05
      vertex -19.2519 13.4877 4.05
    endloop
  endfacet
  facet normal 0 0 1
    outer loop
      vertex -18.9812 -14.2215 4.05
      vertex -19.673 -14.562 4.05
      vertex -19.6175 -14.6659 4.05
    endloop
  endfacet
  facet normal -0 0 1
    outer loop
      vertex -19.9792 13.5526 4.05
      vertex -19.2519 13.4877 4.05
      vertex -19.9631 13.6693 4.05
    endloop
  endfacet
  facet normal 0 0 1
    outer loop
      vertex -19.0275 -14.135 4.05
      vertex -19.7244 -14.456 4.05
      vertex -19.673 -14.562 4.05
    endloop
  endfacet
  facet normal 0 0 1
    outer loop
      vertex -19.2519 13.4877 4.05
      vertex -19.9792 13.5526 4.05
      vertex -19.2692 13.3911 4.05
    endloop
  endfacet
  facet normal 0 0 1
    outer loop
      vertex -19.0704 -14.0466 4.05
      vertex -19.7716 -14.348 4.05
      vertex -19.7244 -14.456 4.05
    endloop
  endfacet
  facet normal -0 0 1
    outer loop
      vertex -19.9907 13.4354 4.05
      vertex -19.2692 13.3911 4.05
      vertex -19.9792 13.5526 4.05
    endloop
  endfacet
  facet normal 0 0 1
    outer loop
      vertex -19.1097 -13.9567 4.05
      vertex -19.8146 -14.2383 4.05
      vertex -19.7716 -14.348 4.05
    endloop
  endfacet
  facet normal 0 0 1
    outer loop
      vertex -19.2692 13.3911 4.05
      vertex -19.9907 13.4354 4.05
      vertex -19.2827 13.2938 4.05
    endloop
  endfacet
  facet normal 0 0 1
    outer loop
      vertex -19.1097 -13.9567 4.05
      vertex -19.8532 -14.127 4.05
      vertex -19.8146 -14.2383 4.05
    endloop
  endfacet
  facet normal -0 0 1
    outer loop
      vertex -19.9977 13.3178 4.05
      vertex -19.2827 13.2938 4.05
      vertex -19.9907 13.4354 4.05
    endloop
  endfacet
  facet normal 0 0 1
    outer loop
      vertex -19.1455 -13.8653 4.05
      vertex -19.8874 -14.0143 4.05
      vertex -19.8532 -14.127 4.05
    endloop
  endfacet
  facet normal 0 0 1
    outer loop
      vertex -19.2827 13.2938 4.05
      vertex -19.9977 13.3178 4.05
      vertex -19.2923 13.1961 4.05
    endloop
  endfacet
  facet normal 0 0 1
    outer loop
      vertex -19.1776 -13.7725 4.05
      vertex -19.9171 -13.9003 4.05
      vertex -19.8874 -14.0143 4.05
    endloop
  endfacet
  facet normal -0 0 1
    outer loop
      vertex -20 13.2 4.05
      vertex -19.2923 13.1961 4.05
      vertex -19.9977 13.3178 4.05
    endloop
  endfacet
  facet normal 0 0 1
    outer loop
      vertex -19.2061 -13.6786 4.05
      vertex -19.9423 -13.7853 4.05
      vertex -19.9171 -13.9003 4.05
    endloop
  endfacet
  facet normal 0 0 1
    outer loop
      vertex -19.2923 13.1961 4.05
      vertex -20 13.2 4.05
      vertex -19.2981 13.0981 4.05
    endloop
  endfacet
  facet normal 0 0 1
    outer loop
      vertex -19.2309 -13.5836 4.05
      vertex -19.9631 -13.6693 4.05
      vertex -19.9423 -13.7853 4.05
    endloop
  endfacet
  facet normal 0 0 1
    outer loop
      vertex -19.2981 13.0981 4.05
      vertex -20 13.2 4.05
      vertex -19.3 13 4.05
    endloop
  endfacet
  facet normal 0 0 1
    outer loop
      vertex -19.2519 -13.4877 4.05
      vertex -19.9792 -13.5526 4.05
      vertex -19.9631 -13.6693 4.05
    endloop
  endfacet
  facet normal 0 0 1
    outer loop
      vertex -19.2692 -13.3911 4.05
      vertex -19.9907 -13.4354 4.05
      vertex -19.9792 -13.5526 4.05
    endloop
  endfacet
  facet normal 0 0 1
    outer loop
      vertex -19.2827 -13.2938 4.05
      vertex -19.9977 -13.3178 4.05
      vertex -19.9907 -13.4354 4.05
    endloop
  endfacet
  facet normal 0.0585727 -0.998283 0
    outer loop
      vertex -0.482235 -16.1977 3.05
      vertex -0.364635 -16.1908 4.05
      vertex -0.482235 -16.1977 4.05
    endloop
  endfacet
  facet normal 0.0585727 -0.998283 0
    outer loop
      vertex -0.364635 -16.1908 4.05
      vertex -0.482235 -16.1977 3.05
      vertex -0.364635 -16.1908 3.05
    endloop
  endfacet
  facet normal 0.0984674 -0.99514 0
    outer loop
      vertex -0.364635 -16.1908 3.05
      vertex -0.247402 -16.1792 4.05
      vertex -0.364635 -16.1908 4.05
    endloop
  endfacet
  facet normal 0.0984674 -0.99514 0
    outer loop
      vertex -0.247402 -16.1792 4.05
      vertex -0.364635 -16.1908 3.05
      vertex -0.247402 -16.1792 3.05
    endloop
  endfacet
  facet normal 0.136667 -0.990617 0
    outer loop
      vertex -0.247402 -16.1792 3.05
      vertex -0.130703 -16.1631 4.05
      vertex -0.247402 -16.1792 4.05
    endloop
  endfacet
  facet normal 0.136667 -0.990617 0
    outer loop
      vertex -0.130703 -16.1631 4.05
      vertex -0.247402 -16.1792 3.05
      vertex -0.130703 -16.1631 3.05
    endloop
  endfacet
  facet normal 0.176544 -0.984293 0
    outer loop
      vertex -0.130703 -16.1631 3.05
      vertex -0.0147362 -16.1423 4.05
      vertex -0.130703 -16.1631 4.05
    endloop
  endfacet
  facet normal 0.176544 -0.984293 0
    outer loop
      vertex -0.0147362 -16.1423 4.05
      vertex -0.130703 -16.1631 3.05
      vertex -0.0147362 -16.1423 3.05
    endloop
  endfacet
  facet normal 0.213936 -0.976848 0
    outer loop
      vertex -0.0147362 -16.1423 3.05
      vertex 0.100329 -16.1171 4.05
      vertex -0.0147362 -16.1423 4.05
    endloop
  endfacet
  facet normal 0.213936 -0.976848 0
    outer loop
      vertex 0.100329 -16.1171 4.05
      vertex -0.0147362 -16.1423 3.05
      vertex 0.100329 -16.1171 3.05
    endloop
  endfacet
  facet normal 0.252144 -0.96769 0
    outer loop
      vertex 0.100329 -16.1171 3.05
      vertex 0.214313 -16.0874 4.05
      vertex 0.100329 -16.1171 4.05
    endloop
  endfacet
  facet normal 0.252144 -0.96769 0
    outer loop
      vertex 0.214313 -16.0874 4.05
      vertex 0.100329 -16.1171 3.05
      vertex 0.214313 -16.0874 3.05
    endloop
  endfacet
  facet normal 0.290311 -0.956932 0
    outer loop
      vertex 0.214313 -16.0874 3.05
      vertex 0.327044 -16.0532 4.05
      vertex 0.214313 -16.0874 4.05
    endloop
  endfacet
  facet normal 0.290311 -0.956932 0
    outer loop
      vertex 0.327044 -16.0532 4.05
      vertex 0.214313 -16.0874 3.05
      vertex 0.327044 -16.0532 3.05
    endloop
  endfacet
  facet normal 0.32767 -0.944792 0
    outer loop
      vertex 0.327044 -16.0532 3.05
      vertex 0.438342 -16.0146 4.05
      vertex 0.327044 -16.0532 4.05
    endloop
  endfacet
  facet normal 0.32767 -0.944792 0
    outer loop
      vertex 0.438342 -16.0146 4.05
      vertex 0.327044 -16.0532 3.05
      vertex 0.438342 -16.0146 3.05
    endloop
  endfacet
  facet normal 0.364955 -0.931025 0
    outer loop
      vertex 0.438342 -16.0146 3.05
      vertex 0.548038 -15.9716 4.05
      vertex 0.438342 -16.0146 4.05
    endloop
  endfacet
  facet normal 0.364955 -0.931025 0
    outer loop
      vertex 0.548038 -15.9716 4.05
      vertex 0.438342 -16.0146 3.05
      vertex 0.548038 -15.9716 3.05
    endloop
  endfacet
  facet normal 0.40065 -0.916231 0
    outer loop
      vertex 0.548038 -15.9716 3.05
      vertex 0.655978 -15.9244 4.05
      vertex 0.548038 -15.9716 4.05
    endloop
  endfacet
  facet normal 0.40065 -0.916231 0
    outer loop
      vertex 0.655978 -15.9244 4.05
      vertex 0.548038 -15.9716 3.05
      vertex 0.655978 -15.9244 3.05
    endloop
  endfacet
  facet normal 0.436355 -0.899775 0
    outer loop
      vertex 0.655978 -15.9244 3.05
      vertex 0.761966 -15.873 4.05
      vertex 0.655978 -15.9244 4.05
    endloop
  endfacet
  facet normal 0.436355 -0.899775 0
    outer loop
      vertex 0.761966 -15.873 4.05
      vertex 0.655978 -15.9244 3.05
      vertex 0.761966 -15.873 3.05
    endloop
  endfacet
  facet normal 0.471172 -0.882042 0
    outer loop
      vertex 0.761966 -15.873 3.05
      vertex 0.865863 -15.8175 4.05
      vertex 0.761966 -15.873 4.05
    endloop
  endfacet
  facet normal 0.471172 -0.882042 0
    outer loop
      vertex 0.865863 -15.8175 4.05
      vertex 0.761966 -15.873 3.05
      vertex 0.865863 -15.8175 3.05
    endloop
  endfacet
  facet normal 0.505896 -0.862595 0
    outer loop
      vertex 0.865863 -15.8175 3.05
      vertex 0.967486 -15.7579 4.05
      vertex 0.865863 -15.8175 4.05
    endloop
  endfacet
  facet normal 0.505896 -0.862595 0
    outer loop
      vertex 0.967486 -15.7579 4.05
      vertex 0.865863 -15.8175 3.05
      vertex 0.967486 -15.7579 3.05
    endloop
  endfacet
  facet normal 0.539072 -0.84226 0
    outer loop
      vertex 0.967486 -15.7579 3.05
      vertex 1.0667 -15.6944 4.05
      vertex 0.967486 -15.7579 4.05
    endloop
  endfacet
  facet normal 0.539072 -0.84226 0
    outer loop
      vertex 1.0667 -15.6944 4.05
      vertex 0.967486 -15.7579 3.05
      vertex 1.0667 -15.6944 3.05
    endloop
  endfacet
  facet normal 0.572009 -0.820247 0
    outer loop
      vertex 1.0667 -15.6944 3.05
      vertex 1.16335 -15.627 4.05
      vertex 1.0667 -15.6944 4.05
    endloop
  endfacet
  facet normal 0.572009 -0.820247 0
    outer loop
      vertex 1.16335 -15.627 4.05
      vertex 1.0667 -15.6944 3.05
      vertex 1.16335 -15.627 3.05
    endloop
  endfacet
  facet normal 0.603539 -0.797334 0
    outer loop
      vertex 1.16335 -15.627 3.05
      vertex 1.25728 -15.5559 4.05
      vertex 1.16335 -15.627 4.05
    endloop
  endfacet
  facet normal 0.603539 -0.797334 0
    outer loop
      vertex 1.25728 -15.5559 4.05
      vertex 1.16335 -15.627 3.05
      vertex 1.25728 -15.5559 3.05
    endloop
  endfacet
  facet normal 0.634278 -0.773105 0
    outer loop
      vertex 1.25728 -15.5559 3.05
      vertex 1.34833 -15.4812 4.05
      vertex 1.25728 -15.5559 4.05
    endloop
  endfacet
  facet normal 0.634278 -0.773105 0
    outer loop
      vertex 1.34833 -15.4812 4.05
      vertex 1.25728 -15.5559 3.05
      vertex 1.34833 -15.4812 3.05
    endloop
  endfacet
  facet normal 0.664005 -0.747728 0
    outer loop
      vertex 1.34833 -15.4812 3.05
      vertex 1.43639 -15.403 4.05
      vertex 1.34833 -15.4812 4.05
    endloop
  endfacet
  facet normal 0.664005 -0.747728 0
    outer loop
      vertex 1.43639 -15.403 4.05
      vertex 1.34833 -15.4812 3.05
      vertex 1.43639 -15.403 3.05
    endloop
  endfacet
  facet normal 0.69327 -0.720678 0
    outer loop
      vertex 1.43639 -15.403 3.05
      vertex 1.52132 -15.3213 4.05
      vertex 1.43639 -15.403 4.05
    endloop
  endfacet
  facet normal 0.69327 -0.720678 0
    outer loop
      vertex 1.52132 -15.3213 4.05
      vertex 1.43639 -15.403 3.05
      vertex 1.52132 -15.3213 3.05
    endloop
  endfacet
  facet normal 0.720853 -0.693088 0
    outer loop
      vertex 1.52132 -15.3213 4.05
      vertex 1.60295 -15.2364 3.05
      vertex 1.60295 -15.2364 4.05
    endloop
  endfacet
  facet normal 0.720853 -0.693088 0
    outer loop
      vertex 1.60295 -15.2364 3.05
      vertex 1.52132 -15.3213 4.05
      vertex 1.52132 -15.3213 3.05
    endloop
  endfacet
  facet normal 0.747583 -0.664169 0
    outer loop
      vertex 1.60295 -15.2364 4.05
      vertex 1.68122 -15.1483 3.05
      vertex 1.68122 -15.1483 4.05
    endloop
  endfacet
  facet normal 0.747583 -0.664169 0
    outer loop
      vertex 1.68122 -15.1483 3.05
      vertex 1.60295 -15.2364 4.05
      vertex 1.60295 -15.2364 3.05
    endloop
  endfacet
  facet normal 0.772851 -0.634587 0
    outer loop
      vertex 1.68122 -15.1483 4.05
      vertex 1.75594 -15.0573 3.05
      vertex 1.75594 -15.0573 4.05
    endloop
  endfacet
  facet normal 0.772851 -0.634587 0
    outer loop
      vertex 1.75594 -15.0573 3.05
      vertex 1.68122 -15.1483 4.05
      vertex 1.68122 -15.1483 3.05
    endloop
  endfacet
  facet normal 0.79755 -0.603253 0
    outer loop
      vertex 1.75594 -15.0573 4.05
      vertex 1.82704 -14.9633 3.05
      vertex 1.82704 -14.9633 4.05
    endloop
  endfacet
  facet normal 0.79755 -0.603253 0
    outer loop
      vertex 1.82704 -14.9633 3.05
      vertex 1.75594 -15.0573 4.05
      vertex 1.75594 -15.0573 3.05
    endloop
  endfacet
  facet normal 0.820268 -0.57198 0
    outer loop
      vertex 1.82704 -14.9633 4.05
      vertex 1.8944 -14.8667 3.05
      vertex 1.8944 -14.8667 4.05
    endloop
  endfacet
  facet normal 0.820268 -0.57198 0
    outer loop
      vertex 1.8944 -14.8667 3.05
      vertex 1.82704 -14.9633 4.05
      vertex 1.82704 -14.9633 3.05
    endloop
  endfacet
  facet normal 0.842148 -0.539246 0
    outer loop
      vertex 1.8944 -14.8667 4.05
      vertex 1.95792 -14.7675 3.05
      vertex 1.95792 -14.7675 4.05
    endloop
  endfacet
  facet normal 0.842148 -0.539246 0
    outer loop
      vertex 1.95792 -14.7675 3.05
      vertex 1.8944 -14.8667 4.05
      vertex 1.8944 -14.8667 3.05
    endloop
  endfacet
  facet normal 0.86273 -0.505665 0
    outer loop
      vertex 1.95792 -14.7675 4.05
      vertex 2.01747 -14.6659 3.05
      vertex 2.01747 -14.6659 4.05
    endloop
  endfacet
  facet normal 0.86273 -0.505665 0
    outer loop
      vertex 2.01747 -14.6659 3.05
      vertex 1.95792 -14.7675 4.05
      vertex 1.95792 -14.7675 3.05
    endloop
  endfacet
  facet normal 0.881871 -0.471491 0
    outer loop
      vertex 2.01747 -14.6659 4.05
      vertex 2.07302 -14.562 3.05
      vertex 2.07302 -14.562 4.05
    endloop
  endfacet
  facet normal 0.881871 -0.471491 0
    outer loop
      vertex 2.07302 -14.562 3.05
      vertex 2.01747 -14.6659 4.05
      vertex 2.01747 -14.6659 3.05
    endloop
  endfacet
  facet normal 0.899794 -0.436315 0
    outer loop
      vertex 2.07302 -14.562 4.05
      vertex 2.12442 -14.456 3.05
      vertex 2.12442 -14.456 4.05
    endloop
  endfacet
  facet normal 0.899794 -0.436315 0
    outer loop
      vertex 2.12442 -14.456 3.05
      vertex 2.07302 -14.562 4.05
      vertex 2.07302 -14.562 3.05
    endloop
  endfacet
  facet normal 0.916282 -0.400534 0
    outer loop
      vertex 2.12442 -14.456 4.05
      vertex 2.17163 -14.348 3.05
      vertex 2.17163 -14.348 4.05
    endloop
  endfacet
  facet normal 0.916282 -0.400534 0
    outer loop
      vertex 2.17163 -14.348 3.05
      vertex 2.12442 -14.456 4.05
      vertex 2.12442 -14.456 3.05
    endloop
  endfacet
  facet normal 0.931203 -0.364502 0
    outer loop
      vertex 2.17163 -14.348 4.05
      vertex 2.21457 -14.2383 3.05
      vertex 2.21457 -14.2383 4.05
    endloop
  endfacet
  facet normal 0.931203 -0.364502 0
    outer loop
      vertex 2.21457 -14.2383 3.05
      vertex 2.17163 -14.348 4.05
      vertex 2.17163 -14.348 3.05
    endloop
  endfacet
  facet normal 0.94482 -0.327589 0
    outer loop
      vertex 2.21457 -14.2383 4.05
      vertex 2.25316 -14.127 3.05
      vertex 2.25316 -14.127 4.05
    endloop
  endfacet
  facet normal 0.94482 -0.327589 0
    outer loop
      vertex 2.25316 -14.127 3.05
      vertex 2.21457 -14.2383 4.05
      vertex 2.21457 -14.2383 3.05
    endloop
  endfacet
  facet normal 0.95691 -0.290384 0
    outer loop
      vertex 2.25316 -14.127 4.05
      vertex 2.28736 -14.0143 3.05
      vertex 2.28736 -14.0143 4.05
    endloop
  endfacet
  facet normal 0.95691 -0.290384 0
    outer loop
      vertex 2.28736 -14.0143 3.05
      vertex 2.25316 -14.127 4.05
      vertex 2.25316 -14.127 3.05
    endloop
  endfacet
  facet normal 0.967615 -0.252429 0
    outer loop
      vertex 2.28736 -14.0143 4.05
      vertex 2.3171 -13.9003 3.05
      vertex 2.3171 -13.9003 4.05
    endloop
  endfacet
  facet normal 0.967615 -0.252429 0
    outer loop
      vertex 2.3171 -13.9003 3.05
      vertex 2.28736 -14.0143 4.05
      vertex 2.28736 -14.0143 3.05
    endloop
  endfacet
  facet normal 0.976733 -0.214457 0
    outer loop
      vertex 2.3171 -13.9003 4.05
      vertex 2.34235 -13.7853 3.05
      vertex 2.34235 -13.7853 4.05
    endloop
  endfacet
  facet normal 0.976733 -0.214457 0
    outer loop
      vertex 2.34235 -13.7853 3.05
      vertex 2.3171 -13.9003 4.05
      vertex 2.3171 -13.9003 3.05
    endloop
  endfacet
  facet normal 0.984434 -0.175755 0
    outer loop
      vertex 2.34235 -13.7853 4.05
      vertex 2.36306 -13.6693 3.05
      vertex 2.36306 -13.6693 4.05
    endloop
  endfacet
  facet normal 0.984434 -0.175755 0
    outer loop
      vertex 2.36306 -13.6693 3.05
      vertex 2.34235 -13.7853 4.05
      vertex 2.34235 -13.7853 3.05
    endloop
  endfacet
  facet normal 0.990571 -0.136999 0
    outer loop
      vertex 2.36306 -13.6693 4.05
      vertex 2.3792 -13.5526 3.05
      vertex 2.3792 -13.5526 4.05
    endloop
  endfacet
  facet normal 0.990571 -0.136999 0
    outer loop
      vertex 2.3792 -13.5526 3.05
      vertex 2.36306 -13.6693 4.05
      vertex 2.36306 -13.6693 3.05
    endloop
  endfacet
  facet normal 0.995179 -0.0980744 0
    outer loop
      vertex 2.3792 -13.5526 4.05
      vertex 2.39075 -13.4354 3.05
      vertex 2.39075 -13.4354 4.05
    endloop
  endfacet
  facet normal 0.995179 -0.0980744 0
    outer loop
      vertex 2.39075 -13.4354 3.05
      vertex 2.3792 -13.5526 4.05
      vertex 2.3792 -13.5526 3.05
    endloop
  endfacet
  facet normal 0.998268 -0.0588265 0
    outer loop
      vertex 2.39075 -13.4354 4.05
      vertex 2.39768 -13.3178 3.05
      vertex 2.39768 -13.3178 4.05
    endloop
  endfacet
  facet normal 0.998268 -0.0588265 0
    outer loop
      vertex 2.39768 -13.3178 3.05
      vertex 2.39075 -13.4354 4.05
      vertex 2.39075 -13.4354 3.05
    endloop
  endfacet
  facet normal 0.999806 -0.0196906 0
    outer loop
      vertex 2.39768 -13.3178 4.05
      vertex 2.4 -13.2 3.05
      vertex 2.4 -13.2 4.05
    endloop
  endfacet
  facet normal 0.999806 -0.0196906 0
    outer loop
      vertex 2.4 -13.2 3.05
      vertex 2.39768 -13.3178 4.05
      vertex 2.39768 -13.3178 3.05
    endloop
  endfacet
  facet normal 1 0 0
    outer loop
      vertex 2.4 13.2 4.05
      vertex 2.4 11.2 3.85
      vertex 2.4 13.2 3.05
    endloop
  endfacet
  facet normal 1 0 0
    outer loop
      vertex 2.4 13.2 4.05
      vertex 2.4 -11.2 3.85
      vertex 2.4 11.2 3.85
    endloop
  endfacet
  facet normal 1 -0 0
    outer loop
      vertex 2.4 -13.2 4.05
      vertex 2.4 -11.2 3.85
      vertex 2.4 13.2 4.05
    endloop
  endfacet
  facet normal 1 0 0
    outer loop
      vertex 2.4 -13.2 3.05
      vertex 2.4 -11.2 3.85
      vertex 2.4 -13.2 4.05
    endloop
  endfacet
  facet normal 1 0 0
    outer loop
      vertex 2.4 -11.2 3.85
      vertex 2.4 -13.2 3.05
      vertex 2.4 -11.2 3.05
    endloop
  endfacet
  facet normal 1 0 0
    outer loop
      vertex 2.4 13.2 3.05
      vertex 2.4 11.2 3.85
      vertex 2.4 11.2 3.05
    endloop
  endfacet
  facet normal 0.999806 0.0196906 0
    outer loop
      vertex 2.4 13.2 4.05
      vertex 2.39768 13.3178 3.05
      vertex 2.39768 13.3178 4.05
    endloop
  endfacet
  facet normal 0.999806 0.0196906 0
    outer loop
      vertex 2.39768 13.3178 3.05
      vertex 2.4 13.2 4.05
      vertex 2.4 13.2 3.05
    endloop
  endfacet
  facet normal 0.998268 0.0588265 0
    outer loop
      vertex 2.39768 13.3178 4.05
      vertex 2.39075 13.4354 3.05
      vertex 2.39075 13.4354 4.05
    endloop
  endfacet
  facet normal 0.998268 0.0588265 0
    outer loop
      vertex 2.39075 13.4354 3.05
      vertex 2.39768 13.3178 4.05
      vertex 2.39768 13.3178 3.05
    endloop
  endfacet
  facet normal 0.995179 0.0980744 0
    outer loop
      vertex 2.39075 13.4354 4.05
      vertex 2.3792 13.5526 3.05
      vertex 2.3792 13.5526 4.05
    endloop
  endfacet
  facet normal 0.995179 0.0980744 0
    outer loop
      vertex 2.3792 13.5526 3.05
      vertex 2.39075 13.4354 4.05
      vertex 2.39075 13.4354 3.05
    endloop
  endfacet
  facet normal 0.990571 0.136999 0
    outer loop
      vertex 2.3792 13.5526 4.05
      vertex 2.36306 13.6693 3.05
      vertex 2.36306 13.6693 4.05
    endloop
  endfacet
  facet normal 0.990571 0.136999 0
    outer loop
      vertex 2.36306 13.6693 3.05
      vertex 2.3792 13.5526 4.05
      vertex 2.3792 13.5526 3.05
    endloop
  endfacet
  facet normal 0.984434 0.175755 0
    outer loop
      vertex 2.36306 13.6693 4.05
      vertex 2.34235 13.7853 3.05
      vertex 2.34235 13.7853 4.05
    endloop
  endfacet
  facet normal 0.984434 0.175755 0
    outer loop
      vertex 2.34235 13.7853 3.05
      vertex 2.36306 13.6693 4.05
      vertex 2.36306 13.6693 3.05
    endloop
  endfacet
  facet normal 0.976733 0.214457 0
    outer loop
      vertex 2.34235 13.7853 4.05
      vertex 2.3171 13.9003 3.05
      vertex 2.3171 13.9003 4.05
    endloop
  endfacet
  facet normal 0.976733 0.214457 0
    outer loop
      vertex 2.3171 13.9003 3.05
      vertex 2.34235 13.7853 4.05
      vertex 2.34235 13.7853 3.05
    endloop
  endfacet
  facet normal 0.967615 0.252429 0
    outer loop
      vertex 2.3171 13.9003 4.05
      vertex 2.28736 14.0143 3.05
      vertex 2.28736 14.0143 4.05
    endloop
  endfacet
  facet normal 0.967615 0.252429 0
    outer loop
      vertex 2.28736 14.0143 3.05
      vertex 2.3171 13.9003 4.05
      vertex 2.3171 13.9003 3.05
    endloop
  endfacet
  facet normal 0.95691 0.290384 0
    outer loop
      vertex 2.28736 14.0143 4.05
      vertex 2.25316 14.127 3.05
      vertex 2.25316 14.127 4.05
    endloop
  endfacet
  facet normal 0.95691 0.290384 0
    outer loop
      vertex 2.25316 14.127 3.05
      vertex 2.28736 14.0143 4.05
      vertex 2.28736 14.0143 3.05
    endloop
  endfacet
  facet normal 0.94482 0.327589 0
    outer loop
      vertex 2.25316 14.127 4.05
      vertex 2.21457 14.2383 3.05
      vertex 2.21457 14.2383 4.05
    endloop
  endfacet
  facet normal 0.94482 0.327589 0
    outer loop
      vertex 2.21457 14.2383 3.05
      vertex 2.25316 14.127 4.05
      vertex 2.25316 14.127 3.05
    endloop
  endfacet
  facet normal 0.931203 0.364502 0
    outer loop
      vertex 2.21457 14.2383 4.05
      vertex 2.17163 14.348 3.05
      vertex 2.17163 14.348 4.05
    endloop
  endfacet
  facet normal 0.931203 0.364502 0
    outer loop
      vertex 2.17163 14.348 3.05
      vertex 2.21457 14.2383 4.05
      vertex 2.21457 14.2383 3.05
    endloop
  endfacet
  facet normal 0.916282 0.400534 0
    outer loop
      vertex 2.17163 14.348 4.05
      vertex 2.12442 14.456 3.05
      vertex 2.12442 14.456 4.05
    endloop
  endfacet
  facet normal 0.916282 0.400534 0
    outer loop
      vertex 2.12442 14.456 3.05
      vertex 2.17163 14.348 4.05
      vertex 2.17163 14.348 3.05
    endloop
  endfacet
  facet normal 0.899794 0.436315 0
    outer loop
      vertex 2.12442 14.456 4.05
      vertex 2.07302 14.562 3.05
      vertex 2.07302 14.562 4.05
    endloop
  endfacet
  facet normal 0.899794 0.436315 0
    outer loop
      vertex 2.07302 14.562 3.05
      vertex 2.12442 14.456 4.05
      vertex 2.12442 14.456 3.05
    endloop
  endfacet
  facet normal 0.881871 0.471491 0
    outer loop
      vertex 2.07302 14.562 4.05
      vertex 2.01747 14.6659 3.05
      vertex 2.01747 14.6659 4.05
    endloop
  endfacet
  facet normal 0.881871 0.471491 0
    outer loop
      vertex 2.01747 14.6659 3.05
      vertex 2.07302 14.562 4.05
      vertex 2.07302 14.562 3.05
    endloop
  endfacet
  facet normal 0.86273 0.505665 0
    outer loop
      vertex 2.01747 14.6659 4.05
      vertex 1.95792 14.7675 3.05
      vertex 1.95792 14.7675 4.05
    endloop
  endfacet
  facet normal 0.86273 0.505665 0
    outer loop
      vertex 1.95792 14.7675 3.05
      vertex 2.01747 14.6659 4.05
      vertex 2.01747 14.6659 3.05
    endloop
  endfacet
  facet normal 0.842148 0.539246 0
    outer loop
      vertex 1.95792 14.7675 4.05
      vertex 1.8944 14.8667 3.05
      vertex 1.8944 14.8667 4.05
    endloop
  endfacet
  facet normal 0.842148 0.539246 0
    outer loop
      vertex 1.8944 14.8667 3.05
      vertex 1.95792 14.7675 4.05
      vertex 1.95792 14.7675 3.05
    endloop
  endfacet
  facet normal 0.820268 0.57198 0
    outer loop
      vertex 1.8944 14.8667 4.05
      vertex 1.82704 14.9633 3.05
      vertex 1.82704 14.9633 4.05
    endloop
  endfacet
  facet normal 0.820268 0.57198 0
    outer loop
      vertex 1.82704 14.9633 3.05
      vertex 1.8944 14.8667 4.05
      vertex 1.8944 14.8667 3.05
    endloop
  endfacet
  facet normal 0.79755 0.603253 0
    outer loop
      vertex 1.82704 14.9633 4.05
      vertex 1.75594 15.0573 3.05
      vertex 1.75594 15.0573 4.05
    endloop
  endfacet
  facet normal 0.79755 0.603253 0
    outer loop
      vertex 1.75594 15.0573 3.05
      vertex 1.82704 14.9633 4.05
      vertex 1.82704 14.9633 3.05
    endloop
  endfacet
  facet normal 0.772851 0.634587 0
    outer loop
      vertex 1.75594 15.0573 4.05
      vertex 1.68122 15.1483 3.05
      vertex 1.68122 15.1483 4.05
    endloop
  endfacet
  facet normal 0.772851 0.634587 0
    outer loop
      vertex 1.68122 15.1483 3.05
      vertex 1.75594 15.0573 4.05
      vertex 1.75594 15.0573 3.05
    endloop
  endfacet
  facet normal 0.747583 0.664169 0
    outer loop
      vertex 1.68122 15.1483 4.05
      vertex 1.60295 15.2364 3.05
      vertex 1.60295 15.2364 4.05
    endloop
  endfacet
  facet normal 0.747583 0.664169 0
    outer loop
      vertex 1.60295 15.2364 3.05
      vertex 1.68122 15.1483 4.05
      vertex 1.68122 15.1483 3.05
    endloop
  endfacet
  facet normal 0.720853 0.693088 0
    outer loop
      vertex 1.60295 15.2364 4.05
      vertex 1.52132 15.3213 3.05
      vertex 1.52132 15.3213 4.05
    endloop
  endfacet
  facet normal 0.720853 0.693088 0
    outer loop
      vertex 1.52132 15.3213 3.05
      vertex 1.60295 15.2364 4.05
      vertex 1.60295 15.2364 3.05
    endloop
  endfacet
  facet normal 0.69327 0.720678 -0
    outer loop
      vertex 1.52132 15.3213 3.05
      vertex 1.43639 15.403 4.05
      vertex 1.52132 15.3213 4.05
    endloop
  endfacet
  facet normal 0.69327 0.720678 0
    outer loop
      vertex 1.43639 15.403 4.05
      vertex 1.52132 15.3213 3.05
      vertex 1.43639 15.403 3.05
    endloop
  endfacet
  facet normal 0.664005 0.747728 -0
    outer loop
      vertex 1.43639 15.403 3.05
      vertex 1.34833 15.4812 4.05
      vertex 1.43639 15.403 4.05
    endloop
  endfacet
  facet normal 0.664005 0.747728 0
    outer loop
      vertex 1.34833 15.4812 4.05
      vertex 1.43639 15.403 3.05
      vertex 1.34833 15.4812 3.05
    endloop
  endfacet
  facet normal 0.634278 0.773105 -0
    outer loop
      vertex 1.34833 15.4812 3.05
      vertex 1.25728 15.5559 4.05
      vertex 1.34833 15.4812 4.05
    endloop
  endfacet
  facet normal 0.634278 0.773105 0
    outer loop
      vertex 1.25728 15.5559 4.05
      vertex 1.34833 15.4812 3.05
      vertex 1.25728 15.5559 3.05
    endloop
  endfacet
  facet normal 0.603539 0.797334 -0
    outer loop
      vertex 1.25728 15.5559 3.05
      vertex 1.16335 15.627 4.05
      vertex 1.25728 15.5559 4.05
    endloop
  endfacet
  facet normal 0.603539 0.797334 0
    outer loop
      vertex 1.16335 15.627 4.05
      vertex 1.25728 15.5559 3.05
      vertex 1.16335 15.627 3.05
    endloop
  endfacet
  facet normal 0.572009 0.820247 -0
    outer loop
      vertex 1.16335 15.627 3.05
      vertex 1.0667 15.6944 4.05
      vertex 1.16335 15.627 4.05
    endloop
  endfacet
  facet normal 0.572009 0.820247 0
    outer loop
      vertex 1.0667 15.6944 4.05
      vertex 1.16335 15.627 3.05
      vertex 1.0667 15.6944 3.05
    endloop
  endfacet
  facet normal 0.539072 0.84226 -0
    outer loop
      vertex 1.0667 15.6944 3.05
      vertex 0.967486 15.7579 4.05
      vertex 1.0667 15.6944 4.05
    endloop
  endfacet
  facet normal 0.539072 0.84226 0
    outer loop
      vertex 0.967486 15.7579 4.05
      vertex 1.0667 15.6944 3.05
      vertex 0.967486 15.7579 3.05
    endloop
  endfacet
  facet normal 0.505896 0.862595 -0
    outer loop
      vertex 0.967486 15.7579 3.05
      vertex 0.865863 15.8175 4.05
      vertex 0.967486 15.7579 4.05
    endloop
  endfacet
  facet normal 0.505896 0.862595 0
    outer loop
      vertex 0.865863 15.8175 4.05
      vertex 0.967486 15.7579 3.05
      vertex 0.865863 15.8175 3.05
    endloop
  endfacet
  facet normal 0.471172 0.882042 -0
    outer loop
      vertex 0.865863 15.8175 3.05
      vertex 0.761966 15.873 4.05
      vertex 0.865863 15.8175 4.05
    endloop
  endfacet
  facet normal 0.471172 0.882042 0
    outer loop
      vertex 0.761966 15.873 4.05
      vertex 0.865863 15.8175 3.05
      vertex 0.761966 15.873 3.05
    endloop
  endfacet
  facet normal 0.436355 0.899775 -0
    outer loop
      vertex 0.761966 15.873 3.05
      vertex 0.655978 15.9244 4.05
      vertex 0.761966 15.873 4.05
    endloop
  endfacet
  facet normal 0.436355 0.899775 0
    outer loop
      vertex 0.655978 15.9244 4.05
      vertex 0.761966 15.873 3.05
      vertex 0.655978 15.9244 3.05
    endloop
  endfacet
  facet normal 0.40065 0.916231 -0
    outer loop
      vertex 0.655978 15.9244 3.05
      vertex 0.548038 15.9716 4.05
      vertex 0.655978 15.9244 4.05
    endloop
  endfacet
  facet normal 0.40065 0.916231 0
    outer loop
      vertex 0.548038 15.9716 4.05
      vertex 0.655978 15.9244 3.05
      vertex 0.548038 15.9716 3.05
    endloop
  endfacet
  facet normal 0.364955 0.931025 -0
    outer loop
      vertex 0.548038 15.9716 3.05
      vertex 0.438342 16.0146 4.05
      vertex 0.548038 15.9716 4.05
    endloop
  endfacet
  facet normal 0.364955 0.931025 0
    outer loop
      vertex 0.438342 16.0146 4.05
      vertex 0.548038 15.9716 3.05
      vertex 0.438342 16.0146 3.05
    endloop
  endfacet
  facet normal 0.32767 0.944792 -0
    outer loop
      vertex 0.438342 16.0146 3.05
      vertex 0.327044 16.0532 4.05
      vertex 0.438342 16.0146 4.05
    endloop
  endfacet
  facet normal 0.32767 0.944792 0
    outer loop
      vertex 0.327044 16.0532 4.05
      vertex 0.438342 16.0146 3.05
      vertex 0.327044 16.0532 3.05
    endloop
  endfacet
  facet normal 0.290311 0.956932 -0
    outer loop
      vertex 0.327044 16.0532 3.05
      vertex 0.214313 16.0874 4.05
      vertex 0.327044 16.0532 4.05
    endloop
  endfacet
  facet normal 0.290311 0.956932 0
    outer loop
      vertex 0.214313 16.0874 4.05
      vertex 0.327044 16.0532 3.05
      vertex 0.214313 16.0874 3.05
    endloop
  endfacet
  facet normal 0.252144 0.96769 -0
    outer loop
      vertex 0.214313 16.0874 3.05
      vertex 0.100329 16.1171 4.05
      vertex 0.214313 16.0874 4.05
    endloop
  endfacet
  facet normal 0.252144 0.96769 0
    outer loop
      vertex 0.100329 16.1171 4.05
      vertex 0.214313 16.0874 3.05
      vertex 0.100329 16.1171 3.05
    endloop
  endfacet
  facet normal 0.213936 0.976848 -0
    outer loop
      vertex 0.100329 16.1171 3.05
      vertex -0.0147362 16.1423 4.05
      vertex 0.100329 16.1171 4.05
    endloop
  endfacet
  facet normal 0.213936 0.976848 0
    outer loop
      vertex -0.0147362 16.1423 4.05
      vertex 0.100329 16.1171 3.05
      vertex -0.0147362 16.1423 3.05
    endloop
  endfacet
  facet normal 0.176544 0.984293 -0
    outer loop
      vertex -0.0147362 16.1423 3.05
      vertex -0.130703 16.1631 4.05
      vertex -0.0147362 16.1423 4.05
    endloop
  endfacet
  facet normal 0.176544 0.984293 0
    outer loop
      vertex -0.130703 16.1631 4.05
      vertex -0.0147362 16.1423 3.05
      vertex -0.130703 16.1631 3.05
    endloop
  endfacet
  facet normal 0.136667 0.990617 -0
    outer loop
      vertex -0.130703 16.1631 3.05
      vertex -0.247402 16.1792 4.05
      vertex -0.130703 16.1631 4.05
    endloop
  endfacet
  facet normal 0.136667 0.990617 0
    outer loop
      vertex -0.247402 16.1792 4.05
      vertex -0.130703 16.1631 3.05
      vertex -0.247402 16.1792 3.05
    endloop
  endfacet
  facet normal 0.0984674 0.99514 -0
    outer loop
      vertex -0.247402 16.1792 3.05
      vertex -0.364635 16.1908 4.05
      vertex -0.247402 16.1792 4.05
    endloop
  endfacet
  facet normal 0.0984674 0.99514 0
    outer loop
      vertex -0.364635 16.1908 4.05
      vertex -0.247402 16.1792 3.05
      vertex -0.364635 16.1908 3.05
    endloop
  endfacet
  facet normal 0.0585727 0.998283 -0
    outer loop
      vertex -0.364635 16.1908 3.05
      vertex -0.482235 16.1977 4.05
      vertex -0.364635 16.1908 4.05
    endloop
  endfacet
  facet normal 0.0585727 0.998283 0
    outer loop
      vertex -0.482235 16.1977 4.05
      vertex -0.364635 16.1908 3.05
      vertex -0.482235 16.1977 3.05
    endloop
  endfacet
  facet normal 0.0195264 0.999809 -0
    outer loop
      vertex -0.482235 16.1977 3.05
      vertex -0.600002 16.2 4.05
      vertex -0.482235 16.1977 4.05
    endloop
  endfacet
  facet normal 0.0195264 0.999809 0
    outer loop
      vertex -0.600002 16.2 4.05
      vertex -0.482235 16.1977 3.05
      vertex -0.600002 16.2 3.05
    endloop
  endfacet
  facet normal 0 1 -0
    outer loop
      vertex -0.600002 16.2 3.05
      vertex -17 16.2 4.05
      vertex -0.600002 16.2 4.05
    endloop
  endfacet
  facet normal 0 1 0
    outer loop
      vertex -17 16.2 4.05
      vertex -0.600002 16.2 3.05
      vertex -17 16.2 3.05
    endloop
  endfacet
  facet normal -0.0195209 0.999809 0
    outer loop
      vertex -17 16.2 3.05
      vertex -17.1178 16.1977 4.05
      vertex -17 16.2 4.05
    endloop
  endfacet
  facet normal -0.0195209 0.999809 0
    outer loop
      vertex -17.1178 16.1977 4.05
      vertex -17 16.2 3.05
      vertex -17.1178 16.1977 3.05
    endloop
  endfacet
  facet normal -0.0585727 0.998283 0
    outer loop
      vertex -17.1178 16.1977 3.05
      vertex -17.2354 16.1908 4.05
      vertex -17.1178 16.1977 4.05
    endloop
  endfacet
  facet normal -0.0585727 0.998283 0
    outer loop
      vertex -17.2354 16.1908 4.05
      vertex -17.1178 16.1977 3.05
      vertex -17.2354 16.1908 3.05
    endloop
  endfacet
  facet normal -0.0984948 0.995138 0
    outer loop
      vertex -17.2354 16.1908 3.05
      vertex -17.3526 16.1792 4.05
      vertex -17.2354 16.1908 4.05
    endloop
  endfacet
  facet normal -0.0984948 0.995138 0
    outer loop
      vertex -17.3526 16.1792 4.05
      vertex -17.2354 16.1908 3.05
      vertex -17.3526 16.1792 3.05
    endloop
  endfacet
  facet normal -0.136666 0.990617 0
    outer loop
      vertex -17.3526 16.1792 3.05
      vertex -17.4693 16.1631 4.05
      vertex -17.3526 16.1792 4.05
    endloop
  endfacet
  facet normal -0.136666 0.990617 0
    outer loop
      vertex -17.4693 16.1631 4.05
      vertex -17.3526 16.1792 3.05
      vertex -17.4693 16.1631 3.05
    endloop
  endfacet
  facet normal -0.176495 0.984301 0
    outer loop
      vertex -17.4693 16.1631 3.05
      vertex -17.5853 16.1423 4.05
      vertex -17.4693 16.1631 4.05
    endloop
  endfacet
  facet normal -0.176495 0.984301 0
    outer loop
      vertex -17.5853 16.1423 4.05
      vertex -17.4693 16.1631 3.05
      vertex -17.5853 16.1423 3.05
    endloop
  endfacet
  facet normal -0.214052 0.976822 0
    outer loop
      vertex -17.5853 16.1423 3.05
      vertex -17.7003 16.1171 4.05
      vertex -17.5853 16.1423 4.05
    endloop
  endfacet
  facet normal -0.214052 0.976822 0
    outer loop
      vertex -17.7003 16.1171 4.05
      vertex -17.5853 16.1423 3.05
      vertex -17.7003 16.1171 3.05
    endloop
  endfacet
  facet normal -0.252111 0.967698 0
    outer loop
      vertex -17.7003 16.1171 3.05
      vertex -17.8143 16.0874 4.05
      vertex -17.7003 16.1171 4.05
    endloop
  endfacet
  facet normal -0.252111 0.967698 0
    outer loop
      vertex -17.8143 16.0874 4.05
      vertex -17.7003 16.1171 3.05
      vertex -17.8143 16.0874 3.05
    endloop
  endfacet
  facet normal -0.290384 0.95691 0
    outer loop
      vertex -17.8143 16.0874 3.05
      vertex -17.927 16.0532 4.05
      vertex -17.8143 16.0874 4.05
    endloop
  endfacet
  facet normal -0.290384 0.95691 0
    outer loop
      vertex -17.927 16.0532 4.05
      vertex -17.8143 16.0874 3.05
      vertex -17.927 16.0532 3.05
    endloop
  endfacet
  facet normal -0.327664 0.944794 0
    outer loop
      vertex -17.927 16.0532 3.05
      vertex -18.0383 16.0146 4.05
      vertex -17.927 16.0532 4.05
    endloop
  endfacet
  facet normal -0.327664 0.944794 0
    outer loop
      vertex -18.0383 16.0146 4.05
      vertex -17.927 16.0532 3.05
      vertex -18.0383 16.0146 3.05
    endloop
  endfacet
  facet normal -0.364943 0.93103 0
    outer loop
      vertex -18.0383 16.0146 3.05
      vertex -18.148 15.9716 4.05
      vertex -18.0383 16.0146 4.05
    endloop
  endfacet
  facet normal -0.364943 0.93103 0
    outer loop
      vertex -18.148 15.9716 4.05
      vertex -18.0383 16.0146 3.05
      vertex -18.148 15.9716 3.05
    endloop
  endfacet
  facet normal -0.400463 0.916313 0
    outer loop
      vertex -18.148 15.9716 3.05
      vertex -18.256 15.9244 4.05
      vertex -18.148 15.9716 4.05
    endloop
  endfacet
  facet normal -0.400463 0.916313 0
    outer loop
      vertex -18.256 15.9244 4.05
      vertex -18.148 15.9716 3.05
      vertex -18.256 15.9244 3.05
    endloop
  endfacet
  facet normal -0.436315 0.899794 0
    outer loop
      vertex -18.256 15.9244 3.05
      vertex -18.362 15.873 4.05
      vertex -18.256 15.9244 4.05
    endloop
  endfacet
  facet normal -0.436315 0.899794 0
    outer loop
      vertex -18.362 15.873 4.05
      vertex -18.256 15.9244 3.05
      vertex -18.362 15.873 3.05
    endloop
  endfacet
  facet normal -0.471161 0.882047 0
    outer loop
      vertex -18.362 15.873 3.05
      vertex -18.4659 15.8175 4.05
      vertex -18.362 15.873 4.05
    endloop
  endfacet
  facet normal -0.471161 0.882047 0
    outer loop
      vertex -18.4659 15.8175 4.05
      vertex -18.362 15.873 3.05
      vertex -18.4659 15.8175 3.05
    endloop
  endfacet
  facet normal -0.505981 0.862545 0
    outer loop
      vertex -18.4659 15.8175 3.05
      vertex -18.5675 15.7579 4.05
      vertex -18.4659 15.8175 4.05
    endloop
  endfacet
  facet normal -0.505981 0.862545 0
    outer loop
      vertex -18.5675 15.7579 4.05
      vertex -18.4659 15.8175 3.05
      vertex -18.5675 15.7579 3.05
    endloop
  endfacet
  facet normal -0.539126 0.842225 0
    outer loop
      vertex -18.5675 15.7579 3.05
      vertex -18.6667 15.6944 4.05
      vertex -18.5675 15.7579 4.05
    endloop
  endfacet
  facet normal -0.539126 0.842225 0
    outer loop
      vertex -18.6667 15.6944 4.05
      vertex -18.5675 15.7579 3.05
      vertex -18.6667 15.6944 3.05
    endloop
  endfacet
  facet normal -0.572208 0.820108 0
    outer loop
      vertex -18.6667 15.6944 3.05
      vertex -18.7633 15.627 4.05
      vertex -18.6667 15.6944 4.05
    endloop
  endfacet
  facet normal -0.572208 0.820108 0
    outer loop
      vertex -18.7633 15.627 4.05
      vertex -18.6667 15.6944 3.05
      vertex -18.7633 15.627 3.05
    endloop
  endfacet
  facet normal -0.603253 0.79755 0
    outer loop
      vertex -18.7633 15.627 3.05
      vertex -18.8573 15.5559 4.05
      vertex -18.7633 15.627 4.05
    endloop
  endfacet
  facet normal -0.603253 0.79755 0
    outer loop
      vertex -18.8573 15.5559 4.05
      vertex -18.7633 15.627 3.05
      vertex -18.8573 15.5559 3.05
    endloop
  endfacet
  facet normal -0.634486 0.772935 0
    outer loop
      vertex -18.8573 15.5559 3.05
      vertex -18.9483 15.4812 4.05
      vertex -18.8573 15.5559 4.05
    endloop
  endfacet
  facet normal -0.634486 0.772935 0
    outer loop
      vertex -18.9483 15.4812 4.05
      vertex -18.8573 15.5559 3.05
      vertex -18.9483 15.4812 3.05
    endloop
  endfacet
  facet normal -0.663837 0.747877 0
    outer loop
      vertex -18.9483 15.4812 3.05
      vertex -19.0364 15.403 4.05
      vertex -18.9483 15.4812 4.05
    endloop
  endfacet
  facet normal -0.663837 0.747877 0
    outer loop
      vertex -19.0364 15.403 4.05
      vertex -18.9483 15.4812 3.05
      vertex -19.0364 15.403 3.05
    endloop
  endfacet
  facet normal -0.693397 0.720556 0
    outer loop
      vertex -19.0364 15.403 3.05
      vertex -19.1213 15.3213 4.05
      vertex -19.0364 15.403 4.05
    endloop
  endfacet
  facet normal -0.693397 0.720556 0
    outer loop
      vertex -19.1213 15.3213 4.05
      vertex -19.0364 15.403 3.05
      vertex -19.1213 15.3213 3.05
    endloop
  endfacet
  facet normal -0.720556 0.693397 0
    outer loop
      vertex -19.203 15.2364 3.05
      vertex -19.1213 15.3213 4.05
      vertex -19.1213 15.3213 3.05
    endloop
  endfacet
  facet normal -0.720556 0.693397 0
    outer loop
      vertex -19.1213 15.3213 4.05
      vertex -19.203 15.2364 3.05
      vertex -19.203 15.2364 4.05
    endloop
  endfacet
  facet normal -0.747877 0.663837 0
    outer loop
      vertex -19.2812 15.1483 3.05
      vertex -19.203 15.2364 4.05
      vertex -19.203 15.2364 3.05
    endloop
  endfacet
  facet normal -0.747877 0.663837 0
    outer loop
      vertex -19.203 15.2364 4.05
      vertex -19.2812 15.1483 3.05
      vertex -19.2812 15.1483 4.05
    endloop
  endfacet
  facet normal -0.772935 0.634486 0
    outer loop
      vertex -19.3559 15.0573 3.05
      vertex -19.2812 15.1483 4.05
      vertex -19.2812 15.1483 3.05
    endloop
  endfacet
  facet normal -0.772935 0.634486 0
    outer loop
      vertex -19.2812 15.1483 4.05
      vertex -19.3559 15.0573 3.05
      vertex -19.3559 15.0573 4.05
    endloop
  endfacet
  facet normal -0.79755 0.603253 0
    outer loop
      vertex -19.427 14.9633 3.05
      vertex -19.3559 15.0573 4.05
      vertex -19.3559 15.0573 3.05
    endloop
  endfacet
  facet normal -0.79755 0.603253 0
    outer loop
      vertex -19.3559 15.0573 4.05
      vertex -19.427 14.9633 3.05
      vertex -19.427 14.9633 4.05
    endloop
  endfacet
  facet normal -0.820108 0.572208 0
    outer loop
      vertex -19.4944 14.8667 3.05
      vertex -19.427 14.9633 4.05
      vertex -19.427 14.9633 3.05
    endloop
  endfacet
  facet normal -0.820108 0.572208 0
    outer loop
      vertex -19.427 14.9633 4.05
      vertex -19.4944 14.8667 3.05
      vertex -19.4944 14.8667 4.05
    endloop
  endfacet
  facet normal -0.842225 0.539126 0
    outer loop
      vertex -19.5579 14.7675 3.05
      vertex -19.4944 14.8667 4.05
      vertex -19.4944 14.8667 3.05
    endloop
  endfacet
  facet normal -0.842225 0.539126 0
    outer loop
      vertex -19.4944 14.8667 4.05
      vertex -19.5579 14.7675 3.05
      vertex -19.5579 14.7675 4.05
    endloop
  endfacet
  facet normal -0.862545 0.505981 0
    outer loop
      vertex -19.6175 14.6659 3.05
      vertex -19.5579 14.7675 4.05
      vertex -19.5579 14.7675 3.05
    endloop
  endfacet
  facet normal -0.862545 0.505981 0
    outer loop
      vertex -19.5579 14.7675 4.05
      vertex -19.6175 14.6659 3.05
      vertex -19.6175 14.6659 4.05
    endloop
  endfacet
  facet normal -0.882047 0.471161 0
    outer loop
      vertex -19.673 14.562 3.05
      vertex -19.6175 14.6659 4.05
      vertex -19.6175 14.6659 3.05
    endloop
  endfacet
  facet normal -0.882047 0.471161 0
    outer loop
      vertex -19.6175 14.6659 4.05
      vertex -19.673 14.562 3.05
      vertex -19.673 14.562 4.05
    endloop
  endfacet
  facet normal -0.899794 0.436315 0
    outer loop
      vertex -19.7244 14.456 3.05
      vertex -19.673 14.562 4.05
      vertex -19.673 14.562 3.05
    endloop
  endfacet
  facet normal -0.899794 0.436315 0
    outer loop
      vertex -19.673 14.562 4.05
      vertex -19.7244 14.456 3.05
      vertex -19.7244 14.456 4.05
    endloop
  endfacet
  facet normal -0.916313 0.400463 0
    outer loop
      vertex -19.7716 14.348 3.05
      vertex -19.7244 14.456 4.05
      vertex -19.7244 14.456 3.05
    endloop
  endfacet
  facet normal -0.916313 0.400463 0
    outer loop
      vertex -19.7244 14.456 4.05
      vertex -19.7716 14.348 3.05
      vertex -19.7716 14.348 4.05
    endloop
  endfacet
  facet normal -0.93103 0.364943 0
    outer loop
      vertex -19.8146 14.2383 3.05
      vertex -19.7716 14.348 4.05
      vertex -19.7716 14.348 3.05
    endloop
  endfacet
  facet normal -0.93103 0.364943 0
    outer loop
      vertex -19.7716 14.348 4.05
      vertex -19.8146 14.2383 3.05
      vertex -19.8146 14.2383 4.05
    endloop
  endfacet
  facet normal -0.944794 0.327664 0
    outer loop
      vertex -19.8532 14.127 3.05
      vertex -19.8146 14.2383 4.05
      vertex -19.8146 14.2383 3.05
    endloop
  endfacet
  facet normal -0.944794 0.327664 0
    outer loop
      vertex -19.8146 14.2383 4.05
      vertex -19.8532 14.127 3.05
      vertex -19.8532 14.127 4.05
    endloop
  endfacet
  facet normal -0.95691 0.290384 0
    outer loop
      vertex -19.8874 14.0143 3.05
      vertex -19.8532 14.127 4.05
      vertex -19.8532 14.127 3.05
    endloop
  endfacet
  facet normal -0.95691 0.290384 0
    outer loop
      vertex -19.8532 14.127 4.05
      vertex -19.8874 14.0143 3.05
      vertex -19.8874 14.0143 4.05
    endloop
  endfacet
  facet normal -0.967698 0.252111 0
    outer loop
      vertex -19.9171 13.9003 3.05
      vertex -19.8874 14.0143 4.05
      vertex -19.8874 14.0143 3.05
    endloop
  endfacet
  facet normal -0.967698 0.252111 0
    outer loop
      vertex -19.8874 14.0143 4.05
      vertex -19.9171 13.9003 3.05
      vertex -19.9171 13.9003 4.05
    endloop
  endfacet
  facet normal -0.976822 0.214052 0
    outer loop
      vertex -19.9423 13.7853 3.05
      vertex -19.9171 13.9003 4.05
      vertex -19.9171 13.9003 3.05
    endloop
  endfacet
  facet normal -0.976822 0.214052 0
    outer loop
      vertex -19.9171 13.9003 4.05
      vertex -19.9423 13.7853 3.05
      vertex -19.9423 13.7853 4.05
    endloop
  endfacet
  facet normal -0.984301 0.176495 0
    outer loop
      vertex -19.9631 13.6693 3.05
      vertex -19.9423 13.7853 4.05
      vertex -19.9423 13.7853 3.05
    endloop
  endfacet
  facet normal -0.984301 0.176495 0
    outer loop
      vertex -19.9423 13.7853 4.05
      vertex -19.9631 13.6693 3.05
      vertex -19.9631 13.6693 4.05
    endloop
  endfacet
  facet normal -0.990617 0.136666 0
    outer loop
      vertex -19.9792 13.5526 3.05
      vertex -19.9631 13.6693 4.05
      vertex -19.9631 13.6693 3.05
    endloop
  endfacet
  facet normal -0.990617 0.136666 0
    outer loop
      vertex -19.9631 13.6693 4.05
      vertex -19.9792 13.5526 3.05
      vertex -19.9792 13.5526 4.05
    endloop
  endfacet
  facet normal -0.99522 0.0976539 0
    outer loop
      vertex -19.9907 13.4354 3.05
      vertex -19.9792 13.5526 4.05
      vertex -19.9792 13.5526 3.05
    endloop
  endfacet
  facet normal -0.99522 0.0976539 0
    outer loop
      vertex -19.9792 13.5526 4.05
      vertex -19.9907 13.4354 3.05
      vertex -19.9907 13.4354 4.05
    endloop
  endfacet
  facet normal -0.998233 0.0594186 0
    outer loop
      vertex -19.9977 13.3178 3.05
      vertex -19.9907 13.4354 4.05
      vertex -19.9907 13.4354 3.05
    endloop
  endfacet
  facet normal -0.998233 0.0594186 0
    outer loop
      vertex -19.9907 13.4354 4.05
      vertex -19.9977 13.3178 3.05
      vertex -19.9977 13.3178 4.05
    endloop
  endfacet
  facet normal -0.999809 0.0195209 0
    outer loop
      vertex -20 13.2 3.05
      vertex -19.9977 13.3178 4.05
      vertex -19.9977 13.3178 3.05
    endloop
  endfacet
  facet normal -0.999809 0.0195209 0
    outer loop
      vertex -19.9977 13.3178 4.05
      vertex -20 13.2 3.05
      vertex -20 13.2 4.05
    endloop
  endfacet
  facet normal -1 0 0
    outer loop
      vertex -20 -13.2 3.05
      vertex -20 13.2 4.05
      vertex -20 13.2 3.05
    endloop
  endfacet
  facet normal -1 -0 0
    outer loop
      vertex -20 13.2 4.05
      vertex -20 -13.2 3.05
      vertex -20 -13.2 4.05
    endloop
  endfacet
  facet normal -0.999809 -0.0195209 0
    outer loop
      vertex -19.9977 -13.3178 3.05
      vertex -20 -13.2 4.05
      vertex -20 -13.2 3.05
    endloop
  endfacet
  facet normal -0.999809 -0.0195209 0
    outer loop
      vertex -20 -13.2 4.05
      vertex -19.9977 -13.3178 3.05
      vertex -19.9977 -13.3178 4.05
    endloop
  endfacet
  facet normal -0.998233 -0.0594186 0
    outer loop
      vertex -19.9907 -13.4354 3.05
      vertex -19.9977 -13.3178 4.05
      vertex -19.9977 -13.3178 3.05
    endloop
  endfacet
  facet normal -0.998233 -0.0594186 0
    outer loop
      vertex -19.9977 -13.3178 4.05
      vertex -19.9907 -13.4354 3.05
      vertex -19.9907 -13.4354 4.05
    endloop
  endfacet
  facet normal -0.99522 -0.0976539 0
    outer loop
      vertex -19.9792 -13.5526 3.05
      vertex -19.9907 -13.4354 4.05
      vertex -19.9907 -13.4354 3.05
    endloop
  endfacet
  facet normal -0.99522 -0.0976539 0
    outer loop
      vertex -19.9907 -13.4354 4.05
      vertex -19.9792 -13.5526 3.05
      vertex -19.9792 -13.5526 4.05
    endloop
  endfacet
  facet normal -0.990617 -0.136666 0
    outer loop
      vertex -19.9631 -13.6693 3.05
      vertex -19.9792 -13.5526 4.05
      vertex -19.9792 -13.5526 3.05
    endloop
  endfacet
  facet normal -0.990617 -0.136666 0
    outer loop
      vertex -19.9792 -13.5526 4.05
      vertex -19.9631 -13.6693 3.05
      vertex -19.9631 -13.6693 4.05
    endloop
  endfacet
  facet normal -0.984301 -0.176495 0
    outer loop
      vertex -19.9423 -13.7853 3.05
      vertex -19.9631 -13.6693 4.05
      vertex -19.9631 -13.6693 3.05
    endloop
  endfacet
  facet normal -0.984301 -0.176495 0
    outer loop
      vertex -19.9631 -13.6693 4.05
      vertex -19.9423 -13.7853 3.05
      vertex -19.9423 -13.7853 4.05
    endloop
  endfacet
  facet normal -0.976822 -0.214052 0
    outer loop
      vertex -19.9171 -13.9003 3.05
      vertex -19.9423 -13.7853 4.05
      vertex -19.9423 -13.7853 3.05
    endloop
  endfacet
  facet normal -0.976822 -0.214052 0
    outer loop
      vertex -19.9423 -13.7853 4.05
      vertex -19.9171 -13.9003 3.05
      vertex -19.9171 -13.9003 4.05
    endloop
  endfacet
  facet normal -0.967698 -0.252111 0
    outer loop
      vertex -19.8874 -14.0143 3.05
      vertex -19.9171 -13.9003 4.05
      vertex -19.9171 -13.9003 3.05
    endloop
  endfacet
  facet normal -0.967698 -0.252111 0
    outer loop
      vertex -19.9171 -13.9003 4.05
      vertex -19.8874 -14.0143 3.05
      vertex -19.8874 -14.0143 4.05
    endloop
  endfacet
  facet normal -0.95691 -0.290384 0
    outer loop
      vertex -19.8532 -14.127 3.05
      vertex -19.8874 -14.0143 4.05
      vertex -19.8874 -14.0143 3.05
    endloop
  endfacet
  facet normal -0.95691 -0.290384 0
    outer loop
      vertex -19.8874 -14.0143 4.05
      vertex -19.8532 -14.127 3.05
      vertex -19.8532 -14.127 4.05
    endloop
  endfacet
  facet normal -0.944794 -0.327664 0
    outer loop
      vertex -19.8146 -14.2383 3.05
      vertex -19.8532 -14.127 4.05
      vertex -19.8532 -14.127 3.05
    endloop
  endfacet
  facet normal -0.944794 -0.327664 0
    outer loop
      vertex -19.8532 -14.127 4.05
      vertex -19.8146 -14.2383 3.05
      vertex -19.8146 -14.2383 4.05
    endloop
  endfacet
  facet normal -0.93103 -0.364943 0
    outer loop
      vertex -19.7716 -14.348 3.05
      vertex -19.8146 -14.2383 4.05
      vertex -19.8146 -14.2383 3.05
    endloop
  endfacet
  facet normal -0.93103 -0.364943 0
    outer loop
      vertex -19.8146 -14.2383 4.05
      vertex -19.7716 -14.348 3.05
      vertex -19.7716 -14.348 4.05
    endloop
  endfacet
  facet normal -0.916313 -0.400463 0
    outer loop
      vertex -19.7244 -14.456 3.05
      vertex -19.7716 -14.348 4.05
      vertex -19.7716 -14.348 3.05
    endloop
  endfacet
  facet normal -0.916313 -0.400463 0
    outer loop
      vertex -19.7716 -14.348 4.05
      vertex -19.7244 -14.456 3.05
      vertex -19.7244 -14.456 4.05
    endloop
  endfacet
  facet normal -0.899794 -0.436315 0
    outer loop
      vertex -19.673 -14.562 3.05
      vertex -19.7244 -14.456 4.05
      vertex -19.7244 -14.456 3.05
    endloop
  endfacet
  facet normal -0.899794 -0.436315 0
    outer loop
      vertex -19.7244 -14.456 4.05
      vertex -19.673 -14.562 3.05
      vertex -19.673 -14.562 4.05
    endloop
  endfacet
  facet normal -0.882047 -0.471161 0
    outer loop
      vertex -19.6175 -14.6659 3.05
      vertex -19.673 -14.562 4.05
      vertex -19.673 -14.562 3.05
    endloop
  endfacet
  facet normal -0.882047 -0.471161 0
    outer loop
      vertex -19.673 -14.562 4.05
      vertex -19.6175 -14.6659 3.05
      vertex -19.6175 -14.6659 4.05
    endloop
  endfacet
  facet normal -0.862545 -0.505981 0
    outer loop
      vertex -19.5579 -14.7675 3.05
      vertex -19.6175 -14.6659 4.05
      vertex -19.6175 -14.6659 3.05
    endloop
  endfacet
  facet normal -0.862545 -0.505981 0
    outer loop
      vertex -19.6175 -14.6659 4.05
      vertex -19.5579 -14.7675 3.05
      vertex -19.5579 -14.7675 4.05
    endloop
  endfacet
  facet normal -0.842225 -0.539126 0
    outer loop
      vertex -19.4944 -14.8667 3.05
      vertex -19.5579 -14.7675 4.05
      vertex -19.5579 -14.7675 3.05
    endloop
  endfacet
  facet normal -0.842225 -0.539126 0
    outer loop
      vertex -19.5579 -14.7675 4.05
      vertex -19.4944 -14.8667 3.05
      vertex -19.4944 -14.8667 4.05
    endloop
  endfacet
  facet normal -0.820108 -0.572208 0
    outer loop
      vertex -19.427 -14.9633 3.05
      vertex -19.4944 -14.8667 4.05
      vertex -19.4944 -14.8667 3.05
    endloop
  endfacet
  facet normal -0.820108 -0.572208 0
    outer loop
      vertex -19.4944 -14.8667 4.05
      vertex -19.427 -14.9633 3.05
      vertex -19.427 -14.9633 4.05
    endloop
  endfacet
  facet normal -0.79755 -0.603253 0
    outer loop
      vertex -19.3559 -15.0573 3.05
      vertex -19.427 -14.9633 4.05
      vertex -19.427 -14.9633 3.05
    endloop
  endfacet
  facet normal -0.79755 -0.603253 0
    outer loop
      vertex -19.427 -14.9633 4.05
      vertex -19.3559 -15.0573 3.05
      vertex -19.3559 -15.0573 4.05
    endloop
  endfacet
  facet normal -0.772935 -0.634486 0
    outer loop
      vertex -19.2812 -15.1483 3.05
      vertex -19.3559 -15.0573 4.05
      vertex -19.3559 -15.0573 3.05
    endloop
  endfacet
  facet normal -0.772935 -0.634486 0
    outer loop
      vertex -19.3559 -15.0573 4.05
      vertex -19.2812 -15.1483 3.05
      vertex -19.2812 -15.1483 4.05
    endloop
  endfacet
  facet normal -0.747877 -0.663837 0
    outer loop
      vertex -19.203 -15.2364 3.05
      vertex -19.2812 -15.1483 4.05
      vertex -19.2812 -15.1483 3.05
    endloop
  endfacet
  facet normal -0.747877 -0.663837 0
    outer loop
      vertex -19.2812 -15.1483 4.05
      vertex -19.203 -15.2364 3.05
      vertex -19.203 -15.2364 4.05
    endloop
  endfacet
  facet normal -0.720556 -0.693397 0
    outer loop
      vertex -19.1213 -15.3213 3.05
      vertex -19.203 -15.2364 4.05
      vertex -19.203 -15.2364 3.05
    endloop
  endfacet
  facet normal -0.720556 -0.693397 0
    outer loop
      vertex -19.203 -15.2364 4.05
      vertex -19.1213 -15.3213 3.05
      vertex -19.1213 -15.3213 4.05
    endloop
  endfacet
  facet normal -0.693397 -0.720556 0
    outer loop
      vertex -19.1213 -15.3213 3.05
      vertex -19.0364 -15.403 4.05
      vertex -19.1213 -15.3213 4.05
    endloop
  endfacet
  facet normal -0.693397 -0.720556 -0
    outer loop
      vertex -19.0364 -15.403 4.05
      vertex -19.1213 -15.3213 3.05
      vertex -19.0364 -15.403 3.05
    endloop
  endfacet
  facet normal -0.663837 -0.747877 0
    outer loop
      vertex -19.0364 -15.403 3.05
      vertex -18.9483 -15.4812 4.05
      vertex -19.0364 -15.403 4.05
    endloop
  endfacet
  facet normal -0.663837 -0.747877 -0
    outer loop
      vertex -18.9483 -15.4812 4.05
      vertex -19.0364 -15.403 3.05
      vertex -18.9483 -15.4812 3.05
    endloop
  endfacet
  facet normal -0.634486 -0.772935 0
    outer loop
      vertex -18.9483 -15.4812 3.05
      vertex -18.8573 -15.5559 4.05
      vertex -18.9483 -15.4812 4.05
    endloop
  endfacet
  facet normal -0.634486 -0.772935 -0
    outer loop
      vertex -18.8573 -15.5559 4.05
      vertex -18.9483 -15.4812 3.05
      vertex -18.8573 -15.5559 3.05
    endloop
  endfacet
  facet normal -0.603253 -0.79755 0
    outer loop
      vertex -18.8573 -15.5559 3.05
      vertex -18.7633 -15.627 4.05
      vertex -18.8573 -15.5559 4.05
    endloop
  endfacet
  facet normal -0.603253 -0.79755 -0
    outer loop
      vertex -18.7633 -15.627 4.05
      vertex -18.8573 -15.5559 3.05
      vertex -18.7633 -15.627 3.05
    endloop
  endfacet
  facet normal -0.572208 -0.820108 0
    outer loop
      vertex -18.7633 -15.627 3.05
      vertex -18.6667 -15.6944 4.05
      vertex -18.7633 -15.627 4.05
    endloop
  endfacet
  facet normal -0.572208 -0.820108 -0
    outer loop
      vertex -18.6667 -15.6944 4.05
      vertex -18.7633 -15.627 3.05
      vertex -18.6667 -15.6944 3.05
    endloop
  endfacet
  facet normal -0.539126 -0.842225 0
    outer loop
      vertex -18.6667 -15.6944 3.05
      vertex -18.5675 -15.7579 4.05
      vertex -18.6667 -15.6944 4.05
    endloop
  endfacet
  facet normal -0.539126 -0.842225 -0
    outer loop
      vertex -18.5675 -15.7579 4.05
      vertex -18.6667 -15.6944 3.05
      vertex -18.5675 -15.7579 3.05
    endloop
  endfacet
  facet normal -0.505981 -0.862545 0
    outer loop
      vertex -18.5675 -15.7579 3.05
      vertex -18.4659 -15.8175 4.05
      vertex -18.5675 -15.7579 4.05
    endloop
  endfacet
  facet normal -0.505981 -0.862545 -0
    outer loop
      vertex -18.4659 -15.8175 4.05
      vertex -18.5675 -15.7579 3.05
      vertex -18.4659 -15.8175 3.05
    endloop
  endfacet
  facet normal -0.471161 -0.882047 0
    outer loop
      vertex -18.4659 -15.8175 3.05
      vertex -18.362 -15.873 4.05
      vertex -18.4659 -15.8175 4.05
    endloop
  endfacet
  facet normal -0.471161 -0.882047 -0
    outer loop
      vertex -18.362 -15.873 4.05
      vertex -18.4659 -15.8175 3.05
      vertex -18.362 -15.873 3.05
    endloop
  endfacet
  facet normal -0.436315 -0.899794 0
    outer loop
      vertex -18.362 -15.873 3.05
      vertex -18.256 -15.9244 4.05
      vertex -18.362 -15.873 4.05
    endloop
  endfacet
  facet normal -0.436315 -0.899794 -0
    outer loop
      vertex -18.256 -15.9244 4.05
      vertex -18.362 -15.873 3.05
      vertex -18.256 -15.9244 3.05
    endloop
  endfacet
  facet normal -0.400463 -0.916313 0
    outer loop
      vertex -18.256 -15.9244 3.05
      vertex -18.148 -15.9716 4.05
      vertex -18.256 -15.9244 4.05
    endloop
  endfacet
  facet normal -0.400463 -0.916313 -0
    outer loop
      vertex -18.148 -15.9716 4.05
      vertex -18.256 -15.9244 3.05
      vertex -18.148 -15.9716 3.05
    endloop
  endfacet
  facet normal -0.364943 -0.93103 0
    outer loop
      vertex -18.148 -15.9716 3.05
      vertex -18.0383 -16.0146 4.05
      vertex -18.148 -15.9716 4.05
    endloop
  endfacet
  facet normal -0.364943 -0.93103 -0
    outer loop
      vertex -18.0383 -16.0146 4.05
      vertex -18.148 -15.9716 3.05
      vertex -18.0383 -16.0146 3.05
    endloop
  endfacet
  facet normal -0.327664 -0.944794 0
    outer loop
      vertex -18.0383 -16.0146 3.05
      vertex -17.927 -16.0532 4.05
      vertex -18.0383 -16.0146 4.05
    endloop
  endfacet
  facet normal -0.327664 -0.944794 -0
    outer loop
      vertex -17.927 -16.0532 4.05
      vertex -18.0383 -16.0146 3.05
      vertex -17.927 -16.0532 3.05
    endloop
  endfacet
  facet normal -0.290384 -0.95691 0
    outer loop
      vertex -17.927 -16.0532 3.05
      vertex -17.8143 -16.0874 4.05
      vertex -17.927 -16.0532 4.05
    endloop
  endfacet
  facet normal -0.290384 -0.95691 -0
    outer loop
      vertex -17.8143 -16.0874 4.05
      vertex -17.927 -16.0532 3.05
      vertex -17.8143 -16.0874 3.05
    endloop
  endfacet
  facet normal -0.252111 -0.967698 0
    outer loop
      vertex -17.8143 -16.0874 3.05
      vertex -17.7003 -16.1171 4.05
      vertex -17.8143 -16.0874 4.05
    endloop
  endfacet
  facet normal -0.252111 -0.967698 -0
    outer loop
      vertex -17.7003 -16.1171 4.05
      vertex -17.8143 -16.0874 3.05
      vertex -17.7003 -16.1171 3.05
    endloop
  endfacet
  facet normal -0.214052 -0.976822 0
    outer loop
      vertex -17.7003 -16.1171 3.05
      vertex -17.5853 -16.1423 4.05
      vertex -17.7003 -16.1171 4.05
    endloop
  endfacet
  facet normal -0.214052 -0.976822 -0
    outer loop
      vertex -17.5853 -16.1423 4.05
      vertex -17.7003 -16.1171 3.05
      vertex -17.5853 -16.1423 3.05
    endloop
  endfacet
  facet normal -0.176495 -0.984301 0
    outer loop
      vertex -17.5853 -16.1423 3.05
      vertex -17.4693 -16.1631 4.05
      vertex -17.5853 -16.1423 4.05
    endloop
  endfacet
  facet normal -0.176495 -0.984301 -0
    outer loop
      vertex -17.4693 -16.1631 4.05
      vertex -17.5853 -16.1423 3.05
      vertex -17.4693 -16.1631 3.05
    endloop
  endfacet
  facet normal -0.136666 -0.990617 0
    outer loop
      vertex -17.4693 -16.1631 3.05
      vertex -17.3526 -16.1792 4.05
      vertex -17.4693 -16.1631 4.05
    endloop
  endfacet
  facet normal -0.136666 -0.990617 -0
    outer loop
      vertex -17.3526 -16.1792 4.05
      vertex -17.4693 -16.1631 3.05
      vertex -17.3526 -16.1792 3.05
    endloop
  endfacet
  facet normal -0.0984948 -0.995138 0
    outer loop
      vertex -17.3526 -16.1792 3.05
      vertex -17.2354 -16.1908 4.05
      vertex -17.3526 -16.1792 4.05
    endloop
  endfacet
  facet normal -0.0984948 -0.995138 -0
    outer loop
      vertex -17.2354 -16.1908 4.05
      vertex -17.3526 -16.1792 3.05
      vertex -17.2354 -16.1908 3.05
    endloop
  endfacet
  facet normal -0.0585727 -0.998283 0
    outer loop
      vertex -17.2354 -16.1908 3.05
      vertex -17.1178 -16.1977 4.05
      vertex -17.2354 -16.1908 4.05
    endloop
  endfacet
  facet normal -0.0585727 -0.998283 -0
    outer loop
      vertex -17.1178 -16.1977 4.05
      vertex -17.2354 -16.1908 3.05
      vertex -17.1178 -16.1977 3.05
    endloop
  endfacet
  facet normal -0.0195209 -0.999809 0
    outer loop
      vertex -17.1178 -16.1977 3.05
      vertex -17 -16.2 4.05
      vertex -17.1178 -16.1977 4.05
    endloop
  endfacet
  facet normal -0.0195209 -0.999809 -0
    outer loop
      vertex -17 -16.2 4.05
      vertex -17.1178 -16.1977 3.05
      vertex -17 -16.2 3.05
    endloop
  endfacet
  facet normal 0 -1 0
    outer loop
      vertex -17 -16.2 3.05
      vertex -12.8 -16.2 4.05
      vertex -17 -16.2 4.05
    endloop
  endfacet
  facet normal 0 -1 -0
    outer loop
      vertex -12.8 -16.2 4.05
      vertex -17 -16.2 3.05
      vertex -12.8 -16.2 3.05
    endloop
  endfacet
  facet normal 1 -0 0
    outer loop
      vertex -12.8 -16.2 4.05
      vertex -12.8 -15.5 3.05
      vertex -12.8 -15.5 4.05
    endloop
  endfacet
  facet normal 1 0 0
    outer loop
      vertex -12.8 -15.5 3.05
      vertex -12.8 -16.2 4.05
      vertex -12.8 -16.2 3.05
    endloop
  endfacet
  facet normal 0 1 -0
    outer loop
      vertex -12.8 -15.5 3.05
      vertex -16.8 -15.5 4.05
      vertex -12.8 -15.5 4.05
    endloop
  endfacet
  facet normal 0 1 0
    outer loop
      vertex -16.8 -15.5 4.05
      vertex -12.8 -15.5 3.05
      vertex -16.8 -15.5 3.05
    endloop
  endfacet
  facet normal 0.0193644 0.999812 -0
    outer loop
      vertex -16.8 -15.5 3.05
      vertex -16.8981 -15.4981 4.05
      vertex -16.8 -15.5 4.05
    endloop
  endfacet
  facet normal 0.0193644 0.999812 0
    outer loop
      vertex -16.8981 -15.4981 4.05
      vertex -16.8 -15.5 3.05
      vertex -16.8981 -15.4981 3.05
    endloop
  endfacet
  facet normal 0.0590803 0.998253 -0
    outer loop
      vertex -16.8981 -15.4981 3.05
      vertex -16.9961 -15.4923 4.05
      vertex -16.8981 -15.4981 4.05
    endloop
  endfacet
  facet normal 0.0590803 0.998253 0
    outer loop
      vertex -16.9961 -15.4923 4.05
      vertex -16.8981 -15.4981 3.05
      vertex -16.9961 -15.4923 3.05
    endloop
  endfacet
  facet normal 0.097789 0.995207 -0
    outer loop
      vertex -16.9961 -15.4923 3.05
      vertex -17.0938 -15.4827 4.05
      vertex -16.9961 -15.4923 4.05
    endloop
  endfacet
  facet normal 0.097789 0.995207 0
    outer loop
      vertex -17.0938 -15.4827 4.05
      vertex -16.9961 -15.4923 3.05
      vertex -17.0938 -15.4827 3.05
    endloop
  endfacet
  facet normal 0.13743 0.990512 -0
    outer loop
      vertex -17.0938 -15.4827 3.05
      vertex -17.1911 -15.4692 4.05
      vertex -17.0938 -15.4827 4.05
    endloop
  endfacet
  facet normal 0.13743 0.990512 0
    outer loop
      vertex -17.1911 -15.4692 4.05
      vertex -17.0938 -15.4827 3.05
      vertex -17.1911 -15.4692 3.05
    endloop
  endfacet
  facet normal 0.175297 0.984516 -0
    outer loop
      vertex -17.1911 -15.4692 3.05
      vertex -17.2877 -15.452 4.05
      vertex -17.1911 -15.4692 4.05
    endloop
  endfacet
  facet normal 0.175297 0.984516 0
    outer loop
      vertex -17.2877 -15.452 4.05
      vertex -17.1911 -15.4692 3.05
      vertex -17.2877 -15.452 3.05
    endloop
  endfacet
  facet normal 0.214881 0.97664 -0
    outer loop
      vertex -17.2877 -15.452 3.05
      vertex -17.3836 -15.4309 4.05
      vertex -17.2877 -15.452 4.05
    endloop
  endfacet
  facet normal 0.214881 0.97664 0
    outer loop
      vertex -17.3836 -15.4309 4.05
      vertex -17.2877 -15.452 3.05
      vertex -17.3836 -15.4309 3.05
    endloop
  endfacet
  facet normal 0.252588 0.967574 -0
    outer loop
      vertex -17.3836 -15.4309 3.05
      vertex -17.4786 -15.4061 4.05
      vertex -17.3836 -15.4309 4.05
    endloop
  endfacet
  facet normal 0.252588 0.967574 0
    outer loop
      vertex -17.4786 -15.4061 4.05
      vertex -17.3836 -15.4309 3.05
      vertex -17.4786 -15.4061 3.05
    endloop
  endfacet
  facet normal 0.290432 0.956896 -0
    outer loop
      vertex -17.4786 -15.4061 3.05
      vertex -17.5725 -15.3776 4.05
      vertex -17.4786 -15.4061 4.05
    endloop
  endfacet
  facet normal 0.290432 0.956896 0
    outer loop
      vertex -17.5725 -15.3776 4.05
      vertex -17.4786 -15.4061 3.05
      vertex -17.5725 -15.3776 3.05
    endloop
  endfacet
  facet normal 0.326901 0.945059 -0
    outer loop
      vertex -17.5725 -15.3776 3.05
      vertex -17.6653 -15.3455 4.05
      vertex -17.5725 -15.3776 4.05
    endloop
  endfacet
  facet normal 0.326901 0.945059 0
    outer loop
      vertex -17.6653 -15.3455 4.05
      vertex -17.5725 -15.3776 3.05
      vertex -17.6653 -15.3455 3.05
    endloop
  endfacet
  facet normal 0.364707 0.931122 -0
    outer loop
      vertex -17.6653 -15.3455 3.05
      vertex -17.7567 -15.3097 4.05
      vertex -17.6653 -15.3455 4.05
    endloop
  endfacet
  facet normal 0.364707 0.931122 0
    outer loop
      vertex -17.7567 -15.3097 4.05
      vertex -17.6653 -15.3455 3.05
      vertex -17.7567 -15.3097 3.05
    endloop
  endfacet
  facet normal 0.400551 0.916274 -0
    outer loop
      vertex -17.7567 -15.3097 3.05
      vertex -17.8466 -15.2704 4.05
      vertex -17.7567 -15.3097 4.05
    endloop
  endfacet
  facet normal 0.400551 0.916274 0
    outer loop
      vertex -17.8466 -15.2704 4.05
      vertex -17.7567 -15.3097 3.05
      vertex -17.8466 -15.2704 3.05
    endloop
  endfacet
  facet normal 0.436598 0.899657 -0
    outer loop
      vertex -17.8466 -15.2704 3.05
      vertex -17.935 -15.2275 4.05
      vertex -17.8466 -15.2704 4.05
    endloop
  endfacet
  facet normal 0.436598 0.899657 0
    outer loop
      vertex -17.935 -15.2275 4.05
      vertex -17.8466 -15.2704 3.05
      vertex -17.935 -15.2275 3.05
    endloop
  endfacet
  facet normal 0.47191 0.881647 -0
    outer loop
      vertex -17.935 -15.2275 3.05
      vertex -18.0215 -15.1812 4.05
      vertex -17.935 -15.2275 4.05
    endloop
  endfacet
  facet normal 0.47191 0.881647 0
    outer loop
      vertex -18.0215 -15.1812 4.05
      vertex -17.935 -15.2275 3.05
      vertex -18.0215 -15.1812 3.05
    endloop
  endfacet
  facet normal 0.505327 0.862928 -0
    outer loop
      vertex -18.0215 -15.1812 3.05
      vertex -18.1062 -15.1316 4.05
      vertex -18.0215 -15.1812 4.05
    endloop
  endfacet
  facet normal 0.505327 0.862928 0
    outer loop
      vertex -18.1062 -15.1316 4.05
      vertex -18.0215 -15.1812 3.05
      vertex -18.1062 -15.1316 3.05
    endloop
  endfacet
  facet normal 0.538851 0.842401 -0
    outer loop
      vertex -18.1062 -15.1316 3.05
      vertex -18.1889 -15.0787 4.05
      vertex -18.1062 -15.1316 4.05
    endloop
  endfacet
  facet normal 0.538851 0.842401 0
    outer loop
      vertex -18.1889 -15.0787 4.05
      vertex -18.1062 -15.1316 3.05
      vertex -18.1889 -15.0787 3.05
    endloop
  endfacet
  facet normal 0.571959 0.820282 -0
    outer loop
      vertex -18.1889 -15.0787 3.05
      vertex -18.2695 -15.0225 4.05
      vertex -18.1889 -15.0787 4.05
    endloop
  endfacet
  facet normal 0.571959 0.820282 0
    outer loop
      vertex -18.2695 -15.0225 4.05
      vertex -18.1889 -15.0787 3.05
      vertex -18.2695 -15.0225 3.05
    endloop
  endfacet
  facet normal 0.603583 0.7973 -0
    outer loop
      vertex -18.2695 -15.0225 3.05
      vertex -18.3477 -14.9633 4.05
      vertex -18.2695 -15.0225 4.05
    endloop
  endfacet
  facet normal 0.603583 0.7973 0
    outer loop
      vertex -18.3477 -14.9633 4.05
      vertex -18.2695 -15.0225 3.05
      vertex -18.3477 -14.9633 3.05
    endloop
  endfacet
  facet normal 0.634457 0.772958 -0
    outer loop
      vertex -18.3477 -14.9633 3.05
      vertex -18.4236 -14.901 4.05
      vertex -18.3477 -14.9633 4.05
    endloop
  endfacet
  facet normal 0.634457 0.772958 0
    outer loop
      vertex -18.4236 -14.901 4.05
      vertex -18.3477 -14.9633 3.05
      vertex -18.4236 -14.901 3.05
    endloop
  endfacet
  facet normal 0.664111 0.747634 -0
    outer loop
      vertex -18.4236 -14.901 3.05
      vertex -18.497 -14.8358 4.05
      vertex -18.4236 -14.901 4.05
    endloop
  endfacet
  facet normal 0.664111 0.747634 0
    outer loop
      vertex -18.497 -14.8358 4.05
      vertex -18.4236 -14.901 3.05
      vertex -18.497 -14.8358 3.05
    endloop
  endfacet
  facet normal 0.692701 0.721224 -0
    outer loop
      vertex -18.497 -14.8358 3.05
      vertex -18.5678 -14.7678 4.05
      vertex -18.497 -14.8358 4.05
    endloop
  endfacet
  facet normal 0.692701 0.721224 0
    outer loop
      vertex -18.5678 -14.7678 4.05
      vertex -18.497 -14.8358 3.05
      vertex -18.5678 -14.7678 3.05
    endloop
  endfacet
  facet normal 0.721224 0.692701 0
    outer loop
      vertex -18.5678 -14.7678 4.05
      vertex -18.6358 -14.697 3.05
      vertex -18.6358 -14.697 4.05
    endloop
  endfacet
  facet normal 0.721224 0.692701 0
    outer loop
      vertex -18.6358 -14.697 3.05
      vertex -18.5678 -14.7678 4.05
      vertex -18.5678 -14.7678 3.05
    endloop
  endfacet
  facet normal 0.747634 0.664111 0
    outer loop
      vertex -18.6358 -14.697 4.05
      vertex -18.701 -14.6236 3.05
      vertex -18.701 -14.6236 4.05
    endloop
  endfacet
  facet normal 0.747634 0.664111 0
    outer loop
      vertex -18.701 -14.6236 3.05
      vertex -18.6358 -14.697 4.05
      vertex -18.6358 -14.697 3.05
    endloop
  endfacet
  facet normal 0.772958 0.634457 0
    outer loop
      vertex -18.701 -14.6236 4.05
      vertex -18.7633 -14.5477 3.05
      vertex -18.7633 -14.5477 4.05
    endloop
  endfacet
  facet normal 0.772958 0.634457 0
    outer loop
      vertex -18.7633 -14.5477 3.05
      vertex -18.701 -14.6236 4.05
      vertex -18.701 -14.6236 3.05
    endloop
  endfacet
  facet normal 0.7973 0.603583 0
    outer loop
      vertex -18.7633 -14.5477 4.05
      vertex -18.8225 -14.4695 3.05
      vertex -18.8225 -14.4695 4.05
    endloop
  endfacet
  facet normal 0.7973 0.603583 0
    outer loop
      vertex -18.8225 -14.4695 3.05
      vertex -18.7633 -14.5477 4.05
      vertex -18.7633 -14.5477 3.05
    endloop
  endfacet
  facet normal 0.820282 0.571959 0
    outer loop
      vertex -18.8225 -14.4695 4.05
      vertex -18.8787 -14.3889 3.05
      vertex -18.8787 -14.3889 4.05
    endloop
  endfacet
  facet normal 0.820282 0.571959 0
    outer loop
      vertex -18.8787 -14.3889 3.05
      vertex -18.8225 -14.4695 4.05
      vertex -18.8225 -14.4695 3.05
    endloop
  endfacet
  facet normal 0.842401 0.538851 0
    outer loop
      vertex -18.8787 -14.3889 4.05
      vertex -18.9316 -14.3062 3.05
      vertex -18.9316 -14.3062 4.05
    endloop
  endfacet
  facet normal 0.842401 0.538851 0
    outer loop
      vertex -18.9316 -14.3062 3.05
      vertex -18.8787 -14.3889 4.05
      vertex -18.8787 -14.3889 3.05
    endloop
  endfacet
  facet normal 0.862928 0.505327 0
    outer loop
      vertex -18.9316 -14.3062 4.05
      vertex -18.9812 -14.2215 3.05
      vertex -18.9812 -14.2215 4.05
    endloop
  endfacet
  facet normal 0.862928 0.505327 0
    outer loop
      vertex -18.9812 -14.2215 3.05
      vertex -18.9316 -14.3062 4.05
      vertex -18.9316 -14.3062 3.05
    endloop
  endfacet
  facet normal 0.881647 0.47191 0
    outer loop
      vertex -18.9812 -14.2215 4.05
      vertex -19.0275 -14.135 3.05
      vertex -19.0275 -14.135 4.05
    endloop
  endfacet
  facet normal 0.881647 0.47191 0
    outer loop
      vertex -19.0275 -14.135 3.05
      vertex -18.9812 -14.2215 4.05
      vertex -18.9812 -14.2215 3.05
    endloop
  endfacet
  facet normal 0.899657 0.436598 0
    outer loop
      vertex -19.0275 -14.135 4.05
      vertex -19.0704 -14.0466 3.05
      vertex -19.0704 -14.0466 4.05
    endloop
  endfacet
  facet normal 0.899657 0.436598 0
    outer loop
      vertex -19.0704 -14.0466 3.05
      vertex -19.0275 -14.135 4.05
      vertex -19.0275 -14.135 3.05
    endloop
  endfacet
  facet normal 0.916274 0.400551 0
    outer loop
      vertex -19.0704 -14.0466 4.05
      vertex -19.1097 -13.9567 3.05
      vertex -19.1097 -13.9567 4.05
    endloop
  endfacet
  facet normal 0.916274 0.400551 0
    outer loop
      vertex -19.1097 -13.9567 3.05
      vertex -19.0704 -14.0466 4.05
      vertex -19.0704 -14.0466 3.05
    endloop
  endfacet
  facet normal 0.931122 0.364707 0
    outer loop
      vertex -19.1097 -13.9567 4.05
      vertex -19.1455 -13.8653 3.05
      vertex -19.1455 -13.8653 4.05
    endloop
  endfacet
  facet normal 0.931122 0.364707 0
    outer loop
      vertex -19.1455 -13.8653 3.05
      vertex -19.1097 -13.9567 4.05
      vertex -19.1097 -13.9567 3.05
    endloop
  endfacet
  facet normal 0.945059 0.326901 0
    outer loop
      vertex -19.1455 -13.8653 4.05
      vertex -19.1776 -13.7725 3.05
      vertex -19.1776 -13.7725 4.05
    endloop
  endfacet
  facet normal 0.945059 0.326901 0
    outer loop
      vertex -19.1776 -13.7725 3.05
      vertex -19.1455 -13.8653 4.05
      vertex -19.1455 -13.8653 3.05
    endloop
  endfacet
  facet normal 0.956896 0.290432 0
    outer loop
      vertex -19.1776 -13.7725 4.05
      vertex -19.2061 -13.6786 3.05
      vertex -19.2061 -13.6786 4.05
    endloop
  endfacet
  facet normal 0.956896 0.290432 0
    outer loop
      vertex -19.2061 -13.6786 3.05
      vertex -19.1776 -13.7725 4.05
      vertex -19.1776 -13.7725 3.05
    endloop
  endfacet
  facet normal 0.967574 0.252588 0
    outer loop
      vertex -19.2061 -13.6786 4.05
      vertex -19.2309 -13.5836 3.05
      vertex -19.2309 -13.5836 4.05
    endloop
  endfacet
  facet normal 0.967574 0.252588 0
    outer loop
      vertex -19.2309 -13.5836 3.05
      vertex -19.2061 -13.6786 4.05
      vertex -19.2061 -13.6786 3.05
    endloop
  endfacet
  facet normal 0.976853 0.21391 0
    outer loop
      vertex -19.2309 -13.5836 4.05
      vertex -19.2519 -13.4877 3.05
      vertex -19.2519 -13.4877 4.05
    endloop
  endfacet
  facet normal 0.976853 0.21391 0
    outer loop
      vertex -19.2519 -13.4877 3.05
      vertex -19.2309 -13.5836 4.05
      vertex -19.2309 -13.5836 3.05
    endloop
  endfacet
  facet normal 0.984339 0.176284 0
    outer loop
      vertex -19.2519 -13.4877 4.05
      vertex -19.2692 -13.3911 3.05
      vertex -19.2692 -13.3911 4.05
    endloop
  endfacet
  facet normal 0.984339 0.176284 0
    outer loop
      vertex -19.2692 -13.3911 3.05
      vertex -19.2519 -13.4877 4.05
      vertex -19.2519 -13.4877 3.05
    endloop
  endfacet
  facet normal 0.990512 0.13743 0
    outer loop
      vertex -19.2692 -13.3911 4.05
      vertex -19.2827 -13.2938 3.05
      vertex -19.2827 -13.2938 4.05
    endloop
  endfacet
  facet normal 0.990512 0.13743 0
    outer loop
      vertex -19.2827 -13.2938 3.05
      vertex -19.2692 -13.3911 4.05
      vertex -19.2692 -13.3911 3.05
    endloop
  endfacet
  facet normal 0.995207 0.097789 0
    outer loop
      vertex -19.2827 -13.2938 4.05
      vertex -19.2923 -13.1961 3.05
      vertex -19.2923 -13.1961 4.05
    endloop
  endfacet
  facet normal 0.995207 0.097789 0
    outer loop
      vertex -19.2923 -13.1961 3.05
      vertex -19.2827 -13.2938 4.05
      vertex -19.2827 -13.2938 3.05
    endloop
  endfacet
  facet normal 0.998253 0.0590803 0
    outer loop
      vertex -19.2923 -13.1961 4.05
      vertex -19.2981 -13.0981 3.05
      vertex -19.2981 -13.0981 4.05
    endloop
  endfacet
  facet normal 0.998253 0.0590803 0
    outer loop
      vertex -19.2981 -13.0981 3.05
      vertex -19.2923 -13.1961 4.05
      vertex -19.2923 -13.1961 3.05
    endloop
  endfacet
  facet normal 0.999812 0.0193644 0
    outer loop
      vertex -19.2981 -13.0981 4.05
      vertex -19.3 -13 3.05
      vertex -19.3 -13 4.05
    endloop
  endfacet
  facet normal 0.999812 0.0193644 0
    outer loop
      vertex -19.3 -13 3.05
      vertex -19.2981 -13.0981 4.05
      vertex -19.2981 -13.0981 3.05
    endloop
  endfacet
  facet normal 1 -0 0
    outer loop
      vertex -19.3 -13 4.05
      vertex -19.3 13 3.05
      vertex -19.3 13 4.05
    endloop
  endfacet
  facet normal 1 0 0
    outer loop
      vertex -19.3 13 3.05
      vertex -19.3 -13 4.05
      vertex -19.3 -13 3.05
    endloop
  endfacet
  facet normal 0.999812 -0.0193644 0
    outer loop
      vertex -19.3 13 4.05
      vertex -19.2981 13.0981 3.05
      vertex -19.2981 13.0981 4.05
    endloop
  endfacet
  facet normal 0.999812 -0.0193644 0
    outer loop
      vertex -19.2981 13.0981 3.05
      vertex -19.3 13 4.05
      vertex -19.3 13 3.05
    endloop
  endfacet
  facet normal 0.998253 -0.0590803 0
    outer loop
      vertex -19.2981 13.0981 4.05
      vertex -19.2923 13.1961 3.05
      vertex -19.2923 13.1961 4.05
    endloop
  endfacet
  facet normal 0.998253 -0.0590803 0
    outer loop
      vertex -19.2923 13.1961 3.05
      vertex -19.2981 13.0981 4.05
      vertex -19.2981 13.0981 3.05
    endloop
  endfacet
  facet normal 0.995207 -0.097789 0
    outer loop
      vertex -19.2923 13.1961 4.05
      vertex -19.2827 13.2938 3.05
      vertex -19.2827 13.2938 4.05
    endloop
  endfacet
  facet normal 0.995207 -0.097789 0
    outer loop
      vertex -19.2827 13.2938 3.05
      vertex -19.2923 13.1961 4.05
      vertex -19.2923 13.1961 3.05
    endloop
  endfacet
  facet normal 0.990512 -0.13743 0
    outer loop
      vertex -19.2827 13.2938 4.05
      vertex -19.2692 13.3911 3.05
      vertex -19.2692 13.3911 4.05
    endloop
  endfacet
  facet normal 0.990512 -0.13743 0
    outer loop
      vertex -19.2692 13.3911 3.05
      vertex -19.2827 13.2938 4.05
      vertex -19.2827 13.2938 3.05
    endloop
  endfacet
  facet normal 0.984339 -0.176284 0
    outer loop
      vertex -19.2692 13.3911 4.05
      vertex -19.2519 13.4877 3.05
      vertex -19.2519 13.4877 4.05
    endloop
  endfacet
  facet normal 0.984339 -0.176284 0
    outer loop
      vertex -19.2519 13.4877 3.05
      vertex -19.2692 13.3911 4.05
      vertex -19.2692 13.3911 3.05
    endloop
  endfacet
  facet normal 0.976853 -0.21391 0
    outer loop
      vertex -19.2519 13.4877 4.05
      vertex -19.2309 13.5836 3.05
      vertex -19.2309 13.5836 4.05
    endloop
  endfacet
  facet normal 0.976853 -0.21391 0
    outer loop
      vertex -19.2309 13.5836 3.05
      vertex -19.2519 13.4877 4.05
      vertex -19.2519 13.4877 3.05
    endloop
  endfacet
  facet normal 0.967574 -0.252588 0
    outer loop
      vertex -19.2309 13.5836 4.05
      vertex -19.2061 13.6786 3.05
      vertex -19.2061 13.6786 4.05
    endloop
  endfacet
  facet normal 0.967574 -0.252588 0
    outer loop
      vertex -19.2061 13.6786 3.05
      vertex -19.2309 13.5836 4.05
      vertex -19.2309 13.5836 3.05
    endloop
  endfacet
  facet normal 0.956896 -0.290432 0
    outer loop
      vertex -19.2061 13.6786 4.05
      vertex -19.1776 13.7725 3.05
      vertex -19.1776 13.7725 4.05
    endloop
  endfacet
  facet normal 0.956896 -0.290432 0
    outer loop
      vertex -19.1776 13.7725 3.05
      vertex -19.2061 13.6786 4.05
      vertex -19.2061 13.6786 3.05
    endloop
  endfacet
  facet normal 0.945059 -0.326901 0
    outer loop
      vertex -19.1776 13.7725 4.05
      vertex -19.1455 13.8653 3.05
      vertex -19.1455 13.8653 4.05
    endloop
  endfacet
  facet normal 0.945059 -0.326901 0
    outer loop
      vertex -19.1455 13.8653 3.05
      vertex -19.1776 13.7725 4.05
      vertex -19.1776 13.7725 3.05
    endloop
  endfacet
  facet normal 0.931122 -0.364707 0
    outer loop
      vertex -19.1455 13.8653 4.05
      vertex -19.1097 13.9567 3.05
      vertex -19.1097 13.9567 4.05
    endloop
  endfacet
  facet normal 0.931122 -0.364707 0
    outer loop
      vertex -19.1097 13.9567 3.05
      vertex -19.1455 13.8653 4.05
      vertex -19.1455 13.8653 3.05
    endloop
  endfacet
  facet normal 0.916274 -0.400551 0
    outer loop
      vertex -19.1097 13.9567 4.05
      vertex -19.0704 14.0466 3.05
      vertex -19.0704 14.0466 4.05
    endloop
  endfacet
  facet normal 0.916274 -0.400551 0
    outer loop
      vertex -19.0704 14.0466 3.05
      vertex -19.1097 13.9567 4.05
      vertex -19.1097 13.9567 3.05
    endloop
  endfacet
  facet normal 0.899657 -0.436598 0
    outer loop
      vertex -19.0704 14.0466 4.05
      vertex -19.0275 14.135 3.05
      vertex -19.0275 14.135 4.05
    endloop
  endfacet
  facet normal 0.899657 -0.436598 0
    outer loop
      vertex -19.0275 14.135 3.05
      vertex -19.0704 14.0466 4.05
      vertex -19.0704 14.0466 3.05
    endloop
  endfacet
  facet normal 0.881647 -0.47191 0
    outer loop
      vertex -19.0275 14.135 4.05
      vertex -18.9812 14.2215 3.05
      vertex -18.9812 14.2215 4.05
    endloop
  endfacet
  facet normal 0.881647 -0.47191 0
    outer loop
      vertex -18.9812 14.2215 3.05
      vertex -19.0275 14.135 4.05
      vertex -19.0275 14.135 3.05
    endloop
  endfacet
  facet normal 0.862928 -0.505327 0
    outer loop
      vertex -18.9812 14.2215 4.05
      vertex -18.9316 14.3062 3.05
      vertex -18.9316 14.3062 4.05
    endloop
  endfacet
  facet normal 0.862928 -0.505327 0
    outer loop
      vertex -18.9316 14.3062 3.05
      vertex -18.9812 14.2215 4.05
      vertex -18.9812 14.2215 3.05
    endloop
  endfacet
  facet normal 0.842401 -0.538851 0
    outer loop
      vertex -18.9316 14.3062 4.05
      vertex -18.8787 14.3889 3.05
      vertex -18.8787 14.3889 4.05
    endloop
  endfacet
  facet normal 0.842401 -0.538851 0
    outer loop
      vertex -18.8787 14.3889 3.05
      vertex -18.9316 14.3062 4.05
      vertex -18.9316 14.3062 3.05
    endloop
  endfacet
  facet normal 0.820282 -0.571959 0
    outer loop
      vertex -18.8787 14.3889 4.05
      vertex -18.8225 14.4695 3.05
      vertex -18.8225 14.4695 4.05
    endloop
  endfacet
  facet normal 0.820282 -0.571959 0
    outer loop
      vertex -18.8225 14.4695 3.05
      vertex -18.8787 14.3889 4.05
      vertex -18.8787 14.3889 3.05
    endloop
  endfacet
  facet normal 0.7973 -0.603583 0
    outer loop
      vertex -18.8225 14.4695 4.05
      vertex -18.7633 14.5477 3.05
      vertex -18.7633 14.5477 4.05
    endloop
  endfacet
  facet normal 0.7973 -0.603583 0
    outer loop
      vertex -18.7633 14.5477 3.05
      vertex -18.8225 14.4695 4.05
      vertex -18.8225 14.4695 3.05
    endloop
  endfacet
  facet normal 0.772958 -0.634457 0
    outer loop
      vertex -18.7633 14.5477 4.05
      vertex -18.701 14.6236 3.05
      vertex -18.701 14.6236 4.05
    endloop
  endfacet
  facet normal 0.772958 -0.634457 0
    outer loop
      vertex -18.701 14.6236 3.05
      vertex -18.7633 14.5477 4.05
      vertex -18.7633 14.5477 3.05
    endloop
  endfacet
  facet normal 0.747634 -0.664111 0
    outer loop
      vertex -18.701 14.6236 4.05
      vertex -18.6358 14.697 3.05
      vertex -18.6358 14.697 4.05
    endloop
  endfacet
  facet normal 0.747634 -0.664111 0
    outer loop
      vertex -18.6358 14.697 3.05
      vertex -18.701 14.6236 4.05
      vertex -18.701 14.6236 3.05
    endloop
  endfacet
  facet normal 0.721224 -0.692701 0
    outer loop
      vertex -18.6358 14.697 4.05
      vertex -18.5678 14.7678 3.05
      vertex -18.5678 14.7678 4.05
    endloop
  endfacet
  facet normal 0.721224 -0.692701 0
    outer loop
      vertex -18.5678 14.7678 3.05
      vertex -18.6358 14.697 4.05
      vertex -18.6358 14.697 3.05
    endloop
  endfacet
  facet normal 0.692701 -0.721224 0
    outer loop
      vertex -18.5678 14.7678 3.05
      vertex -18.497 14.8358 4.05
      vertex -18.5678 14.7678 4.05
    endloop
  endfacet
  facet normal 0.692701 -0.721224 0
    outer loop
      vertex -18.497 14.8358 4.05
      vertex -18.5678 14.7678 3.05
      vertex -18.497 14.8358 3.05
    endloop
  endfacet
  facet normal 0.664111 -0.747634 0
    outer loop
      vertex -18.497 14.8358 3.05
      vertex -18.4236 14.901 4.05
      vertex -18.497 14.8358 4.05
    endloop
  endfacet
  facet normal 0.664111 -0.747634 0
    outer loop
      vertex -18.4236 14.901 4.05
      vertex -18.497 14.8358 3.05
      vertex -18.4236 14.901 3.05
    endloop
  endfacet
  facet normal 0.634457 -0.772958 0
    outer loop
      vertex -18.4236 14.901 3.05
      vertex -18.3477 14.9633 4.05
      vertex -18.4236 14.901 4.05
    endloop
  endfacet
  facet normal 0.634457 -0.772958 0
    outer loop
      vertex -18.3477 14.9633 4.05
      vertex -18.4236 14.901 3.05
      vertex -18.3477 14.9633 3.05
    endloop
  endfacet
  facet normal 0.603583 -0.7973 0
    outer loop
      vertex -18.3477 14.9633 3.05
      vertex -18.2695 15.0225 4.05
      vertex -18.3477 14.9633 4.05
    endloop
  endfacet
  facet normal 0.603583 -0.7973 0
    outer loop
      vertex -18.2695 15.0225 4.05
      vertex -18.3477 14.9633 3.05
      vertex -18.2695 15.0225 3.05
    endloop
  endfacet
  facet normal 0.571959 -0.820282 0
    outer loop
      vertex -18.2695 15.0225 3.05
      vertex -18.1889 15.0787 4.05
      vertex -18.2695 15.0225 4.05
    endloop
  endfacet
  facet normal 0.571959 -0.820282 0
    outer loop
      vertex -18.1889 15.0787 4.05
      vertex -18.2695 15.0225 3.05
      vertex -18.1889 15.0787 3.05
    endloop
  endfacet
  facet normal 0.538851 -0.842401 0
    outer loop
      vertex -18.1889 15.0787 3.05
      vertex -18.1062 15.1316 4.05
      vertex -18.1889 15.0787 4.05
    endloop
  endfacet
  facet normal 0.538851 -0.842401 0
    outer loop
      vertex -18.1062 15.1316 4.05
      vertex -18.1889 15.0787 3.05
      vertex -18.1062 15.1316 3.05
    endloop
  endfacet
  facet normal 0.505327 -0.862928 0
    outer loop
      vertex -18.1062 15.1316 3.05
      vertex -18.0215 15.1812 4.05
      vertex -18.1062 15.1316 4.05
    endloop
  endfacet
  facet normal 0.505327 -0.862928 0
    outer loop
      vertex -18.0215 15.1812 4.05
      vertex -18.1062 15.1316 3.05
      vertex -18.0215 15.1812 3.05
    endloop
  endfacet
  facet normal 0.47191 -0.881647 0
    outer loop
      vertex -18.0215 15.1812 3.05
      vertex -17.935 15.2275 4.05
      vertex -18.0215 15.1812 4.05
    endloop
  endfacet
  facet normal 0.47191 -0.881647 0
    outer loop
      vertex -17.935 15.2275 4.05
      vertex -18.0215 15.1812 3.05
      vertex -17.935 15.2275 3.05
    endloop
  endfacet
  facet normal 0.436598 -0.899657 0
    outer loop
      vertex -17.935 15.2275 3.05
      vertex -17.8466 15.2704 4.05
      vertex -17.935 15.2275 4.05
    endloop
  endfacet
  facet normal 0.436598 -0.899657 0
    outer loop
      vertex -17.8466 15.2704 4.05
      vertex -17.935 15.2275 3.05
      vertex -17.8466 15.2704 3.05
    endloop
  endfacet
  facet normal 0.400551 -0.916274 0
    outer loop
      vertex -17.8466 15.2704 3.05
      vertex -17.7567 15.3097 4.05
      vertex -17.8466 15.2704 4.05
    endloop
  endfacet
  facet normal 0.400551 -0.916274 0
    outer loop
      vertex -17.7567 15.3097 4.05
      vertex -17.8466 15.2704 3.05
      vertex -17.7567 15.3097 3.05
    endloop
  endfacet
  facet normal 0.364707 -0.931122 0
    outer loop
      vertex -17.7567 15.3097 3.05
      vertex -17.6653 15.3455 4.05
      vertex -17.7567 15.3097 4.05
    endloop
  endfacet
  facet normal 0.364707 -0.931122 0
    outer loop
      vertex -17.6653 15.3455 4.05
      vertex -17.7567 15.3097 3.05
      vertex -17.6653 15.3455 3.05
    endloop
  endfacet
  facet normal 0.326901 -0.945059 0
    outer loop
      vertex -17.6653 15.3455 3.05
      vertex -17.5725 15.3776 4.05
      vertex -17.6653 15.3455 4.05
    endloop
  endfacet
  facet normal 0.326901 -0.945059 0
    outer loop
      vertex -17.5725 15.3776 4.05
      vertex -17.6653 15.3455 3.05
      vertex -17.5725 15.3776 3.05
    endloop
  endfacet
  facet normal 0.290432 -0.956896 0
    outer loop
      vertex -17.5725 15.3776 3.05
      vertex -17.4786 15.4061 4.05
      vertex -17.5725 15.3776 4.05
    endloop
  endfacet
  facet normal 0.290432 -0.956896 0
    outer loop
      vertex -17.4786 15.4061 4.05
      vertex -17.5725 15.3776 3.05
      vertex -17.4786 15.4061 3.05
    endloop
  endfacet
  facet normal 0.252588 -0.967574 0
    outer loop
      vertex -17.4786 15.4061 3.05
      vertex -17.3836 15.4309 4.05
      vertex -17.4786 15.4061 4.05
    endloop
  endfacet
  facet normal 0.252588 -0.967574 0
    outer loop
      vertex -17.3836 15.4309 4.05
      vertex -17.4786 15.4061 3.05
      vertex -17.3836 15.4309 3.05
    endloop
  endfacet
  facet normal 0.214881 -0.97664 0
    outer loop
      vertex -17.3836 15.4309 3.05
      vertex -17.2877 15.452 4.05
      vertex -17.3836 15.4309 4.05
    endloop
  endfacet
  facet normal 0.214881 -0.97664 0
    outer loop
      vertex -17.2877 15.452 4.05
      vertex -17.3836 15.4309 3.05
      vertex -17.2877 15.452 3.05
    endloop
  endfacet
  facet normal 0.175297 -0.984516 0
    outer loop
      vertex -17.2877 15.452 3.05
      vertex -17.1911 15.4692 4.05
      vertex -17.2877 15.452 4.05
    endloop
  endfacet
  facet normal 0.175297 -0.984516 0
    outer loop
      vertex -17.1911 15.4692 4.05
      vertex -17.2877 15.452 3.05
      vertex -17.1911 15.4692 3.05
    endloop
  endfacet
  facet normal 0.13743 -0.990512 0
    outer loop
      vertex -17.1911 15.4692 3.05
      vertex -17.0938 15.4827 4.05
      vertex -17.1911 15.4692 4.05
    endloop
  endfacet
  facet normal 0.13743 -0.990512 0
    outer loop
      vertex -17.0938 15.4827 4.05
      vertex -17.1911 15.4692 3.05
      vertex -17.0938 15.4827 3.05
    endloop
  endfacet
  facet normal 0.097789 -0.995207 0
    outer loop
      vertex -17.0938 15.4827 3.05
      vertex -16.9961 15.4923 4.05
      vertex -17.0938 15.4827 4.05
    endloop
  endfacet
  facet normal 0.097789 -0.995207 0
    outer loop
      vertex -16.9961 15.4923 4.05
      vertex -17.0938 15.4827 3.05
      vertex -16.9961 15.4923 3.05
    endloop
  endfacet
  facet normal 0.0590803 -0.998253 0
    outer loop
      vertex -16.9961 15.4923 3.05
      vertex -16.8981 15.4981 4.05
      vertex -16.9961 15.4923 4.05
    endloop
  endfacet
  facet normal 0.0590803 -0.998253 0
    outer loop
      vertex -16.8981 15.4981 4.05
      vertex -16.9961 15.4923 3.05
      vertex -16.8981 15.4981 3.05
    endloop
  endfacet
  facet normal 0.0193644 -0.999812 0
    outer loop
      vertex -16.8981 15.4981 3.05
      vertex -16.8 15.5 4.05
      vertex -16.8981 15.4981 4.05
    endloop
  endfacet
  facet normal 0.0193644 -0.999812 0
    outer loop
      vertex -16.8 15.5 4.05
      vertex -16.8981 15.4981 3.05
      vertex -16.8 15.5 3.05
    endloop
  endfacet
  facet normal 0 -1 0
    outer loop
      vertex -16.8 15.5 3.05
      vertex -0.799999 15.5 4.05
      vertex -16.8 15.5 4.05
    endloop
  endfacet
  facet normal 0 -1 -0
    outer loop
      vertex -0.799999 15.5 4.05
      vertex -16.8 15.5 3.05
      vertex -0.799999 15.5 3.05
    endloop
  endfacet
  facet normal -0.0193557 -0.999813 0
    outer loop
      vertex -0.799999 15.5 3.05
      vertex -0.701855 15.4981 4.05
      vertex -0.799999 15.5 4.05
    endloop
  endfacet
  facet normal -0.0193557 -0.999813 -0
    outer loop
      vertex -0.701855 15.4981 4.05
      vertex -0.799999 15.5 3.05
      vertex -0.701855 15.4981 3.05
    endloop
  endfacet
  facet normal -0.0590851 -0.998253 0
    outer loop
      vertex -0.701855 15.4981 3.05
      vertex -0.603863 15.4923 4.05
      vertex -0.701855 15.4981 4.05
    endloop
  endfacet
  facet normal -0.0590851 -0.998253 -0
    outer loop
      vertex -0.603863 15.4923 4.05
      vertex -0.701855 15.4981 3.05
      vertex -0.603863 15.4923 3.05
    endloop
  endfacet
  facet normal -0.0977871 -0.995207 0
    outer loop
      vertex -0.603863 15.4923 3.05
      vertex -0.506161 15.4827 4.05
      vertex -0.603863 15.4923 4.05
    endloop
  endfacet
  facet normal -0.0977871 -0.995207 -0
    outer loop
      vertex -0.506161 15.4827 4.05
      vertex -0.603863 15.4923 3.05
      vertex -0.506161 15.4827 3.05
    endloop
  endfacet
  facet normal -0.137506 -0.990501 0
    outer loop
      vertex -0.506161 15.4827 3.05
      vertex -0.408916 15.4692 4.05
      vertex -0.506161 15.4827 4.05
    endloop
  endfacet
  facet normal -0.137506 -0.990501 -0
    outer loop
      vertex -0.408916 15.4692 4.05
      vertex -0.506161 15.4827 3.05
      vertex -0.408916 15.4692 3.05
    endloop
  endfacet
  facet normal -0.175239 -0.984526 0
    outer loop
      vertex -0.408916 15.4692 3.05
      vertex -0.312283 15.452 4.05
      vertex -0.408916 15.4692 4.05
    endloop
  endfacet
  facet normal -0.175239 -0.984526 -0
    outer loop
      vertex -0.312283 15.452 4.05
      vertex -0.408916 15.4692 3.05
      vertex -0.312283 15.452 3.05
    endloop
  endfacet
  facet normal -0.214909 -0.976634 0
    outer loop
      vertex -0.312283 15.452 3.05
      vertex -0.216396 15.4309 4.05
      vertex -0.312283 15.452 4.05
    endloop
  endfacet
  facet normal -0.214909 -0.976634 -0
    outer loop
      vertex -0.216396 15.4309 4.05
      vertex -0.312283 15.452 3.05
      vertex -0.216396 15.4309 3.05
    endloop
  endfacet
  facet normal -0.252623 -0.967565 0
    outer loop
      vertex -0.216396 15.4309 3.05
      vertex -0.12141 15.4061 4.05
      vertex -0.216396 15.4309 4.05
    endloop
  endfacet
  facet normal -0.252623 -0.967565 -0
    outer loop
      vertex -0.12141 15.4061 4.05
      vertex -0.216396 15.4309 3.05
      vertex -0.12141 15.4061 3.05
    endloop
  endfacet
  facet normal -0.290296 -0.956937 0
    outer loop
      vertex -0.12141 15.4061 3.05
      vertex -0.027462 15.3776 4.05
      vertex -0.12141 15.4061 4.05
    endloop
  endfacet
  facet normal -0.290296 -0.956937 -0
    outer loop
      vertex -0.027462 15.3776 4.05
      vertex -0.12141 15.4061 3.05
      vertex -0.027462 15.3776 3.05
    endloop
  endfacet
  facet normal -0.327083 -0.944996 0
    outer loop
      vertex -0.027462 15.3776 3.05
      vertex 0.06528 15.3455 4.05
      vertex -0.027462 15.3776 4.05
    endloop
  endfacet
  facet normal -0.327083 -0.944996 -0
    outer loop
      vertex 0.06528 15.3455 4.05
      vertex -0.027462 15.3776 3.05
      vertex 0.06528 15.3455 3.05
    endloop
  endfacet
  facet normal -0.364655 -0.931143 0
    outer loop
      vertex 0.06528 15.3455 3.05
      vertex 0.156695 15.3097 4.05
      vertex 0.06528 15.3455 4.05
    endloop
  endfacet
  facet normal -0.364655 -0.931143 -0
    outer loop
      vertex 0.156695 15.3097 4.05
      vertex 0.06528 15.3455 3.05
      vertex 0.156695 15.3097 3.05
    endloop
  endfacet
  facet normal -0.400361 -0.916358 0
    outer loop
      vertex 0.156695 15.3097 3.05
      vertex 0.246646 15.2704 4.05
      vertex 0.156695 15.3097 4.05
    endloop
  endfacet
  facet normal -0.400361 -0.916358 -0
    outer loop
      vertex 0.246646 15.2704 4.05
      vertex 0.156695 15.3097 3.05
      vertex 0.246646 15.2704 3.05
    endloop
  endfacet
  facet normal -0.436926 -0.899497 0
    outer loop
      vertex 0.246646 15.2704 3.05
      vertex 0.334964 15.2275 4.05
      vertex 0.246646 15.2704 4.05
    endloop
  endfacet
  facet normal -0.436926 -0.899497 -0
    outer loop
      vertex 0.334964 15.2275 4.05
      vertex 0.246646 15.2704 3.05
      vertex 0.334964 15.2275 3.05
    endloop
  endfacet
  facet normal -0.47158 -0.881823 0
    outer loop
      vertex 0.334964 15.2275 3.05
      vertex 0.421542 15.1812 4.05
      vertex 0.334964 15.2275 4.05
    endloop
  endfacet
  facet normal -0.47158 -0.881823 -0
    outer loop
      vertex 0.421542 15.1812 4.05
      vertex 0.334964 15.2275 3.05
      vertex 0.421542 15.1812 3.05
    endloop
  endfacet
  facet normal -0.505318 -0.862933 0
    outer loop
      vertex 0.421542 15.1812 3.05
      vertex 0.506244 15.1316 4.05
      vertex 0.421542 15.1812 4.05
    endloop
  endfacet
  facet normal -0.505318 -0.862933 -0
    outer loop
      vertex 0.506244 15.1316 4.05
      vertex 0.421542 15.1812 3.05
      vertex 0.506244 15.1316 3.05
    endloop
  endfacet
  facet normal -0.538981 -0.842318 0
    outer loop
      vertex 0.506244 15.1316 3.05
      vertex 0.588916 15.0787 4.05
      vertex 0.506244 15.1316 4.05
    endloop
  endfacet
  facet normal -0.538981 -0.842318 -0
    outer loop
      vertex 0.588916 15.0787 4.05
      vertex 0.506244 15.1316 3.05
      vertex 0.588916 15.0787 3.05
    endloop
  endfacet
  facet normal -0.572264 -0.820069 0
    outer loop
      vertex 0.588916 15.0787 3.05
      vertex 0.669452 15.0225 4.05
      vertex 0.588916 15.0787 4.05
    endloop
  endfacet
  facet normal -0.572264 -0.820069 -0
    outer loop
      vertex 0.669452 15.0225 4.05
      vertex 0.588916 15.0787 3.05
      vertex 0.669452 15.0225 3.05
    endloop
  endfacet
  facet normal -0.603205 -0.797586 0
    outer loop
      vertex 0.669452 15.0225 3.05
      vertex 0.747729 14.9633 4.05
      vertex 0.669452 15.0225 4.05
    endloop
  endfacet
  facet normal -0.603205 -0.797586 -0
    outer loop
      vertex 0.747729 14.9633 4.05
      vertex 0.669452 15.0225 3.05
      vertex 0.747729 14.9633 3.05
    endloop
  endfacet
  facet normal -0.634547 -0.772884 0
    outer loop
      vertex 0.747729 14.9633 3.05
      vertex 0.823611 14.901 4.05
      vertex 0.747729 14.9633 4.05
    endloop
  endfacet
  facet normal -0.634547 -0.772884 -0
    outer loop
      vertex 0.823611 14.901 4.05
      vertex 0.747729 14.9633 3.05
      vertex 0.823611 14.901 3.05
    endloop
  endfacet
  facet normal -0.664212 -0.747544 0
    outer loop
      vertex 0.823611 14.901 3.05
      vertex 0.896991 14.8358 4.05
      vertex 0.823611 14.901 4.05
    endloop
  endfacet
  facet normal -0.664212 -0.747544 -0
    outer loop
      vertex 0.896991 14.8358 4.05
      vertex 0.823611 14.901 3.05
      vertex 0.896991 14.8358 3.05
    endloop
  endfacet
  facet normal -0.692854 -0.721078 0
    outer loop
      vertex 0.896991 14.8358 3.05
      vertex 0.967761 14.7678 4.05
      vertex 0.896991 14.8358 4.05
    endloop
  endfacet
  facet normal -0.692854 -0.721078 -0
    outer loop
      vertex 0.967761 14.7678 4.05
      vertex 0.896991 14.8358 3.05
      vertex 0.967761 14.7678 3.05
    endloop
  endfacet
  facet normal -0.721026 -0.692908 0
    outer loop
      vertex 1.0358 14.697 3.05
      vertex 0.967761 14.7678 4.05
      vertex 0.967761 14.7678 3.05
    endloop
  endfacet
  facet normal -0.721026 -0.692908 0
    outer loop
      vertex 0.967761 14.7678 4.05
      vertex 1.0358 14.697 3.05
      vertex 1.0358 14.697 4.05
    endloop
  endfacet
  facet normal -0.747634 -0.664111 0
    outer loop
      vertex 1.101 14.6236 3.05
      vertex 1.0358 14.697 4.05
      vertex 1.0358 14.697 3.05
    endloop
  endfacet
  facet normal -0.747634 -0.664111 0
    outer loop
      vertex 1.0358 14.697 4.05
      vertex 1.101 14.6236 3.05
      vertex 1.101 14.6236 4.05
    endloop
  endfacet
  facet normal -0.773008 -0.634396 0
    outer loop
      vertex 1.16329 14.5477 3.05
      vertex 1.101 14.6236 4.05
      vertex 1.101 14.6236 3.05
    endloop
  endfacet
  facet normal -0.773008 -0.634396 0
    outer loop
      vertex 1.101 14.6236 4.05
      vertex 1.16329 14.5477 3.05
      vertex 1.16329 14.5477 4.05
    endloop
  endfacet
  facet normal -0.797055 -0.603907 0
    outer loop
      vertex 1.22254 14.4695 3.05
      vertex 1.16329 14.5477 4.05
      vertex 1.16329 14.5477 3.05
    endloop
  endfacet
  facet normal -0.797055 -0.603907 0
    outer loop
      vertex 1.16329 14.5477 4.05
      vertex 1.22254 14.4695 3.05
      vertex 1.22254 14.4695 4.05
    endloop
  endfacet
  facet normal -0.820664 -0.57141 0
    outer loop
      vertex 1.27866 14.3889 3.05
      vertex 1.22254 14.4695 4.05
      vertex 1.22254 14.4695 3.05
    endloop
  endfacet
  facet normal -0.820664 -0.57141 0
    outer loop
      vertex 1.22254 14.4695 4.05
      vertex 1.27866 14.3889 3.05
      vertex 1.27866 14.3889 4.05
    endloop
  endfacet
  facet normal -0.842262 -0.539068 0
    outer loop
      vertex 1.33159 14.3062 3.05
      vertex 1.27866 14.3889 4.05
      vertex 1.27866 14.3889 3.05
    endloop
  endfacet
  facet normal -0.842262 -0.539068 0
    outer loop
      vertex 1.27866 14.3889 4.05
      vertex 1.33159 14.3062 3.05
      vertex 1.33159 14.3062 4.05
    endloop
  endfacet
  facet normal -0.86275 -0.505631 0
    outer loop
      vertex 1.38123 14.2215 3.05
      vertex 1.33159 14.3062 4.05
      vertex 1.33159 14.3062 3.05
    endloop
  endfacet
  facet normal -0.86275 -0.505631 0
    outer loop
      vertex 1.33159 14.3062 4.05
      vertex 1.38123 14.2215 3.05
      vertex 1.38123 14.2215 4.05
    endloop
  endfacet
  facet normal -0.881731 -0.471752 0
    outer loop
      vertex 1.42751 14.135 3.05
      vertex 1.38123 14.2215 4.05
      vertex 1.38123 14.2215 3.05
    endloop
  endfacet
  facet normal -0.881731 -0.471752 0
    outer loop
      vertex 1.38123 14.2215 4.05
      vertex 1.42751 14.135 3.05
      vertex 1.42751 14.135 4.05
    endloop
  endfacet
  facet normal -0.899856 -0.436186 0
    outer loop
      vertex 1.47036 14.0466 3.05
      vertex 1.42751 14.135 4.05
      vertex 1.42751 14.135 3.05
    endloop
  endfacet
  facet normal -0.899856 -0.436186 0
    outer loop
      vertex 1.42751 14.135 4.05
      vertex 1.47036 14.0466 3.05
      vertex 1.47036 14.0466 4.05
    endloop
  endfacet
  facet normal -0.916162 -0.400808 0
    outer loop
      vertex 1.50969 13.9567 3.05
      vertex 1.47036 14.0466 4.05
      vertex 1.47036 14.0466 3.05
    endloop
  endfacet
  facet normal -0.916162 -0.400808 0
    outer loop
      vertex 1.47036 14.0466 4.05
      vertex 1.50969 13.9567 3.05
      vertex 1.50969 13.9567 4.05
    endloop
  endfacet
  facet normal -0.931192 -0.36453 0
    outer loop
      vertex 1.54547 13.8653 3.05
      vertex 1.50969 13.9567 4.05
      vertex 1.50969 13.9567 3.05
    endloop
  endfacet
  facet normal -0.931192 -0.36453 0
    outer loop
      vertex 1.50969 13.9567 4.05
      vertex 1.54547 13.8653 3.05
      vertex 1.54547 13.8653 4.05
    endloop
  endfacet
  facet normal -0.944838 -0.327537 0
    outer loop
      vertex 1.57764 13.7725 3.05
      vertex 1.54547 13.8653 4.05
      vertex 1.54547 13.8653 3.05
    endloop
  endfacet
  facet normal -0.944838 -0.327537 0
    outer loop
      vertex 1.54547 13.8653 4.05
      vertex 1.57764 13.7725 3.05
      vertex 1.57764 13.7725 4.05
    endloop
  endfacet
  facet normal -0.956924 -0.290338 0
    outer loop
      vertex 1.60613 13.6786 3.05
      vertex 1.57764 13.7725 4.05
      vertex 1.57764 13.7725 3.05
    endloop
  endfacet
  facet normal -0.956924 -0.290338 0
    outer loop
      vertex 1.57764 13.7725 4.05
      vertex 1.60613 13.6786 3.05
      vertex 1.60613 13.6786 4.05
    endloop
  endfacet
  facet normal -0.967599 -0.252492 0
    outer loop
      vertex 1.63092 13.5836 3.05
      vertex 1.60613 13.6786 4.05
      vertex 1.60613 13.6786 3.05
    endloop
  endfacet
  facet normal -0.967599 -0.252492 0
    outer loop
      vertex 1.60613 13.6786 4.05
      vertex 1.63092 13.5836 3.05
      vertex 1.63092 13.5836 4.05
    endloop
  endfacet
  facet normal -0.97679 -0.214201 0
    outer loop
      vertex 1.65195 13.4877 3.05
      vertex 1.63092 13.5836 4.05
      vertex 1.63092 13.5836 3.05
    endloop
  endfacet
  facet normal -0.97679 -0.214201 0
    outer loop
      vertex 1.63092 13.5836 4.05
      vertex 1.65195 13.4877 3.05
      vertex 1.65195 13.4877 4.05
    endloop
  endfacet
  facet normal -0.98441 -0.175889 0
    outer loop
      vertex 1.66921 13.3911 3.05
      vertex 1.65195 13.4877 4.05
      vertex 1.65195 13.4877 3.05
    endloop
  endfacet
  facet normal -0.98441 -0.175889 0
    outer loop
      vertex 1.65195 13.4877 4.05
      vertex 1.66921 13.3911 3.05
      vertex 1.66921 13.3911 4.05
    endloop
  endfacet
  facet normal -0.990567 -0.13703 0
    outer loop
      vertex 1.68267 13.2938 3.05
      vertex 1.66921 13.3911 4.05
      vertex 1.66921 13.3911 3.05
    endloop
  endfacet
  facet normal -0.990567 -0.13703 0
    outer loop
      vertex 1.66921 13.3911 4.05
      vertex 1.68267 13.2938 3.05
      vertex 1.68267 13.2938 4.05
    endloop
  endfacet
  facet normal -0.995197 -0.0978899 0
    outer loop
      vertex 1.69228 13.1961 3.05
      vertex 1.68267 13.2938 4.05
      vertex 1.68267 13.2938 3.05
    endloop
  endfacet
  facet normal -0.995197 -0.0978899 0
    outer loop
      vertex 1.68267 13.2938 4.05
      vertex 1.69228 13.1961 3.05
      vertex 1.69228 13.1961 4.05
    endloop
  endfacet
  facet normal -0.998265 -0.0588773 0
    outer loop
      vertex 1.69806 13.0981 3.05
      vertex 1.69228 13.1961 4.05
      vertex 1.69228 13.1961 3.05
    endloop
  endfacet
  facet normal -0.998265 -0.0588773 0
    outer loop
      vertex 1.69228 13.1961 4.05
      vertex 1.69806 13.0981 3.05
      vertex 1.69806 13.0981 4.05
    endloop
  endfacet
  facet normal -0.999805 -0.0197719 0
    outer loop
      vertex 1.7 13 3.05
      vertex 1.69806 13.0981 4.05
      vertex 1.69806 13.0981 3.05
    endloop
  endfacet
  facet normal -0.999805 -0.0197719 0
    outer loop
      vertex 1.69806 13.0981 4.05
      vertex 1.7 13 3.05
      vertex 1.7 13 4.05
    endloop
  endfacet
  facet normal -1 0 0
    outer loop
      vertex 1.7 -13 3.05
      vertex 1.7 13 4.05
      vertex 1.7 13 3.05
    endloop
  endfacet
  facet normal -1 -0 0
    outer loop
      vertex 1.7 13 4.05
      vertex 1.7 -13 3.05
      vertex 1.7 -13 4.05
    endloop
  endfacet
  facet normal -0.999805 0.0197719 0
    outer loop
      vertex 1.69806 -13.0981 3.05
      vertex 1.7 -13 4.05
      vertex 1.7 -13 3.05
    endloop
  endfacet
  facet normal -0.999805 0.0197719 0
    outer loop
      vertex 1.7 -13 4.05
      vertex 1.69806 -13.0981 3.05
      vertex 1.69806 -13.0981 4.05
    endloop
  endfacet
  facet normal -0.998265 0.0588773 0
    outer loop
      vertex 1.69228 -13.1961 3.05
      vertex 1.69806 -13.0981 4.05
      vertex 1.69806 -13.0981 3.05
    endloop
  endfacet
  facet normal -0.998265 0.0588773 0
    outer loop
      vertex 1.69806 -13.0981 4.05
      vertex 1.69228 -13.1961 3.05
      vertex 1.69228 -13.1961 4.05
    endloop
  endfacet
  facet normal -0.995197 0.0978899 0
    outer loop
      vertex 1.68267 -13.2938 3.05
      vertex 1.69228 -13.1961 4.05
      vertex 1.69228 -13.1961 3.05
    endloop
  endfacet
  facet normal -0.995197 0.0978899 0
    outer loop
      vertex 1.69228 -13.1961 4.05
      vertex 1.68267 -13.2938 3.05
      vertex 1.68267 -13.2938 4.05
    endloop
  endfacet
  facet normal -0.990567 0.13703 0
    outer loop
      vertex 1.66921 -13.3911 3.05
      vertex 1.68267 -13.2938 4.05
      vertex 1.68267 -13.2938 3.05
    endloop
  endfacet
  facet normal -0.990567 0.13703 0
    outer loop
      vertex 1.68267 -13.2938 4.05
      vertex 1.66921 -13.3911 3.05
      vertex 1.66921 -13.3911 4.05
    endloop
  endfacet
  facet normal -0.98441 0.175889 0
    outer loop
      vertex 1.65195 -13.4877 3.05
      vertex 1.66921 -13.3911 4.05
      vertex 1.66921 -13.3911 3.05
    endloop
  endfacet
  facet normal -0.98441 0.175889 0
    outer loop
      vertex 1.66921 -13.3911 4.05
      vertex 1.65195 -13.4877 3.05
      vertex 1.65195 -13.4877 4.05
    endloop
  endfacet
  facet normal -0.97679 0.214201 0
    outer loop
      vertex 1.63092 -13.5836 3.05
      vertex 1.65195 -13.4877 4.05
      vertex 1.65195 -13.4877 3.05
    endloop
  endfacet
  facet normal -0.97679 0.214201 0
    outer loop
      vertex 1.65195 -13.4877 4.05
      vertex 1.63092 -13.5836 3.05
      vertex 1.63092 -13.5836 4.05
    endloop
  endfacet
  facet normal -0.967599 0.252492 0
    outer loop
      vertex 1.60613 -13.6786 3.05
      vertex 1.63092 -13.5836 4.05
      vertex 1.63092 -13.5836 3.05
    endloop
  endfacet
  facet normal -0.967599 0.252492 0
    outer loop
      vertex 1.63092 -13.5836 4.05
      vertex 1.60613 -13.6786 3.05
      vertex 1.60613 -13.6786 4.05
    endloop
  endfacet
  facet normal -0.956924 0.290338 0
    outer loop
      vertex 1.57764 -13.7725 3.05
      vertex 1.60613 -13.6786 4.05
      vertex 1.60613 -13.6786 3.05
    endloop
  endfacet
  facet normal -0.956924 0.290338 0
    outer loop
      vertex 1.60613 -13.6786 4.05
      vertex 1.57764 -13.7725 3.05
      vertex 1.57764 -13.7725 4.05
    endloop
  endfacet
  facet normal -0.944838 0.327537 0
    outer loop
      vertex 1.54547 -13.8653 3.05
      vertex 1.57764 -13.7725 4.05
      vertex 1.57764 -13.7725 3.05
    endloop
  endfacet
  facet normal -0.944838 0.327537 0
    outer loop
      vertex 1.57764 -13.7725 4.05
      vertex 1.54547 -13.8653 3.05
      vertex 1.54547 -13.8653 4.05
    endloop
  endfacet
  facet normal -0.931192 0.36453 0
    outer loop
      vertex 1.50969 -13.9567 3.05
      vertex 1.54547 -13.8653 4.05
      vertex 1.54547 -13.8653 3.05
    endloop
  endfacet
  facet normal -0.931192 0.36453 0
    outer loop
      vertex 1.54547 -13.8653 4.05
      vertex 1.50969 -13.9567 3.05
      vertex 1.50969 -13.9567 4.05
    endloop
  endfacet
  facet normal -0.916162 0.400808 0
    outer loop
      vertex 1.47036 -14.0466 3.05
      vertex 1.50969 -13.9567 4.05
      vertex 1.50969 -13.9567 3.05
    endloop
  endfacet
  facet normal -0.916162 0.400808 0
    outer loop
      vertex 1.50969 -13.9567 4.05
      vertex 1.47036 -14.0466 3.05
      vertex 1.47036 -14.0466 4.05
    endloop
  endfacet
  facet normal -0.899856 0.436186 0
    outer loop
      vertex 1.42751 -14.135 3.05
      vertex 1.47036 -14.0466 4.05
      vertex 1.47036 -14.0466 3.05
    endloop
  endfacet
  facet normal -0.899856 0.436186 0
    outer loop
      vertex 1.47036 -14.0466 4.05
      vertex 1.42751 -14.135 3.05
      vertex 1.42751 -14.135 4.05
    endloop
  endfacet
  facet normal -0.881731 0.471752 0
    outer loop
      vertex 1.38123 -14.2215 3.05
      vertex 1.42751 -14.135 4.05
      vertex 1.42751 -14.135 3.05
    endloop
  endfacet
  facet normal -0.881731 0.471752 0
    outer loop
      vertex 1.42751 -14.135 4.05
      vertex 1.38123 -14.2215 3.05
      vertex 1.38123 -14.2215 4.05
    endloop
  endfacet
  facet normal -0.86275 0.505631 0
    outer loop
      vertex 1.33159 -14.3062 3.05
      vertex 1.38123 -14.2215 4.05
      vertex 1.38123 -14.2215 3.05
    endloop
  endfacet
  facet normal -0.86275 0.505631 0
    outer loop
      vertex 1.38123 -14.2215 4.05
      vertex 1.33159 -14.3062 3.05
      vertex 1.33159 -14.3062 4.05
    endloop
  endfacet
  facet normal -0.842262 0.539068 0
    outer loop
      vertex 1.27866 -14.3889 3.05
      vertex 1.33159 -14.3062 4.05
      vertex 1.33159 -14.3062 3.05
    endloop
  endfacet
  facet normal -0.842262 0.539068 0
    outer loop
      vertex 1.33159 -14.3062 4.05
      vertex 1.27866 -14.3889 3.05
      vertex 1.27866 -14.3889 4.05
    endloop
  endfacet
  facet normal -0.820664 0.57141 0
    outer loop
      vertex 1.22254 -14.4695 3.05
      vertex 1.27866 -14.3889 4.05
      vertex 1.27866 -14.3889 3.05
    endloop
  endfacet
  facet normal -0.820664 0.57141 0
    outer loop
      vertex 1.27866 -14.3889 4.05
      vertex 1.22254 -14.4695 3.05
      vertex 1.22254 -14.4695 4.05
    endloop
  endfacet
  facet normal -0.797055 0.603907 0
    outer loop
      vertex 1.16329 -14.5477 3.05
      vertex 1.22254 -14.4695 4.05
      vertex 1.22254 -14.4695 3.05
    endloop
  endfacet
  facet normal -0.797055 0.603907 0
    outer loop
      vertex 1.22254 -14.4695 4.05
      vertex 1.16329 -14.5477 3.05
      vertex 1.16329 -14.5477 4.05
    endloop
  endfacet
  facet normal -0.773008 0.634396 0
    outer loop
      vertex 1.101 -14.6236 3.05
      vertex 1.16329 -14.5477 4.05
      vertex 1.16329 -14.5477 3.05
    endloop
  endfacet
  facet normal -0.773008 0.634396 0
    outer loop
      vertex 1.16329 -14.5477 4.05
      vertex 1.101 -14.6236 3.05
      vertex 1.101 -14.6236 4.05
    endloop
  endfacet
  facet normal -0.747634 0.664111 0
    outer loop
      vertex 1.0358 -14.697 3.05
      vertex 1.101 -14.6236 4.05
      vertex 1.101 -14.6236 3.05
    endloop
  endfacet
  facet normal -0.747634 0.664111 0
    outer loop
      vertex 1.101 -14.6236 4.05
      vertex 1.0358 -14.697 3.05
      vertex 1.0358 -14.697 4.05
    endloop
  endfacet
  facet normal -0.721026 0.692908 0
    outer loop
      vertex 0.967761 -14.7678 3.05
      vertex 1.0358 -14.697 4.05
      vertex 1.0358 -14.697 3.05
    endloop
  endfacet
  facet normal -0.721026 0.692908 0
    outer loop
      vertex 1.0358 -14.697 4.05
      vertex 0.967761 -14.7678 3.05
      vertex 0.967761 -14.7678 4.05
    endloop
  endfacet
  facet normal -0.692854 0.721078 0
    outer loop
      vertex 0.967761 -14.7678 3.05
      vertex 0.896991 -14.8358 4.05
      vertex 0.967761 -14.7678 4.05
    endloop
  endfacet
  facet normal -0.692854 0.721078 0
    outer loop
      vertex 0.896991 -14.8358 4.05
      vertex 0.967761 -14.7678 3.05
      vertex 0.896991 -14.8358 3.05
    endloop
  endfacet
  facet normal -0.664212 0.747544 0
    outer loop
      vertex 0.896991 -14.8358 3.05
      vertex 0.823611 -14.901 4.05
      vertex 0.896991 -14.8358 4.05
    endloop
  endfacet
  facet normal -0.664212 0.747544 0
    outer loop
      vertex 0.823611 -14.901 4.05
      vertex 0.896991 -14.8358 3.05
      vertex 0.823611 -14.901 3.05
    endloop
  endfacet
  facet normal -0.634547 0.772884 0
    outer loop
      vertex 0.823611 -14.901 3.05
      vertex 0.747729 -14.9633 4.05
      vertex 0.823611 -14.901 4.05
    endloop
  endfacet
  facet normal -0.634547 0.772884 0
    outer loop
      vertex 0.747729 -14.9633 4.05
      vertex 0.823611 -14.901 3.05
      vertex 0.747729 -14.9633 3.05
    endloop
  endfacet
  facet normal -0.603205 0.797586 0
    outer loop
      vertex 0.747729 -14.9633 3.05
      vertex 0.669452 -15.0225 4.05
      vertex 0.747729 -14.9633 4.05
    endloop
  endfacet
  facet normal -0.603205 0.797586 0
    outer loop
      vertex 0.669452 -15.0225 4.05
      vertex 0.747729 -14.9633 3.05
      vertex 0.669452 -15.0225 3.05
    endloop
  endfacet
  facet normal -0.572264 0.820069 0
    outer loop
      vertex 0.669452 -15.0225 3.05
      vertex 0.588916 -15.0787 4.05
      vertex 0.669452 -15.0225 4.05
    endloop
  endfacet
  facet normal -0.572264 0.820069 0
    outer loop
      vertex 0.588916 -15.0787 4.05
      vertex 0.669452 -15.0225 3.05
      vertex 0.588916 -15.0787 3.05
    endloop
  endfacet
  facet normal -0.538981 0.842318 0
    outer loop
      vertex 0.588916 -15.0787 3.05
      vertex 0.506244 -15.1316 4.05
      vertex 0.588916 -15.0787 4.05
    endloop
  endfacet
  facet normal -0.538981 0.842318 0
    outer loop
      vertex 0.506244 -15.1316 4.05
      vertex 0.588916 -15.0787 3.05
      vertex 0.506244 -15.1316 3.05
    endloop
  endfacet
  facet normal -0.505318 0.862933 0
    outer loop
      vertex 0.506244 -15.1316 3.05
      vertex 0.421542 -15.1812 4.05
      vertex 0.506244 -15.1316 4.05
    endloop
  endfacet
  facet normal -0.505318 0.862933 0
    outer loop
      vertex 0.421542 -15.1812 4.05
      vertex 0.506244 -15.1316 3.05
      vertex 0.421542 -15.1812 3.05
    endloop
  endfacet
  facet normal -0.47158 0.881823 0
    outer loop
      vertex 0.421542 -15.1812 3.05
      vertex 0.334964 -15.2275 4.05
      vertex 0.421542 -15.1812 4.05
    endloop
  endfacet
  facet normal -0.47158 0.881823 0
    outer loop
      vertex 0.334964 -15.2275 4.05
      vertex 0.421542 -15.1812 3.05
      vertex 0.334964 -15.2275 3.05
    endloop
  endfacet
  facet normal -0.436926 0.899497 0
    outer loop
      vertex 0.334964 -15.2275 3.05
      vertex 0.246646 -15.2704 4.05
      vertex 0.334964 -15.2275 4.05
    endloop
  endfacet
  facet normal -0.436926 0.899497 0
    outer loop
      vertex 0.246646 -15.2704 4.05
      vertex 0.334964 -15.2275 3.05
      vertex 0.246646 -15.2704 3.05
    endloop
  endfacet
  facet normal -0.400361 0.916358 0
    outer loop
      vertex 0.246646 -15.2704 3.05
      vertex 0.156695 -15.3097 4.05
      vertex 0.246646 -15.2704 4.05
    endloop
  endfacet
  facet normal -0.400361 0.916358 0
    outer loop
      vertex 0.156695 -15.3097 4.05
      vertex 0.246646 -15.2704 3.05
      vertex 0.156695 -15.3097 3.05
    endloop
  endfacet
  facet normal -0.364655 0.931143 0
    outer loop
      vertex 0.156695 -15.3097 3.05
      vertex 0.06528 -15.3455 4.05
      vertex 0.156695 -15.3097 4.05
    endloop
  endfacet
  facet normal -0.364655 0.931143 0
    outer loop
      vertex 0.06528 -15.3455 4.05
      vertex 0.156695 -15.3097 3.05
      vertex 0.06528 -15.3455 3.05
    endloop
  endfacet
  facet normal -0.327083 0.944996 0
    outer loop
      vertex 0.06528 -15.3455 3.05
      vertex -0.027462 -15.3776 4.05
      vertex 0.06528 -15.3455 4.05
    endloop
  endfacet
  facet normal -0.327083 0.944996 0
    outer loop
      vertex -0.027462 -15.3776 4.05
      vertex 0.06528 -15.3455 3.05
      vertex -0.027462 -15.3776 3.05
    endloop
  endfacet
  facet normal -0.290296 0.956937 0
    outer loop
      vertex -0.027462 -15.3776 3.05
      vertex -0.12141 -15.4061 4.05
      vertex -0.027462 -15.3776 4.05
    endloop
  endfacet
  facet normal -0.290296 0.956937 0
    outer loop
      vertex -0.12141 -15.4061 4.05
      vertex -0.027462 -15.3776 3.05
      vertex -0.12141 -15.4061 3.05
    endloop
  endfacet
  facet normal -0.252623 0.967565 0
    outer loop
      vertex -0.12141 -15.4061 3.05
      vertex -0.216396 -15.4309 4.05
      vertex -0.12141 -15.4061 4.05
    endloop
  endfacet
  facet normal -0.252623 0.967565 0
    outer loop
      vertex -0.216396 -15.4309 4.05
      vertex -0.12141 -15.4061 3.05
      vertex -0.216396 -15.4309 3.05
    endloop
  endfacet
  facet normal -0.214909 0.976634 0
    outer loop
      vertex -0.216396 -15.4309 3.05
      vertex -0.312283 -15.452 4.05
      vertex -0.216396 -15.4309 4.05
    endloop
  endfacet
  facet normal -0.214909 0.976634 0
    outer loop
      vertex -0.312283 -15.452 4.05
      vertex -0.216396 -15.4309 3.05
      vertex -0.312283 -15.452 3.05
    endloop
  endfacet
  facet normal -0.175239 0.984526 0
    outer loop
      vertex -0.312283 -15.452 3.05
      vertex -0.408916 -15.4692 4.05
      vertex -0.312283 -15.452 4.05
    endloop
  endfacet
  facet normal -0.175239 0.984526 0
    outer loop
      vertex -0.408916 -15.4692 4.05
      vertex -0.312283 -15.452 3.05
      vertex -0.408916 -15.4692 3.05
    endloop
  endfacet
  facet normal -0.137506 0.990501 0
    outer loop
      vertex -0.408916 -15.4692 3.05
      vertex -0.506161 -15.4827 4.05
      vertex -0.408916 -15.4692 4.05
    endloop
  endfacet
  facet normal -0.137506 0.990501 0
    outer loop
      vertex -0.506161 -15.4827 4.05
      vertex -0.408916 -15.4692 3.05
      vertex -0.506161 -15.4827 3.05
    endloop
  endfacet
  facet normal -0.0977871 0.995207 0
    outer loop
      vertex -0.506161 -15.4827 3.05
      vertex -0.603863 -15.4923 4.05
      vertex -0.506161 -15.4827 4.05
    endloop
  endfacet
  facet normal -0.0977871 0.995207 0
    outer loop
      vertex -0.603863 -15.4923 4.05
      vertex -0.506161 -15.4827 3.05
      vertex -0.603863 -15.4923 3.05
    endloop
  endfacet
  facet normal -0.0590851 0.998253 0
    outer loop
      vertex -0.603863 -15.4923 3.05
      vertex -0.701855 -15.4981 4.05
      vertex -0.603863 -15.4923 4.05
    endloop
  endfacet
  facet normal -0.0590851 0.998253 0
    outer loop
      vertex -0.701855 -15.4981 4.05
      vertex -0.603863 -15.4923 3.05
      vertex -0.701855 -15.4981 3.05
    endloop
  endfacet
  facet normal -0.0193557 0.999813 0
    outer loop
      vertex -0.701855 -15.4981 3.05
      vertex -0.799999 -15.5 4.05
      vertex -0.701855 -15.4981 4.05
    endloop
  endfacet
  facet normal -0.0193557 0.999813 0
    outer loop
      vertex -0.799999 -15.5 4.05
      vertex -0.701855 -15.4981 3.05
      vertex -0.799999 -15.5 3.05
    endloop
  endfacet
  facet normal 0 1 -0
    outer loop
      vertex -0.799999 -15.5 3.05
      vertex -4.8 -15.5 4.05
      vertex -0.799999 -15.5 4.05
    endloop
  endfacet
  facet normal 0 1 0
    outer loop
      vertex -4.8 -15.5 4.05
      vertex -0.799999 -15.5 3.05
      vertex -4.8 -15.5 3.05
    endloop
  endfacet
  facet normal -1 0 0
    outer loop
      vertex -4.8 -16.2 3.05
      vertex -4.8 -15.5 4.05
      vertex -4.8 -15.5 3.05
    endloop
  endfacet
  facet normal -1 -0 0
    outer loop
      vertex -4.8 -15.5 4.05
      vertex -4.8 -16.2 3.05
      vertex -4.8 -16.2 4.05
    endloop
  endfacet
  facet normal 0 -1 0
    outer loop
      vertex -4.8 -16.2 3.05
      vertex -0.600002 -16.2 4.05
      vertex -4.8 -16.2 4.05
    endloop
  endfacet
  facet normal 0 -1 -0
    outer loop
      vertex -0.600002 -16.2 4.05
      vertex -4.8 -16.2 3.05
      vertex -0.600002 -16.2 3.05
    endloop
  endfacet
  facet normal 0.0195264 -0.999809 0
    outer loop
      vertex -0.600002 -16.2 3.05
      vertex -0.482235 -16.1977 4.05
      vertex -0.600002 -16.2 4.05
    endloop
  endfacet
  facet normal 0.0195264 -0.999809 0
    outer loop
      vertex -0.482235 -16.1977 4.05
      vertex -0.600002 -16.2 3.05
      vertex -0.482235 -16.1977 3.05
    endloop
  endfacet
  facet normal 0 0 1
    outer loop
      vertex 4.5 -18 3.85
      vertex 3.74922 -18.2108 3.85
      vertex 3.75 -18.25 3.85
    endloop
  endfacet
  facet normal 0 0 1
    outer loop
      vertex 3.83334 -16.7528 3.85
      vertex 3.7469 -18.1716 3.85
      vertex 3.74922 -18.2108 3.85
    endloop
  endfacet
  facet normal 0 0 1
    outer loop
      vertex 3.83334 -16.7528 3.85
      vertex 3.74306 -18.1325 3.85
      vertex 3.7469 -18.1716 3.85
    endloop
  endfacet
  facet normal 0 0 1
    outer loop
      vertex 3.83334 -16.7528 3.85
      vertex 3.73769 -18.0936 3.85
      vertex 3.74306 -18.1325 3.85
    endloop
  endfacet
  facet normal 0 0 1
    outer loop
      vertex 3.30556 -17.4185 3.85
      vertex 3.78374 -16.7211 3.85
      vertex 3.73293 -16.6913 3.85
    endloop
  endfacet
  facet normal 0 0 1
    outer loop
      vertex 3.83334 -16.7528 3.85
      vertex 3.73077 -18.0549 3.85
      vertex 3.73769 -18.0936 3.85
    endloop
  endfacet
  facet normal 0 0 1
    outer loop
      vertex 3.83334 -16.7528 3.85
      vertex 3.72237 -18.0166 3.85
      vertex 3.73077 -18.0549 3.85
    endloop
  endfacet
  facet normal 0 0 1
    outer loop
      vertex 3.83334 -16.7528 3.85
      vertex 3.71245 -17.9786 3.85
      vertex 3.72237 -18.0166 3.85
    endloop
  endfacet
  facet normal 0 0 1
    outer loop
      vertex 3.83334 -16.7528 3.85
      vertex 3.70105 -17.941 3.85
      vertex 3.71245 -17.9786 3.85
    endloop
  endfacet
  facet normal 0 0 1
    outer loop
      vertex 3.83334 -16.7528 3.85
      vertex 3.68819 -17.9039 3.85
      vertex 3.70105 -17.941 3.85
    endloop
  endfacet
  facet normal 0 0 1
    outer loop
      vertex 3.27249 -17.3974 3.85
      vertex 3.73293 -16.6913 3.85
      vertex 3.68098 -16.6635 3.85
    endloop
  endfacet
  facet normal 0 0 1
    outer loop
      vertex 3.83334 -16.7528 3.85
      vertex 3.67387 -17.8673 3.85
      vertex 3.68819 -17.9039 3.85
    endloop
  endfacet
  facet normal 0 0 1
    outer loop
      vertex 3.83334 -16.7528 3.85
      vertex 3.65814 -17.8313 3.85
      vertex 3.67387 -17.8673 3.85
    endloop
  endfacet
  facet normal 0 0 1
    outer loop
      vertex 3.83334 -16.7528 3.85
      vertex 3.64101 -17.796 3.85
      vertex 3.65814 -17.8313 3.85
    endloop
  endfacet
  facet normal 0 0 1
    outer loop
      vertex 3.27249 -17.3974 3.85
      vertex 3.68098 -16.6635 3.85
      vertex 3.62798 -16.6378 3.85
    endloop
  endfacet
  facet normal 0 0 1
    outer loop
      vertex 3.83334 -16.7528 3.85
      vertex 3.62248 -17.7614 3.85
      vertex 3.64101 -17.796 3.85
    endloop
  endfacet
  facet normal 0 0 1
    outer loop
      vertex 3.83334 -16.7528 3.85
      vertex 3.60263 -17.7275 3.85
      vertex 3.62248 -17.7614 3.85
    endloop
  endfacet
  facet normal 0 0 1
    outer loop
      vertex 3.83334 -16.7528 3.85
      vertex 3.58147 -17.6944 3.85
      vertex 3.60263 -17.7275 3.85
    endloop
  endfacet
  facet normal 0 0 1
    outer loop
      vertex 3.23862 -17.3775 3.85
      vertex 3.62798 -16.6378 3.85
      vertex 3.57402 -16.6142 3.85
    endloop
  endfacet
  facet normal 0 0 1
    outer loop
      vertex 3.83334 -16.7528 3.85
      vertex 3.55901 -17.6622 3.85
      vertex 3.58147 -17.6944 3.85
    endloop
  endfacet
  facet normal 0 0 1
    outer loop
      vertex 3.83334 -16.7528 3.85
      vertex 3.53531 -17.6309 3.85
      vertex 3.55901 -17.6622 3.85
    endloop
  endfacet
  facet normal 0 0 1
    outer loop
      vertex 3.20398 -17.359 3.85
      vertex 3.57402 -16.6142 3.85
      vertex 3.51917 -16.5927 3.85
    endloop
  endfacet
  facet normal 0 0 1
    outer loop
      vertex 3.83334 -16.7528 3.85
      vertex 3.51039 -17.6006 3.85
      vertex 3.53531 -17.6309 3.85
    endloop
  endfacet
  facet normal 0 0 1
    outer loop
      vertex 3.83334 -16.7528 3.85
      vertex 3.48431 -17.5712 3.85
      vertex 3.51039 -17.6006 3.85
    endloop
  endfacet
  facet normal 0 0 1
    outer loop
      vertex 3.16866 -17.3419 3.85
      vertex 3.51917 -16.5927 3.85
      vertex 3.46352 -16.5734 3.85
    endloop
  endfacet
  facet normal 0 0 1
    outer loop
      vertex 3.83334 -16.7528 3.85
      vertex 3.45709 -17.5429 3.85
      vertex 3.48431 -17.5712 3.85
    endloop
  endfacet
  facet normal 0 0 1
    outer loop
      vertex 3.83334 -16.7528 3.85
      vertex 3.42879 -17.5157 3.85
      vertex 3.45709 -17.5429 3.85
    endloop
  endfacet
  facet normal 0 0 1
    outer loop
      vertex 3.16866 -17.3419 3.85
      vertex 3.46352 -16.5734 3.85
      vertex 3.40715 -16.5563 3.85
    endloop
  endfacet
  facet normal 0 0 1
    outer loop
      vertex 3.83334 -16.7528 3.85
      vertex 3.39944 -17.4896 3.85
      vertex 3.42879 -17.5157 3.85
    endloop
  endfacet
  facet normal 0 0 1
    outer loop
      vertex 3.83334 -16.7528 3.85
      vertex 3.36908 -17.4647 3.85
      vertex 3.39944 -17.4896 3.85
    endloop
  endfacet
  facet normal 0 0 1
    outer loop
      vertex 3.13268 -17.3261 3.85
      vertex 3.40715 -16.5563 3.85
      vertex 3.35016 -16.5415 3.85
    endloop
  endfacet
  facet normal 0 0 1
    outer loop
      vertex 3.83334 -16.7528 3.85
      vertex 3.33778 -17.441 3.85
      vertex 3.36908 -17.4647 3.85
    endloop
  endfacet
  facet normal 0 0 1
    outer loop
      vertex 3.78374 -16.7211 3.85
      vertex 3.30556 -17.4185 3.85
      vertex 3.33778 -17.441 3.85
    endloop
  endfacet
  facet normal 0 0 1
    outer loop
      vertex 3.09612 -17.3118 3.85
      vertex 3.35016 -16.5415 3.85
      vertex 3.29263 -16.5288 3.85
    endloop
  endfacet
  facet normal 0 0 1
    outer loop
      vertex 3.73293 -16.6913 3.85
      vertex 3.27249 -17.3974 3.85
      vertex 3.30556 -17.4185 3.85
    endloop
  endfacet
  facet normal 0 0 1
    outer loop
      vertex 3.62798 -16.6378 3.85
      vertex 3.23862 -17.3775 3.85
      vertex 3.27249 -17.3974 3.85
    endloop
  endfacet
  facet normal 0 0 1
    outer loop
      vertex 3.05901 -17.299 3.85
      vertex 3.29263 -16.5288 3.85
      vertex 3.23465 -16.5185 3.85
    endloop
  endfacet
  facet normal 0 0 1
    outer loop
      vertex 3.57402 -16.6142 3.85
      vertex 3.20398 -17.359 3.85
      vertex 3.23862 -17.3775 3.85
    endloop
  endfacet
  facet normal 0 0 1
    outer loop
      vertex 3.02144 -17.2876 3.85
      vertex 3.23465 -16.5185 3.85
      vertex 3.1763 -16.5104 3.85
    endloop
  endfacet
  facet normal 0 0 1
    outer loop
      vertex 3.51917 -16.5927 3.85
      vertex 3.16866 -17.3419 3.85
      vertex 3.20398 -17.359 3.85
    endloop
  endfacet
  facet normal 0 0 1
    outer loop
      vertex 3.40715 -16.5563 3.85
      vertex 3.13268 -17.3261 3.85
      vertex 3.16866 -17.3419 3.85
    endloop
  endfacet
  facet normal 0 0 1
    outer loop
      vertex 3.02144 -17.2876 3.85
      vertex 3.1763 -16.5104 3.85
      vertex 3.11768 -16.5046 3.85
    endloop
  endfacet
  facet normal 0 0 1
    outer loop
      vertex 3.35016 -16.5415 3.85
      vertex 3.09612 -17.3118 3.85
      vertex 3.13268 -17.3261 3.85
    endloop
  endfacet
  facet normal 0 0 1
    outer loop
      vertex 3.29263 -16.5288 3.85
      vertex 3.05901 -17.299 3.85
      vertex 3.09612 -17.3118 3.85
    endloop
  endfacet
  facet normal 0 0 1
    outer loop
      vertex 2.98344 -17.2776 3.85
      vertex 3.11768 -16.5046 3.85
      vertex 3.05888 -16.5012 3.85
    endloop
  endfacet
  facet normal 0 0 1
    outer loop
      vertex 3.23465 -16.5185 3.85
      vertex 3.02144 -17.2876 3.85
      vertex 3.05901 -17.299 3.85
    endloop
  endfacet
  facet normal 0 0 1
    outer loop
      vertex 2.94508 -17.2692 3.85
      vertex 3.05888 -16.5012 3.85
      vertex 3 -16.5 3.85
    endloop
  endfacet
  facet normal 0 0 1
    outer loop
      vertex 3.11768 -16.5046 3.85
      vertex 2.98344 -17.2776 3.85
      vertex 3.02144 -17.2876 3.85
    endloop
  endfacet
  facet normal 0 0 1
    outer loop
      vertex 3.05888 -16.5012 3.85
      vertex 2.94508 -17.2692 3.85
      vertex 2.98344 -17.2776 3.85
    endloop
  endfacet
  facet normal 0 0 1
    outer loop
      vertex 3 -16.5 3.85
      vertex 2.90643 -17.2623 3.85
      vertex 2.94508 -17.2692 3.85
    endloop
  endfacet
  facet normal 0 0 1
    outer loop
      vertex 3 -16.5 3.85
      vertex 2.86752 -17.2569 3.85
      vertex 2.90643 -17.2623 3.85
    endloop
  endfacet
  facet normal 0 0 1
    outer loop
      vertex 3 -16.5 3.85
      vertex 2.82845 -17.2531 3.85
      vertex 2.86752 -17.2569 3.85
    endloop
  endfacet
  facet normal 0 0 1
    outer loop
      vertex 3 -16.5 3.85
      vertex 2.78925 -17.2508 3.85
      vertex 2.82845 -17.2531 3.85
    endloop
  endfacet
  facet normal 0 0 1
    outer loop
      vertex 3 -16.5 3.85
      vertex 2.75 -17.25 3.85
      vertex 2.78925 -17.2508 3.85
    endloop
  endfacet
  facet normal 0 0 1
    outer loop
      vertex 3 -16.5 3.85
      vertex -2.75 -17.25 3.85
      vertex 2.75 -17.25 3.85
    endloop
  endfacet
  facet normal -0 0 1
    outer loop
      vertex -3 -16.5 3.85
      vertex -2.75 -17.25 3.85
      vertex 3 -16.5 3.85
    endloop
  endfacet
  facet normal 0 0 1
    outer loop
      vertex -2.75 -17.25 3.85
      vertex -3 -16.5 3.85
      vertex -2.78925 -17.2508 3.85
    endloop
  endfacet
  facet normal 0 0 1
    outer loop
      vertex -2.78925 -17.2508 3.85
      vertex -3 -16.5 3.85
      vertex -2.82845 -17.2531 3.85
    endloop
  endfacet
  facet normal 0 0 1
    outer loop
      vertex -2.82845 -17.2531 3.85
      vertex -3 -16.5 3.85
      vertex -2.86752 -17.2569 3.85
    endloop
  endfacet
  facet normal 0 0 1
    outer loop
      vertex -3 -16.5 3.85
      vertex -2.90643 -17.2623 3.85
      vertex -2.86752 -17.2569 3.85
    endloop
  endfacet
  facet normal 0 0 1
    outer loop
      vertex -3 -16.5 3.85
      vertex -2.94508 -17.2692 3.85
      vertex -2.90643 -17.2623 3.85
    endloop
  endfacet
  facet normal -0 0 1
    outer loop
      vertex -3.05888 -16.5012 3.85
      vertex -2.94508 -17.2692 3.85
      vertex -3 -16.5 3.85
    endloop
  endfacet
  facet normal 0 0 1
    outer loop
      vertex -2.94508 -17.2692 3.85
      vertex -3.05888 -16.5012 3.85
      vertex -2.98344 -17.2776 3.85
    endloop
  endfacet
  facet normal -0 0 1
    outer loop
      vertex -3.11768 -16.5046 3.85
      vertex -2.98344 -17.2776 3.85
      vertex -3.05888 -16.5012 3.85
    endloop
  endfacet
  facet normal 0 0 1
    outer loop
      vertex -2.98344 -17.2776 3.85
      vertex -3.11768 -16.5046 3.85
      vertex -3.02144 -17.2876 3.85
    endloop
  endfacet
  facet normal -0 0 1
    outer loop
      vertex -3.1763 -16.5104 3.85
      vertex -3.02144 -17.2876 3.85
      vertex -3.11768 -16.5046 3.85
    endloop
  endfacet
  facet normal -0 0 1
    outer loop
      vertex -3.23465 -16.5185 3.85
      vertex -3.02144 -17.2876 3.85
      vertex -3.1763 -16.5104 3.85
    endloop
  endfacet
  facet normal 0 0 1
    outer loop
      vertex -3.02144 -17.2876 3.85
      vertex -3.23465 -16.5185 3.85
      vertex -3.05901 -17.299 3.85
    endloop
  endfacet
  facet normal -0 0 1
    outer loop
      vertex -3.29263 -16.5288 3.85
      vertex -3.05901 -17.299 3.85
      vertex -3.23465 -16.5185 3.85
    endloop
  endfacet
  facet normal 0 0 1
    outer loop
      vertex -3.05901 -17.299 3.85
      vertex -3.29263 -16.5288 3.85
      vertex -3.09612 -17.3118 3.85
    endloop
  endfacet
  facet normal -0 0 1
    outer loop
      vertex -3.35016 -16.5415 3.85
      vertex -3.09612 -17.3118 3.85
      vertex -3.29263 -16.5288 3.85
    endloop
  endfacet
  facet normal 0 0 1
    outer loop
      vertex -3.09612 -17.3118 3.85
      vertex -3.35016 -16.5415 3.85
      vertex -3.13268 -17.3261 3.85
    endloop
  endfacet
  facet normal -0 0 1
    outer loop
      vertex -3.40715 -16.5563 3.85
      vertex -3.13268 -17.3261 3.85
      vertex -3.35016 -16.5415 3.85
    endloop
  endfacet
  facet normal 0 0 1
    outer loop
      vertex -3.13268 -17.3261 3.85
      vertex -3.40715 -16.5563 3.85
      vertex -3.16866 -17.3419 3.85
    endloop
  endfacet
  facet normal -0 0 1
    outer loop
      vertex -3.46352 -16.5734 3.85
      vertex -3.16866 -17.3419 3.85
      vertex -3.40715 -16.5563 3.85
    endloop
  endfacet
  facet normal -0 0 1
    outer loop
      vertex -3.51917 -16.5927 3.85
      vertex -3.16866 -17.3419 3.85
      vertex -3.46352 -16.5734 3.85
    endloop
  endfacet
  facet normal 0 0 1
    outer loop
      vertex -3.16866 -17.3419 3.85
      vertex -3.51917 -16.5927 3.85
      vertex -3.20398 -17.359 3.85
    endloop
  endfacet
  facet normal -0 0 1
    outer loop
      vertex -3.57402 -16.6142 3.85
      vertex -3.20398 -17.359 3.85
      vertex -3.51917 -16.5927 3.85
    endloop
  endfacet
  facet normal 0 0 1
    outer loop
      vertex -3.20398 -17.359 3.85
      vertex -3.57402 -16.6142 3.85
      vertex -3.23862 -17.3775 3.85
    endloop
  endfacet
  facet normal -0 0 1
    outer loop
      vertex -3.62798 -16.6378 3.85
      vertex -3.23862 -17.3775 3.85
      vertex -3.57402 -16.6142 3.85
    endloop
  endfacet
  facet normal 0 0 1
    outer loop
      vertex -3.23862 -17.3775 3.85
      vertex -3.62798 -16.6378 3.85
      vertex -3.27249 -17.3974 3.85
    endloop
  endfacet
  facet normal -0 0 1
    outer loop
      vertex -3.68098 -16.6635 3.85
      vertex -3.27249 -17.3974 3.85
      vertex -3.62798 -16.6378 3.85
    endloop
  endfacet
  facet normal -0 0 1
    outer loop
      vertex -3.73293 -16.6913 3.85
      vertex -3.27249 -17.3974 3.85
      vertex -3.68098 -16.6635 3.85
    endloop
  endfacet
  facet normal 0 0 1
    outer loop
      vertex -3.27249 -17.3974 3.85
      vertex -3.73293 -16.6913 3.85
      vertex -3.30556 -17.4185 3.85
    endloop
  endfacet
  facet normal -0 0 1
    outer loop
      vertex -3.78374 -16.7211 3.85
      vertex -3.30556 -17.4185 3.85
      vertex -3.73293 -16.6913 3.85
    endloop
  endfacet
  facet normal 0 0 1
    outer loop
      vertex -3.30556 -17.4185 3.85
      vertex -3.78374 -16.7211 3.85
      vertex -3.33778 -17.441 3.85
    endloop
  endfacet
  facet normal -0 0 1
    outer loop
      vertex -3.83334 -16.7528 3.85
      vertex -3.33778 -17.441 3.85
      vertex -3.78374 -16.7211 3.85
    endloop
  endfacet
  facet normal 0 0 1
    outer loop
      vertex -3.33778 -17.441 3.85
      vertex -3.83334 -16.7528 3.85
      vertex -3.36908 -17.4647 3.85
    endloop
  endfacet
  facet normal -0 0 1
    outer loop
      vertex -3.88167 -16.7865 3.85
      vertex -3.36908 -17.4647 3.85
      vertex -3.83334 -16.7528 3.85
    endloop
  endfacet
  facet normal -0 0 1
    outer loop
      vertex -3.92863 -16.822 3.85
      vertex -3.36908 -17.4647 3.85
      vertex -3.88167 -16.7865 3.85
    endloop
  endfacet
  facet normal 0 0 1
    outer loop
      vertex -3.36908 -17.4647 3.85
      vertex -3.92863 -16.822 3.85
      vertex -3.39944 -17.4896 3.85
    endloop
  endfacet
  facet normal -0 0 1
    outer loop
      vertex -3.97417 -16.8594 3.85
      vertex -3.39944 -17.4896 3.85
      vertex -3.92863 -16.822 3.85
    endloop
  endfacet
  facet normal 0 0 1
    outer loop
      vertex -3.39944 -17.4896 3.85
      vertex -3.97417 -16.8594 3.85
      vertex -3.42879 -17.5157 3.85
    endloop
  endfacet
  facet normal -0 0 1
    outer loop
      vertex -4.01819 -16.8985 3.85
      vertex -3.42879 -17.5157 3.85
      vertex -3.97417 -16.8594 3.85
    endloop
  endfacet
  facet normal 0 0 1
    outer loop
      vertex -3.42879 -17.5157 3.85
      vertex -4.01819 -16.8985 3.85
      vertex -3.45709 -17.5429 3.85
    endloop
  endfacet
  facet normal -0 0 1
    outer loop
      vertex -4.06065 -16.9393 3.85
      vertex -3.45709 -17.5429 3.85
      vertex -4.01819 -16.8985 3.85
    endloop
  endfacet
  facet normal -0 0 1
    outer loop
      vertex -4.10147 -16.9818 3.85
      vertex -3.45709 -17.5429 3.85
      vertex -4.06065 -16.9393 3.85
    endloop
  endfacet
  facet normal 0 0 1
    outer loop
      vertex -3.45709 -17.5429 3.85
      vertex -4.10147 -16.9818 3.85
      vertex -3.48431 -17.5712 3.85
    endloop
  endfacet
  facet normal -0 0 1
    outer loop
      vertex -4.14059 -17.0258 3.85
      vertex -3.48431 -17.5712 3.85
      vertex -4.10147 -16.9818 3.85
    endloop
  endfacet
  facet normal 0 0 1
    outer loop
      vertex -3.48431 -17.5712 3.85
      vertex -4.14059 -17.0258 3.85
      vertex -3.51039 -17.6006 3.85
    endloop
  endfacet
  facet normal -0 0 1
    outer loop
      vertex -4.17796 -17.0714 3.85
      vertex -3.51039 -17.6006 3.85
      vertex -4.14059 -17.0258 3.85
    endloop
  endfacet
  facet normal 0 0 1
    outer loop
      vertex -3.51039 -17.6006 3.85
      vertex -4.17796 -17.0714 3.85
      vertex -3.53531 -17.6309 3.85
    endloop
  endfacet
  facet normal -0 0 1
    outer loop
      vertex -4.21352 -17.1183 3.85
      vertex -3.53531 -17.6309 3.85
      vertex -4.17796 -17.0714 3.85
    endloop
  endfacet
  facet normal -0 0 1
    outer loop
      vertex -4.24719 -17.1667 3.85
      vertex -3.53531 -17.6309 3.85
      vertex -4.21352 -17.1183 3.85
    endloop
  endfacet
  facet normal 0 0 1
    outer loop
      vertex -3.53531 -17.6309 3.85
      vertex -4.24719 -17.1667 3.85
      vertex -3.55901 -17.6622 3.85
    endloop
  endfacet
  facet normal -0 0 1
    outer loop
      vertex -4.27895 -17.2163 3.85
      vertex -3.55901 -17.6622 3.85
      vertex -4.24719 -17.1667 3.85
    endloop
  endfacet
  facet normal 0 0 1
    outer loop
      vertex -3.55901 -17.6622 3.85
      vertex -4.27895 -17.2163 3.85
      vertex -3.58147 -17.6944 3.85
    endloop
  endfacet
  facet normal -0 0 1
    outer loop
      vertex -4.30873 -17.2671 3.85
      vertex -3.58147 -17.6944 3.85
      vertex -4.27895 -17.2163 3.85
    endloop
  endfacet
  facet normal 0 0 1
    outer loop
      vertex -3.58147 -17.6944 3.85
      vertex -4.30873 -17.2671 3.85
      vertex -3.60263 -17.7275 3.85
    endloop
  endfacet
  facet normal -0 0 1
    outer loop
      vertex -4.3365 -17.319 3.85
      vertex -3.60263 -17.7275 3.85
      vertex -4.30873 -17.2671 3.85
    endloop
  endfacet
  facet normal -0 0 1
    outer loop
      vertex -4.36221 -17.372 3.85
      vertex -3.60263 -17.7275 3.85
      vertex -4.3365 -17.319 3.85
    endloop
  endfacet
  facet normal 0 0 1
    outer loop
      vertex -3.60263 -17.7275 3.85
      vertex -4.36221 -17.372 3.85
      vertex -3.62248 -17.7614 3.85
    endloop
  endfacet
  facet normal -0 0 1
    outer loop
      vertex -4.38582 -17.426 3.85
      vertex -3.62248 -17.7614 3.85
      vertex -4.36221 -17.372 3.85
    endloop
  endfacet
  facet normal 0 0 1
    outer loop
      vertex -3.62248 -17.7614 3.85
      vertex -4.38582 -17.426 3.85
      vertex -3.64101 -17.796 3.85
    endloop
  endfacet
  facet normal -0 0 1
    outer loop
      vertex -4.40727 -17.4808 3.85
      vertex -3.64101 -17.796 3.85
      vertex -4.38582 -17.426 3.85
    endloop
  endfacet
  facet normal 0 0 1
    outer loop
      vertex -3.64101 -17.796 3.85
      vertex -4.40727 -17.4808 3.85
      vertex -3.65814 -17.8313 3.85
    endloop
  endfacet
  facet normal -0 0 1
    outer loop
      vertex -4.42657 -17.5365 3.85
      vertex -3.65814 -17.8313 3.85
      vertex -4.40727 -17.4808 3.85
    endloop
  endfacet
  facet normal 0 0 1
    outer loop
      vertex -3.65814 -17.8313 3.85
      vertex -4.42657 -17.5365 3.85
      vertex -3.67387 -17.8673 3.85
    endloop
  endfacet
  facet normal -0 0 1
    outer loop
      vertex -4.44368 -17.5928 3.85
      vertex -3.67387 -17.8673 3.85
      vertex -4.42657 -17.5365 3.85
    endloop
  endfacet
  facet normal -0 0 1
    outer loop
      vertex -4.45854 -17.6498 3.85
      vertex -3.67387 -17.8673 3.85
      vertex -4.44368 -17.5928 3.85
    endloop
  endfacet
  facet normal 0 0 1
    outer loop
      vertex -3.67387 -17.8673 3.85
      vertex -4.45854 -17.6498 3.85
      vertex -3.68819 -17.9039 3.85
    endloop
  endfacet
  facet normal -0 0 1
    outer loop
      vertex -4.47118 -17.7074 3.85
      vertex -3.68819 -17.9039 3.85
      vertex -4.45854 -17.6498 3.85
    endloop
  endfacet
  facet normal 0 0 1
    outer loop
      vertex -3.68819 -17.9039 3.85
      vertex -4.47118 -17.7074 3.85
      vertex -3.70105 -17.941 3.85
    endloop
  endfacet
  facet normal -0 0 1
    outer loop
      vertex -4.48152 -17.7654 3.85
      vertex -3.70105 -17.941 3.85
      vertex -4.47118 -17.7074 3.85
    endloop
  endfacet
  facet normal 0 0 1
    outer loop
      vertex -3.70105 -17.941 3.85
      vertex -4.48152 -17.7654 3.85
      vertex -3.71245 -17.9786 3.85
    endloop
  endfacet
  facet normal -0 0 1
    outer loop
      vertex -4.48959 -17.8237 3.85
      vertex -3.71245 -17.9786 3.85
      vertex -4.48152 -17.7654 3.85
    endloop
  endfacet
  facet normal -0 0 1
    outer loop
      vertex -4.49536 -17.8823 3.85
      vertex -3.71245 -17.9786 3.85
      vertex -4.48959 -17.8237 3.85
    endloop
  endfacet
  facet normal 0 0 1
    outer loop
      vertex -3.71245 -17.9786 3.85
      vertex -4.49536 -17.8823 3.85
      vertex -3.72237 -18.0166 3.85
    endloop
  endfacet
  facet normal -0 0 1
    outer loop
      vertex -4.49884 -17.9411 3.85
      vertex -3.72237 -18.0166 3.85
      vertex -4.49536 -17.8823 3.85
    endloop
  endfacet
  facet normal 0 0 1
    outer loop
      vertex -3.72237 -18.0166 3.85
      vertex -4.49884 -17.9411 3.85
      vertex -3.73077 -18.0549 3.85
    endloop
  endfacet
  facet normal -0 0 1
    outer loop
      vertex -4.5 -18 3.85
      vertex -3.73077 -18.0549 3.85
      vertex -4.49884 -17.9411 3.85
    endloop
  endfacet
  facet normal 0 0 1
    outer loop
      vertex -3.73077 -18.0549 3.85
      vertex -4.5 -18 3.85
      vertex -3.73769 -18.0936 3.85
    endloop
  endfacet
  facet normal 0 0 1
    outer loop
      vertex -3.73769 -18.0936 3.85
      vertex -4.5 -18 3.85
      vertex -3.74306 -18.1325 3.85
    endloop
  endfacet
  facet normal 0 0 1
    outer loop
      vertex -3.74306 -18.1325 3.85
      vertex -4.5 -18 3.85
      vertex -3.7469 -18.1716 3.85
    endloop
  endfacet
  facet normal 0 0 1
    outer loop
      vertex -3.7469 -18.1716 3.85
      vertex -4.5 -18 3.85
      vertex -3.74922 -18.2108 3.85
    endloop
  endfacet
  facet normal 0 0 1
    outer loop
      vertex -3.74922 -18.2108 3.85
      vertex -4.5 -18 3.85
      vertex -3.75 -18.25 3.85
    endloop
  endfacet
  facet normal 0 0 1
    outer loop
      vertex -4.5 -19 3.85
      vertex -3.75 -18.25 3.85
      vertex -4.5 -18 3.85
    endloop
  endfacet
  facet normal 0 0 1
    outer loop
      vertex -3.75 -18.25 3.85
      vertex -4.5 -19 3.85
      vertex -3.75 -19 3.85
    endloop
  endfacet
  facet normal 0 0 1
    outer loop
      vertex 3.74922 -18.2108 3.85
      vertex 4.5 -18 3.85
      vertex 4.49884 -17.9411 3.85
    endloop
  endfacet
  facet normal 0 0 1
    outer loop
      vertex 3.74922 -18.2108 3.85
      vertex 4.49884 -17.9411 3.85
      vertex 4.49536 -17.8823 3.85
    endloop
  endfacet
  facet normal 0 0 1
    outer loop
      vertex 3.74922 -18.2108 3.85
      vertex 4.49536 -17.8823 3.85
      vertex 4.48959 -17.8237 3.85
    endloop
  endfacet
  facet normal 0 0 1
    outer loop
      vertex 3.74922 -18.2108 3.85
      vertex 4.48959 -17.8237 3.85
      vertex 4.48152 -17.7654 3.85
    endloop
  endfacet
  facet normal 0 0 1
    outer loop
      vertex 3.74922 -18.2108 3.85
      vertex 4.48152 -17.7654 3.85
      vertex 4.47118 -17.7074 3.85
    endloop
  endfacet
  facet normal 0 0 1
    outer loop
      vertex 3.74922 -18.2108 3.85
      vertex 4.47118 -17.7074 3.85
      vertex 4.45854 -17.6498 3.85
    endloop
  endfacet
  facet normal 0 0 1
    outer loop
      vertex 3.74922 -18.2108 3.85
      vertex 4.45854 -17.6498 3.85
      vertex 4.44368 -17.5928 3.85
    endloop
  endfacet
  facet normal 0 0 1
    outer loop
      vertex 3.74922 -18.2108 3.85
      vertex 4.44368 -17.5928 3.85
      vertex 4.42657 -17.5365 3.85
    endloop
  endfacet
  facet normal 0 0 1
    outer loop
      vertex 3.74922 -18.2108 3.85
      vertex 4.42657 -17.5365 3.85
      vertex 4.40727 -17.4808 3.85
    endloop
  endfacet
  facet normal 0 0 1
    outer loop
      vertex 3.74922 -18.2108 3.85
      vertex 4.40727 -17.4808 3.85
      vertex 4.38582 -17.426 3.85
    endloop
  endfacet
  facet normal 0 0 1
    outer loop
      vertex 3.74922 -18.2108 3.85
      vertex 4.38582 -17.426 3.85
      vertex 4.36221 -17.372 3.85
    endloop
  endfacet
  facet normal 0 0 1
    outer loop
      vertex 3.74922 -18.2108 3.85
      vertex 4.36221 -17.372 3.85
      vertex 4.3365 -17.319 3.85
    endloop
  endfacet
  facet normal 0 0 1
    outer loop
      vertex 3.74922 -18.2108 3.85
      vertex 4.3365 -17.319 3.85
      vertex 4.30873 -17.2671 3.85
    endloop
  endfacet
  facet normal 0 0 1
    outer loop
      vertex 3.74922 -18.2108 3.85
      vertex 4.30873 -17.2671 3.85
      vertex 4.27895 -17.2163 3.85
    endloop
  endfacet
  facet normal 0 0 1
    outer loop
      vertex 3.74922 -18.2108 3.85
      vertex 4.27895 -17.2163 3.85
      vertex 4.24719 -17.1667 3.85
    endloop
  endfacet
  facet normal 0 0 1
    outer loop
      vertex 3.74922 -18.2108 3.85
      vertex 4.24719 -17.1667 3.85
      vertex 4.21352 -17.1183 3.85
    endloop
  endfacet
  facet normal 0 0 1
    outer loop
      vertex 3.74922 -18.2108 3.85
      vertex 4.21352 -17.1183 3.85
      vertex 4.17796 -17.0714 3.85
    endloop
  endfacet
  facet normal 0 0 1
    outer loop
      vertex 3.74922 -18.2108 3.85
      vertex 4.17796 -17.0714 3.85
      vertex 4.14059 -17.0258 3.85
    endloop
  endfacet
  facet normal 0 0 1
    outer loop
      vertex 3.74922 -18.2108 3.85
      vertex 4.14059 -17.0258 3.85
      vertex 4.10147 -16.9818 3.85
    endloop
  endfacet
  facet normal 0 0 1
    outer loop
      vertex 3.74922 -18.2108 3.85
      vertex 4.10147 -16.9818 3.85
      vertex 4.06065 -16.9393 3.85
    endloop
  endfacet
  facet normal 0 0 1
    outer loop
      vertex 3.74922 -18.2108 3.85
      vertex 4.06065 -16.9393 3.85
      vertex 4.01819 -16.8985 3.85
    endloop
  endfacet
  facet normal 0 0 1
    outer loop
      vertex 3.74922 -18.2108 3.85
      vertex 4.01819 -16.8985 3.85
      vertex 3.97417 -16.8594 3.85
    endloop
  endfacet
  facet normal 0 0 1
    outer loop
      vertex 3.74922 -18.2108 3.85
      vertex 3.97417 -16.8594 3.85
      vertex 3.92863 -16.822 3.85
    endloop
  endfacet
  facet normal 0 0 1
    outer loop
      vertex 3.74922 -18.2108 3.85
      vertex 3.92863 -16.822 3.85
      vertex 3.88167 -16.7865 3.85
    endloop
  endfacet
  facet normal 0 0 1
    outer loop
      vertex 3.74922 -18.2108 3.85
      vertex 3.88167 -16.7865 3.85
      vertex 3.83334 -16.7528 3.85
    endloop
  endfacet
  facet normal 0 0 1
    outer loop
      vertex 3.33778 -17.441 3.85
      vertex 3.83334 -16.7528 3.85
      vertex 3.78374 -16.7211 3.85
    endloop
  endfacet
  facet normal 0 0 1
    outer loop
      vertex 4.5 -18 3.85
      vertex 3.75 -18.25 3.85
      vertex 4.5 -19 3.85
    endloop
  endfacet
  facet normal 0 0 1
    outer loop
      vertex 4.5 -19 3.85
      vertex 3.75 -18.25 3.85
      vertex 3.75 -19 3.85
    endloop
  endfacet
  facet normal -0 0 1
    outer loop
      vertex -4.5 -21 3.85
      vertex -3.75 -21.75 3.85
      vertex -3.75 -21 3.85
    endloop
  endfacet
  facet normal 0 0 1
    outer loop
      vertex -3.75 -21.75 3.85
      vertex -3.83334 -23.2472 3.85
      vertex -3.78374 -23.2789 3.85
    endloop
  endfacet
  facet normal 0 0 1
    outer loop
      vertex -3.75 -21.75 3.85
      vertex -3.88167 -23.2135 3.85
      vertex -3.83334 -23.2472 3.85
    endloop
  endfacet
  facet normal 0 0 1
    outer loop
      vertex -3.75 -21.75 3.85
      vertex -3.92863 -23.178 3.85
      vertex -3.88167 -23.2135 3.85
    endloop
  endfacet
  facet normal 0 0 1
    outer loop
      vertex -3.75 -21.75 3.85
      vertex -3.97417 -23.1406 3.85
      vertex -3.92863 -23.178 3.85
    endloop
  endfacet
  facet normal 0 0 1
    outer loop
      vertex -3.75 -21.75 3.85
      vertex -4.01819 -23.1015 3.85
      vertex -3.97417 -23.1406 3.85
    endloop
  endfacet
  facet normal 0 0 1
    outer loop
      vertex -3.75 -21.75 3.85
      vertex -4.06065 -23.0607 3.85
      vertex -4.01819 -23.1015 3.85
    endloop
  endfacet
  facet normal 0 0 1
    outer loop
      vertex -3.75 -21.75 3.85
      vertex -4.10147 -23.0182 3.85
      vertex -4.06065 -23.0607 3.85
    endloop
  endfacet
  facet normal 0 0 1
    outer loop
      vertex -3.75 -21.75 3.85
      vertex -4.14059 -22.9742 3.85
      vertex -4.10147 -23.0182 3.85
    endloop
  endfacet
  facet normal 0 0 1
    outer loop
      vertex -3.75 -21.75 3.85
      vertex -4.17796 -22.9286 3.85
      vertex -4.14059 -22.9742 3.85
    endloop
  endfacet
  facet normal 0 0 1
    outer loop
      vertex -3.75 -21.75 3.85
      vertex -4.21352 -22.8817 3.85
      vertex -4.17796 -22.9286 3.85
    endloop
  endfacet
  facet normal 0 0 1
    outer loop
      vertex -3.75 -21.75 3.85
      vertex -4.24719 -22.8333 3.85
      vertex -4.21352 -22.8817 3.85
    endloop
  endfacet
  facet normal 0 0 1
    outer loop
      vertex -3.75 -21.75 3.85
      vertex -4.27895 -22.7837 3.85
      vertex -4.24719 -22.8333 3.85
    endloop
  endfacet
  facet normal 0 0 1
    outer loop
      vertex -3.75 -21.75 3.85
      vertex -4.30873 -22.7329 3.85
      vertex -4.27895 -22.7837 3.85
    endloop
  endfacet
  facet normal 0 0 1
    outer loop
      vertex -3.75 -21.75 3.85
      vertex -4.3365 -22.681 3.85
      vertex -4.30873 -22.7329 3.85
    endloop
  endfacet
  facet normal 0 0 1
    outer loop
      vertex -3.75 -21.75 3.85
      vertex -4.36221 -22.628 3.85
      vertex -4.3365 -22.681 3.85
    endloop
  endfacet
  facet normal 0 0 1
    outer loop
      vertex -3.75 -21.75 3.85
      vertex -4.38582 -22.574 3.85
      vertex -4.36221 -22.628 3.85
    endloop
  endfacet
  facet normal 0 0 1
    outer loop
      vertex -3.75 -21.75 3.85
      vertex -4.40727 -22.5192 3.85
      vertex -4.38582 -22.574 3.85
    endloop
  endfacet
  facet normal 0 0 1
    outer loop
      vertex -3.75 -21.75 3.85
      vertex -4.42657 -22.4635 3.85
      vertex -4.40727 -22.5192 3.85
    endloop
  endfacet
  facet normal 0 0 1
    outer loop
      vertex -3.75 -21.75 3.85
      vertex -4.44368 -22.4072 3.85
      vertex -4.42657 -22.4635 3.85
    endloop
  endfacet
  facet normal 0 0 1
    outer loop
      vertex -3.75 -21.75 3.85
      vertex -4.45854 -22.3502 3.85
      vertex -4.44368 -22.4072 3.85
    endloop
  endfacet
  facet normal 0 0 1
    outer loop
      vertex -3.75 -21.75 3.85
      vertex -4.47118 -22.2926 3.85
      vertex -4.45854 -22.3502 3.85
    endloop
  endfacet
  facet normal 0 0 1
    outer loop
      vertex -3.75 -21.75 3.85
      vertex -4.48152 -22.2346 3.85
      vertex -4.47118 -22.2926 3.85
    endloop
  endfacet
  facet normal 0 0 1
    outer loop
      vertex -3.75 -21.75 3.85
      vertex -4.48959 -22.1763 3.85
      vertex -4.48152 -22.2346 3.85
    endloop
  endfacet
  facet normal 0 0 1
    outer loop
      vertex -3.75 -21.75 3.85
      vertex -4.49536 -22.1177 3.85
      vertex -4.48959 -22.1763 3.85
    endloop
  endfacet
  facet normal 0 0 1
    outer loop
      vertex -3.75 -21.75 3.85
      vertex -4.49884 -22.0589 3.85
      vertex -4.49536 -22.1177 3.85
    endloop
  endfacet
  facet normal 0 0 1
    outer loop
      vertex -3.75 -21.75 3.85
      vertex -4.5 -21 3.85
      vertex -4.5 -22 3.85
    endloop
  endfacet
  facet normal 0 0 1
    outer loop
      vertex -3.75 -21.75 3.85
      vertex -4.5 -22 3.85
      vertex -4.49884 -22.0589 3.85
    endloop
  endfacet
  facet normal -0 0 1
    outer loop
      vertex 3.75 -21.75 3.85
      vertex 4.5 -22 3.85
      vertex 4.5 -21 3.85
    endloop
  endfacet
  facet normal -0 0 1
    outer loop
      vertex 3.74922 -21.7892 3.85
      vertex 4.5 -22 3.85
      vertex 3.75 -21.75 3.85
    endloop
  endfacet
  facet normal -0 0 1
    outer loop
      vertex 3.7469 -21.8284 3.85
      vertex 4.5 -22 3.85
      vertex 3.74922 -21.7892 3.85
    endloop
  endfacet
  facet normal -0 0 1
    outer loop
      vertex 3.74306 -21.8675 3.85
      vertex 4.5 -22 3.85
      vertex 3.7469 -21.8284 3.85
    endloop
  endfacet
  facet normal -0 0 1
    outer loop
      vertex 3.73769 -21.9064 3.85
      vertex 4.5 -22 3.85
      vertex 3.74306 -21.8675 3.85
    endloop
  endfacet
  facet normal -0 0 1
    outer loop
      vertex 3.73077 -21.9451 3.85
      vertex 4.5 -22 3.85
      vertex 3.73769 -21.9064 3.85
    endloop
  endfacet
  facet normal 0 0 1
    outer loop
      vertex 4.5 -22 3.85
      vertex 3.73077 -21.9451 3.85
      vertex 4.49884 -22.0589 3.85
    endloop
  endfacet
  facet normal -0 0 1
    outer loop
      vertex 3.72237 -21.9834 3.85
      vertex 4.49884 -22.0589 3.85
      vertex 3.73077 -21.9451 3.85
    endloop
  endfacet
  facet normal 0 0 1
    outer loop
      vertex 4.49884 -22.0589 3.85
      vertex 3.72237 -21.9834 3.85
      vertex 4.49536 -22.1177 3.85
    endloop
  endfacet
  facet normal -0 0 1
    outer loop
      vertex 3.71245 -22.0214 3.85
      vertex 4.49536 -22.1177 3.85
      vertex 3.72237 -21.9834 3.85
    endloop
  endfacet
  facet normal 0 0 1
    outer loop
      vertex 4.48959 -22.1763 3.85
      vertex 3.71245 -22.0214 3.85
      vertex 4.48152 -22.2346 3.85
    endloop
  endfacet
  facet normal -0 0 1
    outer loop
      vertex 3.70105 -22.059 3.85
      vertex 4.48152 -22.2346 3.85
      vertex 3.71245 -22.0214 3.85
    endloop
  endfacet
  facet normal -0 0 1
    outer loop
      vertex 3.68819 -22.0961 3.85
      vertex 4.47118 -22.2926 3.85
      vertex 3.70105 -22.059 3.85
    endloop
  endfacet
  facet normal 0 0 1
    outer loop
      vertex 4.47118 -22.2926 3.85
      vertex 3.68819 -22.0961 3.85
      vertex 4.45854 -22.3502 3.85
    endloop
  endfacet
  facet normal -0 0 1
    outer loop
      vertex 3.67387 -22.1327 3.85
      vertex 4.45854 -22.3502 3.85
      vertex 3.68819 -22.0961 3.85
    endloop
  endfacet
  facet normal 0 0 1
    outer loop
      vertex 4.44368 -22.4072 3.85
      vertex 3.67387 -22.1327 3.85
      vertex 4.42657 -22.4635 3.85
    endloop
  endfacet
  facet normal -0 0 1
    outer loop
      vertex 3.65814 -22.1687 3.85
      vertex 4.42657 -22.4635 3.85
      vertex 3.67387 -22.1327 3.85
    endloop
  endfacet
  facet normal -0 0 1
    outer loop
      vertex 3.64101 -22.204 3.85
      vertex 4.40727 -22.5192 3.85
      vertex 3.65814 -22.1687 3.85
    endloop
  endfacet
  facet normal 0 0 1
    outer loop
      vertex 4.40727 -22.5192 3.85
      vertex 3.64101 -22.204 3.85
      vertex 4.38582 -22.574 3.85
    endloop
  endfacet
  facet normal 0 0 1
    outer loop
      vertex 4.38582 -22.574 3.85
      vertex 3.62248 -22.2386 3.85
      vertex 4.36221 -22.628 3.85
    endloop
  endfacet
  facet normal -0 0 1
    outer loop
      vertex 3.60263 -22.2725 3.85
      vertex 4.36221 -22.628 3.85
      vertex 3.62248 -22.2386 3.85
    endloop
  endfacet
  facet normal 0 0 1
    outer loop
      vertex 4.36221 -22.628 3.85
      vertex 3.60263 -22.2725 3.85
      vertex 4.3365 -22.681 3.85
    endloop
  endfacet
  facet normal -0 0 1
    outer loop
      vertex 3.58147 -22.3056 3.85
      vertex 4.30873 -22.7329 3.85
      vertex 3.60263 -22.2725 3.85
    endloop
  endfacet
  facet normal 0 0 1
    outer loop
      vertex 4.30873 -22.7329 3.85
      vertex 3.58147 -22.3056 3.85
      vertex 4.27895 -22.7837 3.85
    endloop
  endfacet
  facet normal 0 0 1
    outer loop
      vertex 4.27895 -22.7837 3.85
      vertex 3.55901 -22.3378 3.85
      vertex 4.24719 -22.8333 3.85
    endloop
  endfacet
  facet normal -0 0 1
    outer loop
      vertex 3.53531 -22.3691 3.85
      vertex 4.24719 -22.8333 3.85
      vertex 3.55901 -22.3378 3.85
    endloop
  endfacet
  facet normal 0 0 1
    outer loop
      vertex 3.75 -21.75 3.85
      vertex 4.5 -21 3.85
      vertex 3.75 -21 3.85
    endloop
  endfacet
  facet normal 0 0 1
    outer loop
      vertex 4.49536 -22.1177 3.85
      vertex 3.71245 -22.0214 3.85
      vertex 4.48959 -22.1763 3.85
    endloop
  endfacet
  facet normal 0 0 1
    outer loop
      vertex 4.48152 -22.2346 3.85
      vertex 3.70105 -22.059 3.85
      vertex 4.47118 -22.2926 3.85
    endloop
  endfacet
  facet normal 0 0 1
    outer loop
      vertex 4.45854 -22.3502 3.85
      vertex 3.67387 -22.1327 3.85
      vertex 4.44368 -22.4072 3.85
    endloop
  endfacet
  facet normal 0 0 1
    outer loop
      vertex 4.42657 -22.4635 3.85
      vertex 3.65814 -22.1687 3.85
      vertex 4.40727 -22.5192 3.85
    endloop
  endfacet
  facet normal -0 0 1
    outer loop
      vertex 3.62248 -22.2386 3.85
      vertex 4.38582 -22.574 3.85
      vertex 3.64101 -22.204 3.85
    endloop
  endfacet
  facet normal 0 0 1
    outer loop
      vertex 4.3365 -22.681 3.85
      vertex 3.60263 -22.2725 3.85
      vertex 4.30873 -22.7329 3.85
    endloop
  endfacet
  facet normal -0 0 1
    outer loop
      vertex 3.55901 -22.3378 3.85
      vertex 4.27895 -22.7837 3.85
      vertex 3.58147 -22.3056 3.85
    endloop
  endfacet
  facet normal 0 0 1
    outer loop
      vertex 4.24719 -22.8333 3.85
      vertex 3.53531 -22.3691 3.85
      vertex 4.21352 -22.8817 3.85
    endloop
  endfacet
  facet normal 0 0 1
    outer loop
      vertex 4.21352 -22.8817 3.85
      vertex 3.53531 -22.3691 3.85
      vertex 4.17796 -22.9286 3.85
    endloop
  endfacet
  facet normal -0 0 1
    outer loop
      vertex 3.51039 -22.3994 3.85
      vertex 4.17796 -22.9286 3.85
      vertex 3.53531 -22.3691 3.85
    endloop
  endfacet
  facet normal 0 0 1
    outer loop
      vertex 4.17796 -22.9286 3.85
      vertex 3.51039 -22.3994 3.85
      vertex 4.14059 -22.9742 3.85
    endloop
  endfacet
  facet normal -0 0 1
    outer loop
      vertex 3.48431 -22.4288 3.85
      vertex 4.14059 -22.9742 3.85
      vertex 3.51039 -22.3994 3.85
    endloop
  endfacet
  facet normal 0 0 1
    outer loop
      vertex 4.14059 -22.9742 3.85
      vertex 3.48431 -22.4288 3.85
      vertex 4.10147 -23.0182 3.85
    endloop
  endfacet
  facet normal -0 0 1
    outer loop
      vertex 3.45709 -22.4571 3.85
      vertex 4.10147 -23.0182 3.85
      vertex 3.48431 -22.4288 3.85
    endloop
  endfacet
  facet normal 0 0 1
    outer loop
      vertex 4.10147 -23.0182 3.85
      vertex 3.45709 -22.4571 3.85
      vertex 4.06065 -23.0607 3.85
    endloop
  endfacet
  facet normal 0 0 1
    outer loop
      vertex 4.06065 -23.0607 3.85
      vertex 3.45709 -22.4571 3.85
      vertex 4.01819 -23.1015 3.85
    endloop
  endfacet
  facet normal -0 0 1
    outer loop
      vertex 3.42879 -22.4843 3.85
      vertex 4.01819 -23.1015 3.85
      vertex 3.45709 -22.4571 3.85
    endloop
  endfacet
  facet normal 0 0 1
    outer loop
      vertex 4.01819 -23.1015 3.85
      vertex 3.42879 -22.4843 3.85
      vertex 3.97417 -23.1406 3.85
    endloop
  endfacet
  facet normal -0 0 1
    outer loop
      vertex 3.39944 -22.5104 3.85
      vertex 3.97417 -23.1406 3.85
      vertex 3.42879 -22.4843 3.85
    endloop
  endfacet
  facet normal 0 0 1
    outer loop
      vertex 3.97417 -23.1406 3.85
      vertex 3.39944 -22.5104 3.85
      vertex 3.92863 -23.178 3.85
    endloop
  endfacet
  facet normal -0 0 1
    outer loop
      vertex 3.36908 -22.5353 3.85
      vertex 3.92863 -23.178 3.85
      vertex 3.39944 -22.5104 3.85
    endloop
  endfacet
  facet normal 0 0 1
    outer loop
      vertex 3.92863 -23.178 3.85
      vertex 3.36908 -22.5353 3.85
      vertex 3.88167 -23.2135 3.85
    endloop
  endfacet
  facet normal 0 0 1
    outer loop
      vertex 3.88167 -23.2135 3.85
      vertex 3.36908 -22.5353 3.85
      vertex 3.83334 -23.2472 3.85
    endloop
  endfacet
  facet normal -0 0 1
    outer loop
      vertex 3.33778 -22.559 3.85
      vertex 3.83334 -23.2472 3.85
      vertex 3.36908 -22.5353 3.85
    endloop
  endfacet
  facet normal 0 0 1
    outer loop
      vertex 3.83334 -23.2472 3.85
      vertex 3.33778 -22.559 3.85
      vertex 3.78374 -23.2789 3.85
    endloop
  endfacet
  facet normal -0 0 1
    outer loop
      vertex 3.30556 -22.5815 3.85
      vertex 3.78374 -23.2789 3.85
      vertex 3.33778 -22.559 3.85
    endloop
  endfacet
  facet normal 0 0 1
    outer loop
      vertex 3.78374 -23.2789 3.85
      vertex 3.30556 -22.5815 3.85
      vertex 3.73293 -23.3087 3.85
    endloop
  endfacet
  facet normal -0 0 1
    outer loop
      vertex 3.27249 -22.6026 3.85
      vertex 3.73293 -23.3087 3.85
      vertex 3.30556 -22.5815 3.85
    endloop
  endfacet
  facet normal 0 0 1
    outer loop
      vertex 3.73293 -23.3087 3.85
      vertex 3.27249 -22.6026 3.85
      vertex 3.68098 -23.3365 3.85
    endloop
  endfacet
  facet normal 0 0 1
    outer loop
      vertex 3.68098 -23.3365 3.85
      vertex 3.27249 -22.6026 3.85
      vertex 3.62798 -23.3622 3.85
    endloop
  endfacet
  facet normal -0 0 1
    outer loop
      vertex 3.23862 -22.6225 3.85
      vertex 3.62798 -23.3622 3.85
      vertex 3.27249 -22.6026 3.85
    endloop
  endfacet
  facet normal 0 0 1
    outer loop
      vertex 3.62798 -23.3622 3.85
      vertex 3.23862 -22.6225 3.85
      vertex 3.57402 -23.3858 3.85
    endloop
  endfacet
  facet normal -0 0 1
    outer loop
      vertex 3.20398 -22.641 3.85
      vertex 3.57402 -23.3858 3.85
      vertex 3.23862 -22.6225 3.85
    endloop
  endfacet
  facet normal 0 0 1
    outer loop
      vertex 3.57402 -23.3858 3.85
      vertex 3.20398 -22.641 3.85
      vertex 3.51917 -23.4073 3.85
    endloop
  endfacet
  facet normal -0 0 1
    outer loop
      vertex 3.16866 -22.6581 3.85
      vertex 3.51917 -23.4073 3.85
      vertex 3.20398 -22.641 3.85
    endloop
  endfacet
  facet normal 0 0 1
    outer loop
      vertex 3.51917 -23.4073 3.85
      vertex 3.16866 -22.6581 3.85
      vertex 3.46352 -23.4266 3.85
    endloop
  endfacet
  facet normal 0 0 1
    outer loop
      vertex 3.46352 -23.4266 3.85
      vertex 3.16866 -22.6581 3.85
      vertex 3.40715 -23.4437 3.85
    endloop
  endfacet
  facet normal -0 0 1
    outer loop
      vertex 3.13268 -22.6739 3.85
      vertex 3.40715 -23.4437 3.85
      vertex 3.16866 -22.6581 3.85
    endloop
  endfacet
  facet normal 0 0 1
    outer loop
      vertex 3.40715 -23.4437 3.85
      vertex 3.13268 -22.6739 3.85
      vertex 3.35016 -23.4585 3.85
    endloop
  endfacet
  facet normal -0 0 1
    outer loop
      vertex 3.09612 -22.6882 3.85
      vertex 3.35016 -23.4585 3.85
      vertex 3.13268 -22.6739 3.85
    endloop
  endfacet
  facet normal 0 0 1
    outer loop
      vertex 3.35016 -23.4585 3.85
      vertex 3.09612 -22.6882 3.85
      vertex 3.29263 -23.4712 3.85
    endloop
  endfacet
  facet normal -0 0 1
    outer loop
      vertex 3.05901 -22.701 3.85
      vertex 3.29263 -23.4712 3.85
      vertex 3.09612 -22.6882 3.85
    endloop
  endfacet
  facet normal 0 0 1
    outer loop
      vertex 3.29263 -23.4712 3.85
      vertex 3.05901 -22.701 3.85
      vertex 3.23465 -23.4815 3.85
    endloop
  endfacet
  facet normal -0 0 1
    outer loop
      vertex 3.02144 -22.7124 3.85
      vertex 3.23465 -23.4815 3.85
      vertex 3.05901 -22.701 3.85
    endloop
  endfacet
  facet normal 0 0 1
    outer loop
      vertex 3.23465 -23.4815 3.85
      vertex 3.02144 -22.7124 3.85
      vertex 3.1763 -23.4896 3.85
    endloop
  endfacet
  facet normal 0 0 1
    outer loop
      vertex 3.1763 -23.4896 3.85
      vertex 3.02144 -22.7124 3.85
      vertex 3.11768 -23.4954 3.85
    endloop
  endfacet
  facet normal -0 0 1
    outer loop
      vertex 2.98344 -22.7224 3.85
      vertex 3.11768 -23.4954 3.85
      vertex 3.02144 -22.7124 3.85
    endloop
  endfacet
  facet normal 0 0 1
    outer loop
      vertex 3.11768 -23.4954 3.85
      vertex 2.98344 -22.7224 3.85
      vertex 3.05888 -23.4988 3.85
    endloop
  endfacet
  facet normal -0 0 1
    outer loop
      vertex 2.94508 -22.7308 3.85
      vertex 3.05888 -23.4988 3.85
      vertex 2.98344 -22.7224 3.85
    endloop
  endfacet
  facet normal 0 0 1
    outer loop
      vertex 3.05888 -23.4988 3.85
      vertex 2.94508 -22.7308 3.85
      vertex 3 -23.5 3.85
    endloop
  endfacet
  facet normal -0 0 1
    outer loop
      vertex 2.90643 -22.7377 3.85
      vertex 3 -23.5 3.85
      vertex 2.94508 -22.7308 3.85
    endloop
  endfacet
  facet normal -0 0 1
    outer loop
      vertex 2.86752 -22.7431 3.85
      vertex 3 -23.5 3.85
      vertex 2.90643 -22.7377 3.85
    endloop
  endfacet
  facet normal -0 0 1
    outer loop
      vertex 2.82845 -22.7469 3.85
      vertex 3 -23.5 3.85
      vertex 2.86752 -22.7431 3.85
    endloop
  endfacet
  facet normal -0 0 1
    outer loop
      vertex 2.78925 -22.7492 3.85
      vertex 3 -23.5 3.85
      vertex 2.82845 -22.7469 3.85
    endloop
  endfacet
  facet normal -0 0 1
    outer loop
      vertex 2.75 -22.75 3.85
      vertex 3 -23.5 3.85
      vertex 2.78925 -22.7492 3.85
    endloop
  endfacet
  facet normal -0 0 1
    outer loop
      vertex -2.75 -22.75 3.85
      vertex 3 -23.5 3.85
      vertex 2.75 -22.75 3.85
    endloop
  endfacet
  facet normal 0 0 1
    outer loop
      vertex -3 -23.5 3.85
      vertex -2.75 -22.75 3.85
      vertex -2.78925 -22.7492 3.85
    endloop
  endfacet
  facet normal 0 0 1
    outer loop
      vertex -3 -23.5 3.85
      vertex -2.78925 -22.7492 3.85
      vertex -2.82845 -22.7469 3.85
    endloop
  endfacet
  facet normal 0 0 1
    outer loop
      vertex -3 -23.5 3.85
      vertex -2.82845 -22.7469 3.85
      vertex -2.86752 -22.7431 3.85
    endloop
  endfacet
  facet normal 0 0 1
    outer loop
      vertex -2.75 -22.75 3.85
      vertex -3 -23.5 3.85
      vertex 3 -23.5 3.85
    endloop
  endfacet
  facet normal 0 0 1
    outer loop
      vertex -2.90643 -22.7377 3.85
      vertex -3 -23.5 3.85
      vertex -2.86752 -22.7431 3.85
    endloop
  endfacet
  facet normal 0 0 1
    outer loop
      vertex -2.94508 -22.7308 3.85
      vertex -3 -23.5 3.85
      vertex -2.90643 -22.7377 3.85
    endloop
  endfacet
  facet normal 0 0 1
    outer loop
      vertex -3.05888 -23.4988 3.85
      vertex -2.94508 -22.7308 3.85
      vertex -2.98344 -22.7224 3.85
    endloop
  endfacet
  facet normal 0 0 1
    outer loop
      vertex -3.11768 -23.4954 3.85
      vertex -2.98344 -22.7224 3.85
      vertex -3.02144 -22.7124 3.85
    endloop
  endfacet
  facet normal 0 0 1
    outer loop
      vertex -2.94508 -22.7308 3.85
      vertex -3.05888 -23.4988 3.85
      vertex -3 -23.5 3.85
    endloop
  endfacet
  facet normal 0 0 1
    outer loop
      vertex -3.23465 -23.4815 3.85
      vertex -3.02144 -22.7124 3.85
      vertex -3.05901 -22.701 3.85
    endloop
  endfacet
  facet normal 0 0 1
    outer loop
      vertex -3.29263 -23.4712 3.85
      vertex -3.05901 -22.701 3.85
      vertex -3.09612 -22.6882 3.85
    endloop
  endfacet
  facet normal 0 0 1
    outer loop
      vertex -2.98344 -22.7224 3.85
      vertex -3.11768 -23.4954 3.85
      vertex -3.05888 -23.4988 3.85
    endloop
  endfacet
  facet normal 0 0 1
    outer loop
      vertex -3.35016 -23.4585 3.85
      vertex -3.09612 -22.6882 3.85
      vertex -3.13268 -22.6739 3.85
    endloop
  endfacet
  facet normal 0 0 1
    outer loop
      vertex -3.40715 -23.4437 3.85
      vertex -3.13268 -22.6739 3.85
      vertex -3.16866 -22.6581 3.85
    endloop
  endfacet
  facet normal 0 0 1
    outer loop
      vertex -3.02144 -22.7124 3.85
      vertex -3.1763 -23.4896 3.85
      vertex -3.11768 -23.4954 3.85
    endloop
  endfacet
  facet normal 0 0 1
    outer loop
      vertex -3.51917 -23.4073 3.85
      vertex -3.16866 -22.6581 3.85
      vertex -3.20398 -22.641 3.85
    endloop
  endfacet
  facet normal 0 0 1
    outer loop
      vertex -3.02144 -22.7124 3.85
      vertex -3.23465 -23.4815 3.85
      vertex -3.1763 -23.4896 3.85
    endloop
  endfacet
  facet normal 0 0 1
    outer loop
      vertex -3.57402 -23.3858 3.85
      vertex -3.20398 -22.641 3.85
      vertex -3.23862 -22.6225 3.85
    endloop
  endfacet
  facet normal 0 0 1
    outer loop
      vertex -3.62798 -23.3622 3.85
      vertex -3.23862 -22.6225 3.85
      vertex -3.27249 -22.6026 3.85
    endloop
  endfacet
  facet normal 0 0 1
    outer loop
      vertex -3.05901 -22.701 3.85
      vertex -3.29263 -23.4712 3.85
      vertex -3.23465 -23.4815 3.85
    endloop
  endfacet
  facet normal 0 0 1
    outer loop
      vertex -3.73293 -23.3087 3.85
      vertex -3.27249 -22.6026 3.85
      vertex -3.30556 -22.5815 3.85
    endloop
  endfacet
  facet normal 0 0 1
    outer loop
      vertex -3.78374 -23.2789 3.85
      vertex -3.30556 -22.5815 3.85
      vertex -3.33778 -22.559 3.85
    endloop
  endfacet
  facet normal 0 0 1
    outer loop
      vertex -3.09612 -22.6882 3.85
      vertex -3.35016 -23.4585 3.85
      vertex -3.29263 -23.4712 3.85
    endloop
  endfacet
  facet normal 0 0 1
    outer loop
      vertex -3.78374 -23.2789 3.85
      vertex -3.33778 -22.559 3.85
      vertex -3.36908 -22.5353 3.85
    endloop
  endfacet
  facet normal 0 0 1
    outer loop
      vertex -3.78374 -23.2789 3.85
      vertex -3.36908 -22.5353 3.85
      vertex -3.39944 -22.5104 3.85
    endloop
  endfacet
  facet normal 0 0 1
    outer loop
      vertex -3.13268 -22.6739 3.85
      vertex -3.40715 -23.4437 3.85
      vertex -3.35016 -23.4585 3.85
    endloop
  endfacet
  facet normal 0 0 1
    outer loop
      vertex -3.78374 -23.2789 3.85
      vertex -3.39944 -22.5104 3.85
      vertex -3.42879 -22.4843 3.85
    endloop
  endfacet
  facet normal 0 0 1
    outer loop
      vertex -3.78374 -23.2789 3.85
      vertex -3.42879 -22.4843 3.85
      vertex -3.45709 -22.4571 3.85
    endloop
  endfacet
  facet normal 0 0 1
    outer loop
      vertex -3.16866 -22.6581 3.85
      vertex -3.46352 -23.4266 3.85
      vertex -3.40715 -23.4437 3.85
    endloop
  endfacet
  facet normal 0 0 1
    outer loop
      vertex -3.78374 -23.2789 3.85
      vertex -3.45709 -22.4571 3.85
      vertex -3.48431 -22.4288 3.85
    endloop
  endfacet
  facet normal 0 0 1
    outer loop
      vertex -3.78374 -23.2789 3.85
      vertex -3.48431 -22.4288 3.85
      vertex -3.51039 -22.3994 3.85
    endloop
  endfacet
  facet normal 0 0 1
    outer loop
      vertex -3.16866 -22.6581 3.85
      vertex -3.51917 -23.4073 3.85
      vertex -3.46352 -23.4266 3.85
    endloop
  endfacet
  facet normal 0 0 1
    outer loop
      vertex -3.78374 -23.2789 3.85
      vertex -3.51039 -22.3994 3.85
      vertex -3.53531 -22.3691 3.85
    endloop
  endfacet
  facet normal 0 0 1
    outer loop
      vertex -3.78374 -23.2789 3.85
      vertex -3.53531 -22.3691 3.85
      vertex -3.55901 -22.3378 3.85
    endloop
  endfacet
  facet normal 0 0 1
    outer loop
      vertex -3.20398 -22.641 3.85
      vertex -3.57402 -23.3858 3.85
      vertex -3.51917 -23.4073 3.85
    endloop
  endfacet
  facet normal 0 0 1
    outer loop
      vertex -3.78374 -23.2789 3.85
      vertex -3.55901 -22.3378 3.85
      vertex -3.58147 -22.3056 3.85
    endloop
  endfacet
  facet normal 0 0 1
    outer loop
      vertex -3.78374 -23.2789 3.85
      vertex -3.58147 -22.3056 3.85
      vertex -3.60263 -22.2725 3.85
    endloop
  endfacet
  facet normal 0 0 1
    outer loop
      vertex -3.78374 -23.2789 3.85
      vertex -3.60263 -22.2725 3.85
      vertex -3.62248 -22.2386 3.85
    endloop
  endfacet
  facet normal 0 0 1
    outer loop
      vertex -3.23862 -22.6225 3.85
      vertex -3.62798 -23.3622 3.85
      vertex -3.57402 -23.3858 3.85
    endloop
  endfacet
  facet normal 0 0 1
    outer loop
      vertex -3.78374 -23.2789 3.85
      vertex -3.62248 -22.2386 3.85
      vertex -3.64101 -22.204 3.85
    endloop
  endfacet
  facet normal 0 0 1
    outer loop
      vertex -3.78374 -23.2789 3.85
      vertex -3.64101 -22.204 3.85
      vertex -3.65814 -22.1687 3.85
    endloop
  endfacet
  facet normal 0 0 1
    outer loop
      vertex -3.78374 -23.2789 3.85
      vertex -3.65814 -22.1687 3.85
      vertex -3.67387 -22.1327 3.85
    endloop
  endfacet
  facet normal 0 0 1
    outer loop
      vertex -3.27249 -22.6026 3.85
      vertex -3.68098 -23.3365 3.85
      vertex -3.62798 -23.3622 3.85
    endloop
  endfacet
  facet normal 0 0 1
    outer loop
      vertex -3.78374 -23.2789 3.85
      vertex -3.67387 -22.1327 3.85
      vertex -3.68819 -22.0961 3.85
    endloop
  endfacet
  facet normal 0 0 1
    outer loop
      vertex -3.78374 -23.2789 3.85
      vertex -3.68819 -22.0961 3.85
      vertex -3.70105 -22.059 3.85
    endloop
  endfacet
  facet normal 0 0 1
    outer loop
      vertex -3.78374 -23.2789 3.85
      vertex -3.70105 -22.059 3.85
      vertex -3.71245 -22.0214 3.85
    endloop
  endfacet
  facet normal 0 0 1
    outer loop
      vertex -3.78374 -23.2789 3.85
      vertex -3.71245 -22.0214 3.85
      vertex -3.72237 -21.9834 3.85
    endloop
  endfacet
  facet normal 0 0 1
    outer loop
      vertex -3.78374 -23.2789 3.85
      vertex -3.72237 -21.9834 3.85
      vertex -3.73077 -21.9451 3.85
    endloop
  endfacet
  facet normal 0 0 1
    outer loop
      vertex -3.27249 -22.6026 3.85
      vertex -3.73293 -23.3087 3.85
      vertex -3.68098 -23.3365 3.85
    endloop
  endfacet
  facet normal 0 0 1
    outer loop
      vertex -3.78374 -23.2789 3.85
      vertex -3.73077 -21.9451 3.85
      vertex -3.73769 -21.9064 3.85
    endloop
  endfacet
  facet normal 0 0 1
    outer loop
      vertex -3.78374 -23.2789 3.85
      vertex -3.73769 -21.9064 3.85
      vertex -3.74306 -21.8675 3.85
    endloop
  endfacet
  facet normal 0 0 1
    outer loop
      vertex -3.78374 -23.2789 3.85
      vertex -3.74306 -21.8675 3.85
      vertex -3.7469 -21.8284 3.85
    endloop
  endfacet
  facet normal 0 0 1
    outer loop
      vertex -3.78374 -23.2789 3.85
      vertex -3.7469 -21.8284 3.85
      vertex -3.74922 -21.7892 3.85
    endloop
  endfacet
  facet normal 0 0 1
    outer loop
      vertex -3.78374 -23.2789 3.85
      vertex -3.74922 -21.7892 3.85
      vertex -3.75 -21.75 3.85
    endloop
  endfacet
  facet normal 0 0 1
    outer loop
      vertex -3.30556 -22.5815 3.85
      vertex -3.78374 -23.2789 3.85
      vertex -3.73293 -23.3087 3.85
    endloop
  endfacet
  facet normal 0.999806 0.0196906 0
    outer loop
      vertex 4.5 -18 3.85
      vertex 4.49884 -17.9411 3.05
      vertex 4.49884 -17.9411 3.85
    endloop
  endfacet
  facet normal 0.999806 0.0196906 0
    outer loop
      vertex 4.49884 -17.9411 3.05
      vertex 4.5 -18 3.85
      vertex 4.5 -18 3.05
    endloop
  endfacet
  facet normal 0.998253 0.0590803 0
    outer loop
      vertex 4.49884 -17.9411 3.85
      vertex 4.49536 -17.8823 3.05
      vertex 4.49536 -17.8823 3.85
    endloop
  endfacet
  facet normal 0.998253 0.0590803 0
    outer loop
      vertex 4.49536 -17.8823 3.05
      vertex 4.49884 -17.9411 3.85
      vertex 4.49884 -17.9411 3.05
    endloop
  endfacet
  facet normal 0.995187 0.0979903 0
    outer loop
      vertex 4.49536 -17.8823 3.85
      vertex 4.48959 -17.8237 3.05
      vertex 4.48959 -17.8237 3.85
    endloop
  endfacet
  facet normal 0.995187 0.0979903 0
    outer loop
      vertex 4.48959 -17.8237 3.05
      vertex 4.49536 -17.8823 3.85
      vertex 4.49536 -17.8823 3.05
    endloop
  endfacet
  facet normal 0.990555 0.137115 0
    outer loop
      vertex 4.48959 -17.8237 3.85
      vertex 4.48152 -17.7654 3.05
      vertex 4.48152 -17.7654 3.85
    endloop
  endfacet
  facet normal 0.990555 0.137115 0
    outer loop
      vertex 4.48152 -17.7654 3.05
      vertex 4.48959 -17.8237 3.85
      vertex 4.48959 -17.8237 3.05
    endloop
  endfacet
  facet normal 0.984478 0.175509 0
    outer loop
      vertex 4.48152 -17.7654 3.85
      vertex 4.47118 -17.7074 3.05
      vertex 4.47118 -17.7074 3.85
    endloop
  endfacet
  facet normal 0.984478 0.175509 0
    outer loop
      vertex 4.47118 -17.7074 3.05
      vertex 4.48152 -17.7654 3.85
      vertex 4.48152 -17.7654 3.05
    endloop
  endfacet
  facet normal 0.976758 0.214344 0
    outer loop
      vertex 4.47118 -17.7074 3.85
      vertex 4.45854 -17.6498 3.05
      vertex 4.45854 -17.6498 3.85
    endloop
  endfacet
  facet normal 0.976758 0.214344 0
    outer loop
      vertex 4.45854 -17.6498 3.05
      vertex 4.47118 -17.7074 3.85
      vertex 4.47118 -17.7074 3.05
    endloop
  endfacet
  facet normal 0.967657 0.25227 0
    outer loop
      vertex 4.45854 -17.6498 3.85
      vertex 4.44368 -17.5928 3.05
      vertex 4.44368 -17.5928 3.85
    endloop
  endfacet
  facet normal 0.967657 0.25227 0
    outer loop
      vertex 4.44368 -17.5928 3.05
      vertex 4.45854 -17.6498 3.85
      vertex 4.45854 -17.6498 3.05
    endloop
  endfacet
  facet normal 0.956791 0.290776 0
    outer loop
      vertex 4.44368 -17.5928 3.85
      vertex 4.42657 -17.5365 3.05
      vertex 4.42657 -17.5365 3.85
    endloop
  endfacet
  facet normal 0.956791 0.290776 0
    outer loop
      vertex 4.42657 -17.5365 3.05
      vertex 4.44368 -17.5928 3.85
      vertex 4.44368 -17.5928 3.05
    endloop
  endfacet
  facet normal 0.944885 0.327402 0
    outer loop
      vertex 4.42657 -17.5365 3.85
      vertex 4.40727 -17.4808 3.05
      vertex 4.40727 -17.4808 3.85
    endloop
  endfacet
  facet normal 0.944885 0.327402 0
    outer loop
      vertex 4.40727 -17.4808 3.05
      vertex 4.42657 -17.5365 3.85
      vertex 4.42657 -17.5365 3.05
    endloop
  endfacet
  facet normal 0.931205 0.364495 0
    outer loop
      vertex 4.40727 -17.4808 3.85
      vertex 4.38582 -17.426 3.05
      vertex 4.38582 -17.426 3.85
    endloop
  endfacet
  facet normal 0.931205 0.364495 0
    outer loop
      vertex 4.38582 -17.426 3.05
      vertex 4.40727 -17.4808 3.85
      vertex 4.40727 -17.4808 3.05
    endloop
  endfacet
  facet normal 0.916251 0.400605 0
    outer loop
      vertex 4.38582 -17.426 3.85
      vertex 4.36221 -17.372 3.05
      vertex 4.36221 -17.372 3.85
    endloop
  endfacet
  facet normal 0.916251 0.400605 0
    outer loop
      vertex 4.36221 -17.372 3.05
      vertex 4.38582 -17.426 3.85
      vertex 4.38582 -17.426 3.05
    endloop
  endfacet
  facet normal 0.899727 0.436453 0
    outer loop
      vertex 4.36221 -17.372 3.85
      vertex 4.3365 -17.319 3.05
      vertex 4.3365 -17.319 3.85
    endloop
  endfacet
  facet normal 0.899727 0.436453 0
    outer loop
      vertex 4.3365 -17.319 3.05
      vertex 4.36221 -17.372 3.85
      vertex 4.36221 -17.372 3.05
    endloop
  endfacet
  facet normal 0.881717 0.471778 0
    outer loop
      vertex 4.3365 -17.319 3.85
      vertex 4.30873 -17.2671 3.05
      vertex 4.30873 -17.2671 3.85
    endloop
  endfacet
  facet normal 0.881717 0.471778 0
    outer loop
      vertex 4.30873 -17.2671 3.05
      vertex 4.3365 -17.319 3.85
      vertex 4.3365 -17.319 3.05
    endloop
  endfacet
  facet normal 0.862693 0.505728 0
    outer loop
      vertex 4.30873 -17.2671 3.85
      vertex 4.27895 -17.2163 3.05
      vertex 4.27895 -17.2163 3.85
    endloop
  endfacet
  facet normal 0.862693 0.505728 0
    outer loop
      vertex 4.27895 -17.2163 3.05
      vertex 4.30873 -17.2671 3.85
      vertex 4.30873 -17.2671 3.05
    endloop
  endfacet
  facet normal 0.842148 0.539246 0
    outer loop
      vertex 4.27895 -17.2163 3.85
      vertex 4.24719 -17.1667 3.05
      vertex 4.24719 -17.1667 3.85
    endloop
  endfacet
  facet normal 0.842148 0.539246 0
    outer loop
      vertex 4.24719 -17.1667 3.05
      vertex 4.27895 -17.2163 3.85
      vertex 4.27895 -17.2163 3.05
    endloop
  endfacet
  facet normal 0.820902 0.571069 0
    outer loop
      vertex 4.24719 -17.1667 3.85
      vertex 4.21352 -17.1183 3.05
      vertex 4.21352 -17.1183 3.85
    endloop
  endfacet
  facet normal 0.820902 0.571069 0
    outer loop
      vertex 4.21352 -17.1183 3.05
      vertex 4.24719 -17.1667 3.85
      vertex 4.24719 -17.1667 3.05
    endloop
  endfacet
  facet normal 0.796849 0.604178 0
    outer loop
      vertex 4.21352 -17.1183 3.85
      vertex 4.17796 -17.0714 3.05
      vertex 4.17796 -17.0714 3.85
    endloop
  endfacet
  facet normal 0.796849 0.604178 0
    outer loop
      vertex 4.17796 -17.0714 3.05
      vertex 4.21352 -17.1183 3.85
      vertex 4.21352 -17.1183 3.05
    endloop
  endfacet
  facet normal 0.773451 0.633856 0
    outer loop
      vertex 4.17796 -17.0714 3.85
      vertex 4.14059 -17.0258 3.05
      vertex 4.14059 -17.0258 3.85
    endloop
  endfacet
  facet normal 0.773451 0.633856 0
    outer loop
      vertex 4.14059 -17.0258 3.05
      vertex 4.17796 -17.0714 3.85
      vertex 4.17796 -17.0714 3.05
    endloop
  endfacet
  facet normal 0.747334 0.664448 0
    outer loop
      vertex 4.14059 -17.0258 3.85
      vertex 4.10147 -16.9818 3.05
      vertex 4.10147 -16.9818 3.85
    endloop
  endfacet
  facet normal 0.747334 0.664448 0
    outer loop
      vertex 4.10147 -16.9818 3.05
      vertex 4.14059 -17.0258 3.85
      vertex 4.14059 -17.0258 3.05
    endloop
  endfacet
  facet normal 0.721218 0.692708 0
    outer loop
      vertex 4.10147 -16.9818 3.85
      vertex 4.06065 -16.9393 3.05
      vertex 4.06065 -16.9393 3.85
    endloop
  endfacet
  facet normal 0.721218 0.692708 0
    outer loop
      vertex 4.06065 -16.9393 3.05
      vertex 4.10147 -16.9818 3.85
      vertex 4.10147 -16.9818 3.05
    endloop
  endfacet
  facet normal 0.692871 0.721061 -0
    outer loop
      vertex 4.06065 -16.9393 3.05
      vertex 4.01819 -16.8985 3.85
      vertex 4.06065 -16.9393 3.85
    endloop
  endfacet
  facet normal 0.692871 0.721061 0
    outer loop
      vertex 4.01819 -16.8985 3.85
      vertex 4.06065 -16.9393 3.05
      vertex 4.01819 -16.8985 3.05
    endloop
  endfacet
  facet normal 0.66409 0.747653 -0
    outer loop
      vertex 4.01819 -16.8985 3.05
      vertex 3.97417 -16.8594 3.85
      vertex 4.01819 -16.8985 3.85
    endloop
  endfacet
  facet normal 0.66409 0.747653 0
    outer loop
      vertex 3.97417 -16.8594 3.85
      vertex 4.01819 -16.8985 3.05
      vertex 3.97417 -16.8594 3.05
    endloop
  endfacet
  facet normal 0.63466 0.772792 -0
    outer loop
      vertex 3.97417 -16.8594 3.05
      vertex 3.92863 -16.822 3.85
      vertex 3.97417 -16.8594 3.85
    endloop
  endfacet
  facet normal 0.63466 0.772792 0
    outer loop
      vertex 3.92863 -16.822 3.85
      vertex 3.97417 -16.8594 3.05
      vertex 3.92863 -16.822 3.05
    endloop
  endfacet
  facet normal 0.60304 0.797711 -0
    outer loop
      vertex 3.92863 -16.822 3.05
      vertex 3.88167 -16.7865 3.85
      vertex 3.92863 -16.822 3.85
    endloop
  endfacet
  facet normal 0.60304 0.797711 0
    outer loop
      vertex 3.88167 -16.7865 3.85
      vertex 3.92863 -16.822 3.05
      vertex 3.88167 -16.7865 3.05
    endloop
  endfacet
  facet normal 0.571969 0.820275 -0
    outer loop
      vertex 3.88167 -16.7865 3.05
      vertex 3.83334 -16.7528 3.85
      vertex 3.88167 -16.7865 3.85
    endloop
  endfacet
  facet normal 0.571969 0.820275 0
    outer loop
      vertex 3.83334 -16.7528 3.85
      vertex 3.88167 -16.7865 3.05
      vertex 3.83334 -16.7528 3.05
    endloop
  endfacet
  facet normal 0.538523 0.842611 -0
    outer loop
      vertex 3.83334 -16.7528 3.05
      vertex 3.78374 -16.7211 3.85
      vertex 3.83334 -16.7528 3.85
    endloop
  endfacet
  facet normal 0.538523 0.842611 0
    outer loop
      vertex 3.78374 -16.7211 3.85
      vertex 3.83334 -16.7528 3.05
      vertex 3.78374 -16.7211 3.05
    endloop
  endfacet
  facet normal 0.505907 0.862588 -0
    outer loop
      vertex 3.78374 -16.7211 3.05
      vertex 3.73293 -16.6913 3.85
      vertex 3.78374 -16.7211 3.85
    endloop
  endfacet
  facet normal 0.505907 0.862588 0
    outer loop
      vertex 3.73293 -16.6913 3.85
      vertex 3.78374 -16.7211 3.05
      vertex 3.73293 -16.6913 3.05
    endloop
  endfacet
  facet normal 0.471821 0.881694 -0
    outer loop
      vertex 3.73293 -16.6913 3.05
      vertex 3.68098 -16.6635 3.85
      vertex 3.73293 -16.6913 3.85
    endloop
  endfacet
  facet normal 0.471821 0.881694 0
    outer loop
      vertex 3.68098 -16.6635 3.85
      vertex 3.73293 -16.6913 3.05
      vertex 3.68098 -16.6635 3.05
    endloop
  endfacet
  facet normal 0.436315 0.899794 -0
    outer loop
      vertex 3.68098 -16.6635 3.05
      vertex 3.62798 -16.6378 3.85
      vertex 3.68098 -16.6635 3.85
    endloop
  endfacet
  facet normal 0.436315 0.899794 0
    outer loop
      vertex 3.62798 -16.6378 3.85
      vertex 3.68098 -16.6635 3.05
      vertex 3.62798 -16.6378 3.05
    endloop
  endfacet
  facet normal 0.400712 0.916204 -0
    outer loop
      vertex 3.62798 -16.6378 3.05
      vertex 3.57402 -16.6142 3.85
      vertex 3.62798 -16.6378 3.85
    endloop
  endfacet
  facet normal 0.400712 0.916204 0
    outer loop
      vertex 3.57402 -16.6142 3.85
      vertex 3.62798 -16.6378 3.05
      vertex 3.57402 -16.6142 3.05
    endloop
  endfacet
  facet normal 0.364943 0.93103 -0
    outer loop
      vertex 3.57402 -16.6142 3.05
      vertex 3.51917 -16.5927 3.85
      vertex 3.57402 -16.6142 3.85
    endloop
  endfacet
  facet normal 0.364943 0.93103 0
    outer loop
      vertex 3.51917 -16.5927 3.85
      vertex 3.57402 -16.6142 3.05
      vertex 3.51917 -16.5927 3.05
    endloop
  endfacet
  facet normal 0.327664 0.944794 -0
    outer loop
      vertex 3.51917 -16.5927 3.05
      vertex 3.46352 -16.5734 3.85
      vertex 3.51917 -16.5927 3.85
    endloop
  endfacet
  facet normal 0.327664 0.944794 0
    outer loop
      vertex 3.46352 -16.5734 3.85
      vertex 3.51917 -16.5927 3.05
      vertex 3.46352 -16.5734 3.05
    endloop
  endfacet
  facet normal 0.29029 0.956939 -0
    outer loop
      vertex 3.46352 -16.5734 3.05
      vertex 3.40715 -16.5563 3.85
      vertex 3.46352 -16.5734 3.85
    endloop
  endfacet
  facet normal 0.29029 0.956939 0
    outer loop
      vertex 3.40715 -16.5563 3.85
      vertex 3.46352 -16.5734 3.05
      vertex 3.40715 -16.5563 3.05
    endloop
  endfacet
  facet normal 0.251357 0.967894 -0
    outer loop
      vertex 3.40715 -16.5563 3.05
      vertex 3.35016 -16.5415 3.85
      vertex 3.40715 -16.5563 3.85
    endloop
  endfacet
  facet normal 0.251357 0.967894 0
    outer loop
      vertex 3.35016 -16.5415 3.85
      vertex 3.40715 -16.5563 3.05
      vertex 3.35016 -16.5415 3.05
    endloop
  endfacet
  facet normal 0.215564 0.97649 -0
    outer loop
      vertex 3.35016 -16.5415 3.05
      vertex 3.29263 -16.5288 3.85
      vertex 3.35016 -16.5415 3.85
    endloop
  endfacet
  facet normal 0.215564 0.97649 0
    outer loop
      vertex 3.29263 -16.5288 3.85
      vertex 3.35016 -16.5415 3.05
      vertex 3.29263 -16.5288 3.05
    endloop
  endfacet
  facet normal 0.174909 0.984585 -0
    outer loop
      vertex 3.29263 -16.5288 3.05
      vertex 3.23465 -16.5185 3.85
      vertex 3.29263 -16.5288 3.85
    endloop
  endfacet
  facet normal 0.174909 0.984585 0
    outer loop
      vertex 3.23465 -16.5185 3.85
      vertex 3.29263 -16.5288 3.05
      vertex 3.23465 -16.5185 3.05
    endloop
  endfacet
  facet normal 0.137499 0.990502 -0
    outer loop
      vertex 3.23465 -16.5185 3.05
      vertex 3.1763 -16.5104 3.85
      vertex 3.23465 -16.5185 3.85
    endloop
  endfacet
  facet normal 0.137499 0.990502 0
    outer loop
      vertex 3.1763 -16.5104 3.85
      vertex 3.23465 -16.5185 3.05
      vertex 3.1763 -16.5104 3.05
    endloop
  endfacet
  facet normal 0.0984616 0.995141 -0
    outer loop
      vertex 3.1763 -16.5104 3.05
      vertex 3.11768 -16.5046 3.85
      vertex 3.1763 -16.5104 3.85
    endloop
  endfacet
  facet normal 0.0984616 0.995141 0
    outer loop
      vertex 3.11768 -16.5046 3.85
      vertex 3.1763 -16.5104 3.05
      vertex 3.11768 -16.5046 3.05
    endloop
  endfacet
  facet normal 0.0577267 0.998332 -0
    outer loop
      vertex 3.11768 -16.5046 3.05
      vertex 3.05888 -16.5012 3.85
      vertex 3.11768 -16.5046 3.85
    endloop
  endfacet
  facet normal 0.0577267 0.998332 0
    outer loop
      vertex 3.05888 -16.5012 3.85
      vertex 3.11768 -16.5046 3.05
      vertex 3.05888 -16.5012 3.05
    endloop
  endfacet
  facet normal 0.0203762 0.999792 -0
    outer loop
      vertex 3.05888 -16.5012 3.05
      vertex 3 -16.5 3.85
      vertex 3.05888 -16.5012 3.85
    endloop
  endfacet
  facet normal 0.0203762 0.999792 0
    outer loop
      vertex 3 -16.5 3.85
      vertex 3.05888 -16.5012 3.05
      vertex 3 -16.5 3.05
    endloop
  endfacet
  facet normal 0 1 -0
    outer loop
      vertex 3 -16.5 3.05
      vertex -3 -16.5 3.85
      vertex 3 -16.5 3.85
    endloop
  endfacet
  facet normal 0 1 0
    outer loop
      vertex -3 -16.5 3.85
      vertex 3 -16.5 3.05
      vertex -3 -16.5 3.05
    endloop
  endfacet
  facet normal -0.0203762 0.999792 0
    outer loop
      vertex -3 -16.5 3.05
      vertex -3.05888 -16.5012 3.85
      vertex -3 -16.5 3.85
    endloop
  endfacet
  facet normal -0.0203762 0.999792 0
    outer loop
      vertex -3.05888 -16.5012 3.85
      vertex -3 -16.5 3.05
      vertex -3.05888 -16.5012 3.05
    endloop
  endfacet
  facet normal -0.0577267 0.998332 0
    outer loop
      vertex -3.05888 -16.5012 3.05
      vertex -3.11768 -16.5046 3.85
      vertex -3.05888 -16.5012 3.85
    endloop
  endfacet
  facet normal -0.0577267 0.998332 0
    outer loop
      vertex -3.11768 -16.5046 3.85
      vertex -3.05888 -16.5012 3.05
      vertex -3.11768 -16.5046 3.05
    endloop
  endfacet
  facet normal -0.0984616 0.995141 0
    outer loop
      vertex -3.11768 -16.5046 3.05
      vertex -3.1763 -16.5104 3.85
      vertex -3.11768 -16.5046 3.85
    endloop
  endfacet
  facet normal -0.0984616 0.995141 0
    outer loop
      vertex -3.1763 -16.5104 3.85
      vertex -3.11768 -16.5046 3.05
      vertex -3.1763 -16.5104 3.05
    endloop
  endfacet
  facet normal -0.137499 0.990502 0
    outer loop
      vertex -3.1763 -16.5104 3.05
      vertex -3.23465 -16.5185 3.85
      vertex -3.1763 -16.5104 3.85
    endloop
  endfacet
  facet normal -0.137499 0.990502 0
    outer loop
      vertex -3.23465 -16.5185 3.85
      vertex -3.1763 -16.5104 3.05
      vertex -3.23465 -16.5185 3.05
    endloop
  endfacet
  facet normal -0.174909 0.984585 0
    outer loop
      vertex -3.23465 -16.5185 3.05
      vertex -3.29263 -16.5288 3.85
      vertex -3.23465 -16.5185 3.85
    endloop
  endfacet
  facet normal -0.174909 0.984585 0
    outer loop
      vertex -3.29263 -16.5288 3.85
      vertex -3.23465 -16.5185 3.05
      vertex -3.29263 -16.5288 3.05
    endloop
  endfacet
  facet normal -0.215564 0.97649 0
    outer loop
      vertex -3.29263 -16.5288 3.05
      vertex -3.35016 -16.5415 3.85
      vertex -3.29263 -16.5288 3.85
    endloop
  endfacet
  facet normal -0.215564 0.97649 0
    outer loop
      vertex -3.35016 -16.5415 3.85
      vertex -3.29263 -16.5288 3.05
      vertex -3.35016 -16.5415 3.05
    endloop
  endfacet
  facet normal -0.251357 0.967894 0
    outer loop
      vertex -3.35016 -16.5415 3.05
      vertex -3.40715 -16.5563 3.85
      vertex -3.35016 -16.5415 3.85
    endloop
  endfacet
  facet normal -0.251357 0.967894 0
    outer loop
      vertex -3.40715 -16.5563 3.85
      vertex -3.35016 -16.5415 3.05
      vertex -3.40715 -16.5563 3.05
    endloop
  endfacet
  facet normal -0.29029 0.956939 0
    outer loop
      vertex -3.40715 -16.5563 3.05
      vertex -3.46352 -16.5734 3.85
      vertex -3.40715 -16.5563 3.85
    endloop
  endfacet
  facet normal -0.29029 0.956939 0
    outer loop
      vertex -3.46352 -16.5734 3.85
      vertex -3.40715 -16.5563 3.05
      vertex -3.46352 -16.5734 3.05
    endloop
  endfacet
  facet normal -0.327664 0.944794 0
    outer loop
      vertex -3.46352 -16.5734 3.05
      vertex -3.51917 -16.5927 3.85
      vertex -3.46352 -16.5734 3.85
    endloop
  endfacet
  facet normal -0.327664 0.944794 0
    outer loop
      vertex -3.51917 -16.5927 3.85
      vertex -3.46352 -16.5734 3.05
      vertex -3.51917 -16.5927 3.05
    endloop
  endfacet
  facet normal -0.364943 0.93103 0
    outer loop
      vertex -3.51917 -16.5927 3.05
      vertex -3.57402 -16.6142 3.85
      vertex -3.51917 -16.5927 3.85
    endloop
  endfacet
  facet normal -0.364943 0.93103 0
    outer loop
      vertex -3.57402 -16.6142 3.85
      vertex -3.51917 -16.5927 3.05
      vertex -3.57402 -16.6142 3.05
    endloop
  endfacet
  facet normal -0.400712 0.916204 0
    outer loop
      vertex -3.57402 -16.6142 3.05
      vertex -3.62798 -16.6378 3.85
      vertex -3.57402 -16.6142 3.85
    endloop
  endfacet
  facet normal -0.400712 0.916204 0
    outer loop
      vertex -3.62798 -16.6378 3.85
      vertex -3.57402 -16.6142 3.05
      vertex -3.62798 -16.6378 3.05
    endloop
  endfacet
  facet normal -0.436315 0.899794 0
    outer loop
      vertex -3.62798 -16.6378 3.05
      vertex -3.68098 -16.6635 3.85
      vertex -3.62798 -16.6378 3.85
    endloop
  endfacet
  facet normal -0.436315 0.899794 0
    outer loop
      vertex -3.68098 -16.6635 3.85
      vertex -3.62798 -16.6378 3.05
      vertex -3.68098 -16.6635 3.05
    endloop
  endfacet
  facet normal -0.471821 0.881694 0
    outer loop
      vertex -3.68098 -16.6635 3.05
      vertex -3.73293 -16.6913 3.85
      vertex -3.68098 -16.6635 3.85
    endloop
  endfacet
  facet normal -0.471821 0.881694 0
    outer loop
      vertex -3.73293 -16.6913 3.85
      vertex -3.68098 -16.6635 3.05
      vertex -3.73293 -16.6913 3.05
    endloop
  endfacet
  facet normal -0.505907 0.862588 0
    outer loop
      vertex -3.73293 -16.6913 3.05
      vertex -3.78374 -16.7211 3.85
      vertex -3.73293 -16.6913 3.85
    endloop
  endfacet
  facet normal -0.505907 0.862588 0
    outer loop
      vertex -3.78374 -16.7211 3.85
      vertex -3.73293 -16.6913 3.05
      vertex -3.78374 -16.7211 3.05
    endloop
  endfacet
  facet normal -0.538523 0.842611 0
    outer loop
      vertex -3.78374 -16.7211 3.05
      vertex -3.83334 -16.7528 3.85
      vertex -3.78374 -16.7211 3.85
    endloop
  endfacet
  facet normal -0.538523 0.842611 0
    outer loop
      vertex -3.83334 -16.7528 3.85
      vertex -3.78374 -16.7211 3.05
      vertex -3.83334 -16.7528 3.05
    endloop
  endfacet
  facet normal -0.571969 0.820275 0
    outer loop
      vertex -3.83334 -16.7528 3.05
      vertex -3.88167 -16.7865 3.85
      vertex -3.83334 -16.7528 3.85
    endloop
  endfacet
  facet normal -0.571969 0.820275 0
    outer loop
      vertex -3.88167 -16.7865 3.85
      vertex -3.83334 -16.7528 3.05
      vertex -3.88167 -16.7865 3.05
    endloop
  endfacet
  facet normal -0.60304 0.797711 0
    outer loop
      vertex -3.88167 -16.7865 3.05
      vertex -3.92863 -16.822 3.85
      vertex -3.88167 -16.7865 3.85
    endloop
  endfacet
  facet normal -0.60304 0.797711 0
    outer loop
      vertex -3.92863 -16.822 3.85
      vertex -3.88167 -16.7865 3.05
      vertex -3.92863 -16.822 3.05
    endloop
  endfacet
  facet normal -0.63466 0.772792 0
    outer loop
      vertex -3.92863 -16.822 3.05
      vertex -3.97417 -16.8594 3.85
      vertex -3.92863 -16.822 3.85
    endloop
  endfacet
  facet normal -0.63466 0.772792 0
    outer loop
      vertex -3.97417 -16.8594 3.85
      vertex -3.92863 -16.822 3.05
      vertex -3.97417 -16.8594 3.05
    endloop
  endfacet
  facet normal -0.66409 0.747653 0
    outer loop
      vertex -3.97417 -16.8594 3.05
      vertex -4.01819 -16.8985 3.85
      vertex -3.97417 -16.8594 3.85
    endloop
  endfacet
  facet normal -0.66409 0.747653 0
    outer loop
      vertex -4.01819 -16.8985 3.85
      vertex -3.97417 -16.8594 3.05
      vertex -4.01819 -16.8985 3.05
    endloop
  endfacet
  facet normal -0.692871 0.721061 0
    outer loop
      vertex -4.01819 -16.8985 3.05
      vertex -4.06065 -16.9393 3.85
      vertex -4.01819 -16.8985 3.85
    endloop
  endfacet
  facet normal -0.692871 0.721061 0
    outer loop
      vertex -4.06065 -16.9393 3.85
      vertex -4.01819 -16.8985 3.05
      vertex -4.06065 -16.9393 3.05
    endloop
  endfacet
  facet normal -0.721218 0.692708 0
    outer loop
      vertex -4.10147 -16.9818 3.05
      vertex -4.06065 -16.9393 3.85
      vertex -4.06065 -16.9393 3.05
    endloop
  endfacet
  facet normal -0.721218 0.692708 0
    outer loop
      vertex -4.06065 -16.9393 3.85
      vertex -4.10147 -16.9818 3.05
      vertex -4.10147 -16.9818 3.85
    endloop
  endfacet
  facet normal -0.747334 0.664448 0
    outer loop
      vertex -4.14059 -17.0258 3.05
      vertex -4.10147 -16.9818 3.85
      vertex -4.10147 -16.9818 3.05
    endloop
  endfacet
  facet normal -0.747334 0.664448 0
    outer loop
      vertex -4.10147 -16.9818 3.85
      vertex -4.14059 -17.0258 3.05
      vertex -4.14059 -17.0258 3.85
    endloop
  endfacet
  facet normal -0.773451 0.633856 0
    outer loop
      vertex -4.17796 -17.0714 3.05
      vertex -4.14059 -17.0258 3.85
      vertex -4.14059 -17.0258 3.05
    endloop
  endfacet
  facet normal -0.773451 0.633856 0
    outer loop
      vertex -4.14059 -17.0258 3.85
      vertex -4.17796 -17.0714 3.05
      vertex -4.17796 -17.0714 3.85
    endloop
  endfacet
  facet normal -0.796849 0.604178 0
    outer loop
      vertex -4.21352 -17.1183 3.05
      vertex -4.17796 -17.0714 3.85
      vertex -4.17796 -17.0714 3.05
    endloop
  endfacet
  facet normal -0.796849 0.604178 0
    outer loop
      vertex -4.17796 -17.0714 3.85
      vertex -4.21352 -17.1183 3.05
      vertex -4.21352 -17.1183 3.85
    endloop
  endfacet
  facet normal -0.820902 0.571069 0
    outer loop
      vertex -4.24719 -17.1667 3.05
      vertex -4.21352 -17.1183 3.85
      vertex -4.21352 -17.1183 3.05
    endloop
  endfacet
  facet normal -0.820902 0.571069 0
    outer loop
      vertex -4.21352 -17.1183 3.85
      vertex -4.24719 -17.1667 3.05
      vertex -4.24719 -17.1667 3.85
    endloop
  endfacet
  facet normal -0.842148 0.539246 0
    outer loop
      vertex -4.27895 -17.2163 3.05
      vertex -4.24719 -17.1667 3.85
      vertex -4.24719 -17.1667 3.05
    endloop
  endfacet
  facet normal -0.842148 0.539246 0
    outer loop
      vertex -4.24719 -17.1667 3.85
      vertex -4.27895 -17.2163 3.05
      vertex -4.27895 -17.2163 3.85
    endloop
  endfacet
  facet normal -0.862693 0.505728 0
    outer loop
      vertex -4.30873 -17.2671 3.05
      vertex -4.27895 -17.2163 3.85
      vertex -4.27895 -17.2163 3.05
    endloop
  endfacet
  facet normal -0.862693 0.505728 0
    outer loop
      vertex -4.27895 -17.2163 3.85
      vertex -4.30873 -17.2671 3.05
      vertex -4.30873 -17.2671 3.85
    endloop
  endfacet
  facet normal -0.881717 0.471778 0
    outer loop
      vertex -4.3365 -17.319 3.05
      vertex -4.30873 -17.2671 3.85
      vertex -4.30873 -17.2671 3.05
    endloop
  endfacet
  facet normal -0.881717 0.471778 0
    outer loop
      vertex -4.30873 -17.2671 3.85
      vertex -4.3365 -17.319 3.05
      vertex -4.3365 -17.319 3.85
    endloop
  endfacet
  facet normal -0.899727 0.436453 0
    outer loop
      vertex -4.36221 -17.372 3.05
      vertex -4.3365 -17.319 3.85
      vertex -4.3365 -17.319 3.05
    endloop
  endfacet
  facet normal -0.899727 0.436453 0
    outer loop
      vertex -4.3365 -17.319 3.85
      vertex -4.36221 -17.372 3.05
      vertex -4.36221 -17.372 3.85
    endloop
  endfacet
  facet normal -0.916251 0.400605 0
    outer loop
      vertex -4.38582 -17.426 3.05
      vertex -4.36221 -17.372 3.85
      vertex -4.36221 -17.372 3.05
    endloop
  endfacet
  facet normal -0.916251 0.400605 0
    outer loop
      vertex -4.36221 -17.372 3.85
      vertex -4.38582 -17.426 3.05
      vertex -4.38582 -17.426 3.85
    endloop
  endfacet
  facet normal -0.931205 0.364495 0
    outer loop
      vertex -4.40727 -17.4808 3.05
      vertex -4.38582 -17.426 3.85
      vertex -4.38582 -17.426 3.05
    endloop
  endfacet
  facet normal -0.931205 0.364495 0
    outer loop
      vertex -4.38582 -17.426 3.85
      vertex -4.40727 -17.4808 3.05
      vertex -4.40727 -17.4808 3.85
    endloop
  endfacet
  facet normal -0.944885 0.327402 0
    outer loop
      vertex -4.42657 -17.5365 3.05
      vertex -4.40727 -17.4808 3.85
      vertex -4.40727 -17.4808 3.05
    endloop
  endfacet
  facet normal -0.944885 0.327402 0
    outer loop
      vertex -4.40727 -17.4808 3.85
      vertex -4.42657 -17.5365 3.05
      vertex -4.42657 -17.5365 3.85
    endloop
  endfacet
  facet normal -0.956791 0.290776 0
    outer loop
      vertex -4.44368 -17.5928 3.05
      vertex -4.42657 -17.5365 3.85
      vertex -4.42657 -17.5365 3.05
    endloop
  endfacet
  facet normal -0.956791 0.290776 0
    outer loop
      vertex -4.42657 -17.5365 3.85
      vertex -4.44368 -17.5928 3.05
      vertex -4.44368 -17.5928 3.85
    endloop
  endfacet
  facet normal -0.967657 0.25227 0
    outer loop
      vertex -4.45854 -17.6498 3.05
      vertex -4.44368 -17.5928 3.85
      vertex -4.44368 -17.5928 3.05
    endloop
  endfacet
  facet normal -0.967657 0.25227 0
    outer loop
      vertex -4.44368 -17.5928 3.85
      vertex -4.45854 -17.6498 3.05
      vertex -4.45854 -17.6498 3.85
    endloop
  endfacet
  facet normal -0.976758 0.214344 0
    outer loop
      vertex -4.47118 -17.7074 3.05
      vertex -4.45854 -17.6498 3.85
      vertex -4.45854 -17.6498 3.05
    endloop
  endfacet
  facet normal -0.976758 0.214344 0
    outer loop
      vertex -4.45854 -17.6498 3.85
      vertex -4.47118 -17.7074 3.05
      vertex -4.47118 -17.7074 3.85
    endloop
  endfacet
  facet normal -0.984478 0.175509 0
    outer loop
      vertex -4.48152 -17.7654 3.05
      vertex -4.47118 -17.7074 3.85
      vertex -4.47118 -17.7074 3.05
    endloop
  endfacet
  facet normal -0.984478 0.175509 0
    outer loop
      vertex -4.47118 -17.7074 3.85
      vertex -4.48152 -17.7654 3.05
      vertex -4.48152 -17.7654 3.85
    endloop
  endfacet
  facet normal -0.990555 0.137115 0
    outer loop
      vertex -4.48959 -17.8237 3.05
      vertex -4.48152 -17.7654 3.85
      vertex -4.48152 -17.7654 3.05
    endloop
  endfacet
  facet normal -0.990555 0.137115 0
    outer loop
      vertex -4.48152 -17.7654 3.85
      vertex -4.48959 -17.8237 3.05
      vertex -4.48959 -17.8237 3.85
    endloop
  endfacet
  facet normal -0.995187 0.0979903 0
    outer loop
      vertex -4.49536 -17.8823 3.05
      vertex -4.48959 -17.8237 3.85
      vertex -4.48959 -17.8237 3.05
    endloop
  endfacet
  facet normal -0.995187 0.0979903 0
    outer loop
      vertex -4.48959 -17.8237 3.85
      vertex -4.49536 -17.8823 3.05
      vertex -4.49536 -17.8823 3.85
    endloop
  endfacet
  facet normal -0.998253 0.0590803 0
    outer loop
      vertex -4.49884 -17.9411 3.05
      vertex -4.49536 -17.8823 3.85
      vertex -4.49536 -17.8823 3.05
    endloop
  endfacet
  facet normal -0.998253 0.0590803 0
    outer loop
      vertex -4.49536 -17.8823 3.85
      vertex -4.49884 -17.9411 3.05
      vertex -4.49884 -17.9411 3.85
    endloop
  endfacet
  facet normal -0.999806 0.0196906 0
    outer loop
      vertex -4.5 -18 3.05
      vertex -4.49884 -17.9411 3.85
      vertex -4.49884 -17.9411 3.05
    endloop
  endfacet
  facet normal -0.999806 0.0196906 0
    outer loop
      vertex -4.49884 -17.9411 3.85
      vertex -4.5 -18 3.05
      vertex -4.5 -18 3.85
    endloop
  endfacet
  facet normal -1 0 0
    outer loop
      vertex -4.5 -19 3.05
      vertex -4.5 -18 3.85
      vertex -4.5 -18 3.05
    endloop
  endfacet
  facet normal -1 -0 0
    outer loop
      vertex -4.5 -18 3.85
      vertex -4.5 -19 3.05
      vertex -4.5 -19 3.85
    endloop
  endfacet
  facet normal 0 -1 0
    outer loop
      vertex -4.5 -19 3.05
      vertex -3.75 -19 3.85
      vertex -4.5 -19 3.85
    endloop
  endfacet
  facet normal 0 -1 -0
    outer loop
      vertex -3.75 -19 3.85
      vertex -4.5 -19 3.05
      vertex -3.75 -19 3.05
    endloop
  endfacet
  facet normal 1 -0 0
    outer loop
      vertex -3.75 -19 3.85
      vertex -3.75 -18.25 3.05
      vertex -3.75 -18.25 3.85
    endloop
  endfacet
  facet normal 1 0 0
    outer loop
      vertex -3.75 -18.25 3.05
      vertex -3.75 -19 3.85
      vertex -3.75 -19 3.05
    endloop
  endfacet
  facet normal 0.999802 -0.019894 0
    outer loop
      vertex -3.75 -18.25 3.85
      vertex -3.74922 -18.2108 3.05
      vertex -3.74922 -18.2108 3.85
    endloop
  endfacet
  facet normal 0.999802 -0.019894 0
    outer loop
      vertex -3.74922 -18.2108 3.05
      vertex -3.75 -18.25 3.85
      vertex -3.75 -18.25 3.05
    endloop
  endfacet
  facet normal 0.998253 -0.0590803 0
    outer loop
      vertex -3.74922 -18.2108 3.85
      vertex -3.7469 -18.1716 3.05
      vertex -3.7469 -18.1716 3.85
    endloop
  endfacet
  facet normal 0.998253 -0.0590803 0
    outer loop
      vertex -3.7469 -18.1716 3.05
      vertex -3.74922 -18.2108 3.85
      vertex -3.74922 -18.2108 3.05
    endloop
  endfacet
  facet normal 0.995212 -0.0977395 0
    outer loop
      vertex -3.7469 -18.1716 3.85
      vertex -3.74306 -18.1325 3.05
      vertex -3.74306 -18.1325 3.85
    endloop
  endfacet
  facet normal 0.995212 -0.0977395 0
    outer loop
      vertex -3.74306 -18.1325 3.05
      vertex -3.7469 -18.1716 3.85
      vertex -3.7469 -18.1716 3.05
    endloop
  endfacet
  facet normal 0.990606 -0.136749 0
    outer loop
      vertex -3.74306 -18.1325 3.85
      vertex -3.73769 -18.0936 3.05
      vertex -3.73769 -18.0936 3.85
    endloop
  endfacet
  facet normal 0.990606 -0.136749 0
    outer loop
      vertex -3.73769 -18.0936 3.05
      vertex -3.74306 -18.1325 3.85
      vertex -3.74306 -18.1325 3.05
    endloop
  endfacet
  facet normal 0.984387 -0.17602 0
    outer loop
      vertex -3.73769 -18.0936 3.85
      vertex -3.73077 -18.0549 3.05
      vertex -3.73077 -18.0549 3.85
    endloop
  endfacet
  facet normal 0.984387 -0.17602 0
    outer loop
      vertex -3.73077 -18.0549 3.05
      vertex -3.73769 -18.0936 3.85
      vertex -3.73769 -18.0936 3.05
    endloop
  endfacet
  facet normal 0.976783 -0.214229 0
    outer loop
      vertex -3.73077 -18.0549 3.85
      vertex -3.72237 -18.0166 3.05
      vertex -3.72237 -18.0166 3.85
    endloop
  endfacet
  facet normal 0.976783 -0.214229 0
    outer loop
      vertex -3.72237 -18.0166 3.05
      vertex -3.73077 -18.0549 3.85
      vertex -3.73077 -18.0549 3.05
    endloop
  endfacet
  facet normal 0.967574 -0.252588 0
    outer loop
      vertex -3.72237 -18.0166 3.85
      vertex -3.71245 -17.9786 3.05
      vertex -3.71245 -17.9786 3.85
    endloop
  endfacet
  facet normal 0.967574 -0.252588 0
    outer loop
      vertex -3.71245 -17.9786 3.05
      vertex -3.72237 -18.0166 3.85
      vertex -3.72237 -18.0166 3.05
    endloop
  endfacet
  facet normal 0.956982 -0.290149 0
    outer loop
      vertex -3.71245 -17.9786 3.85
      vertex -3.70105 -17.941 3.05
      vertex -3.70105 -17.941 3.85
    endloop
  endfacet
  facet normal 0.956982 -0.290149 0
    outer loop
      vertex -3.70105 -17.941 3.05
      vertex -3.71245 -17.9786 3.85
      vertex -3.71245 -17.9786 3.05
    endloop
  endfacet
  facet normal 0.944847 -0.327513 0
    outer loop
      vertex -3.70105 -17.941 3.85
      vertex -3.68819 -17.9039 3.05
      vertex -3.68819 -17.9039 3.85
    endloop
  endfacet
  facet normal 0.944847 -0.327513 0
    outer loop
      vertex -3.68819 -17.9039 3.05
      vertex -3.70105 -17.941 3.85
      vertex -3.70105 -17.941 3.05
    endloop
  endfacet
  facet normal 0.931258 -0.364361 0
    outer loop
      vertex -3.68819 -17.9039 3.85
      vertex -3.67387 -17.8673 3.05
      vertex -3.67387 -17.8673 3.85
    endloop
  endfacet
  facet normal 0.931258 -0.364361 0
    outer loop
      vertex -3.67387 -17.8673 3.05
      vertex -3.68819 -17.9039 3.85
      vertex -3.68819 -17.9039 3.05
    endloop
  endfacet
  facet normal 0.916344 -0.400391 0
    outer loop
      vertex -3.67387 -17.8673 3.85
      vertex -3.65814 -17.8313 3.05
      vertex -3.65814 -17.8313 3.85
    endloop
  endfacet
  facet normal 0.916344 -0.400391 0
    outer loop
      vertex -3.65814 -17.8313 3.05
      vertex -3.67387 -17.8673 3.85
      vertex -3.67387 -17.8673 3.05
    endloop
  endfacet
  facet normal 0.899665 -0.43658 0
    outer loop
      vertex -3.65814 -17.8313 3.85
      vertex -3.64101 -17.796 3.05
      vertex -3.64101 -17.796 3.85
    endloop
  endfacet
  facet normal 0.899665 -0.43658 0
    outer loop
      vertex -3.64101 -17.796 3.05
      vertex -3.65814 -17.8313 3.85
      vertex -3.65814 -17.8313 3.05
    endloop
  endfacet
  facet normal 0.881541 -0.472108 0
    outer loop
      vertex -3.64101 -17.796 3.85
      vertex -3.62248 -17.7614 3.05
      vertex -3.62248 -17.7614 3.85
    endloop
  endfacet
  facet normal 0.881541 -0.472108 0
    outer loop
      vertex -3.62248 -17.7614 3.05
      vertex -3.64101 -17.796 3.85
      vertex -3.64101 -17.796 3.05
    endloop
  endfacet
  facet normal 0.862947 -0.505295 0
    outer loop
      vertex -3.62248 -17.7614 3.85
      vertex -3.60263 -17.7275 3.05
      vertex -3.60263 -17.7275 3.85
    endloop
  endfacet
  facet normal 0.862947 -0.505295 0
    outer loop
      vertex -3.60263 -17.7275 3.05
      vertex -3.62248 -17.7614 3.85
      vertex -3.62248 -17.7614 3.05
    endloop
  endfacet
  facet normal 0.842549 -0.53862 0
    outer loop
      vertex -3.60263 -17.7275 3.85
      vertex -3.58147 -17.6944 3.05
      vertex -3.58147 -17.6944 3.85
    endloop
  endfacet
  facet normal 0.842549 -0.53862 0
    outer loop
      vertex -3.58147 -17.6944 3.05
      vertex -3.60263 -17.7275 3.85
      vertex -3.60263 -17.7275 3.05
    endloop
  endfacet
  facet normal 0.820188 -0.572094 0
    outer loop
      vertex -3.58147 -17.6944 3.85
      vertex -3.55901 -17.6622 3.05
      vertex -3.55901 -17.6622 3.85
    endloop
  endfacet
  facet normal 0.820188 -0.572094 0
    outer loop
      vertex -3.55901 -17.6622 3.05
      vertex -3.58147 -17.6944 3.85
      vertex -3.58147 -17.6944 3.05
    endloop
  endfacet
  facet normal 0.797241 -0.603662 0
    outer loop
      vertex -3.55901 -17.6622 3.85
      vertex -3.53531 -17.6309 3.05
      vertex -3.53531 -17.6309 3.85
    endloop
  endfacet
  facet normal 0.797241 -0.603662 0
    outer loop
      vertex -3.53531 -17.6309 3.05
      vertex -3.55901 -17.6622 3.85
      vertex -3.55901 -17.6622 3.05
    endloop
  endfacet
  facet normal 0.772342 -0.635207 0
    outer loop
      vertex -3.53531 -17.6309 3.85
      vertex -3.51039 -17.6006 3.05
      vertex -3.51039 -17.6006 3.85
    endloop
  endfacet
  facet normal 0.772342 -0.635207 0
    outer loop
      vertex -3.51039 -17.6006 3.05
      vertex -3.53531 -17.6309 3.85
      vertex -3.53531 -17.6309 3.05
    endloop
  endfacet
  facet normal 0.748083 -0.663605 0
    outer loop
      vertex -3.51039 -17.6006 3.85
      vertex -3.48431 -17.5712 3.05
      vertex -3.48431 -17.5712 3.85
    endloop
  endfacet
  facet normal 0.748083 -0.663605 0
    outer loop
      vertex -3.48431 -17.5712 3.05
      vertex -3.51039 -17.6006 3.85
      vertex -3.51039 -17.6006 3.05
    endloop
  endfacet
  facet normal 0.720725 -0.693221 0
    outer loop
      vertex -3.48431 -17.5712 3.85
      vertex -3.45709 -17.5429 3.05
      vertex -3.45709 -17.5429 3.85
    endloop
  endfacet
  facet normal 0.720725 -0.693221 0
    outer loop
      vertex -3.45709 -17.5429 3.05
      vertex -3.48431 -17.5712 3.85
      vertex -3.48431 -17.5712 3.05
    endloop
  endfacet
  facet normal 0.692956 -0.72098 0
    outer loop
      vertex -3.45709 -17.5429 3.05
      vertex -3.42879 -17.5157 3.85
      vertex -3.45709 -17.5429 3.85
    endloop
  endfacet
  facet normal 0.692956 -0.72098 0
    outer loop
      vertex -3.42879 -17.5157 3.85
      vertex -3.45709 -17.5429 3.05
      vertex -3.42879 -17.5157 3.05
    endloop
  endfacet
  facet normal 0.664522 -0.747269 0
    outer loop
      vertex -3.42879 -17.5157 3.05
      vertex -3.39944 -17.4896 3.85
      vertex -3.42879 -17.5157 3.85
    endloop
  endfacet
  facet normal 0.664522 -0.747269 0
    outer loop
      vertex -3.39944 -17.4896 3.85
      vertex -3.42879 -17.5157 3.05
      vertex -3.39944 -17.4896 3.05
    endloop
  endfacet
  facet normal 0.634153 -0.773208 0
    outer loop
      vertex -3.39944 -17.4896 3.05
      vertex -3.36908 -17.4647 3.85
      vertex -3.39944 -17.4896 3.85
    endloop
  endfacet
  facet normal 0.634153 -0.773208 0
    outer loop
      vertex -3.36908 -17.4647 3.85
      vertex -3.39944 -17.4896 3.05
      vertex -3.36908 -17.4647 3.05
    endloop
  endfacet
  facet normal 0.603662 -0.797241 0
    outer loop
      vertex -3.36908 -17.4647 3.05
      vertex -3.33778 -17.441 3.85
      vertex -3.36908 -17.4647 3.85
    endloop
  endfacet
  facet normal 0.603662 -0.797241 0
    outer loop
      vertex -3.33778 -17.441 3.85
      vertex -3.36908 -17.4647 3.05
      vertex -3.33778 -17.441 3.05
    endloop
  endfacet
  facet normal 0.57254 -0.819877 0
    outer loop
      vertex -3.33778 -17.441 3.05
      vertex -3.30556 -17.4185 3.85
      vertex -3.33778 -17.441 3.85
    endloop
  endfacet
  facet normal 0.57254 -0.819877 0
    outer loop
      vertex -3.30556 -17.4185 3.85
      vertex -3.33778 -17.441 3.05
      vertex -3.30556 -17.4185 3.05
    endloop
  endfacet
  facet normal 0.537881 -0.843021 0
    outer loop
      vertex -3.30556 -17.4185 3.05
      vertex -3.27249 -17.3974 3.85
      vertex -3.30556 -17.4185 3.85
    endloop
  endfacet
  facet normal 0.537881 -0.843021 0
    outer loop
      vertex -3.27249 -17.3974 3.85
      vertex -3.30556 -17.4185 3.05
      vertex -3.27249 -17.3974 3.05
    endloop
  endfacet
  facet normal 0.506575 -0.862196 0
    outer loop
      vertex -3.27249 -17.3974 3.05
      vertex -3.23862 -17.3775 3.85
      vertex -3.27249 -17.3974 3.85
    endloop
  endfacet
  facet normal 0.506575 -0.862196 0
    outer loop
      vertex -3.23862 -17.3775 3.85
      vertex -3.27249 -17.3974 3.05
      vertex -3.23862 -17.3775 3.05
    endloop
  endfacet
  facet normal 0.47109 -0.882085 0
    outer loop
      vertex -3.23862 -17.3775 3.05
      vertex -3.20398 -17.359 3.85
      vertex -3.23862 -17.3775 3.85
    endloop
  endfacet
  facet normal 0.47109 -0.882085 0
    outer loop
      vertex -3.20398 -17.359 3.85
      vertex -3.23862 -17.3775 3.05
      vertex -3.20398 -17.359 3.05
    endloop
  endfacet
  facet normal 0.435761 -0.900063 0
    outer loop
      vertex -3.20398 -17.359 3.05
      vertex -3.16866 -17.3419 3.85
      vertex -3.20398 -17.359 3.85
    endloop
  endfacet
  facet normal 0.435761 -0.900063 0
    outer loop
      vertex -3.16866 -17.3419 3.85
      vertex -3.20398 -17.359 3.05
      vertex -3.16866 -17.3419 3.05
    endloop
  endfacet
  facet normal 0.402073 -0.915607 0
    outer loop
      vertex -3.16866 -17.3419 3.05
      vertex -3.13268 -17.3261 3.85
      vertex -3.16866 -17.3419 3.85
    endloop
  endfacet
  facet normal 0.402073 -0.915607 0
    outer loop
      vertex -3.13268 -17.3261 3.85
      vertex -3.16866 -17.3419 3.05
      vertex -3.13268 -17.3261 3.05
    endloop
  endfacet
  facet normal 0.364265 -0.931295 0
    outer loop
      vertex -3.13268 -17.3261 3.05
      vertex -3.09612 -17.3118 3.85
      vertex -3.13268 -17.3261 3.85
    endloop
  endfacet
  facet normal 0.364265 -0.931295 0
    outer loop
      vertex -3.09612 -17.3118 3.85
      vertex -3.13268 -17.3261 3.05
      vertex -3.09612 -17.3118 3.05
    endloop
  endfacet
  facet normal 0.326069 -0.945346 0
    outer loop
      vertex -3.09612 -17.3118 3.05
      vertex -3.05901 -17.299 3.85
      vertex -3.09612 -17.3118 3.85
    endloop
  endfacet
  facet normal 0.326069 -0.945346 0
    outer loop
      vertex -3.05901 -17.299 3.85
      vertex -3.09612 -17.3118 3.05
      vertex -3.05901 -17.299 3.05
    endloop
  endfacet
  facet normal 0.290361 -0.956917 0
    outer loop
      vertex -3.05901 -17.299 3.05
      vertex -3.02144 -17.2876 3.85
      vertex -3.05901 -17.299 3.85
    endloop
  endfacet
  facet normal 0.290361 -0.956917 0
    outer loop
      vertex -3.02144 -17.2876 3.85
      vertex -3.05901 -17.299 3.05
      vertex -3.02144 -17.2876 3.05
    endloop
  endfacet
  facet normal 0.254493 -0.967075 0
    outer loop
      vertex -3.02144 -17.2876 3.05
      vertex -2.98344 -17.2776 3.85
      vertex -3.02144 -17.2876 3.85
    endloop
  endfacet
  facet normal 0.254493 -0.967075 0
    outer loop
      vertex -2.98344 -17.2776 3.85
      vertex -3.02144 -17.2876 3.05
      vertex -2.98344 -17.2776 3.05
    endloop
  endfacet
  facet normal 0.21391 -0.976853 0
    outer loop
      vertex -2.98344 -17.2776 3.05
      vertex -2.94508 -17.2692 3.85
      vertex -2.98344 -17.2776 3.85
    endloop
  endfacet
  facet normal 0.21391 -0.976853 0
    outer loop
      vertex -2.94508 -17.2692 3.85
      vertex -2.98344 -17.2776 3.05
      vertex -2.94508 -17.2692 3.05
    endloop
  endfacet
  facet normal 0.175747 -0.984435 0
    outer loop
      vertex -2.94508 -17.2692 3.05
      vertex -2.90643 -17.2623 3.85
      vertex -2.94508 -17.2692 3.85
    endloop
  endfacet
  facet normal 0.175747 -0.984435 0
    outer loop
      vertex -2.90643 -17.2623 3.85
      vertex -2.94508 -17.2692 3.05
      vertex -2.90643 -17.2623 3.05
    endloop
  endfacet
  facet normal 0.137464 -0.990507 0
    outer loop
      vertex -2.90643 -17.2623 3.05
      vertex -2.86752 -17.2569 3.85
      vertex -2.90643 -17.2623 3.85
    endloop
  endfacet
  facet normal 0.137464 -0.990507 0
    outer loop
      vertex -2.86752 -17.2569 3.85
      vertex -2.90643 -17.2623 3.05
      vertex -2.86752 -17.2569 3.05
    endloop
  endfacet
  facet normal 0.0968045 -0.995303 0
    outer loop
      vertex -2.86752 -17.2569 3.05
      vertex -2.82845 -17.2531 3.85
      vertex -2.86752 -17.2569 3.85
    endloop
  endfacet
  facet normal 0.0968045 -0.995303 0
    outer loop
      vertex -2.82845 -17.2531 3.85
      vertex -2.86752 -17.2569 3.05
      vertex -2.82845 -17.2531 3.05
    endloop
  endfacet
  facet normal 0.0585727 -0.998283 0
    outer loop
      vertex -2.82845 -17.2531 3.05
      vertex -2.78925 -17.2508 3.85
      vertex -2.82845 -17.2531 3.85
    endloop
  endfacet
  facet normal 0.0585727 -0.998283 0
    outer loop
      vertex -2.78925 -17.2508 3.85
      vertex -2.82845 -17.2531 3.05
      vertex -2.78925 -17.2508 3.05
    endloop
  endfacet
  facet normal 0.0203779 -0.999792 0
    outer loop
      vertex -2.78925 -17.2508 3.05
      vertex -2.75 -17.25 3.85
      vertex -2.78925 -17.2508 3.85
    endloop
  endfacet
  facet normal 0.0203779 -0.999792 0
    outer loop
      vertex -2.75 -17.25 3.85
      vertex -2.78925 -17.2508 3.05
      vertex -2.75 -17.25 3.05
    endloop
  endfacet
  facet normal 0 -1 0
    outer loop
      vertex -2.75 -17.25 3.05
      vertex 2.75 -17.25 3.85
      vertex -2.75 -17.25 3.85
    endloop
  endfacet
  facet normal 0 -1 -0
    outer loop
      vertex 2.75 -17.25 3.85
      vertex -2.75 -17.25 3.05
      vertex 2.75 -17.25 3.05
    endloop
  endfacet
  facet normal -0.0203779 -0.999792 0
    outer loop
      vertex 2.75 -17.25 3.05
      vertex 2.78925 -17.2508 3.85
      vertex 2.75 -17.25 3.85
    endloop
  endfacet
  facet normal -0.0203779 -0.999792 -0
    outer loop
      vertex 2.78925 -17.2508 3.85
      vertex 2.75 -17.25 3.05
      vertex 2.78925 -17.2508 3.05
    endloop
  endfacet
  facet normal -0.0585727 -0.998283 0
    outer loop
      vertex 2.78925 -17.2508 3.05
      vertex 2.82845 -17.2531 3.85
      vertex 2.78925 -17.2508 3.85
    endloop
  endfacet
  facet normal -0.0585727 -0.998283 -0
    outer loop
      vertex 2.82845 -17.2531 3.85
      vertex 2.78925 -17.2508 3.05
      vertex 2.82845 -17.2531 3.05
    endloop
  endfacet
  facet normal -0.0968045 -0.995303 0
    outer loop
      vertex 2.82845 -17.2531 3.05
      vertex 2.86752 -17.2569 3.85
      vertex 2.82845 -17.2531 3.85
    endloop
  endfacet
  facet normal -0.0968045 -0.995303 -0
    outer loop
      vertex 2.86752 -17.2569 3.85
      vertex 2.82845 -17.2531 3.05
      vertex 2.86752 -17.2569 3.05
    endloop
  endfacet
  facet normal -0.137464 -0.990507 0
    outer loop
      vertex 2.86752 -17.2569 3.05
      vertex 2.90643 -17.2623 3.85
      vertex 2.86752 -17.2569 3.85
    endloop
  endfacet
  facet normal -0.137464 -0.990507 -0
    outer loop
      vertex 2.90643 -17.2623 3.85
      vertex 2.86752 -17.2569 3.05
      vertex 2.90643 -17.2623 3.05
    endloop
  endfacet
  facet normal -0.175747 -0.984435 0
    outer loop
      vertex 2.90643 -17.2623 3.05
      vertex 2.94508 -17.2692 3.85
      vertex 2.90643 -17.2623 3.85
    endloop
  endfacet
  facet normal -0.175747 -0.984435 -0
    outer loop
      vertex 2.94508 -17.2692 3.85
      vertex 2.90643 -17.2623 3.05
      vertex 2.94508 -17.2692 3.05
    endloop
  endfacet
  facet normal -0.21391 -0.976853 0
    outer loop
      vertex 2.94508 -17.2692 3.05
      vertex 2.98344 -17.2776 3.85
      vertex 2.94508 -17.2692 3.85
    endloop
  endfacet
  facet normal -0.21391 -0.976853 -0
    outer loop
      vertex 2.98344 -17.2776 3.85
      vertex 2.94508 -17.2692 3.05
      vertex 2.98344 -17.2776 3.05
    endloop
  endfacet
  facet normal -0.254493 -0.967075 0
    outer loop
      vertex 2.98344 -17.2776 3.05
      vertex 3.02144 -17.2876 3.85
      vertex 2.98344 -17.2776 3.85
    endloop
  endfacet
  facet normal -0.254493 -0.967075 -0
    outer loop
      vertex 3.02144 -17.2876 3.85
      vertex 2.98344 -17.2776 3.05
      vertex 3.02144 -17.2876 3.05
    endloop
  endfacet
  facet normal -0.290361 -0.956917 0
    outer loop
      vertex 3.02144 -17.2876 3.05
      vertex 3.05901 -17.299 3.85
      vertex 3.02144 -17.2876 3.85
    endloop
  endfacet
  facet normal -0.290361 -0.956917 -0
    outer loop
      vertex 3.05901 -17.299 3.85
      vertex 3.02144 -17.2876 3.05
      vertex 3.05901 -17.299 3.05
    endloop
  endfacet
  facet normal -0.326069 -0.945346 0
    outer loop
      vertex 3.05901 -17.299 3.05
      vertex 3.09612 -17.3118 3.85
      vertex 3.05901 -17.299 3.85
    endloop
  endfacet
  facet normal -0.326069 -0.945346 -0
    outer loop
      vertex 3.09612 -17.3118 3.85
      vertex 3.05901 -17.299 3.05
      vertex 3.09612 -17.3118 3.05
    endloop
  endfacet
  facet normal -0.364265 -0.931295 0
    outer loop
      vertex 3.09612 -17.3118 3.05
      vertex 3.13268 -17.3261 3.85
      vertex 3.09612 -17.3118 3.85
    endloop
  endfacet
  facet normal -0.364265 -0.931295 -0
    outer loop
      vertex 3.13268 -17.3261 3.85
      vertex 3.09612 -17.3118 3.05
      vertex 3.13268 -17.3261 3.05
    endloop
  endfacet
  facet normal -0.402073 -0.915607 0
    outer loop
      vertex 3.13268 -17.3261 3.05
      vertex 3.16866 -17.3419 3.85
      vertex 3.13268 -17.3261 3.85
    endloop
  endfacet
  facet normal -0.402073 -0.915607 -0
    outer loop
      vertex 3.16866 -17.3419 3.85
      vertex 3.13268 -17.3261 3.05
      vertex 3.16866 -17.3419 3.05
    endloop
  endfacet
  facet normal -0.435761 -0.900063 0
    outer loop
      vertex 3.16866 -17.3419 3.05
      vertex 3.20398 -17.359 3.85
      vertex 3.16866 -17.3419 3.85
    endloop
  endfacet
  facet normal -0.435761 -0.900063 -0
    outer loop
      vertex 3.20398 -17.359 3.85
      vertex 3.16866 -17.3419 3.05
      vertex 3.20398 -17.359 3.05
    endloop
  endfacet
  facet normal -0.47109 -0.882085 0
    outer loop
      vertex 3.20398 -17.359 3.05
      vertex 3.23862 -17.3775 3.85
      vertex 3.20398 -17.359 3.85
    endloop
  endfacet
  facet normal -0.47109 -0.882085 -0
    outer loop
      vertex 3.23862 -17.3775 3.85
      vertex 3.20398 -17.359 3.05
      vertex 3.23862 -17.3775 3.05
    endloop
  endfacet
  facet normal -0.506575 -0.862196 0
    outer loop
      vertex 3.23862 -17.3775 3.05
      vertex 3.27249 -17.3974 3.85
      vertex 3.23862 -17.3775 3.85
    endloop
  endfacet
  facet normal -0.506575 -0.862196 -0
    outer loop
      vertex 3.27249 -17.3974 3.85
      vertex 3.23862 -17.3775 3.05
      vertex 3.27249 -17.3974 3.05
    endloop
  endfacet
  facet normal -0.537881 -0.843021 0
    outer loop
      vertex 3.27249 -17.3974 3.05
      vertex 3.30556 -17.4185 3.85
      vertex 3.27249 -17.3974 3.85
    endloop
  endfacet
  facet normal -0.537881 -0.843021 -0
    outer loop
      vertex 3.30556 -17.4185 3.85
      vertex 3.27249 -17.3974 3.05
      vertex 3.30556 -17.4185 3.05
    endloop
  endfacet
  facet normal -0.57254 -0.819877 0
    outer loop
      vertex 3.30556 -17.4185 3.05
      vertex 3.33778 -17.441 3.85
      vertex 3.30556 -17.4185 3.85
    endloop
  endfacet
  facet normal -0.57254 -0.819877 -0
    outer loop
      vertex 3.33778 -17.441 3.85
      vertex 3.30556 -17.4185 3.05
      vertex 3.33778 -17.441 3.05
    endloop
  endfacet
  facet normal -0.603662 -0.797241 0
    outer loop
      vertex 3.33778 -17.441 3.05
      vertex 3.36908 -17.4647 3.85
      vertex 3.33778 -17.441 3.85
    endloop
  endfacet
  facet normal -0.603662 -0.797241 -0
    outer loop
      vertex 3.36908 -17.4647 3.85
      vertex 3.33778 -17.441 3.05
      vertex 3.36908 -17.4647 3.05
    endloop
  endfacet
  facet normal -0.634153 -0.773208 0
    outer loop
      vertex 3.36908 -17.4647 3.05
      vertex 3.39944 -17.4896 3.85
      vertex 3.36908 -17.4647 3.85
    endloop
  endfacet
  facet normal -0.634153 -0.773208 -0
    outer loop
      vertex 3.39944 -17.4896 3.85
      vertex 3.36908 -17.4647 3.05
      vertex 3.39944 -17.4896 3.05
    endloop
  endfacet
  facet normal -0.664522 -0.747269 0
    outer loop
      vertex 3.39944 -17.4896 3.05
      vertex 3.42879 -17.5157 3.85
      vertex 3.39944 -17.4896 3.85
    endloop
  endfacet
  facet normal -0.664522 -0.747269 -0
    outer loop
      vertex 3.42879 -17.5157 3.85
      vertex 3.39944 -17.4896 3.05
      vertex 3.42879 -17.5157 3.05
    endloop
  endfacet
  facet normal -0.692956 -0.72098 0
    outer loop
      vertex 3.42879 -17.5157 3.05
      vertex 3.45709 -17.5429 3.85
      vertex 3.42879 -17.5157 3.85
    endloop
  endfacet
  facet normal -0.692956 -0.72098 -0
    outer loop
      vertex 3.45709 -17.5429 3.85
      vertex 3.42879 -17.5157 3.05
      vertex 3.45709 -17.5429 3.05
    endloop
  endfacet
  facet normal -0.720725 -0.693221 0
    outer loop
      vertex 3.48431 -17.5712 3.05
      vertex 3.45709 -17.5429 3.85
      vertex 3.45709 -17.5429 3.05
    endloop
  endfacet
  facet normal -0.720725 -0.693221 0
    outer loop
      vertex 3.45709 -17.5429 3.85
      vertex 3.48431 -17.5712 3.05
      vertex 3.48431 -17.5712 3.85
    endloop
  endfacet
  facet normal -0.748083 -0.663605 0
    outer loop
      vertex 3.51039 -17.6006 3.05
      vertex 3.48431 -17.5712 3.85
      vertex 3.48431 -17.5712 3.05
    endloop
  endfacet
  facet normal -0.748083 -0.663605 0
    outer loop
      vertex 3.48431 -17.5712 3.85
      vertex 3.51039 -17.6006 3.05
      vertex 3.51039 -17.6006 3.85
    endloop
  endfacet
  facet normal -0.772342 -0.635207 0
    outer loop
      vertex 3.53531 -17.6309 3.05
      vertex 3.51039 -17.6006 3.85
      vertex 3.51039 -17.6006 3.05
    endloop
  endfacet
  facet normal -0.772342 -0.635207 0
    outer loop
      vertex 3.51039 -17.6006 3.85
      vertex 3.53531 -17.6309 3.05
      vertex 3.53531 -17.6309 3.85
    endloop
  endfacet
  facet normal -0.797241 -0.603662 0
    outer loop
      vertex 3.55901 -17.6622 3.05
      vertex 3.53531 -17.6309 3.85
      vertex 3.53531 -17.6309 3.05
    endloop
  endfacet
  facet normal -0.797241 -0.603662 0
    outer loop
      vertex 3.53531 -17.6309 3.85
      vertex 3.55901 -17.6622 3.05
      vertex 3.55901 -17.6622 3.85
    endloop
  endfacet
  facet normal -0.820188 -0.572094 0
    outer loop
      vertex 3.58147 -17.6944 3.05
      vertex 3.55901 -17.6622 3.85
      vertex 3.55901 -17.6622 3.05
    endloop
  endfacet
  facet normal -0.820188 -0.572094 0
    outer loop
      vertex 3.55901 -17.6622 3.85
      vertex 3.58147 -17.6944 3.05
      vertex 3.58147 -17.6944 3.85
    endloop
  endfacet
  facet normal -0.842549 -0.53862 0
    outer loop
      vertex 3.60263 -17.7275 3.05
      vertex 3.58147 -17.6944 3.85
      vertex 3.58147 -17.6944 3.05
    endloop
  endfacet
  facet normal -0.842549 -0.53862 0
    outer loop
      vertex 3.58147 -17.6944 3.85
      vertex 3.60263 -17.7275 3.05
      vertex 3.60263 -17.7275 3.85
    endloop
  endfacet
  facet normal -0.862947 -0.505295 0
    outer loop
      vertex 3.62248 -17.7614 3.05
      vertex 3.60263 -17.7275 3.85
      vertex 3.60263 -17.7275 3.05
    endloop
  endfacet
  facet normal -0.862947 -0.505295 0
    outer loop
      vertex 3.60263 -17.7275 3.85
      vertex 3.62248 -17.7614 3.05
      vertex 3.62248 -17.7614 3.85
    endloop
  endfacet
  facet normal -0.881541 -0.472108 0
    outer loop
      vertex 3.64101 -17.796 3.05
      vertex 3.62248 -17.7614 3.85
      vertex 3.62248 -17.7614 3.05
    endloop
  endfacet
  facet normal -0.881541 -0.472108 0
    outer loop
      vertex 3.62248 -17.7614 3.85
      vertex 3.64101 -17.796 3.05
      vertex 3.64101 -17.796 3.85
    endloop
  endfacet
  facet normal -0.899665 -0.43658 0
    outer loop
      vertex 3.65814 -17.8313 3.05
      vertex 3.64101 -17.796 3.85
      vertex 3.64101 -17.796 3.05
    endloop
  endfacet
  facet normal -0.899665 -0.43658 0
    outer loop
      vertex 3.64101 -17.796 3.85
      vertex 3.65814 -17.8313 3.05
      vertex 3.65814 -17.8313 3.85
    endloop
  endfacet
  facet normal -0.916344 -0.400391 0
    outer loop
      vertex 3.67387 -17.8673 3.05
      vertex 3.65814 -17.8313 3.85
      vertex 3.65814 -17.8313 3.05
    endloop
  endfacet
  facet normal -0.916344 -0.400391 0
    outer loop
      vertex 3.65814 -17.8313 3.85
      vertex 3.67387 -17.8673 3.05
      vertex 3.67387 -17.8673 3.85
    endloop
  endfacet
  facet normal -0.931258 -0.364361 0
    outer loop
      vertex 3.68819 -17.9039 3.05
      vertex 3.67387 -17.8673 3.85
      vertex 3.67387 -17.8673 3.05
    endloop
  endfacet
  facet normal -0.931258 -0.364361 0
    outer loop
      vertex 3.67387 -17.8673 3.85
      vertex 3.68819 -17.9039 3.05
      vertex 3.68819 -17.9039 3.85
    endloop
  endfacet
  facet normal -0.944847 -0.327513 0
    outer loop
      vertex 3.70105 -17.941 3.05
      vertex 3.68819 -17.9039 3.85
      vertex 3.68819 -17.9039 3.05
    endloop
  endfacet
  facet normal -0.944847 -0.327513 0
    outer loop
      vertex 3.68819 -17.9039 3.85
      vertex 3.70105 -17.941 3.05
      vertex 3.70105 -17.941 3.85
    endloop
  endfacet
  facet normal -0.956982 -0.290149 0
    outer loop
      vertex 3.71245 -17.9786 3.05
      vertex 3.70105 -17.941 3.85
      vertex 3.70105 -17.941 3.05
    endloop
  endfacet
  facet normal -0.956982 -0.290149 0
    outer loop
      vertex 3.70105 -17.941 3.85
      vertex 3.71245 -17.9786 3.05
      vertex 3.71245 -17.9786 3.85
    endloop
  endfacet
  facet normal -0.967574 -0.252588 0
    outer loop
      vertex 3.72237 -18.0166 3.05
      vertex 3.71245 -17.9786 3.85
      vertex 3.71245 -17.9786 3.05
    endloop
  endfacet
  facet normal -0.967574 -0.252588 0
    outer loop
      vertex 3.71245 -17.9786 3.85
      vertex 3.72237 -18.0166 3.05
      vertex 3.72237 -18.0166 3.85
    endloop
  endfacet
  facet normal -0.976783 -0.214229 0
    outer loop
      vertex 3.73077 -18.0549 3.05
      vertex 3.72237 -18.0166 3.85
      vertex 3.72237 -18.0166 3.05
    endloop
  endfacet
  facet normal -0.976783 -0.214229 0
    outer loop
      vertex 3.72237 -18.0166 3.85
      vertex 3.73077 -18.0549 3.05
      vertex 3.73077 -18.0549 3.85
    endloop
  endfacet
  facet normal -0.984387 -0.17602 0
    outer loop
      vertex 3.73769 -18.0936 3.05
      vertex 3.73077 -18.0549 3.85
      vertex 3.73077 -18.0549 3.05
    endloop
  endfacet
  facet normal -0.984387 -0.17602 0
    outer loop
      vertex 3.73077 -18.0549 3.85
      vertex 3.73769 -18.0936 3.05
      vertex 3.73769 -18.0936 3.85
    endloop
  endfacet
  facet normal -0.990606 -0.136749 0
    outer loop
      vertex 3.74306 -18.1325 3.05
      vertex 3.73769 -18.0936 3.85
      vertex 3.73769 -18.0936 3.05
    endloop
  endfacet
  facet normal -0.990606 -0.136749 0
    outer loop
      vertex 3.73769 -18.0936 3.85
      vertex 3.74306 -18.1325 3.05
      vertex 3.74306 -18.1325 3.85
    endloop
  endfacet
  facet normal -0.995212 -0.0977395 0
    outer loop
      vertex 3.7469 -18.1716 3.05
      vertex 3.74306 -18.1325 3.85
      vertex 3.74306 -18.1325 3.05
    endloop
  endfacet
  facet normal -0.995212 -0.0977395 0
    outer loop
      vertex 3.74306 -18.1325 3.85
      vertex 3.7469 -18.1716 3.05
      vertex 3.7469 -18.1716 3.85
    endloop
  endfacet
  facet normal -0.998253 -0.0590803 0
    outer loop
      vertex 3.74922 -18.2108 3.05
      vertex 3.7469 -18.1716 3.85
      vertex 3.7469 -18.1716 3.05
    endloop
  endfacet
  facet normal -0.998253 -0.0590803 0
    outer loop
      vertex 3.7469 -18.1716 3.85
      vertex 3.74922 -18.2108 3.05
      vertex 3.74922 -18.2108 3.85
    endloop
  endfacet
  facet normal -0.999802 -0.019894 0
    outer loop
      vertex 3.75 -18.25 3.05
      vertex 3.74922 -18.2108 3.85
      vertex 3.74922 -18.2108 3.05
    endloop
  endfacet
  facet normal -0.999802 -0.019894 0
    outer loop
      vertex 3.74922 -18.2108 3.85
      vertex 3.75 -18.25 3.05
      vertex 3.75 -18.25 3.85
    endloop
  endfacet
  facet normal -1 0 0
    outer loop
      vertex 3.75 -19 3.05
      vertex 3.75 -18.25 3.85
      vertex 3.75 -18.25 3.05
    endloop
  endfacet
  facet normal -1 -0 0
    outer loop
      vertex 3.75 -18.25 3.85
      vertex 3.75 -19 3.05
      vertex 3.75 -19 3.85
    endloop
  endfacet
  facet normal 0 -1 0
    outer loop
      vertex 3.75 -19 3.05
      vertex 4.5 -19 3.85
      vertex 3.75 -19 3.85
    endloop
  endfacet
  facet normal 0 -1 -0
    outer loop
      vertex 4.5 -19 3.85
      vertex 3.75 -19 3.05
      vertex 4.5 -19 3.05
    endloop
  endfacet
  facet normal 1 -0 0
    outer loop
      vertex 4.5 -19 3.85
      vertex 4.5 -18 3.05
      vertex 4.5 -18 3.85
    endloop
  endfacet
  facet normal 1 0 0
    outer loop
      vertex 4.5 -18 3.05
      vertex 4.5 -19 3.85
      vertex 4.5 -19 3.05
    endloop
  endfacet
  facet normal 0.0577267 -0.998332 0
    outer loop
      vertex 3.05888 -23.4988 3.05
      vertex 3.11768 -23.4954 3.85
      vertex 3.05888 -23.4988 3.85
    endloop
  endfacet
  facet normal 0.0577267 -0.998332 0
    outer loop
      vertex 3.11768 -23.4954 3.85
      vertex 3.05888 -23.4988 3.05
      vertex 3.11768 -23.4954 3.05
    endloop
  endfacet
  facet normal 0.0984616 -0.995141 0
    outer loop
      vertex 3.11768 -23.4954 3.05
      vertex 3.1763 -23.4896 3.85
      vertex 3.11768 -23.4954 3.85
    endloop
  endfacet
  facet normal 0.0984616 -0.995141 0
    outer loop
      vertex 3.1763 -23.4896 3.85
      vertex 3.11768 -23.4954 3.05
      vertex 3.1763 -23.4896 3.05
    endloop
  endfacet
  facet normal 0.137499 -0.990502 0
    outer loop
      vertex 3.1763 -23.4896 3.05
      vertex 3.23465 -23.4815 3.85
      vertex 3.1763 -23.4896 3.85
    endloop
  endfacet
  facet normal 0.137499 -0.990502 0
    outer loop
      vertex 3.23465 -23.4815 3.85
      vertex 3.1763 -23.4896 3.05
      vertex 3.23465 -23.4815 3.05
    endloop
  endfacet
  facet normal 0.174909 -0.984585 0
    outer loop
      vertex 3.23465 -23.4815 3.05
      vertex 3.29263 -23.4712 3.85
      vertex 3.23465 -23.4815 3.85
    endloop
  endfacet
  facet normal 0.174909 -0.984585 0
    outer loop
      vertex 3.29263 -23.4712 3.85
      vertex 3.23465 -23.4815 3.05
      vertex 3.29263 -23.4712 3.05
    endloop
  endfacet
  facet normal 0.215564 -0.97649 0
    outer loop
      vertex 3.29263 -23.4712 3.05
      vertex 3.35016 -23.4585 3.85
      vertex 3.29263 -23.4712 3.85
    endloop
  endfacet
  facet normal 0.215564 -0.97649 0
    outer loop
      vertex 3.35016 -23.4585 3.85
      vertex 3.29263 -23.4712 3.05
      vertex 3.35016 -23.4585 3.05
    endloop
  endfacet
  facet normal 0.251357 -0.967894 0
    outer loop
      vertex 3.35016 -23.4585 3.05
      vertex 3.40715 -23.4437 3.85
      vertex 3.35016 -23.4585 3.85
    endloop
  endfacet
  facet normal 0.251357 -0.967894 0
    outer loop
      vertex 3.40715 -23.4437 3.85
      vertex 3.35016 -23.4585 3.05
      vertex 3.40715 -23.4437 3.05
    endloop
  endfacet
  facet normal 0.29029 -0.956939 0
    outer loop
      vertex 3.40715 -23.4437 3.05
      vertex 3.46352 -23.4266 3.85
      vertex 3.40715 -23.4437 3.85
    endloop
  endfacet
  facet normal 0.29029 -0.956939 0
    outer loop
      vertex 3.46352 -23.4266 3.85
      vertex 3.40715 -23.4437 3.05
      vertex 3.46352 -23.4266 3.05
    endloop
  endfacet
  facet normal 0.327664 -0.944794 0
    outer loop
      vertex 3.46352 -23.4266 3.05
      vertex 3.51917 -23.4073 3.85
      vertex 3.46352 -23.4266 3.85
    endloop
  endfacet
  facet normal 0.327664 -0.944794 0
    outer loop
      vertex 3.51917 -23.4073 3.85
      vertex 3.46352 -23.4266 3.05
      vertex 3.51917 -23.4073 3.05
    endloop
  endfacet
  facet normal 0.364943 -0.93103 0
    outer loop
      vertex 3.51917 -23.4073 3.05
      vertex 3.57402 -23.3858 3.85
      vertex 3.51917 -23.4073 3.85
    endloop
  endfacet
  facet normal 0.364943 -0.93103 0
    outer loop
      vertex 3.57402 -23.3858 3.85
      vertex 3.51917 -23.4073 3.05
      vertex 3.57402 -23.3858 3.05
    endloop
  endfacet
  facet normal 0.400712 -0.916204 0
    outer loop
      vertex 3.57402 -23.3858 3.05
      vertex 3.62798 -23.3622 3.85
      vertex 3.57402 -23.3858 3.85
    endloop
  endfacet
  facet normal 0.400712 -0.916204 0
    outer loop
      vertex 3.62798 -23.3622 3.85
      vertex 3.57402 -23.3858 3.05
      vertex 3.62798 -23.3622 3.05
    endloop
  endfacet
  facet normal 0.436315 -0.899794 0
    outer loop
      vertex 3.62798 -23.3622 3.05
      vertex 3.68098 -23.3365 3.85
      vertex 3.62798 -23.3622 3.85
    endloop
  endfacet
  facet normal 0.436315 -0.899794 0
    outer loop
      vertex 3.68098 -23.3365 3.85
      vertex 3.62798 -23.3622 3.05
      vertex 3.68098 -23.3365 3.05
    endloop
  endfacet
  facet normal 0.471821 -0.881694 0
    outer loop
      vertex 3.68098 -23.3365 3.05
      vertex 3.73293 -23.3087 3.85
      vertex 3.68098 -23.3365 3.85
    endloop
  endfacet
  facet normal 0.471821 -0.881694 0
    outer loop
      vertex 3.73293 -23.3087 3.85
      vertex 3.68098 -23.3365 3.05
      vertex 3.73293 -23.3087 3.05
    endloop
  endfacet
  facet normal 0.505907 -0.862588 0
    outer loop
      vertex 3.73293 -23.3087 3.05
      vertex 3.78374 -23.2789 3.85
      vertex 3.73293 -23.3087 3.85
    endloop
  endfacet
  facet normal 0.505907 -0.862588 0
    outer loop
      vertex 3.78374 -23.2789 3.85
      vertex 3.73293 -23.3087 3.05
      vertex 3.78374 -23.2789 3.05
    endloop
  endfacet
  facet normal 0.538523 -0.842611 0
    outer loop
      vertex 3.78374 -23.2789 3.05
      vertex 3.83334 -23.2472 3.85
      vertex 3.78374 -23.2789 3.85
    endloop
  endfacet
  facet normal 0.538523 -0.842611 0
    outer loop
      vertex 3.83334 -23.2472 3.85
      vertex 3.78374 -23.2789 3.05
      vertex 3.83334 -23.2472 3.05
    endloop
  endfacet
  facet normal 0.571969 -0.820275 0
    outer loop
      vertex 3.83334 -23.2472 3.05
      vertex 3.88167 -23.2135 3.85
      vertex 3.83334 -23.2472 3.85
    endloop
  endfacet
  facet normal 0.571969 -0.820275 0
    outer loop
      vertex 3.88167 -23.2135 3.85
      vertex 3.83334 -23.2472 3.05
      vertex 3.88167 -23.2135 3.05
    endloop
  endfacet
  facet normal 0.60304 -0.797711 0
    outer loop
      vertex 3.88167 -23.2135 3.05
      vertex 3.92863 -23.178 3.85
      vertex 3.88167 -23.2135 3.85
    endloop
  endfacet
  facet normal 0.60304 -0.797711 0
    outer loop
      vertex 3.92863 -23.178 3.85
      vertex 3.88167 -23.2135 3.05
      vertex 3.92863 -23.178 3.05
    endloop
  endfacet
  facet normal 0.63466 -0.772792 0
    outer loop
      vertex 3.92863 -23.178 3.05
      vertex 3.97417 -23.1406 3.85
      vertex 3.92863 -23.178 3.85
    endloop
  endfacet
  facet normal 0.63466 -0.772792 0
    outer loop
      vertex 3.97417 -23.1406 3.85
      vertex 3.92863 -23.178 3.05
      vertex 3.97417 -23.1406 3.05
    endloop
  endfacet
  facet normal 0.66409 -0.747653 0
    outer loop
      vertex 3.97417 -23.1406 3.05
      vertex 4.01819 -23.1015 3.85
      vertex 3.97417 -23.1406 3.85
    endloop
  endfacet
  facet normal 0.66409 -0.747653 0
    outer loop
      vertex 4.01819 -23.1015 3.85
      vertex 3.97417 -23.1406 3.05
      vertex 4.01819 -23.1015 3.05
    endloop
  endfacet
  facet normal 0.692871 -0.721061 0
    outer loop
      vertex 4.01819 -23.1015 3.05
      vertex 4.06065 -23.0607 3.85
      vertex 4.01819 -23.1015 3.85
    endloop
  endfacet
  facet normal 0.692871 -0.721061 0
    outer loop
      vertex 4.06065 -23.0607 3.85
      vertex 4.01819 -23.1015 3.05
      vertex 4.06065 -23.0607 3.05
    endloop
  endfacet
  facet normal 0.721218 -0.692708 0
    outer loop
      vertex 4.06065 -23.0607 3.85
      vertex 4.10147 -23.0182 3.05
      vertex 4.10147 -23.0182 3.85
    endloop
  endfacet
  facet normal 0.721218 -0.692708 0
    outer loop
      vertex 4.10147 -23.0182 3.05
      vertex 4.06065 -23.0607 3.85
      vertex 4.06065 -23.0607 3.05
    endloop
  endfacet
  facet normal 0.747334 -0.664448 0
    outer loop
      vertex 4.10147 -23.0182 3.85
      vertex 4.14059 -22.9742 3.05
      vertex 4.14059 -22.9742 3.85
    endloop
  endfacet
  facet normal 0.747334 -0.664448 0
    outer loop
      vertex 4.14059 -22.9742 3.05
      vertex 4.10147 -23.0182 3.85
      vertex 4.10147 -23.0182 3.05
    endloop
  endfacet
  facet normal 0.773451 -0.633856 0
    outer loop
      vertex 4.14059 -22.9742 3.85
      vertex 4.17796 -22.9286 3.05
      vertex 4.17796 -22.9286 3.85
    endloop
  endfacet
  facet normal 0.773451 -0.633856 0
    outer loop
      vertex 4.17796 -22.9286 3.05
      vertex 4.14059 -22.9742 3.85
      vertex 4.14059 -22.9742 3.05
    endloop
  endfacet
  facet normal 0.796849 -0.604178 0
    outer loop
      vertex 4.17796 -22.9286 3.85
      vertex 4.21352 -22.8817 3.05
      vertex 4.21352 -22.8817 3.85
    endloop
  endfacet
  facet normal 0.796849 -0.604178 0
    outer loop
      vertex 4.21352 -22.8817 3.05
      vertex 4.17796 -22.9286 3.85
      vertex 4.17796 -22.9286 3.05
    endloop
  endfacet
  facet normal 0.820902 -0.571069 0
    outer loop
      vertex 4.21352 -22.8817 3.85
      vertex 4.24719 -22.8333 3.05
      vertex 4.24719 -22.8333 3.85
    endloop
  endfacet
  facet normal 0.820902 -0.571069 0
    outer loop
      vertex 4.24719 -22.8333 3.05
      vertex 4.21352 -22.8817 3.85
      vertex 4.21352 -22.8817 3.05
    endloop
  endfacet
  facet normal 0.842148 -0.539246 0
    outer loop
      vertex 4.24719 -22.8333 3.85
      vertex 4.27895 -22.7837 3.05
      vertex 4.27895 -22.7837 3.85
    endloop
  endfacet
  facet normal 0.842148 -0.539246 0
    outer loop
      vertex 4.27895 -22.7837 3.05
      vertex 4.24719 -22.8333 3.85
      vertex 4.24719 -22.8333 3.05
    endloop
  endfacet
  facet normal 0.862693 -0.505728 0
    outer loop
      vertex 4.27895 -22.7837 3.85
      vertex 4.30873 -22.7329 3.05
      vertex 4.30873 -22.7329 3.85
    endloop
  endfacet
  facet normal 0.862693 -0.505728 0
    outer loop
      vertex 4.30873 -22.7329 3.05
      vertex 4.27895 -22.7837 3.85
      vertex 4.27895 -22.7837 3.05
    endloop
  endfacet
  facet normal 0.881717 -0.471778 0
    outer loop
      vertex 4.30873 -22.7329 3.85
      vertex 4.3365 -22.681 3.05
      vertex 4.3365 -22.681 3.85
    endloop
  endfacet
  facet normal 0.881717 -0.471778 0
    outer loop
      vertex 4.3365 -22.681 3.05
      vertex 4.30873 -22.7329 3.85
      vertex 4.30873 -22.7329 3.05
    endloop
  endfacet
  facet normal 0.899727 -0.436453 0
    outer loop
      vertex 4.3365 -22.681 3.85
      vertex 4.36221 -22.628 3.05
      vertex 4.36221 -22.628 3.85
    endloop
  endfacet
  facet normal 0.899727 -0.436453 0
    outer loop
      vertex 4.36221 -22.628 3.05
      vertex 4.3365 -22.681 3.85
      vertex 4.3365 -22.681 3.05
    endloop
  endfacet
  facet normal 0.916251 -0.400605 0
    outer loop
      vertex 4.36221 -22.628 3.85
      vertex 4.38582 -22.574 3.05
      vertex 4.38582 -22.574 3.85
    endloop
  endfacet
  facet normal 0.916251 -0.400605 0
    outer loop
      vertex 4.38582 -22.574 3.05
      vertex 4.36221 -22.628 3.85
      vertex 4.36221 -22.628 3.05
    endloop
  endfacet
  facet normal 0.931205 -0.364495 0
    outer loop
      vertex 4.38582 -22.574 3.85
      vertex 4.40727 -22.5192 3.05
      vertex 4.40727 -22.5192 3.85
    endloop
  endfacet
  facet normal 0.931205 -0.364495 0
    outer loop
      vertex 4.40727 -22.5192 3.05
      vertex 4.38582 -22.574 3.85
      vertex 4.38582 -22.574 3.05
    endloop
  endfacet
  facet normal 0.944885 -0.327402 0
    outer loop
      vertex 4.40727 -22.5192 3.85
      vertex 4.42657 -22.4635 3.05
      vertex 4.42657 -22.4635 3.85
    endloop
  endfacet
  facet normal 0.944885 -0.327402 0
    outer loop
      vertex 4.42657 -22.4635 3.05
      vertex 4.40727 -22.5192 3.85
      vertex 4.40727 -22.5192 3.05
    endloop
  endfacet
  facet normal 0.956791 -0.290776 0
    outer loop
      vertex 4.42657 -22.4635 3.85
      vertex 4.44368 -22.4072 3.05
      vertex 4.44368 -22.4072 3.85
    endloop
  endfacet
  facet normal 0.956791 -0.290776 0
    outer loop
      vertex 4.44368 -22.4072 3.05
      vertex 4.42657 -22.4635 3.85
      vertex 4.42657 -22.4635 3.05
    endloop
  endfacet
  facet normal 0.967657 -0.25227 0
    outer loop
      vertex 4.44368 -22.4072 3.85
      vertex 4.45854 -22.3502 3.05
      vertex 4.45854 -22.3502 3.85
    endloop
  endfacet
  facet normal 0.967657 -0.25227 0
    outer loop
      vertex 4.45854 -22.3502 3.05
      vertex 4.44368 -22.4072 3.85
      vertex 4.44368 -22.4072 3.05
    endloop
  endfacet
  facet normal 0.976758 -0.214344 0
    outer loop
      vertex 4.45854 -22.3502 3.85
      vertex 4.47118 -22.2926 3.05
      vertex 4.47118 -22.2926 3.85
    endloop
  endfacet
  facet normal 0.976758 -0.214344 0
    outer loop
      vertex 4.47118 -22.2926 3.05
      vertex 4.45854 -22.3502 3.85
      vertex 4.45854 -22.3502 3.05
    endloop
  endfacet
  facet normal 0.984478 -0.175509 0
    outer loop
      vertex 4.47118 -22.2926 3.85
      vertex 4.48152 -22.2346 3.05
      vertex 4.48152 -22.2346 3.85
    endloop
  endfacet
  facet normal 0.984478 -0.175509 0
    outer loop
      vertex 4.48152 -22.2346 3.05
      vertex 4.47118 -22.2926 3.85
      vertex 4.47118 -22.2926 3.05
    endloop
  endfacet
  facet normal 0.990555 -0.137115 0
    outer loop
      vertex 4.48152 -22.2346 3.85
      vertex 4.48959 -22.1763 3.05
      vertex 4.48959 -22.1763 3.85
    endloop
  endfacet
  facet normal 0.990555 -0.137115 0
    outer loop
      vertex 4.48959 -22.1763 3.05
      vertex 4.48152 -22.2346 3.85
      vertex 4.48152 -22.2346 3.05
    endloop
  endfacet
  facet normal 0.995187 -0.0979903 0
    outer loop
      vertex 4.48959 -22.1763 3.85
      vertex 4.49536 -22.1177 3.05
      vertex 4.49536 -22.1177 3.85
    endloop
  endfacet
  facet normal 0.995187 -0.0979903 0
    outer loop
      vertex 4.49536 -22.1177 3.05
      vertex 4.48959 -22.1763 3.85
      vertex 4.48959 -22.1763 3.05
    endloop
  endfacet
  facet normal 0.998253 -0.0590803 0
    outer loop
      vertex 4.49536 -22.1177 3.85
      vertex 4.49884 -22.0589 3.05
      vertex 4.49884 -22.0589 3.85
    endloop
  endfacet
  facet normal 0.998253 -0.0590803 0
    outer loop
      vertex 4.49884 -22.0589 3.05
      vertex 4.49536 -22.1177 3.85
      vertex 4.49536 -22.1177 3.05
    endloop
  endfacet
  facet normal 0.999806 -0.0196906 0
    outer loop
      vertex 4.49884 -22.0589 3.85
      vertex 4.5 -22 3.05
      vertex 4.5 -22 3.85
    endloop
  endfacet
  facet normal 0.999806 -0.0196906 0
    outer loop
      vertex 4.5 -22 3.05
      vertex 4.49884 -22.0589 3.85
      vertex 4.49884 -22.0589 3.05
    endloop
  endfacet
  facet normal 1 -0 0
    outer loop
      vertex 4.5 -22 3.85
      vertex 4.5 -21 3.05
      vertex 4.5 -21 3.85
    endloop
  endfacet
  facet normal 1 0 0
    outer loop
      vertex 4.5 -21 3.05
      vertex 4.5 -22 3.85
      vertex 4.5 -22 3.05
    endloop
  endfacet
  facet normal 0 1 -0
    outer loop
      vertex 4.5 -21 3.05
      vertex 3.75 -21 3.85
      vertex 4.5 -21 3.85
    endloop
  endfacet
  facet normal 0 1 0
    outer loop
      vertex 3.75 -21 3.85
      vertex 4.5 -21 3.05
      vertex 3.75 -21 3.05
    endloop
  endfacet
  facet normal -1 0 0
    outer loop
      vertex 3.75 -21.75 3.05
      vertex 3.75 -21 3.85
      vertex 3.75 -21 3.05
    endloop
  endfacet
  facet normal -1 -0 0
    outer loop
      vertex 3.75 -21 3.85
      vertex 3.75 -21.75 3.05
      vertex 3.75 -21.75 3.85
    endloop
  endfacet
  facet normal -0.999802 0.019894 0
    outer loop
      vertex 3.74922 -21.7892 3.05
      vertex 3.75 -21.75 3.85
      vertex 3.75 -21.75 3.05
    endloop
  endfacet
  facet normal -0.999802 0.019894 0
    outer loop
      vertex 3.75 -21.75 3.85
      vertex 3.74922 -21.7892 3.05
      vertex 3.74922 -21.7892 3.85
    endloop
  endfacet
  facet normal -0.998253 0.0590803 0
    outer loop
      vertex 3.7469 -21.8284 3.05
      vertex 3.74922 -21.7892 3.85
      vertex 3.74922 -21.7892 3.05
    endloop
  endfacet
  facet normal -0.998253 0.0590803 0
    outer loop
      vertex 3.74922 -21.7892 3.85
      vertex 3.7469 -21.8284 3.05
      vertex 3.7469 -21.8284 3.85
    endloop
  endfacet
  facet normal -0.995212 0.0977395 0
    outer loop
      vertex 3.74306 -21.8675 3.05
      vertex 3.7469 -21.8284 3.85
      vertex 3.7469 -21.8284 3.05
    endloop
  endfacet
  facet normal -0.995212 0.0977395 0
    outer loop
      vertex 3.7469 -21.8284 3.85
      vertex 3.74306 -21.8675 3.05
      vertex 3.74306 -21.8675 3.85
    endloop
  endfacet
  facet normal -0.990606 0.136749 0
    outer loop
      vertex 3.73769 -21.9064 3.05
      vertex 3.74306 -21.8675 3.85
      vertex 3.74306 -21.8675 3.05
    endloop
  endfacet
  facet normal -0.990606 0.136749 0
    outer loop
      vertex 3.74306 -21.8675 3.85
      vertex 3.73769 -21.9064 3.05
      vertex 3.73769 -21.9064 3.85
    endloop
  endfacet
  facet normal -0.984387 0.17602 0
    outer loop
      vertex 3.73077 -21.9451 3.05
      vertex 3.73769 -21.9064 3.85
      vertex 3.73769 -21.9064 3.05
    endloop
  endfacet
  facet normal -0.984387 0.17602 0
    outer loop
      vertex 3.73769 -21.9064 3.85
      vertex 3.73077 -21.9451 3.05
      vertex 3.73077 -21.9451 3.85
    endloop
  endfacet
  facet normal -0.976783 0.214229 0
    outer loop
      vertex 3.72237 -21.9834 3.05
      vertex 3.73077 -21.9451 3.85
      vertex 3.73077 -21.9451 3.05
    endloop
  endfacet
  facet normal -0.976783 0.214229 0
    outer loop
      vertex 3.73077 -21.9451 3.85
      vertex 3.72237 -21.9834 3.05
      vertex 3.72237 -21.9834 3.85
    endloop
  endfacet
  facet normal -0.967574 0.252588 0
    outer loop
      vertex 3.71245 -22.0214 3.05
      vertex 3.72237 -21.9834 3.85
      vertex 3.72237 -21.9834 3.05
    endloop
  endfacet
  facet normal -0.967574 0.252588 0
    outer loop
      vertex 3.72237 -21.9834 3.85
      vertex 3.71245 -22.0214 3.05
      vertex 3.71245 -22.0214 3.85
    endloop
  endfacet
  facet normal -0.956982 0.290149 0
    outer loop
      vertex 3.70105 -22.059 3.05
      vertex 3.71245 -22.0214 3.85
      vertex 3.71245 -22.0214 3.05
    endloop
  endfacet
  facet normal -0.956982 0.290149 0
    outer loop
      vertex 3.71245 -22.0214 3.85
      vertex 3.70105 -22.059 3.05
      vertex 3.70105 -22.059 3.85
    endloop
  endfacet
  facet normal -0.944847 0.327513 0
    outer loop
      vertex 3.68819 -22.0961 3.05
      vertex 3.70105 -22.059 3.85
      vertex 3.70105 -22.059 3.05
    endloop
  endfacet
  facet normal -0.944847 0.327513 0
    outer loop
      vertex 3.70105 -22.059 3.85
      vertex 3.68819 -22.0961 3.05
      vertex 3.68819 -22.0961 3.85
    endloop
  endfacet
  facet normal -0.931258 0.364361 0
    outer loop
      vertex 3.67387 -22.1327 3.05
      vertex 3.68819 -22.0961 3.85
      vertex 3.68819 -22.0961 3.05
    endloop
  endfacet
  facet normal -0.931258 0.364361 0
    outer loop
      vertex 3.68819 -22.0961 3.85
      vertex 3.67387 -22.1327 3.05
      vertex 3.67387 -22.1327 3.85
    endloop
  endfacet
  facet normal -0.916344 0.400391 0
    outer loop
      vertex 3.65814 -22.1687 3.05
      vertex 3.67387 -22.1327 3.85
      vertex 3.67387 -22.1327 3.05
    endloop
  endfacet
  facet normal -0.916344 0.400391 0
    outer loop
      vertex 3.67387 -22.1327 3.85
      vertex 3.65814 -22.1687 3.05
      vertex 3.65814 -22.1687 3.85
    endloop
  endfacet
  facet normal -0.899665 0.43658 0
    outer loop
      vertex 3.64101 -22.204 3.05
      vertex 3.65814 -22.1687 3.85
      vertex 3.65814 -22.1687 3.05
    endloop
  endfacet
  facet normal -0.899665 0.43658 0
    outer loop
      vertex 3.65814 -22.1687 3.85
      vertex 3.64101 -22.204 3.05
      vertex 3.64101 -22.204 3.85
    endloop
  endfacet
  facet normal -0.881541 0.472108 0
    outer loop
      vertex 3.62248 -22.2386 3.05
      vertex 3.64101 -22.204 3.85
      vertex 3.64101 -22.204 3.05
    endloop
  endfacet
  facet normal -0.881541 0.472108 0
    outer loop
      vertex 3.64101 -22.204 3.85
      vertex 3.62248 -22.2386 3.05
      vertex 3.62248 -22.2386 3.85
    endloop
  endfacet
  facet normal -0.862947 0.505295 0
    outer loop
      vertex 3.60263 -22.2725 3.05
      vertex 3.62248 -22.2386 3.85
      vertex 3.62248 -22.2386 3.05
    endloop
  endfacet
  facet normal -0.862947 0.505295 0
    outer loop
      vertex 3.62248 -22.2386 3.85
      vertex 3.60263 -22.2725 3.05
      vertex 3.60263 -22.2725 3.85
    endloop
  endfacet
  facet normal -0.842549 0.53862 0
    outer loop
      vertex 3.58147 -22.3056 3.05
      vertex 3.60263 -22.2725 3.85
      vertex 3.60263 -22.2725 3.05
    endloop
  endfacet
  facet normal -0.842549 0.53862 0
    outer loop
      vertex 3.60263 -22.2725 3.85
      vertex 3.58147 -22.3056 3.05
      vertex 3.58147 -22.3056 3.85
    endloop
  endfacet
  facet normal -0.820188 0.572094 0
    outer loop
      vertex 3.55901 -22.3378 3.05
      vertex 3.58147 -22.3056 3.85
      vertex 3.58147 -22.3056 3.05
    endloop
  endfacet
  facet normal -0.820188 0.572094 0
    outer loop
      vertex 3.58147 -22.3056 3.85
      vertex 3.55901 -22.3378 3.05
      vertex 3.55901 -22.3378 3.85
    endloop
  endfacet
  facet normal -0.797241 0.603662 0
    outer loop
      vertex 3.53531 -22.3691 3.05
      vertex 3.55901 -22.3378 3.85
      vertex 3.55901 -22.3378 3.05
    endloop
  endfacet
  facet normal -0.797241 0.603662 0
    outer loop
      vertex 3.55901 -22.3378 3.85
      vertex 3.53531 -22.3691 3.05
      vertex 3.53531 -22.3691 3.85
    endloop
  endfacet
  facet normal -0.772342 0.635207 0
    outer loop
      vertex 3.51039 -22.3994 3.05
      vertex 3.53531 -22.3691 3.85
      vertex 3.53531 -22.3691 3.05
    endloop
  endfacet
  facet normal -0.772342 0.635207 0
    outer loop
      vertex 3.53531 -22.3691 3.85
      vertex 3.51039 -22.3994 3.05
      vertex 3.51039 -22.3994 3.85
    endloop
  endfacet
  facet normal -0.748083 0.663605 0
    outer loop
      vertex 3.48431 -22.4288 3.05
      vertex 3.51039 -22.3994 3.85
      vertex 3.51039 -22.3994 3.05
    endloop
  endfacet
  facet normal -0.748083 0.663605 0
    outer loop
      vertex 3.51039 -22.3994 3.85
      vertex 3.48431 -22.4288 3.05
      vertex 3.48431 -22.4288 3.85
    endloop
  endfacet
  facet normal -0.720725 0.693221 0
    outer loop
      vertex 3.45709 -22.4571 3.05
      vertex 3.48431 -22.4288 3.85
      vertex 3.48431 -22.4288 3.05
    endloop
  endfacet
  facet normal -0.720725 0.693221 0
    outer loop
      vertex 3.48431 -22.4288 3.85
      vertex 3.45709 -22.4571 3.05
      vertex 3.45709 -22.4571 3.85
    endloop
  endfacet
  facet normal -0.692956 0.72098 0
    outer loop
      vertex 3.45709 -22.4571 3.05
      vertex 3.42879 -22.4843 3.85
      vertex 3.45709 -22.4571 3.85
    endloop
  endfacet
  facet normal -0.692956 0.72098 0
    outer loop
      vertex 3.42879 -22.4843 3.85
      vertex 3.45709 -22.4571 3.05
      vertex 3.42879 -22.4843 3.05
    endloop
  endfacet
  facet normal -0.664522 0.747269 0
    outer loop
      vertex 3.42879 -22.4843 3.05
      vertex 3.39944 -22.5104 3.85
      vertex 3.42879 -22.4843 3.85
    endloop
  endfacet
  facet normal -0.664522 0.747269 0
    outer loop
      vertex 3.39944 -22.5104 3.85
      vertex 3.42879 -22.4843 3.05
      vertex 3.39944 -22.5104 3.05
    endloop
  endfacet
  facet normal -0.634153 0.773208 0
    outer loop
      vertex 3.39944 -22.5104 3.05
      vertex 3.36908 -22.5353 3.85
      vertex 3.39944 -22.5104 3.85
    endloop
  endfacet
  facet normal -0.634153 0.773208 0
    outer loop
      vertex 3.36908 -22.5353 3.85
      vertex 3.39944 -22.5104 3.05
      vertex 3.36908 -22.5353 3.05
    endloop
  endfacet
  facet normal -0.603662 0.797241 0
    outer loop
      vertex 3.36908 -22.5353 3.05
      vertex 3.33778 -22.559 3.85
      vertex 3.36908 -22.5353 3.85
    endloop
  endfacet
  facet normal -0.603662 0.797241 0
    outer loop
      vertex 3.33778 -22.559 3.85
      vertex 3.36908 -22.5353 3.05
      vertex 3.33778 -22.559 3.05
    endloop
  endfacet
  facet normal -0.57254 0.819877 0
    outer loop
      vertex 3.33778 -22.559 3.05
      vertex 3.30556 -22.5815 3.85
      vertex 3.33778 -22.559 3.85
    endloop
  endfacet
  facet normal -0.57254 0.819877 0
    outer loop
      vertex 3.30556 -22.5815 3.85
      vertex 3.33778 -22.559 3.05
      vertex 3.30556 -22.5815 3.05
    endloop
  endfacet
  facet normal -0.537881 0.843021 0
    outer loop
      vertex 3.30556 -22.5815 3.05
      vertex 3.27249 -22.6026 3.85
      vertex 3.30556 -22.5815 3.85
    endloop
  endfacet
  facet normal -0.537881 0.843021 0
    outer loop
      vertex 3.27249 -22.6026 3.85
      vertex 3.30556 -22.5815 3.05
      vertex 3.27249 -22.6026 3.05
    endloop
  endfacet
  facet normal -0.506575 0.862196 0
    outer loop
      vertex 3.27249 -22.6026 3.05
      vertex 3.23862 -22.6225 3.85
      vertex 3.27249 -22.6026 3.85
    endloop
  endfacet
  facet normal -0.506575 0.862196 0
    outer loop
      vertex 3.23862 -22.6225 3.85
      vertex 3.27249 -22.6026 3.05
      vertex 3.23862 -22.6225 3.05
    endloop
  endfacet
  facet normal -0.47109 0.882085 0
    outer loop
      vertex 3.23862 -22.6225 3.05
      vertex 3.20398 -22.641 3.85
      vertex 3.23862 -22.6225 3.85
    endloop
  endfacet
  facet normal -0.47109 0.882085 0
    outer loop
      vertex 3.20398 -22.641 3.85
      vertex 3.23862 -22.6225 3.05
      vertex 3.20398 -22.641 3.05
    endloop
  endfacet
  facet normal -0.435761 0.900063 0
    outer loop
      vertex 3.20398 -22.641 3.05
      vertex 3.16866 -22.6581 3.85
      vertex 3.20398 -22.641 3.85
    endloop
  endfacet
  facet normal -0.435761 0.900063 0
    outer loop
      vertex 3.16866 -22.6581 3.85
      vertex 3.20398 -22.641 3.05
      vertex 3.16866 -22.6581 3.05
    endloop
  endfacet
  facet normal -0.402073 0.915607 0
    outer loop
      vertex 3.16866 -22.6581 3.05
      vertex 3.13268 -22.6739 3.85
      vertex 3.16866 -22.6581 3.85
    endloop
  endfacet
  facet normal -0.402073 0.915607 0
    outer loop
      vertex 3.13268 -22.6739 3.85
      vertex 3.16866 -22.6581 3.05
      vertex 3.13268 -22.6739 3.05
    endloop
  endfacet
  facet normal -0.364265 0.931295 0
    outer loop
      vertex 3.13268 -22.6739 3.05
      vertex 3.09612 -22.6882 3.85
      vertex 3.13268 -22.6739 3.85
    endloop
  endfacet
  facet normal -0.364265 0.931295 0
    outer loop
      vertex 3.09612 -22.6882 3.85
      vertex 3.13268 -22.6739 3.05
      vertex 3.09612 -22.6882 3.05
    endloop
  endfacet
  facet normal -0.326069 0.945346 0
    outer loop
      vertex 3.09612 -22.6882 3.05
      vertex 3.05901 -22.701 3.85
      vertex 3.09612 -22.6882 3.85
    endloop
  endfacet
  facet normal -0.326069 0.945346 0
    outer loop
      vertex 3.05901 -22.701 3.85
      vertex 3.09612 -22.6882 3.05
      vertex 3.05901 -22.701 3.05
    endloop
  endfacet
  facet normal -0.290361 0.956917 0
    outer loop
      vertex 3.05901 -22.701 3.05
      vertex 3.02144 -22.7124 3.85
      vertex 3.05901 -22.701 3.85
    endloop
  endfacet
  facet normal -0.290361 0.956917 0
    outer loop
      vertex 3.02144 -22.7124 3.85
      vertex 3.05901 -22.701 3.05
      vertex 3.02144 -22.7124 3.05
    endloop
  endfacet
  facet normal -0.254493 0.967075 0
    outer loop
      vertex 3.02144 -22.7124 3.05
      vertex 2.98344 -22.7224 3.85
      vertex 3.02144 -22.7124 3.85
    endloop
  endfacet
  facet normal -0.254493 0.967075 0
    outer loop
      vertex 2.98344 -22.7224 3.85
      vertex 3.02144 -22.7124 3.05
      vertex 2.98344 -22.7224 3.05
    endloop
  endfacet
  facet normal -0.21391 0.976853 0
    outer loop
      vertex 2.98344 -22.7224 3.05
      vertex 2.94508 -22.7308 3.85
      vertex 2.98344 -22.7224 3.85
    endloop
  endfacet
  facet normal -0.21391 0.976853 0
    outer loop
      vertex 2.94508 -22.7308 3.85
      vertex 2.98344 -22.7224 3.05
      vertex 2.94508 -22.7308 3.05
    endloop
  endfacet
  facet normal -0.175747 0.984435 0
    outer loop
      vertex 2.94508 -22.7308 3.05
      vertex 2.90643 -22.7377 3.85
      vertex 2.94508 -22.7308 3.85
    endloop
  endfacet
  facet normal -0.175747 0.984435 0
    outer loop
      vertex 2.90643 -22.7377 3.85
      vertex 2.94508 -22.7308 3.05
      vertex 2.90643 -22.7377 3.05
    endloop
  endfacet
  facet normal -0.137464 0.990507 0
    outer loop
      vertex 2.90643 -22.7377 3.05
      vertex 2.86752 -22.7431 3.85
      vertex 2.90643 -22.7377 3.85
    endloop
  endfacet
  facet normal -0.137464 0.990507 0
    outer loop
      vertex 2.86752 -22.7431 3.85
      vertex 2.90643 -22.7377 3.05
      vertex 2.86752 -22.7431 3.05
    endloop
  endfacet
  facet normal -0.0968045 0.995303 0
    outer loop
      vertex 2.86752 -22.7431 3.05
      vertex 2.82845 -22.7469 3.85
      vertex 2.86752 -22.7431 3.85
    endloop
  endfacet
  facet normal -0.0968045 0.995303 0
    outer loop
      vertex 2.82845 -22.7469 3.85
      vertex 2.86752 -22.7431 3.05
      vertex 2.82845 -22.7469 3.05
    endloop
  endfacet
  facet normal -0.0585727 0.998283 0
    outer loop
      vertex 2.82845 -22.7469 3.05
      vertex 2.78925 -22.7492 3.85
      vertex 2.82845 -22.7469 3.85
    endloop
  endfacet
  facet normal -0.0585727 0.998283 0
    outer loop
      vertex 2.78925 -22.7492 3.85
      vertex 2.82845 -22.7469 3.05
      vertex 2.78925 -22.7492 3.05
    endloop
  endfacet
  facet normal -0.0203779 0.999792 0
    outer loop
      vertex 2.78925 -22.7492 3.05
      vertex 2.75 -22.75 3.85
      vertex 2.78925 -22.7492 3.85
    endloop
  endfacet
  facet normal -0.0203779 0.999792 0
    outer loop
      vertex 2.75 -22.75 3.85
      vertex 2.78925 -22.7492 3.05
      vertex 2.75 -22.75 3.05
    endloop
  endfacet
  facet normal 0 1 -0
    outer loop
      vertex 2.75 -22.75 3.05
      vertex -2.75 -22.75 3.85
      vertex 2.75 -22.75 3.85
    endloop
  endfacet
  facet normal 0 1 0
    outer loop
      vertex -2.75 -22.75 3.85
      vertex 2.75 -22.75 3.05
      vertex -2.75 -22.75 3.05
    endloop
  endfacet
  facet normal 0.0203779 0.999792 -0
    outer loop
      vertex -2.75 -22.75 3.05
      vertex -2.78925 -22.7492 3.85
      vertex -2.75 -22.75 3.85
    endloop
  endfacet
  facet normal 0.0203779 0.999792 0
    outer loop
      vertex -2.78925 -22.7492 3.85
      vertex -2.75 -22.75 3.05
      vertex -2.78925 -22.7492 3.05
    endloop
  endfacet
  facet normal 0.0585727 0.998283 -0
    outer loop
      vertex -2.78925 -22.7492 3.05
      vertex -2.82845 -22.7469 3.85
      vertex -2.78925 -22.7492 3.85
    endloop
  endfacet
  facet normal 0.0585727 0.998283 0
    outer loop
      vertex -2.82845 -22.7469 3.85
      vertex -2.78925 -22.7492 3.05
      vertex -2.82845 -22.7469 3.05
    endloop
  endfacet
  facet normal 0.0968045 0.995303 -0
    outer loop
      vertex -2.82845 -22.7469 3.05
      vertex -2.86752 -22.7431 3.85
      vertex -2.82845 -22.7469 3.85
    endloop
  endfacet
  facet normal 0.0968045 0.995303 0
    outer loop
      vertex -2.86752 -22.7431 3.85
      vertex -2.82845 -22.7469 3.05
      vertex -2.86752 -22.7431 3.05
    endloop
  endfacet
  facet normal 0.137464 0.990507 -0
    outer loop
      vertex -2.86752 -22.7431 3.05
      vertex -2.90643 -22.7377 3.85
      vertex -2.86752 -22.7431 3.85
    endloop
  endfacet
  facet normal 0.137464 0.990507 0
    outer loop
      vertex -2.90643 -22.7377 3.85
      vertex -2.86752 -22.7431 3.05
      vertex -2.90643 -22.7377 3.05
    endloop
  endfacet
  facet normal 0.175747 0.984435 -0
    outer loop
      vertex -2.90643 -22.7377 3.05
      vertex -2.94508 -22.7308 3.85
      vertex -2.90643 -22.7377 3.85
    endloop
  endfacet
  facet normal 0.175747 0.984435 0
    outer loop
      vertex -2.94508 -22.7308 3.85
      vertex -2.90643 -22.7377 3.05
      vertex -2.94508 -22.7308 3.05
    endloop
  endfacet
  facet normal 0.21391 0.976853 -0
    outer loop
      vertex -2.94508 -22.7308 3.05
      vertex -2.98344 -22.7224 3.85
      vertex -2.94508 -22.7308 3.85
    endloop
  endfacet
  facet normal 0.21391 0.976853 0
    outer loop
      vertex -2.98344 -22.7224 3.85
      vertex -2.94508 -22.7308 3.05
      vertex -2.98344 -22.7224 3.05
    endloop
  endfacet
  facet normal 0.254493 0.967075 -0
    outer loop
      vertex -2.98344 -22.7224 3.05
      vertex -3.02144 -22.7124 3.85
      vertex -2.98344 -22.7224 3.85
    endloop
  endfacet
  facet normal 0.254493 0.967075 0
    outer loop
      vertex -3.02144 -22.7124 3.85
      vertex -2.98344 -22.7224 3.05
      vertex -3.02144 -22.7124 3.05
    endloop
  endfacet
  facet normal 0.290361 0.956917 -0
    outer loop
      vertex -3.02144 -22.7124 3.05
      vertex -3.05901 -22.701 3.85
      vertex -3.02144 -22.7124 3.85
    endloop
  endfacet
  facet normal 0.290361 0.956917 0
    outer loop
      vertex -3.05901 -22.701 3.85
      vertex -3.02144 -22.7124 3.05
      vertex -3.05901 -22.701 3.05
    endloop
  endfacet
  facet normal 0.326069 0.945346 -0
    outer loop
      vertex -3.05901 -22.701 3.05
      vertex -3.09612 -22.6882 3.85
      vertex -3.05901 -22.701 3.85
    endloop
  endfacet
  facet normal 0.326069 0.945346 0
    outer loop
      vertex -3.09612 -22.6882 3.85
      vertex -3.05901 -22.701 3.05
      vertex -3.09612 -22.6882 3.05
    endloop
  endfacet
  facet normal 0.364265 0.931295 -0
    outer loop
      vertex -3.09612 -22.6882 3.05
      vertex -3.13268 -22.6739 3.85
      vertex -3.09612 -22.6882 3.85
    endloop
  endfacet
  facet normal 0.364265 0.931295 0
    outer loop
      vertex -3.13268 -22.6739 3.85
      vertex -3.09612 -22.6882 3.05
      vertex -3.13268 -22.6739 3.05
    endloop
  endfacet
  facet normal 0.402073 0.915607 -0
    outer loop
      vertex -3.13268 -22.6739 3.05
      vertex -3.16866 -22.6581 3.85
      vertex -3.13268 -22.6739 3.85
    endloop
  endfacet
  facet normal 0.402073 0.915607 0
    outer loop
      vertex -3.16866 -22.6581 3.85
      vertex -3.13268 -22.6739 3.05
      vertex -3.16866 -22.6581 3.05
    endloop
  endfacet
  facet normal 0.435761 0.900063 -0
    outer loop
      vertex -3.16866 -22.6581 3.05
      vertex -3.20398 -22.641 3.85
      vertex -3.16866 -22.6581 3.85
    endloop
  endfacet
  facet normal 0.435761 0.900063 0
    outer loop
      vertex -3.20398 -22.641 3.85
      vertex -3.16866 -22.6581 3.05
      vertex -3.20398 -22.641 3.05
    endloop
  endfacet
  facet normal 0.47109 0.882085 -0
    outer loop
      vertex -3.20398 -22.641 3.05
      vertex -3.23862 -22.6225 3.85
      vertex -3.20398 -22.641 3.85
    endloop
  endfacet
  facet normal 0.47109 0.882085 0
    outer loop
      vertex -3.23862 -22.6225 3.85
      vertex -3.20398 -22.641 3.05
      vertex -3.23862 -22.6225 3.05
    endloop
  endfacet
  facet normal 0.506575 0.862196 -0
    outer loop
      vertex -3.23862 -22.6225 3.05
      vertex -3.27249 -22.6026 3.85
      vertex -3.23862 -22.6225 3.85
    endloop
  endfacet
  facet normal 0.506575 0.862196 0
    outer loop
      vertex -3.27249 -22.6026 3.85
      vertex -3.23862 -22.6225 3.05
      vertex -3.27249 -22.6026 3.05
    endloop
  endfacet
  facet normal 0.537881 0.843021 -0
    outer loop
      vertex -3.27249 -22.6026 3.05
      vertex -3.30556 -22.5815 3.85
      vertex -3.27249 -22.6026 3.85
    endloop
  endfacet
  facet normal 0.537881 0.843021 0
    outer loop
      vertex -3.30556 -22.5815 3.85
      vertex -3.27249 -22.6026 3.05
      vertex -3.30556 -22.5815 3.05
    endloop
  endfacet
  facet normal 0.57254 0.819877 -0
    outer loop
      vertex -3.30556 -22.5815 3.05
      vertex -3.33778 -22.559 3.85
      vertex -3.30556 -22.5815 3.85
    endloop
  endfacet
  facet normal 0.57254 0.819877 0
    outer loop
      vertex -3.33778 -22.559 3.85
      vertex -3.30556 -22.5815 3.05
      vertex -3.33778 -22.559 3.05
    endloop
  endfacet
  facet normal 0.603662 0.797241 -0
    outer loop
      vertex -3.33778 -22.559 3.05
      vertex -3.36908 -22.5353 3.85
      vertex -3.33778 -22.559 3.85
    endloop
  endfacet
  facet normal 0.603662 0.797241 0
    outer loop
      vertex -3.36908 -22.5353 3.85
      vertex -3.33778 -22.559 3.05
      vertex -3.36908 -22.5353 3.05
    endloop
  endfacet
  facet normal 0.634153 0.773208 -0
    outer loop
      vertex -3.36908 -22.5353 3.05
      vertex -3.39944 -22.5104 3.85
      vertex -3.36908 -22.5353 3.85
    endloop
  endfacet
  facet normal 0.634153 0.773208 0
    outer loop
      vertex -3.39944 -22.5104 3.85
      vertex -3.36908 -22.5353 3.05
      vertex -3.39944 -22.5104 3.05
    endloop
  endfacet
  facet normal 0.664522 0.747269 -0
    outer loop
      vertex -3.39944 -22.5104 3.05
      vertex -3.42879 -22.4843 3.85
      vertex -3.39944 -22.5104 3.85
    endloop
  endfacet
  facet normal 0.664522 0.747269 0
    outer loop
      vertex -3.42879 -22.4843 3.85
      vertex -3.39944 -22.5104 3.05
      vertex -3.42879 -22.4843 3.05
    endloop
  endfacet
  facet normal 0.692956 0.72098 -0
    outer loop
      vertex -3.42879 -22.4843 3.05
      vertex -3.45709 -22.4571 3.85
      vertex -3.42879 -22.4843 3.85
    endloop
  endfacet
  facet normal 0.692956 0.72098 0
    outer loop
      vertex -3.45709 -22.4571 3.85
      vertex -3.42879 -22.4843 3.05
      vertex -3.45709 -22.4571 3.05
    endloop
  endfacet
  facet normal 0.720725 0.693221 0
    outer loop
      vertex -3.45709 -22.4571 3.85
      vertex -3.48431 -22.4288 3.05
      vertex -3.48431 -22.4288 3.85
    endloop
  endfacet
  facet normal 0.720725 0.693221 0
    outer loop
      vertex -3.48431 -22.4288 3.05
      vertex -3.45709 -22.4571 3.85
      vertex -3.45709 -22.4571 3.05
    endloop
  endfacet
  facet normal 0.748083 0.663605 0
    outer loop
      vertex -3.48431 -22.4288 3.85
      vertex -3.51039 -22.3994 3.05
      vertex -3.51039 -22.3994 3.85
    endloop
  endfacet
  facet normal 0.748083 0.663605 0
    outer loop
      vertex -3.51039 -22.3994 3.05
      vertex -3.48431 -22.4288 3.85
      vertex -3.48431 -22.4288 3.05
    endloop
  endfacet
  facet normal 0.772342 0.635207 0
    outer loop
      vertex -3.51039 -22.3994 3.85
      vertex -3.53531 -22.3691 3.05
      vertex -3.53531 -22.3691 3.85
    endloop
  endfacet
  facet normal 0.772342 0.635207 0
    outer loop
      vertex -3.53531 -22.3691 3.05
      vertex -3.51039 -22.3994 3.85
      vertex -3.51039 -22.3994 3.05
    endloop
  endfacet
  facet normal 0.797241 0.603662 0
    outer loop
      vertex -3.53531 -22.3691 3.85
      vertex -3.55901 -22.3378 3.05
      vertex -3.55901 -22.3378 3.85
    endloop
  endfacet
  facet normal 0.797241 0.603662 0
    outer loop
      vertex -3.55901 -22.3378 3.05
      vertex -3.53531 -22.3691 3.85
      vertex -3.53531 -22.3691 3.05
    endloop
  endfacet
  facet normal 0.820188 0.572094 0
    outer loop
      vertex -3.55901 -22.3378 3.85
      vertex -3.58147 -22.3056 3.05
      vertex -3.58147 -22.3056 3.85
    endloop
  endfacet
  facet normal 0.820188 0.572094 0
    outer loop
      vertex -3.58147 -22.3056 3.05
      vertex -3.55901 -22.3378 3.85
      vertex -3.55901 -22.3378 3.05
    endloop
  endfacet
  facet normal 0.842549 0.53862 0
    outer loop
      vertex -3.58147 -22.3056 3.85
      vertex -3.60263 -22.2725 3.05
      vertex -3.60263 -22.2725 3.85
    endloop
  endfacet
  facet normal 0.842549 0.53862 0
    outer loop
      vertex -3.60263 -22.2725 3.05
      vertex -3.58147 -22.3056 3.85
      vertex -3.58147 -22.3056 3.05
    endloop
  endfacet
  facet normal 0.862947 0.505295 0
    outer loop
      vertex -3.60263 -22.2725 3.85
      vertex -3.62248 -22.2386 3.05
      vertex -3.62248 -22.2386 3.85
    endloop
  endfacet
  facet normal 0.862947 0.505295 0
    outer loop
      vertex -3.62248 -22.2386 3.05
      vertex -3.60263 -22.2725 3.85
      vertex -3.60263 -22.2725 3.05
    endloop
  endfacet
  facet normal 0.881541 0.472108 0
    outer loop
      vertex -3.62248 -22.2386 3.85
      vertex -3.64101 -22.204 3.05
      vertex -3.64101 -22.204 3.85
    endloop
  endfacet
  facet normal 0.881541 0.472108 0
    outer loop
      vertex -3.64101 -22.204 3.05
      vertex -3.62248 -22.2386 3.85
      vertex -3.62248 -22.2386 3.05
    endloop
  endfacet
  facet normal 0.899665 0.43658 0
    outer loop
      vertex -3.64101 -22.204 3.85
      vertex -3.65814 -22.1687 3.05
      vertex -3.65814 -22.1687 3.85
    endloop
  endfacet
  facet normal 0.899665 0.43658 0
    outer loop
      vertex -3.65814 -22.1687 3.05
      vertex -3.64101 -22.204 3.85
      vertex -3.64101 -22.204 3.05
    endloop
  endfacet
  facet normal 0.916344 0.400391 0
    outer loop
      vertex -3.65814 -22.1687 3.85
      vertex -3.67387 -22.1327 3.05
      vertex -3.67387 -22.1327 3.85
    endloop
  endfacet
  facet normal 0.916344 0.400391 0
    outer loop
      vertex -3.67387 -22.1327 3.05
      vertex -3.65814 -22.1687 3.85
      vertex -3.65814 -22.1687 3.05
    endloop
  endfacet
  facet normal 0.931258 0.364361 0
    outer loop
      vertex -3.67387 -22.1327 3.85
      vertex -3.68819 -22.0961 3.05
      vertex -3.68819 -22.0961 3.85
    endloop
  endfacet
  facet normal 0.931258 0.364361 0
    outer loop
      vertex -3.68819 -22.0961 3.05
      vertex -3.67387 -22.1327 3.85
      vertex -3.67387 -22.1327 3.05
    endloop
  endfacet
  facet normal 0.944847 0.327513 0
    outer loop
      vertex -3.68819 -22.0961 3.85
      vertex -3.70105 -22.059 3.05
      vertex -3.70105 -22.059 3.85
    endloop
  endfacet
  facet normal 0.944847 0.327513 0
    outer loop
      vertex -3.70105 -22.059 3.05
      vertex -3.68819 -22.0961 3.85
      vertex -3.68819 -22.0961 3.05
    endloop
  endfacet
  facet normal 0.956982 0.290149 0
    outer loop
      vertex -3.70105 -22.059 3.85
      vertex -3.71245 -22.0214 3.05
      vertex -3.71245 -22.0214 3.85
    endloop
  endfacet
  facet normal 0.956982 0.290149 0
    outer loop
      vertex -3.71245 -22.0214 3.05
      vertex -3.70105 -22.059 3.85
      vertex -3.70105 -22.059 3.05
    endloop
  endfacet
  facet normal 0.967574 0.252588 0
    outer loop
      vertex -3.71245 -22.0214 3.85
      vertex -3.72237 -21.9834 3.05
      vertex -3.72237 -21.9834 3.85
    endloop
  endfacet
  facet normal 0.967574 0.252588 0
    outer loop
      vertex -3.72237 -21.9834 3.05
      vertex -3.71245 -22.0214 3.85
      vertex -3.71245 -22.0214 3.05
    endloop
  endfacet
  facet normal 0.976783 0.214229 0
    outer loop
      vertex -3.72237 -21.9834 3.85
      vertex -3.73077 -21.9451 3.05
      vertex -3.73077 -21.9451 3.85
    endloop
  endfacet
  facet normal 0.976783 0.214229 0
    outer loop
      vertex -3.73077 -21.9451 3.05
      vertex -3.72237 -21.9834 3.85
      vertex -3.72237 -21.9834 3.05
    endloop
  endfacet
  facet normal 0.984387 0.17602 0
    outer loop
      vertex -3.73077 -21.9451 3.85
      vertex -3.73769 -21.9064 3.05
      vertex -3.73769 -21.9064 3.85
    endloop
  endfacet
  facet normal 0.984387 0.17602 0
    outer loop
      vertex -3.73769 -21.9064 3.05
      vertex -3.73077 -21.9451 3.85
      vertex -3.73077 -21.9451 3.05
    endloop
  endfacet
  facet normal 0.990606 0.136749 0
    outer loop
      vertex -3.73769 -21.9064 3.85
      vertex -3.74306 -21.8675 3.05
      vertex -3.74306 -21.8675 3.85
    endloop
  endfacet
  facet normal 0.990606 0.136749 0
    outer loop
      vertex -3.74306 -21.8675 3.05
      vertex -3.73769 -21.9064 3.85
      vertex -3.73769 -21.9064 3.05
    endloop
  endfacet
  facet normal 0.995212 0.0977395 0
    outer loop
      vertex -3.74306 -21.8675 3.85
      vertex -3.7469 -21.8284 3.05
      vertex -3.7469 -21.8284 3.85
    endloop
  endfacet
  facet normal 0.995212 0.0977395 0
    outer loop
      vertex -3.7469 -21.8284 3.05
      vertex -3.74306 -21.8675 3.85
      vertex -3.74306 -21.8675 3.05
    endloop
  endfacet
  facet normal 0.998253 0.0590803 0
    outer loop
      vertex -3.7469 -21.8284 3.85
      vertex -3.74922 -21.7892 3.05
      vertex -3.74922 -21.7892 3.85
    endloop
  endfacet
  facet normal 0.998253 0.0590803 0
    outer loop
      vertex -3.74922 -21.7892 3.05
      vertex -3.7469 -21.8284 3.85
      vertex -3.7469 -21.8284 3.05
    endloop
  endfacet
  facet normal 0.999802 0.019894 0
    outer loop
      vertex -3.74922 -21.7892 3.85
      vertex -3.75 -21.75 3.05
      vertex -3.75 -21.75 3.85
    endloop
  endfacet
  facet normal 0.999802 0.019894 0
    outer loop
      vertex -3.75 -21.75 3.05
      vertex -3.74922 -21.7892 3.85
      vertex -3.74922 -21.7892 3.05
    endloop
  endfacet
  facet normal 1 -0 0
    outer loop
      vertex -3.75 -21.75 3.85
      vertex -3.75 -21 3.05
      vertex -3.75 -21 3.85
    endloop
  endfacet
  facet normal 1 0 0
    outer loop
      vertex -3.75 -21 3.05
      vertex -3.75 -21.75 3.85
      vertex -3.75 -21.75 3.05
    endloop
  endfacet
  facet normal 0 1 -0
    outer loop
      vertex -3.75 -21 3.05
      vertex -4.5 -21 3.85
      vertex -3.75 -21 3.85
    endloop
  endfacet
  facet normal 0 1 0
    outer loop
      vertex -4.5 -21 3.85
      vertex -3.75 -21 3.05
      vertex -4.5 -21 3.05
    endloop
  endfacet
  facet normal -1 0 0
    outer loop
      vertex -4.5 -22 3.05
      vertex -4.5 -21 3.85
      vertex -4.5 -21 3.05
    endloop
  endfacet
  facet normal -1 -0 0
    outer loop
      vertex -4.5 -21 3.85
      vertex -4.5 -22 3.05
      vertex -4.5 -22 3.85
    endloop
  endfacet
  facet normal -0.999806 -0.0196906 0
    outer loop
      vertex -4.49884 -22.0589 3.05
      vertex -4.5 -22 3.85
      vertex -4.5 -22 3.05
    endloop
  endfacet
  facet normal -0.999806 -0.0196906 0
    outer loop
      vertex -4.5 -22 3.85
      vertex -4.49884 -22.0589 3.05
      vertex -4.49884 -22.0589 3.85
    endloop
  endfacet
  facet normal -0.998253 -0.0590803 0
    outer loop
      vertex -4.49536 -22.1177 3.05
      vertex -4.49884 -22.0589 3.85
      vertex -4.49884 -22.0589 3.05
    endloop
  endfacet
  facet normal -0.998253 -0.0590803 0
    outer loop
      vertex -4.49884 -22.0589 3.85
      vertex -4.49536 -22.1177 3.05
      vertex -4.49536 -22.1177 3.85
    endloop
  endfacet
  facet normal -0.995187 -0.0979903 0
    outer loop
      vertex -4.48959 -22.1763 3.05
      vertex -4.49536 -22.1177 3.85
      vertex -4.49536 -22.1177 3.05
    endloop
  endfacet
  facet normal -0.995187 -0.0979903 0
    outer loop
      vertex -4.49536 -22.1177 3.85
      vertex -4.48959 -22.1763 3.05
      vertex -4.48959 -22.1763 3.85
    endloop
  endfacet
  facet normal -0.990555 -0.137115 0
    outer loop
      vertex -4.48152 -22.2346 3.05
      vertex -4.48959 -22.1763 3.85
      vertex -4.48959 -22.1763 3.05
    endloop
  endfacet
  facet normal -0.990555 -0.137115 0
    outer loop
      vertex -4.48959 -22.1763 3.85
      vertex -4.48152 -22.2346 3.05
      vertex -4.48152 -22.2346 3.85
    endloop
  endfacet
  facet normal -0.984478 -0.175509 0
    outer loop
      vertex -4.47118 -22.2926 3.05
      vertex -4.48152 -22.2346 3.85
      vertex -4.48152 -22.2346 3.05
    endloop
  endfacet
  facet normal -0.984478 -0.175509 0
    outer loop
      vertex -4.48152 -22.2346 3.85
      vertex -4.47118 -22.2926 3.05
      vertex -4.47118 -22.2926 3.85
    endloop
  endfacet
  facet normal -0.976758 -0.214344 0
    outer loop
      vertex -4.45854 -22.3502 3.05
      vertex -4.47118 -22.2926 3.85
      vertex -4.47118 -22.2926 3.05
    endloop
  endfacet
  facet normal -0.976758 -0.214344 0
    outer loop
      vertex -4.47118 -22.2926 3.85
      vertex -4.45854 -22.3502 3.05
      vertex -4.45854 -22.3502 3.85
    endloop
  endfacet
  facet normal -0.967657 -0.25227 0
    outer loop
      vertex -4.44368 -22.4072 3.05
      vertex -4.45854 -22.3502 3.85
      vertex -4.45854 -22.3502 3.05
    endloop
  endfacet
  facet normal -0.967657 -0.25227 0
    outer loop
      vertex -4.45854 -22.3502 3.85
      vertex -4.44368 -22.4072 3.05
      vertex -4.44368 -22.4072 3.85
    endloop
  endfacet
  facet normal -0.956791 -0.290776 0
    outer loop
      vertex -4.42657 -22.4635 3.05
      vertex -4.44368 -22.4072 3.85
      vertex -4.44368 -22.4072 3.05
    endloop
  endfacet
  facet normal -0.956791 -0.290776 0
    outer loop
      vertex -4.44368 -22.4072 3.85
      vertex -4.42657 -22.4635 3.05
      vertex -4.42657 -22.4635 3.85
    endloop
  endfacet
  facet normal -0.944885 -0.327402 0
    outer loop
      vertex -4.40727 -22.5192 3.05
      vertex -4.42657 -22.4635 3.85
      vertex -4.42657 -22.4635 3.05
    endloop
  endfacet
  facet normal -0.944885 -0.327402 0
    outer loop
      vertex -4.42657 -22.4635 3.85
      vertex -4.40727 -22.5192 3.05
      vertex -4.40727 -22.5192 3.85
    endloop
  endfacet
  facet normal -0.931205 -0.364495 0
    outer loop
      vertex -4.38582 -22.574 3.05
      vertex -4.40727 -22.5192 3.85
      vertex -4.40727 -22.5192 3.05
    endloop
  endfacet
  facet normal -0.931205 -0.364495 0
    outer loop
      vertex -4.40727 -22.5192 3.85
      vertex -4.38582 -22.574 3.05
      vertex -4.38582 -22.574 3.85
    endloop
  endfacet
  facet normal -0.916251 -0.400605 0
    outer loop
      vertex -4.36221 -22.628 3.05
      vertex -4.38582 -22.574 3.85
      vertex -4.38582 -22.574 3.05
    endloop
  endfacet
  facet normal -0.916251 -0.400605 0
    outer loop
      vertex -4.38582 -22.574 3.85
      vertex -4.36221 -22.628 3.05
      vertex -4.36221 -22.628 3.85
    endloop
  endfacet
  facet normal -0.899727 -0.436453 0
    outer loop
      vertex -4.3365 -22.681 3.05
      vertex -4.36221 -22.628 3.85
      vertex -4.36221 -22.628 3.05
    endloop
  endfacet
  facet normal -0.899727 -0.436453 0
    outer loop
      vertex -4.36221 -22.628 3.85
      vertex -4.3365 -22.681 3.05
      vertex -4.3365 -22.681 3.85
    endloop
  endfacet
  facet normal -0.881717 -0.471778 0
    outer loop
      vertex -4.30873 -22.7329 3.05
      vertex -4.3365 -22.681 3.85
      vertex -4.3365 -22.681 3.05
    endloop
  endfacet
  facet normal -0.881717 -0.471778 0
    outer loop
      vertex -4.3365 -22.681 3.85
      vertex -4.30873 -22.7329 3.05
      vertex -4.30873 -22.7329 3.85
    endloop
  endfacet
  facet normal -0.862693 -0.505728 0
    outer loop
      vertex -4.27895 -22.7837 3.05
      vertex -4.30873 -22.7329 3.85
      vertex -4.30873 -22.7329 3.05
    endloop
  endfacet
  facet normal -0.862693 -0.505728 0
    outer loop
      vertex -4.30873 -22.7329 3.85
      vertex -4.27895 -22.7837 3.05
      vertex -4.27895 -22.7837 3.85
    endloop
  endfacet
  facet normal -0.842148 -0.539246 0
    outer loop
      vertex -4.24719 -22.8333 3.05
      vertex -4.27895 -22.7837 3.85
      vertex -4.27895 -22.7837 3.05
    endloop
  endfacet
  facet normal -0.842148 -0.539246 0
    outer loop
      vertex -4.27895 -22.7837 3.85
      vertex -4.24719 -22.8333 3.05
      vertex -4.24719 -22.8333 3.85
    endloop
  endfacet
  facet normal -0.820902 -0.571069 0
    outer loop
      vertex -4.21352 -22.8817 3.05
      vertex -4.24719 -22.8333 3.85
      vertex -4.24719 -22.8333 3.05
    endloop
  endfacet
  facet normal -0.820902 -0.571069 0
    outer loop
      vertex -4.24719 -22.8333 3.85
      vertex -4.21352 -22.8817 3.05
      vertex -4.21352 -22.8817 3.85
    endloop
  endfacet
  facet normal -0.796849 -0.604178 0
    outer loop
      vertex -4.17796 -22.9286 3.05
      vertex -4.21352 -22.8817 3.85
      vertex -4.21352 -22.8817 3.05
    endloop
  endfacet
  facet normal -0.796849 -0.604178 0
    outer loop
      vertex -4.21352 -22.8817 3.85
      vertex -4.17796 -22.9286 3.05
      vertex -4.17796 -22.9286 3.85
    endloop
  endfacet
  facet normal -0.773451 -0.633856 0
    outer loop
      vertex -4.14059 -22.9742 3.05
      vertex -4.17796 -22.9286 3.85
      vertex -4.17796 -22.9286 3.05
    endloop
  endfacet
  facet normal -0.773451 -0.633856 0
    outer loop
      vertex -4.17796 -22.9286 3.85
      vertex -4.14059 -22.9742 3.05
      vertex -4.14059 -22.9742 3.85
    endloop
  endfacet
  facet normal -0.747334 -0.664448 0
    outer loop
      vertex -4.10147 -23.0182 3.05
      vertex -4.14059 -22.9742 3.85
      vertex -4.14059 -22.9742 3.05
    endloop
  endfacet
  facet normal -0.747334 -0.664448 0
    outer loop
      vertex -4.14059 -22.9742 3.85
      vertex -4.10147 -23.0182 3.05
      vertex -4.10147 -23.0182 3.85
    endloop
  endfacet
  facet normal -0.721218 -0.692708 0
    outer loop
      vertex -4.06065 -23.0607 3.05
      vertex -4.10147 -23.0182 3.85
      vertex -4.10147 -23.0182 3.05
    endloop
  endfacet
  facet normal -0.721218 -0.692708 0
    outer loop
      vertex -4.10147 -23.0182 3.85
      vertex -4.06065 -23.0607 3.05
      vertex -4.06065 -23.0607 3.85
    endloop
  endfacet
  facet normal -0.692871 -0.721061 0
    outer loop
      vertex -4.06065 -23.0607 3.05
      vertex -4.01819 -23.1015 3.85
      vertex -4.06065 -23.0607 3.85
    endloop
  endfacet
  facet normal -0.692871 -0.721061 -0
    outer loop
      vertex -4.01819 -23.1015 3.85
      vertex -4.06065 -23.0607 3.05
      vertex -4.01819 -23.1015 3.05
    endloop
  endfacet
  facet normal -0.66409 -0.747653 0
    outer loop
      vertex -4.01819 -23.1015 3.05
      vertex -3.97417 -23.1406 3.85
      vertex -4.01819 -23.1015 3.85
    endloop
  endfacet
  facet normal -0.66409 -0.747653 -0
    outer loop
      vertex -3.97417 -23.1406 3.85
      vertex -4.01819 -23.1015 3.05
      vertex -3.97417 -23.1406 3.05
    endloop
  endfacet
  facet normal -0.63466 -0.772792 0
    outer loop
      vertex -3.97417 -23.1406 3.05
      vertex -3.92863 -23.178 3.85
      vertex -3.97417 -23.1406 3.85
    endloop
  endfacet
  facet normal -0.63466 -0.772792 -0
    outer loop
      vertex -3.92863 -23.178 3.85
      vertex -3.97417 -23.1406 3.05
      vertex -3.92863 -23.178 3.05
    endloop
  endfacet
  facet normal -0.60304 -0.797711 0
    outer loop
      vertex -3.92863 -23.178 3.05
      vertex -3.88167 -23.2135 3.85
      vertex -3.92863 -23.178 3.85
    endloop
  endfacet
  facet normal -0.60304 -0.797711 -0
    outer loop
      vertex -3.88167 -23.2135 3.85
      vertex -3.92863 -23.178 3.05
      vertex -3.88167 -23.2135 3.05
    endloop
  endfacet
  facet normal -0.571969 -0.820275 0
    outer loop
      vertex -3.88167 -23.2135 3.05
      vertex -3.83334 -23.2472 3.85
      vertex -3.88167 -23.2135 3.85
    endloop
  endfacet
  facet normal -0.571969 -0.820275 -0
    outer loop
      vertex -3.83334 -23.2472 3.85
      vertex -3.88167 -23.2135 3.05
      vertex -3.83334 -23.2472 3.05
    endloop
  endfacet
  facet normal -0.538523 -0.842611 0
    outer loop
      vertex -3.83334 -23.2472 3.05
      vertex -3.78374 -23.2789 3.85
      vertex -3.83334 -23.2472 3.85
    endloop
  endfacet
  facet normal -0.538523 -0.842611 -0
    outer loop
      vertex -3.78374 -23.2789 3.85
      vertex -3.83334 -23.2472 3.05
      vertex -3.78374 -23.2789 3.05
    endloop
  endfacet
  facet normal -0.505907 -0.862588 0
    outer loop
      vertex -3.78374 -23.2789 3.05
      vertex -3.73293 -23.3087 3.85
      vertex -3.78374 -23.2789 3.85
    endloop
  endfacet
  facet normal -0.505907 -0.862588 -0
    outer loop
      vertex -3.73293 -23.3087 3.85
      vertex -3.78374 -23.2789 3.05
      vertex -3.73293 -23.3087 3.05
    endloop
  endfacet
  facet normal -0.471821 -0.881694 0
    outer loop
      vertex -3.73293 -23.3087 3.05
      vertex -3.68098 -23.3365 3.85
      vertex -3.73293 -23.3087 3.85
    endloop
  endfacet
  facet normal -0.471821 -0.881694 -0
    outer loop
      vertex -3.68098 -23.3365 3.85
      vertex -3.73293 -23.3087 3.05
      vertex -3.68098 -23.3365 3.05
    endloop
  endfacet
  facet normal -0.436315 -0.899794 0
    outer loop
      vertex -3.68098 -23.3365 3.05
      vertex -3.62798 -23.3622 3.85
      vertex -3.68098 -23.3365 3.85
    endloop
  endfacet
  facet normal -0.436315 -0.899794 -0
    outer loop
      vertex -3.62798 -23.3622 3.85
      vertex -3.68098 -23.3365 3.05
      vertex -3.62798 -23.3622 3.05
    endloop
  endfacet
  facet normal -0.400712 -0.916204 0
    outer loop
      vertex -3.62798 -23.3622 3.05
      vertex -3.57402 -23.3858 3.85
      vertex -3.62798 -23.3622 3.85
    endloop
  endfacet
  facet normal -0.400712 -0.916204 -0
    outer loop
      vertex -3.57402 -23.3858 3.85
      vertex -3.62798 -23.3622 3.05
      vertex -3.57402 -23.3858 3.05
    endloop
  endfacet
  facet normal -0.364943 -0.93103 0
    outer loop
      vertex -3.57402 -23.3858 3.05
      vertex -3.51917 -23.4073 3.85
      vertex -3.57402 -23.3858 3.85
    endloop
  endfacet
  facet normal -0.364943 -0.93103 -0
    outer loop
      vertex -3.51917 -23.4073 3.85
      vertex -3.57402 -23.3858 3.05
      vertex -3.51917 -23.4073 3.05
    endloop
  endfacet
  facet normal -0.327664 -0.944794 0
    outer loop
      vertex -3.51917 -23.4073 3.05
      vertex -3.46352 -23.4266 3.85
      vertex -3.51917 -23.4073 3.85
    endloop
  endfacet
  facet normal -0.327664 -0.944794 -0
    outer loop
      vertex -3.46352 -23.4266 3.85
      vertex -3.51917 -23.4073 3.05
      vertex -3.46352 -23.4266 3.05
    endloop
  endfacet
  facet normal -0.29029 -0.956939 0
    outer loop
      vertex -3.46352 -23.4266 3.05
      vertex -3.40715 -23.4437 3.85
      vertex -3.46352 -23.4266 3.85
    endloop
  endfacet
  facet normal -0.29029 -0.956939 -0
    outer loop
      vertex -3.40715 -23.4437 3.85
      vertex -3.46352 -23.4266 3.05
      vertex -3.40715 -23.4437 3.05
    endloop
  endfacet
  facet normal -0.251357 -0.967894 0
    outer loop
      vertex -3.40715 -23.4437 3.05
      vertex -3.35016 -23.4585 3.85
      vertex -3.40715 -23.4437 3.85
    endloop
  endfacet
  facet normal -0.251357 -0.967894 -0
    outer loop
      vertex -3.35016 -23.4585 3.85
      vertex -3.40715 -23.4437 3.05
      vertex -3.35016 -23.4585 3.05
    endloop
  endfacet
  facet normal -0.215564 -0.97649 0
    outer loop
      vertex -3.35016 -23.4585 3.05
      vertex -3.29263 -23.4712 3.85
      vertex -3.35016 -23.4585 3.85
    endloop
  endfacet
  facet normal -0.215564 -0.97649 -0
    outer loop
      vertex -3.29263 -23.4712 3.85
      vertex -3.35016 -23.4585 3.05
      vertex -3.29263 -23.4712 3.05
    endloop
  endfacet
  facet normal -0.174909 -0.984585 0
    outer loop
      vertex -3.29263 -23.4712 3.05
      vertex -3.23465 -23.4815 3.85
      vertex -3.29263 -23.4712 3.85
    endloop
  endfacet
  facet normal -0.174909 -0.984585 -0
    outer loop
      vertex -3.23465 -23.4815 3.85
      vertex -3.29263 -23.4712 3.05
      vertex -3.23465 -23.4815 3.05
    endloop
  endfacet
  facet normal -0.137499 -0.990502 0
    outer loop
      vertex -3.23465 -23.4815 3.05
      vertex -3.1763 -23.4896 3.85
      vertex -3.23465 -23.4815 3.85
    endloop
  endfacet
  facet normal -0.137499 -0.990502 -0
    outer loop
      vertex -3.1763 -23.4896 3.85
      vertex -3.23465 -23.4815 3.05
      vertex -3.1763 -23.4896 3.05
    endloop
  endfacet
  facet normal -0.0984616 -0.995141 0
    outer loop
      vertex -3.1763 -23.4896 3.05
      vertex -3.11768 -23.4954 3.85
      vertex -3.1763 -23.4896 3.85
    endloop
  endfacet
  facet normal -0.0984616 -0.995141 -0
    outer loop
      vertex -3.11768 -23.4954 3.85
      vertex -3.1763 -23.4896 3.05
      vertex -3.11768 -23.4954 3.05
    endloop
  endfacet
  facet normal -0.0577267 -0.998332 0
    outer loop
      vertex -3.11768 -23.4954 3.05
      vertex -3.05888 -23.4988 3.85
      vertex -3.11768 -23.4954 3.85
    endloop
  endfacet
  facet normal -0.0577267 -0.998332 -0
    outer loop
      vertex -3.05888 -23.4988 3.85
      vertex -3.11768 -23.4954 3.05
      vertex -3.05888 -23.4988 3.05
    endloop
  endfacet
  facet normal -0.0203762 -0.999792 0
    outer loop
      vertex -3.05888 -23.4988 3.05
      vertex -3 -23.5 3.85
      vertex -3.05888 -23.4988 3.85
    endloop
  endfacet
  facet normal -0.0203762 -0.999792 -0
    outer loop
      vertex -3 -23.5 3.85
      vertex -3.05888 -23.4988 3.05
      vertex -3 -23.5 3.05
    endloop
  endfacet
  facet normal 0 -1 0
    outer loop
      vertex -3 -23.5 3.05
      vertex 3 -23.5 3.85
      vertex -3 -23.5 3.85
    endloop
  endfacet
  facet normal 0 -1 -0
    outer loop
      vertex 3 -23.5 3.85
      vertex -3 -23.5 3.05
      vertex 3 -23.5 3.05
    endloop
  endfacet
  facet normal 0.0203762 -0.999792 0
    outer loop
      vertex 3 -23.5 3.05
      vertex 3.05888 -23.4988 3.85
      vertex 3 -23.5 3.85
    endloop
  endfacet
  facet normal 0.0203762 -0.999792 0
    outer loop
      vertex 3.05888 -23.4988 3.85
      vertex 3 -23.5 3.05
      vertex 3.05888 -23.4988 3.05
    endloop
  endfacet
endsolid OpenSCAD_Model
