solid OpenSCAD_Model
  facet normal 0.976769 -0.214297 0
    outer loop
      vertex 26.254 -6.30302 2
      vertex 26.4812 -5.26744 0
      vertex 26.4812 -5.26744 2
    endloop
  endfacet
  facet normal 0.976769 -0.214297 0
    outer loop
      vertex 26.4812 -5.26744 0
      vertex 26.254 -6.30302 2
      vertex 26.254 -6.30302 0
    endloop
  endfacet
  facet normal 0.471381 -0.88193 0
    outer loop
      vertex 12.2577 -24.0572 0
      vertex 13.1928 -23.5574 2
      vertex 12.2577 -24.0572 2
    endloop
  endfacet
  facet normal 0.471381 -0.88193 0
    outer loop
      vertex 13.1928 -23.5574 2
      vertex 12.2577 -24.0572 0
      vertex 13.1928 -23.5574 0
    endloop
  endfacet
  facet normal -0.84221 -0.53915 0
    outer loop
      vertex -22.4497 -15.0004 0
      vertex -23.0213 -14.1075 2
      vertex -23.0213 -14.1075 0
    endloop
  endfacet
  facet normal -0.84221 -0.53915 0
    outer loop
      vertex -23.0213 -14.1075 2
      vertex -22.4497 -15.0004 0
      vertex -22.4497 -15.0004 2
    endloop
  endfacet
  facet normal 0.84221 0.53915 0
    outer loop
      vertex 23.0213 14.1075 2
      vertex 22.4497 15.0004 0
      vertex 22.4497 15.0004 2
    endloop
  endfacet
  facet normal 0.84221 0.53915 0
    outer loop
      vertex 22.4497 15.0004 0
      vertex 23.0213 14.1075 2
      vertex 23.0213 14.1075 0
    endloop
  endfacet
  facet normal 0.214297 0.976769 -0
    outer loop
      vertex 6.30302 26.254 0
      vertex 5.26744 26.4812 2
      vertex 6.30302 26.254 2
    endloop
  endfacet
  facet normal 0.214297 0.976769 0
    outer loop
      vertex 5.26744 26.4812 2
      vertex 6.30302 26.254 0
      vertex 5.26744 26.4812 0
    endloop
  endfacet
  facet normal 0.664288 0.747477 -0
    outer loop
      vertex 18.3276 19.8267 0
      vertex 17.5351 20.531 2
      vertex 18.3276 19.8267 2
    endloop
  endfacet
  facet normal 0.664288 0.747477 0
    outer loop
      vertex 17.5351 20.531 2
      vertex 18.3276 19.8267 0
      vertex 17.5351 20.531 0
    endloop
  endfacet
  facet normal -0.364522 0.931195 0
    outer loop
      vertex -9.34516 25.3312 0
      vertex -10.3325 24.9447 2
      vertex -9.34516 25.3312 2
    endloop
  endfacet
  facet normal -0.364522 0.931195 0
    outer loop
      vertex -10.3325 24.9447 2
      vertex -9.34516 25.3312 0
      vertex -10.3325 24.9447 0
    endloop
  endfacet
  facet normal 0.88193 -0.471381 0
    outer loop
      vertex 23.5574 -13.1928 2
      vertex 24.0572 -12.2577 0
      vertex 24.0572 -12.2577 2
    endloop
  endfacet
  facet normal 0.88193 -0.471381 0
    outer loop
      vertex 24.0572 -12.2577 0
      vertex 23.5574 -13.1928 2
      vertex 23.5574 -13.1928 0
    endloop
  endfacet
  facet normal 0.773024 -0.634377 0
    outer loop
      vertex 20.531 -17.5351 2
      vertex 21.2036 -16.7155 0
      vertex 21.2036 -16.7155 2
    endloop
  endfacet
  facet normal 0.773024 -0.634377 0
    outer loop
      vertex 21.2036 -16.7155 0
      vertex 20.531 -17.5351 2
      vertex 20.531 -17.5351 0
    endloop
  endfacet
  facet normal 0.214297 -0.976769 0
    outer loop
      vertex 5.26744 -26.4812 0
      vertex 6.30302 -26.254 2
      vertex 5.26744 -26.4812 2
    endloop
  endfacet
  facet normal 0.214297 -0.976769 0
    outer loop
      vertex 6.30302 -26.254 2
      vertex 5.26744 -26.4812 0
      vertex 6.30302 -26.254 0
    endloop
  endfacet
  facet normal 0.136954 -0.990577 0
    outer loop
      vertex 3.17351 -26.8128 0
      vertex 4.22373 -26.6676 2
      vertex 3.17351 -26.8128 2
    endloop
  endfacet
  facet normal 0.136954 -0.990577 0
    outer loop
      vertex 4.22373 -26.6676 2
      vertex 3.17351 -26.8128 0
      vertex 4.22373 -26.6676 0
    endloop
  endfacet
  facet normal 0.664288 -0.747477 0
    outer loop
      vertex 17.5351 -20.531 0
      vertex 18.3276 -19.8267 2
      vertex 17.5351 -20.531 2
    endloop
  endfacet
  facet normal 0.664288 -0.747477 0
    outer loop
      vertex 18.3276 -19.8267 2
      vertex 17.5351 -20.531 0
      vertex 18.3276 -19.8267 0
    endloop
  endfacet
  facet normal 0.505647 -0.862741 0
    outer loop
      vertex 13.1928 -23.5574 0
      vertex 14.1075 -23.0213 2
      vertex 13.1928 -23.5574 2
    endloop
  endfacet
  facet normal 0.505647 -0.862741 0
    outer loop
      vertex 14.1075 -23.0213 2
      vertex 13.1928 -23.5574 0
      vertex 14.1075 -23.0213 0
    endloop
  endfacet
  facet normal -0.976769 -0.214297 0
    outer loop
      vertex -26.254 -6.30302 0
      vertex -26.4812 -5.26744 2
      vertex -26.4812 -5.26744 0
    endloop
  endfacet
  facet normal -0.976769 -0.214297 0
    outer loop
      vertex -26.4812 -5.26744 2
      vertex -26.254 -6.30302 0
      vertex -26.254 -6.30302 2
    endloop
  endfacet
  facet normal -0.990577 -0.136954 0
    outer loop
      vertex -26.6676 -4.22373 0
      vertex -26.8128 -3.17351 2
      vertex -26.8128 -3.17351 0
    endloop
  endfacet
  facet normal -0.990577 -0.136954 0
    outer loop
      vertex -26.8128 -3.17351 2
      vertex -26.6676 -4.22373 0
      vertex -26.6676 -4.22373 2
    endloop
  endfacet
  facet normal -0.53915 -0.84221 0
    outer loop
      vertex -15.0004 -22.4497 0
      vertex -14.1075 -23.0213 2
      vertex -15.0004 -22.4497 2
    endloop
  endfacet
  facet normal -0.53915 -0.84221 -0
    outer loop
      vertex -14.1075 -23.0213 2
      vertex -15.0004 -22.4497 0
      vertex -14.1075 -23.0213 0
    endloop
  endfacet
  facet normal -0.634377 -0.773024 0
    outer loop
      vertex -17.5351 -20.531 0
      vertex -16.7155 -21.2036 2
      vertex -17.5351 -20.531 2
    endloop
  endfacet
  facet normal -0.634377 -0.773024 -0
    outer loop
      vertex -16.7155 -21.2036 2
      vertex -17.5351 -20.531 0
      vertex -16.7155 -21.2036 0
    endloop
  endfacet
  facet normal -0.0980916 -0.995177 0
    outer loop
      vertex -3.17351 -26.8128 0
      vertex -2.11839 -26.9168 2
      vertex -3.17351 -26.8128 2
    endloop
  endfacet
  facet normal -0.0980916 -0.995177 -0
    outer loop
      vertex -2.11839 -26.9168 2
      vertex -3.17351 -26.8128 0
      vertex -2.11839 -26.9168 0
    endloop
  endfacet
  facet normal -0.290314 -0.956932 0
    outer loop
      vertex -8.34346 -25.6785 0
      vertex -7.32889 -25.9863 2
      vertex -8.34346 -25.6785 2
    endloop
  endfacet
  facet normal -0.290314 -0.956932 -0
    outer loop
      vertex -7.32889 -25.9863 2
      vertex -8.34346 -25.6785 0
      vertex -7.32889 -25.9863 0
    endloop
  endfacet
  facet normal 0.976769 0.214297 0
    outer loop
      vertex 26.4812 5.26744 2
      vertex 26.254 6.30302 0
      vertex 26.254 6.30302 2
    endloop
  endfacet
  facet normal 0.976769 0.214297 0
    outer loop
      vertex 26.254 6.30302 0
      vertex 26.4812 5.26744 2
      vertex 26.4812 5.26744 0
    endloop
  endfacet
  facet normal 0.136954 0.990577 -0
    outer loop
      vertex 4.22373 26.6676 0
      vertex 3.17351 26.8128 2
      vertex 4.22373 26.6676 2
    endloop
  endfacet
  facet normal 0.136954 0.990577 0
    outer loop
      vertex 3.17351 26.8128 2
      vertex 4.22373 26.6676 0
      vertex 3.17351 26.8128 0
    endloop
  endfacet
  facet normal -0.720882 0.693058 0
    outer loop
      vertex -19.8267 18.3276 0
      vertex -19.0919 19.0919 2
      vertex -19.0919 19.0919 0
    endloop
  endfacet
  facet normal -0.720882 0.693058 0
    outer loop
      vertex -19.0919 19.0919 2
      vertex -19.8267 18.3276 0
      vertex -19.8267 18.3276 2
    endloop
  endfacet
  facet normal -0.916207 0.400705 0
    outer loop
      vertex -24.9447 10.3325 0
      vertex -24.5199 11.3038 2
      vertex -24.5199 11.3038 0
    endloop
  endfacet
  facet normal -0.916207 0.400705 0
    outer loop
      vertex -24.5199 11.3038 2
      vertex -24.9447 10.3325 0
      vertex -24.9447 10.3325 2
    endloop
  endfacet
  facet normal -0.998266 0.0588558 0
    outer loop
      vertex -26.9792 1.06001 0
      vertex -26.9168 2.11839 2
      vertex -26.9168 2.11839 0
    endloop
  endfacet
  facet normal -0.998266 0.0588558 0
    outer loop
      vertex -26.9168 2.11839 2
      vertex -26.9792 1.06001 0
      vertex -26.9792 1.06001 2
    endloop
  endfacet
  facet normal 0 0 1
    outer loop
      vertex 3.36852 0.276443 2
      vertex 6.03065 0.68602 2
      vertex 5.70308 2.07851 2
    endloop
  endfacet
  facet normal 0 0 1
    outer loop
      vertex 6.03065 0.68602 2
      vertex 3.36852 0.276443 2
      vertex 6.03065 -0.68602 2
    endloop
  endfacet
  facet normal 0 0 1
    outer loop
      vertex 3.02043 1.50505 2
      vertex 5.70308 2.07851 2
      vertex 5.08867 3.3071 2
    endloop
  endfacet
  facet normal -0 0 1
    outer loop
      vertex 3.20474 -0.19455 2
      vertex 6.03065 -0.68602 2
      vertex 3.36852 0.276443 2
    endloop
  endfacet
  facet normal 0 0 1
    outer loop
      vertex 3.02043 1.50505 2
      vertex 5.08867 3.3071 2
      vertex 4.02386 4.5358 2
    endloop
  endfacet
  facet normal 0 0 1
    outer loop
      vertex 6.03065 -0.68602 2
      vertex 3.20474 -0.19455 2
      vertex 5.64162 -2.24229 2
    endloop
  endfacet
  facet normal 0 0 1
    outer loop
      vertex 5.64162 -2.24229 2
      vertex 3.20474 -0.19455 2
      vertex 4.90437 -3.57339 2
    endloop
  endfacet
  facet normal 0 0 1
    outer loop
      vertex 5.70308 2.07851 2
      vertex 3.02043 1.50505 2
      vertex 3.36852 0.276443 2
    endloop
  endfacet
  facet normal 0 0 1
    outer loop
      vertex 1.70982 2.89754 2
      vertex 4.02386 4.5358 2
      vertex 2.918 5.31398 2
    endloop
  endfacet
  facet normal 0 0 1
    outer loop
      vertex 4.02386 4.5358 2
      vertex 1.70982 2.89754 2
      vertex 3.02043 1.50505 2
    endloop
  endfacet
  facet normal 0 0 1
    outer loop
      vertex 1.52551 5.86693 2
      vertex 1.70982 2.89754 2
      vertex 2.918 5.31398 2
    endloop
  endfacet
  facet normal 0 0 1
    outer loop
      vertex 1.52551 5.86693 2
      vertex 0.317337 3.34804 2
      vertex 1.70982 2.89754 2
    endloop
  endfacet
  facet normal 0 0 1
    outer loop
      vertex 0.194504 6.05112 2
      vertex 0.317337 3.34804 2
      vertex 1.52551 5.86693 2
    endloop
  endfacet
  facet normal 0 0 1
    outer loop
      vertex 0.194504 6.05112 2
      vertex -0.76796 3.26614 2
      vertex 0.317337 3.34804 2
    endloop
  endfacet
  facet normal -0 0 1
    outer loop
      vertex -1.23889 5.92828 2
      vertex -0.76796 3.26614 2
      vertex 0.194504 6.05112 2
    endloop
  endfacet
  facet normal -0 0 1
    outer loop
      vertex -2.65192 5.43683 2
      vertex -0.76796 3.26614 2
      vertex -1.23889 5.92828 2
    endloop
  endfacet
  facet normal 0 0 1
    outer loop
      vertex -0.76796 3.26614 2
      vertex -2.65192 5.43683 2
      vertex -1.64847 2.91806 2
    endloop
  endfacet
  facet normal -0 0 1
    outer loop
      vertex -4.10587 4.4334 2
      vertex -1.64847 2.91806 2
      vertex -2.65192 5.43683 2
    endloop
  endfacet
  facet normal 0 0 1
    outer loop
      vertex -1.64847 2.91806 2
      vertex -4.10587 4.4334 2
      vertex -2.93863 1.60747 2
    endloop
  endfacet
  facet normal -0 0 1
    outer loop
      vertex -5.23215 3.02048 2
      vertex -2.93863 1.60747 2
      vertex -4.10587 4.4334 2
    endloop
  endfacet
  facet normal -0 0 1
    outer loop
      vertex 0.501663 -2.50859 2
      vertex 4.90437 -3.57339 2
      vertex 3.20474 -0.19455 2
    endloop
  endfacet
  facet normal 0 0 1
    outer loop
      vertex 0.501663 -2.50859 2
      vertex 3.20474 -0.19455 2
      vertex 2.44707 -0.112671 2
    endloop
  endfacet
  facet normal 0 0 1
    outer loop
      vertex 4.90437 -3.57339 2
      vertex 0.501663 -2.50859 2
      vertex 3.90103 -4.63823 2
    endloop
  endfacet
  facet normal 0 0 1
    outer loop
      vertex -1.19795 -1.99661 2
      vertex 2.44707 -0.112671 2
      vertex 2.07846 1.09547 2
    endloop
  endfacet
  facet normal 0 0 1
    outer loop
      vertex -1.19795 -1.99661 2
      vertex 2.07846 1.09547 2
      vertex 1.32079 1.93513 2
    endloop
  endfacet
  facet normal 0 0 1
    outer loop
      vertex 3.90103 -4.63823 2
      vertex 0.501663 -2.50859 2
      vertex 2.1194 -5.68262 2
    endloop
  endfacet
  facet normal 0 0 1
    outer loop
      vertex 2.1194 -5.68262 2
      vertex 0.501663 -2.50859 2
      vertex 0.563141 -5.98976 2
    endloop
  endfacet
  facet normal 0 0 1
    outer loop
      vertex -1.19795 -1.99661 2
      vertex 1.32079 1.93513 2
      vertex -0.23555 2.32419 2
    endloop
  endfacet
  facet normal 0 0 1
    outer loop
      vertex -1.19795 -1.99661 2
      vertex -0.23555 2.32419 2
      vertex -1.157 2.01703 2
    endloop
  endfacet
  facet normal 0 0 1
    outer loop
      vertex 2.44707 -0.112671 2
      vertex -1.19795 -1.99661 2
      vertex 0.501663 -2.50859 2
    endloop
  endfacet
  facet normal -0 0 1
    outer loop
      vertex -1.89424 1.34126 2
      vertex -1.19795 -1.99661 2
      vertex -1.157 2.01703 2
    endloop
  endfacet
  facet normal 0 0 1
    outer loop
      vertex -1.89424 1.34126 2
      vertex -2.2014 -0.747482 2
      vertex -1.19795 -1.99661 2
    endloop
  endfacet
  facet normal 0 -0 1
    outer loop
      vertex -2.2014 -0.747482 2
      vertex -1.89424 1.34126 2
      vertex -2.28328 0.419708 2
    endloop
  endfacet
  facet normal -0 0 1
    outer loop
      vertex 7.0341 1.38222 2
      vertex 7.81229 1.36179 2
      vertex 7.27988 3.14331 2
    endloop
  endfacet
  facet normal 0 -0 1
    outer loop
      vertex 7.13651 -0.645081 2
      vertex 7.81229 1.36179 2
      vertex 7.0341 1.38222 2
    endloop
  endfacet
  facet normal 0 0 1
    outer loop
      vertex 6.74736 -2.42661 2
      vertex 7.87364 -0.911285 2
      vertex 7.13651 -0.645081 2
    endloop
  endfacet
  facet normal 0 0 1
    outer loop
      vertex 7.81229 1.36179 2
      vertex 7.13651 -0.645081 2
      vertex 7.87364 -0.911285 2
    endloop
  endfacet
  facet normal 0 0 1
    outer loop
      vertex 7.27988 3.14331 2
      vertex 6.50169 3.02048 2
      vertex 7.0341 1.38222 2
    endloop
  endfacet
  facet normal 0 0 1
    outer loop
      vertex 6.21497 4.90443 2
      vertex 6.50169 3.02048 2
      vertex 7.27988 3.14331 2
    endloop
  endfacet
  facet normal 0 0 1
    outer loop
      vertex 6.21497 4.90443 2
      vertex 5.41635 4.67917 2
      vertex 6.50169 3.02048 2
    endloop
  endfacet
  facet normal 0 0 1
    outer loop
      vertex 4.5768 6.46069 2
      vertex 5.41635 4.67917 2
      vertex 6.21497 4.90443 2
    endloop
  endfacet
  facet normal 0 0 1
    outer loop
      vertex 4.5768 6.46069 2
      vertex 3.98293 5.94882 2
      vertex 5.41635 4.67917 2
    endloop
  endfacet
  facet normal 0 0 1
    outer loop
      vertex 2.8157 7.40266 2
      vertex 3.98293 5.94882 2
      vertex 4.5768 6.46069 2
    endloop
  endfacet
  facet normal 0 0 1
    outer loop
      vertex 2.8157 7.40266 2
      vertex 2.34467 6.76794 2
      vertex 3.98293 5.94882 2
    endloop
  endfacet
  facet normal 0 0 1
    outer loop
      vertex 1.01364 7.85318 2
      vertex 2.34467 6.76794 2
      vertex 2.8157 7.40266 2
    endloop
  endfacet
  facet normal 0 0 1
    outer loop
      vertex 1.01364 7.85318 2
      vertex 0.747437 7.11604 2
      vertex 2.34467 6.76794 2
    endloop
  endfacet
  facet normal -0 0 1
    outer loop
      vertex -1.11606 7.83275 2
      vertex 0.747437 7.11604 2
      vertex 1.01364 7.85318 2
    endloop
  endfacet
  facet normal 0 0 1
    outer loop
      vertex 0.747437 7.11604 2
      vertex -1.11606 7.83275 2
      vertex -1.03416 7.0751 2
    endloop
  endfacet
  facet normal 0 0 1
    outer loop
      vertex -1.11606 7.83275 2
      vertex -2.79527 6.58363 2
      vertex -1.03416 7.0751 2
    endloop
  endfacet
  facet normal -0 0 1
    outer loop
      vertex -3.12285 7.25941 2
      vertex -2.79527 6.58363 2
      vertex -1.11606 7.83275 2
    endloop
  endfacet
  facet normal 0 0 1
    outer loop
      vertex -4.94542 6.15355 2
      vertex -2.79527 6.58363 2
      vertex -3.12285 7.25941 2
    endloop
  endfacet
  facet normal 0 0 1
    outer loop
      vertex -2.79527 6.58363 2
      vertex -4.94542 6.15355 2
      vertex -4.53584 5.51872 2
    endloop
  endfacet
  facet normal 0 0 1
    outer loop
      vertex -6.29697 4.76106 2
      vertex -4.53584 5.51872 2
      vertex -4.94542 6.15355 2
    endloop
  endfacet
  facet normal 0 0 1
    outer loop
      vertex -4.53584 5.51872 2
      vertex -6.29697 4.76106 2
      vertex -5.78497 4.1877 2
    endloop
  endfacet
  facet normal 0 0 1
    outer loop
      vertex -7.30042 2.99994 2
      vertex -5.78497 4.1877 2
      vertex -6.29697 4.76106 2
    endloop
  endfacet
  facet normal 0 0 1
    outer loop
      vertex -5.78497 4.1877 2
      vertex -7.30042 2.99994 2
      vertex -6.74747 2.34471 2
    endloop
  endfacet
  facet normal 0 0 1
    outer loop
      vertex -7.81229 0.583603 2
      vertex -6.74747 2.34471 2
      vertex -7.30042 2.99994 2
    endloop
  endfacet
  facet normal 0 0 1
    outer loop
      vertex -6.74747 2.34471 2
      vertex -7.81229 0.583603 2
      vertex -7.11609 0.604034 2
    endloop
  endfacet
  facet normal 0 0 1
    outer loop
      vertex 7.87364 -0.911285 2
      vertex 6.74736 -2.42661 2
      vertex 7.25937 -3.18436 2
    endloop
  endfacet
  facet normal 0 0 1
    outer loop
      vertex 5.94876 -4.00339 2
      vertex 7.25937 -3.18436 2
      vertex 6.74736 -2.42661 2
    endloop
  endfacet
  facet normal -0 0 1
    outer loop
      vertex 5.94876 -4.00339 2
      vertex 5.90782 -5.27304 2
      vertex 7.25937 -3.18436 2
    endloop
  endfacet
  facet normal 0 0 1
    outer loop
      vertex 4.72006 -5.39587 2
      vertex 5.90782 -5.27304 2
      vertex 5.94876 -4.00339 2
    endloop
  endfacet
  facet normal -0 0 1
    outer loop
      vertex 4.72006 -5.39587 2
      vertex 4.04428 -6.8089 2
      vertex 5.90782 -5.27304 2
    endloop
  endfacet
  facet normal -0 0 1
    outer loop
      vertex 2.93854 -6.54269 2
      vertex 4.04428 -6.8089 2
      vertex 4.72006 -5.39587 2
    endloop
  endfacet
  facet normal 0 0 1
    outer loop
      vertex 2.93854 -6.54269 2
      vertex 1.87372 -7.79181 2
      vertex 4.04428 -6.8089 2
    endloop
  endfacet
  facet normal 0 0 1
    outer loop
      vertex 0.542603 -8.07854 2
      vertex 1.87372 -7.79181 2
      vertex 1.157 -7.0751 2
    endloop
  endfacet
  facet normal -0 0 1
    outer loop
      vertex 1.157 -7.0751 2
      vertex 1.87372 -7.79181 2
      vertex 2.93854 -6.54269 2
    endloop
  endfacet
  facet normal 0 0 1
    outer loop
      vertex 8.97952 0.972641 2
      vertex 24 0 2
      vertex 23.9815 0.942235 2
    endloop
  endfacet
  facet normal -0 0 1
    outer loop
      vertex 8.97952 0.972641 2
      vertex 23.9815 0.942235 2
      vertex 23.926 1.88302 2
    endloop
  endfacet
  facet normal 0 0 1
    outer loop
      vertex 8.97952 -0.993164 2
      vertex 24 0 2
      vertex 8.97952 0.972641 2
    endloop
  endfacet
  facet normal 0 0 1
    outer loop
      vertex 8.97952 0.972641 2
      vertex 23.926 1.88302 2
      vertex 23.8336 2.8209 2
    endloop
  endfacet
  facet normal 0 0 1
    outer loop
      vertex 24 0 2
      vertex 8.97952 -0.993164 2
      vertex 23.9815 -0.942235 2
    endloop
  endfacet
  facet normal 0 0 1
    outer loop
      vertex 8.97952 0.972641 2
      vertex 23.8336 2.8209 2
      vertex 23.7045 3.75443 2
    endloop
  endfacet
  facet normal 0 0 1
    outer loop
      vertex 23.9815 -0.942235 2
      vertex 8.97952 -0.993164 2
      vertex 23.926 -1.88302 2
    endloop
  endfacet
  facet normal 0 0 1
    outer loop
      vertex 8.97952 0.972641 2
      vertex 23.7045 3.75443 2
      vertex 23.5388 4.68217 2
    endloop
  endfacet
  facet normal 0 0 1
    outer loop
      vertex 23.926 -1.88302 2
      vertex 8.97952 -0.993164 2
      vertex 23.8336 -2.8209 2
    endloop
  endfacet
  facet normal 0 0 1
    outer loop
      vertex 8.63142 2.67227 2
      vertex 23.5388 4.68217 2
      vertex 23.3369 5.60269 2
    endloop
  endfacet
  facet normal 0 0 1
    outer loop
      vertex 23.8336 -2.8209 2
      vertex 8.97952 -0.993164 2
      vertex 23.7045 -3.75443 2
    endloop
  endfacet
  facet normal 0 0 1
    outer loop
      vertex 8.63142 2.67227 2
      vertex 23.3369 5.60269 2
      vertex 23.0989 6.51457 2
    endloop
  endfacet
  facet normal 0 0 1
    outer loop
      vertex 23.7045 -3.75443 2
      vertex 8.97952 -0.993164 2
      vertex 23.5388 -4.68217 2
    endloop
  endfacet
  facet normal 0 0 1
    outer loop
      vertex 8.63142 2.67227 2
      vertex 23.0989 6.51457 2
      vertex 22.8254 7.41641 2
    endloop
  endfacet
  facet normal -0 0 1
    outer loop
      vertex 8.63142 -2.67238 2
      vertex 23.5388 -4.68217 2
      vertex 8.97952 -0.993164 2
    endloop
  endfacet
  facet normal 0 0 1
    outer loop
      vertex 8.63142 2.67227 2
      vertex 22.8254 7.41641 2
      vertex 22.5166 8.30681 2
    endloop
  endfacet
  facet normal 0 0 1
    outer loop
      vertex 23.5388 -4.68217 2
      vertex 8.63142 -2.67238 2
      vertex 23.3369 -5.60269 2
    endloop
  endfacet
  facet normal 0 0 1
    outer loop
      vertex 8.63142 2.67227 2
      vertex 22.5166 8.30681 2
      vertex 22.1731 9.1844 2
    endloop
  endfacet
  facet normal 0 0 1
    outer loop
      vertex 23.3369 -5.60269 2
      vertex 8.63142 -2.67238 2
      vertex 23.0989 -6.51457 2
    endloop
  endfacet
  facet normal 0 0 1
    outer loop
      vertex 7.95566 4.26959 2
      vertex 22.1731 9.1844 2
      vertex 21.7954 10.0478 2
    endloop
  endfacet
  facet normal 0 0 1
    outer loop
      vertex 23.0989 -6.51457 2
      vertex 8.63142 -2.67238 2
      vertex 22.8254 -7.41641 2
    endloop
  endfacet
  facet normal 0 0 1
    outer loop
      vertex 7.95566 4.26959 2
      vertex 21.7954 10.0478 2
      vertex 21.3842 10.8958 2
    endloop
  endfacet
  facet normal 0 0 1
    outer loop
      vertex 22.8254 -7.41641 2
      vertex 8.63142 -2.67238 2
      vertex 22.5166 -8.30681 2
    endloop
  endfacet
  facet normal 0 0 1
    outer loop
      vertex 7.95566 4.26959 2
      vertex 21.3842 10.8958 2
      vertex 20.9399 11.7269 2
    endloop
  endfacet
  facet normal 0 0 1
    outer loop
      vertex 22.5166 -8.30681 2
      vertex 8.63142 -2.67238 2
      vertex 22.1731 -9.1844 2
    endloop
  endfacet
  facet normal 0 0 1
    outer loop
      vertex 7.95566 4.26959 2
      vertex 20.9399 11.7269 2
      vertex 20.4634 12.54 2
    endloop
  endfacet
  facet normal -0 0 1
    outer loop
      vertex 8.01701 -4.16728 2
      vertex 22.1731 -9.1844 2
      vertex 8.63142 -2.67238 2
    endloop
  endfacet
  facet normal 0 0 1
    outer loop
      vertex 7.95566 4.26959 2
      vertex 20.4634 12.54 2
      vertex 19.9553 13.3337 2
    endloop
  endfacet
  facet normal 0 0 1
    outer loop
      vertex 22.1731 -9.1844 2
      vertex 8.01701 -4.16728 2
      vertex 21.7954 -10.0478 2
    endloop
  endfacet
  facet normal 0 0 1
    outer loop
      vertex 6.95221 5.76451 2
      vertex 19.9553 13.3337 2
      vertex 19.4164 14.1068 2
    endloop
  endfacet
  facet normal 0 0 1
    outer loop
      vertex 21.7954 -10.0478 2
      vertex 8.01701 -4.16728 2
      vertex 21.3842 -10.8958 2
    endloop
  endfacet
  facet normal 0 0 1
    outer loop
      vertex 6.95221 5.76451 2
      vertex 19.4164 14.1068 2
      vertex 18.8476 14.8583 2
    endloop
  endfacet
  facet normal 0 0 1
    outer loop
      vertex 21.3842 -10.8958 2
      vertex 8.01701 -4.16728 2
      vertex 20.9399 -11.7269 2
    endloop
  endfacet
  facet normal 0 0 1
    outer loop
      vertex 6.95221 5.76451 2
      vertex 18.8476 14.8583 2
      vertex 18.2497 15.5868 2
    endloop
  endfacet
  facet normal 0 0 1
    outer loop
      vertex 20.9399 -11.7269 2
      vertex 8.01701 -4.16728 2
      vertex 20.4634 -12.54 2
    endloop
  endfacet
  facet normal 0 0 1
    outer loop
      vertex 6.95221 5.76451 2
      vertex 18.2497 15.5868 2
      vertex 17.6237 16.2912 2
    endloop
  endfacet
  facet normal 0 -0 1
    outer loop
      vertex 9.29889 -13.9792 2
      vertex 20.4634 -12.54 2
      vertex 8.01701 -4.16728 2
    endloop
  endfacet
  facet normal 0 0 1
    outer loop
      vertex 6.95221 5.76451 2
      vertex 17.6237 16.2912 2
      vertex 16.9706 16.9706 2
    endloop
  endfacet
  facet normal 0 -0 1
    outer loop
      vertex 9.4142 -14.0858 2
      vertex 20.4634 -12.54 2
      vertex 9.35759 -14.0314 2
    endloop
  endfacet
  facet normal 0 0 1
    outer loop
      vertex 5.8054 6.91121 2
      vertex 16.9706 16.9706 2
      vertex 16.2912 17.6237 2
    endloop
  endfacet
  facet normal 0 0 1
    outer loop
      vertex 20.4634 -12.54 2
      vertex 9.4142 -14.0858 2
      vertex 19.9553 -13.3337 2
    endloop
  endfacet
  facet normal 0 0 1
    outer loop
      vertex 5.8054 6.91121 2
      vertex 16.2912 17.6237 2
      vertex 15.5868 18.2497 2
    endloop
  endfacet
  facet normal 0 -0 1
    outer loop
      vertex 9.46864 -14.1424 2
      vertex 19.9553 -13.3337 2
      vertex 9.4142 -14.0858 2
    endloop
  endfacet
  facet normal 0 0 1
    outer loop
      vertex 5.8054 6.91121 2
      vertex 15.5868 18.2497 2
      vertex 14.8583 18.8476 2
    endloop
  endfacet
  facet normal 0 0 1
    outer loop
      vertex 19.9553 -13.3337 2
      vertex 9.5208 -14.2011 2
      vertex 19.4164 -14.1068 2
    endloop
  endfacet
  facet normal 0 0 1
    outer loop
      vertex 5.8054 6.91121 2
      vertex 14.8583 18.8476 2
      vertex 14.1068 19.4164 2
    endloop
  endfacet
  facet normal 0 -0 1
    outer loop
      vertex 9.57063 -14.2618 2
      vertex 19.4164 -14.1068 2
      vertex 9.5208 -14.2011 2
    endloop
  endfacet
  facet normal 0 0 1
    outer loop
      vertex 5.8054 6.91121 2
      vertex 14.1068 19.4164 2
      vertex 13.3337 19.9553 2
    endloop
  endfacet
  facet normal 0 0 1
    outer loop
      vertex 19.4164 -14.1068 2
      vertex 9.61803 -14.3244 2
      vertex 18.8476 -14.8583 2
    endloop
  endfacet
  facet normal 0 0 1
    outer loop
      vertex 4.33102 7.91464 2
      vertex 13.3337 19.9553 2
      vertex 12.54 20.4634 2
    endloop
  endfacet
  facet normal -0 -0 1
    outer loop
      vertex 9.70528 -14.455 2
      vertex 18.8476 -14.8583 2
      vertex 9.66293 -14.3889 2
    endloop
  endfacet
  facet normal 0 0 1
    outer loop
      vertex 4.33102 7.91464 2
      vertex 12.54 20.4634 2
      vertex 11.7269 20.9399 2
    endloop
  endfacet
  facet normal 0 0 1
    outer loop
      vertex 18.2497 -15.5868 2
      vertex 9.81628 -14.6627 2
      vertex 17.6237 -16.2912 2
    endloop
  endfacet
  facet normal 0 0 1
    outer loop
      vertex 4.33102 7.91464 2
      vertex 11.7269 20.9399 2
      vertex 10.8958 21.3842 2
    endloop
  endfacet
  facet normal -0 -0 1
    outer loop
      vertex 9.9021 -14.882 2
      vertex 17.6237 -16.2912 2
      vertex 9.87637 -14.8078 2
    endloop
  endfacet
  facet normal 0 0 1
    outer loop
      vertex 4.33102 7.91464 2
      vertex 10.8958 21.3842 2
      vertex 10.0478 21.7954 2
    endloop
  endfacet
  facet normal -0 -0 1
    outer loop
      vertex 9.98613 -15.2649 2
      vertex 16.2912 -17.6237 2
      vertex 9.97537 -15.1871 2
    endloop
  endfacet
  facet normal -0 0 1
    outer loop
      vertex 9.99844 -19.5785 2
      vertex 11.7269 -20.9399 2
      vertex 10 -19.5 2
    endloop
  endfacet
  facet normal 0 0 1
    outer loop
      vertex 12.54 -20.4634 2
      vertex 10 -19.5 2
      vertex 11.7269 -20.9399 2
    endloop
  endfacet
  facet normal 0 0 1
    outer loop
      vertex 13.3337 -19.9553 2
      vertex 10 -19.5 2
      vertex 12.54 -20.4634 2
    endloop
  endfacet
  facet normal -0 0 1
    outer loop
      vertex 10 -19.5 2
      vertex 13.3337 -19.9553 2
      vertex 10 -15.5 2
    endloop
  endfacet
  facet normal 0 0 1
    outer loop
      vertex 14.1068 -19.4164 2
      vertex 10 -15.5 2
      vertex 13.3337 -19.9553 2
    endloop
  endfacet
  facet normal 0 0 1
    outer loop
      vertex 14.8583 -18.8476 2
      vertex 10 -15.5 2
      vertex 14.1068 -19.4164 2
    endloop
  endfacet
  facet normal -0 -0 1
    outer loop
      vertex 10 -15.5 2
      vertex 15.5868 -18.2497 2
      vertex 9.99844 -15.4215 2
    endloop
  endfacet
  facet normal 0 0 1
    outer loop
      vertex 15.5868 -18.2497 2
      vertex 10 -15.5 2
      vertex 14.8583 -18.8476 2
    endloop
  endfacet
  facet normal 0 0 1
    outer loop
      vertex 16.2912 -17.6237 2
      vertex 9.99844 -15.4215 2
      vertex 15.5868 -18.2497 2
    endloop
  endfacet
  facet normal -0 -0 1
    outer loop
      vertex 9.99844 -15.4215 2
      vertex 16.2912 -17.6237 2
      vertex 9.99382 -15.3431 2
    endloop
  endfacet
  facet normal -0 -0 1
    outer loop
      vertex 9.99382 -15.3431 2
      vertex 16.2912 -17.6237 2
      vertex 9.98613 -15.2649 2
    endloop
  endfacet
  facet normal -0 -0 1
    outer loop
      vertex 9.97537 -15.1871 2
      vertex 16.2912 -17.6237 2
      vertex 9.96156 -15.1098 2
    endloop
  endfacet
  facet normal 0 0 1
    outer loop
      vertex 16.9706 -16.9706 2
      vertex 9.96156 -15.1098 2
      vertex 16.2912 -17.6237 2
    endloop
  endfacet
  facet normal -0 -0 1
    outer loop
      vertex 9.96156 -15.1098 2
      vertex 16.9706 -16.9706 2
      vertex 9.94473 -15.0331 2
    endloop
  endfacet
  facet normal -0 -0 1
    outer loop
      vertex 9.94473 -15.0331 2
      vertex 16.9706 -16.9706 2
      vertex 9.9249 -14.9571 2
    endloop
  endfacet
  facet normal -0 -0 1
    outer loop
      vertex 9.9249 -14.9571 2
      vertex 16.9706 -16.9706 2
      vertex 9.9021 -14.882 2
    endloop
  endfacet
  facet normal 0 0 1
    outer loop
      vertex 17.6237 -16.2912 2
      vertex 9.9021 -14.882 2
      vertex 16.9706 -16.9706 2
    endloop
  endfacet
  facet normal -0 -0 1
    outer loop
      vertex 9.87637 -14.8078 2
      vertex 17.6237 -16.2912 2
      vertex 9.84775 -14.7346 2
    endloop
  endfacet
  facet normal -0 -0 1
    outer loop
      vertex 9.84775 -14.7346 2
      vertex 17.6237 -16.2912 2
      vertex 9.81628 -14.6627 2
    endloop
  endfacet
  facet normal -0 -0 1
    outer loop
      vertex 9.81628 -14.6627 2
      vertex 18.2497 -15.5868 2
      vertex 9.78201 -14.592 2
    endloop
  endfacet
  facet normal -0 -0 1
    outer loop
      vertex 9.78201 -14.592 2
      vertex 18.2497 -15.5868 2
      vertex 9.74498 -14.5228 2
    endloop
  endfacet
  facet normal 0 0 1
    outer loop
      vertex 18.8476 -14.8583 2
      vertex 9.74498 -14.5228 2
      vertex 18.2497 -15.5868 2
    endloop
  endfacet
  facet normal -0 -0 1
    outer loop
      vertex 9.74498 -14.5228 2
      vertex 18.8476 -14.8583 2
      vertex 9.70528 -14.455 2
    endloop
  endfacet
  facet normal -0 -0 1
    outer loop
      vertex 9.66293 -14.3889 2
      vertex 18.8476 -14.8583 2
      vertex 9.61803 -14.3244 2
    endloop
  endfacet
  facet normal 0 0 1
    outer loop
      vertex 4.33102 7.91464 2
      vertex 10.0478 21.7954 2
      vertex 9.1844 22.1731 2
    endloop
  endfacet
  facet normal 0 -0 1
    outer loop
      vertex 9.61803 -14.3244 2
      vertex 19.4164 -14.1068 2
      vertex 9.57063 -14.2618 2
    endloop
  endfacet
  facet normal 0 -0 1
    outer loop
      vertex 9.5208 -14.2011 2
      vertex 19.9553 -13.3337 2
      vertex 9.46864 -14.1424 2
    endloop
  endfacet
  facet normal 0 0 1
    outer loop
      vertex 20.4634 -12.54 2
      vertex 9.29889 -13.9792 2
      vertex 9.35759 -14.0314 2
    endloop
  endfacet
  facet normal 0 0 1
    outer loop
      vertex 9.29889 -13.9792 2
      vertex 8.01701 -4.16728 2
      vertex 9.23817 -13.9294 2
    endloop
  endfacet
  facet normal 0 0 1
    outer loop
      vertex 23.5388 4.68217 2
      vertex 8.63142 2.67227 2
      vertex 8.97952 0.972641 2
    endloop
  endfacet
  facet normal 0 0 1
    outer loop
      vertex 2.75423 8.59042 2
      vertex 9.1844 22.1731 2
      vertex 8.30681 22.5166 2
    endloop
  endfacet
  facet normal 0 0 1
    outer loop
      vertex 22.1731 9.1844 2
      vertex 7.95566 4.26959 2
      vertex 8.63142 2.67227 2
    endloop
  endfacet
  facet normal 0 0 1
    outer loop
      vertex 2.75423 8.59042 2
      vertex 8.30681 22.5166 2
      vertex 7.41641 22.8254 2
    endloop
  endfacet
  facet normal 0 0 1
    outer loop
      vertex 19.9553 13.3337 2
      vertex 6.95221 5.76451 2
      vertex 7.95566 4.26959 2
    endloop
  endfacet
  facet normal 0 0 1
    outer loop
      vertex 2.75423 8.59042 2
      vertex 7.41641 22.8254 2
      vertex 6.51457 23.0989 2
    endloop
  endfacet
  facet normal 0 0 1
    outer loop
      vertex 16.9706 16.9706 2
      vertex 5.8054 6.91121 2
      vertex 6.95221 5.76451 2
    endloop
  endfacet
  facet normal 0 0 1
    outer loop
      vertex 2.75423 8.59042 2
      vertex 6.51457 23.0989 2
      vertex 5.60269 23.3369 2
    endloop
  endfacet
  facet normal 0 0 1
    outer loop
      vertex 2.75423 8.59042 2
      vertex 5.60269 23.3369 2
      vertex 4.68217 23.5388 2
    endloop
  endfacet
  facet normal 0 0 1
    outer loop
      vertex 13.3337 19.9553 2
      vertex 4.33102 7.91464 2
      vertex 5.8054 6.91121 2
    endloop
  endfacet
  facet normal 0 0 1
    outer loop
      vertex 1.03407 8.95903 2
      vertex 4.68217 23.5388 2
      vertex 3.75443 23.7045 2
    endloop
  endfacet
  facet normal 0 0 1
    outer loop
      vertex 1.03407 8.95903 2
      vertex 3.75443 23.7045 2
      vertex 2.8209 23.8336 2
    endloop
  endfacet
  facet normal 0 0 1
    outer loop
      vertex 9.1844 22.1731 2
      vertex 2.75423 8.59042 2
      vertex 4.33102 7.91464 2
    endloop
  endfacet
  facet normal 0 0 1
    outer loop
      vertex 1.03407 8.95903 2
      vertex 2.8209 23.8336 2
      vertex 1.88302 23.926 2
    endloop
  endfacet
  facet normal 0 0 1
    outer loop
      vertex 4.68217 23.5388 2
      vertex 1.03407 8.95903 2
      vertex 2.75423 8.59042 2
    endloop
  endfacet
  facet normal 0 0 1
    outer loop
      vertex 0.942235 23.9815 2
      vertex 1.03407 8.95903 2
      vertex 1.88302 23.926 2
    endloop
  endfacet
  facet normal 0 0 1
    outer loop
      vertex -0.542709 9 2
      vertex 0.942235 23.9815 2
      vertex 0 24 2
    endloop
  endfacet
  facet normal 0 0 1
    outer loop
      vertex 0.942235 23.9815 2
      vertex -0.542709 9 2
      vertex 1.03407 8.95903 2
    endloop
  endfacet
  facet normal -0 0 1
    outer loop
      vertex -0.942235 23.9815 2
      vertex -0.542709 9 2
      vertex 0 24 2
    endloop
  endfacet
  facet normal -0 0 1
    outer loop
      vertex -1.88302 23.926 2
      vertex -0.542709 9 2
      vertex -0.942235 23.9815 2
    endloop
  endfacet
  facet normal -0 0 1
    outer loop
      vertex -2.8209 23.8336 2
      vertex -0.542709 9 2
      vertex -1.88302 23.926 2
    endloop
  endfacet
  facet normal -0 0 1
    outer loop
      vertex -3.75443 23.7045 2
      vertex -0.542709 9 2
      vertex -2.8209 23.8336 2
    endloop
  endfacet
  facet normal 0 0 1
    outer loop
      vertex -0.542709 9 2
      vertex -3.75443 23.7045 2
      vertex -2.46761 8.67232 2
    endloop
  endfacet
  facet normal -0 0 1
    outer loop
      vertex -4.68217 23.5388 2
      vertex -2.46761 8.67232 2
      vertex -3.75443 23.7045 2
    endloop
  endfacet
  facet normal -0 0 1
    outer loop
      vertex -5.60269 23.3369 2
      vertex -2.46761 8.67232 2
      vertex -4.68217 23.5388 2
    endloop
  endfacet
  facet normal -0 0 1
    outer loop
      vertex -6.51457 23.0989 2
      vertex -2.46761 8.67232 2
      vertex -5.60269 23.3369 2
    endloop
  endfacet
  facet normal -0 0 1
    outer loop
      vertex -7.41641 22.8254 2
      vertex -2.46761 8.67232 2
      vertex -6.51457 23.0989 2
    endloop
  endfacet
  facet normal -0 0 1
    outer loop
      vertex -8.30681 22.5166 2
      vertex -2.46761 8.67232 2
      vertex -7.41641 22.8254 2
    endloop
  endfacet
  facet normal -0 0 1
    outer loop
      vertex -9.1844 22.1731 2
      vertex -2.46761 8.67232 2
      vertex -8.30681 22.5166 2
    endloop
  endfacet
  facet normal -0 0 1
    outer loop
      vertex -10.0478 21.7954 2
      vertex -2.46761 8.67232 2
      vertex -9.1844 22.1731 2
    endloop
  endfacet
  facet normal 0 0 1
    outer loop
      vertex -2.46761 8.67232 2
      vertex -10.0478 21.7954 2
      vertex -5.04784 7.46414 2
    endloop
  endfacet
  facet normal -0 0 1
    outer loop
      vertex -10.8958 21.3842 2
      vertex -5.04784 7.46414 2
      vertex -10.0478 21.7954 2
    endloop
  endfacet
  facet normal 0 0 1
    outer loop
      vertex -8.54953 -0.563187 2
      vertex -9.11113 -13.8371 2
      vertex -9.04498 -13.7947 2
    endloop
  endfacet
  facet normal 0 0 1
    outer loop
      vertex -8.54953 -0.563187 2
      vertex -9.17557 -13.882 2
      vertex -9.11113 -13.8371 2
    endloop
  endfacet
  facet normal -0 0 1
    outer loop
      vertex -11.7269 20.9399 2
      vertex -5.04784 7.46414 2
      vertex -10.8958 21.3842 2
    endloop
  endfacet
  facet normal -0 0 1
    outer loop
      vertex -12.54 20.4634 2
      vertex -5.04784 7.46414 2
      vertex -11.7269 20.9399 2
    endloop
  endfacet
  facet normal -0 0 1
    outer loop
      vertex -13.3337 19.9553 2
      vertex -5.04784 7.46414 2
      vertex -12.54 20.4634 2
    endloop
  endfacet
  facet normal -0 0 1
    outer loop
      vertex -14.1068 19.4164 2
      vertex -5.04784 7.46414 2
      vertex -13.3337 19.9553 2
    endloop
  endfacet
  facet normal -0 0 1
    outer loop
      vertex -14.8583 18.8476 2
      vertex -5.04784 7.46414 2
      vertex -14.1068 19.4164 2
    endloop
  endfacet
  facet normal -0 0 1
    outer loop
      vertex -15.5868 18.2497 2
      vertex -5.04784 7.46414 2
      vertex -14.8583 18.8476 2
    endloop
  endfacet
  facet normal -0 0 1
    outer loop
      vertex -16.2912 17.6237 2
      vertex -5.04784 7.46414 2
      vertex -15.5868 18.2497 2
    endloop
  endfacet
  facet normal 0 0 1
    outer loop
      vertex -5.04784 7.46414 2
      vertex -16.2912 17.6237 2
      vertex -7.13651 5.49829 2
    endloop
  endfacet
  facet normal -0 0 1
    outer loop
      vertex -16.9706 16.9706 2
      vertex -7.13651 5.49829 2
      vertex -16.2912 17.6237 2
    endloop
  endfacet
  facet normal -0 0 1
    outer loop
      vertex -17.6237 16.2912 2
      vertex -7.13651 5.49829 2
      vertex -16.9706 16.9706 2
    endloop
  endfacet
  facet normal -0 0 1
    outer loop
      vertex -18.2497 15.5868 2
      vertex -7.13651 5.49829 2
      vertex -17.6237 16.2912 2
    endloop
  endfacet
  facet normal -0 0 1
    outer loop
      vertex -18.8476 14.8583 2
      vertex -7.13651 5.49829 2
      vertex -18.2497 15.5868 2
    endloop
  endfacet
  facet normal -0 0 1
    outer loop
      vertex -19.4164 14.1068 2
      vertex -7.13651 5.49829 2
      vertex -18.8476 14.8583 2
    endloop
  endfacet
  facet normal -0 0 1
    outer loop
      vertex -19.9553 13.3337 2
      vertex -7.13651 5.49829 2
      vertex -19.4164 14.1068 2
    endloop
  endfacet
  facet normal -0 0 1
    outer loop
      vertex -20.4634 12.54 2
      vertex -7.13651 5.49829 2
      vertex -19.9553 13.3337 2
    endloop
  endfacet
  facet normal -0 0 1
    outer loop
      vertex -20.9399 11.7269 2
      vertex -7.13651 5.49829 2
      vertex -20.4634 12.54 2
    endloop
  endfacet
  facet normal 0 0 1
    outer loop
      vertex -7.13651 5.49829 2
      vertex -20.9399 11.7269 2
      vertex -8.54953 2.83617 2
    endloop
  endfacet
  facet normal -0 0 1
    outer loop
      vertex -21.3842 10.8958 2
      vertex -8.54953 2.83617 2
      vertex -20.9399 11.7269 2
    endloop
  endfacet
  facet normal -0 0 1
    outer loop
      vertex -21.7954 10.0478 2
      vertex -8.54953 2.83617 2
      vertex -21.3842 10.8958 2
    endloop
  endfacet
  facet normal -0 0 1
    outer loop
      vertex -22.1731 9.1844 2
      vertex -8.54953 2.83617 2
      vertex -21.7954 10.0478 2
    endloop
  endfacet
  facet normal -0 0 1
    outer loop
      vertex -22.5166 8.30681 2
      vertex -8.54953 2.83617 2
      vertex -22.1731 9.1844 2
    endloop
  endfacet
  facet normal -0 0 1
    outer loop
      vertex -22.8254 7.41641 2
      vertex -8.54953 2.83617 2
      vertex -22.5166 8.30681 2
    endloop
  endfacet
  facet normal -0 0 1
    outer loop
      vertex -23.0989 6.51457 2
      vertex -8.54953 2.83617 2
      vertex -22.8254 7.41641 2
    endloop
  endfacet
  facet normal -0 0 1
    outer loop
      vertex -23.3369 5.60269 2
      vertex -8.54953 2.83617 2
      vertex -23.0989 6.51457 2
    endloop
  endfacet
  facet normal -0 0 1
    outer loop
      vertex -23.5388 4.68217 2
      vertex -8.54953 2.83617 2
      vertex -23.3369 5.60269 2
    endloop
  endfacet
  facet normal -0 0 1
    outer loop
      vertex -23.8336 2.8209 2
      vertex -8.97952 -0.19455 2
      vertex -23.7045 3.75443 2
    endloop
  endfacet
  facet normal 0 0 1
    outer loop
      vertex -8.54953 2.83617 2
      vertex -23.7045 3.75443 2
      vertex -8.97952 -0.19455 2
    endloop
  endfacet
  facet normal -0 0 1
    outer loop
      vertex -23.7045 3.75443 2
      vertex -8.54953 2.83617 2
      vertex -23.5388 4.68217 2
    endloop
  endfacet
  facet normal -0 0 1
    outer loop
      vertex 9.99382 -19.6569 2
      vertex 11.7269 -20.9399 2
      vertex 9.99844 -19.5785 2
    endloop
  endfacet
  facet normal -0 0 1
    outer loop
      vertex 9.98613 -19.7351 2
      vertex 11.7269 -20.9399 2
      vertex 9.99382 -19.6569 2
    endloop
  endfacet
  facet normal -0 0 1
    outer loop
      vertex 9.97537 -19.8129 2
      vertex 11.7269 -20.9399 2
      vertex 9.98613 -19.7351 2
    endloop
  endfacet
  facet normal -0 0 1
    outer loop
      vertex 9.96156 -19.8902 2
      vertex 11.7269 -20.9399 2
      vertex 9.97537 -19.8129 2
    endloop
  endfacet
  facet normal -0 0 1
    outer loop
      vertex 9.94473 -19.9669 2
      vertex 11.7269 -20.9399 2
      vertex 9.96156 -19.8902 2
    endloop
  endfacet
  facet normal -0 0 1
    outer loop
      vertex 9.9249 -20.0429 2
      vertex 11.7269 -20.9399 2
      vertex 9.94473 -19.9669 2
    endloop
  endfacet
  facet normal 0 0 1
    outer loop
      vertex 11.7269 -20.9399 2
      vertex 9.9249 -20.0429 2
      vertex 10.8958 -21.3842 2
    endloop
  endfacet
  facet normal -0 0 1
    outer loop
      vertex 9.9021 -20.118 2
      vertex 10.8958 -21.3842 2
      vertex 9.9249 -20.0429 2
    endloop
  endfacet
  facet normal -0 0 1
    outer loop
      vertex 9.87637 -20.1922 2
      vertex 10.8958 -21.3842 2
      vertex 9.9021 -20.118 2
    endloop
  endfacet
  facet normal -0 0 1
    outer loop
      vertex 9.84775 -20.2654 2
      vertex 10.8958 -21.3842 2
      vertex 9.87637 -20.1922 2
    endloop
  endfacet
  facet normal -0 0 1
    outer loop
      vertex 9.81628 -20.3373 2
      vertex 10.8958 -21.3842 2
      vertex 9.84775 -20.2654 2
    endloop
  endfacet
  facet normal -0 0 1
    outer loop
      vertex 9.78201 -20.408 2
      vertex 10.8958 -21.3842 2
      vertex 9.81628 -20.3373 2
    endloop
  endfacet
  facet normal -0 0 1
    outer loop
      vertex 9.74498 -20.4772 2
      vertex 10.8958 -21.3842 2
      vertex 9.78201 -20.408 2
    endloop
  endfacet
  facet normal -0 0 1
    outer loop
      vertex 9.70528 -20.545 2
      vertex 10.8958 -21.3842 2
      vertex 9.74498 -20.4772 2
    endloop
  endfacet
  facet normal -0 0 1
    outer loop
      vertex 9.66293 -20.6111 2
      vertex 10.8958 -21.3842 2
      vertex 9.70528 -20.545 2
    endloop
  endfacet
  facet normal -0 0 1
    outer loop
      vertex 9.61803 -20.6756 2
      vertex 10.8958 -21.3842 2
      vertex 9.66293 -20.6111 2
    endloop
  endfacet
  facet normal 0 0 1
    outer loop
      vertex 10.8958 -21.3842 2
      vertex 9.61803 -20.6756 2
      vertex 10.0478 -21.7954 2
    endloop
  endfacet
  facet normal -0 0 1
    outer loop
      vertex 9.57063 -20.7382 2
      vertex 10.0478 -21.7954 2
      vertex 9.61803 -20.6756 2
    endloop
  endfacet
  facet normal -0 0 1
    outer loop
      vertex 9.5208 -20.7989 2
      vertex 10.0478 -21.7954 2
      vertex 9.57063 -20.7382 2
    endloop
  endfacet
  facet normal -0 0 1
    outer loop
      vertex 9.46864 -20.8576 2
      vertex 10.0478 -21.7954 2
      vertex 9.5208 -20.7989 2
    endloop
  endfacet
  facet normal -0 0 1
    outer loop
      vertex 9.4142 -20.9142 2
      vertex 10.0478 -21.7954 2
      vertex 9.46864 -20.8576 2
    endloop
  endfacet
  facet normal -0 0 1
    outer loop
      vertex 9.35759 -20.9686 2
      vertex 10.0478 -21.7954 2
      vertex 9.4142 -20.9142 2
    endloop
  endfacet
  facet normal -0 0 1
    outer loop
      vertex 9.29889 -21.0208 2
      vertex 10.0478 -21.7954 2
      vertex 9.35759 -20.9686 2
    endloop
  endfacet
  facet normal -0 0 1
    outer loop
      vertex 9.23817 -21.0706 2
      vertex 10.0478 -21.7954 2
      vertex 9.29889 -21.0208 2
    endloop
  endfacet
  facet normal -0 0 1
    outer loop
      vertex 9.17557 -21.118 2
      vertex 10.0478 -21.7954 2
      vertex 9.23817 -21.0706 2
    endloop
  endfacet
  facet normal -0 0 1
    outer loop
      vertex 9.11113 -21.1629 2
      vertex 10.0478 -21.7954 2
      vertex 9.17557 -21.118 2
    endloop
  endfacet
  facet normal 0 0 1
    outer loop
      vertex 10.0478 -21.7954 2
      vertex 9.11113 -21.1629 2
      vertex 9.1844 -22.1731 2
    endloop
  endfacet
  facet normal -0 0 1
    outer loop
      vertex 9.04498 -21.2053 2
      vertex 9.1844 -22.1731 2
      vertex 9.11113 -21.1629 2
    endloop
  endfacet
  facet normal -0 0 1
    outer loop
      vertex 8.97723 -21.245 2
      vertex 9.1844 -22.1731 2
      vertex 9.04498 -21.2053 2
    endloop
  endfacet
  facet normal -0 0 1
    outer loop
      vertex 8.90797 -21.282 2
      vertex 9.1844 -22.1731 2
      vertex 8.97723 -21.245 2
    endloop
  endfacet
  facet normal -0 0 1
    outer loop
      vertex 8.83731 -21.3163 2
      vertex 9.1844 -22.1731 2
      vertex 8.90797 -21.282 2
    endloop
  endfacet
  facet normal -0 0 1
    outer loop
      vertex 8.76537 -21.3477 2
      vertex 9.1844 -22.1731 2
      vertex 8.83731 -21.3163 2
    endloop
  endfacet
  facet normal -0 0 1
    outer loop
      vertex 8.69223 -21.3764 2
      vertex 9.1844 -22.1731 2
      vertex 8.76537 -21.3477 2
    endloop
  endfacet
  facet normal -0 0 1
    outer loop
      vertex 8.61803 -21.4021 2
      vertex 9.1844 -22.1731 2
      vertex 8.69223 -21.3764 2
    endloop
  endfacet
  facet normal -0 0 1
    outer loop
      vertex 8.54288 -21.4249 2
      vertex 9.1844 -22.1731 2
      vertex 8.61803 -21.4021 2
    endloop
  endfacet
  facet normal -0 0 1
    outer loop
      vertex 8.46689 -21.4447 2
      vertex 9.1844 -22.1731 2
      vertex 8.54288 -21.4249 2
    endloop
  endfacet
  facet normal 0 0 1
    outer loop
      vertex 8.30681 -22.5166 2
      vertex 8.46689 -21.4447 2
      vertex 8.39017 -21.4616 2
    endloop
  endfacet
  facet normal 0 0 1
    outer loop
      vertex 8.30681 -22.5166 2
      vertex 8.39017 -21.4616 2
      vertex 8.31287 -21.4754 2
    endloop
  endfacet
  facet normal 0 0 1
    outer loop
      vertex 8.46689 -21.4447 2
      vertex 8.30681 -22.5166 2
      vertex 9.1844 -22.1731 2
    endloop
  endfacet
  facet normal -0 0 1
    outer loop
      vertex 8.23506 -21.4861 2
      vertex 8.30681 -22.5166 2
      vertex 8.31287 -21.4754 2
    endloop
  endfacet
  facet normal -0 0 1
    outer loop
      vertex 8.15691 -21.4938 2
      vertex 8.30681 -22.5166 2
      vertex 8.23506 -21.4861 2
    endloop
  endfacet
  facet normal -0 0 1
    outer loop
      vertex 8.07851 -21.4984 2
      vertex 8.30681 -22.5166 2
      vertex 8.15691 -21.4938 2
    endloop
  endfacet
  facet normal -0 0 1
    outer loop
      vertex 8 -21.5 2
      vertex 8.30681 -22.5166 2
      vertex 8.07851 -21.4984 2
    endloop
  endfacet
  facet normal 0 0 1
    outer loop
      vertex 8 -21.5 2
      vertex 7.41641 -22.8254 2
      vertex 8.30681 -22.5166 2
    endloop
  endfacet
  facet normal 0 0 1
    outer loop
      vertex 8 -21.5 2
      vertex 6.51457 -23.0989 2
      vertex 7.41641 -22.8254 2
    endloop
  endfacet
  facet normal 0 0 1
    outer loop
      vertex 8 -21.5 2
      vertex 5.60269 -23.3369 2
      vertex 6.51457 -23.0989 2
    endloop
  endfacet
  facet normal 0 0 1
    outer loop
      vertex 8 -21.5 2
      vertex 4.68217 -23.5388 2
      vertex 5.60269 -23.3369 2
    endloop
  endfacet
  facet normal 0 0 1
    outer loop
      vertex 8 -21.5 2
      vertex 3.75443 -23.7045 2
      vertex 4.68217 -23.5388 2
    endloop
  endfacet
  facet normal 0 0 1
    outer loop
      vertex 8 -21.5 2
      vertex 2.8209 -23.8336 2
      vertex 3.75443 -23.7045 2
    endloop
  endfacet
  facet normal 0 0 1
    outer loop
      vertex 8 -21.5 2
      vertex 1.88302 -23.926 2
      vertex 2.8209 -23.8336 2
    endloop
  endfacet
  facet normal 0 0 1
    outer loop
      vertex 8 -21.5 2
      vertex 0.942235 -23.9815 2
      vertex 1.88302 -23.926 2
    endloop
  endfacet
  facet normal 0 0 1
    outer loop
      vertex 8 -21.5 2
      vertex 0 -24 2
      vertex 0.942235 -23.9815 2
    endloop
  endfacet
  facet normal -0 0 1
    outer loop
      vertex -8 -21.5 2
      vertex 0 -24 2
      vertex 8 -21.5 2
    endloop
  endfacet
  facet normal 0 0 1
    outer loop
      vertex 0 -24 2
      vertex -8 -21.5 2
      vertex -0.942235 -23.9815 2
    endloop
  endfacet
  facet normal 0 0 1
    outer loop
      vertex -0.942235 -23.9815 2
      vertex -8 -21.5 2
      vertex -1.88302 -23.926 2
    endloop
  endfacet
  facet normal 0 0 1
    outer loop
      vertex -1.88302 -23.926 2
      vertex -8 -21.5 2
      vertex -2.8209 -23.8336 2
    endloop
  endfacet
  facet normal 0 0 1
    outer loop
      vertex -2.8209 -23.8336 2
      vertex -8 -21.5 2
      vertex -3.75443 -23.7045 2
    endloop
  endfacet
  facet normal 0 0 1
    outer loop
      vertex -3.75443 -23.7045 2
      vertex -8 -21.5 2
      vertex -4.68217 -23.5388 2
    endloop
  endfacet
  facet normal 0 0 1
    outer loop
      vertex -4.68217 -23.5388 2
      vertex -8 -21.5 2
      vertex -5.60269 -23.3369 2
    endloop
  endfacet
  facet normal 0 0 1
    outer loop
      vertex -5.60269 -23.3369 2
      vertex -8 -21.5 2
      vertex -6.51457 -23.0989 2
    endloop
  endfacet
  facet normal 0 0 1
    outer loop
      vertex -6.51457 -23.0989 2
      vertex -8 -21.5 2
      vertex -7.41641 -22.8254 2
    endloop
  endfacet
  facet normal 0 0 1
    outer loop
      vertex -8.30681 -22.5166 2
      vertex -8 -21.5 2
      vertex -8.07851 -21.4984 2
    endloop
  endfacet
  facet normal 0 0 1
    outer loop
      vertex -8.30681 -22.5166 2
      vertex -8.07851 -21.4984 2
      vertex -8.15691 -21.4938 2
    endloop
  endfacet
  facet normal 0 0 1
    outer loop
      vertex -8.30681 -22.5166 2
      vertex -8.15691 -21.4938 2
      vertex -8.23506 -21.4861 2
    endloop
  endfacet
  facet normal 0 0 1
    outer loop
      vertex -8 -21.5 2
      vertex -8.30681 -22.5166 2
      vertex -7.41641 -22.8254 2
    endloop
  endfacet
  facet normal 0 0 1
    outer loop
      vertex -8.31287 -21.4754 2
      vertex -8.30681 -22.5166 2
      vertex -8.23506 -21.4861 2
    endloop
  endfacet
  facet normal 0 0 1
    outer loop
      vertex -8.39017 -21.4616 2
      vertex -8.30681 -22.5166 2
      vertex -8.31287 -21.4754 2
    endloop
  endfacet
  facet normal 0 0 1
    outer loop
      vertex -8.46689 -21.4447 2
      vertex -8.30681 -22.5166 2
      vertex -8.39017 -21.4616 2
    endloop
  endfacet
  facet normal 0 0 1
    outer loop
      vertex -9.1844 -22.1731 2
      vertex -8.46689 -21.4447 2
      vertex -8.54288 -21.4249 2
    endloop
  endfacet
  facet normal 0 0 1
    outer loop
      vertex -9.1844 -22.1731 2
      vertex -8.54288 -21.4249 2
      vertex -8.61803 -21.4021 2
    endloop
  endfacet
  facet normal 0 0 1
    outer loop
      vertex -9.1844 -22.1731 2
      vertex -8.61803 -21.4021 2
      vertex -8.69223 -21.3764 2
    endloop
  endfacet
  facet normal 0 0 1
    outer loop
      vertex -9.1844 -22.1731 2
      vertex -8.69223 -21.3764 2
      vertex -8.76537 -21.3477 2
    endloop
  endfacet
  facet normal 0 0 1
    outer loop
      vertex -9.1844 -22.1731 2
      vertex -8.76537 -21.3477 2
      vertex -8.83731 -21.3163 2
    endloop
  endfacet
  facet normal 0 0 1
    outer loop
      vertex -9.1844 -22.1731 2
      vertex -8.83731 -21.3163 2
      vertex -8.90797 -21.282 2
    endloop
  endfacet
  facet normal 0 0 1
    outer loop
      vertex -9.1844 -22.1731 2
      vertex -8.90797 -21.282 2
      vertex -8.97723 -21.245 2
    endloop
  endfacet
  facet normal 0 0 1
    outer loop
      vertex -9.1844 -22.1731 2
      vertex -8.97723 -21.245 2
      vertex -9.04498 -21.2053 2
    endloop
  endfacet
  facet normal 0 0 1
    outer loop
      vertex -9.1844 -22.1731 2
      vertex -9.04498 -21.2053 2
      vertex -9.11113 -21.1629 2
    endloop
  endfacet
  facet normal 0 0 1
    outer loop
      vertex -10.0478 -21.7954 2
      vertex -9.11113 -21.1629 2
      vertex -9.17557 -21.118 2
    endloop
  endfacet
  facet normal 0 0 1
    outer loop
      vertex -8.46689 -21.4447 2
      vertex -9.1844 -22.1731 2
      vertex -8.30681 -22.5166 2
    endloop
  endfacet
  facet normal 0 0 1
    outer loop
      vertex -10.0478 -21.7954 2
      vertex -9.17557 -21.118 2
      vertex -9.23817 -21.0706 2
    endloop
  endfacet
  facet normal 0 0 1
    outer loop
      vertex -10.0478 -21.7954 2
      vertex -9.23817 -21.0706 2
      vertex -9.29889 -21.0208 2
    endloop
  endfacet
  facet normal 0 0 1
    outer loop
      vertex -10.0478 -21.7954 2
      vertex -9.29889 -21.0208 2
      vertex -9.35759 -20.9686 2
    endloop
  endfacet
  facet normal 0 0 1
    outer loop
      vertex -10.0478 -21.7954 2
      vertex -9.35759 -20.9686 2
      vertex -9.4142 -20.9142 2
    endloop
  endfacet
  facet normal 0 0 1
    outer loop
      vertex -10.0478 -21.7954 2
      vertex -9.4142 -20.9142 2
      vertex -9.46864 -20.8576 2
    endloop
  endfacet
  facet normal 0 0 1
    outer loop
      vertex -10.0478 -21.7954 2
      vertex -9.46864 -20.8576 2
      vertex -9.5208 -20.7989 2
    endloop
  endfacet
  facet normal 0 0 1
    outer loop
      vertex -10.0478 -21.7954 2
      vertex -9.5208 -20.7989 2
      vertex -9.57063 -20.7382 2
    endloop
  endfacet
  facet normal 0 0 1
    outer loop
      vertex -10.0478 -21.7954 2
      vertex -9.57063 -20.7382 2
      vertex -9.61803 -20.6756 2
    endloop
  endfacet
  facet normal 0 0 1
    outer loop
      vertex -10.8958 -21.3842 2
      vertex -9.61803 -20.6756 2
      vertex -9.66293 -20.6111 2
    endloop
  endfacet
  facet normal 0 0 1
    outer loop
      vertex -10.8958 -21.3842 2
      vertex -9.66293 -20.6111 2
      vertex -9.70528 -20.545 2
    endloop
  endfacet
  facet normal 0 0 1
    outer loop
      vertex -10.8958 -21.3842 2
      vertex -9.70528 -20.545 2
      vertex -9.74498 -20.4772 2
    endloop
  endfacet
  facet normal 0 0 1
    outer loop
      vertex -10.8958 -21.3842 2
      vertex -9.74498 -20.4772 2
      vertex -9.78201 -20.408 2
    endloop
  endfacet
  facet normal 0 0 1
    outer loop
      vertex -10.8958 -21.3842 2
      vertex -9.78201 -20.408 2
      vertex -9.81628 -20.3373 2
    endloop
  endfacet
  facet normal 0 0 1
    outer loop
      vertex -10.8958 -21.3842 2
      vertex -9.81628 -20.3373 2
      vertex -9.84775 -20.2654 2
    endloop
  endfacet
  facet normal 0 0 1
    outer loop
      vertex -10.8958 -21.3842 2
      vertex -9.84775 -20.2654 2
      vertex -9.87637 -20.1922 2
    endloop
  endfacet
  facet normal 0 0 1
    outer loop
      vertex -9.11113 -21.1629 2
      vertex -10.0478 -21.7954 2
      vertex -9.1844 -22.1731 2
    endloop
  endfacet
  facet normal 0 0 1
    outer loop
      vertex -10.8958 -21.3842 2
      vertex -9.87637 -20.1922 2
      vertex -9.9021 -20.118 2
    endloop
  endfacet
  facet normal 0 0 1
    outer loop
      vertex -10.8958 -21.3842 2
      vertex -9.9021 -20.118 2
      vertex -9.9249 -20.0429 2
    endloop
  endfacet
  facet normal 0 0 1
    outer loop
      vertex -11.7269 -20.9399 2
      vertex -9.9249 -20.0429 2
      vertex -9.94473 -19.9669 2
    endloop
  endfacet
  facet normal 0 0 1
    outer loop
      vertex -11.7269 -20.9399 2
      vertex -9.94473 -19.9669 2
      vertex -9.96156 -19.8902 2
    endloop
  endfacet
  facet normal 0 0 1
    outer loop
      vertex -11.7269 -20.9399 2
      vertex -9.96156 -19.8902 2
      vertex -9.97537 -19.8129 2
    endloop
  endfacet
  facet normal 0 0 1
    outer loop
      vertex -11.7269 -20.9399 2
      vertex -9.97537 -19.8129 2
      vertex -9.98613 -19.7351 2
    endloop
  endfacet
  facet normal 0 0 1
    outer loop
      vertex -11.7269 -20.9399 2
      vertex -9.98613 -19.7351 2
      vertex -9.99382 -19.6569 2
    endloop
  endfacet
  facet normal 0 0 1
    outer loop
      vertex -11.7269 -20.9399 2
      vertex -9.99382 -19.6569 2
      vertex -9.99844 -19.5785 2
    endloop
  endfacet
  facet normal 0 0 1
    outer loop
      vertex -11.7269 -20.9399 2
      vertex -9.99844 -19.5785 2
      vertex -10 -19.5 2
    endloop
  endfacet
  facet normal -0 0 1
    outer loop
      vertex -23.926 1.88302 2
      vertex -8.97952 -0.19455 2
      vertex -23.8336 2.8209 2
    endloop
  endfacet
  facet normal -0 0 1
    outer loop
      vertex -23.9815 0.942235 2
      vertex -8.97952 -0.19455 2
      vertex -23.926 1.88302 2
    endloop
  endfacet
  facet normal 0 0 1
    outer loop
      vertex -9.61803 -20.6756 2
      vertex -10.8958 -21.3842 2
      vertex -10.0478 -21.7954 2
    endloop
  endfacet
  facet normal -0 0 1
    outer loop
      vertex -24 0 2
      vertex -8.97952 -0.19455 2
      vertex -23.9815 0.942235 2
    endloop
  endfacet
  facet normal 0 0 1
    outer loop
      vertex -9.9249 -20.0429 2
      vertex -11.7269 -20.9399 2
      vertex -10.8958 -21.3842 2
    endloop
  endfacet
  facet normal 0 -0 1
    outer loop
      vertex -23.9815 -0.942235 2
      vertex -8.97952 -0.19455 2
      vertex -24 0 2
    endloop
  endfacet
  facet normal 0 0 1
    outer loop
      vertex -10 -19.5 2
      vertex -12.54 -20.4634 2
      vertex -11.7269 -20.9399 2
    endloop
  endfacet
  facet normal 0 -0 1
    outer loop
      vertex -23.926 -1.88302 2
      vertex -8.97952 -0.19455 2
      vertex -23.9815 -0.942235 2
    endloop
  endfacet
  facet normal 0 0 1
    outer loop
      vertex -10 -19.5 2
      vertex -13.3337 -19.9553 2
      vertex -12.54 -20.4634 2
    endloop
  endfacet
  facet normal 0 -0 1
    outer loop
      vertex -23.8336 -2.8209 2
      vertex -8.97952 -0.19455 2
      vertex -23.926 -1.88302 2
    endloop
  endfacet
  facet normal 0 0 1
    outer loop
      vertex -10 -15.5 2
      vertex -13.3337 -19.9553 2
      vertex -10 -19.5 2
    endloop
  endfacet
  facet normal 0 -0 1
    outer loop
      vertex -23.7045 -3.75443 2
      vertex -8.97952 -0.19455 2
      vertex -23.8336 -2.8209 2
    endloop
  endfacet
  facet normal 0 -0 1
    outer loop
      vertex -13.3337 -19.9553 2
      vertex -10 -15.5 2
      vertex -14.1068 -19.4164 2
    endloop
  endfacet
  facet normal 0 -0 1
    outer loop
      vertex -23.5388 -4.68217 2
      vertex -8.97952 -0.19455 2
      vertex -23.7045 -3.75443 2
    endloop
  endfacet
  facet normal 0 -0 1
    outer loop
      vertex -14.1068 -19.4164 2
      vertex -10 -15.5 2
      vertex -14.8583 -18.8476 2
    endloop
  endfacet
  facet normal 0 -0 1
    outer loop
      vertex -23.3369 -5.60269 2
      vertex -8.97952 -0.19455 2
      vertex -23.5388 -4.68217 2
    endloop
  endfacet
  facet normal 0 -0 1
    outer loop
      vertex -14.8583 -18.8476 2
      vertex -10 -15.5 2
      vertex -15.5868 -18.2497 2
    endloop
  endfacet
  facet normal 0 -0 1
    outer loop
      vertex -23.0989 -6.51457 2
      vertex -8.97952 -0.19455 2
      vertex -23.3369 -5.60269 2
    endloop
  endfacet
  facet normal 0 0 1
    outer loop
      vertex -9.99844 -15.4215 2
      vertex -15.5868 -18.2497 2
      vertex -10 -15.5 2
    endloop
  endfacet
  facet normal 0 -0 1
    outer loop
      vertex -22.8254 -7.41641 2
      vertex -8.97952 -0.19455 2
      vertex -23.0989 -6.51457 2
    endloop
  endfacet
  facet normal 0 -0 1
    outer loop
      vertex -15.5868 -18.2497 2
      vertex -9.99844 -15.4215 2
      vertex -16.2912 -17.6237 2
    endloop
  endfacet
  facet normal 0 -0 1
    outer loop
      vertex -22.5166 -8.30681 2
      vertex -8.97952 -0.19455 2
      vertex -22.8254 -7.41641 2
    endloop
  endfacet
  facet normal 0 0 1
    outer loop
      vertex -9.99382 -15.3431 2
      vertex -16.2912 -17.6237 2
      vertex -9.99844 -15.4215 2
    endloop
  endfacet
  facet normal 0 -0 1
    outer loop
      vertex -22.1731 -9.1844 2
      vertex -8.97952 -0.19455 2
      vertex -22.5166 -8.30681 2
    endloop
  endfacet
  facet normal 0 0 1
    outer loop
      vertex -9.98613 -15.2649 2
      vertex -16.2912 -17.6237 2
      vertex -9.99382 -15.3431 2
    endloop
  endfacet
  facet normal 0 -0 1
    outer loop
      vertex -21.7954 -10.0478 2
      vertex -8.97952 -0.19455 2
      vertex -22.1731 -9.1844 2
    endloop
  endfacet
  facet normal 0 0 1
    outer loop
      vertex -9.97537 -15.1871 2
      vertex -16.2912 -17.6237 2
      vertex -9.98613 -15.2649 2
    endloop
  endfacet
  facet normal 0 0 1
    outer loop
      vertex -8.54953 -0.563187 2
      vertex -21.7954 -10.0478 2
      vertex -21.3842 -10.8958 2
    endloop
  endfacet
  facet normal 0 -0 1
    outer loop
      vertex -16.2912 -17.6237 2
      vertex -9.97537 -15.1871 2
      vertex -16.9706 -16.9706 2
    endloop
  endfacet
  facet normal 0 0 1
    outer loop
      vertex -8.54953 -0.563187 2
      vertex -21.3842 -10.8958 2
      vertex -9.17557 -13.882 2
    endloop
  endfacet
  facet normal 0 0 1
    outer loop
      vertex -9.96156 -15.1098 2
      vertex -16.9706 -16.9706 2
      vertex -9.97537 -15.1871 2
    endloop
  endfacet
  facet normal 0 0 1
    outer loop
      vertex -9.17557 -13.882 2
      vertex -21.3842 -10.8958 2
      vertex -9.23817 -13.9294 2
    endloop
  endfacet
  facet normal 0 0 1
    outer loop
      vertex -9.94473 -15.0331 2
      vertex -16.9706 -16.9706 2
      vertex -9.96156 -15.1098 2
    endloop
  endfacet
  facet normal -0 -0 1
    outer loop
      vertex -20.9399 -11.7269 2
      vertex -9.23817 -13.9294 2
      vertex -21.3842 -10.8958 2
    endloop
  endfacet
  facet normal 0 0 1
    outer loop
      vertex -9.9249 -14.9571 2
      vertex -16.9706 -16.9706 2
      vertex -9.94473 -15.0331 2
    endloop
  endfacet
  facet normal 0 0 1
    outer loop
      vertex -9.23817 -13.9294 2
      vertex -20.9399 -11.7269 2
      vertex -9.29889 -13.9792 2
    endloop
  endfacet
  facet normal 0 0 1
    outer loop
      vertex -9.9021 -14.882 2
      vertex -16.9706 -16.9706 2
      vertex -9.9249 -14.9571 2
    endloop
  endfacet
  facet normal -0 -0 1
    outer loop
      vertex -20.4634 -12.54 2
      vertex -9.29889 -13.9792 2
      vertex -20.9399 -11.7269 2
    endloop
  endfacet
  facet normal 0 -0 1
    outer loop
      vertex -16.9706 -16.9706 2
      vertex -9.9021 -14.882 2
      vertex -17.6237 -16.2912 2
    endloop
  endfacet
  facet normal 0 0 1
    outer loop
      vertex -9.29889 -13.9792 2
      vertex -20.4634 -12.54 2
      vertex -9.35759 -14.0314 2
    endloop
  endfacet
  facet normal 0 0 1
    outer loop
      vertex -9.87637 -14.8078 2
      vertex -17.6237 -16.2912 2
      vertex -9.9021 -14.882 2
    endloop
  endfacet
  facet normal 0 0 1
    outer loop
      vertex -9.35759 -14.0314 2
      vertex -20.4634 -12.54 2
      vertex -9.4142 -14.0858 2
    endloop
  endfacet
  facet normal 0 0 1
    outer loop
      vertex -9.84775 -14.7346 2
      vertex -17.6237 -16.2912 2
      vertex -9.87637 -14.8078 2
    endloop
  endfacet
  facet normal -0 -0 1
    outer loop
      vertex -19.9553 -13.3337 2
      vertex -9.4142 -14.0858 2
      vertex -20.4634 -12.54 2
    endloop
  endfacet
  facet normal 0 -0 1
    outer loop
      vertex -17.6237 -16.2912 2
      vertex -9.84775 -14.7346 2
      vertex -18.2497 -15.5868 2
    endloop
  endfacet
  facet normal 0 0 1
    outer loop
      vertex -9.4142 -14.0858 2
      vertex -19.9553 -13.3337 2
      vertex -9.46864 -14.1424 2
    endloop
  endfacet
  facet normal 0 0 1
    outer loop
      vertex -9.81628 -14.6627 2
      vertex -18.2497 -15.5868 2
      vertex -9.84775 -14.7346 2
    endloop
  endfacet
  facet normal 0 0 1
    outer loop
      vertex -9.46864 -14.1424 2
      vertex -19.9553 -13.3337 2
      vertex -9.5208 -14.2011 2
    endloop
  endfacet
  facet normal 0 0 1
    outer loop
      vertex -9.78201 -14.592 2
      vertex -18.2497 -15.5868 2
      vertex -9.81628 -14.6627 2
    endloop
  endfacet
  facet normal -0 -0 1
    outer loop
      vertex -19.4164 -14.1068 2
      vertex -9.5208 -14.2011 2
      vertex -19.9553 -13.3337 2
    endloop
  endfacet
  facet normal 0 0 1
    outer loop
      vertex -9.74498 -14.5228 2
      vertex -18.2497 -15.5868 2
      vertex -9.78201 -14.592 2
    endloop
  endfacet
  facet normal 0 0 1
    outer loop
      vertex -9.5208 -14.2011 2
      vertex -19.4164 -14.1068 2
      vertex -9.57063 -14.2618 2
    endloop
  endfacet
  facet normal 0 -0 1
    outer loop
      vertex -18.2497 -15.5868 2
      vertex -9.74498 -14.5228 2
      vertex -18.8476 -14.8583 2
    endloop
  endfacet
  facet normal 0 0 1
    outer loop
      vertex -9.57063 -14.2618 2
      vertex -19.4164 -14.1068 2
      vertex -9.61803 -14.3244 2
    endloop
  endfacet
  facet normal 0 0 1
    outer loop
      vertex -9.70528 -14.455 2
      vertex -18.8476 -14.8583 2
      vertex -9.74498 -14.5228 2
    endloop
  endfacet
  facet normal 0 0 1
    outer loop
      vertex -9.61803 -14.3244 2
      vertex -18.8476 -14.8583 2
      vertex -9.66293 -14.3889 2
    endloop
  endfacet
  facet normal 0 0 1
    outer loop
      vertex -9.66293 -14.3889 2
      vertex -18.8476 -14.8583 2
      vertex -9.70528 -14.455 2
    endloop
  endfacet
  facet normal 0 -0 1
    outer loop
      vertex -18.8476 -14.8583 2
      vertex -9.61803 -14.3244 2
      vertex -19.4164 -14.1068 2
    endloop
  endfacet
  facet normal 0 0 1
    outer loop
      vertex 9.23817 -13.9294 2
      vertex 8.01701 -4.16728 2
      vertex 9.17557 -13.882 2
    endloop
  endfacet
  facet normal -0 0 1
    outer loop
      vertex 7.13651 -5.53925 2
      vertex 9.17557 -13.882 2
      vertex 8.01701 -4.16728 2
    endloop
  endfacet
  facet normal 0 0 1
    outer loop
      vertex 9.17557 -13.882 2
      vertex 7.13651 -5.53925 2
      vertex 9.11113 -13.8371 2
    endloop
  endfacet
  facet normal 0 0 1
    outer loop
      vertex 9.11113 -13.8371 2
      vertex 7.13651 -5.53925 2
      vertex 9.04498 -13.7947 2
    endloop
  endfacet
  facet normal 0 0 1
    outer loop
      vertex 9.04498 -13.7947 2
      vertex 7.13651 -5.53925 2
      vertex 8.97723 -13.755 2
    endloop
  endfacet
  facet normal 0 0 1
    outer loop
      vertex 8.97723 -13.755 2
      vertex 7.13651 -5.53925 2
      vertex 8.90797 -13.718 2
    endloop
  endfacet
  facet normal 0 0 1
    outer loop
      vertex 8.90797 -13.718 2
      vertex 7.13651 -5.53925 2
      vertex 8.83731 -13.6837 2
    endloop
  endfacet
  facet normal 0 0 1
    outer loop
      vertex 8.83731 -13.6837 2
      vertex 7.13651 -5.53925 2
      vertex 8.76537 -13.6523 2
    endloop
  endfacet
  facet normal 0 0 1
    outer loop
      vertex 8.76537 -13.6523 2
      vertex 7.13651 -5.53925 2
      vertex 8.69223 -13.6236 2
    endloop
  endfacet
  facet normal 0 0 1
    outer loop
      vertex 8.69223 -13.6236 2
      vertex 7.13651 -5.53925 2
      vertex 8.61803 -13.5979 2
    endloop
  endfacet
  facet normal 0 0 1
    outer loop
      vertex 8.61803 -13.5979 2
      vertex 7.13651 -5.53925 2
      vertex 8.54288 -13.5751 2
    endloop
  endfacet
  facet normal -0 0 1
    outer loop
      vertex 5.96928 -6.78847 2
      vertex 8.54288 -13.5751 2
      vertex 7.13651 -5.53925 2
    endloop
  endfacet
  facet normal 0 0 1
    outer loop
      vertex 8.54288 -13.5751 2
      vertex 5.96928 -6.78847 2
      vertex 8.46689 -13.5553 2
    endloop
  endfacet
  facet normal 0 0 1
    outer loop
      vertex 8.46689 -13.5553 2
      vertex 5.96928 -6.78847 2
      vertex 8.39017 -13.5384 2
    endloop
  endfacet
  facet normal 0 0 1
    outer loop
      vertex 8.39017 -13.5384 2
      vertex 5.96928 -6.78847 2
      vertex 8.31287 -13.5246 2
    endloop
  endfacet
  facet normal 0 0 1
    outer loop
      vertex 8.31287 -13.5246 2
      vertex 5.96928 -6.78847 2
      vertex 8.23506 -13.5139 2
    endloop
  endfacet
  facet normal 0 0 1
    outer loop
      vertex 8.23506 -13.5139 2
      vertex 5.96928 -6.78847 2
      vertex 8.15691 -13.5062 2
    endloop
  endfacet
  facet normal 0 0 1
    outer loop
      vertex 8.15691 -13.5062 2
      vertex 5.96928 -6.78847 2
      vertex 8.07851 -13.5016 2
    endloop
  endfacet
  facet normal 0 0 1
    outer loop
      vertex 8.07851 -13.5016 2
      vertex 5.96928 -6.78847 2
      vertex 8 -13.5 2
    endloop
  endfacet
  facet normal -0 0 1
    outer loop
      vertex 4.16724 -8.01707 2
      vertex 8 -13.5 2
      vertex 5.96928 -6.78847 2
    endloop
  endfacet
  facet normal -0 0 1
    outer loop
      vertex 2.52896 -8.67241 2
      vertex 8 -13.5 2
      vertex 4.16724 -8.01707 2
    endloop
  endfacet
  facet normal 0 0 1
    outer loop
      vertex 0.440186 -8.95903 2
      vertex 2.52896 -8.67241 2
      vertex 1.87372 -8.4881 2
    endloop
  endfacet
  facet normal 0 0 1
    outer loop
      vertex 1.87372 -7.79181 2
      vertex 0.542603 -8.07854 2
      vertex 1.87372 -8.4881 2
    endloop
  endfacet
  facet normal 0 0 1
    outer loop
      vertex 0.542603 -8.79526 2
      vertex 1.87372 -8.4881 2
      vertex 0.542603 -8.07854 2
    endloop
  endfacet
  facet normal 0 0 1
    outer loop
      vertex 0.522171 -8.85674 2
      vertex 1.87372 -8.4881 2
      vertex 0.542603 -8.79526 2
    endloop
  endfacet
  facet normal 0 0 1
    outer loop
      vertex 0.522171 -8.85674 2
      vertex 0.542603 -8.79526 2
      vertex 0.522171 -8.81578 2
    endloop
  endfacet
  facet normal 0 0 1
    outer loop
      vertex 0.501663 -8.89767 2
      vertex 1.87372 -8.4881 2
      vertex 0.522171 -8.85674 2
    endloop
  endfacet
  facet normal 0 0 1
    outer loop
      vertex 0.501663 -8.89767 2
      vertex 0.522171 -8.85674 2
      vertex 0.501663 -8.87714 2
    endloop
  endfacet
  facet normal 0 0 1
    outer loop
      vertex 0.440186 -8.95903 2
      vertex 1.87372 -8.4881 2
      vertex 0.501663 -8.89767 2
    endloop
  endfacet
  facet normal 0 0 1
    outer loop
      vertex 0.399231 -8.97957 2
      vertex 2.52896 -8.67241 2
      vertex 0.440186 -8.95903 2
    endloop
  endfacet
  facet normal 0 0 1
    outer loop
      vertex 0.399231 -8.97957 2
      vertex 0.440186 -8.95903 2
      vertex 0.419769 -8.95903 2
    endloop
  endfacet
  facet normal 0 0 1
    outer loop
      vertex 2.52896 -8.67241 2
      vertex 0.399231 -8.97957 2
      vertex 8 -13.5 2
    endloop
  endfacet
  facet normal 0 0 1
    outer loop
      vertex 0.337875 -9 2
      vertex 0.399231 -8.97957 2
      vertex 0.358292 -8.97957 2
    endloop
  endfacet
  facet normal 0 0 1
    outer loop
      vertex 0.399231 -8.97957 2
      vertex 0.337875 -9 2
      vertex 8 -13.5 2
    endloop
  endfacet
  facet normal -0 0 1
    outer loop
      vertex -0.296921 -9 2
      vertex 8 -13.5 2
      vertex 0.337875 -9 2
    endloop
  endfacet
  facet normal -0 0 1
    outer loop
      vertex -0.378815 -8.97957 2
      vertex -0.296921 -9 2
      vertex -0.317444 -8.97957 2
    endloop
  endfacet
  facet normal 0 0 1
    outer loop
      vertex -8 -13.5 2
      vertex -0.296921 -9 2
      vertex -0.378815 -8.97957 2
    endloop
  endfacet
  facet normal 0 0 1
    outer loop
      vertex -8 -13.5 2
      vertex -0.501755 -8.05801 2
      vertex -2.52907 -2.20134 2
    endloop
  endfacet
  facet normal 0 0 1
    outer loop
      vertex -6.15359 -0.440231 2
      vertex -2.52907 -2.20134 2
      vertex -3.08191 -1.32083 2
    endloop
  endfacet
  facet normal 0 0 1
    outer loop
      vertex -5.84645 1.50505 2
      vertex -2.93863 1.60747 2
      vertex -5.23215 3.02048 2
    endloop
  endfacet
  facet normal 0 0 1
    outer loop
      vertex -2.93863 1.60747 2
      vertex -5.84645 1.50505 2
      vertex -3.3481 -0.030777 2
    endloop
  endfacet
  facet normal 0 0 1
    outer loop
      vertex -6.15359 -0.440231 2
      vertex -3.3481 -0.030777 2
      vertex -5.84645 1.50505 2
    endloop
  endfacet
  facet normal 0 0 1
    outer loop
      vertex -3.3481 -0.030777 2
      vertex -6.15359 -0.440231 2
      vertex -3.08191 -1.32083 2
    endloop
  endfacet
  facet normal -0 0 1
    outer loop
      vertex -8.54953 -0.563187 2
      vertex -2.52907 -2.20134 2
      vertex -6.15359 -0.440231 2
    endloop
  endfacet
  facet normal 0 0 1
    outer loop
      vertex -0.501755 -8.05801 2
      vertex -8 -13.5 2
      vertex -0.501755 -8.8362 2
    endloop
  endfacet
  facet normal 0 0 1
    outer loop
      vertex -0.296921 -9 2
      vertex -8 -13.5 2
      vertex 8 -13.5 2
    endloop
  endfacet
  facet normal 0 0 1
    outer loop
      vertex -0.481232 -8.87714 2
      vertex -8 -13.5 2
      vertex -0.378815 -8.97957 2
    endloop
  endfacet
  facet normal 0 0 1
    outer loop
      vertex -0.501755 -8.8362 2
      vertex -8 -13.5 2
      vertex -0.481232 -8.87714 2
    endloop
  endfacet
  facet normal 0 0 1
    outer loop
      vertex -2.52907 -2.20134 2
      vertex -8.54953 -0.563187 2
      vertex -8 -13.5 2
    endloop
  endfacet
  facet normal 0 0 1
    outer loop
      vertex -8 -13.5 2
      vertex -8.54953 -0.563187 2
      vertex -8.07851 -13.5016 2
    endloop
  endfacet
  facet normal 0 0 1
    outer loop
      vertex -8.07851 -13.5016 2
      vertex -8.54953 -0.563187 2
      vertex -8.15691 -13.5062 2
    endloop
  endfacet
  facet normal 0 0 1
    outer loop
      vertex -8.15691 -13.5062 2
      vertex -8.54953 -0.563187 2
      vertex -8.23506 -13.5139 2
    endloop
  endfacet
  facet normal 0 0 1
    outer loop
      vertex -8.23506 -13.5139 2
      vertex -8.54953 -0.563187 2
      vertex -8.31287 -13.5246 2
    endloop
  endfacet
  facet normal 0 0 1
    outer loop
      vertex -8.31287 -13.5246 2
      vertex -8.54953 -0.563187 2
      vertex -8.39017 -13.5384 2
    endloop
  endfacet
  facet normal 0 0 1
    outer loop
      vertex -8.39017 -13.5384 2
      vertex -8.54953 -0.563187 2
      vertex -8.46689 -13.5553 2
    endloop
  endfacet
  facet normal 0 0 1
    outer loop
      vertex -8.46689 -13.5553 2
      vertex -8.54953 -0.563187 2
      vertex -8.54288 -13.5751 2
    endloop
  endfacet
  facet normal 0 0 1
    outer loop
      vertex -8.54953 -0.563187 2
      vertex -8.61803 -13.5979 2
      vertex -8.54288 -13.5751 2
    endloop
  endfacet
  facet normal 0 0 1
    outer loop
      vertex -8.54953 -0.563187 2
      vertex -8.69223 -13.6236 2
      vertex -8.61803 -13.5979 2
    endloop
  endfacet
  facet normal 0 0 1
    outer loop
      vertex -8.54953 -0.563187 2
      vertex -8.76537 -13.6523 2
      vertex -8.69223 -13.6236 2
    endloop
  endfacet
  facet normal 0 0 1
    outer loop
      vertex -8.54953 -0.563187 2
      vertex -8.83731 -13.6837 2
      vertex -8.76537 -13.6523 2
    endloop
  endfacet
  facet normal 0 0 1
    outer loop
      vertex -8.54953 -0.563187 2
      vertex -8.90797 -13.718 2
      vertex -8.83731 -13.6837 2
    endloop
  endfacet
  facet normal 0 0 1
    outer loop
      vertex -8.54953 -0.563187 2
      vertex -8.97723 -13.755 2
      vertex -8.90797 -13.718 2
    endloop
  endfacet
  facet normal 0 0 1
    outer loop
      vertex -21.7954 -10.0478 2
      vertex -8.54953 -0.563187 2
      vertex -8.97952 -0.19455 2
    endloop
  endfacet
  facet normal 0 0 1
    outer loop
      vertex -8.54953 -0.563187 2
      vertex -9.04498 -13.7947 2
      vertex -8.97723 -13.755 2
    endloop
  endfacet
  facet normal 0 0 1
    outer loop
      vertex -0.481232 -8.85674 2
      vertex -0.501755 -8.8362 2
      vertex -0.481232 -8.87714 2
    endloop
  endfacet
  facet normal 0 0 1
    outer loop
      vertex 1.157 -7.0751 2
      vertex 0.522171 -8.0376 2
      vertex 0.542603 -8.07854 2
    endloop
  endfacet
  facet normal 0 0 1
    outer loop
      vertex 1.157 -7.0751 2
      vertex 0.501663 -7.99666 2
      vertex 0.522171 -8.0376 2
    endloop
  endfacet
  facet normal 0 0 1
    outer loop
      vertex 1.157 -7.0751 2
      vertex 0.419769 -7.91475 2
      vertex 0.501663 -7.99666 2
    endloop
  endfacet
  facet normal -0 0 1
    outer loop
      vertex 0.358292 -7.89423 2
      vertex 0.419769 -7.91475 2
      vertex 1.157 -7.0751 2
    endloop
  endfacet
  facet normal 0 0 1
    outer loop
      vertex 0.419769 -7.91475 2
      vertex 0.358292 -7.89423 2
      vertex 0.378815 -7.91475 2
    endloop
  endfacet
  facet normal -0 0 1
    outer loop
      vertex -0.051239 -7.157 2
      vertex 0.358292 -7.89423 2
      vertex 1.157 -7.0751 2
    endloop
  endfacet
  facet normal 0 0 1
    outer loop
      vertex -0.051239 -7.157 2
      vertex -0.337875 -7.89423 2
      vertex 0.358292 -7.89423 2
    endloop
  endfacet
  facet normal 0 0 1
    outer loop
      vertex -0.399338 -6.97267 2
      vertex -0.337875 -7.89423 2
      vertex -0.051239 -7.157 2
    endloop
  endfacet
  facet normal 0 0 1
    outer loop
      vertex -0.337875 -7.89423 2
      vertex -0.378815 -7.91475 2
      vertex -0.358383 -7.91475 2
    endloop
  endfacet
  facet normal 0 0 1
    outer loop
      vertex -0.337875 -7.89423 2
      vertex -0.399338 -6.97267 2
      vertex -0.378815 -7.91475 2
    endloop
  endfacet
  facet normal 0 0 1
    outer loop
      vertex -0.419769 -7.93518 2
      vertex -0.378815 -7.91475 2
      vertex -0.399338 -6.97267 2
    endloop
  endfacet
  facet normal 0 0 1
    outer loop
      vertex -0.378815 -7.91475 2
      vertex -0.419769 -7.93518 2
      vertex -0.399338 -7.93518 2
    endloop
  endfacet
  facet normal 0 0 1
    outer loop
      vertex -0.399338 -6.97267 2
      vertex -0.460815 -7.97612 2
      vertex -0.419769 -7.93518 2
    endloop
  endfacet
  facet normal 0 0 1
    outer loop
      vertex -0.460815 -7.97612 2
      vertex -0.481232 -8.01707 2
      vertex -0.460815 -7.99666 2
    endloop
  endfacet
  facet normal 0 0 1
    outer loop
      vertex -0.399338 -6.97267 2
      vertex -0.481232 -8.01707 2
      vertex -0.460815 -7.97612 2
    endloop
  endfacet
  facet normal 0 0 1
    outer loop
      vertex -1.62804 -2.93858 2
      vertex -0.399338 -6.97267 2
      vertex -0.501755 -3.3891 2
    endloop
  endfacet
  facet normal 0 0 1
    outer loop
      vertex -2.52907 -2.20134 2
      vertex -0.399338 -6.97267 2
      vertex -1.62804 -2.93858 2
    endloop
  endfacet
  facet normal 0 0 1
    outer loop
      vertex -0.399338 -6.97267 2
      vertex -0.501755 -8.05801 2
      vertex -0.481232 -8.01707 2
    endloop
  endfacet
  facet normal 0 0 1
    outer loop
      vertex -0.481232 -8.01707 2
      vertex -0.501755 -8.05801 2
      vertex -0.481232 -8.0376 2
    endloop
  endfacet
  facet normal 0 0 1
    outer loop
      vertex -0.399338 -6.97267 2
      vertex -2.52907 -2.20134 2
      vertex -0.501755 -8.05801 2
    endloop
  endfacet
  facet normal 0 0 1
    outer loop
      vertex 0.542603 -8.07854 2
      vertex 0.522171 -8.0376 2
      vertex 0.522171 -8.05801 2
    endloop
  endfacet
  facet normal 0 0 1
    outer loop
      vertex 0.522171 -8.0376 2
      vertex 0.501663 -7.99666 2
      vertex 0.501663 -8.01707 2
    endloop
  endfacet
  facet normal 0 0 1
    outer loop
      vertex -17.3418 -16.8822 2
      vertex -17.5848 -18.0444 2
      vertex -16.8822 -17.3418 2
    endloop
  endfacet
  facet normal 0 -0 1
    outer loop
      vertex -17.5848 -18.0444 2
      vertex -17.3418 -16.8822 2
      vertex -18.0444 -17.5848 2
    endloop
  endfacet
  facet normal 0 0 1
    outer loop
      vertex 17.3418 -16.8822 2
      vertex 17.5848 -18.0444 2
      vertex 18.0444 -17.5848 2
    endloop
  endfacet
  facet normal 0 0 1
    outer loop
      vertex 17.5848 -18.0444 2
      vertex 17.3418 -16.8822 2
      vertex 16.8822 -17.3418 2
    endloop
  endfacet
  facet normal 0 0 1
    outer loop
      vertex 25.2 0 2
      vertex 27 0 2
      vertex 26.9792 1.06001 2
    endloop
  endfacet
  facet normal 0 0 1
    outer loop
      vertex 25.1806 0.989347 2
      vertex 26.9792 1.06001 2
      vertex 26.9168 2.11839 2
    endloop
  endfacet
  facet normal 0 0 1
    outer loop
      vertex 27 0 2
      vertex 25.2 0 2
      vertex 26.9792 -1.06001 2
    endloop
  endfacet
  facet normal 0 0 1
    outer loop
      vertex 25.1223 1.97717 2
      vertex 26.9168 2.11839 2
      vertex 26.8128 3.17351 2
    endloop
  endfacet
  facet normal -0 0 1
    outer loop
      vertex 25.1806 -0.989347 2
      vertex 26.9792 -1.06001 2
      vertex 25.2 0 2
    endloop
  endfacet
  facet normal 0 0 1
    outer loop
      vertex 25.0253 2.96194 2
      vertex 26.8128 3.17351 2
      vertex 26.6676 4.22373 2
    endloop
  endfacet
  facet normal 0 0 1
    outer loop
      vertex 26.9792 -1.06001 2
      vertex 25.1806 -0.989347 2
      vertex 26.9168 -2.11839 2
    endloop
  endfacet
  facet normal 0 0 1
    outer loop
      vertex 24.8897 3.94215 2
      vertex 26.6676 4.22373 2
      vertex 26.4812 5.26744 2
    endloop
  endfacet
  facet normal -0 0 1
    outer loop
      vertex 25.1223 -1.97717 2
      vertex 26.9168 -2.11839 2
      vertex 25.1806 -0.989347 2
    endloop
  endfacet
  facet normal 0 0 1
    outer loop
      vertex 24.7158 4.91628 2
      vertex 26.4812 5.26744 2
      vertex 26.254 6.30302 2
    endloop
  endfacet
  facet normal 0 0 1
    outer loop
      vertex 26.9168 -2.11839 2
      vertex 25.1223 -1.97717 2
      vertex 26.8128 -3.17351 2
    endloop
  endfacet
  facet normal 0 0 1
    outer loop
      vertex 24.5037 5.88282 2
      vertex 26.254 6.30302 2
      vertex 25.9863 7.32889 2
    endloop
  endfacet
  facet normal -0 0 1
    outer loop
      vertex 25.0253 -2.96194 2
      vertex 26.8128 -3.17351 2
      vertex 25.1223 -1.97717 2
    endloop
  endfacet
  facet normal 0 0 1
    outer loop
      vertex 24.2539 6.8403 2
      vertex 25.9863 7.32889 2
      vertex 25.6785 8.34346 2
    endloop
  endfacet
  facet normal 0 0 1
    outer loop
      vertex 26.8128 -3.17351 2
      vertex 25.0253 -2.96194 2
      vertex 26.6676 -4.22373 2
    endloop
  endfacet
  facet normal 0 0 1
    outer loop
      vertex 23.9666 7.78723 2
      vertex 25.6785 8.34346 2
      vertex 25.3312 9.34516 2
    endloop
  endfacet
  facet normal -0 0 1
    outer loop
      vertex 24.8897 -3.94215 2
      vertex 26.6676 -4.22373 2
      vertex 25.0253 -2.96194 2
    endloop
  endfacet
  facet normal 0 0 1
    outer loop
      vertex 26.6676 -4.22373 2
      vertex 24.8897 -3.94215 2
      vertex 26.4812 -5.26744 2
    endloop
  endfacet
  facet normal 0 0 1
    outer loop
      vertex 26.9792 1.06001 2
      vertex 25.1806 0.989347 2
      vertex 25.2 0 2
    endloop
  endfacet
  facet normal 0 0 1
    outer loop
      vertex 26.9168 2.11839 2
      vertex 25.1223 1.97717 2
      vertex 25.1806 0.989347 2
    endloop
  endfacet
  facet normal 0 0 1
    outer loop
      vertex 26.8128 3.17351 2
      vertex 25.0253 2.96194 2
      vertex 25.1223 1.97717 2
    endloop
  endfacet
  facet normal 0 0 1
    outer loop
      vertex 23.6424 8.72215 2
      vertex 25.3312 9.34516 2
      vertex 24.9447 10.3325 2
    endloop
  endfacet
  facet normal 0 0 1
    outer loop
      vertex 26.6676 4.22373 2
      vertex 24.8897 3.94215 2
      vertex 25.0253 2.96194 2
    endloop
  endfacet
  facet normal 0 0 1
    outer loop
      vertex 26.4812 5.26744 2
      vertex 24.7158 4.91628 2
      vertex 24.8897 3.94215 2
    endloop
  endfacet
  facet normal 0 0 1
    outer loop
      vertex 23.2818 9.64362 2
      vertex 24.9447 10.3325 2
      vertex 24.5199 11.3038 2
    endloop
  endfacet
  facet normal 0 0 1
    outer loop
      vertex 26.254 6.30302 2
      vertex 24.5037 5.88282 2
      vertex 24.7158 4.91628 2
    endloop
  endfacet
  facet normal 0 0 1
    outer loop
      vertex 25.9863 7.32889 2
      vertex 24.2539 6.8403 2
      vertex 24.5037 5.88282 2
    endloop
  endfacet
  facet normal 0 0 1
    outer loop
      vertex 22.8852 10.5502 2
      vertex 24.5199 11.3038 2
      vertex 24.0572 12.2577 2
    endloop
  endfacet
  facet normal 0 0 1
    outer loop
      vertex 25.6785 8.34346 2
      vertex 23.9666 7.78723 2
      vertex 24.2539 6.8403 2
    endloop
  endfacet
  facet normal 0 0 1
    outer loop
      vertex 25.3312 9.34516 2
      vertex 23.6424 8.72215 2
      vertex 23.9666 7.78723 2
    endloop
  endfacet
  facet normal 0 0 1
    outer loop
      vertex 22.4534 11.4406 2
      vertex 24.0572 12.2577 2
      vertex 23.5574 13.1928 2
    endloop
  endfacet
  facet normal 0 0 1
    outer loop
      vertex 24.9447 10.3325 2
      vertex 23.2818 9.64362 2
      vertex 23.6424 8.72215 2
    endloop
  endfacet
  facet normal 0 0 1
    outer loop
      vertex 21.9869 12.3133 2
      vertex 23.5574 13.1928 2
      vertex 23.0213 14.1075 2
    endloop
  endfacet
  facet normal 0 0 1
    outer loop
      vertex 24.5199 11.3038 2
      vertex 22.8852 10.5502 2
      vertex 23.2818 9.64362 2
    endloop
  endfacet
  facet normal 0 0 1
    outer loop
      vertex 24.0572 12.2577 2
      vertex 22.4534 11.4406 2
      vertex 22.8852 10.5502 2
    endloop
  endfacet
  facet normal 0 0 1
    outer loop
      vertex 21.4865 13.167 2
      vertex 23.0213 14.1075 2
      vertex 22.4497 15.0004 2
    endloop
  endfacet
  facet normal 0 0 1
    outer loop
      vertex 23.5574 13.1928 2
      vertex 21.9869 12.3133 2
      vertex 22.4534 11.4406 2
    endloop
  endfacet
  facet normal 0 0 1
    outer loop
      vertex 20.953 14.0004 2
      vertex 22.4497 15.0004 2
      vertex 21.8435 15.8702 2
    endloop
  endfacet
  facet normal 0 0 1
    outer loop
      vertex 23.0213 14.1075 2
      vertex 21.4865 13.167 2
      vertex 21.9869 12.3133 2
    endloop
  endfacet
  facet normal 0 0 1
    outer loop
      vertex 20.3872 14.8122 2
      vertex 21.8435 15.8702 2
      vertex 21.2036 16.7155 2
    endloop
  endfacet
  facet normal 0 0 1
    outer loop
      vertex 22.4497 15.0004 2
      vertex 20.953 14.0004 2
      vertex 21.4865 13.167 2
    endloop
  endfacet
  facet normal 0 0 1
    outer loop
      vertex 19.79 15.6012 2
      vertex 21.2036 16.7155 2
      vertex 20.531 17.5351 2
    endloop
  endfacet
  facet normal 0 0 1
    outer loop
      vertex 21.8435 15.8702 2
      vertex 20.3872 14.8122 2
      vertex 20.953 14.0004 2
    endloop
  endfacet
  facet normal 0 0 1
    outer loop
      vertex 19.1622 16.3661 2
      vertex 20.531 17.5351 2
      vertex 19.8267 18.3276 2
    endloop
  endfacet
  facet normal 0 0 1
    outer loop
      vertex 21.2036 16.7155 2
      vertex 19.79 15.6012 2
      vertex 20.3872 14.8122 2
    endloop
  endfacet
  facet normal 0 0 1
    outer loop
      vertex 20.531 17.5351 2
      vertex 19.1622 16.3661 2
      vertex 19.79 15.6012 2
    endloop
  endfacet
  facet normal 0 0 1
    outer loop
      vertex 18.0444 17.5848 2
      vertex 19.8267 18.3276 2
      vertex 19.0919 19.0919 2
    endloop
  endfacet
  facet normal 0 0 1
    outer loop
      vertex 19.8267 18.3276 2
      vertex 18.5049 17.1058 2
      vertex 19.1622 16.3661 2
    endloop
  endfacet
  facet normal 0 0 1
    outer loop
      vertex 17.5848 18.0444 2
      vertex 19.0919 19.0919 2
      vertex 18.3276 19.8267 2
    endloop
  endfacet
  facet normal 0 0 1
    outer loop
      vertex 19.8267 18.3276 2
      vertex 18.0444 17.5848 2
      vertex 18.5049 17.1058 2
    endloop
  endfacet
  facet normal 0 0 1
    outer loop
      vertex 19.0919 19.0919 2
      vertex 17.5848 18.0444 2
      vertex 18.0444 17.5848 2
    endloop
  endfacet
  facet normal 0 0 1
    outer loop
      vertex 17.1058 18.5049 2
      vertex 18.3276 19.8267 2
      vertex 17.5351 20.531 2
    endloop
  endfacet
  facet normal 0 0 1
    outer loop
      vertex 18.3276 19.8267 2
      vertex 17.1058 18.5049 2
      vertex 17.5848 18.0444 2
    endloop
  endfacet
  facet normal 0 0 1
    outer loop
      vertex 16.3661 19.1622 2
      vertex 17.5351 20.531 2
      vertex 16.7155 21.2036 2
    endloop
  endfacet
  facet normal 0 0 1
    outer loop
      vertex 17.5351 20.531 2
      vertex 16.3661 19.1622 2
      vertex 17.1058 18.5049 2
    endloop
  endfacet
  facet normal 0 0 1
    outer loop
      vertex 15.6012 19.79 2
      vertex 16.7155 21.2036 2
      vertex 15.8702 21.8435 2
    endloop
  endfacet
  facet normal 0 0 1
    outer loop
      vertex 16.7155 21.2036 2
      vertex 15.6012 19.79 2
      vertex 16.3661 19.1622 2
    endloop
  endfacet
  facet normal 0 0 1
    outer loop
      vertex 14.8122 20.3872 2
      vertex 15.8702 21.8435 2
      vertex 15.0004 22.4497 2
    endloop
  endfacet
  facet normal 0 0 1
    outer loop
      vertex 15.8702 21.8435 2
      vertex 14.8122 20.3872 2
      vertex 15.6012 19.79 2
    endloop
  endfacet
  facet normal 0 0 1
    outer loop
      vertex 14.0004 20.953 2
      vertex 15.0004 22.4497 2
      vertex 14.1075 23.0213 2
    endloop
  endfacet
  facet normal 0 0 1
    outer loop
      vertex 15.0004 22.4497 2
      vertex 14.0004 20.953 2
      vertex 14.8122 20.3872 2
    endloop
  endfacet
  facet normal 0 0 1
    outer loop
      vertex 13.167 21.4865 2
      vertex 14.1075 23.0213 2
      vertex 13.1928 23.5574 2
    endloop
  endfacet
  facet normal 0 0 1
    outer loop
      vertex 14.1075 23.0213 2
      vertex 13.167 21.4865 2
      vertex 14.0004 20.953 2
    endloop
  endfacet
  facet normal 0 0 1
    outer loop
      vertex 13.1928 23.5574 2
      vertex 12.3133 21.9869 2
      vertex 13.167 21.4865 2
    endloop
  endfacet
  facet normal 0 0 1
    outer loop
      vertex 12.2577 24.0572 2
      vertex 12.3133 21.9869 2
      vertex 13.1928 23.5574 2
    endloop
  endfacet
  facet normal 0 0 1
    outer loop
      vertex 12.2577 24.0572 2
      vertex 11.4406 22.4534 2
      vertex 12.3133 21.9869 2
    endloop
  endfacet
  facet normal 0 0 1
    outer loop
      vertex 11.3038 24.5199 2
      vertex 11.4406 22.4534 2
      vertex 12.2577 24.0572 2
    endloop
  endfacet
  facet normal 0 0 1
    outer loop
      vertex 11.3038 24.5199 2
      vertex 10.5502 22.8852 2
      vertex 11.4406 22.4534 2
    endloop
  endfacet
  facet normal 0 0 1
    outer loop
      vertex 10.3325 24.9447 2
      vertex 10.5502 22.8852 2
      vertex 11.3038 24.5199 2
    endloop
  endfacet
  facet normal 0 0 1
    outer loop
      vertex 10.3325 24.9447 2
      vertex 9.64362 23.2818 2
      vertex 10.5502 22.8852 2
    endloop
  endfacet
  facet normal 0 0 1
    outer loop
      vertex 9.34516 25.3312 2
      vertex 9.64362 23.2818 2
      vertex 10.3325 24.9447 2
    endloop
  endfacet
  facet normal 0 0 1
    outer loop
      vertex 9.34516 25.3312 2
      vertex 8.72215 23.6424 2
      vertex 9.64362 23.2818 2
    endloop
  endfacet
  facet normal 0 0 1
    outer loop
      vertex 8.34346 25.6785 2
      vertex 8.72215 23.6424 2
      vertex 9.34516 25.3312 2
    endloop
  endfacet
  facet normal 0 0 1
    outer loop
      vertex 8.34346 25.6785 2
      vertex 7.78723 23.9666 2
      vertex 8.72215 23.6424 2
    endloop
  endfacet
  facet normal 0 0 1
    outer loop
      vertex 7.32889 25.9863 2
      vertex 7.78723 23.9666 2
      vertex 8.34346 25.6785 2
    endloop
  endfacet
  facet normal 0 0 1
    outer loop
      vertex 7.32889 25.9863 2
      vertex 6.8403 24.2539 2
      vertex 7.78723 23.9666 2
    endloop
  endfacet
  facet normal 0 0 1
    outer loop
      vertex 6.30302 26.254 2
      vertex 6.8403 24.2539 2
      vertex 7.32889 25.9863 2
    endloop
  endfacet
  facet normal 0 0 1
    outer loop
      vertex 6.30302 26.254 2
      vertex 5.88282 24.5037 2
      vertex 6.8403 24.2539 2
    endloop
  endfacet
  facet normal 0 0 1
    outer loop
      vertex 5.26744 26.4812 2
      vertex 5.88282 24.5037 2
      vertex 6.30302 26.254 2
    endloop
  endfacet
  facet normal 0 0 1
    outer loop
      vertex 5.26744 26.4812 2
      vertex 4.91628 24.7158 2
      vertex 5.88282 24.5037 2
    endloop
  endfacet
  facet normal 0 0 1
    outer loop
      vertex 4.22373 26.6676 2
      vertex 4.91628 24.7158 2
      vertex 5.26744 26.4812 2
    endloop
  endfacet
  facet normal 0 0 1
    outer loop
      vertex 4.22373 26.6676 2
      vertex 3.94215 24.8897 2
      vertex 4.91628 24.7158 2
    endloop
  endfacet
  facet normal 0 0 1
    outer loop
      vertex 3.17351 26.8128 2
      vertex 3.94215 24.8897 2
      vertex 4.22373 26.6676 2
    endloop
  endfacet
  facet normal 0 0 1
    outer loop
      vertex 3.17351 26.8128 2
      vertex 2.96194 25.0253 2
      vertex 3.94215 24.8897 2
    endloop
  endfacet
  facet normal 0 0 1
    outer loop
      vertex 2.11839 26.9168 2
      vertex 2.96194 25.0253 2
      vertex 3.17351 26.8128 2
    endloop
  endfacet
  facet normal 0 0 1
    outer loop
      vertex 2.11839 26.9168 2
      vertex 1.97717 25.1223 2
      vertex 2.96194 25.0253 2
    endloop
  endfacet
  facet normal 0 0 1
    outer loop
      vertex 1.06001 26.9792 2
      vertex 1.97717 25.1223 2
      vertex 2.11839 26.9168 2
    endloop
  endfacet
  facet normal 0 0 1
    outer loop
      vertex 1.06001 26.9792 2
      vertex 0.989347 25.1806 2
      vertex 1.97717 25.1223 2
    endloop
  endfacet
  facet normal 0 0 1
    outer loop
      vertex 0 27 2
      vertex 0.989347 25.1806 2
      vertex 1.06001 26.9792 2
    endloop
  endfacet
  facet normal 0 0 1
    outer loop
      vertex 0 27 2
      vertex 0 25.2 2
      vertex 0.989347 25.1806 2
    endloop
  endfacet
  facet normal 0 0 1
    outer loop
      vertex 0 27 2
      vertex -0.989347 25.1806 2
      vertex 0 25.2 2
    endloop
  endfacet
  facet normal -0 0 1
    outer loop
      vertex -1.06001 26.9792 2
      vertex -0.989347 25.1806 2
      vertex 0 27 2
    endloop
  endfacet
  facet normal 0 0 1
    outer loop
      vertex -1.06001 26.9792 2
      vertex -1.97717 25.1223 2
      vertex -0.989347 25.1806 2
    endloop
  endfacet
  facet normal -0 0 1
    outer loop
      vertex -2.11839 26.9168 2
      vertex -1.97717 25.1223 2
      vertex -1.06001 26.9792 2
    endloop
  endfacet
  facet normal 0 0 1
    outer loop
      vertex -2.11839 26.9168 2
      vertex -2.96194 25.0253 2
      vertex -1.97717 25.1223 2
    endloop
  endfacet
  facet normal -0 0 1
    outer loop
      vertex -3.17351 26.8128 2
      vertex -2.96194 25.0253 2
      vertex -2.11839 26.9168 2
    endloop
  endfacet
  facet normal 0 0 1
    outer loop
      vertex -3.17351 26.8128 2
      vertex -3.94215 24.8897 2
      vertex -2.96194 25.0253 2
    endloop
  endfacet
  facet normal -0 0 1
    outer loop
      vertex -4.22373 26.6676 2
      vertex -3.94215 24.8897 2
      vertex -3.17351 26.8128 2
    endloop
  endfacet
  facet normal 0 0 1
    outer loop
      vertex -4.22373 26.6676 2
      vertex -4.91628 24.7158 2
      vertex -3.94215 24.8897 2
    endloop
  endfacet
  facet normal -0 0 1
    outer loop
      vertex -5.26744 26.4812 2
      vertex -4.91628 24.7158 2
      vertex -4.22373 26.6676 2
    endloop
  endfacet
  facet normal 0 0 1
    outer loop
      vertex -5.26744 26.4812 2
      vertex -5.88282 24.5037 2
      vertex -4.91628 24.7158 2
    endloop
  endfacet
  facet normal -0 0 1
    outer loop
      vertex -6.30302 26.254 2
      vertex -5.88282 24.5037 2
      vertex -5.26744 26.4812 2
    endloop
  endfacet
  facet normal 0 0 1
    outer loop
      vertex -6.30302 26.254 2
      vertex -6.8403 24.2539 2
      vertex -5.88282 24.5037 2
    endloop
  endfacet
  facet normal -0 0 1
    outer loop
      vertex -7.32889 25.9863 2
      vertex -6.8403 24.2539 2
      vertex -6.30302 26.254 2
    endloop
  endfacet
  facet normal 0 0 1
    outer loop
      vertex -7.32889 25.9863 2
      vertex -7.78723 23.9666 2
      vertex -6.8403 24.2539 2
    endloop
  endfacet
  facet normal -0 0 1
    outer loop
      vertex -8.34346 25.6785 2
      vertex -7.78723 23.9666 2
      vertex -7.32889 25.9863 2
    endloop
  endfacet
  facet normal 0 0 1
    outer loop
      vertex -8.34346 25.6785 2
      vertex -8.72215 23.6424 2
      vertex -7.78723 23.9666 2
    endloop
  endfacet
  facet normal -0 0 1
    outer loop
      vertex -9.34516 25.3312 2
      vertex -8.72215 23.6424 2
      vertex -8.34346 25.6785 2
    endloop
  endfacet
  facet normal 0 0 1
    outer loop
      vertex -9.34516 25.3312 2
      vertex -9.64362 23.2818 2
      vertex -8.72215 23.6424 2
    endloop
  endfacet
  facet normal -0 0 1
    outer loop
      vertex -10.3325 24.9447 2
      vertex -9.64362 23.2818 2
      vertex -9.34516 25.3312 2
    endloop
  endfacet
  facet normal 0 0 1
    outer loop
      vertex -10.3325 24.9447 2
      vertex -10.5502 22.8852 2
      vertex -9.64362 23.2818 2
    endloop
  endfacet
  facet normal -0 0 1
    outer loop
      vertex -11.3038 24.5199 2
      vertex -10.5502 22.8852 2
      vertex -10.3325 24.9447 2
    endloop
  endfacet
  facet normal 0 0 1
    outer loop
      vertex -11.3038 24.5199 2
      vertex -11.4406 22.4534 2
      vertex -10.5502 22.8852 2
    endloop
  endfacet
  facet normal -0 0 1
    outer loop
      vertex -12.2577 24.0572 2
      vertex -11.4406 22.4534 2
      vertex -11.3038 24.5199 2
    endloop
  endfacet
  facet normal 0 0 1
    outer loop
      vertex -12.2577 24.0572 2
      vertex -12.3133 21.9869 2
      vertex -11.4406 22.4534 2
    endloop
  endfacet
  facet normal -0 0 1
    outer loop
      vertex -13.1928 23.5574 2
      vertex -12.3133 21.9869 2
      vertex -12.2577 24.0572 2
    endloop
  endfacet
  facet normal 0 0 1
    outer loop
      vertex -12.3133 21.9869 2
      vertex -13.1928 23.5574 2
      vertex -13.167 21.4865 2
    endloop
  endfacet
  facet normal -0 0 1
    outer loop
      vertex -14.1075 23.0213 2
      vertex -13.167 21.4865 2
      vertex -13.1928 23.5574 2
    endloop
  endfacet
  facet normal 0 0 1
    outer loop
      vertex -13.167 21.4865 2
      vertex -14.1075 23.0213 2
      vertex -14.0004 20.953 2
    endloop
  endfacet
  facet normal -0 0 1
    outer loop
      vertex -15.0004 22.4497 2
      vertex -14.0004 20.953 2
      vertex -14.1075 23.0213 2
    endloop
  endfacet
  facet normal 0 0 1
    outer loop
      vertex -14.0004 20.953 2
      vertex -15.0004 22.4497 2
      vertex -14.8122 20.3872 2
    endloop
  endfacet
  facet normal -0 0 1
    outer loop
      vertex -15.8702 21.8435 2
      vertex -14.8122 20.3872 2
      vertex -15.0004 22.4497 2
    endloop
  endfacet
  facet normal 0 0 1
    outer loop
      vertex -14.8122 20.3872 2
      vertex -15.8702 21.8435 2
      vertex -15.6012 19.79 2
    endloop
  endfacet
  facet normal -0 0 1
    outer loop
      vertex -16.7155 21.2036 2
      vertex -15.6012 19.79 2
      vertex -15.8702 21.8435 2
    endloop
  endfacet
  facet normal 0 0 1
    outer loop
      vertex -15.6012 19.79 2
      vertex -16.7155 21.2036 2
      vertex -16.3661 19.1622 2
    endloop
  endfacet
  facet normal -0 0 1
    outer loop
      vertex -17.5351 20.531 2
      vertex -16.3661 19.1622 2
      vertex -16.7155 21.2036 2
    endloop
  endfacet
  facet normal 0 0 1
    outer loop
      vertex -16.3661 19.1622 2
      vertex -17.5351 20.531 2
      vertex -17.1058 18.5049 2
    endloop
  endfacet
  facet normal -0 0 1
    outer loop
      vertex -18.3276 19.8267 2
      vertex -17.1058 18.5049 2
      vertex -17.5351 20.531 2
    endloop
  endfacet
  facet normal 0 0 1
    outer loop
      vertex -17.1058 18.5049 2
      vertex -18.3276 19.8267 2
      vertex -17.5848 18.0444 2
    endloop
  endfacet
  facet normal -0 0 1
    outer loop
      vertex -19.0919 19.0919 2
      vertex -17.5848 18.0444 2
      vertex -18.3276 19.8267 2
    endloop
  endfacet
  facet normal 0 0 1
    outer loop
      vertex -17.5848 18.0444 2
      vertex -19.0919 19.0919 2
      vertex -18.0444 17.5848 2
    endloop
  endfacet
  facet normal -0 0 1
    outer loop
      vertex -19.8267 18.3276 2
      vertex -18.0444 17.5848 2
      vertex -19.0919 19.0919 2
    endloop
  endfacet
  facet normal 0 0 1
    outer loop
      vertex -18.0444 17.5848 2
      vertex -19.8267 18.3276 2
      vertex -18.5049 17.1058 2
    endloop
  endfacet
  facet normal 0 0 1
    outer loop
      vertex -18.5049 17.1058 2
      vertex -19.8267 18.3276 2
      vertex -19.1622 16.3661 2
    endloop
  endfacet
  facet normal -0 0 1
    outer loop
      vertex -20.531 17.5351 2
      vertex -19.1622 16.3661 2
      vertex -19.8267 18.3276 2
    endloop
  endfacet
  facet normal 0 0 1
    outer loop
      vertex -19.1622 16.3661 2
      vertex -20.531 17.5351 2
      vertex -19.79 15.6012 2
    endloop
  endfacet
  facet normal -0 0 1
    outer loop
      vertex -21.2036 16.7155 2
      vertex -19.79 15.6012 2
      vertex -20.531 17.5351 2
    endloop
  endfacet
  facet normal 0 0 1
    outer loop
      vertex -19.79 15.6012 2
      vertex -21.2036 16.7155 2
      vertex -20.3872 14.8122 2
    endloop
  endfacet
  facet normal -0 0 1
    outer loop
      vertex -21.8435 15.8702 2
      vertex -20.3872 14.8122 2
      vertex -21.2036 16.7155 2
    endloop
  endfacet
  facet normal 0 0 1
    outer loop
      vertex -20.3872 14.8122 2
      vertex -21.8435 15.8702 2
      vertex -20.953 14.0004 2
    endloop
  endfacet
  facet normal -0 0 1
    outer loop
      vertex -22.4497 15.0004 2
      vertex -20.953 14.0004 2
      vertex -21.8435 15.8702 2
    endloop
  endfacet
  facet normal 0 0 1
    outer loop
      vertex -20.953 14.0004 2
      vertex -22.4497 15.0004 2
      vertex -21.4865 13.167 2
    endloop
  endfacet
  facet normal -0 0 1
    outer loop
      vertex -23.0213 14.1075 2
      vertex -21.4865 13.167 2
      vertex -22.4497 15.0004 2
    endloop
  endfacet
  facet normal 0 0 1
    outer loop
      vertex -21.4865 13.167 2
      vertex -23.0213 14.1075 2
      vertex -21.9869 12.3133 2
    endloop
  endfacet
  facet normal -0 0 1
    outer loop
      vertex -23.5574 13.1928 2
      vertex -21.9869 12.3133 2
      vertex -23.0213 14.1075 2
    endloop
  endfacet
  facet normal 0 0 1
    outer loop
      vertex -21.9869 12.3133 2
      vertex -23.5574 13.1928 2
      vertex -22.4534 11.4406 2
    endloop
  endfacet
  facet normal -0 0 1
    outer loop
      vertex -24.0572 12.2577 2
      vertex -22.4534 11.4406 2
      vertex -23.5574 13.1928 2
    endloop
  endfacet
  facet normal 0 0 1
    outer loop
      vertex -22.4534 11.4406 2
      vertex -24.0572 12.2577 2
      vertex -22.8852 10.5502 2
    endloop
  endfacet
  facet normal -0 0 1
    outer loop
      vertex -24.5199 11.3038 2
      vertex -22.8852 10.5502 2
      vertex -24.0572 12.2577 2
    endloop
  endfacet
  facet normal 0 0 1
    outer loop
      vertex -22.8852 10.5502 2
      vertex -24.5199 11.3038 2
      vertex -23.2818 9.64362 2
    endloop
  endfacet
  facet normal -0 0 1
    outer loop
      vertex -24.9447 10.3325 2
      vertex -23.2818 9.64362 2
      vertex -24.5199 11.3038 2
    endloop
  endfacet
  facet normal 0 0 1
    outer loop
      vertex -23.2818 9.64362 2
      vertex -24.9447 10.3325 2
      vertex -23.6424 8.72215 2
    endloop
  endfacet
  facet normal -0 0 1
    outer loop
      vertex -25.3312 9.34516 2
      vertex -23.6424 8.72215 2
      vertex -24.9447 10.3325 2
    endloop
  endfacet
  facet normal 0 0 1
    outer loop
      vertex -23.6424 8.72215 2
      vertex -25.3312 9.34516 2
      vertex -23.9666 7.78723 2
    endloop
  endfacet
  facet normal -0 0 1
    outer loop
      vertex -25.6785 8.34346 2
      vertex -23.9666 7.78723 2
      vertex -25.3312 9.34516 2
    endloop
  endfacet
  facet normal 0 0 1
    outer loop
      vertex -23.9666 7.78723 2
      vertex -25.6785 8.34346 2
      vertex -24.2539 6.8403 2
    endloop
  endfacet
  facet normal -0 0 1
    outer loop
      vertex -25.9863 7.32889 2
      vertex -24.2539 6.8403 2
      vertex -25.6785 8.34346 2
    endloop
  endfacet
  facet normal 0 0 1
    outer loop
      vertex -24.2539 6.8403 2
      vertex -25.9863 7.32889 2
      vertex -24.5037 5.88282 2
    endloop
  endfacet
  facet normal -0 0 1
    outer loop
      vertex -26.254 6.30302 2
      vertex -24.5037 5.88282 2
      vertex -25.9863 7.32889 2
    endloop
  endfacet
  facet normal 0 0 1
    outer loop
      vertex -24.5037 5.88282 2
      vertex -26.254 6.30302 2
      vertex -24.7158 4.91628 2
    endloop
  endfacet
  facet normal 0 0 1
    outer loop
      vertex -24.7158 4.91628 2
      vertex -26.4812 5.26744 2
      vertex -24.8897 3.94215 2
    endloop
  endfacet
  facet normal -0 0 1
    outer loop
      vertex -26.4812 5.26744 2
      vertex -24.7158 4.91628 2
      vertex -26.254 6.30302 2
    endloop
  endfacet
  facet normal -0 0 1
    outer loop
      vertex 24.7158 -4.91628 2
      vertex 26.4812 -5.26744 2
      vertex 24.8897 -3.94215 2
    endloop
  endfacet
  facet normal 0 0 1
    outer loop
      vertex 26.4812 -5.26744 2
      vertex 24.7158 -4.91628 2
      vertex 26.254 -6.30302 2
    endloop
  endfacet
  facet normal -0 0 1
    outer loop
      vertex 24.5037 -5.88282 2
      vertex 26.254 -6.30302 2
      vertex 24.7158 -4.91628 2
    endloop
  endfacet
  facet normal 0 0 1
    outer loop
      vertex 26.254 -6.30302 2
      vertex 24.5037 -5.88282 2
      vertex 25.9863 -7.32889 2
    endloop
  endfacet
  facet normal -0 0 1
    outer loop
      vertex 24.2539 -6.8403 2
      vertex 25.9863 -7.32889 2
      vertex 24.5037 -5.88282 2
    endloop
  endfacet
  facet normal 0 0 1
    outer loop
      vertex 25.9863 -7.32889 2
      vertex 24.2539 -6.8403 2
      vertex 25.6785 -8.34346 2
    endloop
  endfacet
  facet normal -0 0 1
    outer loop
      vertex 23.9666 -7.78723 2
      vertex 25.6785 -8.34346 2
      vertex 24.2539 -6.8403 2
    endloop
  endfacet
  facet normal 0 0 1
    outer loop
      vertex 25.6785 -8.34346 2
      vertex 23.9666 -7.78723 2
      vertex 25.3312 -9.34516 2
    endloop
  endfacet
  facet normal -0 0 1
    outer loop
      vertex 23.6424 -8.72215 2
      vertex 25.3312 -9.34516 2
      vertex 23.9666 -7.78723 2
    endloop
  endfacet
  facet normal 0 0 1
    outer loop
      vertex 25.3312 -9.34516 2
      vertex 23.6424 -8.72215 2
      vertex 24.9447 -10.3325 2
    endloop
  endfacet
  facet normal -0 0 1
    outer loop
      vertex 23.2818 -9.64362 2
      vertex 24.9447 -10.3325 2
      vertex 23.6424 -8.72215 2
    endloop
  endfacet
  facet normal 0 0 1
    outer loop
      vertex 24.9447 -10.3325 2
      vertex 23.2818 -9.64362 2
      vertex 24.5199 -11.3038 2
    endloop
  endfacet
  facet normal -0 0 1
    outer loop
      vertex 22.8852 -10.5502 2
      vertex 24.5199 -11.3038 2
      vertex 23.2818 -9.64362 2
    endloop
  endfacet
  facet normal 0 0 1
    outer loop
      vertex 24.5199 -11.3038 2
      vertex 22.8852 -10.5502 2
      vertex 24.0572 -12.2577 2
    endloop
  endfacet
  facet normal -0 0 1
    outer loop
      vertex 22.4534 -11.4406 2
      vertex 24.0572 -12.2577 2
      vertex 22.8852 -10.5502 2
    endloop
  endfacet
  facet normal 0 0 1
    outer loop
      vertex 24.0572 -12.2577 2
      vertex 22.4534 -11.4406 2
      vertex 23.5574 -13.1928 2
    endloop
  endfacet
  facet normal -0 0 1
    outer loop
      vertex 21.9869 -12.3133 2
      vertex 23.5574 -13.1928 2
      vertex 22.4534 -11.4406 2
    endloop
  endfacet
  facet normal 0 0 1
    outer loop
      vertex 23.5574 -13.1928 2
      vertex 21.9869 -12.3133 2
      vertex 23.0213 -14.1075 2
    endloop
  endfacet
  facet normal -0 0 1
    outer loop
      vertex 21.4865 -13.167 2
      vertex 23.0213 -14.1075 2
      vertex 21.9869 -12.3133 2
    endloop
  endfacet
  facet normal 0 0 1
    outer loop
      vertex 23.0213 -14.1075 2
      vertex 21.4865 -13.167 2
      vertex 22.4497 -15.0004 2
    endloop
  endfacet
  facet normal -0 0 1
    outer loop
      vertex 20.953 -14.0004 2
      vertex 22.4497 -15.0004 2
      vertex 21.4865 -13.167 2
    endloop
  endfacet
  facet normal 0 0 1
    outer loop
      vertex 22.4497 -15.0004 2
      vertex 20.953 -14.0004 2
      vertex 21.8435 -15.8702 2
    endloop
  endfacet
  facet normal -0 0 1
    outer loop
      vertex 20.3872 -14.8122 2
      vertex 21.8435 -15.8702 2
      vertex 20.953 -14.0004 2
    endloop
  endfacet
  facet normal 0 0 1
    outer loop
      vertex 21.8435 -15.8702 2
      vertex 20.3872 -14.8122 2
      vertex 21.2036 -16.7155 2
    endloop
  endfacet
  facet normal -0 0 1
    outer loop
      vertex 19.79 -15.6012 2
      vertex 21.2036 -16.7155 2
      vertex 20.3872 -14.8122 2
    endloop
  endfacet
  facet normal 0 0 1
    outer loop
      vertex 21.2036 -16.7155 2
      vertex 19.79 -15.6012 2
      vertex 20.531 -17.5351 2
    endloop
  endfacet
  facet normal -0 0 1
    outer loop
      vertex 19.1622 -16.3661 2
      vertex 20.531 -17.5351 2
      vertex 19.79 -15.6012 2
    endloop
  endfacet
  facet normal 0 0 1
    outer loop
      vertex 20.531 -17.5351 2
      vertex 19.1622 -16.3661 2
      vertex 19.8267 -18.3276 2
    endloop
  endfacet
  facet normal -0 0 1
    outer loop
      vertex 18.5049 -17.1058 2
      vertex 19.8267 -18.3276 2
      vertex 19.1622 -16.3661 2
    endloop
  endfacet
  facet normal -0 0 1
    outer loop
      vertex 18.0444 -17.5848 2
      vertex 19.8267 -18.3276 2
      vertex 18.5049 -17.1058 2
    endloop
  endfacet
  facet normal 0 0 1
    outer loop
      vertex 19.8267 -18.3276 2
      vertex 18.0444 -17.5848 2
      vertex 19.0919 -19.0919 2
    endloop
  endfacet
  facet normal -0 0 1
    outer loop
      vertex 17.5848 -18.0444 2
      vertex 19.0919 -19.0919 2
      vertex 18.0444 -17.5848 2
    endloop
  endfacet
  facet normal 0 0 1
    outer loop
      vertex 19.0919 -19.0919 2
      vertex 17.5848 -18.0444 2
      vertex 18.3276 -19.8267 2
    endloop
  endfacet
  facet normal -0 0 1
    outer loop
      vertex 17.1058 -18.5049 2
      vertex 18.3276 -19.8267 2
      vertex 17.5848 -18.0444 2
    endloop
  endfacet
  facet normal 0 0 1
    outer loop
      vertex 18.3276 -19.8267 2
      vertex 17.1058 -18.5049 2
      vertex 17.5351 -20.531 2
    endloop
  endfacet
  facet normal -0 0 1
    outer loop
      vertex 16.3661 -19.1622 2
      vertex 17.5351 -20.531 2
      vertex 17.1058 -18.5049 2
    endloop
  endfacet
  facet normal 0 0 1
    outer loop
      vertex 17.5351 -20.531 2
      vertex 16.3661 -19.1622 2
      vertex 16.7155 -21.2036 2
    endloop
  endfacet
  facet normal -0 0 1
    outer loop
      vertex 15.6012 -19.79 2
      vertex 16.7155 -21.2036 2
      vertex 16.3661 -19.1622 2
    endloop
  endfacet
  facet normal 0 0 1
    outer loop
      vertex 16.7155 -21.2036 2
      vertex 15.6012 -19.79 2
      vertex 15.8702 -21.8435 2
    endloop
  endfacet
  facet normal -0 0 1
    outer loop
      vertex 14.8122 -20.3872 2
      vertex 15.8702 -21.8435 2
      vertex 15.6012 -19.79 2
    endloop
  endfacet
  facet normal 0 0 1
    outer loop
      vertex 15.8702 -21.8435 2
      vertex 14.8122 -20.3872 2
      vertex 15.0004 -22.4497 2
    endloop
  endfacet
  facet normal -0 0 1
    outer loop
      vertex 14.0004 -20.953 2
      vertex 15.0004 -22.4497 2
      vertex 14.8122 -20.3872 2
    endloop
  endfacet
  facet normal 0 0 1
    outer loop
      vertex 15.0004 -22.4497 2
      vertex 14.0004 -20.953 2
      vertex 14.1075 -23.0213 2
    endloop
  endfacet
  facet normal -0 0 1
    outer loop
      vertex 13.167 -21.4865 2
      vertex 14.1075 -23.0213 2
      vertex 14.0004 -20.953 2
    endloop
  endfacet
  facet normal 0 0 1
    outer loop
      vertex 14.1075 -23.0213 2
      vertex 13.167 -21.4865 2
      vertex 13.1928 -23.5574 2
    endloop
  endfacet
  facet normal -0 0 1
    outer loop
      vertex 12.3133 -21.9869 2
      vertex 13.1928 -23.5574 2
      vertex 13.167 -21.4865 2
    endloop
  endfacet
  facet normal 0 0 1
    outer loop
      vertex 12.3133 -21.9869 2
      vertex 12.2577 -24.0572 2
      vertex 13.1928 -23.5574 2
    endloop
  endfacet
  facet normal -0 0 1
    outer loop
      vertex 11.4406 -22.4534 2
      vertex 12.2577 -24.0572 2
      vertex 12.3133 -21.9869 2
    endloop
  endfacet
  facet normal 0 0 1
    outer loop
      vertex 11.4406 -22.4534 2
      vertex 11.3038 -24.5199 2
      vertex 12.2577 -24.0572 2
    endloop
  endfacet
  facet normal -0 0 1
    outer loop
      vertex 10.5502 -22.8852 2
      vertex 11.3038 -24.5199 2
      vertex 11.4406 -22.4534 2
    endloop
  endfacet
  facet normal 0 0 1
    outer loop
      vertex 10.5502 -22.8852 2
      vertex 10.3325 -24.9447 2
      vertex 11.3038 -24.5199 2
    endloop
  endfacet
  facet normal -0 0 1
    outer loop
      vertex 9.64362 -23.2818 2
      vertex 10.3325 -24.9447 2
      vertex 10.5502 -22.8852 2
    endloop
  endfacet
  facet normal 0 0 1
    outer loop
      vertex 9.64362 -23.2818 2
      vertex 9.34516 -25.3312 2
      vertex 10.3325 -24.9447 2
    endloop
  endfacet
  facet normal -0 0 1
    outer loop
      vertex 8.72215 -23.6424 2
      vertex 9.34516 -25.3312 2
      vertex 9.64362 -23.2818 2
    endloop
  endfacet
  facet normal 0 0 1
    outer loop
      vertex 8.72215 -23.6424 2
      vertex 8.34346 -25.6785 2
      vertex 9.34516 -25.3312 2
    endloop
  endfacet
  facet normal -0 0 1
    outer loop
      vertex 7.78723 -23.9666 2
      vertex 8.34346 -25.6785 2
      vertex 8.72215 -23.6424 2
    endloop
  endfacet
  facet normal 0 0 1
    outer loop
      vertex 7.78723 -23.9666 2
      vertex 7.32889 -25.9863 2
      vertex 8.34346 -25.6785 2
    endloop
  endfacet
  facet normal -0 0 1
    outer loop
      vertex 6.8403 -24.2539 2
      vertex 7.32889 -25.9863 2
      vertex 7.78723 -23.9666 2
    endloop
  endfacet
  facet normal 0 0 1
    outer loop
      vertex 6.8403 -24.2539 2
      vertex 6.30302 -26.254 2
      vertex 7.32889 -25.9863 2
    endloop
  endfacet
  facet normal -0 0 1
    outer loop
      vertex 5.88282 -24.5037 2
      vertex 6.30302 -26.254 2
      vertex 6.8403 -24.2539 2
    endloop
  endfacet
  facet normal 0 0 1
    outer loop
      vertex 5.88282 -24.5037 2
      vertex 5.26744 -26.4812 2
      vertex 6.30302 -26.254 2
    endloop
  endfacet
  facet normal -0 0 1
    outer loop
      vertex 4.91628 -24.7158 2
      vertex 5.26744 -26.4812 2
      vertex 5.88282 -24.5037 2
    endloop
  endfacet
  facet normal 0 0 1
    outer loop
      vertex 4.91628 -24.7158 2
      vertex 4.22373 -26.6676 2
      vertex 5.26744 -26.4812 2
    endloop
  endfacet
  facet normal -0 0 1
    outer loop
      vertex 3.94215 -24.8897 2
      vertex 4.22373 -26.6676 2
      vertex 4.91628 -24.7158 2
    endloop
  endfacet
  facet normal 0 0 1
    outer loop
      vertex 3.94215 -24.8897 2
      vertex 3.17351 -26.8128 2
      vertex 4.22373 -26.6676 2
    endloop
  endfacet
  facet normal -0 0 1
    outer loop
      vertex 2.96194 -25.0253 2
      vertex 3.17351 -26.8128 2
      vertex 3.94215 -24.8897 2
    endloop
  endfacet
  facet normal 0 0 1
    outer loop
      vertex 2.96194 -25.0253 2
      vertex 2.11839 -26.9168 2
      vertex 3.17351 -26.8128 2
    endloop
  endfacet
  facet normal -0 0 1
    outer loop
      vertex 1.97717 -25.1223 2
      vertex 2.11839 -26.9168 2
      vertex 2.96194 -25.0253 2
    endloop
  endfacet
  facet normal 0 0 1
    outer loop
      vertex 1.97717 -25.1223 2
      vertex 1.06001 -26.9792 2
      vertex 2.11839 -26.9168 2
    endloop
  endfacet
  facet normal -0 0 1
    outer loop
      vertex 0.989347 -25.1806 2
      vertex 1.06001 -26.9792 2
      vertex 1.97717 -25.1223 2
    endloop
  endfacet
  facet normal -0 0 1
    outer loop
      vertex 0 -25.2 2
      vertex 1.06001 -26.9792 2
      vertex 0.989347 -25.1806 2
    endloop
  endfacet
  facet normal 0 0 1
    outer loop
      vertex 0 -25.2 2
      vertex 0 -27 2
      vertex 1.06001 -26.9792 2
    endloop
  endfacet
  facet normal 0 0 1
    outer loop
      vertex -0.989347 -25.1806 2
      vertex 0 -27 2
      vertex 0 -25.2 2
    endloop
  endfacet
  facet normal 0 0 1
    outer loop
      vertex -0.989347 -25.1806 2
      vertex -1.06001 -26.9792 2
      vertex 0 -27 2
    endloop
  endfacet
  facet normal 0 0 1
    outer loop
      vertex -1.97717 -25.1223 2
      vertex -1.06001 -26.9792 2
      vertex -0.989347 -25.1806 2
    endloop
  endfacet
  facet normal 0 0 1
    outer loop
      vertex -1.97717 -25.1223 2
      vertex -2.11839 -26.9168 2
      vertex -1.06001 -26.9792 2
    endloop
  endfacet
  facet normal 0 0 1
    outer loop
      vertex -2.96194 -25.0253 2
      vertex -2.11839 -26.9168 2
      vertex -1.97717 -25.1223 2
    endloop
  endfacet
  facet normal 0 0 1
    outer loop
      vertex -2.96194 -25.0253 2
      vertex -3.17351 -26.8128 2
      vertex -2.11839 -26.9168 2
    endloop
  endfacet
  facet normal 0 0 1
    outer loop
      vertex -3.94215 -24.8897 2
      vertex -3.17351 -26.8128 2
      vertex -2.96194 -25.0253 2
    endloop
  endfacet
  facet normal 0 0 1
    outer loop
      vertex -3.94215 -24.8897 2
      vertex -4.22373 -26.6676 2
      vertex -3.17351 -26.8128 2
    endloop
  endfacet
  facet normal 0 0 1
    outer loop
      vertex -4.91628 -24.7158 2
      vertex -4.22373 -26.6676 2
      vertex -3.94215 -24.8897 2
    endloop
  endfacet
  facet normal 0 0 1
    outer loop
      vertex -4.91628 -24.7158 2
      vertex -5.26744 -26.4812 2
      vertex -4.22373 -26.6676 2
    endloop
  endfacet
  facet normal 0 0 1
    outer loop
      vertex -5.88282 -24.5037 2
      vertex -5.26744 -26.4812 2
      vertex -4.91628 -24.7158 2
    endloop
  endfacet
  facet normal 0 0 1
    outer loop
      vertex -5.88282 -24.5037 2
      vertex -6.30302 -26.254 2
      vertex -5.26744 -26.4812 2
    endloop
  endfacet
  facet normal 0 0 1
    outer loop
      vertex -6.8403 -24.2539 2
      vertex -6.30302 -26.254 2
      vertex -5.88282 -24.5037 2
    endloop
  endfacet
  facet normal 0 0 1
    outer loop
      vertex -6.8403 -24.2539 2
      vertex -7.32889 -25.9863 2
      vertex -6.30302 -26.254 2
    endloop
  endfacet
  facet normal 0 0 1
    outer loop
      vertex -7.78723 -23.9666 2
      vertex -7.32889 -25.9863 2
      vertex -6.8403 -24.2539 2
    endloop
  endfacet
  facet normal 0 0 1
    outer loop
      vertex -7.78723 -23.9666 2
      vertex -8.34346 -25.6785 2
      vertex -7.32889 -25.9863 2
    endloop
  endfacet
  facet normal 0 0 1
    outer loop
      vertex -8.72215 -23.6424 2
      vertex -8.34346 -25.6785 2
      vertex -7.78723 -23.9666 2
    endloop
  endfacet
  facet normal 0 0 1
    outer loop
      vertex -8.72215 -23.6424 2
      vertex -9.34516 -25.3312 2
      vertex -8.34346 -25.6785 2
    endloop
  endfacet
  facet normal 0 0 1
    outer loop
      vertex -9.64362 -23.2818 2
      vertex -9.34516 -25.3312 2
      vertex -8.72215 -23.6424 2
    endloop
  endfacet
  facet normal 0 0 1
    outer loop
      vertex -9.64362 -23.2818 2
      vertex -10.3325 -24.9447 2
      vertex -9.34516 -25.3312 2
    endloop
  endfacet
  facet normal 0 0 1
    outer loop
      vertex -10.5502 -22.8852 2
      vertex -10.3325 -24.9447 2
      vertex -9.64362 -23.2818 2
    endloop
  endfacet
  facet normal 0 0 1
    outer loop
      vertex -10.5502 -22.8852 2
      vertex -11.3038 -24.5199 2
      vertex -10.3325 -24.9447 2
    endloop
  endfacet
  facet normal 0 0 1
    outer loop
      vertex -11.4406 -22.4534 2
      vertex -11.3038 -24.5199 2
      vertex -10.5502 -22.8852 2
    endloop
  endfacet
  facet normal 0 0 1
    outer loop
      vertex -11.4406 -22.4534 2
      vertex -12.2577 -24.0572 2
      vertex -11.3038 -24.5199 2
    endloop
  endfacet
  facet normal 0 0 1
    outer loop
      vertex -12.3133 -21.9869 2
      vertex -12.2577 -24.0572 2
      vertex -11.4406 -22.4534 2
    endloop
  endfacet
  facet normal 0 0 1
    outer loop
      vertex -13.1928 -23.5574 2
      vertex -12.3133 -21.9869 2
      vertex -13.167 -21.4865 2
    endloop
  endfacet
  facet normal 0 0 1
    outer loop
      vertex -12.3133 -21.9869 2
      vertex -13.1928 -23.5574 2
      vertex -12.2577 -24.0572 2
    endloop
  endfacet
  facet normal 0 0 1
    outer loop
      vertex -14.1075 -23.0213 2
      vertex -13.167 -21.4865 2
      vertex -14.0004 -20.953 2
    endloop
  endfacet
  facet normal 0 0 1
    outer loop
      vertex -13.167 -21.4865 2
      vertex -14.1075 -23.0213 2
      vertex -13.1928 -23.5574 2
    endloop
  endfacet
  facet normal 0 0 1
    outer loop
      vertex -15.0004 -22.4497 2
      vertex -14.0004 -20.953 2
      vertex -14.8122 -20.3872 2
    endloop
  endfacet
  facet normal 0 0 1
    outer loop
      vertex -14.0004 -20.953 2
      vertex -15.0004 -22.4497 2
      vertex -14.1075 -23.0213 2
    endloop
  endfacet
  facet normal 0 0 1
    outer loop
      vertex -15.8702 -21.8435 2
      vertex -14.8122 -20.3872 2
      vertex -15.6012 -19.79 2
    endloop
  endfacet
  facet normal 0 0 1
    outer loop
      vertex -14.8122 -20.3872 2
      vertex -15.8702 -21.8435 2
      vertex -15.0004 -22.4497 2
    endloop
  endfacet
  facet normal 0 0 1
    outer loop
      vertex -16.7155 -21.2036 2
      vertex -15.6012 -19.79 2
      vertex -16.3661 -19.1622 2
    endloop
  endfacet
  facet normal 0 0 1
    outer loop
      vertex -15.6012 -19.79 2
      vertex -16.7155 -21.2036 2
      vertex -15.8702 -21.8435 2
    endloop
  endfacet
  facet normal 0 0 1
    outer loop
      vertex -17.5351 -20.531 2
      vertex -16.3661 -19.1622 2
      vertex -17.1058 -18.5049 2
    endloop
  endfacet
  facet normal 0 0 1
    outer loop
      vertex -16.3661 -19.1622 2
      vertex -17.5351 -20.531 2
      vertex -16.7155 -21.2036 2
    endloop
  endfacet
  facet normal 0 0 1
    outer loop
      vertex -18.3276 -19.8267 2
      vertex -17.1058 -18.5049 2
      vertex -17.5848 -18.0444 2
    endloop
  endfacet
  facet normal 0 0 1
    outer loop
      vertex -19.0919 -19.0919 2
      vertex -17.5848 -18.0444 2
      vertex -18.0444 -17.5848 2
    endloop
  endfacet
  facet normal 0 0 1
    outer loop
      vertex -17.1058 -18.5049 2
      vertex -18.3276 -19.8267 2
      vertex -17.5351 -20.531 2
    endloop
  endfacet
  facet normal 0 0 1
    outer loop
      vertex -19.8267 -18.3276 2
      vertex -18.0444 -17.5848 2
      vertex -18.5049 -17.1058 2
    endloop
  endfacet
  facet normal 0 0 1
    outer loop
      vertex -17.5848 -18.0444 2
      vertex -19.0919 -19.0919 2
      vertex -18.3276 -19.8267 2
    endloop
  endfacet
  facet normal 0 0 1
    outer loop
      vertex -19.8267 -18.3276 2
      vertex -18.5049 -17.1058 2
      vertex -19.1622 -16.3661 2
    endloop
  endfacet
  facet normal 0 0 1
    outer loop
      vertex -20.531 -17.5351 2
      vertex -19.1622 -16.3661 2
      vertex -19.79 -15.6012 2
    endloop
  endfacet
  facet normal 0 0 1
    outer loop
      vertex -18.0444 -17.5848 2
      vertex -19.8267 -18.3276 2
      vertex -19.0919 -19.0919 2
    endloop
  endfacet
  facet normal 0 0 1
    outer loop
      vertex -21.2036 -16.7155 2
      vertex -19.79 -15.6012 2
      vertex -20.3872 -14.8122 2
    endloop
  endfacet
  facet normal 0 0 1
    outer loop
      vertex -19.1622 -16.3661 2
      vertex -20.531 -17.5351 2
      vertex -19.8267 -18.3276 2
    endloop
  endfacet
  facet normal 0 0 1
    outer loop
      vertex -21.8435 -15.8702 2
      vertex -20.3872 -14.8122 2
      vertex -20.953 -14.0004 2
    endloop
  endfacet
  facet normal 0 0 1
    outer loop
      vertex -19.79 -15.6012 2
      vertex -21.2036 -16.7155 2
      vertex -20.531 -17.5351 2
    endloop
  endfacet
  facet normal 0 0 1
    outer loop
      vertex -22.4497 -15.0004 2
      vertex -20.953 -14.0004 2
      vertex -21.4865 -13.167 2
    endloop
  endfacet
  facet normal 0 0 1
    outer loop
      vertex -20.3872 -14.8122 2
      vertex -21.8435 -15.8702 2
      vertex -21.2036 -16.7155 2
    endloop
  endfacet
  facet normal 0 0 1
    outer loop
      vertex -23.0213 -14.1075 2
      vertex -21.4865 -13.167 2
      vertex -21.9869 -12.3133 2
    endloop
  endfacet
  facet normal 0 0 1
    outer loop
      vertex -20.953 -14.0004 2
      vertex -22.4497 -15.0004 2
      vertex -21.8435 -15.8702 2
    endloop
  endfacet
  facet normal 0 0 1
    outer loop
      vertex -23.5574 -13.1928 2
      vertex -21.9869 -12.3133 2
      vertex -22.4534 -11.4406 2
    endloop
  endfacet
  facet normal 0 0 1
    outer loop
      vertex -24.0572 -12.2577 2
      vertex -22.4534 -11.4406 2
      vertex -22.8852 -10.5502 2
    endloop
  endfacet
  facet normal 0 0 1
    outer loop
      vertex -21.4865 -13.167 2
      vertex -23.0213 -14.1075 2
      vertex -22.4497 -15.0004 2
    endloop
  endfacet
  facet normal 0 0 1
    outer loop
      vertex -24.5199 -11.3038 2
      vertex -22.8852 -10.5502 2
      vertex -23.2818 -9.64362 2
    endloop
  endfacet
  facet normal 0 0 1
    outer loop
      vertex -21.9869 -12.3133 2
      vertex -23.5574 -13.1928 2
      vertex -23.0213 -14.1075 2
    endloop
  endfacet
  facet normal 0 0 1
    outer loop
      vertex -24.9447 -10.3325 2
      vertex -23.2818 -9.64362 2
      vertex -23.6424 -8.72215 2
    endloop
  endfacet
  facet normal 0 0 1
    outer loop
      vertex -25.3312 -9.34516 2
      vertex -23.6424 -8.72215 2
      vertex -23.9666 -7.78723 2
    endloop
  endfacet
  facet normal 0 0 1
    outer loop
      vertex -22.4534 -11.4406 2
      vertex -24.0572 -12.2577 2
      vertex -23.5574 -13.1928 2
    endloop
  endfacet
  facet normal 0 0 1
    outer loop
      vertex -25.6785 -8.34346 2
      vertex -23.9666 -7.78723 2
      vertex -24.2539 -6.8403 2
    endloop
  endfacet
  facet normal 0 0 1
    outer loop
      vertex -25.9863 -7.32889 2
      vertex -24.2539 -6.8403 2
      vertex -24.5037 -5.88282 2
    endloop
  endfacet
  facet normal 0 0 1
    outer loop
      vertex -22.8852 -10.5502 2
      vertex -24.5199 -11.3038 2
      vertex -24.0572 -12.2577 2
    endloop
  endfacet
  facet normal 0 0 1
    outer loop
      vertex -26.254 -6.30302 2
      vertex -24.5037 -5.88282 2
      vertex -24.7158 -4.91628 2
    endloop
  endfacet
  facet normal 0 0 1
    outer loop
      vertex -26.4812 -5.26744 2
      vertex -24.7158 -4.91628 2
      vertex -24.8897 -3.94215 2
    endloop
  endfacet
  facet normal 0 0 1
    outer loop
      vertex -23.2818 -9.64362 2
      vertex -24.9447 -10.3325 2
      vertex -24.5199 -11.3038 2
    endloop
  endfacet
  facet normal 0 0 1
    outer loop
      vertex -26.6676 -4.22373 2
      vertex -24.8897 -3.94215 2
      vertex -25.0253 -2.96194 2
    endloop
  endfacet
  facet normal 0 0 1
    outer loop
      vertex -26.8128 -3.17351 2
      vertex -25.0253 -2.96194 2
      vertex -25.1223 -1.97717 2
    endloop
  endfacet
  facet normal 0 0 1
    outer loop
      vertex -26.9168 -2.11839 2
      vertex -25.1223 -1.97717 2
      vertex -25.1806 -0.989347 2
    endloop
  endfacet
  facet normal 0 0 1
    outer loop
      vertex -23.6424 -8.72215 2
      vertex -25.3312 -9.34516 2
      vertex -24.9447 -10.3325 2
    endloop
  endfacet
  facet normal 0 0 1
    outer loop
      vertex -26.9792 -1.06001 2
      vertex -25.1806 -0.989347 2
      vertex -25.2 0 2
    endloop
  endfacet
  facet normal -0 0 1
    outer loop
      vertex -26.6676 4.22373 2
      vertex -24.8897 3.94215 2
      vertex -26.4812 5.26744 2
    endloop
  endfacet
  facet normal 0 0 1
    outer loop
      vertex -24.8897 3.94215 2
      vertex -26.6676 4.22373 2
      vertex -25.0253 2.96194 2
    endloop
  endfacet
  facet normal 0 0 1
    outer loop
      vertex -23.9666 -7.78723 2
      vertex -25.6785 -8.34346 2
      vertex -25.3312 -9.34516 2
    endloop
  endfacet
  facet normal -0 0 1
    outer loop
      vertex -26.8128 3.17351 2
      vertex -25.0253 2.96194 2
      vertex -26.6676 4.22373 2
    endloop
  endfacet
  facet normal 0 0 1
    outer loop
      vertex -24.2539 -6.8403 2
      vertex -25.9863 -7.32889 2
      vertex -25.6785 -8.34346 2
    endloop
  endfacet
  facet normal 0 0 1
    outer loop
      vertex -25.0253 2.96194 2
      vertex -26.8128 3.17351 2
      vertex -25.1223 1.97717 2
    endloop
  endfacet
  facet normal 0 0 1
    outer loop
      vertex -24.5037 -5.88282 2
      vertex -26.254 -6.30302 2
      vertex -25.9863 -7.32889 2
    endloop
  endfacet
  facet normal -0 0 1
    outer loop
      vertex -26.9168 2.11839 2
      vertex -25.1223 1.97717 2
      vertex -26.8128 3.17351 2
    endloop
  endfacet
  facet normal 0 0 1
    outer loop
      vertex -24.7158 -4.91628 2
      vertex -26.4812 -5.26744 2
      vertex -26.254 -6.30302 2
    endloop
  endfacet
  facet normal 0 0 1
    outer loop
      vertex -25.1223 1.97717 2
      vertex -26.9168 2.11839 2
      vertex -25.1806 0.989347 2
    endloop
  endfacet
  facet normal 0 0 1
    outer loop
      vertex -24.8897 -3.94215 2
      vertex -26.6676 -4.22373 2
      vertex -26.4812 -5.26744 2
    endloop
  endfacet
  facet normal -0 0 1
    outer loop
      vertex -26.9792 1.06001 2
      vertex -25.1806 0.989347 2
      vertex -26.9168 2.11839 2
    endloop
  endfacet
  facet normal 0 0 1
    outer loop
      vertex -25.0253 -2.96194 2
      vertex -26.8128 -3.17351 2
      vertex -26.6676 -4.22373 2
    endloop
  endfacet
  facet normal 0 0 1
    outer loop
      vertex -25.1806 0.989347 2
      vertex -26.9792 1.06001 2
      vertex -25.2 0 2
    endloop
  endfacet
  facet normal 0 0 1
    outer loop
      vertex -25.1223 -1.97717 2
      vertex -26.9168 -2.11839 2
      vertex -26.8128 -3.17351 2
    endloop
  endfacet
  facet normal 0 0 1
    outer loop
      vertex -27 0 2
      vertex -25.2 0 2
      vertex -26.9792 1.06001 2
    endloop
  endfacet
  facet normal 0 0 1
    outer loop
      vertex -25.1806 -0.989347 2
      vertex -26.9792 -1.06001 2
      vertex -26.9168 -2.11839 2
    endloop
  endfacet
  facet normal 0 0 1
    outer loop
      vertex -25.2 0 2
      vertex -27 0 2
      vertex -26.9792 -1.06001 2
    endloop
  endfacet
  facet normal 0 0 1
    outer loop
      vertex 17.5848 18.0444 2
      vertex 17.3418 16.8822 2
      vertex 18.0444 17.5848 2
    endloop
  endfacet
  facet normal 0 -0 1
    outer loop
      vertex 17.3418 16.8822 2
      vertex 17.5848 18.0444 2
      vertex 16.8822 17.3418 2
    endloop
  endfacet
  facet normal 0 0 1
    outer loop
      vertex -17.5848 18.0444 2
      vertex -17.3418 16.8822 2
      vertex -16.8822 17.3418 2
    endloop
  endfacet
  facet normal 0 0 1
    outer loop
      vertex -17.3418 16.8822 2
      vertex -17.5848 18.0444 2
      vertex -18.0444 17.5848 2
    endloop
  endfacet
  facet normal 0.998266 -0.0588558 0
    outer loop
      vertex 26.9168 -2.11839 2
      vertex 26.9792 -1.06001 0
      vertex 26.9792 -1.06001 2
    endloop
  endfacet
  facet normal 0.998266 -0.0588558 0
    outer loop
      vertex 26.9792 -1.06001 0
      vertex 26.9168 -2.11839 2
      vertex 26.9168 -2.11839 0
    endloop
  endfacet
  facet normal 0.956932 -0.290314 0
    outer loop
      vertex 25.6785 -8.34346 2
      vertex 25.9863 -7.32889 0
      vertex 25.9863 -7.32889 2
    endloop
  endfacet
  facet normal 0.956932 -0.290314 0
    outer loop
      vertex 25.9863 -7.32889 0
      vertex 25.6785 -8.34346 2
      vertex 25.6785 -8.34346 0
    endloop
  endfacet
  facet normal 0.931195 -0.364522 0
    outer loop
      vertex 24.9447 -10.3325 2
      vertex 25.3312 -9.34516 0
      vertex 25.3312 -9.34516 2
    endloop
  endfacet
  facet normal 0.931195 -0.364522 0
    outer loop
      vertex 25.3312 -9.34516 0
      vertex 24.9447 -10.3325 2
      vertex 24.9447 -10.3325 0
    endloop
  endfacet
  facet normal 0.720882 -0.693058 0
    outer loop
      vertex 19.0919 -19.0919 2
      vertex 19.8267 -18.3276 0
      vertex 19.8267 -18.3276 2
    endloop
  endfacet
  facet normal 0.720882 -0.693058 0
    outer loop
      vertex 19.8267 -18.3276 0
      vertex 19.0919 -19.0919 2
      vertex 19.0919 -19.0919 0
    endloop
  endfacet
  facet normal 0.820409 -0.571777 0
    outer loop
      vertex 21.8435 -15.8702 2
      vertex 22.4497 -15.0004 0
      vertex 22.4497 -15.0004 2
    endloop
  endfacet
  facet normal 0.820409 -0.571777 0
    outer loop
      vertex 22.4497 -15.0004 0
      vertex 21.8435 -15.8702 2
      vertex 21.8435 -15.8702 0
    endloop
  endfacet
  facet normal 0.862741 -0.505647 0
    outer loop
      vertex 23.0213 -14.1075 2
      vertex 23.5574 -13.1928 0
      vertex 23.5574 -13.1928 2
    endloop
  endfacet
  facet normal 0.862741 -0.505647 0
    outer loop
      vertex 23.5574 -13.1928 0
      vertex 23.0213 -14.1075 2
      vertex 23.0213 -14.1075 0
    endloop
  endfacet
  facet normal 0.84221 -0.53915 0
    outer loop
      vertex 22.4497 -15.0004 2
      vertex 23.0213 -14.1075 0
      vertex 23.0213 -14.1075 2
    endloop
  endfacet
  facet normal 0.84221 -0.53915 0
    outer loop
      vertex 23.0213 -14.1075 0
      vertex 22.4497 -15.0004 2
      vertex 22.4497 -15.0004 0
    endloop
  endfacet
  facet normal 0.0196187 -0.999808 0
    outer loop
      vertex 0 -27 0
      vertex 1.06001 -26.9792 2
      vertex 0 -27 2
    endloop
  endfacet
  facet normal 0.0196187 -0.999808 0
    outer loop
      vertex 1.06001 -26.9792 2
      vertex 0 -27 0
      vertex 1.06001 -26.9792 0
    endloop
  endfacet
  facet normal 0.32758 -0.944823 0
    outer loop
      vertex 8.34346 -25.6785 0
      vertex 9.34516 -25.3312 2
      vertex 8.34346 -25.6785 2
    endloop
  endfacet
  facet normal 0.32758 -0.944823 0
    outer loop
      vertex 9.34516 -25.3312 2
      vertex 8.34346 -25.6785 0
      vertex 9.34516 -25.3312 0
    endloop
  endfacet
  facet normal 0.175812 -0.984424 0
    outer loop
      vertex 4.22373 -26.6676 0
      vertex 5.26744 -26.4812 2
      vertex 4.22373 -26.6676 2
    endloop
  endfacet
  facet normal 0.175812 -0.984424 0
    outer loop
      vertex 5.26744 -26.4812 2
      vertex 4.22373 -26.6676 0
      vertex 5.26744 -26.4812 0
    endloop
  endfacet
  facet normal 0.53915 -0.84221 0
    outer loop
      vertex 14.1075 -23.0213 0
      vertex 15.0004 -22.4497 2
      vertex 14.1075 -23.0213 2
    endloop
  endfacet
  facet normal 0.53915 -0.84221 0
    outer loop
      vertex 15.0004 -22.4497 2
      vertex 14.1075 -23.0213 0
      vertex 15.0004 -22.4497 0
    endloop
  endfacet
  facet normal 0.634377 -0.773024 0
    outer loop
      vertex 16.7155 -21.2036 0
      vertex 17.5351 -20.531 2
      vertex 16.7155 -21.2036 2
    endloop
  endfacet
  facet normal 0.634377 -0.773024 0
    outer loop
      vertex 17.5351 -20.531 2
      vertex 16.7155 -21.2036 0
      vertex 17.5351 -20.531 0
    endloop
  endfacet
  facet normal 0.693058 -0.720882 0
    outer loop
      vertex 18.3276 -19.8267 0
      vertex 19.0919 -19.0919 2
      vertex 18.3276 -19.8267 2
    endloop
  endfacet
  facet normal 0.693058 -0.720882 0
    outer loop
      vertex 19.0919 -19.0919 2
      vertex 18.3276 -19.8267 0
      vertex 19.0919 -19.0919 0
    endloop
  endfacet
  facet normal -0.999808 -0.0196187 0
    outer loop
      vertex -26.9792 -1.06001 0
      vertex -27 0 2
      vertex -27 0 0
    endloop
  endfacet
  facet normal -0.999808 -0.0196187 0
    outer loop
      vertex -27 0 2
      vertex -26.9792 -1.06001 0
      vertex -26.9792 -1.06001 2
    endloop
  endfacet
  facet normal -0 0 -1
    outer loop
      vertex -0.481232 -8.0376 0
      vertex -0.501755 -8.05801 0
      vertex -0.481232 -8.01707 0
    endloop
  endfacet
  facet normal -0 0 -1
    outer loop
      vertex -0.460815 -7.99666 0
      vertex -0.481232 -8.01707 0
      vertex -0.460815 -7.97612 0
    endloop
  endfacet
  facet normal 0 0 -1
    outer loop
      vertex 1.87372 -8.4881 0
      vertex 0.522171 -8.85674 0
      vertex 0.542603 -8.79526 0
    endloop
  endfacet
  facet normal 0 0 -1
    outer loop
      vertex 2.11839 -26.9168 0
      vertex 0.501663 -8.89767 0
      vertex 0.522171 -8.85674 0
    endloop
  endfacet
  facet normal 0 0 -1
    outer loop
      vertex 2.11839 -26.9168 0
      vertex 0.440186 -8.95903 0
      vertex 0.501663 -8.89767 0
    endloop
  endfacet
  facet normal 0 0 -1
    outer loop
      vertex 2.11839 -26.9168 0
      vertex 0.399231 -8.97957 0
      vertex 0.440186 -8.95903 0
    endloop
  endfacet
  facet normal -0 0 -1
    outer loop
      vertex 0.440186 -8.95903 0
      vertex 0.399231 -8.97957 0
      vertex 0.419769 -8.95903 0
    endloop
  endfacet
  facet normal 0 0 -1
    outer loop
      vertex 2.11839 -26.9168 0
      vertex 0.337875 -9 0
      vertex 0.399231 -8.97957 0
    endloop
  endfacet
  facet normal -0 0 -1
    outer loop
      vertex 0.399231 -8.97957 0
      vertex 0.337875 -9 0
      vertex 0.358292 -8.97957 0
    endloop
  endfacet
  facet normal 0 0 -1
    outer loop
      vertex 0 -27 0
      vertex 0.337875 -9 0
      vertex 1.06001 -26.9792 0
    endloop
  endfacet
  facet normal 0 0 -1
    outer loop
      vertex 0 -27 0
      vertex -0.296921 -9 0
      vertex 0.337875 -9 0
    endloop
  endfacet
  facet normal 0 0 -1
    outer loop
      vertex -1.06001 -26.9792 0
      vertex -0.296921 -9 0
      vertex 0 -27 0
    endloop
  endfacet
  facet normal 0 0 -1
    outer loop
      vertex -0.296921 -9 0
      vertex -0.378815 -8.97957 0
      vertex -0.317444 -8.97957 0
    endloop
  endfacet
  facet normal 0 0 -1
    outer loop
      vertex -2.11839 -26.9168 0
      vertex -0.296921 -9 0
      vertex -1.06001 -26.9792 0
    endloop
  endfacet
  facet normal 0 0 -1
    outer loop
      vertex -0.481232 -8.87714 0
      vertex -0.501755 -8.8362 0
      vertex -0.481232 -8.85674 0
    endloop
  endfacet
  facet normal 0 0 -1
    outer loop
      vertex -3.17351 -26.8128 0
      vertex -0.296921 -9 0
      vertex -2.11839 -26.9168 0
    endloop
  endfacet
  facet normal 0 0 -1
    outer loop
      vertex -8.54953 -0.563187 0
      vertex -0.501755 -8.05801 0
      vertex -0.501755 -8.8362 0
    endloop
  endfacet
  facet normal -0 0 -1
    outer loop
      vertex -0.296921 -9 0
      vertex -3.17351 -26.8128 0
      vertex -0.378815 -8.97957 0
    endloop
  endfacet
  facet normal 0 0 -1
    outer loop
      vertex -4.22373 -26.6676 0
      vertex -0.378815 -8.97957 0
      vertex -3.17351 -26.8128 0
    endloop
  endfacet
  facet normal 0 0 -1
    outer loop
      vertex -5.26744 -26.4812 0
      vertex -0.378815 -8.97957 0
      vertex -4.22373 -26.6676 0
    endloop
  endfacet
  facet normal 0 0 -1
    outer loop
      vertex -6.30302 -26.254 0
      vertex -0.378815 -8.97957 0
      vertex -5.26744 -26.4812 0
    endloop
  endfacet
  facet normal 0 0 -1
    outer loop
      vertex -7.32889 -25.9863 0
      vertex -0.378815 -8.97957 0
      vertex -6.30302 -26.254 0
    endloop
  endfacet
  facet normal 0 0 -1
    outer loop
      vertex -8.34346 -25.6785 0
      vertex -0.378815 -8.97957 0
      vertex -7.32889 -25.9863 0
    endloop
  endfacet
  facet normal 0 0 -1
    outer loop
      vertex -9.34516 -25.3312 0
      vertex -0.378815 -8.97957 0
      vertex -8.34346 -25.6785 0
    endloop
  endfacet
  facet normal 0 0 -1
    outer loop
      vertex -10.3325 -24.9447 0
      vertex -0.378815 -8.97957 0
      vertex -9.34516 -25.3312 0
    endloop
  endfacet
  facet normal 0 0 -1
    outer loop
      vertex -11.3038 -24.5199 0
      vertex -0.378815 -8.97957 0
      vertex -10.3325 -24.9447 0
    endloop
  endfacet
  facet normal -0 0 -1
    outer loop
      vertex -0.378815 -8.97957 0
      vertex -11.3038 -24.5199 0
      vertex -0.481232 -8.87714 0
    endloop
  endfacet
  facet normal 0 -0 -1
    outer loop
      vertex -5.84645 1.50505 0
      vertex -3.3481 -0.030777 0
      vertex -6.15359 -0.440231 0
    endloop
  endfacet
  facet normal 0 0 -1
    outer loop
      vertex -3.08191 -1.32083 0
      vertex -6.15359 -0.440231 0
      vertex -3.3481 -0.030777 0
    endloop
  endfacet
  facet normal 0 -0 -1
    outer loop
      vertex -5.23215 3.02048 0
      vertex -3.3481 -0.030777 0
      vertex -5.84645 1.50505 0
    endloop
  endfacet
  facet normal 0 0 -1
    outer loop
      vertex -3.3481 -0.030777 0
      vertex -5.23215 3.02048 0
      vertex -4.10587 4.4334 0
    endloop
  endfacet
  facet normal 0 0 -1
    outer loop
      vertex -0.501755 -8.05801 0
      vertex -1.62804 -2.93858 0
      vertex -0.501755 -3.3891 0
    endloop
  endfacet
  facet normal 0 0 -1
    outer loop
      vertex -12.2577 -24.0572 0
      vertex -0.481232 -8.87714 0
      vertex -11.3038 -24.5199 0
    endloop
  endfacet
  facet normal 0 0 -1
    outer loop
      vertex -13.1928 -23.5574 0
      vertex -0.481232 -8.87714 0
      vertex -12.2577 -24.0572 0
    endloop
  endfacet
  facet normal 0 0 -1
    outer loop
      vertex -14.1075 -23.0213 0
      vertex -0.481232 -8.87714 0
      vertex -13.1928 -23.5574 0
    endloop
  endfacet
  facet normal 0 0 -1
    outer loop
      vertex -15.0004 -22.4497 0
      vertex -0.481232 -8.87714 0
      vertex -14.1075 -23.0213 0
    endloop
  endfacet
  facet normal 0 0 -1
    outer loop
      vertex -15.8702 -21.8435 0
      vertex -0.481232 -8.87714 0
      vertex -15.0004 -22.4497 0
    endloop
  endfacet
  facet normal 0 0 -1
    outer loop
      vertex 8.97952 -0.993164 0
      vertex 27 0 0
      vertex 26.9792 -1.06001 0
    endloop
  endfacet
  facet normal 0 0 -1
    outer loop
      vertex 8.97952 -0.993164 0
      vertex 26.9792 -1.06001 0
      vertex 26.9168 -2.11839 0
    endloop
  endfacet
  facet normal 0 0 -1
    outer loop
      vertex 8.97952 0.972641 0
      vertex 27 0 0
      vertex 8.97952 -0.993164 0
    endloop
  endfacet
  facet normal 0 0 -1
    outer loop
      vertex 8.97952 -0.993164 0
      vertex 26.9168 -2.11839 0
      vertex 26.8128 -3.17351 0
    endloop
  endfacet
  facet normal 0 0 -1
    outer loop
      vertex 27 0 0
      vertex 8.97952 0.972641 0
      vertex 26.9792 1.06001 0
    endloop
  endfacet
  facet normal 0 0 -1
    outer loop
      vertex 8.97952 -0.993164 0
      vertex 26.8128 -3.17351 0
      vertex 26.6676 -4.22373 0
    endloop
  endfacet
  facet normal -0 0 -1
    outer loop
      vertex 26.9792 1.06001 0
      vertex 8.97952 0.972641 0
      vertex 26.9168 2.11839 0
    endloop
  endfacet
  facet normal 0 0 -1
    outer loop
      vertex 8.97952 -0.993164 0
      vertex 26.6676 -4.22373 0
      vertex 26.4812 -5.26744 0
    endloop
  endfacet
  facet normal -0 0 -1
    outer loop
      vertex 26.9168 2.11839 0
      vertex 8.97952 0.972641 0
      vertex 26.8128 3.17351 0
    endloop
  endfacet
  facet normal 0 0 -1
    outer loop
      vertex 8.63142 -2.67238 0
      vertex 26.4812 -5.26744 0
      vertex 26.254 -6.30302 0
    endloop
  endfacet
  facet normal -0 0 -1
    outer loop
      vertex 26.8128 3.17351 0
      vertex 8.97952 0.972641 0
      vertex 26.6676 4.22373 0
    endloop
  endfacet
  facet normal 0 0 -1
    outer loop
      vertex 8.63142 -2.67238 0
      vertex 26.254 -6.30302 0
      vertex 25.9863 -7.32889 0
    endloop
  endfacet
  facet normal -0 0 -1
    outer loop
      vertex 26.6676 4.22373 0
      vertex 8.97952 0.972641 0
      vertex 26.4812 5.26744 0
    endloop
  endfacet
  facet normal 0 0 -1
    outer loop
      vertex 8.63142 -2.67238 0
      vertex 25.9863 -7.32889 0
      vertex 25.6785 -8.34346 0
    endloop
  endfacet
  facet normal 0 0 -1
    outer loop
      vertex 8.63142 2.67227 0
      vertex 26.4812 5.26744 0
      vertex 8.97952 0.972641 0
    endloop
  endfacet
  facet normal 0 0 -1
    outer loop
      vertex 8.63142 -2.67238 0
      vertex 25.6785 -8.34346 0
      vertex 25.3312 -9.34516 0
    endloop
  endfacet
  facet normal -0 0 -1
    outer loop
      vertex 26.4812 5.26744 0
      vertex 8.63142 2.67227 0
      vertex 26.254 6.30302 0
    endloop
  endfacet
  facet normal 0 0 -1
    outer loop
      vertex 8.63142 -2.67238 0
      vertex 25.3312 -9.34516 0
      vertex 24.9447 -10.3325 0
    endloop
  endfacet
  facet normal -0 0 -1
    outer loop
      vertex 26.254 6.30302 0
      vertex 8.63142 2.67227 0
      vertex 25.9863 7.32889 0
    endloop
  endfacet
  facet normal 0 0 -1
    outer loop
      vertex 8.01701 -4.16728 0
      vertex 24.9447 -10.3325 0
      vertex 24.5199 -11.3038 0
    endloop
  endfacet
  facet normal -0 0 -1
    outer loop
      vertex 25.9863 7.32889 0
      vertex 8.63142 2.67227 0
      vertex 25.6785 8.34346 0
    endloop
  endfacet
  facet normal 0 0 -1
    outer loop
      vertex 8.01701 -4.16728 0
      vertex 24.5199 -11.3038 0
      vertex 24.0572 -12.2577 0
    endloop
  endfacet
  facet normal -0 0 -1
    outer loop
      vertex 25.6785 8.34346 0
      vertex 8.63142 2.67227 0
      vertex 25.3312 9.34516 0
    endloop
  endfacet
  facet normal 0 0 -1
    outer loop
      vertex 8.01701 -4.16728 0
      vertex 24.0572 -12.2577 0
      vertex 23.5574 -13.1928 0
    endloop
  endfacet
  facet normal -0 0 -1
    outer loop
      vertex 25.3312 9.34516 0
      vertex 8.63142 2.67227 0
      vertex 24.9447 10.3325 0
    endloop
  endfacet
  facet normal 0 0 -1
    outer loop
      vertex 8.01701 -4.16728 0
      vertex 23.5574 -13.1928 0
      vertex 23.0213 -14.1075 0
    endloop
  endfacet
  facet normal 0 0 -1
    outer loop
      vertex 7.95566 4.26959 0
      vertex 24.9447 10.3325 0
      vertex 8.63142 2.67227 0
    endloop
  endfacet
  facet normal 0 0 -1
    outer loop
      vertex 8.01701 -4.16728 0
      vertex 23.0213 -14.1075 0
      vertex 22.4497 -15.0004 0
    endloop
  endfacet
  facet normal -0 0 -1
    outer loop
      vertex 24.9447 10.3325 0
      vertex 7.95566 4.26959 0
      vertex 24.5199 11.3038 0
    endloop
  endfacet
  facet normal 0 0 -1
    outer loop
      vertex 7.13651 -5.53925 0
      vertex 22.4497 -15.0004 0
      vertex 21.8435 -15.8702 0
    endloop
  endfacet
  facet normal -0 0 -1
    outer loop
      vertex 24.5199 11.3038 0
      vertex 7.95566 4.26959 0
      vertex 24.0572 12.2577 0
    endloop
  endfacet
  facet normal 0 0 -1
    outer loop
      vertex 7.13651 -5.53925 0
      vertex 21.8435 -15.8702 0
      vertex 21.2036 -16.7155 0
    endloop
  endfacet
  facet normal -0 0 -1
    outer loop
      vertex 24.0572 12.2577 0
      vertex 7.95566 4.26959 0
      vertex 23.5574 13.1928 0
    endloop
  endfacet
  facet normal 0 0 -1
    outer loop
      vertex 7.13651 -5.53925 0
      vertex 21.2036 -16.7155 0
      vertex 20.531 -17.5351 0
    endloop
  endfacet
  facet normal -0 0 -1
    outer loop
      vertex 23.5574 13.1928 0
      vertex 7.95566 4.26959 0
      vertex 23.0213 14.1075 0
    endloop
  endfacet
  facet normal 0 0 -1
    outer loop
      vertex 7.13651 -5.53925 0
      vertex 20.531 -17.5351 0
      vertex 19.8267 -18.3276 0
    endloop
  endfacet
  facet normal -0 0 -1
    outer loop
      vertex 23.0213 14.1075 0
      vertex 7.95566 4.26959 0
      vertex 22.4497 15.0004 0
    endloop
  endfacet
  facet normal 0 0 -1
    outer loop
      vertex 5.96928 -6.78847 0
      vertex 19.8267 -18.3276 0
      vertex 19.0919 -19.0919 0
    endloop
  endfacet
  facet normal 0 0 -1
    outer loop
      vertex 6.95221 5.76451 0
      vertex 22.4497 15.0004 0
      vertex 7.95566 4.26959 0
    endloop
  endfacet
  facet normal 0 0 -1
    outer loop
      vertex 5.96928 -6.78847 0
      vertex 19.0919 -19.0919 0
      vertex 18.3276 -19.8267 0
    endloop
  endfacet
  facet normal -0 0 -1
    outer loop
      vertex 22.4497 15.0004 0
      vertex 6.95221 5.76451 0
      vertex 21.8435 15.8702 0
    endloop
  endfacet
  facet normal 0 0 -1
    outer loop
      vertex 5.96928 -6.78847 0
      vertex 18.3276 -19.8267 0
      vertex 17.5351 -20.531 0
    endloop
  endfacet
  facet normal -0 0 -1
    outer loop
      vertex 21.8435 15.8702 0
      vertex 6.95221 5.76451 0
      vertex 21.2036 16.7155 0
    endloop
  endfacet
  facet normal 0 0 -1
    outer loop
      vertex 5.96928 -6.78847 0
      vertex 17.5351 -20.531 0
      vertex 16.7155 -21.2036 0
    endloop
  endfacet
  facet normal -0 0 -1
    outer loop
      vertex 21.2036 16.7155 0
      vertex 6.95221 5.76451 0
      vertex 20.531 17.5351 0
    endloop
  endfacet
  facet normal 0 0 -1
    outer loop
      vertex 5.96928 -6.78847 0
      vertex 16.7155 -21.2036 0
      vertex 15.8702 -21.8435 0
    endloop
  endfacet
  facet normal -0 0 -1
    outer loop
      vertex 20.531 17.5351 0
      vertex 6.95221 5.76451 0
      vertex 19.8267 18.3276 0
    endloop
  endfacet
  facet normal 0 0 -1
    outer loop
      vertex 5.96928 -6.78847 0
      vertex 15.8702 -21.8435 0
      vertex 15.0004 -22.4497 0
    endloop
  endfacet
  facet normal -0 0 -1
    outer loop
      vertex 19.8267 18.3276 0
      vertex 6.95221 5.76451 0
      vertex 19.0919 19.0919 0
    endloop
  endfacet
  facet normal 0 0 -1
    outer loop
      vertex 4.16724 -8.01707 0
      vertex 15.0004 -22.4497 0
      vertex 14.1075 -23.0213 0
    endloop
  endfacet
  facet normal 0 0 -1
    outer loop
      vertex 5.8054 6.91121 0
      vertex 19.0919 19.0919 0
      vertex 6.95221 5.76451 0
    endloop
  endfacet
  facet normal 0 0 -1
    outer loop
      vertex 4.16724 -8.01707 0
      vertex 14.1075 -23.0213 0
      vertex 13.1928 -23.5574 0
    endloop
  endfacet
  facet normal -0 0 -1
    outer loop
      vertex 19.0919 19.0919 0
      vertex 5.8054 6.91121 0
      vertex 18.3276 19.8267 0
    endloop
  endfacet
  facet normal 0 0 -1
    outer loop
      vertex 4.16724 -8.01707 0
      vertex 13.1928 -23.5574 0
      vertex 12.2577 -24.0572 0
    endloop
  endfacet
  facet normal -0 0 -1
    outer loop
      vertex 18.3276 19.8267 0
      vertex 5.8054 6.91121 0
      vertex 17.5351 20.531 0
    endloop
  endfacet
  facet normal 0 0 -1
    outer loop
      vertex 4.16724 -8.01707 0
      vertex 12.2577 -24.0572 0
      vertex 11.3038 -24.5199 0
    endloop
  endfacet
  facet normal -0 0 -1
    outer loop
      vertex 17.5351 20.531 0
      vertex 5.8054 6.91121 0
      vertex 16.7155 21.2036 0
    endloop
  endfacet
  facet normal 0 0 -1
    outer loop
      vertex 4.16724 -8.01707 0
      vertex 11.3038 -24.5199 0
      vertex 10.3325 -24.9447 0
    endloop
  endfacet
  facet normal -0 0 -1
    outer loop
      vertex 16.7155 21.2036 0
      vertex 5.8054 6.91121 0
      vertex 15.8702 21.8435 0
    endloop
  endfacet
  facet normal 0 0 -1
    outer loop
      vertex 2.52896 -8.67241 0
      vertex 10.3325 -24.9447 0
      vertex 9.34516 -25.3312 0
    endloop
  endfacet
  facet normal -0 0 -1
    outer loop
      vertex 15.8702 21.8435 0
      vertex 5.8054 6.91121 0
      vertex 15.0004 22.4497 0
    endloop
  endfacet
  facet normal 0 0 -1
    outer loop
      vertex 4.33102 7.91464 0
      vertex 15.0004 22.4497 0
      vertex 5.8054 6.91121 0
    endloop
  endfacet
  facet normal 0 0 -1
    outer loop
      vertex 26.4812 -5.26744 0
      vertex 8.63142 -2.67238 0
      vertex 8.97952 -0.993164 0
    endloop
  endfacet
  facet normal 0 0 -1
    outer loop
      vertex 2.52896 -8.67241 0
      vertex 9.34516 -25.3312 0
      vertex 8.34346 -25.6785 0
    endloop
  endfacet
  facet normal 0 0 -1
    outer loop
      vertex 24.9447 -10.3325 0
      vertex 8.01701 -4.16728 0
      vertex 8.63142 -2.67238 0
    endloop
  endfacet
  facet normal 0 0 -1
    outer loop
      vertex 2.52896 -8.67241 0
      vertex 8.34346 -25.6785 0
      vertex 7.32889 -25.9863 0
    endloop
  endfacet
  facet normal 0 0 -1
    outer loop
      vertex 22.4497 -15.0004 0
      vertex 7.13651 -5.53925 0
      vertex 8.01701 -4.16728 0
    endloop
  endfacet
  facet normal 0 0 -1
    outer loop
      vertex 2.52896 -8.67241 0
      vertex 7.32889 -25.9863 0
      vertex 6.30302 -26.254 0
    endloop
  endfacet
  facet normal 0 0 -1
    outer loop
      vertex 19.8267 -18.3276 0
      vertex 5.96928 -6.78847 0
      vertex 7.13651 -5.53925 0
    endloop
  endfacet
  facet normal 0 0 -1
    outer loop
      vertex 2.52896 -8.67241 0
      vertex 6.30302 -26.254 0
      vertex 5.26744 -26.4812 0
    endloop
  endfacet
  facet normal 0 0 -1
    outer loop
      vertex 2.52896 -8.67241 0
      vertex 5.26744 -26.4812 0
      vertex 4.22373 -26.6676 0
    endloop
  endfacet
  facet normal 0 0 -1
    outer loop
      vertex 15.0004 -22.4497 0
      vertex 4.16724 -8.01707 0
      vertex 5.96928 -6.78847 0
    endloop
  endfacet
  facet normal 0 0 -1
    outer loop
      vertex 2.52896 -8.67241 0
      vertex 4.22373 -26.6676 0
      vertex 3.17351 -26.8128 0
    endloop
  endfacet
  facet normal 0 0 -1
    outer loop
      vertex 10.3325 -24.9447 0
      vertex 2.52896 -8.67241 0
      vertex 4.16724 -8.01707 0
    endloop
  endfacet
  facet normal 0 0 -1
    outer loop
      vertex 0.522171 -8.85674 0
      vertex 3.17351 -26.8128 0
      vertex 2.11839 -26.9168 0
    endloop
  endfacet
  facet normal 0 0 -1
    outer loop
      vertex 0.522171 -8.85674 0
      vertex 2.52896 -8.67241 0
      vertex 3.17351 -26.8128 0
    endloop
  endfacet
  facet normal 0 0 -1
    outer loop
      vertex 0.542603 -8.07854 0
      vertex 1.87372 -7.79181 0
      vertex 1.87372 -8.4881 0
    endloop
  endfacet
  facet normal 0 0 -1
    outer loop
      vertex 0.522171 -8.85674 0
      vertex 1.87372 -8.4881 0
      vertex 2.52896 -8.67241 0
    endloop
  endfacet
  facet normal 0 0 -1
    outer loop
      vertex 0.337875 -9 0
      vertex 2.11839 -26.9168 0
      vertex 1.06001 -26.9792 0
    endloop
  endfacet
  facet normal 0 0 -1
    outer loop
      vertex 0.542603 -8.07854 0
      vertex 1.87372 -8.4881 0
      vertex 0.542603 -8.79526 0
    endloop
  endfacet
  facet normal -0 0 -1
    outer loop
      vertex 1.87372 -7.79181 0
      vertex 0.542603 -8.07854 0
      vertex 1.157 -7.0751 0
    endloop
  endfacet
  facet normal 0 0 -1
    outer loop
      vertex 0.522171 -8.0376 0
      vertex 0.542603 -8.07854 0
      vertex 0.522171 -8.05801 0
    endloop
  endfacet
  facet normal 0 0 -1
    outer loop
      vertex 0.542603 -8.07854 0
      vertex 0.522171 -8.0376 0
      vertex 1.157 -7.0751 0
    endloop
  endfacet
  facet normal 0 0 -1
    outer loop
      vertex 0.501663 -7.99666 0
      vertex 0.522171 -8.0376 0
      vertex 0.501663 -8.01707 0
    endloop
  endfacet
  facet normal 0 0 -1
    outer loop
      vertex 0.522171 -8.0376 0
      vertex 0.501663 -7.99666 0
      vertex 1.157 -7.0751 0
    endloop
  endfacet
  facet normal 0 0 -1
    outer loop
      vertex 0.419769 -7.91475 0
      vertex 1.157 -7.0751 0
      vertex 0.501663 -7.99666 0
    endloop
  endfacet
  facet normal 0 0 -1
    outer loop
      vertex 0.358292 -7.89423 0
      vertex 0.419769 -7.91475 0
      vertex 0.378815 -7.91475 0
    endloop
  endfacet
  facet normal 0 0 -1
    outer loop
      vertex 0.419769 -7.91475 0
      vertex 0.358292 -7.89423 0
      vertex 1.157 -7.0751 0
    endloop
  endfacet
  facet normal 0 0 -1
    outer loop
      vertex 0.358292 -7.89423 0
      vertex -0.051239 -7.157 0
      vertex 1.157 -7.0751 0
    endloop
  endfacet
  facet normal 0 0 -1
    outer loop
      vertex -0.337875 -7.89423 0
      vertex -0.051239 -7.157 0
      vertex 0.358292 -7.89423 0
    endloop
  endfacet
  facet normal 0 0 -1
    outer loop
      vertex -0.378815 -7.91475 0
      vertex -0.337875 -7.89423 0
      vertex -0.358383 -7.91475 0
    endloop
  endfacet
  facet normal 0 0 -1
    outer loop
      vertex -0.399338 -6.97267 0
      vertex -0.337875 -7.89423 0
      vertex -0.378815 -7.91475 0
    endloop
  endfacet
  facet normal 0 0 -1
    outer loop
      vertex -0.419769 -7.93518 0
      vertex -0.378815 -7.91475 0
      vertex -0.399338 -7.93518 0
    endloop
  endfacet
  facet normal 0 -0 -1
    outer loop
      vertex -0.399338 -6.97267 0
      vertex -0.378815 -7.91475 0
      vertex -0.419769 -7.93518 0
    endloop
  endfacet
  facet normal 0 0 -1
    outer loop
      vertex -0.337875 -7.89423 0
      vertex -0.399338 -6.97267 0
      vertex -0.051239 -7.157 0
    endloop
  endfacet
  facet normal 0 0 -1
    outer loop
      vertex -0.460815 -7.97612 0
      vertex -0.399338 -6.97267 0
      vertex -0.419769 -7.93518 0
    endloop
  endfacet
  facet normal 0 0 -1
    outer loop
      vertex -0.481232 -8.01707 0
      vertex -0.399338 -6.97267 0
      vertex -0.460815 -7.97612 0
    endloop
  endfacet
  facet normal 0 0 -1
    outer loop
      vertex -0.501755 -8.05801 0
      vertex -0.399338 -6.97267 0
      vertex -0.481232 -8.01707 0
    endloop
  endfacet
  facet normal -0 0 -1
    outer loop
      vertex -0.399338 -6.97267 0
      vertex -0.501755 -8.05801 0
      vertex -0.501755 -3.3891 0
    endloop
  endfacet
  facet normal -0 0 -1
    outer loop
      vertex 15.0004 22.4497 0
      vertex 4.33102 7.91464 0
      vertex 14.1075 23.0213 0
    endloop
  endfacet
  facet normal -0 0 -1
    outer loop
      vertex 14.1075 23.0213 0
      vertex 4.33102 7.91464 0
      vertex 13.1928 23.5574 0
    endloop
  endfacet
  facet normal -0 0 -1
    outer loop
      vertex 13.1928 23.5574 0
      vertex 4.33102 7.91464 0
      vertex 12.2577 24.0572 0
    endloop
  endfacet
  facet normal -0 0 -1
    outer loop
      vertex 12.2577 24.0572 0
      vertex 4.33102 7.91464 0
      vertex 11.3038 24.5199 0
    endloop
  endfacet
  facet normal -0 0 -1
    outer loop
      vertex 11.3038 24.5199 0
      vertex 4.33102 7.91464 0
      vertex 10.3325 24.9447 0
    endloop
  endfacet
  facet normal 0 0 -1
    outer loop
      vertex 2.75423 8.59042 0
      vertex 10.3325 24.9447 0
      vertex 4.33102 7.91464 0
    endloop
  endfacet
  facet normal -0 0 -1
    outer loop
      vertex 10.3325 24.9447 0
      vertex 2.75423 8.59042 0
      vertex 9.34516 25.3312 0
    endloop
  endfacet
  facet normal -0 0 -1
    outer loop
      vertex 9.34516 25.3312 0
      vertex 2.75423 8.59042 0
      vertex 8.34346 25.6785 0
    endloop
  endfacet
  facet normal -0 0 -1
    outer loop
      vertex 8.34346 25.6785 0
      vertex 2.75423 8.59042 0
      vertex 7.32889 25.9863 0
    endloop
  endfacet
  facet normal -0 0 -1
    outer loop
      vertex 7.32889 25.9863 0
      vertex 2.75423 8.59042 0
      vertex 6.30302 26.254 0
    endloop
  endfacet
  facet normal -0 0 -1
    outer loop
      vertex 6.30302 26.254 0
      vertex 2.75423 8.59042 0
      vertex 5.26744 26.4812 0
    endloop
  endfacet
  facet normal 0 0 -1
    outer loop
      vertex 1.03407 8.95903 0
      vertex 5.26744 26.4812 0
      vertex 2.75423 8.59042 0
    endloop
  endfacet
  facet normal -0 0 -1
    outer loop
      vertex 5.26744 26.4812 0
      vertex 1.03407 8.95903 0
      vertex 4.22373 26.6676 0
    endloop
  endfacet
  facet normal -0 0 -1
    outer loop
      vertex 4.22373 26.6676 0
      vertex 1.03407 8.95903 0
      vertex 3.17351 26.8128 0
    endloop
  endfacet
  facet normal -0 0 -1
    outer loop
      vertex 3.17351 26.8128 0
      vertex 1.03407 8.95903 0
      vertex 2.11839 26.9168 0
    endloop
  endfacet
  facet normal -0 0 -1
    outer loop
      vertex 2.11839 26.9168 0
      vertex 1.03407 8.95903 0
      vertex 1.06001 26.9792 0
    endloop
  endfacet
  facet normal 0 0 -1
    outer loop
      vertex -0.542709 9 0
      vertex 1.06001 26.9792 0
      vertex 1.03407 8.95903 0
    endloop
  endfacet
  facet normal -0 0 -1
    outer loop
      vertex 1.06001 26.9792 0
      vertex -0.542709 9 0
      vertex 0 27 0
    endloop
  endfacet
  facet normal 0 0 -1
    outer loop
      vertex -0.542709 9 0
      vertex -1.06001 26.9792 0
      vertex 0 27 0
    endloop
  endfacet
  facet normal 0 0 -1
    outer loop
      vertex -0.542709 9 0
      vertex -2.11839 26.9168 0
      vertex -1.06001 26.9792 0
    endloop
  endfacet
  facet normal 0 0 -1
    outer loop
      vertex -4.22373 26.6676 0
      vertex -0.542709 9 0
      vertex -2.46761 8.67232 0
    endloop
  endfacet
  facet normal 0 0 -1
    outer loop
      vertex -0.542709 9 0
      vertex -3.17351 26.8128 0
      vertex -2.11839 26.9168 0
    endloop
  endfacet
  facet normal 0 0 -1
    outer loop
      vertex -0.542709 9 0
      vertex -4.22373 26.6676 0
      vertex -3.17351 26.8128 0
    endloop
  endfacet
  facet normal 0 0 -1
    outer loop
      vertex -11.3038 24.5199 0
      vertex -2.46761 8.67232 0
      vertex -5.04784 7.46414 0
    endloop
  endfacet
  facet normal 0 0 -1
    outer loop
      vertex -2.46761 8.67232 0
      vertex -5.26744 26.4812 0
      vertex -4.22373 26.6676 0
    endloop
  endfacet
  facet normal 0 0 -1
    outer loop
      vertex -2.46761 8.67232 0
      vertex -6.30302 26.254 0
      vertex -5.26744 26.4812 0
    endloop
  endfacet
  facet normal 0 0 -1
    outer loop
      vertex -18.3276 19.8267 0
      vertex -5.04784 7.46414 0
      vertex -7.13651 5.49829 0
    endloop
  endfacet
  facet normal 0 0 -1
    outer loop
      vertex -2.46761 8.67232 0
      vertex -7.32889 25.9863 0
      vertex -6.30302 26.254 0
    endloop
  endfacet
  facet normal 0 0 -1
    outer loop
      vertex -2.46761 8.67232 0
      vertex -8.34346 25.6785 0
      vertex -7.32889 25.9863 0
    endloop
  endfacet
  facet normal 0 0 -1
    outer loop
      vertex -23.5574 13.1928 0
      vertex -7.13651 5.49829 0
      vertex -8.54953 2.83617 0
    endloop
  endfacet
  facet normal 0 0 -1
    outer loop
      vertex -26.6676 4.22373 0
      vertex -8.54953 2.83617 0
      vertex -8.97952 -0.19455 0
    endloop
  endfacet
  facet normal 0 0 -1
    outer loop
      vertex -2.46761 8.67232 0
      vertex -9.34516 25.3312 0
      vertex -8.34346 25.6785 0
    endloop
  endfacet
  facet normal -0 0 -1
    outer loop
      vertex -0.481232 -8.87714 0
      vertex -15.8702 -21.8435 0
      vertex -0.501755 -8.8362 0
    endloop
  endfacet
  facet normal 0 0 -1
    outer loop
      vertex -2.52907 -2.20134 0
      vertex -6.15359 -0.440231 0
      vertex -3.08191 -1.32083 0
    endloop
  endfacet
  facet normal 0 0 -1
    outer loop
      vertex -2.46761 8.67232 0
      vertex -10.3325 24.9447 0
      vertex -9.34516 25.3312 0
    endloop
  endfacet
  facet normal 0 -0 -1
    outer loop
      vertex -6.15359 -0.440231 0
      vertex -2.52907 -2.20134 0
      vertex -8.54953 -0.563187 0
    endloop
  endfacet
  facet normal 0 0 -1
    outer loop
      vertex -2.46761 8.67232 0
      vertex -11.3038 24.5199 0
      vertex -10.3325 24.9447 0
    endloop
  endfacet
  facet normal 0 0 -1
    outer loop
      vertex -0.501755 -8.05801 0
      vertex -8.54953 -0.563187 0
      vertex -2.52907 -2.20134 0
    endloop
  endfacet
  facet normal 0 0 -1
    outer loop
      vertex -5.04784 7.46414 0
      vertex -12.2577 24.0572 0
      vertex -11.3038 24.5199 0
    endloop
  endfacet
  facet normal 0 0 -1
    outer loop
      vertex -0.501755 -8.05801 0
      vertex -2.52907 -2.20134 0
      vertex -1.62804 -2.93858 0
    endloop
  endfacet
  facet normal 0 0 -1
    outer loop
      vertex -5.04784 7.46414 0
      vertex -13.1928 23.5574 0
      vertex -12.2577 24.0572 0
    endloop
  endfacet
  facet normal 0 0 -1
    outer loop
      vertex -16.7155 -21.2036 0
      vertex -0.501755 -8.8362 0
      vertex -15.8702 -21.8435 0
    endloop
  endfacet
  facet normal 0 0 -1
    outer loop
      vertex -5.04784 7.46414 0
      vertex -14.1075 23.0213 0
      vertex -13.1928 23.5574 0
    endloop
  endfacet
  facet normal 0 0 -1
    outer loop
      vertex -17.5351 -20.531 0
      vertex -0.501755 -8.8362 0
      vertex -16.7155 -21.2036 0
    endloop
  endfacet
  facet normal 0 0 -1
    outer loop
      vertex -5.04784 7.46414 0
      vertex -15.0004 22.4497 0
      vertex -14.1075 23.0213 0
    endloop
  endfacet
  facet normal 0 0 -1
    outer loop
      vertex -18.3276 -19.8267 0
      vertex -0.501755 -8.8362 0
      vertex -17.5351 -20.531 0
    endloop
  endfacet
  facet normal 0 0 -1
    outer loop
      vertex -5.04784 7.46414 0
      vertex -15.8702 21.8435 0
      vertex -15.0004 22.4497 0
    endloop
  endfacet
  facet normal 0 0 -1
    outer loop
      vertex -19.0919 -19.0919 0
      vertex -0.501755 -8.8362 0
      vertex -18.3276 -19.8267 0
    endloop
  endfacet
  facet normal 0 0 -1
    outer loop
      vertex -5.04784 7.46414 0
      vertex -16.7155 21.2036 0
      vertex -15.8702 21.8435 0
    endloop
  endfacet
  facet normal -0 0 -1
    outer loop
      vertex -0.501755 -8.8362 0
      vertex -19.0919 -19.0919 0
      vertex -8.54953 -0.563187 0
    endloop
  endfacet
  facet normal 0 0 -1
    outer loop
      vertex -5.04784 7.46414 0
      vertex -17.5351 20.531 0
      vertex -16.7155 21.2036 0
    endloop
  endfacet
  facet normal 0 0 -1
    outer loop
      vertex -19.8267 -18.3276 0
      vertex -8.54953 -0.563187 0
      vertex -19.0919 -19.0919 0
    endloop
  endfacet
  facet normal 0 0 -1
    outer loop
      vertex -5.04784 7.46414 0
      vertex -18.3276 19.8267 0
      vertex -17.5351 20.531 0
    endloop
  endfacet
  facet normal 0 0 -1
    outer loop
      vertex -20.531 -17.5351 0
      vertex -8.54953 -0.563187 0
      vertex -19.8267 -18.3276 0
    endloop
  endfacet
  facet normal 0 0 -1
    outer loop
      vertex -7.13651 5.49829 0
      vertex -19.0919 19.0919 0
      vertex -18.3276 19.8267 0
    endloop
  endfacet
  facet normal 0 0 -1
    outer loop
      vertex -21.2036 -16.7155 0
      vertex -8.54953 -0.563187 0
      vertex -20.531 -17.5351 0
    endloop
  endfacet
  facet normal 0 0 -1
    outer loop
      vertex -7.13651 5.49829 0
      vertex -19.8267 18.3276 0
      vertex -19.0919 19.0919 0
    endloop
  endfacet
  facet normal 0 0 -1
    outer loop
      vertex -21.8435 -15.8702 0
      vertex -8.54953 -0.563187 0
      vertex -21.2036 -16.7155 0
    endloop
  endfacet
  facet normal 0 0 -1
    outer loop
      vertex -7.13651 5.49829 0
      vertex -20.531 17.5351 0
      vertex -19.8267 18.3276 0
    endloop
  endfacet
  facet normal 0 0 -1
    outer loop
      vertex -22.4497 -15.0004 0
      vertex -8.54953 -0.563187 0
      vertex -21.8435 -15.8702 0
    endloop
  endfacet
  facet normal 0 0 -1
    outer loop
      vertex -7.13651 5.49829 0
      vertex -21.2036 16.7155 0
      vertex -20.531 17.5351 0
    endloop
  endfacet
  facet normal 0 0 -1
    outer loop
      vertex -23.0213 -14.1075 0
      vertex -8.54953 -0.563187 0
      vertex -22.4497 -15.0004 0
    endloop
  endfacet
  facet normal 0 0 -1
    outer loop
      vertex -7.13651 5.49829 0
      vertex -21.8435 15.8702 0
      vertex -21.2036 16.7155 0
    endloop
  endfacet
  facet normal 0 0 -1
    outer loop
      vertex -23.5574 -13.1928 0
      vertex -8.54953 -0.563187 0
      vertex -23.0213 -14.1075 0
    endloop
  endfacet
  facet normal 0 0 -1
    outer loop
      vertex -7.13651 5.49829 0
      vertex -22.4497 15.0004 0
      vertex -21.8435 15.8702 0
    endloop
  endfacet
  facet normal 0 0 -1
    outer loop
      vertex -24.0572 -12.2577 0
      vertex -8.54953 -0.563187 0
      vertex -23.5574 -13.1928 0
    endloop
  endfacet
  facet normal 0 0 -1
    outer loop
      vertex -7.13651 5.49829 0
      vertex -23.0213 14.1075 0
      vertex -22.4497 15.0004 0
    endloop
  endfacet
  facet normal -0 0 -1
    outer loop
      vertex -8.54953 -0.563187 0
      vertex -24.0572 -12.2577 0
      vertex -8.97952 -0.19455 0
    endloop
  endfacet
  facet normal 0 0 -1
    outer loop
      vertex -7.13651 5.49829 0
      vertex -23.5574 13.1928 0
      vertex -23.0213 14.1075 0
    endloop
  endfacet
  facet normal 0 0 -1
    outer loop
      vertex -24.5199 -11.3038 0
      vertex -8.97952 -0.19455 0
      vertex -24.0572 -12.2577 0
    endloop
  endfacet
  facet normal 0 0 -1
    outer loop
      vertex -8.54953 2.83617 0
      vertex -24.0572 12.2577 0
      vertex -23.5574 13.1928 0
    endloop
  endfacet
  facet normal 0 0 -1
    outer loop
      vertex -24.9447 -10.3325 0
      vertex -8.97952 -0.19455 0
      vertex -24.5199 -11.3038 0
    endloop
  endfacet
  facet normal 0 0 -1
    outer loop
      vertex -8.54953 2.83617 0
      vertex -24.5199 11.3038 0
      vertex -24.0572 12.2577 0
    endloop
  endfacet
  facet normal 0 0 -1
    outer loop
      vertex -25.3312 -9.34516 0
      vertex -8.97952 -0.19455 0
      vertex -24.9447 -10.3325 0
    endloop
  endfacet
  facet normal 0 0 -1
    outer loop
      vertex -8.54953 2.83617 0
      vertex -24.9447 10.3325 0
      vertex -24.5199 11.3038 0
    endloop
  endfacet
  facet normal 0 0 -1
    outer loop
      vertex -25.6785 -8.34346 0
      vertex -8.97952 -0.19455 0
      vertex -25.3312 -9.34516 0
    endloop
  endfacet
  facet normal 0 0 -1
    outer loop
      vertex -8.54953 2.83617 0
      vertex -25.3312 9.34516 0
      vertex -24.9447 10.3325 0
    endloop
  endfacet
  facet normal 0 0 -1
    outer loop
      vertex -25.9863 -7.32889 0
      vertex -8.97952 -0.19455 0
      vertex -25.6785 -8.34346 0
    endloop
  endfacet
  facet normal 0 0 -1
    outer loop
      vertex -8.54953 2.83617 0
      vertex -25.6785 8.34346 0
      vertex -25.3312 9.34516 0
    endloop
  endfacet
  facet normal 0 0 -1
    outer loop
      vertex -26.254 -6.30302 0
      vertex -8.97952 -0.19455 0
      vertex -25.9863 -7.32889 0
    endloop
  endfacet
  facet normal 0 0 -1
    outer loop
      vertex -8.54953 2.83617 0
      vertex -25.9863 7.32889 0
      vertex -25.6785 8.34346 0
    endloop
  endfacet
  facet normal 0 0 -1
    outer loop
      vertex -26.4812 -5.26744 0
      vertex -8.97952 -0.19455 0
      vertex -26.254 -6.30302 0
    endloop
  endfacet
  facet normal 0 0 -1
    outer loop
      vertex -8.54953 2.83617 0
      vertex -26.254 6.30302 0
      vertex -25.9863 7.32889 0
    endloop
  endfacet
  facet normal 0 0 -1
    outer loop
      vertex -26.6676 -4.22373 0
      vertex -8.97952 -0.19455 0
      vertex -26.4812 -5.26744 0
    endloop
  endfacet
  facet normal 0 0 -1
    outer loop
      vertex -8.54953 2.83617 0
      vertex -26.4812 5.26744 0
      vertex -26.254 6.30302 0
    endloop
  endfacet
  facet normal 0 0 -1
    outer loop
      vertex -26.8128 -3.17351 0
      vertex -8.97952 -0.19455 0
      vertex -26.6676 -4.22373 0
    endloop
  endfacet
  facet normal 0 0 -1
    outer loop
      vertex -8.54953 2.83617 0
      vertex -26.6676 4.22373 0
      vertex -26.4812 5.26744 0
    endloop
  endfacet
  facet normal 0 0 -1
    outer loop
      vertex -26.9168 -2.11839 0
      vertex -8.97952 -0.19455 0
      vertex -26.8128 -3.17351 0
    endloop
  endfacet
  facet normal 0 0 -1
    outer loop
      vertex -8.97952 -0.19455 0
      vertex -26.8128 3.17351 0
      vertex -26.6676 4.22373 0
    endloop
  endfacet
  facet normal 0 0 -1
    outer loop
      vertex -26.9792 -1.06001 0
      vertex -8.97952 -0.19455 0
      vertex -26.9168 -2.11839 0
    endloop
  endfacet
  facet normal 0 0 -1
    outer loop
      vertex -8.97952 -0.19455 0
      vertex -26.9168 2.11839 0
      vertex -26.8128 3.17351 0
    endloop
  endfacet
  facet normal 0 0 -1
    outer loop
      vertex -27 0 0
      vertex -8.97952 -0.19455 0
      vertex -26.9792 -1.06001 0
    endloop
  endfacet
  facet normal 0 0 -1
    outer loop
      vertex -8.97952 -0.19455 0
      vertex -26.9792 1.06001 0
      vertex -26.9168 2.11839 0
    endloop
  endfacet
  facet normal 0 0 -1
    outer loop
      vertex -8.97952 -0.19455 0
      vertex -27 0 0
      vertex -26.9792 1.06001 0
    endloop
  endfacet
  facet normal -0 0 -1
    outer loop
      vertex 7.87364 -0.911285 0
      vertex 6.74736 -2.42661 0
      vertex 7.13651 -0.645081 0
    endloop
  endfacet
  facet normal -0 0 -1
    outer loop
      vertex 7.25937 -3.18436 0
      vertex 5.94876 -4.00339 0
      vertex 6.74736 -2.42661 0
    endloop
  endfacet
  facet normal 0 0 -1
    outer loop
      vertex 5.90782 -5.27304 0
      vertex 5.94876 -4.00339 0
      vertex 7.25937 -3.18436 0
    endloop
  endfacet
  facet normal -0 0 -1
    outer loop
      vertex 5.90782 -5.27304 0
      vertex 4.72006 -5.39587 0
      vertex 5.94876 -4.00339 0
    endloop
  endfacet
  facet normal 0 0 -1
    outer loop
      vertex 4.04428 -6.8089 0
      vertex 4.72006 -5.39587 0
      vertex 5.90782 -5.27304 0
    endloop
  endfacet
  facet normal 0 0 -1
    outer loop
      vertex 4.04428 -6.8089 0
      vertex 2.93854 -6.54269 0
      vertex 4.72006 -5.39587 0
    endloop
  endfacet
  facet normal 0 0 -1
    outer loop
      vertex 1.87372 -7.79181 0
      vertex 2.93854 -6.54269 0
      vertex 4.04428 -6.8089 0
    endloop
  endfacet
  facet normal 0 0 -1
    outer loop
      vertex 2.93854 -6.54269 0
      vertex 1.87372 -7.79181 0
      vertex 1.157 -7.0751 0
    endloop
  endfacet
  facet normal 0 0 -1
    outer loop
      vertex 7.13651 -0.645081 0
      vertex 7.81229 1.36179 0
      vertex 7.87364 -0.911285 0
    endloop
  endfacet
  facet normal 0 0 -1
    outer loop
      vertex 6.74736 -2.42661 0
      vertex 7.87364 -0.911285 0
      vertex 7.25937 -3.18436 0
    endloop
  endfacet
  facet normal -0 0 -1
    outer loop
      vertex 7.81229 1.36179 0
      vertex 7.13651 -0.645081 0
      vertex 7.0341 1.38222 0
    endloop
  endfacet
  facet normal 0 0 -1
    outer loop
      vertex 7.81229 1.36179 0
      vertex 7.0341 1.38222 0
      vertex 7.27988 3.14331 0
    endloop
  endfacet
  facet normal 0 0 -1
    outer loop
      vertex 6.50169 3.02048 0
      vertex 7.27988 3.14331 0
      vertex 7.0341 1.38222 0
    endloop
  endfacet
  facet normal 0 0 -1
    outer loop
      vertex 6.50169 3.02048 0
      vertex 6.21497 4.90443 0
      vertex 7.27988 3.14331 0
    endloop
  endfacet
  facet normal 0 0 -1
    outer loop
      vertex 5.41635 4.67917 0
      vertex 6.21497 4.90443 0
      vertex 6.50169 3.02048 0
    endloop
  endfacet
  facet normal 0 0 -1
    outer loop
      vertex 5.41635 4.67917 0
      vertex 4.5768 6.46069 0
      vertex 6.21497 4.90443 0
    endloop
  endfacet
  facet normal 0 0 -1
    outer loop
      vertex 3.98293 5.94882 0
      vertex 4.5768 6.46069 0
      vertex 5.41635 4.67917 0
    endloop
  endfacet
  facet normal 0 0 -1
    outer loop
      vertex 3.98293 5.94882 0
      vertex 2.8157 7.40266 0
      vertex 4.5768 6.46069 0
    endloop
  endfacet
  facet normal 0 0 -1
    outer loop
      vertex 2.34467 6.76794 0
      vertex 2.8157 7.40266 0
      vertex 3.98293 5.94882 0
    endloop
  endfacet
  facet normal 0 0 -1
    outer loop
      vertex 2.34467 6.76794 0
      vertex 1.01364 7.85318 0
      vertex 2.8157 7.40266 0
    endloop
  endfacet
  facet normal 0 0 -1
    outer loop
      vertex 0.747437 7.11604 0
      vertex 1.01364 7.85318 0
      vertex 2.34467 6.76794 0
    endloop
  endfacet
  facet normal 0 0 -1
    outer loop
      vertex -1.11606 7.83275 0
      vertex 0.747437 7.11604 0
      vertex -1.03416 7.0751 0
    endloop
  endfacet
  facet normal 0 0 -1
    outer loop
      vertex 0.747437 7.11604 0
      vertex -1.11606 7.83275 0
      vertex 1.01364 7.85318 0
    endloop
  endfacet
  facet normal 0 0 -1
    outer loop
      vertex -2.79527 6.58363 0
      vertex -1.11606 7.83275 0
      vertex -1.03416 7.0751 0
    endloop
  endfacet
  facet normal 0 0 -1
    outer loop
      vertex -2.79527 6.58363 0
      vertex -3.12285 7.25941 0
      vertex -1.11606 7.83275 0
    endloop
  endfacet
  facet normal 0 0 -1
    outer loop
      vertex -4.94542 6.15355 0
      vertex -2.79527 6.58363 0
      vertex -4.53584 5.51872 0
    endloop
  endfacet
  facet normal -0 0 -1
    outer loop
      vertex -2.79527 6.58363 0
      vertex -4.94542 6.15355 0
      vertex -3.12285 7.25941 0
    endloop
  endfacet
  facet normal 0 0 -1
    outer loop
      vertex -6.29697 4.76106 0
      vertex -4.53584 5.51872 0
      vertex -5.78497 4.1877 0
    endloop
  endfacet
  facet normal -0 0 -1
    outer loop
      vertex -4.53584 5.51872 0
      vertex -6.29697 4.76106 0
      vertex -4.94542 6.15355 0
    endloop
  endfacet
  facet normal 0 0 -1
    outer loop
      vertex -7.30042 2.99994 0
      vertex -5.78497 4.1877 0
      vertex -6.74747 2.34471 0
    endloop
  endfacet
  facet normal 0 0 -1
    outer loop
      vertex -7.81229 0.583603 0
      vertex -6.74747 2.34471 0
      vertex -7.11609 0.604034 0
    endloop
  endfacet
  facet normal -0 0 -1
    outer loop
      vertex -5.78497 4.1877 0
      vertex -7.30042 2.99994 0
      vertex -6.29697 4.76106 0
    endloop
  endfacet
  facet normal -0 0 -1
    outer loop
      vertex -6.74747 2.34471 0
      vertex -7.81229 0.583603 0
      vertex -7.30042 2.99994 0
    endloop
  endfacet
  facet normal 0 0 -1
    outer loop
      vertex 0.542603 -8.79526 0
      vertex 0.522171 -8.85674 0
      vertex 0.522171 -8.81578 0
    endloop
  endfacet
  facet normal 0 0 -1
    outer loop
      vertex 0.522171 -8.85674 0
      vertex 0.501663 -8.89767 0
      vertex 0.501663 -8.87714 0
    endloop
  endfacet
  facet normal 0 0 -1
    outer loop
      vertex 6.03065 -0.68602 0
      vertex 3.20474 -0.19455 0
      vertex 3.36852 0.276443 0
    endloop
  endfacet
  facet normal 0 0 -1
    outer loop
      vertex 4.90437 -3.57339 0
      vertex 0.501663 -2.50859 0
      vertex 3.20474 -0.19455 0
    endloop
  endfacet
  facet normal 0 0 -1
    outer loop
      vertex 0.501663 -2.50859 0
      vertex 3.90103 -4.63823 0
      vertex 2.1194 -5.68262 0
    endloop
  endfacet
  facet normal -0 0 -1
    outer loop
      vertex 3.20474 -0.19455 0
      vertex 0.501663 -2.50859 0
      vertex 2.44707 -0.112671 0
    endloop
  endfacet
  facet normal 0 0 -1
    outer loop
      vertex -1.19795 -1.99661 0
      vertex 2.44707 -0.112671 0
      vertex 0.501663 -2.50859 0
    endloop
  endfacet
  facet normal 0 0 -1
    outer loop
      vertex 0.501663 -2.50859 0
      vertex 2.1194 -5.68262 0
      vertex 0.563141 -5.98976 0
    endloop
  endfacet
  facet normal -0 0 -1
    outer loop
      vertex 2.44707 -0.112671 0
      vertex -1.19795 -1.99661 0
      vertex 2.07846 1.09547 0
    endloop
  endfacet
  facet normal -0 0 -1
    outer loop
      vertex 2.07846 1.09547 0
      vertex -1.19795 -1.99661 0
      vertex 1.32079 1.93513 0
    endloop
  endfacet
  facet normal -0 0 -1
    outer loop
      vertex 1.32079 1.93513 0
      vertex -1.19795 -1.99661 0
      vertex -0.23555 2.32419 0
    endloop
  endfacet
  facet normal 0 0 -1
    outer loop
      vertex -0.23555 2.32419 0
      vertex -1.19795 -1.99661 0
      vertex -1.157 2.01703 0
    endloop
  endfacet
  facet normal 0 0 -1
    outer loop
      vertex -1.19795 -1.99661 0
      vertex -1.89424 1.34126 0
      vertex -1.157 2.01703 0
    endloop
  endfacet
  facet normal 0 0 -1
    outer loop
      vertex -2.2014 -0.747482 0
      vertex -1.89424 1.34126 0
      vertex -1.19795 -1.99661 0
    endloop
  endfacet
  facet normal 0 0 -1
    outer loop
      vertex -1.89424 1.34126 0
      vertex -2.2014 -0.747482 0
      vertex -2.28328 0.419708 0
    endloop
  endfacet
  facet normal 0 0 -1
    outer loop
      vertex 3.36852 0.276443 0
      vertex 6.03065 0.68602 0
      vertex 6.03065 -0.68602 0
    endloop
  endfacet
  facet normal 0 0 -1
    outer loop
      vertex 3.20474 -0.19455 0
      vertex 6.03065 -0.68602 0
      vertex 5.64162 -2.24229 0
    endloop
  endfacet
  facet normal -0 0 -1
    outer loop
      vertex 6.03065 0.68602 0
      vertex 3.36852 0.276443 0
      vertex 5.70308 2.07851 0
    endloop
  endfacet
  facet normal 0 0 -1
    outer loop
      vertex 3.20474 -0.19455 0
      vertex 5.64162 -2.24229 0
      vertex 4.90437 -3.57339 0
    endloop
  endfacet
  facet normal 0 0 -1
    outer loop
      vertex 3.02043 1.50505 0
      vertex 5.70308 2.07851 0
      vertex 3.36852 0.276443 0
    endloop
  endfacet
  facet normal 0 0 -1
    outer loop
      vertex 0.501663 -2.50859 0
      vertex 4.90437 -3.57339 0
      vertex 3.90103 -4.63823 0
    endloop
  endfacet
  facet normal -0 0 -1
    outer loop
      vertex 5.70308 2.07851 0
      vertex 3.02043 1.50505 0
      vertex 5.08867 3.3071 0
    endloop
  endfacet
  facet normal -0 0 -1
    outer loop
      vertex 5.08867 3.3071 0
      vertex 3.02043 1.50505 0
      vertex 4.02386 4.5358 0
    endloop
  endfacet
  facet normal 0 0 -1
    outer loop
      vertex 1.70982 2.89754 0
      vertex 4.02386 4.5358 0
      vertex 3.02043 1.50505 0
    endloop
  endfacet
  facet normal -0 0 -1
    outer loop
      vertex 4.02386 4.5358 0
      vertex 1.70982 2.89754 0
      vertex 2.918 5.31398 0
    endloop
  endfacet
  facet normal 0 0 -1
    outer loop
      vertex 1.70982 2.89754 0
      vertex 1.52551 5.86693 0
      vertex 2.918 5.31398 0
    endloop
  endfacet
  facet normal 0 0 -1
    outer loop
      vertex 0.317337 3.34804 0
      vertex 1.52551 5.86693 0
      vertex 1.70982 2.89754 0
    endloop
  endfacet
  facet normal 0 0 -1
    outer loop
      vertex 0.317337 3.34804 0
      vertex 0.194504 6.05112 0
      vertex 1.52551 5.86693 0
    endloop
  endfacet
  facet normal 0 0 -1
    outer loop
      vertex -0.76796 3.26614 0
      vertex 0.194504 6.05112 0
      vertex 0.317337 3.34804 0
    endloop
  endfacet
  facet normal 0 0 -1
    outer loop
      vertex -0.76796 3.26614 0
      vertex -1.23889 5.92828 0
      vertex 0.194504 6.05112 0
    endloop
  endfacet
  facet normal 0 0 -1
    outer loop
      vertex -2.65192 5.43683 0
      vertex -0.76796 3.26614 0
      vertex -1.64847 2.91806 0
    endloop
  endfacet
  facet normal 0 0 -1
    outer loop
      vertex -0.76796 3.26614 0
      vertex -2.65192 5.43683 0
      vertex -1.23889 5.92828 0
    endloop
  endfacet
  facet normal 0 0 -1
    outer loop
      vertex -4.10587 4.4334 0
      vertex -1.64847 2.91806 0
      vertex -2.93863 1.60747 0
    endloop
  endfacet
  facet normal 0 0 -1
    outer loop
      vertex -4.10587 4.4334 0
      vertex -2.93863 1.60747 0
      vertex -3.3481 -0.030777 0
    endloop
  endfacet
  facet normal 0 0 -1
    outer loop
      vertex -1.64847 2.91806 0
      vertex -4.10587 4.4334 0
      vertex -2.65192 5.43683 0
    endloop
  endfacet
  facet normal -0.720882 -0.693058 0
    outer loop
      vertex -19.0919 -19.0919 0
      vertex -19.8267 -18.3276 2
      vertex -19.8267 -18.3276 0
    endloop
  endfacet
  facet normal -0.720882 -0.693058 0
    outer loop
      vertex -19.8267 -18.3276 2
      vertex -19.0919 -19.0919 0
      vertex -19.0919 -19.0919 2
    endloop
  endfacet
  facet normal -0.862741 -0.505647 0
    outer loop
      vertex -23.0213 -14.1075 0
      vertex -23.5574 -13.1928 2
      vertex -23.5574 -13.1928 0
    endloop
  endfacet
  facet normal -0.862741 -0.505647 0
    outer loop
      vertex -23.5574 -13.1928 2
      vertex -23.0213 -14.1075 0
      vertex -23.0213 -14.1075 2
    endloop
  endfacet
  facet normal -0.88193 -0.471381 0
    outer loop
      vertex -23.5574 -13.1928 0
      vertex -24.0572 -12.2577 2
      vertex -24.0572 -12.2577 0
    endloop
  endfacet
  facet normal -0.88193 -0.471381 0
    outer loop
      vertex -24.0572 -12.2577 2
      vertex -23.5574 -13.1928 0
      vertex -23.5574 -13.1928 2
    endloop
  endfacet
  facet normal -0.944823 -0.32758 0
    outer loop
      vertex -25.3312 -9.34516 0
      vertex -25.6785 -8.34346 2
      vertex -25.6785 -8.34346 0
    endloop
  endfacet
  facet normal -0.944823 -0.32758 0
    outer loop
      vertex -25.6785 -8.34346 2
      vertex -25.3312 -9.34516 0
      vertex -25.3312 -9.34516 2
    endloop
  endfacet
  facet normal -0.984424 -0.175812 0
    outer loop
      vertex -26.4812 -5.26744 0
      vertex -26.6676 -4.22373 2
      vertex -26.6676 -4.22373 0
    endloop
  endfacet
  facet normal -0.984424 -0.175812 0
    outer loop
      vertex -26.6676 -4.22373 2
      vertex -26.4812 -5.26744 0
      vertex -26.4812 -5.26744 2
    endloop
  endfacet
  facet normal -0.693058 -0.720882 0
    outer loop
      vertex -19.0919 -19.0919 0
      vertex -18.3276 -19.8267 2
      vertex -19.0919 -19.0919 2
    endloop
  endfacet
  facet normal -0.693058 -0.720882 -0
    outer loop
      vertex -18.3276 -19.8267 2
      vertex -19.0919 -19.0919 0
      vertex -18.3276 -19.8267 0
    endloop
  endfacet
  facet normal -0.436429 -0.899739 0
    outer loop
      vertex -12.2577 -24.0572 0
      vertex -11.3038 -24.5199 2
      vertex -12.2577 -24.0572 2
    endloop
  endfacet
  facet normal -0.436429 -0.899739 -0
    outer loop
      vertex -11.3038 -24.5199 2
      vertex -12.2577 -24.0572 0
      vertex -11.3038 -24.5199 0
    endloop
  endfacet
  facet normal -0.471381 -0.88193 0
    outer loop
      vertex -13.1928 -23.5574 0
      vertex -12.2577 -24.0572 2
      vertex -13.1928 -23.5574 2
    endloop
  endfacet
  facet normal -0.471381 -0.88193 -0
    outer loop
      vertex -12.2577 -24.0572 2
      vertex -13.1928 -23.5574 0
      vertex -12.2577 -24.0572 0
    endloop
  endfacet
  facet normal -0.505647 -0.862741 0
    outer loop
      vertex -14.1075 -23.0213 0
      vertex -13.1928 -23.5574 2
      vertex -14.1075 -23.0213 2
    endloop
  endfacet
  facet normal -0.505647 -0.862741 -0
    outer loop
      vertex -13.1928 -23.5574 2
      vertex -14.1075 -23.0213 0
      vertex -13.1928 -23.5574 0
    endloop
  endfacet
  facet normal -0.571777 -0.820409 0
    outer loop
      vertex -15.8702 -21.8435 0
      vertex -15.0004 -22.4497 2
      vertex -15.8702 -21.8435 2
    endloop
  endfacet
  facet normal -0.571777 -0.820409 -0
    outer loop
      vertex -15.0004 -22.4497 2
      vertex -15.8702 -21.8435 0
      vertex -15.0004 -22.4497 0
    endloop
  endfacet
  facet normal -0.364522 -0.931195 0
    outer loop
      vertex -10.3325 -24.9447 0
      vertex -9.34516 -25.3312 2
      vertex -10.3325 -24.9447 2
    endloop
  endfacet
  facet normal -0.364522 -0.931195 -0
    outer loop
      vertex -9.34516 -25.3312 2
      vertex -10.3325 -24.9447 0
      vertex -9.34516 -25.3312 0
    endloop
  endfacet
  facet normal -0.214297 -0.976769 0
    outer loop
      vertex -6.30302 -26.254 0
      vertex -5.26744 -26.4812 2
      vertex -6.30302 -26.254 2
    endloop
  endfacet
  facet normal -0.214297 -0.976769 -0
    outer loop
      vertex -5.26744 -26.4812 2
      vertex -6.30302 -26.254 0
      vertex -5.26744 -26.4812 0
    endloop
  endfacet
  facet normal -0.136954 -0.990577 0
    outer loop
      vertex -4.22373 -26.6676 0
      vertex -3.17351 -26.8128 2
      vertex -4.22373 -26.6676 2
    endloop
  endfacet
  facet normal -0.136954 -0.990577 -0
    outer loop
      vertex -3.17351 -26.8128 2
      vertex -4.22373 -26.6676 0
      vertex -3.17351 -26.8128 0
    endloop
  endfacet
  facet normal -0.0196187 -0.999808 0
    outer loop
      vertex -1.06001 -26.9792 0
      vertex 0 -27 2
      vertex -1.06001 -26.9792 2
    endloop
  endfacet
  facet normal -0.0196187 -0.999808 -0
    outer loop
      vertex 0 -27 2
      vertex -1.06001 -26.9792 0
      vertex 0 -27 0
    endloop
  endfacet
  facet normal -0.175812 -0.984424 0
    outer loop
      vertex -5.26744 -26.4812 0
      vertex -4.22373 -26.6676 2
      vertex -5.26744 -26.4812 2
    endloop
  endfacet
  facet normal -0.175812 -0.984424 -0
    outer loop
      vertex -4.22373 -26.6676 2
      vertex -5.26744 -26.4812 0
      vertex -4.22373 -26.6676 0
    endloop
  endfacet
  facet normal 0.999808 -0.0196187 0
    outer loop
      vertex 26.9792 -1.06001 2
      vertex 27 0 0
      vertex 27 0 2
    endloop
  endfacet
  facet normal 0.999808 -0.0196187 0
    outer loop
      vertex 27 0 0
      vertex 26.9792 -1.06001 2
      vertex 26.9792 -1.06001 0
    endloop
  endfacet
  facet normal 0.0196187 0.999808 -0
    outer loop
      vertex 1.06001 26.9792 0
      vertex 0 27 2
      vertex 1.06001 26.9792 2
    endloop
  endfacet
  facet normal 0.0196187 0.999808 0
    outer loop
      vertex 0 27 2
      vertex 1.06001 26.9792 0
      vertex 0 27 0
    endloop
  endfacet
  facet normal 0.32758 0.944823 -0
    outer loop
      vertex 9.34516 25.3312 0
      vertex 8.34346 25.6785 2
      vertex 9.34516 25.3312 2
    endloop
  endfacet
  facet normal 0.32758 0.944823 0
    outer loop
      vertex 8.34346 25.6785 2
      vertex 9.34516 25.3312 0
      vertex 8.34346 25.6785 0
    endloop
  endfacet
  facet normal 0.364522 0.931195 -0
    outer loop
      vertex 10.3325 24.9447 0
      vertex 9.34516 25.3312 2
      vertex 10.3325 24.9447 2
    endloop
  endfacet
  facet normal 0.364522 0.931195 0
    outer loop
      vertex 9.34516 25.3312 2
      vertex 10.3325 24.9447 0
      vertex 9.34516 25.3312 0
    endloop
  endfacet
  facet normal 0.693058 0.720882 -0
    outer loop
      vertex 19.0919 19.0919 0
      vertex 18.3276 19.8267 2
      vertex 19.0919 19.0919 2
    endloop
  endfacet
  facet normal 0.693058 0.720882 0
    outer loop
      vertex 18.3276 19.8267 2
      vertex 19.0919 19.0919 0
      vertex 18.3276 19.8267 0
    endloop
  endfacet
  facet normal 0.571777 0.820409 -0
    outer loop
      vertex 15.8702 21.8435 0
      vertex 15.0004 22.4497 2
      vertex 15.8702 21.8435 2
    endloop
  endfacet
  facet normal 0.571777 0.820409 0
    outer loop
      vertex 15.0004 22.4497 2
      vertex 15.8702 21.8435 0
      vertex 15.0004 22.4497 0
    endloop
  endfacet
  facet normal 0.505647 0.862741 -0
    outer loop
      vertex 14.1075 23.0213 0
      vertex 13.1928 23.5574 2
      vertex 14.1075 23.0213 2
    endloop
  endfacet
  facet normal 0.505647 0.862741 0
    outer loop
      vertex 13.1928 23.5574 2
      vertex 14.1075 23.0213 0
      vertex 13.1928 23.5574 0
    endloop
  endfacet
  facet normal 0.720882 0.693058 0
    outer loop
      vertex 19.8267 18.3276 2
      vertex 19.0919 19.0919 0
      vertex 19.0919 19.0919 2
    endloop
  endfacet
  facet normal 0.720882 0.693058 0
    outer loop
      vertex 19.0919 19.0919 0
      vertex 19.8267 18.3276 2
      vertex 19.8267 18.3276 0
    endloop
  endfacet
  facet normal 0.773024 0.634377 0
    outer loop
      vertex 21.2036 16.7155 2
      vertex 20.531 17.5351 0
      vertex 20.531 17.5351 2
    endloop
  endfacet
  facet normal 0.773024 0.634377 0
    outer loop
      vertex 20.531 17.5351 0
      vertex 21.2036 16.7155 2
      vertex 21.2036 16.7155 0
    endloop
  endfacet
  facet normal 0.88193 0.471381 0
    outer loop
      vertex 24.0572 12.2577 2
      vertex 23.5574 13.1928 0
      vertex 23.5574 13.1928 2
    endloop
  endfacet
  facet normal 0.88193 0.471381 0
    outer loop
      vertex 23.5574 13.1928 0
      vertex 24.0572 12.2577 2
      vertex 24.0572 12.2577 0
    endloop
  endfacet
  facet normal 0.899739 0.436429 0
    outer loop
      vertex 24.5199 11.3038 2
      vertex 24.0572 12.2577 0
      vertex 24.0572 12.2577 2
    endloop
  endfacet
  facet normal 0.899739 0.436429 0
    outer loop
      vertex 24.0572 12.2577 0
      vertex 24.5199 11.3038 2
      vertex 24.5199 11.3038 0
    endloop
  endfacet
  facet normal 0.931195 0.364522 0
    outer loop
      vertex 25.3312 9.34516 2
      vertex 24.9447 10.3325 0
      vertex 24.9447 10.3325 2
    endloop
  endfacet
  facet normal 0.931195 0.364522 0
    outer loop
      vertex 24.9447 10.3325 0
      vertex 25.3312 9.34516 2
      vertex 25.3312 9.34516 0
    endloop
  endfacet
  facet normal 0.984424 0.175812 0
    outer loop
      vertex 26.6676 4.22373 2
      vertex 26.4812 5.26744 0
      vertex 26.4812 5.26744 2
    endloop
  endfacet
  facet normal 0.984424 0.175812 0
    outer loop
      vertex 26.4812 5.26744 0
      vertex 26.6676 4.22373 2
      vertex 26.6676 4.22373 0
    endloop
  endfacet
  facet normal 0.995177 0.0980916 0
    outer loop
      vertex 26.9168 2.11839 2
      vertex 26.8128 3.17351 0
      vertex 26.8128 3.17351 2
    endloop
  endfacet
  facet normal 0.995177 0.0980916 0
    outer loop
      vertex 26.8128 3.17351 0
      vertex 26.9168 2.11839 2
      vertex 26.9168 2.11839 0
    endloop
  endfacet
  facet normal 0.944823 0.32758 0
    outer loop
      vertex 25.6785 8.34346 2
      vertex 25.3312 9.34516 0
      vertex 25.3312 9.34516 2
    endloop
  endfacet
  facet normal 0.944823 0.32758 0
    outer loop
      vertex 25.3312 9.34516 0
      vertex 25.6785 8.34346 2
      vertex 25.6785 8.34346 0
    endloop
  endfacet
  facet normal -0.693058 0.720882 0
    outer loop
      vertex -18.3276 19.8267 0
      vertex -19.0919 19.0919 2
      vertex -18.3276 19.8267 2
    endloop
  endfacet
  facet normal -0.693058 0.720882 0
    outer loop
      vertex -19.0919 19.0919 2
      vertex -18.3276 19.8267 0
      vertex -19.0919 19.0919 0
    endloop
  endfacet
  facet normal -0.175812 0.984424 0
    outer loop
      vertex -4.22373 26.6676 0
      vertex -5.26744 26.4812 2
      vertex -4.22373 26.6676 2
    endloop
  endfacet
  facet normal -0.175812 0.984424 0
    outer loop
      vertex -5.26744 26.4812 2
      vertex -4.22373 26.6676 0
      vertex -5.26744 26.4812 0
    endloop
  endfacet
  facet normal -0.505647 0.862741 0
    outer loop
      vertex -13.1928 23.5574 0
      vertex -14.1075 23.0213 2
      vertex -13.1928 23.5574 2
    endloop
  endfacet
  facet normal -0.505647 0.862741 0
    outer loop
      vertex -14.1075 23.0213 2
      vertex -13.1928 23.5574 0
      vertex -14.1075 23.0213 0
    endloop
  endfacet
  facet normal -0.53915 0.84221 0
    outer loop
      vertex -14.1075 23.0213 0
      vertex -15.0004 22.4497 2
      vertex -14.1075 23.0213 2
    endloop
  endfacet
  facet normal -0.53915 0.84221 0
    outer loop
      vertex -15.0004 22.4497 2
      vertex -14.1075 23.0213 0
      vertex -15.0004 22.4497 0
    endloop
  endfacet
  facet normal -0.471381 0.88193 0
    outer loop
      vertex -12.2577 24.0572 0
      vertex -13.1928 23.5574 2
      vertex -12.2577 24.0572 2
    endloop
  endfacet
  facet normal -0.471381 0.88193 0
    outer loop
      vertex -13.1928 23.5574 2
      vertex -12.2577 24.0572 0
      vertex -13.1928 23.5574 0
    endloop
  endfacet
  facet normal -0.664288 0.747477 0
    outer loop
      vertex -17.5351 20.531 0
      vertex -18.3276 19.8267 2
      vertex -17.5351 20.531 2
    endloop
  endfacet
  facet normal -0.664288 0.747477 0
    outer loop
      vertex -18.3276 19.8267 2
      vertex -17.5351 20.531 0
      vertex -18.3276 19.8267 0
    endloop
  endfacet
  facet normal -0.634377 0.773024 0
    outer loop
      vertex -16.7155 21.2036 0
      vertex -17.5351 20.531 2
      vertex -16.7155 21.2036 2
    endloop
  endfacet
  facet normal -0.634377 0.773024 0
    outer loop
      vertex -17.5351 20.531 2
      vertex -16.7155 21.2036 0
      vertex -17.5351 20.531 0
    endloop
  endfacet
  facet normal -0.773024 0.634377 0
    outer loop
      vertex -21.2036 16.7155 0
      vertex -20.531 17.5351 2
      vertex -20.531 17.5351 0
    endloop
  endfacet
  facet normal -0.773024 0.634377 0
    outer loop
      vertex -20.531 17.5351 2
      vertex -21.2036 16.7155 0
      vertex -21.2036 16.7155 2
    endloop
  endfacet
  facet normal -0.747477 0.664288 0
    outer loop
      vertex -20.531 17.5351 0
      vertex -19.8267 18.3276 2
      vertex -19.8267 18.3276 0
    endloop
  endfacet
  facet normal -0.747477 0.664288 0
    outer loop
      vertex -19.8267 18.3276 2
      vertex -20.531 17.5351 0
      vertex -20.531 17.5351 2
    endloop
  endfacet
  facet normal -0.862741 0.505647 0
    outer loop
      vertex -23.5574 13.1928 0
      vertex -23.0213 14.1075 2
      vertex -23.0213 14.1075 0
    endloop
  endfacet
  facet normal -0.862741 0.505647 0
    outer loop
      vertex -23.0213 14.1075 2
      vertex -23.5574 13.1928 0
      vertex -23.5574 13.1928 2
    endloop
  endfacet
  facet normal -0.84221 0.53915 0
    outer loop
      vertex -23.0213 14.1075 0
      vertex -22.4497 15.0004 2
      vertex -22.4497 15.0004 0
    endloop
  endfacet
  facet normal -0.84221 0.53915 0
    outer loop
      vertex -22.4497 15.0004 2
      vertex -23.0213 14.1075 0
      vertex -23.0213 14.1075 2
    endloop
  endfacet
  facet normal -0.990577 0.136954 0
    outer loop
      vertex -26.8128 3.17351 0
      vertex -26.6676 4.22373 2
      vertex -26.6676 4.22373 0
    endloop
  endfacet
  facet normal -0.990577 0.136954 0
    outer loop
      vertex -26.6676 4.22373 2
      vertex -26.8128 3.17351 0
      vertex -26.8128 3.17351 2
    endloop
  endfacet
  facet normal -0.984424 0.175812 0
    outer loop
      vertex -26.6676 4.22373 0
      vertex -26.4812 5.26744 2
      vertex -26.4812 5.26744 0
    endloop
  endfacet
  facet normal -0.984424 0.175812 0
    outer loop
      vertex -26.4812 5.26744 2
      vertex -26.6676 4.22373 0
      vertex -26.6676 4.22373 2
    endloop
  endfacet
  facet normal -0.999808 0.0196187 0
    outer loop
      vertex -27 0 0
      vertex -26.9792 1.06001 2
      vertex -26.9792 1.06001 0
    endloop
  endfacet
  facet normal -0.999808 0.0196187 0
    outer loop
      vertex -26.9792 1.06001 2
      vertex -27 0 0
      vertex -27 0 2
    endloop
  endfacet
  facet normal -0.944823 0.32758 0
    outer loop
      vertex -25.6785 8.34346 0
      vertex -25.3312 9.34516 2
      vertex -25.3312 9.34516 0
    endloop
  endfacet
  facet normal -0.944823 0.32758 0
    outer loop
      vertex -25.3312 9.34516 2
      vertex -25.6785 8.34346 0
      vertex -25.6785 8.34346 2
    endloop
  endfacet
  facet normal -0.976769 0.214297 0
    outer loop
      vertex -26.4812 5.26744 0
      vertex -26.254 6.30302 2
      vertex -26.254 6.30302 0
    endloop
  endfacet
  facet normal -0.976769 0.214297 0
    outer loop
      vertex -26.254 6.30302 2
      vertex -26.4812 5.26744 0
      vertex -26.4812 5.26744 2
    endloop
  endfacet
  facet normal 0.984424 -0.175812 0
    outer loop
      vertex 26.4812 -5.26744 2
      vertex 26.6676 -4.22373 0
      vertex 26.6676 -4.22373 2
    endloop
  endfacet
  facet normal 0.984424 -0.175812 0
    outer loop
      vertex 26.6676 -4.22373 0
      vertex 26.4812 -5.26744 2
      vertex 26.4812 -5.26744 0
    endloop
  endfacet
  facet normal 0.990577 -0.136954 0
    outer loop
      vertex 26.6676 -4.22373 2
      vertex 26.8128 -3.17351 0
      vertex 26.8128 -3.17351 2
    endloop
  endfacet
  facet normal 0.990577 -0.136954 0
    outer loop
      vertex 26.8128 -3.17351 0
      vertex 26.6676 -4.22373 2
      vertex 26.6676 -4.22373 0
    endloop
  endfacet
  facet normal 0.995177 -0.0980916 0
    outer loop
      vertex 26.8128 -3.17351 2
      vertex 26.9168 -2.11839 0
      vertex 26.9168 -2.11839 2
    endloop
  endfacet
  facet normal 0.995177 -0.0980916 0
    outer loop
      vertex 26.9168 -2.11839 0
      vertex 26.8128 -3.17351 2
      vertex 26.8128 -3.17351 0
    endloop
  endfacet
  facet normal 0.967598 -0.252494 0
    outer loop
      vertex 25.9863 -7.32889 2
      vertex 26.254 -6.30302 0
      vertex 26.254 -6.30302 2
    endloop
  endfacet
  facet normal 0.967598 -0.252494 0
    outer loop
      vertex 26.254 -6.30302 0
      vertex 25.9863 -7.32889 2
      vertex 25.9863 -7.32889 0
    endloop
  endfacet
  facet normal 0.944823 -0.32758 0
    outer loop
      vertex 25.3312 -9.34516 2
      vertex 25.6785 -8.34346 0
      vertex 25.6785 -8.34346 2
    endloop
  endfacet
  facet normal 0.944823 -0.32758 0
    outer loop
      vertex 25.6785 -8.34346 0
      vertex 25.3312 -9.34516 2
      vertex 25.3312 -9.34516 0
    endloop
  endfacet
  facet normal 0.747477 -0.664288 0
    outer loop
      vertex 19.8267 -18.3276 2
      vertex 20.531 -17.5351 0
      vertex 20.531 -17.5351 2
    endloop
  endfacet
  facet normal 0.747477 -0.664288 0
    outer loop
      vertex 20.531 -17.5351 0
      vertex 19.8267 -18.3276 2
      vertex 19.8267 -18.3276 0
    endloop
  endfacet
  facet normal 0.797309 -0.603571 0
    outer loop
      vertex 21.2036 -16.7155 2
      vertex 21.8435 -15.8702 0
      vertex 21.8435 -15.8702 2
    endloop
  endfacet
  facet normal 0.797309 -0.603571 0
    outer loop
      vertex 21.8435 -15.8702 0
      vertex 21.2036 -16.7155 2
      vertex 21.2036 -16.7155 0
    endloop
  endfacet
  facet normal 0.899739 -0.436429 0
    outer loop
      vertex 24.0572 -12.2577 2
      vertex 24.5199 -11.3038 0
      vertex 24.5199 -11.3038 2
    endloop
  endfacet
  facet normal 0.899739 -0.436429 0
    outer loop
      vertex 24.5199 -11.3038 0
      vertex 24.0572 -12.2577 2
      vertex 24.0572 -12.2577 0
    endloop
  endfacet
  facet normal 0.916207 -0.400705 0
    outer loop
      vertex 24.5199 -11.3038 2
      vertex 24.9447 -10.3325 0
      vertex 24.9447 -10.3325 2
    endloop
  endfacet
  facet normal 0.916207 -0.400705 0
    outer loop
      vertex 24.9447 -10.3325 0
      vertex 24.5199 -11.3038 2
      vertex 24.5199 -11.3038 0
    endloop
  endfacet
  facet normal 0.0980916 -0.995177 0
    outer loop
      vertex 2.11839 -26.9168 0
      vertex 3.17351 -26.8128 2
      vertex 2.11839 -26.9168 2
    endloop
  endfacet
  facet normal 0.0980916 -0.995177 0
    outer loop
      vertex 3.17351 -26.8128 2
      vertex 2.11839 -26.9168 0
      vertex 3.17351 -26.8128 0
    endloop
  endfacet
  facet normal 0.0588558 -0.998266 0
    outer loop
      vertex 1.06001 -26.9792 0
      vertex 2.11839 -26.9168 2
      vertex 1.06001 -26.9792 2
    endloop
  endfacet
  facet normal 0.0588558 -0.998266 0
    outer loop
      vertex 2.11839 -26.9168 2
      vertex 1.06001 -26.9792 0
      vertex 2.11839 -26.9168 0
    endloop
  endfacet
  facet normal 0.364522 -0.931195 0
    outer loop
      vertex 9.34516 -25.3312 0
      vertex 10.3325 -24.9447 2
      vertex 9.34516 -25.3312 2
    endloop
  endfacet
  facet normal 0.364522 -0.931195 0
    outer loop
      vertex 10.3325 -24.9447 2
      vertex 9.34516 -25.3312 0
      vertex 10.3325 -24.9447 0
    endloop
  endfacet
  facet normal 0.252494 -0.967598 0
    outer loop
      vertex 6.30302 -26.254 0
      vertex 7.32889 -25.9863 2
      vertex 6.30302 -26.254 2
    endloop
  endfacet
  facet normal 0.252494 -0.967598 0
    outer loop
      vertex 7.32889 -25.9863 2
      vertex 6.30302 -26.254 0
      vertex 7.32889 -25.9863 0
    endloop
  endfacet
  facet normal 0.290314 -0.956932 0
    outer loop
      vertex 7.32889 -25.9863 0
      vertex 8.34346 -25.6785 2
      vertex 7.32889 -25.9863 2
    endloop
  endfacet
  facet normal 0.290314 -0.956932 0
    outer loop
      vertex 8.34346 -25.6785 2
      vertex 7.32889 -25.9863 0
      vertex 8.34346 -25.6785 0
    endloop
  endfacet
  facet normal 0.400705 -0.916207 0
    outer loop
      vertex 10.3325 -24.9447 0
      vertex 11.3038 -24.5199 2
      vertex 10.3325 -24.9447 2
    endloop
  endfacet
  facet normal 0.400705 -0.916207 0
    outer loop
      vertex 11.3038 -24.5199 2
      vertex 10.3325 -24.9447 0
      vertex 11.3038 -24.5199 0
    endloop
  endfacet
  facet normal 0.603571 -0.797309 0
    outer loop
      vertex 15.8702 -21.8435 0
      vertex 16.7155 -21.2036 2
      vertex 15.8702 -21.8435 2
    endloop
  endfacet
  facet normal 0.603571 -0.797309 0
    outer loop
      vertex 16.7155 -21.2036 2
      vertex 15.8702 -21.8435 0
      vertex 16.7155 -21.2036 0
    endloop
  endfacet
  facet normal 0.571777 -0.820409 0
    outer loop
      vertex 15.0004 -22.4497 0
      vertex 15.8702 -21.8435 2
      vertex 15.0004 -22.4497 2
    endloop
  endfacet
  facet normal 0.571777 -0.820409 0
    outer loop
      vertex 15.8702 -21.8435 2
      vertex 15.0004 -22.4497 0
      vertex 15.8702 -21.8435 0
    endloop
  endfacet
  facet normal -0.773024 -0.634377 0
    outer loop
      vertex -20.531 -17.5351 0
      vertex -21.2036 -16.7155 2
      vertex -21.2036 -16.7155 0
    endloop
  endfacet
  facet normal -0.773024 -0.634377 0
    outer loop
      vertex -21.2036 -16.7155 2
      vertex -20.531 -17.5351 0
      vertex -20.531 -17.5351 2
    endloop
  endfacet
  facet normal -0.747477 -0.664288 0
    outer loop
      vertex -19.8267 -18.3276 0
      vertex -20.531 -17.5351 2
      vertex -20.531 -17.5351 0
    endloop
  endfacet
  facet normal -0.747477 -0.664288 0
    outer loop
      vertex -20.531 -17.5351 2
      vertex -19.8267 -18.3276 0
      vertex -19.8267 -18.3276 2
    endloop
  endfacet
  facet normal -0.916207 -0.400705 0
    outer loop
      vertex -24.5199 -11.3038 0
      vertex -24.9447 -10.3325 2
      vertex -24.9447 -10.3325 0
    endloop
  endfacet
  facet normal -0.916207 -0.400705 0
    outer loop
      vertex -24.9447 -10.3325 2
      vertex -24.5199 -11.3038 0
      vertex -24.5199 -11.3038 2
    endloop
  endfacet
  facet normal -0.998266 -0.0588558 0
    outer loop
      vertex -26.9168 -2.11839 0
      vertex -26.9792 -1.06001 2
      vertex -26.9792 -1.06001 0
    endloop
  endfacet
  facet normal -0.998266 -0.0588558 0
    outer loop
      vertex -26.9792 -1.06001 2
      vertex -26.9168 -2.11839 0
      vertex -26.9168 -2.11839 2
    endloop
  endfacet
  facet normal -0.931195 -0.364522 0
    outer loop
      vertex -24.9447 -10.3325 0
      vertex -25.3312 -9.34516 2
      vertex -25.3312 -9.34516 0
    endloop
  endfacet
  facet normal -0.931195 -0.364522 0
    outer loop
      vertex -25.3312 -9.34516 2
      vertex -24.9447 -10.3325 0
      vertex -24.9447 -10.3325 2
    endloop
  endfacet
  facet normal -0.967598 -0.252494 0
    outer loop
      vertex -25.9863 -7.32889 0
      vertex -26.254 -6.30302 2
      vertex -26.254 -6.30302 0
    endloop
  endfacet
  facet normal -0.967598 -0.252494 0
    outer loop
      vertex -26.254 -6.30302 2
      vertex -25.9863 -7.32889 0
      vertex -25.9863 -7.32889 2
    endloop
  endfacet
  facet normal -0.956932 -0.290314 0
    outer loop
      vertex -25.6785 -8.34346 0
      vertex -25.9863 -7.32889 2
      vertex -25.9863 -7.32889 0
    endloop
  endfacet
  facet normal -0.956932 -0.290314 0
    outer loop
      vertex -25.9863 -7.32889 2
      vertex -25.6785 -8.34346 0
      vertex -25.6785 -8.34346 2
    endloop
  endfacet
  facet normal -0.664288 -0.747477 0
    outer loop
      vertex -18.3276 -19.8267 0
      vertex -17.5351 -20.531 2
      vertex -18.3276 -19.8267 2
    endloop
  endfacet
  facet normal -0.664288 -0.747477 -0
    outer loop
      vertex -17.5351 -20.531 2
      vertex -18.3276 -19.8267 0
      vertex -17.5351 -20.531 0
    endloop
  endfacet
  facet normal -0.603571 -0.797309 0
    outer loop
      vertex -16.7155 -21.2036 0
      vertex -15.8702 -21.8435 2
      vertex -16.7155 -21.2036 2
    endloop
  endfacet
  facet normal -0.603571 -0.797309 -0
    outer loop
      vertex -15.8702 -21.8435 2
      vertex -16.7155 -21.2036 0
      vertex -15.8702 -21.8435 0
    endloop
  endfacet
  facet normal -0.32758 -0.944823 0
    outer loop
      vertex -9.34516 -25.3312 0
      vertex -8.34346 -25.6785 2
      vertex -9.34516 -25.3312 2
    endloop
  endfacet
  facet normal -0.32758 -0.944823 -0
    outer loop
      vertex -8.34346 -25.6785 2
      vertex -9.34516 -25.3312 0
      vertex -8.34346 -25.6785 0
    endloop
  endfacet
  facet normal -0.252494 -0.967598 0
    outer loop
      vertex -7.32889 -25.9863 0
      vertex -6.30302 -26.254 2
      vertex -7.32889 -25.9863 2
    endloop
  endfacet
  facet normal -0.252494 -0.967598 -0
    outer loop
      vertex -6.30302 -26.254 2
      vertex -7.32889 -25.9863 0
      vertex -6.30302 -26.254 0
    endloop
  endfacet
  facet normal -0.0588558 -0.998266 0
    outer loop
      vertex -2.11839 -26.9168 0
      vertex -1.06001 -26.9792 2
      vertex -2.11839 -26.9168 2
    endloop
  endfacet
  facet normal -0.0588558 -0.998266 -0
    outer loop
      vertex -1.06001 -26.9792 2
      vertex -2.11839 -26.9168 0
      vertex -1.06001 -26.9792 0
    endloop
  endfacet
  facet normal 0.999808 0.0196187 0
    outer loop
      vertex 27 0 2
      vertex 26.9792 1.06001 0
      vertex 26.9792 1.06001 2
    endloop
  endfacet
  facet normal 0.999808 0.0196187 0
    outer loop
      vertex 26.9792 1.06001 0
      vertex 27 0 2
      vertex 27 0 0
    endloop
  endfacet
  facet normal 0.175812 0.984424 -0
    outer loop
      vertex 5.26744 26.4812 0
      vertex 4.22373 26.6676 2
      vertex 5.26744 26.4812 2
    endloop
  endfacet
  facet normal 0.175812 0.984424 0
    outer loop
      vertex 4.22373 26.6676 2
      vertex 5.26744 26.4812 0
      vertex 4.22373 26.6676 0
    endloop
  endfacet
  facet normal 0.252494 0.967598 -0
    outer loop
      vertex 7.32889 25.9863 0
      vertex 6.30302 26.254 2
      vertex 7.32889 25.9863 2
    endloop
  endfacet
  facet normal 0.252494 0.967598 0
    outer loop
      vertex 6.30302 26.254 2
      vertex 7.32889 25.9863 0
      vertex 6.30302 26.254 0
    endloop
  endfacet
  facet normal 0.634377 0.773024 -0
    outer loop
      vertex 17.5351 20.531 0
      vertex 16.7155 21.2036 2
      vertex 17.5351 20.531 2
    endloop
  endfacet
  facet normal 0.634377 0.773024 0
    outer loop
      vertex 16.7155 21.2036 2
      vertex 17.5351 20.531 0
      vertex 16.7155 21.2036 0
    endloop
  endfacet
  facet normal 0.471381 0.88193 -0
    outer loop
      vertex 13.1928 23.5574 0
      vertex 12.2577 24.0572 2
      vertex 13.1928 23.5574 2
    endloop
  endfacet
  facet normal 0.471381 0.88193 0
    outer loop
      vertex 12.2577 24.0572 2
      vertex 13.1928 23.5574 0
      vertex 12.2577 24.0572 0
    endloop
  endfacet
  facet normal 0.400705 0.916207 -0
    outer loop
      vertex 11.3038 24.5199 0
      vertex 10.3325 24.9447 2
      vertex 11.3038 24.5199 2
    endloop
  endfacet
  facet normal 0.400705 0.916207 0
    outer loop
      vertex 10.3325 24.9447 2
      vertex 11.3038 24.5199 0
      vertex 10.3325 24.9447 0
    endloop
  endfacet
  facet normal 0.53915 0.84221 -0
    outer loop
      vertex 15.0004 22.4497 0
      vertex 14.1075 23.0213 2
      vertex 15.0004 22.4497 2
    endloop
  endfacet
  facet normal 0.53915 0.84221 0
    outer loop
      vertex 14.1075 23.0213 2
      vertex 15.0004 22.4497 0
      vertex 14.1075 23.0213 0
    endloop
  endfacet
  facet normal 0.797309 0.603571 0
    outer loop
      vertex 21.8435 15.8702 2
      vertex 21.2036 16.7155 0
      vertex 21.2036 16.7155 2
    endloop
  endfacet
  facet normal 0.797309 0.603571 0
    outer loop
      vertex 21.2036 16.7155 0
      vertex 21.8435 15.8702 2
      vertex 21.8435 15.8702 0
    endloop
  endfacet
  facet normal 0.820409 0.571777 0
    outer loop
      vertex 22.4497 15.0004 2
      vertex 21.8435 15.8702 0
      vertex 21.8435 15.8702 2
    endloop
  endfacet
  facet normal 0.820409 0.571777 0
    outer loop
      vertex 21.8435 15.8702 0
      vertex 22.4497 15.0004 2
      vertex 22.4497 15.0004 0
    endloop
  endfacet
  facet normal 0.747477 0.664288 0
    outer loop
      vertex 20.531 17.5351 2
      vertex 19.8267 18.3276 0
      vertex 19.8267 18.3276 2
    endloop
  endfacet
  facet normal 0.747477 0.664288 0
    outer loop
      vertex 19.8267 18.3276 0
      vertex 20.531 17.5351 2
      vertex 20.531 17.5351 0
    endloop
  endfacet
  facet normal 0.862741 0.505647 0
    outer loop
      vertex 23.5574 13.1928 2
      vertex 23.0213 14.1075 0
      vertex 23.0213 14.1075 2
    endloop
  endfacet
  facet normal 0.862741 0.505647 0
    outer loop
      vertex 23.0213 14.1075 0
      vertex 23.5574 13.1928 2
      vertex 23.5574 13.1928 0
    endloop
  endfacet
  facet normal 0.956932 0.290314 0
    outer loop
      vertex 25.9863 7.32889 2
      vertex 25.6785 8.34346 0
      vertex 25.6785 8.34346 2
    endloop
  endfacet
  facet normal 0.956932 0.290314 0
    outer loop
      vertex 25.6785 8.34346 0
      vertex 25.9863 7.32889 2
      vertex 25.9863 7.32889 0
    endloop
  endfacet
  facet normal -0.400705 0.916207 0
    outer loop
      vertex -10.3325 24.9447 0
      vertex -11.3038 24.5199 2
      vertex -10.3325 24.9447 2
    endloop
  endfacet
  facet normal -0.400705 0.916207 0
    outer loop
      vertex -11.3038 24.5199 2
      vertex -10.3325 24.9447 0
      vertex -11.3038 24.5199 0
    endloop
  endfacet
  facet normal -0.32758 0.944823 0
    outer loop
      vertex -8.34346 25.6785 0
      vertex -9.34516 25.3312 2
      vertex -8.34346 25.6785 2
    endloop
  endfacet
  facet normal -0.32758 0.944823 0
    outer loop
      vertex -9.34516 25.3312 2
      vertex -8.34346 25.6785 0
      vertex -9.34516 25.3312 0
    endloop
  endfacet
  facet normal -0.214297 0.976769 0
    outer loop
      vertex -5.26744 26.4812 0
      vertex -6.30302 26.254 2
      vertex -5.26744 26.4812 2
    endloop
  endfacet
  facet normal -0.214297 0.976769 0
    outer loop
      vertex -6.30302 26.254 2
      vertex -5.26744 26.4812 0
      vertex -6.30302 26.254 0
    endloop
  endfacet
  facet normal -0.290314 0.956932 0
    outer loop
      vertex -7.32889 25.9863 0
      vertex -8.34346 25.6785 2
      vertex -7.32889 25.9863 2
    endloop
  endfacet
  facet normal -0.290314 0.956932 0
    outer loop
      vertex -8.34346 25.6785 2
      vertex -7.32889 25.9863 0
      vertex -8.34346 25.6785 0
    endloop
  endfacet
  facet normal -0.0980916 0.995177 0
    outer loop
      vertex -2.11839 26.9168 0
      vertex -3.17351 26.8128 2
      vertex -2.11839 26.9168 2
    endloop
  endfacet
  facet normal -0.0980916 0.995177 0
    outer loop
      vertex -3.17351 26.8128 2
      vertex -2.11839 26.9168 0
      vertex -3.17351 26.8128 0
    endloop
  endfacet
  facet normal -0.0196187 0.999808 0
    outer loop
      vertex 0 27 0
      vertex -1.06001 26.9792 2
      vertex 0 27 2
    endloop
  endfacet
  facet normal -0.0196187 0.999808 0
    outer loop
      vertex -1.06001 26.9792 2
      vertex 0 27 0
      vertex -1.06001 26.9792 0
    endloop
  endfacet
  facet normal -0.136954 0.990577 0
    outer loop
      vertex -3.17351 26.8128 0
      vertex -4.22373 26.6676 2
      vertex -3.17351 26.8128 2
    endloop
  endfacet
  facet normal -0.136954 0.990577 0
    outer loop
      vertex -4.22373 26.6676 2
      vertex -3.17351 26.8128 0
      vertex -4.22373 26.6676 0
    endloop
  endfacet
  facet normal -0.436429 0.899739 0
    outer loop
      vertex -11.3038 24.5199 0
      vertex -12.2577 24.0572 2
      vertex -11.3038 24.5199 2
    endloop
  endfacet
  facet normal -0.436429 0.899739 0
    outer loop
      vertex -12.2577 24.0572 2
      vertex -11.3038 24.5199 0
      vertex -12.2577 24.0572 0
    endloop
  endfacet
  facet normal -0.603571 0.797309 0
    outer loop
      vertex -15.8702 21.8435 0
      vertex -16.7155 21.2036 2
      vertex -15.8702 21.8435 2
    endloop
  endfacet
  facet normal -0.603571 0.797309 0
    outer loop
      vertex -16.7155 21.2036 2
      vertex -15.8702 21.8435 0
      vertex -16.7155 21.2036 0
    endloop
  endfacet
  facet normal -0.820409 0.571777 0
    outer loop
      vertex -22.4497 15.0004 0
      vertex -21.8435 15.8702 2
      vertex -21.8435 15.8702 0
    endloop
  endfacet
  facet normal -0.820409 0.571777 0
    outer loop
      vertex -21.8435 15.8702 2
      vertex -22.4497 15.0004 0
      vertex -22.4497 15.0004 2
    endloop
  endfacet
  facet normal -0.88193 0.471381 0
    outer loop
      vertex -24.0572 12.2577 0
      vertex -23.5574 13.1928 2
      vertex -23.5574 13.1928 0
    endloop
  endfacet
  facet normal -0.88193 0.471381 0
    outer loop
      vertex -23.5574 13.1928 2
      vertex -24.0572 12.2577 0
      vertex -24.0572 12.2577 2
    endloop
  endfacet
  facet normal -0.956932 0.290314 0
    outer loop
      vertex -25.9863 7.32889 0
      vertex -25.6785 8.34346 2
      vertex -25.6785 8.34346 0
    endloop
  endfacet
  facet normal -0.956932 0.290314 0
    outer loop
      vertex -25.6785 8.34346 2
      vertex -25.9863 7.32889 0
      vertex -25.9863 7.32889 2
    endloop
  endfacet
  facet normal -0.967598 0.252494 0
    outer loop
      vertex -26.254 6.30302 0
      vertex -25.9863 7.32889 2
      vertex -25.9863 7.32889 0
    endloop
  endfacet
  facet normal -0.967598 0.252494 0
    outer loop
      vertex -25.9863 7.32889 2
      vertex -26.254 6.30302 0
      vertex -26.254 6.30302 2
    endloop
  endfacet
  facet normal -0.931195 0.364522 0
    outer loop
      vertex -25.3312 9.34516 0
      vertex -24.9447 10.3325 2
      vertex -24.9447 10.3325 0
    endloop
  endfacet
  facet normal -0.931195 0.364522 0
    outer loop
      vertex -24.9447 10.3325 2
      vertex -25.3312 9.34516 0
      vertex -25.3312 9.34516 2
    endloop
  endfacet
  facet normal 0.436429 -0.899739 0
    outer loop
      vertex 11.3038 -24.5199 0
      vertex 12.2577 -24.0572 2
      vertex 11.3038 -24.5199 2
    endloop
  endfacet
  facet normal 0.436429 -0.899739 0
    outer loop
      vertex 12.2577 -24.0572 2
      vertex 11.3038 -24.5199 0
      vertex 12.2577 -24.0572 0
    endloop
  endfacet
  facet normal -0.820409 -0.571777 0
    outer loop
      vertex -21.8435 -15.8702 0
      vertex -22.4497 -15.0004 2
      vertex -22.4497 -15.0004 0
    endloop
  endfacet
  facet normal -0.820409 -0.571777 0
    outer loop
      vertex -22.4497 -15.0004 2
      vertex -21.8435 -15.8702 0
      vertex -21.8435 -15.8702 2
    endloop
  endfacet
  facet normal -0.797309 -0.603571 0
    outer loop
      vertex -21.2036 -16.7155 0
      vertex -21.8435 -15.8702 2
      vertex -21.8435 -15.8702 0
    endloop
  endfacet
  facet normal -0.797309 -0.603571 0
    outer loop
      vertex -21.8435 -15.8702 2
      vertex -21.2036 -16.7155 0
      vertex -21.2036 -16.7155 2
    endloop
  endfacet
  facet normal -0.899739 -0.436429 0
    outer loop
      vertex -24.0572 -12.2577 0
      vertex -24.5199 -11.3038 2
      vertex -24.5199 -11.3038 0
    endloop
  endfacet
  facet normal -0.899739 -0.436429 0
    outer loop
      vertex -24.5199 -11.3038 2
      vertex -24.0572 -12.2577 0
      vertex -24.0572 -12.2577 2
    endloop
  endfacet
  facet normal -0.995177 -0.0980916 0
    outer loop
      vertex -26.8128 -3.17351 0
      vertex -26.9168 -2.11839 2
      vertex -26.9168 -2.11839 0
    endloop
  endfacet
  facet normal -0.995177 -0.0980916 0
    outer loop
      vertex -26.9168 -2.11839 2
      vertex -26.8128 -3.17351 0
      vertex -26.8128 -3.17351 2
    endloop
  endfacet
  facet normal -0.400705 -0.916207 0
    outer loop
      vertex -11.3038 -24.5199 0
      vertex -10.3325 -24.9447 2
      vertex -11.3038 -24.5199 2
    endloop
  endfacet
  facet normal -0.400705 -0.916207 -0
    outer loop
      vertex -10.3325 -24.9447 2
      vertex -11.3038 -24.5199 0
      vertex -10.3325 -24.9447 0
    endloop
  endfacet
  facet normal 0.998266 0.0588558 0
    outer loop
      vertex 26.9792 1.06001 2
      vertex 26.9168 2.11839 0
      vertex 26.9168 2.11839 2
    endloop
  endfacet
  facet normal 0.998266 0.0588558 0
    outer loop
      vertex 26.9168 2.11839 0
      vertex 26.9792 1.06001 2
      vertex 26.9792 1.06001 0
    endloop
  endfacet
  facet normal 0.0980916 0.995177 -0
    outer loop
      vertex 3.17351 26.8128 0
      vertex 2.11839 26.9168 2
      vertex 3.17351 26.8128 2
    endloop
  endfacet
  facet normal 0.0980916 0.995177 0
    outer loop
      vertex 2.11839 26.9168 2
      vertex 3.17351 26.8128 0
      vertex 2.11839 26.9168 0
    endloop
  endfacet
  facet normal 0.290314 0.956932 -0
    outer loop
      vertex 8.34346 25.6785 0
      vertex 7.32889 25.9863 2
      vertex 8.34346 25.6785 2
    endloop
  endfacet
  facet normal 0.290314 0.956932 0
    outer loop
      vertex 7.32889 25.9863 2
      vertex 8.34346 25.6785 0
      vertex 7.32889 25.9863 0
    endloop
  endfacet
  facet normal 0.603571 0.797309 -0
    outer loop
      vertex 16.7155 21.2036 0
      vertex 15.8702 21.8435 2
      vertex 16.7155 21.2036 2
    endloop
  endfacet
  facet normal 0.603571 0.797309 0
    outer loop
      vertex 15.8702 21.8435 2
      vertex 16.7155 21.2036 0
      vertex 15.8702 21.8435 0
    endloop
  endfacet
  facet normal 0.436429 0.899739 -0
    outer loop
      vertex 12.2577 24.0572 0
      vertex 11.3038 24.5199 2
      vertex 12.2577 24.0572 2
    endloop
  endfacet
  facet normal 0.436429 0.899739 0
    outer loop
      vertex 11.3038 24.5199 2
      vertex 12.2577 24.0572 0
      vertex 11.3038 24.5199 0
    endloop
  endfacet
  facet normal 0.916207 0.400705 0
    outer loop
      vertex 24.9447 10.3325 2
      vertex 24.5199 11.3038 0
      vertex 24.5199 11.3038 2
    endloop
  endfacet
  facet normal 0.916207 0.400705 0
    outer loop
      vertex 24.5199 11.3038 0
      vertex 24.9447 10.3325 2
      vertex 24.9447 10.3325 0
    endloop
  endfacet
  facet normal 0.990577 0.136954 0
    outer loop
      vertex 26.8128 3.17351 2
      vertex 26.6676 4.22373 0
      vertex 26.6676 4.22373 2
    endloop
  endfacet
  facet normal 0.990577 0.136954 0
    outer loop
      vertex 26.6676 4.22373 0
      vertex 26.8128 3.17351 2
      vertex 26.8128 3.17351 0
    endloop
  endfacet
  facet normal 0.967598 0.252494 0
    outer loop
      vertex 26.254 6.30302 2
      vertex 25.9863 7.32889 0
      vertex 25.9863 7.32889 2
    endloop
  endfacet
  facet normal 0.967598 0.252494 0
    outer loop
      vertex 25.9863 7.32889 0
      vertex 26.254 6.30302 2
      vertex 26.254 6.30302 0
    endloop
  endfacet
  facet normal -0.252494 0.967598 0
    outer loop
      vertex -6.30302 26.254 0
      vertex -7.32889 25.9863 2
      vertex -6.30302 26.254 2
    endloop
  endfacet
  facet normal -0.252494 0.967598 0
    outer loop
      vertex -7.32889 25.9863 2
      vertex -6.30302 26.254 0
      vertex -7.32889 25.9863 0
    endloop
  endfacet
  facet normal -0.0588558 0.998266 0
    outer loop
      vertex -1.06001 26.9792 0
      vertex -2.11839 26.9168 2
      vertex -1.06001 26.9792 2
    endloop
  endfacet
  facet normal -0.0588558 0.998266 0
    outer loop
      vertex -2.11839 26.9168 2
      vertex -1.06001 26.9792 0
      vertex -2.11839 26.9168 0
    endloop
  endfacet
  facet normal -0.571777 0.820409 0
    outer loop
      vertex -15.0004 22.4497 0
      vertex -15.8702 21.8435 2
      vertex -15.0004 22.4497 2
    endloop
  endfacet
  facet normal -0.571777 0.820409 0
    outer loop
      vertex -15.8702 21.8435 2
      vertex -15.0004 22.4497 0
      vertex -15.8702 21.8435 0
    endloop
  endfacet
  facet normal -0.797309 0.603571 0
    outer loop
      vertex -21.8435 15.8702 0
      vertex -21.2036 16.7155 2
      vertex -21.2036 16.7155 0
    endloop
  endfacet
  facet normal -0.797309 0.603571 0
    outer loop
      vertex -21.2036 16.7155 2
      vertex -21.8435 15.8702 0
      vertex -21.8435 15.8702 2
    endloop
  endfacet
  facet normal -0.899739 0.436429 0
    outer loop
      vertex -24.5199 11.3038 0
      vertex -24.0572 12.2577 2
      vertex -24.0572 12.2577 0
    endloop
  endfacet
  facet normal -0.899739 0.436429 0
    outer loop
      vertex -24.0572 12.2577 2
      vertex -24.5199 11.3038 0
      vertex -24.5199 11.3038 2
    endloop
  endfacet
  facet normal -0.995177 0.0980916 0
    outer loop
      vertex -26.9168 2.11839 0
      vertex -26.8128 3.17351 2
      vertex -26.8128 3.17351 0
    endloop
  endfacet
  facet normal -0.995177 0.0980916 0
    outer loop
      vertex -26.8128 3.17351 2
      vertex -26.9168 2.11839 0
      vertex -26.9168 2.11839 2
    endloop
  endfacet
  facet normal 0.0588558 0.998266 -0
    outer loop
      vertex 2.11839 26.9168 0
      vertex 1.06001 26.9792 2
      vertex 2.11839 26.9168 2
    endloop
  endfacet
  facet normal 0.0588558 0.998266 0
    outer loop
      vertex 1.06001 26.9792 2
      vertex 2.11839 26.9168 0
      vertex 1.06001 26.9792 0
    endloop
  endfacet
  facet normal 0 -1 0
    outer loop
      vertex 0.378815 -7.91475 0
      vertex 0.419769 -7.91475 2
      vertex 0.378815 -7.91475 2
    endloop
  endfacet
  facet normal 0 -1 -0
    outer loop
      vertex 0.419769 -7.91475 2
      vertex 0.378815 -7.91475 0
      vertex 0.419769 -7.91475 0
    endloop
  endfacet
  facet normal -0.707176 -0.707038 0
    outer loop
      vertex 0.501663 -7.99666 0
      vertex 0.419769 -7.91475 2
      vertex 0.419769 -7.91475 0
    endloop
  endfacet
  facet normal -0.707176 -0.707038 0
    outer loop
      vertex 0.419769 -7.91475 2
      vertex 0.501663 -7.99666 0
      vertex 0.501663 -7.99666 2
    endloop
  endfacet
  facet normal -1 0 0
    outer loop
      vertex 0.501663 -8.01707 0
      vertex 0.501663 -7.99666 2
      vertex 0.501663 -7.99666 0
    endloop
  endfacet
  facet normal -1 -0 0
    outer loop
      vertex 0.501663 -7.99666 2
      vertex 0.501663 -8.01707 0
      vertex 0.501663 -8.01707 2
    endloop
  endfacet
  facet normal -0.707486 -0.706728 0
    outer loop
      vertex 0.522171 -8.0376 0
      vertex 0.501663 -8.01707 2
      vertex 0.501663 -8.01707 0
    endloop
  endfacet
  facet normal -0.707486 -0.706728 0
    outer loop
      vertex 0.501663 -8.01707 2
      vertex 0.522171 -8.0376 0
      vertex 0.522171 -8.0376 2
    endloop
  endfacet
  facet normal -1 0 0
    outer loop
      vertex 0.522171 -8.05801 0
      vertex 0.522171 -8.0376 2
      vertex 0.522171 -8.0376 0
    endloop
  endfacet
  facet normal -1 -0 0
    outer loop
      vertex 0.522171 -8.0376 2
      vertex 0.522171 -8.05801 0
      vertex 0.522171 -8.05801 2
    endloop
  endfacet
  facet normal -0.708796 -0.705413 0
    outer loop
      vertex 0.542603 -8.07854 0
      vertex 0.522171 -8.05801 2
      vertex 0.522171 -8.05801 0
    endloop
  endfacet
  facet normal -0.708796 -0.705413 0
    outer loop
      vertex 0.522171 -8.05801 2
      vertex 0.542603 -8.07854 0
      vertex 0.542603 -8.07854 2
    endloop
  endfacet
  facet normal -1 0 0
    outer loop
      vertex 0.542603 -8.79526 0
      vertex 0.542603 -8.07854 2
      vertex 0.542603 -8.07854 0
    endloop
  endfacet
  facet normal -1 -0 0
    outer loop
      vertex 0.542603 -8.07854 2
      vertex 0.542603 -8.79526 0
      vertex 0.542603 -8.79526 2
    endloop
  endfacet
  facet normal -0.708625 0.705586 0
    outer loop
      vertex 0.522171 -8.81578 0
      vertex 0.542603 -8.79526 2
      vertex 0.542603 -8.79526 0
    endloop
  endfacet
  facet normal -0.708625 0.705586 0
    outer loop
      vertex 0.542603 -8.79526 2
      vertex 0.522171 -8.81578 0
      vertex 0.522171 -8.81578 2
    endloop
  endfacet
  facet normal -1 0 0
    outer loop
      vertex 0.522171 -8.85674 0
      vertex 0.522171 -8.81578 2
      vertex 0.522171 -8.81578 0
    endloop
  endfacet
  facet normal -1 -0 0
    outer loop
      vertex 0.522171 -8.81578 2
      vertex 0.522171 -8.85674 0
      vertex 0.522171 -8.85674 2
    endloop
  endfacet
  facet normal -0.705238 0.708971 0
    outer loop
      vertex 0.522171 -8.85674 0
      vertex 0.501663 -8.87714 2
      vertex 0.522171 -8.85674 2
    endloop
  endfacet
  facet normal -0.705238 0.708971 0
    outer loop
      vertex 0.501663 -8.87714 2
      vertex 0.522171 -8.85674 0
      vertex 0.501663 -8.87714 0
    endloop
  endfacet
  facet normal -1 0 0
    outer loop
      vertex 0.501663 -8.89767 0
      vertex 0.501663 -8.87714 2
      vertex 0.501663 -8.87714 0
    endloop
  endfacet
  facet normal -1 -0 0
    outer loop
      vertex 0.501663 -8.87714 2
      vertex 0.501663 -8.89767 0
      vertex 0.501663 -8.89767 2
    endloop
  endfacet
  facet normal -0.706433 0.70778 0
    outer loop
      vertex 0.501663 -8.89767 0
      vertex 0.440186 -8.95903 2
      vertex 0.501663 -8.89767 2
    endloop
  endfacet
  facet normal -0.706433 0.70778 0
    outer loop
      vertex 0.440186 -8.95903 2
      vertex 0.501663 -8.89767 0
      vertex 0.440186 -8.95903 0
    endloop
  endfacet
  facet normal 0 1 -0
    outer loop
      vertex 0.440186 -8.95903 0
      vertex 0.419769 -8.95903 2
      vertex 0.440186 -8.95903 2
    endloop
  endfacet
  facet normal 0 1 0
    outer loop
      vertex 0.419769 -8.95903 2
      vertex 0.440186 -8.95903 0
      vertex 0.419769 -8.95903 0
    endloop
  endfacet
  facet normal -0.707141 0.707072 0
    outer loop
      vertex 0.399231 -8.97957 0
      vertex 0.419769 -8.95903 2
      vertex 0.419769 -8.95903 0
    endloop
  endfacet
  facet normal -0.707141 0.707072 0
    outer loop
      vertex 0.419769 -8.95903 2
      vertex 0.399231 -8.97957 0
      vertex 0.399231 -8.97957 2
    endloop
  endfacet
  facet normal 0 1 -0
    outer loop
      vertex 0.399231 -8.97957 0
      vertex 0.358292 -8.97957 2
      vertex 0.399231 -8.97957 2
    endloop
  endfacet
  facet normal 0 1 0
    outer loop
      vertex 0.358292 -8.97957 2
      vertex 0.399231 -8.97957 0
      vertex 0.358292 -8.97957 0
    endloop
  endfacet
  facet normal -0.707332 0.706882 0
    outer loop
      vertex 0.337875 -9 0
      vertex 0.358292 -8.97957 2
      vertex 0.358292 -8.97957 0
    endloop
  endfacet
  facet normal -0.707332 0.706882 0
    outer loop
      vertex 0.358292 -8.97957 2
      vertex 0.337875 -9 0
      vertex 0.337875 -9 2
    endloop
  endfacet
  facet normal 0 1 -0
    outer loop
      vertex 0.337875 -9 0
      vertex -0.296921 -9 2
      vertex 0.337875 -9 2
    endloop
  endfacet
  facet normal 0 1 0
    outer loop
      vertex -0.296921 -9 2
      vertex 0.337875 -9 0
      vertex -0.296921 -9 0
    endloop
  endfacet
  facet normal 0.705499 0.708711 -0
    outer loop
      vertex -0.296921 -9 0
      vertex -0.317444 -8.97957 2
      vertex -0.296921 -9 2
    endloop
  endfacet
  facet normal 0.705499 0.708711 0
    outer loop
      vertex -0.317444 -8.97957 2
      vertex -0.296921 -9 0
      vertex -0.317444 -8.97957 0
    endloop
  endfacet
  facet normal 0 1 -0
    outer loop
      vertex -0.317444 -8.97957 0
      vertex -0.378815 -8.97957 2
      vertex -0.317444 -8.97957 2
    endloop
  endfacet
  facet normal 0 1 0
    outer loop
      vertex -0.378815 -8.97957 2
      vertex -0.317444 -8.97957 0
      vertex -0.378815 -8.97957 0
    endloop
  endfacet
  facet normal 0.707152 0.707062 0
    outer loop
      vertex -0.378815 -8.97957 2
      vertex -0.481232 -8.87714 0
      vertex -0.481232 -8.87714 2
    endloop
  endfacet
  facet normal 0.707152 0.707062 0
    outer loop
      vertex -0.481232 -8.87714 0
      vertex -0.378815 -8.97957 2
      vertex -0.378815 -8.97957 0
    endloop
  endfacet
  facet normal 1 -0 0
    outer loop
      vertex -0.481232 -8.87714 2
      vertex -0.481232 -8.85674 0
      vertex -0.481232 -8.85674 2
    endloop
  endfacet
  facet normal 1 0 0
    outer loop
      vertex -0.481232 -8.85674 0
      vertex -0.481232 -8.87714 2
      vertex -0.481232 -8.87714 0
    endloop
  endfacet
  facet normal 0.707399 0.706814 0
    outer loop
      vertex -0.481232 -8.85674 2
      vertex -0.501755 -8.8362 0
      vertex -0.501755 -8.8362 2
    endloop
  endfacet
  facet normal 0.707399 0.706814 0
    outer loop
      vertex -0.501755 -8.8362 0
      vertex -0.481232 -8.85674 2
      vertex -0.481232 -8.85674 0
    endloop
  endfacet
  facet normal 1 -0 0
    outer loop
      vertex -0.501755 -8.8362 2
      vertex -0.501755 -8.05801 0
      vertex -0.501755 -8.05801 2
    endloop
  endfacet
  facet normal 1 0 0
    outer loop
      vertex -0.501755 -8.05801 0
      vertex -0.501755 -8.8362 2
      vertex -0.501755 -8.8362 0
    endloop
  endfacet
  facet normal 0.705152 -0.709056 0
    outer loop
      vertex -0.501755 -8.05801 0
      vertex -0.481232 -8.0376 2
      vertex -0.501755 -8.05801 2
    endloop
  endfacet
  facet normal 0.705152 -0.709056 0
    outer loop
      vertex -0.481232 -8.0376 2
      vertex -0.501755 -8.05801 0
      vertex -0.481232 -8.0376 0
    endloop
  endfacet
  facet normal 1 -0 0
    outer loop
      vertex -0.481232 -8.0376 2
      vertex -0.481232 -8.01707 0
      vertex -0.481232 -8.01707 2
    endloop
  endfacet
  facet normal 1 0 0
    outer loop
      vertex -0.481232 -8.01707 0
      vertex -0.481232 -8.0376 2
      vertex -0.481232 -8.0376 0
    endloop
  endfacet
  facet normal 0.706986 -0.707228 0
    outer loop
      vertex -0.481232 -8.01707 2
      vertex -0.460815 -7.99666 0
      vertex -0.460815 -7.99666 2
    endloop
  endfacet
  facet normal 0.706986 -0.707228 0
    outer loop
      vertex -0.460815 -7.99666 0
      vertex -0.481232 -8.01707 2
      vertex -0.481232 -8.01707 0
    endloop
  endfacet
  facet normal 1 -0 0
    outer loop
      vertex -0.460815 -7.99666 2
      vertex -0.460815 -7.97612 0
      vertex -0.460815 -7.97612 2
    endloop
  endfacet
  facet normal 1 0 0
    outer loop
      vertex -0.460815 -7.97612 0
      vertex -0.460815 -7.99666 2
      vertex -0.460815 -7.99666 0
    endloop
  endfacet
  facet normal 0.706192 -0.70802 0
    outer loop
      vertex -0.460815 -7.97612 0
      vertex -0.419769 -7.93518 2
      vertex -0.460815 -7.97612 2
    endloop
  endfacet
  facet normal 0.706192 -0.70802 0
    outer loop
      vertex -0.419769 -7.93518 2
      vertex -0.460815 -7.97612 0
      vertex -0.419769 -7.93518 0
    endloop
  endfacet
  facet normal 0 -1 0
    outer loop
      vertex -0.419769 -7.93518 0
      vertex -0.399338 -7.93518 2
      vertex -0.419769 -7.93518 2
    endloop
  endfacet
  facet normal 0 -1 -0
    outer loop
      vertex -0.399338 -7.93518 2
      vertex -0.419769 -7.93518 0
      vertex -0.399338 -7.93518 0
    endloop
  endfacet
  facet normal 0.705499 -0.708711 0
    outer loop
      vertex -0.399338 -7.93518 0
      vertex -0.378815 -7.91475 2
      vertex -0.399338 -7.93518 2
    endloop
  endfacet
  facet normal 0.705499 -0.708711 0
    outer loop
      vertex -0.378815 -7.91475 2
      vertex -0.399338 -7.93518 0
      vertex -0.378815 -7.91475 0
    endloop
  endfacet
  facet normal 0 -1 0
    outer loop
      vertex -0.378815 -7.91475 0
      vertex -0.358383 -7.91475 2
      vertex -0.378815 -7.91475 2
    endloop
  endfacet
  facet normal 0 -1 -0
    outer loop
      vertex -0.358383 -7.91475 2
      vertex -0.378815 -7.91475 0
      vertex -0.358383 -7.91475 0
    endloop
  endfacet
  facet normal 0.707314 -0.7069 0
    outer loop
      vertex -0.358383 -7.91475 2
      vertex -0.337875 -7.89423 0
      vertex -0.337875 -7.89423 2
    endloop
  endfacet
  facet normal 0.707314 -0.7069 0
    outer loop
      vertex -0.337875 -7.89423 0
      vertex -0.358383 -7.91475 2
      vertex -0.358383 -7.91475 0
    endloop
  endfacet
  facet normal 0 -1 0
    outer loop
      vertex -0.337875 -7.89423 0
      vertex 0.358292 -7.89423 2
      vertex -0.337875 -7.89423 2
    endloop
  endfacet
  facet normal 0 -1 -0
    outer loop
      vertex 0.358292 -7.89423 2
      vertex -0.337875 -7.89423 0
      vertex 0.358292 -7.89423 0
    endloop
  endfacet
  facet normal -0.707055 -0.707158 0
    outer loop
      vertex 0.378815 -7.91475 0
      vertex 0.358292 -7.89423 2
      vertex 0.358292 -7.89423 0
    endloop
  endfacet
  facet normal -0.707055 -0.707158 0
    outer loop
      vertex 0.358292 -7.89423 2
      vertex 0.378815 -7.91475 0
      vertex 0.378815 -7.91475 2
    endloop
  endfacet
  facet normal -0.209531 -0.977802 0
    outer loop
      vertex 1.03407 8.95903 0
      vertex 2.75423 8.59042 2
      vertex 1.03407 8.95903 2
    endloop
  endfacet
  facet normal -0.209531 -0.977802 -0
    outer loop
      vertex 2.75423 8.59042 2
      vertex 1.03407 8.95903 0
      vertex 2.75423 8.59042 0
    endloop
  endfacet
  facet normal -0.393926 -0.919142 0
    outer loop
      vertex 2.75423 8.59042 0
      vertex 4.33102 7.91464 2
      vertex 2.75423 8.59042 2
    endloop
  endfacet
  facet normal -0.393926 -0.919142 -0
    outer loop
      vertex 4.33102 7.91464 2
      vertex 2.75423 8.59042 0
      vertex 4.33102 7.91464 0
    endloop
  endfacet
  facet normal -0.562636 -0.826704 0
    outer loop
      vertex 4.33102 7.91464 0
      vertex 5.8054 6.91121 2
      vertex 4.33102 7.91464 2
    endloop
  endfacet
  facet normal -0.562636 -0.826704 -0
    outer loop
      vertex 5.8054 6.91121 2
      vertex 4.33102 7.91464 0
      vertex 5.8054 6.91121 0
    endloop
  endfacet
  facet normal -0.707073 -0.707141 0
    outer loop
      vertex 5.8054 6.91121 0
      vertex 6.95221 5.76451 2
      vertex 5.8054 6.91121 2
    endloop
  endfacet
  facet normal -0.707073 -0.707141 -0
    outer loop
      vertex 6.95221 5.76451 2
      vertex 5.8054 6.91121 0
      vertex 6.95221 5.76451 0
    endloop
  endfacet
  facet normal -0.830294 -0.557326 0
    outer loop
      vertex 7.95566 4.26959 0
      vertex 6.95221 5.76451 2
      vertex 6.95221 5.76451 0
    endloop
  endfacet
  facet normal -0.830294 -0.557326 0
    outer loop
      vertex 6.95221 5.76451 2
      vertex 7.95566 4.26959 0
      vertex 7.95566 4.26959 2
    endloop
  endfacet
  facet normal -0.920973 -0.389626 0
    outer loop
      vertex 8.63142 2.67227 0
      vertex 7.95566 4.26959 2
      vertex 7.95566 4.26959 0
    endloop
  endfacet
  facet normal -0.920973 -0.389626 0
    outer loop
      vertex 7.95566 4.26959 2
      vertex 8.63142 2.67227 0
      vertex 8.63142 2.67227 2
    endloop
  endfacet
  facet normal -0.979664 -0.200644 0
    outer loop
      vertex 8.97952 0.972641 0
      vertex 8.63142 2.67227 2
      vertex 8.63142 2.67227 0
    endloop
  endfacet
  facet normal -0.979664 -0.200644 0
    outer loop
      vertex 8.63142 2.67227 2
      vertex 8.97952 0.972641 0
      vertex 8.97952 0.972641 2
    endloop
  endfacet
  facet normal -1 0 0
    outer loop
      vertex 8.97952 -0.993164 0
      vertex 8.97952 0.972641 2
      vertex 8.97952 0.972641 0
    endloop
  endfacet
  facet normal -1 -0 0
    outer loop
      vertex 8.97952 0.972641 2
      vertex 8.97952 -0.993164 0
      vertex 8.97952 -0.993164 2
    endloop
  endfacet
  facet normal -0.979182 0.202984 0
    outer loop
      vertex 8.63142 -2.67238 0
      vertex 8.97952 -0.993164 2
      vertex 8.97952 -0.993164 0
    endloop
  endfacet
  facet normal -0.979182 0.202984 0
    outer loop
      vertex 8.97952 -0.993164 2
      vertex 8.63142 -2.67238 0
      vertex 8.63142 -2.67238 2
    endloop
  endfacet
  facet normal -0.924926 0.380148 0
    outer loop
      vertex 8.01701 -4.16728 0
      vertex 8.63142 -2.67238 2
      vertex 8.63142 -2.67238 0
    endloop
  endfacet
  facet normal -0.924926 0.380148 0
    outer loop
      vertex 8.63142 -2.67238 2
      vertex 8.01701 -4.16728 0
      vertex 8.01701 -4.16728 2
    endloop
  endfacet
  facet normal -0.841591 0.540115 0
    outer loop
      vertex 7.13651 -5.53925 0
      vertex 8.01701 -4.16728 2
      vertex 8.01701 -4.16728 0
    endloop
  endfacet
  facet normal -0.841591 0.540115 0
    outer loop
      vertex 8.01701 -4.16728 2
      vertex 7.13651 -5.53925 0
      vertex 7.13651 -5.53925 2
    endloop
  endfacet
  facet normal -0.730678 0.682722 0
    outer loop
      vertex 5.96928 -6.78847 0
      vertex 7.13651 -5.53925 2
      vertex 7.13651 -5.53925 0
    endloop
  endfacet
  facet normal -0.730678 0.682722 0
    outer loop
      vertex 7.13651 -5.53925 2
      vertex 5.96928 -6.78847 0
      vertex 5.96928 -6.78847 2
    endloop
  endfacet
  facet normal -0.563317 0.826241 0
    outer loop
      vertex 5.96928 -6.78847 0
      vertex 4.16724 -8.01707 2
      vertex 5.96928 -6.78847 2
    endloop
  endfacet
  facet normal -0.563317 0.826241 0
    outer loop
      vertex 4.16724 -8.01707 2
      vertex 5.96928 -6.78847 0
      vertex 4.16724 -8.01707 0
    endloop
  endfacet
  facet normal -0.371404 0.928471 0
    outer loop
      vertex 4.16724 -8.01707 0
      vertex 2.52896 -8.67241 2
      vertex 4.16724 -8.01707 2
    endloop
  endfacet
  facet normal -0.371404 0.928471 0
    outer loop
      vertex 2.52896 -8.67241 2
      vertex 4.16724 -8.01707 0
      vertex 2.52896 -8.67241 0
    endloop
  endfacet
  facet normal 0.270778 0.962642 -0
    outer loop
      vertex 2.52896 -8.67241 0
      vertex 1.87372 -8.4881 2
      vertex 2.52896 -8.67241 2
    endloop
  endfacet
  facet normal 0.270778 0.962642 0
    outer loop
      vertex 1.87372 -8.4881 2
      vertex 2.52896 -8.67241 0
      vertex 1.87372 -8.4881 0
    endloop
  endfacet
  facet normal 1 -0 0
    outer loop
      vertex 1.87372 -8.4881 2
      vertex 1.87372 -7.79181 0
      vertex 1.87372 -7.79181 2
    endloop
  endfacet
  facet normal 1 0 0
    outer loop
      vertex 1.87372 -7.79181 0
      vertex 1.87372 -8.4881 2
      vertex 1.87372 -8.4881 0
    endloop
  endfacet
  facet normal 0.412513 -0.910952 0
    outer loop
      vertex 1.87372 -7.79181 0
      vertex 4.04428 -6.8089 2
      vertex 1.87372 -7.79181 2
    endloop
  endfacet
  facet normal 0.412513 -0.910952 0
    outer loop
      vertex 4.04428 -6.8089 2
      vertex 1.87372 -7.79181 0
      vertex 4.04428 -6.8089 0
    endloop
  endfacet
  facet normal 0.635998 -0.77169 0
    outer loop
      vertex 4.04428 -6.8089 0
      vertex 5.90782 -5.27304 2
      vertex 4.04428 -6.8089 2
    endloop
  endfacet
  facet normal 0.635998 -0.77169 0
    outer loop
      vertex 5.90782 -5.27304 2
      vertex 4.04428 -6.8089 0
      vertex 5.90782 -5.27304 0
    endloop
  endfacet
  facet normal 0.839561 -0.543266 0
    outer loop
      vertex 5.90782 -5.27304 2
      vertex 7.25937 -3.18436 0
      vertex 7.25937 -3.18436 2
    endloop
  endfacet
  facet normal 0.839561 -0.543266 0
    outer loop
      vertex 7.25937 -3.18436 0
      vertex 5.90782 -5.27304 2
      vertex 5.90782 -5.27304 0
    endloop
  endfacet
  facet normal 0.965371 -0.26088 0
    outer loop
      vertex 7.25937 -3.18436 2
      vertex 7.87364 -0.911285 0
      vertex 7.87364 -0.911285 2
    endloop
  endfacet
  facet normal 0.965371 -0.26088 0
    outer loop
      vertex 7.87364 -0.911285 0
      vertex 7.25937 -3.18436 2
      vertex 7.25937 -3.18436 0
    endloop
  endfacet
  facet normal 0.999636 0.02698 0
    outer loop
      vertex 7.87364 -0.911285 2
      vertex 7.81229 1.36179 0
      vertex 7.81229 1.36179 2
    endloop
  endfacet
  facet normal 0.999636 0.02698 0
    outer loop
      vertex 7.81229 1.36179 0
      vertex 7.87364 -0.911285 2
      vertex 7.87364 -0.911285 0
    endloop
  endfacet
  facet normal 0.958129 0.286338 0
    outer loop
      vertex 7.81229 1.36179 2
      vertex 7.27988 3.14331 0
      vertex 7.27988 3.14331 2
    endloop
  endfacet
  facet normal 0.958129 0.286338 0
    outer loop
      vertex 7.27988 3.14331 0
      vertex 7.81229 1.36179 2
      vertex 7.81229 1.36179 0
    endloop
  endfacet
  facet normal 0.855722 0.517436 0
    outer loop
      vertex 7.27988 3.14331 2
      vertex 6.21497 4.90443 0
      vertex 6.21497 4.90443 2
    endloop
  endfacet
  facet normal 0.855722 0.517436 0
    outer loop
      vertex 6.21497 4.90443 0
      vertex 7.27988 3.14331 2
      vertex 7.27988 3.14331 0
    endloop
  endfacet
  facet normal 0.688749 0.725 -0
    outer loop
      vertex 6.21497 4.90443 0
      vertex 4.5768 6.46069 2
      vertex 6.21497 4.90443 2
    endloop
  endfacet
  facet normal 0.688749 0.725 0
    outer loop
      vertex 4.5768 6.46069 2
      vertex 6.21497 4.90443 0
      vertex 4.5768 6.46069 0
    endloop
  endfacet
  facet normal 0.471647 0.881787 -0
    outer loop
      vertex 4.5768 6.46069 0
      vertex 2.8157 7.40266 2
      vertex 4.5768 6.46069 2
    endloop
  endfacet
  facet normal 0.471647 0.881787 0
    outer loop
      vertex 2.8157 7.40266 2
      vertex 4.5768 6.46069 0
      vertex 2.8157 7.40266 0
    endloop
  endfacet
  facet normal 0.242538 0.970142 -0
    outer loop
      vertex 2.8157 7.40266 0
      vertex 1.01364 7.85318 2
      vertex 2.8157 7.40266 2
    endloop
  endfacet
  facet normal 0.242538 0.970142 0
    outer loop
      vertex 1.01364 7.85318 2
      vertex 2.8157 7.40266 0
      vertex 1.01364 7.85318 0
    endloop
  endfacet
  facet normal -0.00959246 0.999954 0
    outer loop
      vertex 1.01364 7.85318 0
      vertex -1.11606 7.83275 2
      vertex 1.01364 7.85318 2
    endloop
  endfacet
  facet normal -0.00959246 0.999954 0
    outer loop
      vertex -1.11606 7.83275 2
      vertex 1.01364 7.85318 0
      vertex -1.11606 7.83275 0
    endloop
  endfacet
  facet normal -0.274708 0.961528 0
    outer loop
      vertex -1.11606 7.83275 0
      vertex -3.12285 7.25941 2
      vertex -1.11606 7.83275 2
    endloop
  endfacet
  facet normal -0.274708 0.961528 0
    outer loop
      vertex -3.12285 7.25941 2
      vertex -1.11606 7.83275 0
      vertex -3.12285 7.25941 0
    endloop
  endfacet
  facet normal -0.518738 0.854933 0
    outer loop
      vertex -3.12285 7.25941 0
      vertex -4.94542 6.15355 2
      vertex -3.12285 7.25941 2
    endloop
  endfacet
  facet normal -0.518738 0.854933 0
    outer loop
      vertex -4.94542 6.15355 2
      vertex -3.12285 7.25941 0
      vertex -4.94542 6.15355 0
    endloop
  endfacet
  facet normal -0.717577 0.69648 0
    outer loop
      vertex -6.29697 4.76106 0
      vertex -4.94542 6.15355 2
      vertex -4.94542 6.15355 0
    endloop
  endfacet
  facet normal -0.717577 0.69648 0
    outer loop
      vertex -4.94542 6.15355 2
      vertex -6.29697 4.76106 0
      vertex -6.29697 4.76106 2
    endloop
  endfacet
  facet normal -0.86886 0.495058 0
    outer loop
      vertex -7.30042 2.99994 0
      vertex -6.29697 4.76106 2
      vertex -6.29697 4.76106 0
    endloop
  endfacet
  facet normal -0.86886 0.495058 0
    outer loop
      vertex -6.29697 4.76106 2
      vertex -7.30042 2.99994 0
      vertex -7.30042 2.99994 2
    endloop
  endfacet
  facet normal -0.97829 0.207238 0
    outer loop
      vertex -7.81229 0.583603 0
      vertex -7.30042 2.99994 2
      vertex -7.30042 2.99994 0
    endloop
  endfacet
  facet normal -0.97829 0.207238 0
    outer loop
      vertex -7.30042 2.99994 2
      vertex -7.81229 0.583603 0
      vertex -7.81229 0.583603 2
    endloop
  endfacet
  facet normal 0.0293338 -0.99957 0
    outer loop
      vertex -7.81229 0.583603 0
      vertex -7.11609 0.604034 2
      vertex -7.81229 0.583603 2
    endloop
  endfacet
  facet normal 0.0293338 -0.99957 0
    outer loop
      vertex -7.11609 0.604034 2
      vertex -7.81229 0.583603 0
      vertex -7.11609 0.604034 0
    endloop
  endfacet
  facet normal 0.978304 -0.207174 0
    outer loop
      vertex -7.11609 0.604034 2
      vertex -6.74747 2.34471 0
      vertex -6.74747 2.34471 2
    endloop
  endfacet
  facet normal 0.978304 -0.207174 0
    outer loop
      vertex -6.74747 2.34471 0
      vertex -7.11609 0.604034 2
      vertex -7.11609 0.604034 0
    endloop
  endfacet
  facet normal 0.886399 -0.462921 0
    outer loop
      vertex -6.74747 2.34471 2
      vertex -5.78497 4.1877 0
      vertex -5.78497 4.1877 2
    endloop
  endfacet
  facet normal 0.886399 -0.462921 0
    outer loop
      vertex -5.78497 4.1877 0
      vertex -6.74747 2.34471 2
      vertex -6.74747 2.34471 0
    endloop
  endfacet
  facet normal 0.729182 -0.68432 0
    outer loop
      vertex -5.78497 4.1877 2
      vertex -4.53584 5.51872 0
      vertex -4.53584 5.51872 2
    endloop
  endfacet
  facet normal 0.729182 -0.68432 0
    outer loop
      vertex -4.53584 5.51872 0
      vertex -5.78497 4.1877 2
      vertex -5.78497 4.1877 0
    endloop
  endfacet
  facet normal 0.521888 -0.853014 0
    outer loop
      vertex -4.53584 5.51872 0
      vertex -2.79527 6.58363 2
      vertex -4.53584 5.51872 2
    endloop
  endfacet
  facet normal 0.521888 -0.853014 0
    outer loop
      vertex -2.79527 6.58363 2
      vertex -4.53584 5.51872 0
      vertex -2.79527 6.58363 0
    endloop
  endfacet
  facet normal 0.268798 -0.963197 0
    outer loop
      vertex -2.79527 6.58363 0
      vertex -1.03416 7.0751 2
      vertex -2.79527 6.58363 2
    endloop
  endfacet
  facet normal 0.268798 -0.963197 0
    outer loop
      vertex -1.03416 7.0751 2
      vertex -2.79527 6.58363 0
      vertex -1.03416 7.0751 0
    endloop
  endfacet
  facet normal 0.0229733 -0.999736 0
    outer loop
      vertex -1.03416 7.0751 0
      vertex 0.747437 7.11604 2
      vertex -1.03416 7.0751 2
    endloop
  endfacet
  facet normal 0.0229733 -0.999736 0
    outer loop
      vertex 0.747437 7.11604 2
      vertex -1.03416 7.0751 0
      vertex 0.747437 7.11604 0
    endloop
  endfacet
  facet normal -0.212941 -0.977065 0
    outer loop
      vertex 0.747437 7.11604 0
      vertex 2.34467 6.76794 2
      vertex 0.747437 7.11604 2
    endloop
  endfacet
  facet normal -0.212941 -0.977065 -0
    outer loop
      vertex 2.34467 6.76794 2
      vertex 0.747437 7.11604 0
      vertex 2.34467 6.76794 0
    endloop
  endfacet
  facet normal -0.447209 -0.894429 0
    outer loop
      vertex 2.34467 6.76794 0
      vertex 3.98293 5.94882 2
      vertex 2.34467 6.76794 2
    endloop
  endfacet
  facet normal -0.447209 -0.894429 -0
    outer loop
      vertex 3.98293 5.94882 2
      vertex 2.34467 6.76794 0
      vertex 3.98293 5.94882 0
    endloop
  endfacet
  facet normal -0.66305 -0.748575 0
    outer loop
      vertex 3.98293 5.94882 0
      vertex 5.41635 4.67917 2
      vertex 3.98293 5.94882 2
    endloop
  endfacet
  facet normal -0.66305 -0.748575 -0
    outer loop
      vertex 5.41635 4.67917 2
      vertex 3.98293 5.94882 0
      vertex 5.41635 4.67917 0
    endloop
  endfacet
  facet normal -0.836782 -0.547536 0
    outer loop
      vertex 6.50169 3.02048 0
      vertex 5.41635 4.67917 2
      vertex 5.41635 4.67917 0
    endloop
  endfacet
  facet normal -0.836782 -0.547536 0
    outer loop
      vertex 5.41635 4.67917 2
      vertex 6.50169 3.02048 0
      vertex 6.50169 3.02048 2
    endloop
  endfacet
  facet normal -0.951038 -0.309073 0
    outer loop
      vertex 7.0341 1.38222 0
      vertex 6.50169 3.02048 2
      vertex 6.50169 3.02048 0
    endloop
  endfacet
  facet normal -0.951038 -0.309073 0
    outer loop
      vertex 6.50169 3.02048 2
      vertex 7.0341 1.38222 0
      vertex 7.0341 1.38222 2
    endloop
  endfacet
  facet normal -0.998727 -0.0504511 0
    outer loop
      vertex 7.13651 -0.645081 0
      vertex 7.0341 1.38222 2
      vertex 7.0341 1.38222 0
    endloop
  endfacet
  facet normal -0.998727 -0.0504511 0
    outer loop
      vertex 7.0341 1.38222 2
      vertex 7.13651 -0.645081 0
      vertex 7.13651 -0.645081 2
    endloop
  endfacet
  facet normal -0.976964 0.213404 0
    outer loop
      vertex 6.74736 -2.42661 0
      vertex 7.13651 -0.645081 2
      vertex 7.13651 -0.645081 0
    endloop
  endfacet
  facet normal -0.976964 0.213404 0
    outer loop
      vertex 7.13651 -0.645081 2
      vertex 6.74736 -2.42661 0
      vertex 6.74736 -2.42661 2
    endloop
  endfacet
  facet normal -0.892105 0.451829 0
    outer loop
      vertex 5.94876 -4.00339 0
      vertex 6.74736 -2.42661 2
      vertex 6.74736 -2.42661 0
    endloop
  endfacet
  facet normal -0.892105 0.451829 0
    outer loop
      vertex 6.74736 -2.42661 2
      vertex 5.94876 -4.00339 0
      vertex 5.94876 -4.00339 2
    endloop
  endfacet
  facet normal -0.749827 0.661634 0
    outer loop
      vertex 4.72006 -5.39587 0
      vertex 5.94876 -4.00339 2
      vertex 5.94876 -4.00339 0
    endloop
  endfacet
  facet normal -0.749827 0.661634 0
    outer loop
      vertex 5.94876 -4.00339 2
      vertex 4.72006 -5.39587 0
      vertex 4.72006 -5.39587 2
    endloop
  endfacet
  facet normal -0.541278 0.840844 0
    outer loop
      vertex 4.72006 -5.39587 0
      vertex 2.93854 -6.54269 2
      vertex 4.72006 -5.39587 2
    endloop
  endfacet
  facet normal -0.541278 0.840844 0
    outer loop
      vertex 2.93854 -6.54269 2
      vertex 4.72006 -5.39587 0
      vertex 2.93854 -6.54269 0
    endloop
  endfacet
  facet normal -0.286335 0.958129 0
    outer loop
      vertex 2.93854 -6.54269 0
      vertex 1.157 -7.0751 2
      vertex 2.93854 -6.54269 2
    endloop
  endfacet
  facet normal -0.286335 0.958129 0
    outer loop
      vertex 1.157 -7.0751 2
      vertex 2.93854 -6.54269 0
      vertex 1.157 -7.0751 0
    endloop
  endfacet
  facet normal -0.0676294 0.997711 0
    outer loop
      vertex 1.157 -7.0751 0
      vertex -0.051239 -7.157 2
      vertex 1.157 -7.0751 2
    endloop
  endfacet
  facet normal -0.0676294 0.997711 0
    outer loop
      vertex -0.051239 -7.157 2
      vertex 1.157 -7.0751 0
      vertex -0.051239 -7.157 0
    endloop
  endfacet
  facet normal 0.467972 0.883744 -0
    outer loop
      vertex -0.051239 -7.157 0
      vertex -0.399338 -6.97267 2
      vertex -0.051239 -7.157 2
    endloop
  endfacet
  facet normal 0.467972 0.883744 0
    outer loop
      vertex -0.399338 -6.97267 2
      vertex -0.051239 -7.157 0
      vertex -0.399338 -6.97267 0
    endloop
  endfacet
  facet normal 0.999592 0.0285679 0
    outer loop
      vertex -0.399338 -6.97267 2
      vertex -0.501755 -3.3891 0
      vertex -0.501755 -3.3891 2
    endloop
  endfacet
  facet normal 0.999592 0.0285679 0
    outer loop
      vertex -0.501755 -3.3891 0
      vertex -0.399338 -6.97267 2
      vertex -0.399338 -6.97267 0
    endloop
  endfacet
  facet normal 0.371395 0.928475 -0
    outer loop
      vertex -0.501755 -3.3891 0
      vertex -1.62804 -2.93858 2
      vertex -0.501755 -3.3891 2
    endloop
  endfacet
  facet normal 0.371395 0.928475 0
    outer loop
      vertex -1.62804 -2.93858 2
      vertex -0.501755 -3.3891 0
      vertex -1.62804 -2.93858 0
    endloop
  endfacet
  facet normal 0.633255 0.773943 -0
    outer loop
      vertex -1.62804 -2.93858 0
      vertex -2.52907 -2.20134 2
      vertex -1.62804 -2.93858 2
    endloop
  endfacet
  facet normal 0.633255 0.773943 0
    outer loop
      vertex -2.52907 -2.20134 2
      vertex -1.62804 -2.93858 0
      vertex -2.52907 -2.20134 0
    endloop
  endfacet
  facet normal 0.846907 0.531742 0
    outer loop
      vertex -2.52907 -2.20134 2
      vertex -3.08191 -1.32083 0
      vertex -3.08191 -1.32083 2
    endloop
  endfacet
  facet normal 0.846907 0.531742 0
    outer loop
      vertex -3.08191 -1.32083 0
      vertex -2.52907 -2.20134 2
      vertex -2.52907 -2.20134 0
    endloop
  endfacet
  facet normal 0.979368 0.202083 0
    outer loop
      vertex -3.08191 -1.32083 2
      vertex -3.3481 -0.030777 0
      vertex -3.3481 -0.030777 2
    endloop
  endfacet
  facet normal 0.979368 0.202083 0
    outer loop
      vertex -3.3481 -0.030777 0
      vertex -3.08191 -1.32083 2
      vertex -3.08191 -1.32083 0
    endloop
  endfacet
  facet normal 0.970155 -0.242484 0
    outer loop
      vertex -3.3481 -0.030777 2
      vertex -2.93863 1.60747 0
      vertex -2.93863 1.60747 2
    endloop
  endfacet
  facet normal 0.970155 -0.242484 0
    outer loop
      vertex -2.93863 1.60747 0
      vertex -3.3481 -0.030777 2
      vertex -3.3481 -0.030777 0
    endloop
  endfacet
  facet normal 0.712639 -0.701531 0
    outer loop
      vertex -2.93863 1.60747 2
      vertex -1.64847 2.91806 0
      vertex -1.64847 2.91806 2
    endloop
  endfacet
  facet normal 0.712639 -0.701531 0
    outer loop
      vertex -1.64847 2.91806 0
      vertex -2.93863 1.60747 2
      vertex -2.93863 1.60747 0
    endloop
  endfacet
  facet normal 0.367633 -0.929971 0
    outer loop
      vertex -1.64847 2.91806 0
      vertex -0.76796 3.26614 2
      vertex -1.64847 2.91806 2
    endloop
  endfacet
  facet normal 0.367633 -0.929971 0
    outer loop
      vertex -0.76796 3.26614 2
      vertex -1.64847 2.91806 0
      vertex -0.76796 3.26614 0
    endloop
  endfacet
  facet normal 0.0752493 -0.997165 0
    outer loop
      vertex -0.76796 3.26614 0
      vertex 0.317337 3.34804 2
      vertex -0.76796 3.26614 2
    endloop
  endfacet
  facet normal 0.0752493 -0.997165 0
    outer loop
      vertex 0.317337 3.34804 2
      vertex -0.76796 3.26614 0
      vertex 0.317337 3.34804 0
    endloop
  endfacet
  facet normal -0.307815 -0.951446 0
    outer loop
      vertex 0.317337 3.34804 0
      vertex 1.70982 2.89754 2
      vertex 0.317337 3.34804 2
    endloop
  endfacet
  facet normal -0.307815 -0.951446 -0
    outer loop
      vertex 1.70982 2.89754 2
      vertex 0.317337 3.34804 0
      vertex 1.70982 2.89754 0
    endloop
  endfacet
  facet normal -0.728192 -0.685373 0
    outer loop
      vertex 3.02043 1.50505 0
      vertex 1.70982 2.89754 2
      vertex 1.70982 2.89754 0
    endloop
  endfacet
  facet normal -0.728192 -0.685373 0
    outer loop
      vertex 1.70982 2.89754 2
      vertex 3.02043 1.50505 0
      vertex 3.02043 1.50505 2
    endloop
  endfacet
  facet normal -0.96213 -0.272591 0
    outer loop
      vertex 3.36852 0.276443 0
      vertex 3.02043 1.50505 2
      vertex 3.02043 1.50505 0
    endloop
  endfacet
  facet normal -0.96213 -0.272591 0
    outer loop
      vertex 3.02043 1.50505 2
      vertex 3.36852 0.276443 0
      vertex 3.36852 0.276443 2
    endloop
  endfacet
  facet normal -0.944524 0.328443 0
    outer loop
      vertex 3.20474 -0.19455 0
      vertex 3.36852 0.276443 2
      vertex 3.36852 0.276443 0
    endloop
  endfacet
  facet normal -0.944524 0.328443 0
    outer loop
      vertex 3.36852 0.276443 2
      vertex 3.20474 -0.19455 0
      vertex 3.20474 -0.19455 2
    endloop
  endfacet
  facet normal 0.107441 0.994211 -0
    outer loop
      vertex 3.20474 -0.19455 0
      vertex 2.44707 -0.112671 2
      vertex 3.20474 -0.19455 2
    endloop
  endfacet
  facet normal 0.107441 0.994211 0
    outer loop
      vertex 2.44707 -0.112671 2
      vertex 3.20474 -0.19455 0
      vertex 2.44707 -0.112671 0
    endloop
  endfacet
  facet normal 0.956472 0.291824 0
    outer loop
      vertex 2.44707 -0.112671 2
      vertex 2.07846 1.09547 0
      vertex 2.07846 1.09547 2
    endloop
  endfacet
  facet normal 0.956472 0.291824 0
    outer loop
      vertex 2.07846 1.09547 0
      vertex 2.44707 -0.112671 2
      vertex 2.44707 -0.112671 0
    endloop
  endfacet
  facet normal 0.742425 0.669929 0
    outer loop
      vertex 2.07846 1.09547 2
      vertex 1.32079 1.93513 0
      vertex 1.32079 1.93513 2
    endloop
  endfacet
  facet normal 0.742425 0.669929 0
    outer loop
      vertex 1.32079 1.93513 0
      vertex 2.07846 1.09547 2
      vertex 2.07846 1.09547 0
    endloop
  endfacet
  facet normal 0.242521 0.970146 -0
    outer loop
      vertex 1.32079 1.93513 0
      vertex -0.23555 2.32419 2
      vertex 1.32079 1.93513 2
    endloop
  endfacet
  facet normal 0.242521 0.970146 0
    outer loop
      vertex -0.23555 2.32419 2
      vertex 1.32079 1.93513 0
      vertex -0.23555 2.32419 0
    endloop
  endfacet
  facet normal -0.316237 0.94868 0
    outer loop
      vertex -0.23555 2.32419 0
      vertex -1.157 2.01703 2
      vertex -0.23555 2.32419 2
    endloop
  endfacet
  facet normal -0.316237 0.94868 0
    outer loop
      vertex -1.157 2.01703 2
      vertex -0.23555 2.32419 0
      vertex -1.157 2.01703 0
    endloop
  endfacet
  facet normal -0.675707 0.737171 0
    outer loop
      vertex -1.157 2.01703 0
      vertex -1.89424 1.34126 2
      vertex -1.157 2.01703 2
    endloop
  endfacet
  facet normal -0.675707 0.737171 0
    outer loop
      vertex -1.89424 1.34126 2
      vertex -1.157 2.01703 0
      vertex -1.89424 1.34126 0
    endloop
  endfacet
  facet normal -0.921271 0.388921 0
    outer loop
      vertex -2.28328 0.419708 0
      vertex -1.89424 1.34126 2
      vertex -1.89424 1.34126 0
    endloop
  endfacet
  facet normal -0.921271 0.388921 0
    outer loop
      vertex -1.89424 1.34126 2
      vertex -2.28328 0.419708 0
      vertex -2.28328 0.419708 2
    endloop
  endfacet
  facet normal -0.997548 -0.0699794 0
    outer loop
      vertex -2.2014 -0.747482 0
      vertex -2.28328 0.419708 2
      vertex -2.28328 0.419708 0
    endloop
  endfacet
  facet normal -0.997548 -0.0699794 0
    outer loop
      vertex -2.28328 0.419708 2
      vertex -2.2014 -0.747482 0
      vertex -2.2014 -0.747482 2
    endloop
  endfacet
  facet normal -0.779604 -0.626272 0
    outer loop
      vertex -1.19795 -1.99661 0
      vertex -2.2014 -0.747482 2
      vertex -2.2014 -0.747482 0
    endloop
  endfacet
  facet normal -0.779604 -0.626272 0
    outer loop
      vertex -2.2014 -0.747482 2
      vertex -1.19795 -1.99661 0
      vertex -1.19795 -1.99661 2
    endloop
  endfacet
  facet normal -0.288431 -0.957501 0
    outer loop
      vertex -1.19795 -1.99661 0
      vertex 0.501663 -2.50859 2
      vertex -1.19795 -1.99661 2
    endloop
  endfacet
  facet normal -0.288431 -0.957501 -0
    outer loop
      vertex 0.501663 -2.50859 2
      vertex -1.19795 -1.99661 0
      vertex 0.501663 -2.50859 0
    endloop
  endfacet
  facet normal -0.999844 -0.0176574 0
    outer loop
      vertex 0.563141 -5.98976 0
      vertex 0.501663 -2.50859 2
      vertex 0.501663 -2.50859 0
    endloop
  endfacet
  facet normal -0.999844 -0.0176574 0
    outer loop
      vertex 0.501663 -2.50859 2
      vertex 0.563141 -5.98976 0
      vertex 0.563141 -5.98976 2
    endloop
  endfacet
  facet normal 0.193623 -0.981076 0
    outer loop
      vertex 0.563141 -5.98976 0
      vertex 2.1194 -5.68262 2
      vertex 0.563141 -5.98976 2
    endloop
  endfacet
  facet normal 0.193623 -0.981076 0
    outer loop
      vertex 2.1194 -5.68262 2
      vertex 0.563141 -5.98976 0
      vertex 2.1194 -5.68262 0
    endloop
  endfacet
  facet normal 0.505715 -0.862701 0
    outer loop
      vertex 2.1194 -5.68262 0
      vertex 3.90103 -4.63823 2
      vertex 2.1194 -5.68262 2
    endloop
  endfacet
  facet normal 0.505715 -0.862701 0
    outer loop
      vertex 3.90103 -4.63823 2
      vertex 2.1194 -5.68262 0
      vertex 3.90103 -4.63823 0
    endloop
  endfacet
  facet normal 0.727812 -0.685777 0
    outer loop
      vertex 3.90103 -4.63823 2
      vertex 4.90437 -3.57339 0
      vertex 4.90437 -3.57339 2
    endloop
  endfacet
  facet normal 0.727812 -0.685777 0
    outer loop
      vertex 4.90437 -3.57339 0
      vertex 3.90103 -4.63823 2
      vertex 3.90103 -4.63823 0
    endloop
  endfacet
  facet normal 0.874784 -0.484513 0
    outer loop
      vertex 4.90437 -3.57339 2
      vertex 5.64162 -2.24229 0
      vertex 5.64162 -2.24229 2
    endloop
  endfacet
  facet normal 0.874784 -0.484513 0
    outer loop
      vertex 5.64162 -2.24229 0
      vertex 4.90437 -3.57339 2
      vertex 4.90437 -3.57339 0
    endloop
  endfacet
  facet normal 0.970148 -0.242514 0
    outer loop
      vertex 5.64162 -2.24229 2
      vertex 6.03065 -0.68602 0
      vertex 6.03065 -0.68602 2
    endloop
  endfacet
  facet normal 0.970148 -0.242514 0
    outer loop
      vertex 6.03065 -0.68602 0
      vertex 5.64162 -2.24229 2
      vertex 5.64162 -2.24229 0
    endloop
  endfacet
  facet normal 1 -0 0
    outer loop
      vertex 6.03065 -0.68602 2
      vertex 6.03065 0.68602 0
      vertex 6.03065 0.68602 2
    endloop
  endfacet
  facet normal 1 0 0
    outer loop
      vertex 6.03065 0.68602 0
      vertex 6.03065 -0.68602 2
      vertex 6.03065 -0.68602 0
    endloop
  endfacet
  facet normal 0.973429 0.22899 0
    outer loop
      vertex 6.03065 0.68602 2
      vertex 5.70308 2.07851 0
      vertex 5.70308 2.07851 2
    endloop
  endfacet
  facet normal 0.973429 0.22899 0
    outer loop
      vertex 5.70308 2.07851 0
      vertex 6.03065 0.68602 2
      vertex 6.03065 0.68602 0
    endloop
  endfacet
  facet normal 0.894394 0.447281 0
    outer loop
      vertex 5.70308 2.07851 2
      vertex 5.08867 3.3071 0
      vertex 5.08867 3.3071 2
    endloop
  endfacet
  facet normal 0.894394 0.447281 0
    outer loop
      vertex 5.08867 3.3071 0
      vertex 5.70308 2.07851 2
      vertex 5.70308 2.07851 0
    endloop
  endfacet
  facet normal 0.755708 0.654908 0
    outer loop
      vertex 5.08867 3.3071 2
      vertex 4.02386 4.5358 0
      vertex 4.02386 4.5358 2
    endloop
  endfacet
  facet normal 0.755708 0.654908 0
    outer loop
      vertex 4.02386 4.5358 0
      vertex 5.08867 3.3071 2
      vertex 5.08867 3.3071 0
    endloop
  endfacet
  facet normal 0.575485 0.817813 -0
    outer loop
      vertex 4.02386 4.5358 0
      vertex 2.918 5.31398 2
      vertex 4.02386 4.5358 2
    endloop
  endfacet
  facet normal 0.575485 0.817813 0
    outer loop
      vertex 2.918 5.31398 2
      vertex 4.02386 4.5358 0
      vertex 2.918 5.31398 0
    endloop
  endfacet
  facet normal 0.369062 0.929405 -0
    outer loop
      vertex 2.918 5.31398 0
      vertex 1.52551 5.86693 2
      vertex 2.918 5.31398 2
    endloop
  endfacet
  facet normal 0.369062 0.929405 0
    outer loop
      vertex 1.52551 5.86693 2
      vertex 2.918 5.31398 0
      vertex 1.52551 5.86693 0
    endloop
  endfacet
  facet normal 0.137078 0.99056 -0
    outer loop
      vertex 1.52551 5.86693 0
      vertex 0.194504 6.05112 2
      vertex 1.52551 5.86693 2
    endloop
  endfacet
  facet normal 0.137078 0.99056 0
    outer loop
      vertex 0.194504 6.05112 2
      vertex 1.52551 5.86693 0
      vertex 0.194504 6.05112 0
    endloop
  endfacet
  facet normal -0.0853857 0.996348 0
    outer loop
      vertex 0.194504 6.05112 0
      vertex -1.23889 5.92828 2
      vertex 0.194504 6.05112 2
    endloop
  endfacet
  facet normal -0.0853857 0.996348 0
    outer loop
      vertex -1.23889 5.92828 2
      vertex 0.194504 6.05112 0
      vertex -1.23889 5.92828 0
    endloop
  endfacet
  facet normal -0.328498 0.944505 0
    outer loop
      vertex -1.23889 5.92828 0
      vertex -2.65192 5.43683 2
      vertex -1.23889 5.92828 2
    endloop
  endfacet
  facet normal -0.328498 0.944505 0
    outer loop
      vertex -2.65192 5.43683 2
      vertex -1.23889 5.92828 0
      vertex -2.65192 5.43683 0
    endloop
  endfacet
  facet normal -0.568004 0.823026 0
    outer loop
      vertex -2.65192 5.43683 0
      vertex -4.10587 4.4334 2
      vertex -2.65192 5.43683 2
    endloop
  endfacet
  facet normal -0.568004 0.823026 0
    outer loop
      vertex -4.10587 4.4334 2
      vertex -2.65192 5.43683 0
      vertex -4.10587 4.4334 0
    endloop
  endfacet
  facet normal -0.781963 0.623325 0
    outer loop
      vertex -5.23215 3.02048 0
      vertex -4.10587 4.4334 2
      vertex -4.10587 4.4334 0
    endloop
  endfacet
  facet normal -0.781963 0.623325 0
    outer loop
      vertex -4.10587 4.4334 2
      vertex -5.23215 3.02048 0
      vertex -5.23215 3.02048 2
    endloop
  endfacet
  facet normal -0.926753 0.375672 0
    outer loop
      vertex -5.84645 1.50505 0
      vertex -5.23215 3.02048 2
      vertex -5.23215 3.02048 0
    endloop
  endfacet
  facet normal -0.926753 0.375672 0
    outer loop
      vertex -5.23215 3.02048 2
      vertex -5.84645 1.50505 0
      vertex -5.84645 1.50505 2
    endloop
  endfacet
  facet normal -0.987764 0.155958 0
    outer loop
      vertex -6.15359 -0.440231 0
      vertex -5.84645 1.50505 2
      vertex -5.84645 1.50505 0
    endloop
  endfacet
  facet normal -0.987764 0.155958 0
    outer loop
      vertex -5.84645 1.50505 2
      vertex -6.15359 -0.440231 0
      vertex -6.15359 -0.440231 2
    endloop
  endfacet
  facet normal -0.051251 0.998686 0
    outer loop
      vertex -6.15359 -0.440231 0
      vertex -8.54953 -0.563187 2
      vertex -6.15359 -0.440231 2
    endloop
  endfacet
  facet normal -0.051251 0.998686 0
    outer loop
      vertex -8.54953 -0.563187 2
      vertex -6.15359 -0.440231 0
      vertex -8.54953 -0.563187 0
    endloop
  endfacet
  facet normal 0.650867 0.759192 -0
    outer loop
      vertex -8.54953 -0.563187 0
      vertex -8.97952 -0.19455 2
      vertex -8.54953 -0.563187 2
    endloop
  endfacet
  facet normal 0.650867 0.759192 0
    outer loop
      vertex -8.97952 -0.19455 2
      vertex -8.54953 -0.563187 0
      vertex -8.97952 -0.19455 0
    endloop
  endfacet
  facet normal 0.990085 -0.14047 0
    outer loop
      vertex -8.97952 -0.19455 2
      vertex -8.54953 2.83617 0
      vertex -8.54953 2.83617 2
    endloop
  endfacet
  facet normal 0.990085 -0.14047 0
    outer loop
      vertex -8.54953 2.83617 0
      vertex -8.97952 -0.19455 2
      vertex -8.97952 -0.19455 0
    endloop
  endfacet
  facet normal 0.883285 -0.468837 0
    outer loop
      vertex -8.54953 2.83617 2
      vertex -7.13651 5.49829 0
      vertex -7.13651 5.49829 2
    endloop
  endfacet
  facet normal 0.883285 -0.468837 0
    outer loop
      vertex -7.13651 5.49829 0
      vertex -8.54953 2.83617 2
      vertex -8.54953 2.83617 0
    endloop
  endfacet
  facet normal 0.685373 -0.728193 0
    outer loop
      vertex -7.13651 5.49829 0
      vertex -5.04784 7.46414 2
      vertex -7.13651 5.49829 2
    endloop
  endfacet
  facet normal 0.685373 -0.728193 0
    outer loop
      vertex -5.04784 7.46414 2
      vertex -7.13651 5.49829 0
      vertex -5.04784 7.46414 0
    endloop
  endfacet
  facet normal 0.424059 -0.905635 0
    outer loop
      vertex -5.04784 7.46414 0
      vertex -2.46761 8.67232 2
      vertex -5.04784 7.46414 2
    endloop
  endfacet
  facet normal 0.424059 -0.905635 0
    outer loop
      vertex -2.46761 8.67232 2
      vertex -5.04784 7.46414 0
      vertex -2.46761 8.67232 0
    endloop
  endfacet
  facet normal 0.167818 -0.985818 0
    outer loop
      vertex -2.46761 8.67232 0
      vertex -0.542709 9 2
      vertex -2.46761 8.67232 2
    endloop
  endfacet
  facet normal 0.167818 -0.985818 0
    outer loop
      vertex -0.542709 9 2
      vertex -2.46761 8.67232 0
      vertex -0.542709 9 0
    endloop
  endfacet
  facet normal -0.0259746 -0.999663 0
    outer loop
      vertex -0.542709 9 0
      vertex 1.03407 8.95903 2
      vertex -0.542709 9 2
    endloop
  endfacet
  facet normal -0.0259746 -0.999663 -0
    outer loop
      vertex 1.03407 8.95903 2
      vertex -0.542709 9 0
      vertex 1.03407 8.95903 0
    endloop
  endfacet
  facet normal 0.984413 -0.17587 0
    outer loop
      vertex -9.97537 -15.1871 2
      vertex -9.96156 -15.1098 1.45
      vertex -9.96156 -15.1098 2
    endloop
  endfacet
  facet normal 0.984413 -0.17587 0
    outer loop
      vertex -9.96156 -15.1098 1.45
      vertex -9.97537 -15.1871 2
      vertex -9.97537 -15.1871 1.45
    endloop
  endfacet
  facet normal -0.990571 0.136999 0
    outer loop
      vertex 9.97537 -19.8129 1.45
      vertex 9.98613 -19.7351 2
      vertex 9.98613 -19.7351 1.45
    endloop
  endfacet
  facet normal -0.990571 0.136999 0
    outer loop
      vertex 9.98613 -19.7351 2
      vertex 9.97537 -19.8129 1.45
      vertex 9.97537 -19.8129 2
    endloop
  endfacet
  facet normal 0.990571 -0.136999 0
    outer loop
      vertex -9.98613 -15.2649 2
      vertex -9.97537 -15.1871 1.45
      vertex -9.97537 -15.1871 2
    endloop
  endfacet
  facet normal 0.990571 -0.136999 0
    outer loop
      vertex -9.97537 -15.1871 1.45
      vertex -9.98613 -15.2649 2
      vertex -9.98613 -15.2649 1.45
    endloop
  endfacet
  facet normal 0.215124 0.976587 -0
    outer loop
      vertex -8.39017 -21.4616 1.45
      vertex -8.46689 -21.4447 2
      vertex -8.39017 -21.4616 2
    endloop
  endfacet
  facet normal 0.215124 0.976587 0
    outer loop
      vertex -8.46689 -21.4447 2
      vertex -8.39017 -21.4616 1.45
      vertex -8.46689 -21.4447 1.45
    endloop
  endfacet
  facet normal -0.967605 0.252469 0
    outer loop
      vertex 9.9249 -20.0429 1.45
      vertex 9.94473 -19.9669 2
      vertex 9.94473 -19.9669 1.45
    endloop
  endfacet
  facet normal -0.967605 0.252469 0
    outer loop
      vertex 9.94473 -19.9669 2
      vertex 9.9249 -20.0429 1.45
      vertex 9.9249 -20.0429 2
    endloop
  endfacet
  facet normal 0.327286 0.944925 -0
    outer loop
      vertex -8.61803 -21.4021 1.45
      vertex -8.69223 -21.3764 2
      vertex -8.61803 -21.4021 2
    endloop
  endfacet
  facet normal 0.327286 0.944925 0
    outer loop
      vertex -8.69223 -21.3764 2
      vertex -8.61803 -21.4021 1.45
      vertex -8.69223 -21.3764 1.45
    endloop
  endfacet
  facet normal -0.136232 -0.990677 0
    outer loop
      vertex 8.23506 -13.5139 1.45
      vertex 8.31287 -13.5246 2
      vertex 8.23506 -13.5139 2
    endloop
  endfacet
  facet normal -0.136232 -0.990677 -0
    outer loop
      vertex 8.31287 -13.5246 2
      vertex 8.23506 -13.5139 1.45
      vertex 8.31287 -13.5246 1.45
    endloop
  endfacet
  facet normal 0.9952 0.0978655 0
    outer loop
      vertex -9.98613 -19.7351 2
      vertex -9.99382 -19.6569 1.45
      vertex -9.99382 -19.6569 2
    endloop
  endfacet
  facet normal 0.9952 0.0978655 0
    outer loop
      vertex -9.99382 -19.6569 1.45
      vertex -9.98613 -19.7351 2
      vertex -9.98613 -19.7351 1.45
    endloop
  endfacet
  facet normal 0 1 -0
    outer loop
      vertex 8 -21.5 1.45
      vertex -8 -21.5 2
      vertex 8 -21.5 2
    endloop
  endfacet
  facet normal 0 1 0
    outer loop
      vertex -8 -21.5 2
      vertex 8 -21.5 1.45
      vertex -8 -21.5 1.45
    endloop
  endfacet
  facet normal -0.0203753 0.999792 0
    outer loop
      vertex 8.07851 -21.4984 1.45
      vertex 8 -21.5 2
      vertex 8.07851 -21.4984 2
    endloop
  endfacet
  facet normal -0.0203753 0.999792 0
    outer loop
      vertex 8 -21.5 2
      vertex 8.07851 -21.4984 1.45
      vertex 8 -21.5 1.45
    endloop
  endfacet
  facet normal 0.505572 0.862784 -0
    outer loop
      vertex -8.97723 -21.245 1.45
      vertex -9.04498 -21.2053 2
      vertex -8.97723 -21.245 2
    endloop
  endfacet
  facet normal 0.505572 0.862784 0
    outer loop
      vertex -9.04498 -21.2053 2
      vertex -8.97723 -21.245 1.45
      vertex -9.04498 -21.2053 1.45
    endloop
  endfacet
  facet normal 0.990571 0.136999 0
    outer loop
      vertex -9.97537 -19.8129 2
      vertex -9.98613 -19.7351 1.45
      vertex -9.98613 -19.7351 2
    endloop
  endfacet
  facet normal 0.990571 0.136999 0
    outer loop
      vertex -9.98613 -19.7351 1.45
      vertex -9.97537 -19.8129 2
      vertex -9.97537 -19.8129 1.45
    endloop
  endfacet
  facet normal 1 -0 0
    outer loop
      vertex -10 -19.5 2
      vertex -10 -15.5 1.45
      vertex -10 -15.5 2
    endloop
  endfacet
  facet normal 1 0 0
    outer loop
      vertex -10 -15.5 1.45
      vertex -10 -19.5 2
      vertex -10 -19.5 1.45
    endloop
  endfacet
  facet normal 0 0 1
    outer loop
      vertex 8 -13.5 1.45
      vertex 10 -15.5 1.45
      vertex 9.99844 -15.4215 1.45
    endloop
  endfacet
  facet normal 0 0 1
    outer loop
      vertex 10 -15.5 1.45
      vertex 8 -13.5 1.45
      vertex 10 -19.5 1.45
    endloop
  endfacet
  facet normal 0 0 1
    outer loop
      vertex 8 -13.5 1.45
      vertex 9.99844 -15.4215 1.45
      vertex 9.99382 -15.3431 1.45
    endloop
  endfacet
  facet normal 0 0 1
    outer loop
      vertex 8 -21.5 1.45
      vertex 10 -19.5 1.45
      vertex 8 -13.5 1.45
    endloop
  endfacet
  facet normal 0 0 1
    outer loop
      vertex 8 -13.5 1.45
      vertex 9.99382 -15.3431 1.45
      vertex 9.98613 -15.2649 1.45
    endloop
  endfacet
  facet normal 0 0 1
    outer loop
      vertex 10 -19.5 1.45
      vertex 8 -21.5 1.45
      vertex 9.99844 -19.5785 1.45
    endloop
  endfacet
  facet normal 0 0 1
    outer loop
      vertex 8 -13.5 1.45
      vertex 9.98613 -15.2649 1.45
      vertex 9.97537 -15.1871 1.45
    endloop
  endfacet
  facet normal 0 0 1
    outer loop
      vertex 9.99844 -19.5785 1.45
      vertex 8 -21.5 1.45
      vertex 9.99382 -19.6569 1.45
    endloop
  endfacet
  facet normal 0 0 1
    outer loop
      vertex 8 -13.5 1.45
      vertex 9.97537 -15.1871 1.45
      vertex 9.96156 -15.1098 1.45
    endloop
  endfacet
  facet normal 0 0 1
    outer loop
      vertex 9.99382 -19.6569 1.45
      vertex 8 -21.5 1.45
      vertex 9.98613 -19.7351 1.45
    endloop
  endfacet
  facet normal 0 0 1
    outer loop
      vertex 8 -13.5 1.45
      vertex 9.96156 -15.1098 1.45
      vertex 9.94473 -15.0331 1.45
    endloop
  endfacet
  facet normal 0 0 1
    outer loop
      vertex 9.98613 -19.7351 1.45
      vertex 8 -21.5 1.45
      vertex 9.97537 -19.8129 1.45
    endloop
  endfacet
  facet normal 0 0 1
    outer loop
      vertex 8 -13.5 1.45
      vertex 9.94473 -15.0331 1.45
      vertex 9.9249 -14.9571 1.45
    endloop
  endfacet
  facet normal 0 0 1
    outer loop
      vertex 9.97537 -19.8129 1.45
      vertex 8 -21.5 1.45
      vertex 9.96156 -19.8902 1.45
    endloop
  endfacet
  facet normal 0 0 1
    outer loop
      vertex 8 -13.5 1.45
      vertex 9.9249 -14.9571 1.45
      vertex 9.9021 -14.882 1.45
    endloop
  endfacet
  facet normal 0 0 1
    outer loop
      vertex 9.96156 -19.8902 1.45
      vertex 8 -21.5 1.45
      vertex 9.94473 -19.9669 1.45
    endloop
  endfacet
  facet normal 0 0 1
    outer loop
      vertex 8 -13.5 1.45
      vertex 9.9021 -14.882 1.45
      vertex 9.87637 -14.8078 1.45
    endloop
  endfacet
  facet normal 0 0 1
    outer loop
      vertex 9.94473 -19.9669 1.45
      vertex 8 -21.5 1.45
      vertex 9.9249 -20.0429 1.45
    endloop
  endfacet
  facet normal 0 0 1
    outer loop
      vertex 8 -13.5 1.45
      vertex 9.87637 -14.8078 1.45
      vertex 9.84775 -14.7346 1.45
    endloop
  endfacet
  facet normal 0 0 1
    outer loop
      vertex 9.9249 -20.0429 1.45
      vertex 8 -21.5 1.45
      vertex 9.9021 -20.118 1.45
    endloop
  endfacet
  facet normal 0 0 1
    outer loop
      vertex 8 -13.5 1.45
      vertex 9.84775 -14.7346 1.45
      vertex 9.81628 -14.6627 1.45
    endloop
  endfacet
  facet normal 0 0 1
    outer loop
      vertex 9.9021 -20.118 1.45
      vertex 8 -21.5 1.45
      vertex 9.87637 -20.1922 1.45
    endloop
  endfacet
  facet normal 0 0 1
    outer loop
      vertex 8 -13.5 1.45
      vertex 9.81628 -14.6627 1.45
      vertex 9.78201 -14.592 1.45
    endloop
  endfacet
  facet normal 0 0 1
    outer loop
      vertex 9.87637 -20.1922 1.45
      vertex 8 -21.5 1.45
      vertex 9.84775 -20.2654 1.45
    endloop
  endfacet
  facet normal 0 0 1
    outer loop
      vertex 8 -13.5 1.45
      vertex 9.78201 -14.592 1.45
      vertex 9.74498 -14.5228 1.45
    endloop
  endfacet
  facet normal 0 0 1
    outer loop
      vertex 9.84775 -20.2654 1.45
      vertex 8 -21.5 1.45
      vertex 9.81628 -20.3373 1.45
    endloop
  endfacet
  facet normal 0 0 1
    outer loop
      vertex 8 -13.5 1.45
      vertex 9.74498 -14.5228 1.45
      vertex 9.70528 -14.455 1.45
    endloop
  endfacet
  facet normal 0 0 1
    outer loop
      vertex 9.81628 -20.3373 1.45
      vertex 8 -21.5 1.45
      vertex 9.78201 -20.408 1.45
    endloop
  endfacet
  facet normal 0 0 1
    outer loop
      vertex 8 -13.5 1.45
      vertex 9.70528 -14.455 1.45
      vertex 9.66293 -14.3889 1.45
    endloop
  endfacet
  facet normal 0 0 1
    outer loop
      vertex 9.78201 -20.408 1.45
      vertex 8 -21.5 1.45
      vertex 9.74498 -20.4772 1.45
    endloop
  endfacet
  facet normal 0 0 1
    outer loop
      vertex 8 -13.5 1.45
      vertex 9.66293 -14.3889 1.45
      vertex 9.61803 -14.3244 1.45
    endloop
  endfacet
  facet normal 0 0 1
    outer loop
      vertex 9.74498 -20.4772 1.45
      vertex 8 -21.5 1.45
      vertex 9.70528 -20.545 1.45
    endloop
  endfacet
  facet normal 0 0 1
    outer loop
      vertex 8 -13.5 1.45
      vertex 9.61803 -14.3244 1.45
      vertex 9.57063 -14.2618 1.45
    endloop
  endfacet
  facet normal 0 0 1
    outer loop
      vertex 9.70528 -20.545 1.45
      vertex 8 -21.5 1.45
      vertex 9.66293 -20.6111 1.45
    endloop
  endfacet
  facet normal 0 0 1
    outer loop
      vertex 8 -13.5 1.45
      vertex 9.57063 -14.2618 1.45
      vertex 9.5208 -14.2011 1.45
    endloop
  endfacet
  facet normal 0 0 1
    outer loop
      vertex 9.66293 -20.6111 1.45
      vertex 8 -21.5 1.45
      vertex 9.61803 -20.6756 1.45
    endloop
  endfacet
  facet normal 0 0 1
    outer loop
      vertex 8 -13.5 1.45
      vertex 9.5208 -14.2011 1.45
      vertex 9.46864 -14.1424 1.45
    endloop
  endfacet
  facet normal 0 0 1
    outer loop
      vertex 9.61803 -20.6756 1.45
      vertex 8 -21.5 1.45
      vertex 9.57063 -20.7382 1.45
    endloop
  endfacet
  facet normal 0 0 1
    outer loop
      vertex 8 -13.5 1.45
      vertex 9.46864 -14.1424 1.45
      vertex 9.4142 -14.0858 1.45
    endloop
  endfacet
  facet normal 0 0 1
    outer loop
      vertex 9.57063 -20.7382 1.45
      vertex 8 -21.5 1.45
      vertex 9.5208 -20.7989 1.45
    endloop
  endfacet
  facet normal 0 0 1
    outer loop
      vertex 8 -13.5 1.45
      vertex 9.4142 -14.0858 1.45
      vertex 9.35759 -14.0314 1.45
    endloop
  endfacet
  facet normal 0 0 1
    outer loop
      vertex 9.5208 -20.7989 1.45
      vertex 8 -21.5 1.45
      vertex 9.46864 -20.8576 1.45
    endloop
  endfacet
  facet normal 0 0 1
    outer loop
      vertex 8 -13.5 1.45
      vertex 9.35759 -14.0314 1.45
      vertex 9.29889 -13.9792 1.45
    endloop
  endfacet
  facet normal 0 0 1
    outer loop
      vertex 9.46864 -20.8576 1.45
      vertex 8 -21.5 1.45
      vertex 9.4142 -20.9142 1.45
    endloop
  endfacet
  facet normal 0 0 1
    outer loop
      vertex 8 -13.5 1.45
      vertex 9.29889 -13.9792 1.45
      vertex 9.23817 -13.9294 1.45
    endloop
  endfacet
  facet normal 0 0 1
    outer loop
      vertex 9.4142 -20.9142 1.45
      vertex 8 -21.5 1.45
      vertex 9.35759 -20.9686 1.45
    endloop
  endfacet
  facet normal 0 0 1
    outer loop
      vertex 8 -13.5 1.45
      vertex 9.23817 -13.9294 1.45
      vertex 9.17557 -13.882 1.45
    endloop
  endfacet
  facet normal 0 0 1
    outer loop
      vertex 9.35759 -20.9686 1.45
      vertex 8 -21.5 1.45
      vertex 9.29889 -21.0208 1.45
    endloop
  endfacet
  facet normal 0 0 1
    outer loop
      vertex 8 -13.5 1.45
      vertex 9.17557 -13.882 1.45
      vertex 9.11113 -13.8371 1.45
    endloop
  endfacet
  facet normal 0 0 1
    outer loop
      vertex 9.29889 -21.0208 1.45
      vertex 8 -21.5 1.45
      vertex 9.23817 -21.0706 1.45
    endloop
  endfacet
  facet normal 0 0 1
    outer loop
      vertex 8 -13.5 1.45
      vertex 9.11113 -13.8371 1.45
      vertex 9.04498 -13.7947 1.45
    endloop
  endfacet
  facet normal 0 0 1
    outer loop
      vertex 9.23817 -21.0706 1.45
      vertex 8 -21.5 1.45
      vertex 9.17557 -21.118 1.45
    endloop
  endfacet
  facet normal 0 0 1
    outer loop
      vertex 8 -13.5 1.45
      vertex 9.04498 -13.7947 1.45
      vertex 8.97723 -13.755 1.45
    endloop
  endfacet
  facet normal 0 0 1
    outer loop
      vertex 9.17557 -21.118 1.45
      vertex 8 -21.5 1.45
      vertex 9.11113 -21.1629 1.45
    endloop
  endfacet
  facet normal 0 0 1
    outer loop
      vertex 8 -13.5 1.45
      vertex 8.97723 -13.755 1.45
      vertex 8.90797 -13.718 1.45
    endloop
  endfacet
  facet normal 0 0 1
    outer loop
      vertex 9.11113 -21.1629 1.45
      vertex 8 -21.5 1.45
      vertex 9.04498 -21.2053 1.45
    endloop
  endfacet
  facet normal 0 0 1
    outer loop
      vertex 8 -13.5 1.45
      vertex 8.90797 -13.718 1.45
      vertex 8.83731 -13.6837 1.45
    endloop
  endfacet
  facet normal 0 0 1
    outer loop
      vertex 9.04498 -21.2053 1.45
      vertex 8 -21.5 1.45
      vertex 8.97723 -21.245 1.45
    endloop
  endfacet
  facet normal 0 0 1
    outer loop
      vertex 8 -13.5 1.45
      vertex 8.83731 -13.6837 1.45
      vertex 8.76537 -13.6523 1.45
    endloop
  endfacet
  facet normal 0 0 1
    outer loop
      vertex 8.97723 -21.245 1.45
      vertex 8 -21.5 1.45
      vertex 8.90797 -21.282 1.45
    endloop
  endfacet
  facet normal 0 0 1
    outer loop
      vertex 8 -13.5 1.45
      vertex 8.76537 -13.6523 1.45
      vertex 8.69223 -13.6236 1.45
    endloop
  endfacet
  facet normal 0 0 1
    outer loop
      vertex 8.90797 -21.282 1.45
      vertex 8 -21.5 1.45
      vertex 8.83731 -21.3163 1.45
    endloop
  endfacet
  facet normal 0 0 1
    outer loop
      vertex 8 -13.5 1.45
      vertex 8.69223 -13.6236 1.45
      vertex 8.61803 -13.5979 1.45
    endloop
  endfacet
  facet normal 0 0 1
    outer loop
      vertex 8.83731 -21.3163 1.45
      vertex 8 -21.5 1.45
      vertex 8.76537 -21.3477 1.45
    endloop
  endfacet
  facet normal 0 0 1
    outer loop
      vertex 8 -13.5 1.45
      vertex 8.61803 -13.5979 1.45
      vertex 8.54288 -13.5751 1.45
    endloop
  endfacet
  facet normal 0 0 1
    outer loop
      vertex 8.76537 -21.3477 1.45
      vertex 8 -21.5 1.45
      vertex 8.69223 -21.3764 1.45
    endloop
  endfacet
  facet normal 0 0 1
    outer loop
      vertex 8 -13.5 1.45
      vertex 8.54288 -13.5751 1.45
      vertex 8.46689 -13.5553 1.45
    endloop
  endfacet
  facet normal 0 0 1
    outer loop
      vertex 8.69223 -21.3764 1.45
      vertex 8 -21.5 1.45
      vertex 8.61803 -21.4021 1.45
    endloop
  endfacet
  facet normal 0 0 1
    outer loop
      vertex 8 -13.5 1.45
      vertex 8.46689 -13.5553 1.45
      vertex 8.39017 -13.5384 1.45
    endloop
  endfacet
  facet normal 0 0 1
    outer loop
      vertex 8.61803 -21.4021 1.45
      vertex 8 -21.5 1.45
      vertex 8.54288 -21.4249 1.45
    endloop
  endfacet
  facet normal 0 0 1
    outer loop
      vertex 8 -13.5 1.45
      vertex 8.39017 -13.5384 1.45
      vertex 8.31287 -13.5246 1.45
    endloop
  endfacet
  facet normal 0 0 1
    outer loop
      vertex 8.54288 -21.4249 1.45
      vertex 8 -21.5 1.45
      vertex 8.46689 -21.4447 1.45
    endloop
  endfacet
  facet normal 0 0 1
    outer loop
      vertex 8 -13.5 1.45
      vertex 8.31287 -13.5246 1.45
      vertex 8.23506 -13.5139 1.45
    endloop
  endfacet
  facet normal 0 0 1
    outer loop
      vertex 8.46689 -21.4447 1.45
      vertex 8 -21.5 1.45
      vertex 8.39017 -21.4616 1.45
    endloop
  endfacet
  facet normal 0 0 1
    outer loop
      vertex 8 -13.5 1.45
      vertex 8.23506 -13.5139 1.45
      vertex 8.15691 -13.5062 1.45
    endloop
  endfacet
  facet normal 0 0 1
    outer loop
      vertex 8.39017 -21.4616 1.45
      vertex 8 -21.5 1.45
      vertex 8.31287 -21.4754 1.45
    endloop
  endfacet
  facet normal 0 0 1
    outer loop
      vertex 8 -13.5 1.45
      vertex 8.15691 -13.5062 1.45
      vertex 8.07851 -13.5016 1.45
    endloop
  endfacet
  facet normal 0 0 1
    outer loop
      vertex 8.31287 -21.4754 1.45
      vertex 8 -21.5 1.45
      vertex 8.23506 -21.4861 1.45
    endloop
  endfacet
  facet normal 0 0 1
    outer loop
      vertex 8.23506 -21.4861 1.45
      vertex 8 -21.5 1.45
      vertex 8.15691 -21.4938 1.45
    endloop
  endfacet
  facet normal 0 0 1
    outer loop
      vertex 8.15691 -21.4938 1.45
      vertex 8 -21.5 1.45
      vertex 8.07851 -21.4984 1.45
    endloop
  endfacet
  facet normal -0 0 1
    outer loop
      vertex -8 -13.5 1.45
      vertex 8 -21.5 1.45
      vertex 8 -13.5 1.45
    endloop
  endfacet
  facet normal 0 0 1
    outer loop
      vertex -8 -13.5 1.45
      vertex -8 -21.5 1.45
      vertex 8 -21.5 1.45
    endloop
  endfacet
  facet normal 0 0 1
    outer loop
      vertex -10 -15.5 1.45
      vertex -8 -13.5 1.45
      vertex -8.07851 -13.5016 1.45
    endloop
  endfacet
  facet normal 0 0 1
    outer loop
      vertex -8 -13.5 1.45
      vertex -10 -15.5 1.45
      vertex -8 -21.5 1.45
    endloop
  endfacet
  facet normal 0 0 1
    outer loop
      vertex -10 -15.5 1.45
      vertex -8.07851 -13.5016 1.45
      vertex -8.15691 -13.5062 1.45
    endloop
  endfacet
  facet normal -0 0 1
    outer loop
      vertex -10 -19.5 1.45
      vertex -8 -21.5 1.45
      vertex -10 -15.5 1.45
    endloop
  endfacet
  facet normal 0 0 1
    outer loop
      vertex -10 -15.5 1.45
      vertex -8.15691 -13.5062 1.45
      vertex -8.23506 -13.5139 1.45
    endloop
  endfacet
  facet normal 0 0 1
    outer loop
      vertex -8 -21.5 1.45
      vertex -10 -19.5 1.45
      vertex -8.07851 -21.4984 1.45
    endloop
  endfacet
  facet normal 0 0 1
    outer loop
      vertex -10 -15.5 1.45
      vertex -8.23506 -13.5139 1.45
      vertex -8.31287 -13.5246 1.45
    endloop
  endfacet
  facet normal 0 0 1
    outer loop
      vertex -8.07851 -21.4984 1.45
      vertex -10 -19.5 1.45
      vertex -8.15691 -21.4938 1.45
    endloop
  endfacet
  facet normal 0 0 1
    outer loop
      vertex -10 -15.5 1.45
      vertex -8.31287 -13.5246 1.45
      vertex -8.39017 -13.5384 1.45
    endloop
  endfacet
  facet normal 0 0 1
    outer loop
      vertex -8.15691 -21.4938 1.45
      vertex -10 -19.5 1.45
      vertex -8.23506 -21.4861 1.45
    endloop
  endfacet
  facet normal 0 0 1
    outer loop
      vertex -10 -15.5 1.45
      vertex -8.39017 -13.5384 1.45
      vertex -8.46689 -13.5553 1.45
    endloop
  endfacet
  facet normal 0 0 1
    outer loop
      vertex -8.23506 -21.4861 1.45
      vertex -10 -19.5 1.45
      vertex -8.31287 -21.4754 1.45
    endloop
  endfacet
  facet normal 0 0 1
    outer loop
      vertex -10 -15.5 1.45
      vertex -8.46689 -13.5553 1.45
      vertex -8.54288 -13.5751 1.45
    endloop
  endfacet
  facet normal 0 0 1
    outer loop
      vertex -8.31287 -21.4754 1.45
      vertex -10 -19.5 1.45
      vertex -8.39017 -21.4616 1.45
    endloop
  endfacet
  facet normal 0 0 1
    outer loop
      vertex -10 -15.5 1.45
      vertex -8.54288 -13.5751 1.45
      vertex -8.61803 -13.5979 1.45
    endloop
  endfacet
  facet normal 0 0 1
    outer loop
      vertex -8.39017 -21.4616 1.45
      vertex -10 -19.5 1.45
      vertex -8.46689 -21.4447 1.45
    endloop
  endfacet
  facet normal 0 0 1
    outer loop
      vertex -10 -15.5 1.45
      vertex -8.61803 -13.5979 1.45
      vertex -8.69223 -13.6236 1.45
    endloop
  endfacet
  facet normal 0 0 1
    outer loop
      vertex -8.46689 -21.4447 1.45
      vertex -10 -19.5 1.45
      vertex -8.54288 -21.4249 1.45
    endloop
  endfacet
  facet normal 0 0 1
    outer loop
      vertex -10 -15.5 1.45
      vertex -8.69223 -13.6236 1.45
      vertex -8.76537 -13.6523 1.45
    endloop
  endfacet
  facet normal 0 0 1
    outer loop
      vertex -8.54288 -21.4249 1.45
      vertex -10 -19.5 1.45
      vertex -8.61803 -21.4021 1.45
    endloop
  endfacet
  facet normal 0 0 1
    outer loop
      vertex -10 -15.5 1.45
      vertex -8.76537 -13.6523 1.45
      vertex -8.83731 -13.6837 1.45
    endloop
  endfacet
  facet normal 0 0 1
    outer loop
      vertex -8.61803 -21.4021 1.45
      vertex -10 -19.5 1.45
      vertex -8.69223 -21.3764 1.45
    endloop
  endfacet
  facet normal 0 0 1
    outer loop
      vertex -10 -15.5 1.45
      vertex -8.83731 -13.6837 1.45
      vertex -8.90797 -13.718 1.45
    endloop
  endfacet
  facet normal 0 0 1
    outer loop
      vertex -8.69223 -21.3764 1.45
      vertex -10 -19.5 1.45
      vertex -8.76537 -21.3477 1.45
    endloop
  endfacet
  facet normal 0 0 1
    outer loop
      vertex -10 -15.5 1.45
      vertex -8.90797 -13.718 1.45
      vertex -8.97723 -13.755 1.45
    endloop
  endfacet
  facet normal 0 0 1
    outer loop
      vertex -8.76537 -21.3477 1.45
      vertex -10 -19.5 1.45
      vertex -8.83731 -21.3163 1.45
    endloop
  endfacet
  facet normal 0 0 1
    outer loop
      vertex -10 -15.5 1.45
      vertex -8.97723 -13.755 1.45
      vertex -9.04498 -13.7947 1.45
    endloop
  endfacet
  facet normal 0 0 1
    outer loop
      vertex -8.83731 -21.3163 1.45
      vertex -10 -19.5 1.45
      vertex -8.90797 -21.282 1.45
    endloop
  endfacet
  facet normal 0 0 1
    outer loop
      vertex -10 -15.5 1.45
      vertex -9.04498 -13.7947 1.45
      vertex -9.11113 -13.8371 1.45
    endloop
  endfacet
  facet normal 0 0 1
    outer loop
      vertex -8.90797 -21.282 1.45
      vertex -10 -19.5 1.45
      vertex -8.97723 -21.245 1.45
    endloop
  endfacet
  facet normal 0 0 1
    outer loop
      vertex -10 -15.5 1.45
      vertex -9.11113 -13.8371 1.45
      vertex -9.17557 -13.882 1.45
    endloop
  endfacet
  facet normal 0 0 1
    outer loop
      vertex -8.97723 -21.245 1.45
      vertex -10 -19.5 1.45
      vertex -9.04498 -21.2053 1.45
    endloop
  endfacet
  facet normal 0 0 1
    outer loop
      vertex -10 -15.5 1.45
      vertex -9.17557 -13.882 1.45
      vertex -9.23817 -13.9294 1.45
    endloop
  endfacet
  facet normal 0 0 1
    outer loop
      vertex -9.04498 -21.2053 1.45
      vertex -10 -19.5 1.45
      vertex -9.11113 -21.1629 1.45
    endloop
  endfacet
  facet normal 0 0 1
    outer loop
      vertex -10 -15.5 1.45
      vertex -9.23817 -13.9294 1.45
      vertex -9.29889 -13.9792 1.45
    endloop
  endfacet
  facet normal 0 0 1
    outer loop
      vertex -9.11113 -21.1629 1.45
      vertex -10 -19.5 1.45
      vertex -9.17557 -21.118 1.45
    endloop
  endfacet
  facet normal 0 0 1
    outer loop
      vertex -10 -15.5 1.45
      vertex -9.29889 -13.9792 1.45
      vertex -9.35759 -14.0314 1.45
    endloop
  endfacet
  facet normal 0 0 1
    outer loop
      vertex -9.17557 -21.118 1.45
      vertex -10 -19.5 1.45
      vertex -9.23817 -21.0706 1.45
    endloop
  endfacet
  facet normal 0 0 1
    outer loop
      vertex -10 -15.5 1.45
      vertex -9.35759 -14.0314 1.45
      vertex -9.4142 -14.0858 1.45
    endloop
  endfacet
  facet normal 0 0 1
    outer loop
      vertex -9.23817 -21.0706 1.45
      vertex -10 -19.5 1.45
      vertex -9.29889 -21.0208 1.45
    endloop
  endfacet
  facet normal 0 0 1
    outer loop
      vertex -10 -15.5 1.45
      vertex -9.4142 -14.0858 1.45
      vertex -9.46864 -14.1424 1.45
    endloop
  endfacet
  facet normal 0 0 1
    outer loop
      vertex -9.29889 -21.0208 1.45
      vertex -10 -19.5 1.45
      vertex -9.35759 -20.9686 1.45
    endloop
  endfacet
  facet normal 0 0 1
    outer loop
      vertex -10 -15.5 1.45
      vertex -9.46864 -14.1424 1.45
      vertex -9.5208 -14.2011 1.45
    endloop
  endfacet
  facet normal 0 0 1
    outer loop
      vertex -9.35759 -20.9686 1.45
      vertex -10 -19.5 1.45
      vertex -9.4142 -20.9142 1.45
    endloop
  endfacet
  facet normal 0 0 1
    outer loop
      vertex -10 -15.5 1.45
      vertex -9.5208 -14.2011 1.45
      vertex -9.57063 -14.2618 1.45
    endloop
  endfacet
  facet normal 0 0 1
    outer loop
      vertex -9.4142 -20.9142 1.45
      vertex -10 -19.5 1.45
      vertex -9.46864 -20.8576 1.45
    endloop
  endfacet
  facet normal 0 0 1
    outer loop
      vertex -10 -15.5 1.45
      vertex -9.57063 -14.2618 1.45
      vertex -9.61803 -14.3244 1.45
    endloop
  endfacet
  facet normal 0 0 1
    outer loop
      vertex -9.46864 -20.8576 1.45
      vertex -10 -19.5 1.45
      vertex -9.5208 -20.7989 1.45
    endloop
  endfacet
  facet normal 0 0 1
    outer loop
      vertex -10 -15.5 1.45
      vertex -9.61803 -14.3244 1.45
      vertex -9.66293 -14.3889 1.45
    endloop
  endfacet
  facet normal 0 0 1
    outer loop
      vertex -9.5208 -20.7989 1.45
      vertex -10 -19.5 1.45
      vertex -9.57063 -20.7382 1.45
    endloop
  endfacet
  facet normal 0 0 1
    outer loop
      vertex -10 -15.5 1.45
      vertex -9.66293 -14.3889 1.45
      vertex -9.70528 -14.455 1.45
    endloop
  endfacet
  facet normal 0 0 1
    outer loop
      vertex -9.57063 -20.7382 1.45
      vertex -10 -19.5 1.45
      vertex -9.61803 -20.6756 1.45
    endloop
  endfacet
  facet normal 0 0 1
    outer loop
      vertex -10 -15.5 1.45
      vertex -9.70528 -14.455 1.45
      vertex -9.74498 -14.5228 1.45
    endloop
  endfacet
  facet normal 0 0 1
    outer loop
      vertex -9.61803 -20.6756 1.45
      vertex -10 -19.5 1.45
      vertex -9.66293 -20.6111 1.45
    endloop
  endfacet
  facet normal 0 0 1
    outer loop
      vertex -10 -15.5 1.45
      vertex -9.74498 -14.5228 1.45
      vertex -9.78201 -14.592 1.45
    endloop
  endfacet
  facet normal 0 0 1
    outer loop
      vertex -9.66293 -20.6111 1.45
      vertex -10 -19.5 1.45
      vertex -9.70528 -20.545 1.45
    endloop
  endfacet
  facet normal 0 0 1
    outer loop
      vertex -10 -15.5 1.45
      vertex -9.78201 -14.592 1.45
      vertex -9.81628 -14.6627 1.45
    endloop
  endfacet
  facet normal 0 0 1
    outer loop
      vertex -9.70528 -20.545 1.45
      vertex -10 -19.5 1.45
      vertex -9.74498 -20.4772 1.45
    endloop
  endfacet
  facet normal 0 0 1
    outer loop
      vertex -10 -15.5 1.45
      vertex -9.81628 -14.6627 1.45
      vertex -9.84775 -14.7346 1.45
    endloop
  endfacet
  facet normal 0 0 1
    outer loop
      vertex -9.74498 -20.4772 1.45
      vertex -10 -19.5 1.45
      vertex -9.78201 -20.408 1.45
    endloop
  endfacet
  facet normal 0 0 1
    outer loop
      vertex -10 -15.5 1.45
      vertex -9.84775 -14.7346 1.45
      vertex -9.87637 -14.8078 1.45
    endloop
  endfacet
  facet normal 0 0 1
    outer loop
      vertex -9.78201 -20.408 1.45
      vertex -10 -19.5 1.45
      vertex -9.81628 -20.3373 1.45
    endloop
  endfacet
  facet normal 0 0 1
    outer loop
      vertex -10 -15.5 1.45
      vertex -9.87637 -14.8078 1.45
      vertex -9.9021 -14.882 1.45
    endloop
  endfacet
  facet normal 0 0 1
    outer loop
      vertex -9.81628 -20.3373 1.45
      vertex -10 -19.5 1.45
      vertex -9.84775 -20.2654 1.45
    endloop
  endfacet
  facet normal 0 0 1
    outer loop
      vertex -10 -15.5 1.45
      vertex -9.9021 -14.882 1.45
      vertex -9.9249 -14.9571 1.45
    endloop
  endfacet
  facet normal 0 0 1
    outer loop
      vertex -9.84775 -20.2654 1.45
      vertex -10 -19.5 1.45
      vertex -9.87637 -20.1922 1.45
    endloop
  endfacet
  facet normal 0 0 1
    outer loop
      vertex -10 -15.5 1.45
      vertex -9.9249 -14.9571 1.45
      vertex -9.94473 -15.0331 1.45
    endloop
  endfacet
  facet normal 0 0 1
    outer loop
      vertex -9.87637 -20.1922 1.45
      vertex -10 -19.5 1.45
      vertex -9.9021 -20.118 1.45
    endloop
  endfacet
  facet normal 0 0 1
    outer loop
      vertex -10 -15.5 1.45
      vertex -9.94473 -15.0331 1.45
      vertex -9.96156 -15.1098 1.45
    endloop
  endfacet
  facet normal 0 0 1
    outer loop
      vertex -9.9021 -20.118 1.45
      vertex -10 -19.5 1.45
      vertex -9.9249 -20.0429 1.45
    endloop
  endfacet
  facet normal 0 0 1
    outer loop
      vertex -10 -15.5 1.45
      vertex -9.96156 -15.1098 1.45
      vertex -9.97537 -15.1871 1.45
    endloop
  endfacet
  facet normal 0 0 1
    outer loop
      vertex -9.9249 -20.0429 1.45
      vertex -10 -19.5 1.45
      vertex -9.94473 -19.9669 1.45
    endloop
  endfacet
  facet normal 0 0 1
    outer loop
      vertex -10 -15.5 1.45
      vertex -9.97537 -15.1871 1.45
      vertex -9.98613 -15.2649 1.45
    endloop
  endfacet
  facet normal 0 0 1
    outer loop
      vertex -9.94473 -19.9669 1.45
      vertex -10 -19.5 1.45
      vertex -9.96156 -19.8902 1.45
    endloop
  endfacet
  facet normal 0 0 1
    outer loop
      vertex -10 -15.5 1.45
      vertex -9.98613 -15.2649 1.45
      vertex -9.99382 -15.3431 1.45
    endloop
  endfacet
  facet normal 0 0 1
    outer loop
      vertex -9.96156 -19.8902 1.45
      vertex -10 -19.5 1.45
      vertex -9.97537 -19.8129 1.45
    endloop
  endfacet
  facet normal 0 0 1
    outer loop
      vertex -10 -15.5 1.45
      vertex -9.99382 -15.3431 1.45
      vertex -9.99844 -15.4215 1.45
    endloop
  endfacet
  facet normal 0 0 1
    outer loop
      vertex -9.97537 -19.8129 1.45
      vertex -10 -19.5 1.45
      vertex -9.98613 -19.7351 1.45
    endloop
  endfacet
  facet normal 0 0 1
    outer loop
      vertex -9.98613 -19.7351 1.45
      vertex -10 -19.5 1.45
      vertex -9.99382 -19.6569 1.45
    endloop
  endfacet
  facet normal 0 0 1
    outer loop
      vertex -9.99382 -19.6569 1.45
      vertex -10 -19.5 1.45
      vertex -9.99844 -19.5785 1.45
    endloop
  endfacet
  facet normal -0.505572 -0.862784 0
    outer loop
      vertex 8.97723 -13.755 1.45
      vertex 9.04498 -13.7947 2
      vertex 8.97723 -13.755 2
    endloop
  endfacet
  facet normal -0.505572 -0.862784 -0
    outer loop
      vertex 9.04498 -13.7947 2
      vertex 8.97723 -13.755 1.45
      vertex 9.04498 -13.7947 1.45
    endloop
  endfacet
  facet normal -0.967605 -0.252469 0
    outer loop
      vertex 9.94473 -15.0331 1.45
      vertex 9.9249 -14.9571 2
      vertex 9.9249 -14.9571 1.45
    endloop
  endfacet
  facet normal -0.967605 -0.252469 0
    outer loop
      vertex 9.9249 -14.9571 2
      vertex 9.94473 -15.0331 1.45
      vertex 9.94473 -15.0331 2
    endloop
  endfacet
  facet normal -1 0 0
    outer loop
      vertex 10 -19.5 1.45
      vertex 10 -15.5 2
      vertex 10 -15.5 1.45
    endloop
  endfacet
  facet normal -1 -0 0
    outer loop
      vertex 10 -15.5 2
      vertex 10 -19.5 1.45
      vertex 10 -19.5 2
    endloop
  endfacet
  facet normal 0 -1 0
    outer loop
      vertex -8 -13.5 1.45
      vertex 8 -13.5 2
      vertex -8 -13.5 2
    endloop
  endfacet
  facet normal 0 -1 -0
    outer loop
      vertex 8 -13.5 2
      vertex -8 -13.5 1.45
      vertex 8 -13.5 1.45
    endloop
  endfacet
  facet normal 0.136232 -0.990677 0
    outer loop
      vertex -8.31287 -13.5246 1.45
      vertex -8.23506 -13.5139 2
      vertex -8.31287 -13.5246 2
    endloop
  endfacet
  facet normal 0.136232 -0.990677 0
    outer loop
      vertex -8.23506 -13.5139 2
      vertex -8.31287 -13.5246 1.45
      vertex -8.23506 -13.5139 1.45
    endloop
  endfacet
  facet normal 0.720725 -0.693221 0
    outer loop
      vertex -9.46864 -14.1424 2
      vertex -9.4142 -14.0858 1.45
      vertex -9.4142 -14.0858 2
    endloop
  endfacet
  facet normal 0.720725 -0.693221 0
    outer loop
      vertex -9.4142 -14.0858 1.45
      vertex -9.46864 -14.1424 2
      vertex -9.46864 -14.1424 1.45
    endloop
  endfacet
  facet normal -0.944807 0.327627 0
    outer loop
      vertex 9.87637 -20.1922 1.45
      vertex 9.9021 -20.118 2
      vertex 9.9021 -20.118 1.45
    endloop
  endfacet
  facet normal -0.944807 0.327627 0
    outer loop
      vertex 9.9021 -20.118 2
      vertex 9.87637 -20.1922 1.45
      vertex 9.87637 -20.1922 2
    endloop
  endfacet
  facet normal -0.539631 0.841901 0
    outer loop
      vertex 9.11113 -21.1629 1.45
      vertex 9.04498 -21.2053 2
      vertex 9.11113 -21.1629 2
    endloop
  endfacet
  facet normal -0.539631 0.841901 0
    outer loop
      vertex 9.04498 -21.2053 2
      vertex 9.11113 -21.1629 1.45
      vertex 9.04498 -21.2053 1.45
    endloop
  endfacet
  facet normal 0.0980537 0.995181 -0
    outer loop
      vertex -8.15691 -21.4938 1.45
      vertex -8.23506 -21.4861 2
      vertex -8.15691 -21.4938 2
    endloop
  endfacet
  facet normal 0.0980537 0.995181 0
    outer loop
      vertex -8.23506 -21.4861 2
      vertex -8.15691 -21.4938 1.45
      vertex -8.23506 -21.4861 1.45
    endloop
  endfacet
  facet normal 0.0585727 0.998283 -0
    outer loop
      vertex -8.07851 -21.4984 1.45
      vertex -8.15691 -21.4938 2
      vertex -8.07851 -21.4984 2
    endloop
  endfacet
  facet normal 0.0585727 0.998283 0
    outer loop
      vertex -8.15691 -21.4938 2
      vertex -8.07851 -21.4984 1.45
      vertex -8.15691 -21.4938 1.45
    endloop
  endfacet
  facet normal 0.136232 0.990677 -0
    outer loop
      vertex -8.23506 -21.4861 1.45
      vertex -8.31287 -21.4754 2
      vertex -8.23506 -21.4861 2
    endloop
  endfacet
  facet normal 0.136232 0.990677 0
    outer loop
      vertex -8.31287 -21.4754 2
      vertex -8.23506 -21.4861 1.45
      vertex -8.31287 -21.4754 1.45
    endloop
  endfacet
  facet normal -0.0585727 0.998283 0
    outer loop
      vertex 8.15691 -21.4938 1.45
      vertex 8.07851 -21.4984 2
      vertex 8.15691 -21.4938 2
    endloop
  endfacet
  facet normal -0.0585727 0.998283 0
    outer loop
      vertex 8.07851 -21.4984 2
      vertex 8.15691 -21.4938 1.45
      vertex 8.07851 -21.4984 1.45
    endloop
  endfacet
  facet normal 0.40003 0.916502 -0
    outer loop
      vertex -8.76537 -21.3477 1.45
      vertex -8.83731 -21.3163 2
      vertex -8.76537 -21.3477 2
    endloop
  endfacet
  facet normal 0.40003 0.916502 0
    outer loop
      vertex -8.83731 -21.3163 2
      vertex -8.76537 -21.3477 1.45
      vertex -8.83731 -21.3163 1.45
    endloop
  endfacet
  facet normal 0.820724 0.571325 0
    outer loop
      vertex -9.61803 -20.6756 2
      vertex -9.66293 -20.6111 1.45
      vertex -9.66293 -20.6111 2
    endloop
  endfacet
  facet normal 0.820724 0.571325 0
    outer loop
      vertex -9.66293 -20.6111 1.45
      vertex -9.61803 -20.6756 2
      vertex -9.61803 -20.6756 1.45
    endloop
  endfacet
  facet normal 0.984413 0.17587 0
    outer loop
      vertex -9.96156 -19.8902 2
      vertex -9.97537 -19.8129 1.45
      vertex -9.97537 -19.8129 2
    endloop
  endfacet
  facet normal 0.984413 0.17587 0
    outer loop
      vertex -9.97537 -19.8129 1.45
      vertex -9.96156 -19.8902 2
      vertex -9.96156 -19.8902 1.45
    endloop
  endfacet
  facet normal 0.9952 -0.0978655 0
    outer loop
      vertex -9.99382 -15.3431 2
      vertex -9.98613 -15.2649 1.45
      vertex -9.98613 -15.2649 2
    endloop
  endfacet
  facet normal 0.9952 -0.0978655 0
    outer loop
      vertex -9.98613 -15.2649 1.45
      vertex -9.99382 -15.3431 2
      vertex -9.99382 -15.3431 1.45
    endloop
  endfacet
  facet normal -0.820724 -0.571325 0
    outer loop
      vertex 9.66293 -14.3889 1.45
      vertex 9.61803 -14.3244 2
      vertex 9.61803 -14.3244 1.45
    endloop
  endfacet
  facet normal -0.820724 -0.571325 0
    outer loop
      vertex 9.61803 -14.3244 2
      vertex 9.66293 -14.3889 1.45
      vertex 9.66293 -14.3889 2
    endloop
  endfacet
  facet normal -0.999803 -0.0198687 0
    outer loop
      vertex 10 -15.5 1.45
      vertex 9.99844 -15.4215 2
      vertex 9.99844 -15.4215 1.45
    endloop
  endfacet
  facet normal -0.999803 -0.0198687 0
    outer loop
      vertex 9.99844 -15.4215 2
      vertex 10 -15.5 1.45
      vertex 10 -15.5 2
    endloop
  endfacet
  facet normal -0.9952 -0.0978655 0
    outer loop
      vertex 9.99382 -15.3431 1.45
      vertex 9.98613 -15.2649 2
      vertex 9.98613 -15.2649 1.45
    endloop
  endfacet
  facet normal -0.9952 -0.0978655 0
    outer loop
      vertex 9.98613 -15.2649 2
      vertex 9.99382 -15.3431 1.45
      vertex 9.99382 -15.3431 2
    endloop
  endfacet
  facet normal -0.215124 -0.976587 0
    outer loop
      vertex 8.39017 -13.5384 1.45
      vertex 8.46689 -13.5553 2
      vertex 8.39017 -13.5384 2
    endloop
  endfacet
  facet normal -0.215124 -0.976587 -0
    outer loop
      vertex 8.46689 -13.5553 2
      vertex 8.39017 -13.5384 1.45
      vertex 8.46689 -13.5553 1.45
    endloop
  endfacet
  facet normal 0.0585727 -0.998283 0
    outer loop
      vertex -8.15691 -13.5062 1.45
      vertex -8.07851 -13.5016 2
      vertex -8.15691 -13.5062 2
    endloop
  endfacet
  facet normal 0.0585727 -0.998283 0
    outer loop
      vertex -8.07851 -13.5016 2
      vertex -8.15691 -13.5062 1.45
      vertex -8.07851 -13.5016 1.45
    endloop
  endfacet
  facet normal -0.0203753 -0.999792 0
    outer loop
      vertex 8 -13.5 1.45
      vertex 8.07851 -13.5016 2
      vertex 8 -13.5 2
    endloop
  endfacet
  facet normal -0.0203753 -0.999792 -0
    outer loop
      vertex 8.07851 -13.5016 2
      vertex 8 -13.5 1.45
      vertex 8.07851 -13.5016 1.45
    endloop
  endfacet
  facet normal 0.0203753 -0.999792 0
    outer loop
      vertex -8.07851 -13.5016 1.45
      vertex -8 -13.5 2
      vertex -8.07851 -13.5016 2
    endloop
  endfacet
  facet normal 0.0203753 -0.999792 0
    outer loop
      vertex -8 -13.5 2
      vertex -8.07851 -13.5016 1.45
      vertex -8 -13.5 1.45
    endloop
  endfacet
  facet normal 0.539631 -0.841901 0
    outer loop
      vertex -9.11113 -13.8371 1.45
      vertex -9.04498 -13.7947 2
      vertex -9.11113 -13.8371 2
    endloop
  endfacet
  facet normal 0.539631 -0.841901 0
    outer loop
      vertex -9.04498 -13.7947 2
      vertex -9.11113 -13.8371 1.45
      vertex -9.04498 -13.7947 1.45
    endloop
  endfacet
  facet normal 0.931344 -0.36414 0
    outer loop
      vertex -9.87637 -14.8078 2
      vertex -9.84775 -14.7346 1.45
      vertex -9.84775 -14.7346 2
    endloop
  endfacet
  facet normal 0.931344 -0.36414 0
    outer loop
      vertex -9.84775 -14.7346 1.45
      vertex -9.87637 -14.8078 2
      vertex -9.87637 -14.8078 1.45
    endloop
  endfacet
  facet normal -0.931344 0.36414 0
    outer loop
      vertex 9.84775 -20.2654 1.45
      vertex 9.87637 -20.1922 2
      vertex 9.87637 -20.1922 1.45
    endloop
  endfacet
  facet normal -0.931344 0.36414 0
    outer loop
      vertex 9.87637 -20.1922 2
      vertex 9.84775 -20.2654 1.45
      vertex 9.84775 -20.2654 2
    endloop
  endfacet
  facet normal -0.862947 0.505295 0
    outer loop
      vertex 9.70528 -20.545 1.45
      vertex 9.74498 -20.4772 2
      vertex 9.74498 -20.4772 1.45
    endloop
  endfacet
  facet normal -0.862947 0.505295 0
    outer loop
      vertex 9.74498 -20.4772 2
      vertex 9.70528 -20.545 1.45
      vertex 9.70528 -20.545 2
    endloop
  endfacet
  facet normal -0.327286 0.944925 0
    outer loop
      vertex 8.69223 -21.3764 1.45
      vertex 8.61803 -21.4021 2
      vertex 8.69223 -21.3764 2
    endloop
  endfacet
  facet normal -0.327286 0.944925 0
    outer loop
      vertex 8.61803 -21.4021 2
      vertex 8.69223 -21.3764 1.45
      vertex 8.61803 -21.4021 1.45
    endloop
  endfacet
  facet normal -0.603662 0.797241 0
    outer loop
      vertex 9.23817 -21.0706 1.45
      vertex 9.17557 -21.118 2
      vertex 9.23817 -21.0706 2
    endloop
  endfacet
  facet normal -0.603662 0.797241 0
    outer loop
      vertex 9.17557 -21.118 2
      vertex 9.23817 -21.0706 1.45
      vertex 9.17557 -21.118 1.45
    endloop
  endfacet
  facet normal -0.505572 0.862784 0
    outer loop
      vertex 9.04498 -21.2053 1.45
      vertex 8.97723 -21.245 2
      vertex 9.04498 -21.2053 2
    endloop
  endfacet
  facet normal -0.505572 0.862784 0
    outer loop
      vertex 8.97723 -21.245 2
      vertex 9.04498 -21.2053 1.45
      vertex 8.97723 -21.245 1.45
    endloop
  endfacet
  facet normal 0.0203753 0.999792 -0
    outer loop
      vertex -8 -21.5 1.45
      vertex -8.07851 -21.4984 2
      vertex -8 -21.5 2
    endloop
  endfacet
  facet normal 0.0203753 0.999792 0
    outer loop
      vertex -8.07851 -21.4984 2
      vertex -8 -21.5 1.45
      vertex -8.07851 -21.4984 1.45
    endloop
  endfacet
  facet normal 0.175747 0.984435 -0
    outer loop
      vertex -8.31287 -21.4754 1.45
      vertex -8.39017 -21.4616 2
      vertex -8.31287 -21.4754 2
    endloop
  endfacet
  facet normal 0.175747 0.984435 0
    outer loop
      vertex -8.39017 -21.4616 2
      vertex -8.31287 -21.4754 1.45
      vertex -8.39017 -21.4616 1.45
    endloop
  endfacet
  facet normal 0.471196 0.882028 -0
    outer loop
      vertex -8.90797 -21.282 1.45
      vertex -8.97723 -21.245 2
      vertex -8.90797 -21.282 2
    endloop
  endfacet
  facet normal 0.471196 0.882028 0
    outer loop
      vertex -8.97723 -21.245 2
      vertex -8.90797 -21.282 1.45
      vertex -8.97723 -21.245 1.45
    endloop
  endfacet
  facet normal 0.436692 0.899611 -0
    outer loop
      vertex -8.83731 -21.3163 1.45
      vertex -8.90797 -21.282 2
      vertex -8.83731 -21.3163 2
    endloop
  endfacet
  facet normal 0.436692 0.899611 0
    outer loop
      vertex -8.90797 -21.282 2
      vertex -8.83731 -21.3163 1.45
      vertex -8.90797 -21.282 1.45
    endloop
  endfacet
  facet normal 0.8817 0.471811 0
    outer loop
      vertex -9.74498 -20.4772 2
      vertex -9.78201 -20.408 1.45
      vertex -9.78201 -20.408 2
    endloop
  endfacet
  facet normal 0.8817 0.471811 0
    outer loop
      vertex -9.78201 -20.408 1.45
      vertex -9.74498 -20.4772 2
      vertex -9.74498 -20.4772 1.45
    endloop
  endfacet
  facet normal 0.899858 0.436183 0
    outer loop
      vertex -9.78201 -20.408 2
      vertex -9.81628 -20.3373 1.45
      vertex -9.81628 -20.3373 2
    endloop
  endfacet
  facet normal 0.899858 0.436183 0
    outer loop
      vertex -9.81628 -20.3373 1.45
      vertex -9.78201 -20.408 2
      vertex -9.78201 -20.408 1.45
    endloop
  endfacet
  facet normal 0.772918 0.634506 0
    outer loop
      vertex -9.5208 -20.7989 2
      vertex -9.57063 -20.7382 1.45
      vertex -9.57063 -20.7382 2
    endloop
  endfacet
  facet normal 0.772918 0.634506 0
    outer loop
      vertex -9.57063 -20.7382 1.45
      vertex -9.5208 -20.7989 2
      vertex -9.5208 -20.7989 1.45
    endloop
  endfacet
  facet normal 0.862947 0.505295 0
    outer loop
      vertex -9.70528 -20.545 2
      vertex -9.74498 -20.4772 1.45
      vertex -9.74498 -20.4772 2
    endloop
  endfacet
  facet normal 0.862947 0.505295 0
    outer loop
      vertex -9.74498 -20.4772 1.45
      vertex -9.70528 -20.545 2
      vertex -9.70528 -20.545 1.45
    endloop
  endfacet
  facet normal 0.842005 0.539469 0
    outer loop
      vertex -9.66293 -20.6111 2
      vertex -9.70528 -20.545 1.45
      vertex -9.70528 -20.545 2
    endloop
  endfacet
  facet normal 0.842005 0.539469 0
    outer loop
      vertex -9.70528 -20.545 1.45
      vertex -9.66293 -20.6111 2
      vertex -9.66293 -20.6111 1.45
    endloop
  endfacet
  facet normal 0.976762 0.214327 0
    outer loop
      vertex -9.94473 -19.9669 2
      vertex -9.96156 -19.8902 1.45
      vertex -9.96156 -19.8902 2
    endloop
  endfacet
  facet normal 0.976762 0.214327 0
    outer loop
      vertex -9.96156 -19.8902 1.45
      vertex -9.94473 -19.9669 2
      vertex -9.94473 -19.9669 1.45
    endloop
  endfacet
  facet normal 0.999803 0.0198687 0
    outer loop
      vertex -9.99844 -19.5785 2
      vertex -10 -19.5 1.45
      vertex -10 -19.5 2
    endloop
  endfacet
  facet normal 0.999803 0.0198687 0
    outer loop
      vertex -10 -19.5 1.45
      vertex -9.99844 -19.5785 2
      vertex -9.99844 -19.5785 1.45
    endloop
  endfacet
  facet normal 0.999803 -0.0198687 0
    outer loop
      vertex -10 -15.5 2
      vertex -9.99844 -15.4215 1.45
      vertex -9.99844 -15.4215 2
    endloop
  endfacet
  facet normal 0.999803 -0.0198687 0
    outer loop
      vertex -9.99844 -15.4215 1.45
      vertex -10 -15.5 2
      vertex -10 -15.5 1.45
    endloop
  endfacet
  facet normal 0.998268 -0.0588265 0
    outer loop
      vertex -9.99844 -15.4215 2
      vertex -9.99382 -15.3431 1.45
      vertex -9.99382 -15.3431 2
    endloop
  endfacet
  facet normal 0.998268 -0.0588265 0
    outer loop
      vertex -9.99382 -15.3431 1.45
      vertex -9.99844 -15.4215 2
      vertex -9.99844 -15.4215 1.45
    endloop
  endfacet
  facet normal -0.290325 -0.956928 0
    outer loop
      vertex 8.54288 -13.5751 1.45
      vertex 8.61803 -13.5979 2
      vertex 8.54288 -13.5751 2
    endloop
  endfacet
  facet normal -0.290325 -0.956928 -0
    outer loop
      vertex 8.61803 -13.5979 2
      vertex 8.54288 -13.5751 1.45
      vertex 8.61803 -13.5979 1.45
    endloop
  endfacet
  facet normal -0.692892 -0.721041 0
    outer loop
      vertex 9.35759 -14.0314 1.45
      vertex 9.4142 -14.0858 2
      vertex 9.35759 -14.0314 2
    endloop
  endfacet
  facet normal -0.692892 -0.721041 -0
    outer loop
      vertex 9.4142 -14.0858 2
      vertex 9.35759 -14.0314 1.45
      vertex 9.4142 -14.0858 1.45
    endloop
  endfacet
  facet normal -0.571684 -0.820474 0
    outer loop
      vertex 9.11113 -13.8371 1.45
      vertex 9.17557 -13.882 2
      vertex 9.11113 -13.8371 2
    endloop
  endfacet
  facet normal -0.571684 -0.820474 -0
    outer loop
      vertex 9.17557 -13.882 2
      vertex 9.11113 -13.8371 1.45
      vertex 9.17557 -13.882 1.45
    endloop
  endfacet
  facet normal -0.8817 -0.471811 0
    outer loop
      vertex 9.78201 -14.592 1.45
      vertex 9.74498 -14.5228 2
      vertex 9.74498 -14.5228 1.45
    endloop
  endfacet
  facet normal -0.8817 -0.471811 0
    outer loop
      vertex 9.74498 -14.5228 2
      vertex 9.78201 -14.592 1.45
      vertex 9.78201 -14.592 2
    endloop
  endfacet
  facet normal -0.899858 -0.436183 0
    outer loop
      vertex 9.81628 -14.6627 1.45
      vertex 9.78201 -14.592 2
      vertex 9.78201 -14.592 1.45
    endloop
  endfacet
  facet normal -0.899858 -0.436183 0
    outer loop
      vertex 9.78201 -14.592 2
      vertex 9.81628 -14.6627 1.45
      vertex 9.81628 -14.6627 2
    endloop
  endfacet
  facet normal -0.772918 -0.634506 0
    outer loop
      vertex 9.57063 -14.2618 1.45
      vertex 9.5208 -14.2011 2
      vertex 9.5208 -14.2011 1.45
    endloop
  endfacet
  facet normal -0.772918 -0.634506 0
    outer loop
      vertex 9.5208 -14.2011 2
      vertex 9.57063 -14.2618 1.45
      vertex 9.57063 -14.2618 2
    endloop
  endfacet
  facet normal -0.990571 -0.136999 0
    outer loop
      vertex 9.98613 -15.2649 1.45
      vertex 9.97537 -15.1871 2
      vertex 9.97537 -15.1871 1.45
    endloop
  endfacet
  facet normal -0.990571 -0.136999 0
    outer loop
      vertex 9.97537 -15.1871 2
      vertex 9.98613 -15.2649 1.45
      vertex 9.98613 -15.2649 2
    endloop
  endfacet
  facet normal -0.976762 -0.214327 0
    outer loop
      vertex 9.96156 -15.1098 1.45
      vertex 9.94473 -15.0331 2
      vertex 9.94473 -15.0331 1.45
    endloop
  endfacet
  facet normal -0.976762 -0.214327 0
    outer loop
      vertex 9.94473 -15.0331 2
      vertex 9.96156 -15.1098 1.45
      vertex 9.96156 -15.1098 2
    endloop
  endfacet
  facet normal -0.984413 -0.17587 0
    outer loop
      vertex 9.97537 -15.1871 1.45
      vertex 9.96156 -15.1098 2
      vertex 9.96156 -15.1098 1.45
    endloop
  endfacet
  facet normal -0.984413 -0.17587 0
    outer loop
      vertex 9.96156 -15.1098 2
      vertex 9.97537 -15.1871 1.45
      vertex 9.97537 -15.1871 2
    endloop
  endfacet
  facet normal -0.998268 -0.0588265 0
    outer loop
      vertex 9.99844 -15.4215 1.45
      vertex 9.99382 -15.3431 2
      vertex 9.99382 -15.3431 1.45
    endloop
  endfacet
  facet normal -0.998268 -0.0588265 0
    outer loop
      vertex 9.99382 -15.3431 2
      vertex 9.99844 -15.4215 1.45
      vertex 9.99844 -15.4215 2
    endloop
  endfacet
  facet normal -0.998268 0.0588265 0
    outer loop
      vertex 9.99382 -19.6569 1.45
      vertex 9.99844 -19.5785 2
      vertex 9.99844 -19.5785 1.45
    endloop
  endfacet
  facet normal -0.998268 0.0588265 0
    outer loop
      vertex 9.99844 -19.5785 2
      vertex 9.99382 -19.6569 1.45
      vertex 9.99382 -19.6569 2
    endloop
  endfacet
  facet normal -0.9952 0.0978655 0
    outer loop
      vertex 9.98613 -19.7351 1.45
      vertex 9.99382 -19.6569 2
      vertex 9.99382 -19.6569 1.45
    endloop
  endfacet
  facet normal -0.9952 0.0978655 0
    outer loop
      vertex 9.99382 -19.6569 2
      vertex 9.98613 -19.7351 1.45
      vertex 9.98613 -19.7351 2
    endloop
  endfacet
  facet normal -0.175747 -0.984435 0
    outer loop
      vertex 8.31287 -13.5246 1.45
      vertex 8.39017 -13.5384 2
      vertex 8.31287 -13.5246 2
    endloop
  endfacet
  facet normal -0.175747 -0.984435 -0
    outer loop
      vertex 8.39017 -13.5384 2
      vertex 8.31287 -13.5246 1.45
      vertex 8.39017 -13.5384 1.45
    endloop
  endfacet
  facet normal -0.0980537 -0.995181 0
    outer loop
      vertex 8.15691 -13.5062 1.45
      vertex 8.23506 -13.5139 2
      vertex 8.15691 -13.5062 2
    endloop
  endfacet
  facet normal -0.0980537 -0.995181 -0
    outer loop
      vertex 8.23506 -13.5139 2
      vertex 8.15691 -13.5062 1.45
      vertex 8.23506 -13.5139 1.45
    endloop
  endfacet
  facet normal -0.0585727 -0.998283 0
    outer loop
      vertex 8.07851 -13.5016 1.45
      vertex 8.15691 -13.5062 2
      vertex 8.07851 -13.5016 2
    endloop
  endfacet
  facet normal -0.0585727 -0.998283 -0
    outer loop
      vertex 8.15691 -13.5062 2
      vertex 8.07851 -13.5016 1.45
      vertex 8.15691 -13.5062 1.45
    endloop
  endfacet
  facet normal -0.984413 0.17587 0
    outer loop
      vertex 9.96156 -19.8902 1.45
      vertex 9.97537 -19.8129 2
      vertex 9.97537 -19.8129 1.45
    endloop
  endfacet
  facet normal -0.984413 0.17587 0
    outer loop
      vertex 9.97537 -19.8129 2
      vertex 9.96156 -19.8902 1.45
      vertex 9.96156 -19.8902 2
    endloop
  endfacet
  facet normal -0.976762 0.214327 0
    outer loop
      vertex 9.94473 -19.9669 1.45
      vertex 9.96156 -19.8902 2
      vertex 9.96156 -19.8902 1.45
    endloop
  endfacet
  facet normal -0.976762 0.214327 0
    outer loop
      vertex 9.96156 -19.8902 2
      vertex 9.94473 -19.9669 1.45
      vertex 9.94473 -19.9669 2
    endloop
  endfacet
  facet normal -0.899858 0.436183 0
    outer loop
      vertex 9.78201 -20.408 1.45
      vertex 9.81628 -20.3373 2
      vertex 9.81628 -20.3373 1.45
    endloop
  endfacet
  facet normal -0.899858 0.436183 0
    outer loop
      vertex 9.81628 -20.3373 2
      vertex 9.78201 -20.408 1.45
      vertex 9.78201 -20.408 2
    endloop
  endfacet
  facet normal -0.692892 0.721041 0
    outer loop
      vertex 9.4142 -20.9142 1.45
      vertex 9.35759 -20.9686 2
      vertex 9.4142 -20.9142 2
    endloop
  endfacet
  facet normal -0.692892 0.721041 0
    outer loop
      vertex 9.35759 -20.9686 2
      vertex 9.4142 -20.9142 1.45
      vertex 9.35759 -20.9686 1.45
    endloop
  endfacet
  facet normal -0.747522 0.664237 0
    outer loop
      vertex 9.46864 -20.8576 1.45
      vertex 9.5208 -20.7989 2
      vertex 9.5208 -20.7989 1.45
    endloop
  endfacet
  facet normal -0.747522 0.664237 0
    outer loop
      vertex 9.5208 -20.7989 2
      vertex 9.46864 -20.8576 1.45
      vertex 9.46864 -20.8576 2
    endloop
  endfacet
  facet normal -0.820724 0.571325 0
    outer loop
      vertex 9.61803 -20.6756 1.45
      vertex 9.66293 -20.6111 2
      vertex 9.66293 -20.6111 1.45
    endloop
  endfacet
  facet normal -0.820724 0.571325 0
    outer loop
      vertex 9.66293 -20.6111 2
      vertex 9.61803 -20.6756 1.45
      vertex 9.61803 -20.6756 2
    endloop
  endfacet
  facet normal -0.842005 0.539469 0
    outer loop
      vertex 9.66293 -20.6111 1.45
      vertex 9.70528 -20.545 2
      vertex 9.70528 -20.545 1.45
    endloop
  endfacet
  facet normal -0.842005 0.539469 0
    outer loop
      vertex 9.70528 -20.545 2
      vertex 9.66293 -20.6111 1.45
      vertex 9.66293 -20.6111 2
    endloop
  endfacet
  facet normal -0.797241 0.603662 0
    outer loop
      vertex 9.57063 -20.7382 1.45
      vertex 9.61803 -20.6756 2
      vertex 9.61803 -20.6756 1.45
    endloop
  endfacet
  facet normal -0.797241 0.603662 0
    outer loop
      vertex 9.61803 -20.6756 2
      vertex 9.57063 -20.7382 1.45
      vertex 9.57063 -20.7382 2
    endloop
  endfacet
  facet normal -0.720725 0.693221 0
    outer loop
      vertex 9.4142 -20.9142 1.45
      vertex 9.46864 -20.8576 2
      vertex 9.46864 -20.8576 1.45
    endloop
  endfacet
  facet normal -0.720725 0.693221 0
    outer loop
      vertex 9.46864 -20.8576 2
      vertex 9.4142 -20.9142 1.45
      vertex 9.4142 -20.9142 2
    endloop
  endfacet
  facet normal -0.0980537 0.995181 0
    outer loop
      vertex 8.23506 -21.4861 1.45
      vertex 8.15691 -21.4938 2
      vertex 8.23506 -21.4861 2
    endloop
  endfacet
  facet normal -0.0980537 0.995181 0
    outer loop
      vertex 8.15691 -21.4938 2
      vertex 8.23506 -21.4861 1.45
      vertex 8.15691 -21.4938 1.45
    endloop
  endfacet
  facet normal -0.215124 0.976587 0
    outer loop
      vertex 8.46689 -21.4447 1.45
      vertex 8.39017 -21.4616 2
      vertex 8.46689 -21.4447 2
    endloop
  endfacet
  facet normal -0.215124 0.976587 0
    outer loop
      vertex 8.39017 -21.4616 2
      vertex 8.46689 -21.4447 1.45
      vertex 8.39017 -21.4616 1.45
    endloop
  endfacet
  facet normal -0.136232 0.990677 0
    outer loop
      vertex 8.31287 -21.4754 1.45
      vertex 8.23506 -21.4861 2
      vertex 8.31287 -21.4754 2
    endloop
  endfacet
  facet normal -0.136232 0.990677 0
    outer loop
      vertex 8.23506 -21.4861 2
      vertex 8.31287 -21.4754 1.45
      vertex 8.23506 -21.4861 1.45
    endloop
  endfacet
  facet normal -0.175747 0.984435 0
    outer loop
      vertex 8.39017 -21.4616 1.45
      vertex 8.31287 -21.4754 2
      vertex 8.39017 -21.4616 2
    endloop
  endfacet
  facet normal -0.175747 0.984435 0
    outer loop
      vertex 8.31287 -21.4754 2
      vertex 8.39017 -21.4616 1.45
      vertex 8.31287 -21.4754 1.45
    endloop
  endfacet
  facet normal -0.40003 0.916502 0
    outer loop
      vertex 8.83731 -21.3163 1.45
      vertex 8.76537 -21.3477 2
      vertex 8.83731 -21.3163 2
    endloop
  endfacet
  facet normal -0.40003 0.916502 0
    outer loop
      vertex 8.76537 -21.3477 2
      vertex 8.83731 -21.3163 1.45
      vertex 8.76537 -21.3477 1.45
    endloop
  endfacet
  facet normal -0.365282 0.930897 0
    outer loop
      vertex 8.76537 -21.3477 1.45
      vertex 8.69223 -21.3764 2
      vertex 8.76537 -21.3477 2
    endloop
  endfacet
  facet normal -0.365282 0.930897 0
    outer loop
      vertex 8.69223 -21.3764 2
      vertex 8.76537 -21.3477 1.45
      vertex 8.69223 -21.3764 1.45
    endloop
  endfacet
  facet normal -0.664522 0.747269 0
    outer loop
      vertex 9.35759 -20.9686 1.45
      vertex 9.29889 -21.0208 2
      vertex 9.35759 -20.9686 2
    endloop
  endfacet
  facet normal -0.664522 0.747269 0
    outer loop
      vertex 9.29889 -21.0208 2
      vertex 9.35759 -20.9686 1.45
      vertex 9.29889 -21.0208 1.45
    endloop
  endfacet
  facet normal -0.634153 0.773208 0
    outer loop
      vertex 9.29889 -21.0208 1.45
      vertex 9.23817 -21.0706 2
      vertex 9.29889 -21.0208 2
    endloop
  endfacet
  facet normal -0.634153 0.773208 0
    outer loop
      vertex 9.23817 -21.0706 2
      vertex 9.29889 -21.0208 1.45
      vertex 9.23817 -21.0706 1.45
    endloop
  endfacet
  facet normal -0.571684 0.820474 0
    outer loop
      vertex 9.17557 -21.118 1.45
      vertex 9.11113 -21.1629 2
      vertex 9.17557 -21.118 2
    endloop
  endfacet
  facet normal -0.571684 0.820474 0
    outer loop
      vertex 9.11113 -21.1629 2
      vertex 9.17557 -21.118 1.45
      vertex 9.11113 -21.1629 1.45
    endloop
  endfacet
  facet normal -0.471196 0.882028 0
    outer loop
      vertex 8.97723 -21.245 1.45
      vertex 8.90797 -21.282 2
      vertex 8.97723 -21.245 2
    endloop
  endfacet
  facet normal -0.471196 0.882028 0
    outer loop
      vertex 8.90797 -21.282 2
      vertex 8.97723 -21.245 1.45
      vertex 8.90797 -21.282 1.45
    endloop
  endfacet
  facet normal -0.436692 0.899611 0
    outer loop
      vertex 8.90797 -21.282 1.45
      vertex 8.83731 -21.3163 2
      vertex 8.90797 -21.282 2
    endloop
  endfacet
  facet normal -0.436692 0.899611 0
    outer loop
      vertex 8.83731 -21.3163 2
      vertex 8.90797 -21.282 1.45
      vertex 8.83731 -21.3163 1.45
    endloop
  endfacet
  facet normal 0.252142 0.96769 -0
    outer loop
      vertex -8.46689 -21.4447 1.45
      vertex -8.54288 -21.4249 2
      vertex -8.46689 -21.4447 2
    endloop
  endfacet
  facet normal 0.252142 0.96769 0
    outer loop
      vertex -8.54288 -21.4249 2
      vertex -8.46689 -21.4447 1.45
      vertex -8.54288 -21.4249 1.45
    endloop
  endfacet
  facet normal 0.290325 0.956928 -0
    outer loop
      vertex -8.54288 -21.4249 1.45
      vertex -8.61803 -21.4021 2
      vertex -8.54288 -21.4249 2
    endloop
  endfacet
  facet normal 0.290325 0.956928 0
    outer loop
      vertex -8.61803 -21.4021 2
      vertex -8.54288 -21.4249 1.45
      vertex -8.61803 -21.4021 1.45
    endloop
  endfacet
  facet normal 0.692892 0.721041 -0
    outer loop
      vertex -9.35759 -20.9686 1.45
      vertex -9.4142 -20.9142 2
      vertex -9.35759 -20.9686 2
    endloop
  endfacet
  facet normal 0.692892 0.721041 0
    outer loop
      vertex -9.4142 -20.9142 2
      vertex -9.35759 -20.9686 1.45
      vertex -9.4142 -20.9142 1.45
    endloop
  endfacet
  facet normal 0.571684 0.820474 -0
    outer loop
      vertex -9.11113 -21.1629 1.45
      vertex -9.17557 -21.118 2
      vertex -9.11113 -21.1629 2
    endloop
  endfacet
  facet normal 0.571684 0.820474 0
    outer loop
      vertex -9.17557 -21.118 2
      vertex -9.11113 -21.1629 1.45
      vertex -9.17557 -21.118 1.45
    endloop
  endfacet
  facet normal 0.603662 0.797241 -0
    outer loop
      vertex -9.17557 -21.118 1.45
      vertex -9.23817 -21.0706 2
      vertex -9.17557 -21.118 2
    endloop
  endfacet
  facet normal 0.603662 0.797241 0
    outer loop
      vertex -9.23817 -21.0706 2
      vertex -9.17557 -21.118 1.45
      vertex -9.23817 -21.0706 1.45
    endloop
  endfacet
  facet normal 0.634153 0.773208 -0
    outer loop
      vertex -9.23817 -21.0706 1.45
      vertex -9.29889 -21.0208 2
      vertex -9.23817 -21.0706 2
    endloop
  endfacet
  facet normal 0.634153 0.773208 0
    outer loop
      vertex -9.29889 -21.0208 2
      vertex -9.23817 -21.0706 1.45
      vertex -9.29889 -21.0208 1.45
    endloop
  endfacet
  facet normal 0.664522 0.747269 -0
    outer loop
      vertex -9.29889 -21.0208 1.45
      vertex -9.35759 -20.9686 2
      vertex -9.29889 -21.0208 2
    endloop
  endfacet
  facet normal 0.664522 0.747269 0
    outer loop
      vertex -9.35759 -20.9686 2
      vertex -9.29889 -21.0208 1.45
      vertex -9.35759 -20.9686 1.45
    endloop
  endfacet
  facet normal 0.539631 0.841901 -0
    outer loop
      vertex -9.04498 -21.2053 1.45
      vertex -9.11113 -21.1629 2
      vertex -9.04498 -21.2053 2
    endloop
  endfacet
  facet normal 0.539631 0.841901 0
    outer loop
      vertex -9.11113 -21.1629 2
      vertex -9.04498 -21.2053 1.45
      vertex -9.11113 -21.1629 1.45
    endloop
  endfacet
  facet normal 0.967605 0.252469 0
    outer loop
      vertex -9.9249 -20.0429 2
      vertex -9.94473 -19.9669 1.45
      vertex -9.94473 -19.9669 2
    endloop
  endfacet
  facet normal 0.967605 0.252469 0
    outer loop
      vertex -9.94473 -19.9669 1.45
      vertex -9.9249 -20.0429 2
      vertex -9.9249 -20.0429 1.45
    endloop
  endfacet
  facet normal 0.931344 0.36414 0
    outer loop
      vertex -9.84775 -20.2654 2
      vertex -9.87637 -20.1922 1.45
      vertex -9.87637 -20.1922 2
    endloop
  endfacet
  facet normal 0.931344 0.36414 0
    outer loop
      vertex -9.87637 -20.1922 1.45
      vertex -9.84775 -20.2654 2
      vertex -9.84775 -20.2654 1.45
    endloop
  endfacet
  facet normal 0.944807 0.327627 0
    outer loop
      vertex -9.87637 -20.1922 2
      vertex -9.9021 -20.118 1.45
      vertex -9.9021 -20.118 2
    endloop
  endfacet
  facet normal 0.944807 0.327627 0
    outer loop
      vertex -9.9021 -20.118 1.45
      vertex -9.87637 -20.1922 2
      vertex -9.87637 -20.1922 1.45
    endloop
  endfacet
  facet normal 0.916093 0.400966 0
    outer loop
      vertex -9.81628 -20.3373 2
      vertex -9.84775 -20.2654 1.45
      vertex -9.84775 -20.2654 2
    endloop
  endfacet
  facet normal 0.916093 0.400966 0
    outer loop
      vertex -9.84775 -20.2654 1.45
      vertex -9.81628 -20.3373 2
      vertex -9.81628 -20.3373 1.45
    endloop
  endfacet
  facet normal 0.720725 0.693221 0
    outer loop
      vertex -9.4142 -20.9142 2
      vertex -9.46864 -20.8576 1.45
      vertex -9.46864 -20.8576 2
    endloop
  endfacet
  facet normal 0.720725 0.693221 0
    outer loop
      vertex -9.46864 -20.8576 1.45
      vertex -9.4142 -20.9142 2
      vertex -9.4142 -20.9142 1.45
    endloop
  endfacet
  facet normal 0.747522 0.664237 0
    outer loop
      vertex -9.46864 -20.8576 2
      vertex -9.5208 -20.7989 1.45
      vertex -9.5208 -20.7989 2
    endloop
  endfacet
  facet normal 0.747522 0.664237 0
    outer loop
      vertex -9.5208 -20.7989 1.45
      vertex -9.46864 -20.8576 2
      vertex -9.46864 -20.8576 1.45
    endloop
  endfacet
  facet normal 0.797241 0.603662 0
    outer loop
      vertex -9.57063 -20.7382 2
      vertex -9.61803 -20.6756 1.45
      vertex -9.61803 -20.6756 2
    endloop
  endfacet
  facet normal 0.797241 0.603662 0
    outer loop
      vertex -9.61803 -20.6756 1.45
      vertex -9.57063 -20.7382 2
      vertex -9.57063 -20.7382 1.45
    endloop
  endfacet
  facet normal 0.998268 0.0588265 0
    outer loop
      vertex -9.99382 -19.6569 2
      vertex -9.99844 -19.5785 1.45
      vertex -9.99844 -19.5785 2
    endloop
  endfacet
  facet normal 0.998268 0.0588265 0
    outer loop
      vertex -9.99844 -19.5785 1.45
      vertex -9.99382 -19.6569 2
      vertex -9.99382 -19.6569 1.45
    endloop
  endfacet
  facet normal -0.252142 -0.96769 0
    outer loop
      vertex 8.46689 -13.5553 1.45
      vertex 8.54288 -13.5751 2
      vertex 8.46689 -13.5553 2
    endloop
  endfacet
  facet normal -0.252142 -0.96769 -0
    outer loop
      vertex 8.54288 -13.5751 2
      vertex 8.46689 -13.5553 1.45
      vertex 8.54288 -13.5751 1.45
    endloop
  endfacet
  facet normal -0.471196 -0.882028 0
    outer loop
      vertex 8.90797 -13.718 1.45
      vertex 8.97723 -13.755 2
      vertex 8.90797 -13.718 2
    endloop
  endfacet
  facet normal -0.471196 -0.882028 -0
    outer loop
      vertex 8.97723 -13.755 2
      vertex 8.90797 -13.718 1.45
      vertex 8.97723 -13.755 1.45
    endloop
  endfacet
  facet normal -0.634153 -0.773208 0
    outer loop
      vertex 9.23817 -13.9294 1.45
      vertex 9.29889 -13.9792 2
      vertex 9.23817 -13.9294 2
    endloop
  endfacet
  facet normal -0.634153 -0.773208 -0
    outer loop
      vertex 9.29889 -13.9792 2
      vertex 9.23817 -13.9294 1.45
      vertex 9.29889 -13.9792 1.45
    endloop
  endfacet
  facet normal -0.603662 -0.797241 0
    outer loop
      vertex 9.17557 -13.882 1.45
      vertex 9.23817 -13.9294 2
      vertex 9.17557 -13.882 2
    endloop
  endfacet
  facet normal -0.603662 -0.797241 -0
    outer loop
      vertex 9.23817 -13.9294 2
      vertex 9.17557 -13.882 1.45
      vertex 9.23817 -13.9294 1.45
    endloop
  endfacet
  facet normal -0.664522 -0.747269 0
    outer loop
      vertex 9.29889 -13.9792 1.45
      vertex 9.35759 -14.0314 2
      vertex 9.29889 -13.9792 2
    endloop
  endfacet
  facet normal -0.664522 -0.747269 -0
    outer loop
      vertex 9.35759 -14.0314 2
      vertex 9.29889 -13.9792 1.45
      vertex 9.35759 -14.0314 1.45
    endloop
  endfacet
  facet normal -0.539631 -0.841901 0
    outer loop
      vertex 9.04498 -13.7947 1.45
      vertex 9.11113 -13.8371 2
      vertex 9.04498 -13.7947 2
    endloop
  endfacet
  facet normal -0.539631 -0.841901 -0
    outer loop
      vertex 9.11113 -13.8371 2
      vertex 9.04498 -13.7947 1.45
      vertex 9.11113 -13.8371 1.45
    endloop
  endfacet
  facet normal -0.931344 -0.36414 0
    outer loop
      vertex 9.87637 -14.8078 1.45
      vertex 9.84775 -14.7346 2
      vertex 9.84775 -14.7346 1.45
    endloop
  endfacet
  facet normal -0.931344 -0.36414 0
    outer loop
      vertex 9.84775 -14.7346 2
      vertex 9.87637 -14.8078 1.45
      vertex 9.87637 -14.8078 2
    endloop
  endfacet
  facet normal -0.956874 -0.290502 0
    outer loop
      vertex 9.9249 -14.9571 1.45
      vertex 9.9021 -14.882 2
      vertex 9.9021 -14.882 1.45
    endloop
  endfacet
  facet normal -0.956874 -0.290502 0
    outer loop
      vertex 9.9021 -14.882 2
      vertex 9.9249 -14.9571 1.45
      vertex 9.9249 -14.9571 2
    endloop
  endfacet
  facet normal -0.720725 -0.693221 0
    outer loop
      vertex 9.46864 -14.1424 1.45
      vertex 9.4142 -14.0858 2
      vertex 9.4142 -14.0858 1.45
    endloop
  endfacet
  facet normal -0.720725 -0.693221 0
    outer loop
      vertex 9.4142 -14.0858 2
      vertex 9.46864 -14.1424 1.45
      vertex 9.46864 -14.1424 2
    endloop
  endfacet
  facet normal -0.862947 -0.505295 0
    outer loop
      vertex 9.74498 -14.5228 1.45
      vertex 9.70528 -14.455 2
      vertex 9.70528 -14.455 1.45
    endloop
  endfacet
  facet normal -0.862947 -0.505295 0
    outer loop
      vertex 9.70528 -14.455 2
      vertex 9.74498 -14.5228 1.45
      vertex 9.74498 -14.5228 2
    endloop
  endfacet
  facet normal -0.842005 -0.539469 0
    outer loop
      vertex 9.70528 -14.455 1.45
      vertex 9.66293 -14.3889 2
      vertex 9.66293 -14.3889 1.45
    endloop
  endfacet
  facet normal -0.842005 -0.539469 0
    outer loop
      vertex 9.66293 -14.3889 2
      vertex 9.70528 -14.455 1.45
      vertex 9.70528 -14.455 2
    endloop
  endfacet
  facet normal -0.999803 0.0198687 0
    outer loop
      vertex 9.99844 -19.5785 1.45
      vertex 10 -19.5 2
      vertex 10 -19.5 1.45
    endloop
  endfacet
  facet normal -0.999803 0.0198687 0
    outer loop
      vertex 10 -19.5 2
      vertex 9.99844 -19.5785 1.45
      vertex 9.99844 -19.5785 2
    endloop
  endfacet
  facet normal 0.664522 -0.747269 0
    outer loop
      vertex -9.35759 -14.0314 1.45
      vertex -9.29889 -13.9792 2
      vertex -9.35759 -14.0314 2
    endloop
  endfacet
  facet normal 0.664522 -0.747269 0
    outer loop
      vertex -9.29889 -13.9792 2
      vertex -9.35759 -14.0314 1.45
      vertex -9.29889 -13.9792 1.45
    endloop
  endfacet
  facet normal 0.215124 -0.976587 0
    outer loop
      vertex -8.46689 -13.5553 1.45
      vertex -8.39017 -13.5384 2
      vertex -8.46689 -13.5553 2
    endloop
  endfacet
  facet normal 0.215124 -0.976587 0
    outer loop
      vertex -8.39017 -13.5384 2
      vertex -8.46689 -13.5553 1.45
      vertex -8.39017 -13.5384 1.45
    endloop
  endfacet
  facet normal 0.603662 -0.797241 0
    outer loop
      vertex -9.23817 -13.9294 1.45
      vertex -9.17557 -13.882 2
      vertex -9.23817 -13.9294 2
    endloop
  endfacet
  facet normal 0.603662 -0.797241 0
    outer loop
      vertex -9.17557 -13.882 2
      vertex -9.23817 -13.9294 1.45
      vertex -9.17557 -13.882 1.45
    endloop
  endfacet
  facet normal 0.471196 -0.882028 0
    outer loop
      vertex -8.97723 -13.755 1.45
      vertex -8.90797 -13.718 2
      vertex -8.97723 -13.755 2
    endloop
  endfacet
  facet normal 0.471196 -0.882028 0
    outer loop
      vertex -8.90797 -13.718 2
      vertex -8.97723 -13.755 1.45
      vertex -8.90797 -13.718 1.45
    endloop
  endfacet
  facet normal 0.327286 -0.944925 0
    outer loop
      vertex -8.69223 -13.6236 1.45
      vertex -8.61803 -13.5979 2
      vertex -8.69223 -13.6236 2
    endloop
  endfacet
  facet normal 0.327286 -0.944925 0
    outer loop
      vertex -8.61803 -13.5979 2
      vertex -8.69223 -13.6236 1.45
      vertex -8.61803 -13.5979 1.45
    endloop
  endfacet
  facet normal 0.40003 -0.916502 0
    outer loop
      vertex -8.83731 -13.6837 1.45
      vertex -8.76537 -13.6523 2
      vertex -8.83731 -13.6837 2
    endloop
  endfacet
  facet normal 0.40003 -0.916502 0
    outer loop
      vertex -8.76537 -13.6523 2
      vertex -8.83731 -13.6837 1.45
      vertex -8.76537 -13.6523 1.45
    endloop
  endfacet
  facet normal 0.772918 -0.634506 0
    outer loop
      vertex -9.57063 -14.2618 2
      vertex -9.5208 -14.2011 1.45
      vertex -9.5208 -14.2011 2
    endloop
  endfacet
  facet normal 0.772918 -0.634506 0
    outer loop
      vertex -9.5208 -14.2011 1.45
      vertex -9.57063 -14.2618 2
      vertex -9.57063 -14.2618 1.45
    endloop
  endfacet
  facet normal 0.820724 -0.571325 0
    outer loop
      vertex -9.66293 -14.3889 2
      vertex -9.61803 -14.3244 1.45
      vertex -9.61803 -14.3244 2
    endloop
  endfacet
  facet normal 0.820724 -0.571325 0
    outer loop
      vertex -9.61803 -14.3244 1.45
      vertex -9.66293 -14.3889 2
      vertex -9.66293 -14.3889 1.45
    endloop
  endfacet
  facet normal 0.862947 -0.505295 0
    outer loop
      vertex -9.74498 -14.5228 2
      vertex -9.70528 -14.455 1.45
      vertex -9.70528 -14.455 2
    endloop
  endfacet
  facet normal 0.862947 -0.505295 0
    outer loop
      vertex -9.70528 -14.455 1.45
      vertex -9.74498 -14.5228 2
      vertex -9.74498 -14.5228 1.45
    endloop
  endfacet
  facet normal 0.956874 -0.290502 0
    outer loop
      vertex -9.9249 -14.9571 2
      vertex -9.9021 -14.882 1.45
      vertex -9.9021 -14.882 2
    endloop
  endfacet
  facet normal 0.956874 -0.290502 0
    outer loop
      vertex -9.9021 -14.882 1.45
      vertex -9.9249 -14.9571 2
      vertex -9.9249 -14.9571 1.45
    endloop
  endfacet
  facet normal 0.976762 -0.214327 0
    outer loop
      vertex -9.96156 -15.1098 2
      vertex -9.94473 -15.0331 1.45
      vertex -9.94473 -15.0331 2
    endloop
  endfacet
  facet normal 0.976762 -0.214327 0
    outer loop
      vertex -9.94473 -15.0331 1.45
      vertex -9.96156 -15.1098 2
      vertex -9.96156 -15.1098 1.45
    endloop
  endfacet
  facet normal 0.899858 -0.436183 0
    outer loop
      vertex -9.81628 -14.6627 2
      vertex -9.78201 -14.592 1.45
      vertex -9.78201 -14.592 2
    endloop
  endfacet
  facet normal 0.899858 -0.436183 0
    outer loop
      vertex -9.78201 -14.592 1.45
      vertex -9.81628 -14.6627 2
      vertex -9.81628 -14.6627 1.45
    endloop
  endfacet
  facet normal -0.956874 0.290502 0
    outer loop
      vertex 9.9021 -20.118 1.45
      vertex 9.9249 -20.0429 2
      vertex 9.9249 -20.0429 1.45
    endloop
  endfacet
  facet normal -0.956874 0.290502 0
    outer loop
      vertex 9.9249 -20.0429 2
      vertex 9.9021 -20.118 1.45
      vertex 9.9021 -20.118 2
    endloop
  endfacet
  facet normal -0.916093 0.400966 0
    outer loop
      vertex 9.81628 -20.3373 1.45
      vertex 9.84775 -20.2654 2
      vertex 9.84775 -20.2654 1.45
    endloop
  endfacet
  facet normal -0.916093 0.400966 0
    outer loop
      vertex 9.84775 -20.2654 2
      vertex 9.81628 -20.3373 1.45
      vertex 9.81628 -20.3373 2
    endloop
  endfacet
  facet normal -0.772918 0.634506 0
    outer loop
      vertex 9.5208 -20.7989 1.45
      vertex 9.57063 -20.7382 2
      vertex 9.57063 -20.7382 1.45
    endloop
  endfacet
  facet normal -0.772918 0.634506 0
    outer loop
      vertex 9.57063 -20.7382 2
      vertex 9.5208 -20.7989 1.45
      vertex 9.5208 -20.7989 2
    endloop
  endfacet
  facet normal -0.8817 0.471811 0
    outer loop
      vertex 9.74498 -20.4772 1.45
      vertex 9.78201 -20.408 2
      vertex 9.78201 -20.408 1.45
    endloop
  endfacet
  facet normal -0.8817 0.471811 0
    outer loop
      vertex 9.78201 -20.408 2
      vertex 9.74498 -20.4772 1.45
      vertex 9.74498 -20.4772 2
    endloop
  endfacet
  facet normal -0.252142 0.96769 0
    outer loop
      vertex 8.54288 -21.4249 1.45
      vertex 8.46689 -21.4447 2
      vertex 8.54288 -21.4249 2
    endloop
  endfacet
  facet normal -0.252142 0.96769 0
    outer loop
      vertex 8.46689 -21.4447 2
      vertex 8.54288 -21.4249 1.45
      vertex 8.46689 -21.4447 1.45
    endloop
  endfacet
  facet normal -0.290325 0.956928 0
    outer loop
      vertex 8.61803 -21.4021 1.45
      vertex 8.54288 -21.4249 2
      vertex 8.61803 -21.4021 2
    endloop
  endfacet
  facet normal -0.290325 0.956928 0
    outer loop
      vertex 8.54288 -21.4249 2
      vertex 8.61803 -21.4021 1.45
      vertex 8.54288 -21.4249 1.45
    endloop
  endfacet
  facet normal 0.365282 0.930897 -0
    outer loop
      vertex -8.69223 -21.3764 1.45
      vertex -8.76537 -21.3477 2
      vertex -8.69223 -21.3764 2
    endloop
  endfacet
  facet normal 0.365282 0.930897 0
    outer loop
      vertex -8.76537 -21.3477 2
      vertex -8.69223 -21.3764 1.45
      vertex -8.76537 -21.3477 1.45
    endloop
  endfacet
  facet normal 0.956874 0.290502 0
    outer loop
      vertex -9.9021 -20.118 2
      vertex -9.9249 -20.0429 1.45
      vertex -9.9249 -20.0429 2
    endloop
  endfacet
  facet normal 0.956874 0.290502 0
    outer loop
      vertex -9.9249 -20.0429 1.45
      vertex -9.9021 -20.118 2
      vertex -9.9021 -20.118 1.45
    endloop
  endfacet
  facet normal -0.365282 -0.930897 0
    outer loop
      vertex 8.69223 -13.6236 1.45
      vertex 8.76537 -13.6523 2
      vertex 8.69223 -13.6236 2
    endloop
  endfacet
  facet normal -0.365282 -0.930897 -0
    outer loop
      vertex 8.76537 -13.6523 2
      vertex 8.69223 -13.6236 1.45
      vertex 8.76537 -13.6523 1.45
    endloop
  endfacet
  facet normal -0.40003 -0.916502 0
    outer loop
      vertex 8.76537 -13.6523 1.45
      vertex 8.83731 -13.6837 2
      vertex 8.76537 -13.6523 2
    endloop
  endfacet
  facet normal -0.40003 -0.916502 -0
    outer loop
      vertex 8.83731 -13.6837 2
      vertex 8.76537 -13.6523 1.45
      vertex 8.83731 -13.6837 1.45
    endloop
  endfacet
  facet normal -0.944807 -0.327627 0
    outer loop
      vertex 9.9021 -14.882 1.45
      vertex 9.87637 -14.8078 2
      vertex 9.87637 -14.8078 1.45
    endloop
  endfacet
  facet normal -0.944807 -0.327627 0
    outer loop
      vertex 9.87637 -14.8078 2
      vertex 9.9021 -14.882 1.45
      vertex 9.9021 -14.882 2
    endloop
  endfacet
  facet normal -0.916093 -0.400966 0
    outer loop
      vertex 9.84775 -14.7346 1.45
      vertex 9.81628 -14.6627 2
      vertex 9.81628 -14.6627 1.45
    endloop
  endfacet
  facet normal -0.916093 -0.400966 0
    outer loop
      vertex 9.81628 -14.6627 2
      vertex 9.84775 -14.7346 1.45
      vertex 9.84775 -14.7346 2
    endloop
  endfacet
  facet normal -0.747522 -0.664237 0
    outer loop
      vertex 9.5208 -14.2011 1.45
      vertex 9.46864 -14.1424 2
      vertex 9.46864 -14.1424 1.45
    endloop
  endfacet
  facet normal -0.747522 -0.664237 0
    outer loop
      vertex 9.46864 -14.1424 2
      vertex 9.5208 -14.2011 1.45
      vertex 9.5208 -14.2011 2
    endloop
  endfacet
  facet normal -0.797241 -0.603662 0
    outer loop
      vertex 9.61803 -14.3244 1.45
      vertex 9.57063 -14.2618 2
      vertex 9.57063 -14.2618 1.45
    endloop
  endfacet
  facet normal -0.797241 -0.603662 0
    outer loop
      vertex 9.57063 -14.2618 2
      vertex 9.61803 -14.3244 1.45
      vertex 9.61803 -14.3244 2
    endloop
  endfacet
  facet normal 0.0980537 -0.995181 0
    outer loop
      vertex -8.23506 -13.5139 1.45
      vertex -8.15691 -13.5062 2
      vertex -8.23506 -13.5139 2
    endloop
  endfacet
  facet normal 0.0980537 -0.995181 0
    outer loop
      vertex -8.15691 -13.5062 2
      vertex -8.23506 -13.5139 1.45
      vertex -8.15691 -13.5062 1.45
    endloop
  endfacet
  facet normal 0.175747 -0.984435 0
    outer loop
      vertex -8.39017 -13.5384 1.45
      vertex -8.31287 -13.5246 2
      vertex -8.39017 -13.5384 2
    endloop
  endfacet
  facet normal 0.175747 -0.984435 0
    outer loop
      vertex -8.31287 -13.5246 2
      vertex -8.39017 -13.5384 1.45
      vertex -8.31287 -13.5246 1.45
    endloop
  endfacet
  facet normal 0.571684 -0.820474 0
    outer loop
      vertex -9.17557 -13.882 1.45
      vertex -9.11113 -13.8371 2
      vertex -9.17557 -13.882 2
    endloop
  endfacet
  facet normal 0.571684 -0.820474 0
    outer loop
      vertex -9.11113 -13.8371 2
      vertex -9.17557 -13.882 1.45
      vertex -9.11113 -13.8371 1.45
    endloop
  endfacet
  facet normal 0.505572 -0.862784 0
    outer loop
      vertex -9.04498 -13.7947 1.45
      vertex -8.97723 -13.755 2
      vertex -9.04498 -13.7947 2
    endloop
  endfacet
  facet normal 0.505572 -0.862784 0
    outer loop
      vertex -8.97723 -13.755 2
      vertex -9.04498 -13.7947 1.45
      vertex -8.97723 -13.755 1.45
    endloop
  endfacet
  facet normal 0.436692 -0.899611 0
    outer loop
      vertex -8.90797 -13.718 1.45
      vertex -8.83731 -13.6837 2
      vertex -8.90797 -13.718 2
    endloop
  endfacet
  facet normal 0.436692 -0.899611 0
    outer loop
      vertex -8.83731 -13.6837 2
      vertex -8.90797 -13.718 1.45
      vertex -8.83731 -13.6837 1.45
    endloop
  endfacet
  facet normal 0.365282 -0.930897 0
    outer loop
      vertex -8.76537 -13.6523 1.45
      vertex -8.69223 -13.6236 2
      vertex -8.76537 -13.6523 2
    endloop
  endfacet
  facet normal 0.365282 -0.930897 0
    outer loop
      vertex -8.69223 -13.6236 2
      vertex -8.76537 -13.6523 1.45
      vertex -8.69223 -13.6236 1.45
    endloop
  endfacet
  facet normal 0.290325 -0.956928 0
    outer loop
      vertex -8.61803 -13.5979 1.45
      vertex -8.54288 -13.5751 2
      vertex -8.61803 -13.5979 2
    endloop
  endfacet
  facet normal 0.290325 -0.956928 0
    outer loop
      vertex -8.54288 -13.5751 2
      vertex -8.61803 -13.5979 1.45
      vertex -8.54288 -13.5751 1.45
    endloop
  endfacet
  facet normal 0.692892 -0.721041 0
    outer loop
      vertex -9.4142 -14.0858 1.45
      vertex -9.35759 -14.0314 2
      vertex -9.4142 -14.0858 2
    endloop
  endfacet
  facet normal 0.692892 -0.721041 0
    outer loop
      vertex -9.35759 -14.0314 2
      vertex -9.4142 -14.0858 1.45
      vertex -9.35759 -14.0314 1.45
    endloop
  endfacet
  facet normal 0.747522 -0.664237 0
    outer loop
      vertex -9.5208 -14.2011 2
      vertex -9.46864 -14.1424 1.45
      vertex -9.46864 -14.1424 2
    endloop
  endfacet
  facet normal 0.747522 -0.664237 0
    outer loop
      vertex -9.46864 -14.1424 1.45
      vertex -9.5208 -14.2011 2
      vertex -9.5208 -14.2011 1.45
    endloop
  endfacet
  facet normal 0.842005 -0.539469 0
    outer loop
      vertex -9.70528 -14.455 2
      vertex -9.66293 -14.3889 1.45
      vertex -9.66293 -14.3889 2
    endloop
  endfacet
  facet normal 0.842005 -0.539469 0
    outer loop
      vertex -9.66293 -14.3889 1.45
      vertex -9.70528 -14.455 2
      vertex -9.70528 -14.455 1.45
    endloop
  endfacet
  facet normal 0.797241 -0.603662 0
    outer loop
      vertex -9.61803 -14.3244 2
      vertex -9.57063 -14.2618 1.45
      vertex -9.57063 -14.2618 2
    endloop
  endfacet
  facet normal 0.797241 -0.603662 0
    outer loop
      vertex -9.57063 -14.2618 1.45
      vertex -9.61803 -14.3244 2
      vertex -9.61803 -14.3244 1.45
    endloop
  endfacet
  facet normal 0.967605 -0.252469 0
    outer loop
      vertex -9.94473 -15.0331 2
      vertex -9.9249 -14.9571 1.45
      vertex -9.9249 -14.9571 2
    endloop
  endfacet
  facet normal 0.967605 -0.252469 0
    outer loop
      vertex -9.9249 -14.9571 1.45
      vertex -9.94473 -15.0331 2
      vertex -9.94473 -15.0331 1.45
    endloop
  endfacet
  facet normal 0.944807 -0.327627 0
    outer loop
      vertex -9.9021 -14.882 2
      vertex -9.87637 -14.8078 1.45
      vertex -9.87637 -14.8078 2
    endloop
  endfacet
  facet normal 0.944807 -0.327627 0
    outer loop
      vertex -9.87637 -14.8078 1.45
      vertex -9.9021 -14.882 2
      vertex -9.9021 -14.882 1.45
    endloop
  endfacet
  facet normal 0.916093 -0.400966 0
    outer loop
      vertex -9.84775 -14.7346 2
      vertex -9.81628 -14.6627 1.45
      vertex -9.81628 -14.6627 2
    endloop
  endfacet
  facet normal 0.916093 -0.400966 0
    outer loop
      vertex -9.81628 -14.6627 1.45
      vertex -9.84775 -14.7346 2
      vertex -9.84775 -14.7346 1.45
    endloop
  endfacet
  facet normal 0.8817 -0.471811 0
    outer loop
      vertex -9.78201 -14.592 2
      vertex -9.74498 -14.5228 1.45
      vertex -9.74498 -14.5228 2
    endloop
  endfacet
  facet normal 0.8817 -0.471811 0
    outer loop
      vertex -9.74498 -14.5228 1.45
      vertex -9.78201 -14.592 2
      vertex -9.78201 -14.592 1.45
    endloop
  endfacet
  facet normal -0.327286 -0.944925 0
    outer loop
      vertex 8.61803 -13.5979 1.45
      vertex 8.69223 -13.6236 2
      vertex 8.61803 -13.5979 2
    endloop
  endfacet
  facet normal -0.327286 -0.944925 -0
    outer loop
      vertex 8.69223 -13.6236 2
      vertex 8.61803 -13.5979 1.45
      vertex 8.69223 -13.6236 1.45
    endloop
  endfacet
  facet normal -0.436692 -0.899611 0
    outer loop
      vertex 8.83731 -13.6837 1.45
      vertex 8.90797 -13.718 2
      vertex 8.83731 -13.6837 2
    endloop
  endfacet
  facet normal -0.436692 -0.899611 -0
    outer loop
      vertex 8.90797 -13.718 2
      vertex 8.83731 -13.6837 1.45
      vertex 8.90797 -13.718 1.45
    endloop
  endfacet
  facet normal 0.634153 -0.773208 0
    outer loop
      vertex -9.29889 -13.9792 1.45
      vertex -9.23817 -13.9294 2
      vertex -9.29889 -13.9792 2
    endloop
  endfacet
  facet normal 0.634153 -0.773208 0
    outer loop
      vertex -9.23817 -13.9294 2
      vertex -9.29889 -13.9792 1.45
      vertex -9.23817 -13.9294 1.45
    endloop
  endfacet
  facet normal 0.252142 -0.96769 0
    outer loop
      vertex -8.54288 -13.5751 1.45
      vertex -8.46689 -13.5553 2
      vertex -8.54288 -13.5751 2
    endloop
  endfacet
  facet normal 0.252142 -0.96769 0
    outer loop
      vertex -8.46689 -13.5553 2
      vertex -8.54288 -13.5751 1.45
      vertex -8.46689 -13.5553 1.45
    endloop
  endfacet
  facet normal 0.707107 -0.707107 0
    outer loop
      vertex 16.8822 -17.3418 4.5
      vertex 17.3418 -16.8822 2
      vertex 17.3418 -16.8822 4.5
    endloop
  endfacet
  facet normal 0.707107 -0.707107 0
    outer loop
      vertex 17.3418 -16.8822 2
      vertex 16.8822 -17.3418 4.5
      vertex 16.8822 -17.3418 2
    endloop
  endfacet
  facet normal -0.707107 -0.707107 0
    outer loop
      vertex 18.0444 -17.5848 2
      vertex 17.3418 -16.8822 4.5
      vertex 17.3418 -16.8822 2
    endloop
  endfacet
  facet normal -0.707107 -0.707107 0
    outer loop
      vertex 17.3418 -16.8822 4.5
      vertex 18.0444 -17.5848 2
      vertex 18.0444 -17.5848 4.5
    endloop
  endfacet
  facet normal 0.707107 0.707107 0
    outer loop
      vertex 17.5848 -18.0444 4.5
      vertex 16.8822 -17.3418 2
      vertex 16.8822 -17.3418 4.5
    endloop
  endfacet
  facet normal 0.707107 0.707107 0
    outer loop
      vertex 16.8822 -17.3418 2
      vertex 17.5848 -18.0444 4.5
      vertex 17.5848 -18.0444 2
    endloop
  endfacet
  facet normal -0.707107 -0.707107 0
    outer loop
      vertex -16.8822 -17.3418 2
      vertex -17.3418 -16.8822 4.5
      vertex -17.3418 -16.8822 2
    endloop
  endfacet
  facet normal -0.707107 -0.707107 0
    outer loop
      vertex -17.3418 -16.8822 4.5
      vertex -16.8822 -17.3418 2
      vertex -16.8822 -17.3418 4.5
    endloop
  endfacet
  facet normal -0.707107 0.707107 0
    outer loop
      vertex -17.5848 -18.0444 2
      vertex -16.8822 -17.3418 4.5
      vertex -16.8822 -17.3418 2
    endloop
  endfacet
  facet normal -0.707107 0.707107 0
    outer loop
      vertex -16.8822 -17.3418 4.5
      vertex -17.5848 -18.0444 2
      vertex -17.5848 -18.0444 4.5
    endloop
  endfacet
  facet normal 0.707107 -0.707107 0
    outer loop
      vertex -18.0444 -17.5848 4.5
      vertex -17.3418 -16.8822 2
      vertex -17.3418 -16.8822 4.5
    endloop
  endfacet
  facet normal 0.707107 -0.707107 0
    outer loop
      vertex -17.3418 -16.8822 2
      vertex -18.0444 -17.5848 4.5
      vertex -18.0444 -17.5848 2
    endloop
  endfacet
  facet normal -0.707107 0.707107 0
    outer loop
      vertex -17.3418 16.8822 2
      vertex -16.8822 17.3418 4.5
      vertex -16.8822 17.3418 2
    endloop
  endfacet
  facet normal -0.707107 0.707107 0
    outer loop
      vertex -16.8822 17.3418 4.5
      vertex -17.3418 16.8822 2
      vertex -17.3418 16.8822 4.5
    endloop
  endfacet
  facet normal 0.707107 0.707107 0
    outer loop
      vertex -17.3418 16.8822 4.5
      vertex -18.0444 17.5848 2
      vertex -18.0444 17.5848 4.5
    endloop
  endfacet
  facet normal 0.707107 0.707107 0
    outer loop
      vertex -18.0444 17.5848 2
      vertex -17.3418 16.8822 4.5
      vertex -17.3418 16.8822 2
    endloop
  endfacet
  facet normal -0.707107 -0.707107 0
    outer loop
      vertex -16.8822 17.3418 2
      vertex -17.5848 18.0444 4.5
      vertex -17.5848 18.0444 2
    endloop
  endfacet
  facet normal -0.707107 -0.707107 0
    outer loop
      vertex -17.5848 18.0444 4.5
      vertex -16.8822 17.3418 2
      vertex -16.8822 17.3418 4.5
    endloop
  endfacet
  facet normal 0.707107 0.707107 0
    outer loop
      vertex 17.3418 16.8822 4.5
      vertex 16.8822 17.3418 2
      vertex 16.8822 17.3418 4.5
    endloop
  endfacet
  facet normal 0.707107 0.707107 0
    outer loop
      vertex 16.8822 17.3418 2
      vertex 17.3418 16.8822 4.5
      vertex 17.3418 16.8822 2
    endloop
  endfacet
  facet normal -0.707107 0.707107 0
    outer loop
      vertex 17.3418 16.8822 2
      vertex 18.0444 17.5848 4.5
      vertex 18.0444 17.5848 2
    endloop
  endfacet
  facet normal -0.707107 0.707107 0
    outer loop
      vertex 18.0444 17.5848 4.5
      vertex 17.3418 16.8822 2
      vertex 17.3418 16.8822 4.5
    endloop
  endfacet
  facet normal 0.707107 -0.707107 0
    outer loop
      vertex 16.8822 17.3418 4.5
      vertex 17.5848 18.0444 2
      vertex 17.5848 18.0444 4.5
    endloop
  endfacet
  facet normal 0.707107 -0.707107 0
    outer loop
      vertex 17.5848 18.0444 2
      vertex 16.8822 17.3418 4.5
      vertex 16.8822 17.3418 2
    endloop
  endfacet
  facet normal 0.899778 -0.436348 0
    outer loop
      vertex 22.4534 -11.4406 4.5
      vertex 22.8852 -10.5502 2
      vertex 22.8852 -10.5502 4.5
    endloop
  endfacet
  facet normal 0.899778 -0.436348 0
    outer loop
      vertex 22.8852 -10.5502 2
      vertex 22.4534 -11.4406 4.5
      vertex 22.4534 -11.4406 2
    endloop
  endfacet
  facet normal 0.364421 -0.931234 0
    outer loop
      vertex 8.72215 -23.6424 2
      vertex 9.64362 -23.2818 4.5
      vertex 8.72215 -23.6424 4.5
    endloop
  endfacet
  facet normal 0.364421 -0.931234 0
    outer loop
      vertex 9.64362 -23.2818 4.5
      vertex 8.72215 -23.6424 2
      vertex 9.64362 -23.2818 2
    endloop
  endfacet
  facet normal -0.916168 -0.400794 0
    outer loop
      vertex -22.8852 -10.5502 2
      vertex -23.2818 -9.64362 4.5
      vertex -23.2818 -9.64362 2
    endloop
  endfacet
  facet normal -0.916168 -0.400794 0
    outer loop
      vertex -23.2818 -9.64362 4.5
      vertex -22.8852 -10.5502 2
      vertex -22.8852 -10.5502 4.5
    endloop
  endfacet
  facet normal 0.539143 -0.842215 0
    outer loop
      vertex 13.167 -21.4865 2
      vertex 14.0004 -20.953 4.5
      vertex 13.167 -21.4865 4.5
    endloop
  endfacet
  facet normal 0.539143 -0.842215 0
    outer loop
      vertex 14.0004 -20.953 4.5
      vertex 13.167 -21.4865 2
      vertex 14.0004 -20.953 2
    endloop
  endfacet
  facet normal -0.17574 -0.984437 0
    outer loop
      vertex -4.91628 -24.7158 2
      vertex -3.94215 -24.8897 4.5
      vertex -4.91628 -24.7158 4.5
    endloop
  endfacet
  facet normal -0.17574 -0.984437 -0
    outer loop
      vertex -3.94215 -24.8897 4.5
      vertex -4.91628 -24.7158 2
      vertex -3.94215 -24.8897 2
    endloop
  endfacet
  facet normal 0.0980258 0.995184 -0
    outer loop
      vertex 2.96194 25.0253 2
      vertex 1.97717 25.1223 4.5
      vertex 2.96194 25.0253 4.5
    endloop
  endfacet
  facet normal 0.0980258 0.995184 0
    outer loop
      vertex 1.97717 25.1223 4.5
      vertex 2.96194 25.0253 2
      vertex 1.97717 25.1223 2
    endloop
  endfacet
  facet normal 0.956926 -0.290333 0
    outer loop
      vertex 23.9666 -7.78723 4.5
      vertex 24.2539 -6.8403 2
      vertex 24.2539 -6.8403 4.5
    endloop
  endfacet
  facet normal 0.956926 -0.290333 0
    outer loop
      vertex 24.2539 -6.8403 2
      vertex 23.9666 -7.78723 4.5
      vertex 23.9666 -7.78723 2
    endloop
  endfacet
  facet normal 0.820398 -0.571793 0
    outer loop
      vertex 20.3872 -14.8122 4.5
      vertex 20.953 -14.0004 2
      vertex 20.953 -14.0004 4.5
    endloop
  endfacet
  facet normal 0.820398 -0.571793 0
    outer loop
      vertex 20.953 -14.0004 2
      vertex 20.3872 -14.8122 4.5
      vertex 20.3872 -14.8122 2
    endloop
  endfacet
  facet normal 0.720891 -0.693049 0
    outer loop
      vertex 18.0444 -17.5848 4.5
      vertex 18.5049 -17.1058 2
      vertex 18.5049 -17.1058 4.5
    endloop
  endfacet
  facet normal 0.720891 -0.693049 0
    outer loop
      vertex 18.5049 -17.1058 2
      vertex 18.0444 -17.5848 4.5
      vertex 18.0444 -17.5848 2
    endloop
  endfacet
  facet normal 0.0196051 -0.999808 0
    outer loop
      vertex 0 -25.2 2
      vertex 0.989347 -25.1806 4.5
      vertex 0 -25.2 4.5
    endloop
  endfacet
  facet normal 0.0196051 -0.999808 0
    outer loop
      vertex 0.989347 -25.1806 4.5
      vertex 0 -25.2 2
      vertex 0.989347 -25.1806 2
    endloop
  endfacet
  facet normal 0.17574 -0.984437 0
    outer loop
      vertex 3.94215 -24.8897 2
      vertex 4.91628 -24.7158 4.5
      vertex 3.94215 -24.8897 4.5
    endloop
  endfacet
  facet normal 0.17574 -0.984437 0
    outer loop
      vertex 4.91628 -24.7158 4.5
      vertex 3.94215 -24.8897 2
      vertex 4.91628 -24.7158 2
    endloop
  endfacet
  facet normal -0.956926 -0.290333 0
    outer loop
      vertex -23.9666 -7.78723 2
      vertex -24.2539 -6.8403 4.5
      vertex -24.2539 -6.8403 2
    endloop
  endfacet
  facet normal -0.956926 -0.290333 0
    outer loop
      vertex -24.2539 -6.8403 4.5
      vertex -23.9666 -7.78723 2
      vertex -23.9666 -7.78723 4.5
    endloop
  endfacet
  facet normal -0.967612 -0.252443 0
    outer loop
      vertex -24.2539 -6.8403 2
      vertex -24.5037 -5.88282 4.5
      vertex -24.5037 -5.88282 2
    endloop
  endfacet
  facet normal -0.967612 -0.252443 0
    outer loop
      vertex -24.5037 -5.88282 4.5
      vertex -24.2539 -6.8403 2
      vertex -24.2539 -6.8403 4.5
    endloop
  endfacet
  facet normal -0.820398 -0.571793 0
    outer loop
      vertex -20.3872 -14.8122 2
      vertex -20.953 -14.0004 4.5
      vertex -20.953 -14.0004 2
    endloop
  endfacet
  facet normal -0.820398 -0.571793 0
    outer loop
      vertex -20.953 -14.0004 4.5
      vertex -20.3872 -14.8122 2
      vertex -20.3872 -14.8122 4.5
    endloop
  endfacet
  facet normal -0.772979 -0.634431 0
    outer loop
      vertex -19.1622 -16.3661 2
      vertex -19.79 -15.6012 4.5
      vertex -19.79 -15.6012 2
    endloop
  endfacet
  facet normal -0.772979 -0.634431 0
    outer loop
      vertex -19.79 -15.6012 4.5
      vertex -19.1622 -16.3661 2
      vertex -19.1622 -16.3661 4.5
    endloop
  endfacet
  facet normal -0.327628 -0.944807 0
    outer loop
      vertex -8.72215 -23.6424 2
      vertex -7.78723 -23.9666 4.5
      vertex -8.72215 -23.6424 4.5
    endloop
  endfacet
  facet normal -0.327628 -0.944807 -0
    outer loop
      vertex -7.78723 -23.9666 4.5
      vertex -8.72215 -23.6424 2
      vertex -7.78723 -23.9666 2
    endloop
  endfacet
  facet normal -0.505686 -0.862718 0
    outer loop
      vertex -13.167 -21.4865 2
      vertex -12.3133 -21.9869 4.5
      vertex -13.167 -21.4865 4.5
    endloop
  endfacet
  facet normal -0.505686 -0.862718 -0
    outer loop
      vertex -12.3133 -21.9869 4.5
      vertex -13.167 -21.4865 2
      vertex -12.3133 -21.9869 2
    endloop
  endfacet
  facet normal -0.634431 -0.772979 0
    outer loop
      vertex -16.3661 -19.1622 2
      vertex -15.6012 -19.79 4.5
      vertex -16.3661 -19.1622 4.5
    endloop
  endfacet
  facet normal -0.634431 -0.772979 -0
    outer loop
      vertex -15.6012 -19.79 4.5
      vertex -16.3661 -19.1622 2
      vertex -15.6012 -19.79 2
    endloop
  endfacet
  facet normal 0.214342 0.976759 -0
    outer loop
      vertex 5.88282 24.5037 2
      vertex 4.91628 24.7158 4.5
      vertex 5.88282 24.5037 4.5
    endloop
  endfacet
  facet normal 0.214342 0.976759 0
    outer loop
      vertex 4.91628 24.7158 4.5
      vertex 5.88282 24.5037 2
      vertex 4.91628 24.7158 2
    endloop
  endfacet
  facet normal 0.327628 0.944807 -0
    outer loop
      vertex 8.72215 23.6424 2
      vertex 7.78723 23.9666 4.5
      vertex 8.72215 23.6424 4.5
    endloop
  endfacet
  facet normal 0.327628 0.944807 0
    outer loop
      vertex 7.78723 23.9666 4.5
      vertex 8.72215 23.6424 2
      vertex 7.78723 23.9666 2
    endloop
  endfacet
  facet normal 0.998263 -0.0589162 0
    outer loop
      vertex 25.1223 -1.97717 4.5
      vertex 25.1806 -0.989347 2
      vertex 25.1806 -0.989347 4.5
    endloop
  endfacet
  facet normal 0.998263 -0.0589162 0
    outer loop
      vertex 25.1806 -0.989347 2
      vertex 25.1223 -1.97717 4.5
      vertex 25.1223 -1.97717 2
    endloop
  endfacet
  facet normal 0.944807 -0.327628 0
    outer loop
      vertex 23.6424 -8.72215 4.5
      vertex 23.9666 -7.78723 2
      vertex 23.9666 -7.78723 4.5
    endloop
  endfacet
  facet normal 0.944807 -0.327628 0
    outer loop
      vertex 23.9666 -7.78723 2
      vertex 23.6424 -8.72215 4.5
      vertex 23.6424 -8.72215 2
    endloop
  endfacet
  facet normal 0.976759 -0.214342 0
    outer loop
      vertex 24.5037 -5.88282 4.5
      vertex 24.7158 -4.91628 2
      vertex 24.7158 -4.91628 4.5
    endloop
  endfacet
  facet normal 0.976759 -0.214342 0
    outer loop
      vertex 24.7158 -4.91628 2
      vertex 24.5037 -5.88282 4.5
      vertex 24.5037 -5.88282 2
    endloop
  endfacet
  facet normal 0.881908 -0.471422 0
    outer loop
      vertex 21.9869 -12.3133 4.5
      vertex 22.4534 -11.4406 2
      vertex 22.4534 -11.4406 4.5
    endloop
  endfacet
  facet normal 0.881908 -0.471422 0
    outer loop
      vertex 22.4534 -11.4406 2
      vertex 21.9869 -12.3133 4.5
      vertex 21.9869 -12.3133 2
    endloop
  endfacet
  facet normal 0.693049 -0.720891 0
    outer loop
      vertex 17.1058 -18.5049 2
      vertex 17.5848 -18.0444 4.5
      vertex 17.1058 -18.5049 4.5
    endloop
  endfacet
  facet normal 0.693049 -0.720891 0
    outer loop
      vertex 17.5848 -18.0444 4.5
      vertex 17.1058 -18.5049 2
      vertex 17.5848 -18.0444 2
    endloop
  endfacet
  facet normal 0.862718 -0.505686 0
    outer loop
      vertex 21.4865 -13.167 4.5
      vertex 21.9869 -12.3133 2
      vertex 21.9869 -12.3133 4.5
    endloop
  endfacet
  facet normal 0.862718 -0.505686 0
    outer loop
      vertex 21.9869 -12.3133 2
      vertex 21.4865 -13.167 4.5
      vertex 21.4865 -13.167 2
    endloop
  endfacet
  facet normal 0.797349 -0.603519 0
    outer loop
      vertex 19.79 -15.6012 4.5
      vertex 20.3872 -14.8122 2
      vertex 20.3872 -14.8122 4.5
    endloop
  endfacet
  facet normal 0.797349 -0.603519 0
    outer loop
      vertex 20.3872 -14.8122 2
      vertex 19.79 -15.6012 4.5
      vertex 19.79 -15.6012 2
    endloop
  endfacet
  facet normal 0.772979 -0.634431 0
    outer loop
      vertex 19.1622 -16.3661 4.5
      vertex 19.79 -15.6012 2
      vertex 19.79 -15.6012 4.5
    endloop
  endfacet
  facet normal 0.772979 -0.634431 0
    outer loop
      vertex 19.79 -15.6012 2
      vertex 19.1622 -16.3661 4.5
      vertex 19.1622 -16.3661 2
    endloop
  endfacet
  facet normal -0.0196051 -0.999808 0
    outer loop
      vertex -0.989347 -25.1806 2
      vertex 0 -25.2 4.5
      vertex -0.989347 -25.1806 4.5
    endloop
  endfacet
  facet normal -0.0196051 -0.999808 -0
    outer loop
      vertex 0 -25.2 4.5
      vertex -0.989347 -25.1806 2
      vertex 0 -25.2 2
    endloop
  endfacet
  facet normal 0.290333 -0.956926 0
    outer loop
      vertex 6.8403 -24.2539 2
      vertex 7.78723 -23.9666 4.5
      vertex 6.8403 -24.2539 4.5
    endloop
  endfacet
  facet normal 0.290333 -0.956926 0
    outer loop
      vertex 7.78723 -23.9666 4.5
      vertex 6.8403 -24.2539 2
      vertex 7.78723 -23.9666 2
    endloop
  endfacet
  facet normal 0.327628 -0.944807 0
    outer loop
      vertex 7.78723 -23.9666 2
      vertex 8.72215 -23.6424 4.5
      vertex 7.78723 -23.9666 4.5
    endloop
  endfacet
  facet normal 0.327628 -0.944807 0
    outer loop
      vertex 8.72215 -23.6424 4.5
      vertex 7.78723 -23.9666 2
      vertex 8.72215 -23.6424 2
    endloop
  endfacet
  facet normal 0.137033 -0.990567 0
    outer loop
      vertex 2.96194 -25.0253 2
      vertex 3.94215 -24.8897 4.5
      vertex 2.96194 -25.0253 4.5
    endloop
  endfacet
  facet normal 0.137033 -0.990567 0
    outer loop
      vertex 3.94215 -24.8897 4.5
      vertex 2.96194 -25.0253 2
      vertex 3.94215 -24.8897 2
    endloop
  endfacet
  facet normal 0.0980258 -0.995184 0
    outer loop
      vertex 1.97717 -25.1223 2
      vertex 2.96194 -25.0253 4.5
      vertex 1.97717 -25.1223 4.5
    endloop
  endfacet
  facet normal 0.0980258 -0.995184 0
    outer loop
      vertex 2.96194 -25.0253 4.5
      vertex 1.97717 -25.1223 2
      vertex 2.96194 -25.0253 2
    endloop
  endfacet
  facet normal 0.471422 -0.881908 0
    outer loop
      vertex 11.4406 -22.4534 2
      vertex 12.3133 -21.9869 4.5
      vertex 11.4406 -22.4534 4.5
    endloop
  endfacet
  facet normal 0.471422 -0.881908 0
    outer loop
      vertex 12.3133 -21.9869 4.5
      vertex 11.4406 -22.4534 2
      vertex 12.3133 -21.9869 2
    endloop
  endfacet
  facet normal 0.505686 -0.862718 0
    outer loop
      vertex 12.3133 -21.9869 2
      vertex 13.167 -21.4865 4.5
      vertex 12.3133 -21.9869 4.5
    endloop
  endfacet
  facet normal 0.505686 -0.862718 0
    outer loop
      vertex 13.167 -21.4865 4.5
      vertex 12.3133 -21.9869 2
      vertex 13.167 -21.4865 2
    endloop
  endfacet
  facet normal 0.436348 -0.899778 0
    outer loop
      vertex 10.5502 -22.8852 2
      vertex 11.4406 -22.4534 4.5
      vertex 10.5502 -22.8852 4.5
    endloop
  endfacet
  facet normal 0.436348 -0.899778 0
    outer loop
      vertex 11.4406 -22.4534 4.5
      vertex 10.5502 -22.8852 2
      vertex 11.4406 -22.4534 2
    endloop
  endfacet
  facet normal 0.634431 -0.772979 0
    outer loop
      vertex 15.6012 -19.79 2
      vertex 16.3661 -19.1622 4.5
      vertex 15.6012 -19.79 4.5
    endloop
  endfacet
  facet normal 0.634431 -0.772979 0
    outer loop
      vertex 16.3661 -19.1622 4.5
      vertex 15.6012 -19.79 2
      vertex 16.3661 -19.1622 2
    endloop
  endfacet
  facet normal 0.603519 -0.797349 0
    outer loop
      vertex 14.8122 -20.3872 2
      vertex 15.6012 -19.79 4.5
      vertex 14.8122 -20.3872 4.5
    endloop
  endfacet
  facet normal 0.603519 -0.797349 0
    outer loop
      vertex 15.6012 -19.79 4.5
      vertex 14.8122 -20.3872 2
      vertex 15.6012 -19.79 2
    endloop
  endfacet
  facet normal -0.999808 -0.0196051 0
    outer loop
      vertex -25.1806 -0.989347 2
      vertex -25.2 0 4.5
      vertex -25.2 0 2
    endloop
  endfacet
  facet normal -0.999808 -0.0196051 0
    outer loop
      vertex -25.2 0 4.5
      vertex -25.1806 -0.989347 2
      vertex -25.1806 -0.989347 4.5
    endloop
  endfacet
  facet normal -0.984437 -0.17574 0
    outer loop
      vertex -24.7158 -4.91628 2
      vertex -24.8897 -3.94215 4.5
      vertex -24.8897 -3.94215 2
    endloop
  endfacet
  facet normal -0.984437 -0.17574 0
    outer loop
      vertex -24.8897 -3.94215 4.5
      vertex -24.7158 -4.91628 2
      vertex -24.7158 -4.91628 4.5
    endloop
  endfacet
  facet normal -0.990567 -0.137033 0
    outer loop
      vertex -24.8897 -3.94215 2
      vertex -25.0253 -2.96194 4.5
      vertex -25.0253 -2.96194 2
    endloop
  endfacet
  facet normal -0.990567 -0.137033 0
    outer loop
      vertex -25.0253 -2.96194 4.5
      vertex -24.8897 -3.94215 2
      vertex -24.8897 -3.94215 4.5
    endloop
  endfacet
  facet normal -0.998263 -0.0589162 0
    outer loop
      vertex -25.1223 -1.97717 2
      vertex -25.1806 -0.989347 4.5
      vertex -25.1806 -0.989347 2
    endloop
  endfacet
  facet normal -0.998263 -0.0589162 0
    outer loop
      vertex -25.1806 -0.989347 4.5
      vertex -25.1223 -1.97717 2
      vertex -25.1223 -1.97717 4.5
    endloop
  endfacet
  facet normal -0.976759 -0.214342 0
    outer loop
      vertex -24.5037 -5.88282 2
      vertex -24.7158 -4.91628 4.5
      vertex -24.7158 -4.91628 2
    endloop
  endfacet
  facet normal -0.976759 -0.214342 0
    outer loop
      vertex -24.7158 -4.91628 4.5
      vertex -24.5037 -5.88282 2
      vertex -24.5037 -5.88282 4.5
    endloop
  endfacet
  facet normal -0.881908 -0.471422 0
    outer loop
      vertex -21.9869 -12.3133 2
      vertex -22.4534 -11.4406 4.5
      vertex -22.4534 -11.4406 2
    endloop
  endfacet
  facet normal -0.881908 -0.471422 0
    outer loop
      vertex -22.4534 -11.4406 4.5
      vertex -21.9869 -12.3133 2
      vertex -21.9869 -12.3133 4.5
    endloop
  endfacet
  facet normal -0.797349 -0.603519 0
    outer loop
      vertex -19.79 -15.6012 2
      vertex -20.3872 -14.8122 4.5
      vertex -20.3872 -14.8122 2
    endloop
  endfacet
  facet normal -0.797349 -0.603519 0
    outer loop
      vertex -20.3872 -14.8122 4.5
      vertex -19.79 -15.6012 2
      vertex -19.79 -15.6012 4.5
    endloop
  endfacet
  facet normal -0.214342 -0.976759 0
    outer loop
      vertex -5.88282 -24.5037 2
      vertex -4.91628 -24.7158 4.5
      vertex -5.88282 -24.5037 4.5
    endloop
  endfacet
  facet normal -0.214342 -0.976759 -0
    outer loop
      vertex -4.91628 -24.7158 4.5
      vertex -5.88282 -24.5037 2
      vertex -4.91628 -24.7158 2
    endloop
  endfacet
  facet normal -0.252443 -0.967612 0
    outer loop
      vertex -6.8403 -24.2539 2
      vertex -5.88282 -24.5037 4.5
      vertex -6.8403 -24.2539 4.5
    endloop
  endfacet
  facet normal -0.252443 -0.967612 -0
    outer loop
      vertex -5.88282 -24.5037 4.5
      vertex -6.8403 -24.2539 2
      vertex -5.88282 -24.5037 2
    endloop
  endfacet
  facet normal -0.0589162 -0.998263 0
    outer loop
      vertex -1.97717 -25.1223 2
      vertex -0.989347 -25.1806 4.5
      vertex -1.97717 -25.1223 4.5
    endloop
  endfacet
  facet normal -0.0589162 -0.998263 -0
    outer loop
      vertex -0.989347 -25.1806 4.5
      vertex -1.97717 -25.1223 2
      vertex -0.989347 -25.1806 2
    endloop
  endfacet
  facet normal -0.0980258 -0.995184 0
    outer loop
      vertex -2.96194 -25.0253 2
      vertex -1.97717 -25.1223 4.5
      vertex -2.96194 -25.0253 4.5
    endloop
  endfacet
  facet normal -0.0980258 -0.995184 -0
    outer loop
      vertex -1.97717 -25.1223 4.5
      vertex -2.96194 -25.0253 2
      vertex -1.97717 -25.1223 2
    endloop
  endfacet
  facet normal -0.400794 -0.916168 0
    outer loop
      vertex -10.5502 -22.8852 2
      vertex -9.64362 -23.2818 4.5
      vertex -10.5502 -22.8852 4.5
    endloop
  endfacet
  facet normal -0.400794 -0.916168 -0
    outer loop
      vertex -9.64362 -23.2818 4.5
      vertex -10.5502 -22.8852 2
      vertex -9.64362 -23.2818 2
    endloop
  endfacet
  facet normal -0.436348 -0.899778 0
    outer loop
      vertex -11.4406 -22.4534 2
      vertex -10.5502 -22.8852 4.5
      vertex -11.4406 -22.4534 4.5
    endloop
  endfacet
  facet normal -0.436348 -0.899778 -0
    outer loop
      vertex -10.5502 -22.8852 4.5
      vertex -11.4406 -22.4534 2
      vertex -10.5502 -22.8852 2
    endloop
  endfacet
  facet normal -0.571793 -0.820398 0
    outer loop
      vertex -14.8122 -20.3872 2
      vertex -14.0004 -20.953 4.5
      vertex -14.8122 -20.3872 4.5
    endloop
  endfacet
  facet normal -0.571793 -0.820398 -0
    outer loop
      vertex -14.0004 -20.953 4.5
      vertex -14.8122 -20.3872 2
      vertex -14.0004 -20.953 2
    endloop
  endfacet
  facet normal -0.603519 -0.797349 0
    outer loop
      vertex -15.6012 -19.79 2
      vertex -14.8122 -20.3872 4.5
      vertex -15.6012 -19.79 4.5
    endloop
  endfacet
  facet normal -0.603519 -0.797349 -0
    outer loop
      vertex -14.8122 -20.3872 4.5
      vertex -15.6012 -19.79 2
      vertex -14.8122 -20.3872 2
    endloop
  endfacet
  facet normal 0.999808 -0.0196051 0
    outer loop
      vertex 25.1806 -0.989347 4.5
      vertex 25.2 0 2
      vertex 25.2 0 4.5
    endloop
  endfacet
  facet normal 0.999808 -0.0196051 0
    outer loop
      vertex 25.2 0 2
      vertex 25.1806 -0.989347 4.5
      vertex 25.1806 -0.989347 2
    endloop
  endfacet
  facet normal 0.984437 0.17574 0
    outer loop
      vertex 24.8897 3.94215 4.5
      vertex 24.7158 4.91628 2
      vertex 24.7158 4.91628 4.5
    endloop
  endfacet
  facet normal 0.984437 0.17574 0
    outer loop
      vertex 24.7158 4.91628 2
      vertex 24.8897 3.94215 4.5
      vertex 24.8897 3.94215 2
    endloop
  endfacet
  facet normal -0.0980258 0.995184 0
    outer loop
      vertex -1.97717 25.1223 2
      vertex -2.96194 25.0253 4.5
      vertex -1.97717 25.1223 4.5
    endloop
  endfacet
  facet normal -0.0980258 0.995184 0
    outer loop
      vertex -2.96194 25.0253 4.5
      vertex -1.97717 25.1223 2
      vertex -2.96194 25.0253 2
    endloop
  endfacet
  facet normal -0.976759 0.214342 0
    outer loop
      vertex -24.7158 4.91628 2
      vertex -24.5037 5.88282 4.5
      vertex -24.5037 5.88282 2
    endloop
  endfacet
  facet normal -0.976759 0.214342 0
    outer loop
      vertex -24.5037 5.88282 4.5
      vertex -24.7158 4.91628 2
      vertex -24.7158 4.91628 4.5
    endloop
  endfacet
  facet normal -0.990567 0.137033 0
    outer loop
      vertex -25.0253 2.96194 2
      vertex -24.8897 3.94215 4.5
      vertex -24.8897 3.94215 2
    endloop
  endfacet
  facet normal -0.990567 0.137033 0
    outer loop
      vertex -24.8897 3.94215 4.5
      vertex -25.0253 2.96194 2
      vertex -25.0253 2.96194 4.5
    endloop
  endfacet
  facet normal -0.772979 0.634431 0
    outer loop
      vertex -19.79 15.6012 2
      vertex -19.1622 16.3661 4.5
      vertex -19.1622 16.3661 2
    endloop
  endfacet
  facet normal -0.772979 0.634431 0
    outer loop
      vertex -19.1622 16.3661 4.5
      vertex -19.79 15.6012 2
      vertex -19.79 15.6012 4.5
    endloop
  endfacet
  facet normal -0.881908 0.471422 0
    outer loop
      vertex -22.4534 11.4406 2
      vertex -21.9869 12.3133 4.5
      vertex -21.9869 12.3133 2
    endloop
  endfacet
  facet normal -0.881908 0.471422 0
    outer loop
      vertex -21.9869 12.3133 4.5
      vertex -22.4534 11.4406 2
      vertex -22.4534 11.4406 4.5
    endloop
  endfacet
  facet normal 0.0589162 0.998263 -0
    outer loop
      vertex 1.97717 25.1223 2
      vertex 0.989347 25.1806 4.5
      vertex 1.97717 25.1223 4.5
    endloop
  endfacet
  facet normal 0.0589162 0.998263 0
    outer loop
      vertex 0.989347 25.1806 4.5
      vertex 1.97717 25.1223 2
      vertex 0.989347 25.1806 2
    endloop
  endfacet
  facet normal 0.916168 -0.400794 0
    outer loop
      vertex 22.8852 -10.5502 4.5
      vertex 23.2818 -9.64362 2
      vertex 23.2818 -9.64362 4.5
    endloop
  endfacet
  facet normal 0.916168 -0.400794 0
    outer loop
      vertex 23.2818 -9.64362 2
      vertex 22.8852 -10.5502 4.5
      vertex 22.8852 -10.5502 2
    endloop
  endfacet
  facet normal 0.931234 -0.364421 0
    outer loop
      vertex 23.2818 -9.64362 4.5
      vertex 23.6424 -8.72215 2
      vertex 23.6424 -8.72215 4.5
    endloop
  endfacet
  facet normal 0.931234 -0.364421 0
    outer loop
      vertex 23.6424 -8.72215 2
      vertex 23.2818 -9.64362 4.5
      vertex 23.2818 -9.64362 2
    endloop
  endfacet
  facet normal 0.995184 -0.0980258 0
    outer loop
      vertex 25.0253 -2.96194 4.5
      vertex 25.1223 -1.97717 2
      vertex 25.1223 -1.97717 4.5
    endloop
  endfacet
  facet normal 0.995184 -0.0980258 0
    outer loop
      vertex 25.1223 -1.97717 2
      vertex 25.0253 -2.96194 4.5
      vertex 25.0253 -2.96194 2
    endloop
  endfacet
  facet normal 0.984437 -0.17574 0
    outer loop
      vertex 24.7158 -4.91628 4.5
      vertex 24.8897 -3.94215 2
      vertex 24.8897 -3.94215 4.5
    endloop
  endfacet
  facet normal 0.984437 -0.17574 0
    outer loop
      vertex 24.8897 -3.94215 2
      vertex 24.7158 -4.91628 4.5
      vertex 24.7158 -4.91628 2
    endloop
  endfacet
  facet normal 0.842215 -0.539143 0
    outer loop
      vertex 20.953 -14.0004 4.5
      vertex 21.4865 -13.167 2
      vertex 21.4865 -13.167 4.5
    endloop
  endfacet
  facet normal 0.842215 -0.539143 0
    outer loop
      vertex 21.4865 -13.167 2
      vertex 20.953 -14.0004 4.5
      vertex 20.953 -14.0004 2
    endloop
  endfacet
  facet normal 0.747515 -0.664245 0
    outer loop
      vertex 18.5049 -17.1058 4.5
      vertex 19.1622 -16.3661 2
      vertex 19.1622 -16.3661 4.5
    endloop
  endfacet
  facet normal 0.747515 -0.664245 0
    outer loop
      vertex 19.1622 -16.3661 2
      vertex 18.5049 -17.1058 4.5
      vertex 18.5049 -17.1058 2
    endloop
  endfacet
  facet normal 0.0589162 -0.998263 0
    outer loop
      vertex 0.989347 -25.1806 2
      vertex 1.97717 -25.1223 4.5
      vertex 0.989347 -25.1806 4.5
    endloop
  endfacet
  facet normal 0.0589162 -0.998263 0
    outer loop
      vertex 1.97717 -25.1223 4.5
      vertex 0.989347 -25.1806 2
      vertex 1.97717 -25.1223 2
    endloop
  endfacet
  facet normal 0.214342 -0.976759 0
    outer loop
      vertex 4.91628 -24.7158 2
      vertex 5.88282 -24.5037 4.5
      vertex 4.91628 -24.7158 4.5
    endloop
  endfacet
  facet normal 0.214342 -0.976759 0
    outer loop
      vertex 5.88282 -24.5037 4.5
      vertex 4.91628 -24.7158 2
      vertex 5.88282 -24.5037 2
    endloop
  endfacet
  facet normal 0.252443 -0.967612 0
    outer loop
      vertex 5.88282 -24.5037 2
      vertex 6.8403 -24.2539 4.5
      vertex 5.88282 -24.5037 4.5
    endloop
  endfacet
  facet normal 0.252443 -0.967612 0
    outer loop
      vertex 6.8403 -24.2539 4.5
      vertex 5.88282 -24.5037 2
      vertex 6.8403 -24.2539 2
    endloop
  endfacet
  facet normal 0.400794 -0.916168 0
    outer loop
      vertex 9.64362 -23.2818 2
      vertex 10.5502 -22.8852 4.5
      vertex 9.64362 -23.2818 4.5
    endloop
  endfacet
  facet normal 0.400794 -0.916168 0
    outer loop
      vertex 10.5502 -22.8852 4.5
      vertex 9.64362 -23.2818 2
      vertex 10.5502 -22.8852 2
    endloop
  endfacet
  facet normal 0.571793 -0.820398 0
    outer loop
      vertex 14.0004 -20.953 2
      vertex 14.8122 -20.3872 4.5
      vertex 14.0004 -20.953 4.5
    endloop
  endfacet
  facet normal 0.571793 -0.820398 0
    outer loop
      vertex 14.8122 -20.3872 4.5
      vertex 14.0004 -20.953 2
      vertex 14.8122 -20.3872 2
    endloop
  endfacet
  facet normal 0.664245 -0.747515 0
    outer loop
      vertex 16.3661 -19.1622 2
      vertex 17.1058 -18.5049 4.5
      vertex 16.3661 -19.1622 4.5
    endloop
  endfacet
  facet normal 0.664245 -0.747515 0
    outer loop
      vertex 17.1058 -18.5049 4.5
      vertex 16.3661 -19.1622 2
      vertex 17.1058 -18.5049 2
    endloop
  endfacet
  facet normal -0.931234 -0.364421 0
    outer loop
      vertex -23.2818 -9.64362 2
      vertex -23.6424 -8.72215 4.5
      vertex -23.6424 -8.72215 2
    endloop
  endfacet
  facet normal -0.931234 -0.364421 0
    outer loop
      vertex -23.6424 -8.72215 4.5
      vertex -23.2818 -9.64362 2
      vertex -23.2818 -9.64362 4.5
    endloop
  endfacet
  facet normal -0.995184 -0.0980258 0
    outer loop
      vertex -25.0253 -2.96194 2
      vertex -25.1223 -1.97717 4.5
      vertex -25.1223 -1.97717 2
    endloop
  endfacet
  facet normal -0.995184 -0.0980258 0
    outer loop
      vertex -25.1223 -1.97717 4.5
      vertex -25.0253 -2.96194 2
      vertex -25.0253 -2.96194 4.5
    endloop
  endfacet
  facet normal -0.944807 -0.327628 0
    outer loop
      vertex -23.6424 -8.72215 2
      vertex -23.9666 -7.78723 4.5
      vertex -23.9666 -7.78723 2
    endloop
  endfacet
  facet normal -0.944807 -0.327628 0
    outer loop
      vertex -23.9666 -7.78723 4.5
      vertex -23.6424 -8.72215 2
      vertex -23.6424 -8.72215 4.5
    endloop
  endfacet
  facet normal -0.842215 -0.539143 0
    outer loop
      vertex -20.953 -14.0004 2
      vertex -21.4865 -13.167 4.5
      vertex -21.4865 -13.167 2
    endloop
  endfacet
  facet normal -0.842215 -0.539143 0
    outer loop
      vertex -21.4865 -13.167 4.5
      vertex -20.953 -14.0004 2
      vertex -20.953 -14.0004 4.5
    endloop
  endfacet
  facet normal -0.899778 -0.436348 0
    outer loop
      vertex -22.4534 -11.4406 2
      vertex -22.8852 -10.5502 4.5
      vertex -22.8852 -10.5502 2
    endloop
  endfacet
  facet normal -0.899778 -0.436348 0
    outer loop
      vertex -22.8852 -10.5502 4.5
      vertex -22.4534 -11.4406 2
      vertex -22.4534 -11.4406 4.5
    endloop
  endfacet
  facet normal -0.862718 -0.505686 0
    outer loop
      vertex -21.4865 -13.167 2
      vertex -21.9869 -12.3133 4.5
      vertex -21.9869 -12.3133 2
    endloop
  endfacet
  facet normal -0.862718 -0.505686 0
    outer loop
      vertex -21.9869 -12.3133 4.5
      vertex -21.4865 -13.167 2
      vertex -21.4865 -13.167 4.5
    endloop
  endfacet
  facet normal -0.720891 -0.693049 0
    outer loop
      vertex -18.0444 -17.5848 2
      vertex -18.5049 -17.1058 4.5
      vertex -18.5049 -17.1058 2
    endloop
  endfacet
  facet normal -0.720891 -0.693049 0
    outer loop
      vertex -18.5049 -17.1058 4.5
      vertex -18.0444 -17.5848 2
      vertex -18.0444 -17.5848 4.5
    endloop
  endfacet
  facet normal -0.747515 -0.664245 0
    outer loop
      vertex -18.5049 -17.1058 2
      vertex -19.1622 -16.3661 4.5
      vertex -19.1622 -16.3661 2
    endloop
  endfacet
  facet normal -0.747515 -0.664245 0
    outer loop
      vertex -19.1622 -16.3661 4.5
      vertex -18.5049 -17.1058 2
      vertex -18.5049 -17.1058 4.5
    endloop
  endfacet
  facet normal -0.364421 -0.931234 0
    outer loop
      vertex -9.64362 -23.2818 2
      vertex -8.72215 -23.6424 4.5
      vertex -9.64362 -23.2818 4.5
    endloop
  endfacet
  facet normal -0.364421 -0.931234 -0
    outer loop
      vertex -8.72215 -23.6424 4.5
      vertex -9.64362 -23.2818 2
      vertex -8.72215 -23.6424 2
    endloop
  endfacet
  facet normal -0.290333 -0.956926 0
    outer loop
      vertex -7.78723 -23.9666 2
      vertex -6.8403 -24.2539 4.5
      vertex -7.78723 -23.9666 4.5
    endloop
  endfacet
  facet normal -0.290333 -0.956926 -0
    outer loop
      vertex -6.8403 -24.2539 4.5
      vertex -7.78723 -23.9666 2
      vertex -6.8403 -24.2539 2
    endloop
  endfacet
  facet normal -0.137033 -0.990567 0
    outer loop
      vertex -3.94215 -24.8897 2
      vertex -2.96194 -25.0253 4.5
      vertex -3.94215 -24.8897 4.5
    endloop
  endfacet
  facet normal -0.137033 -0.990567 -0
    outer loop
      vertex -2.96194 -25.0253 4.5
      vertex -3.94215 -24.8897 2
      vertex -2.96194 -25.0253 2
    endloop
  endfacet
  facet normal -0.539143 -0.842215 0
    outer loop
      vertex -14.0004 -20.953 2
      vertex -13.167 -21.4865 4.5
      vertex -14.0004 -20.953 4.5
    endloop
  endfacet
  facet normal -0.539143 -0.842215 -0
    outer loop
      vertex -13.167 -21.4865 4.5
      vertex -14.0004 -20.953 2
      vertex -13.167 -21.4865 2
    endloop
  endfacet
  facet normal -0.471422 -0.881908 0
    outer loop
      vertex -12.3133 -21.9869 2
      vertex -11.4406 -22.4534 4.5
      vertex -12.3133 -21.9869 4.5
    endloop
  endfacet
  facet normal -0.471422 -0.881908 -0
    outer loop
      vertex -11.4406 -22.4534 4.5
      vertex -12.3133 -21.9869 2
      vertex -11.4406 -22.4534 2
    endloop
  endfacet
  facet normal -0.693049 -0.720891 0
    outer loop
      vertex -17.5848 -18.0444 2
      vertex -17.1058 -18.5049 4.5
      vertex -17.5848 -18.0444 4.5
    endloop
  endfacet
  facet normal -0.693049 -0.720891 -0
    outer loop
      vertex -17.1058 -18.5049 4.5
      vertex -17.5848 -18.0444 2
      vertex -17.1058 -18.5049 2
    endloop
  endfacet
  facet normal -0.664245 -0.747515 0
    outer loop
      vertex -17.1058 -18.5049 2
      vertex -16.3661 -19.1622 4.5
      vertex -17.1058 -18.5049 4.5
    endloop
  endfacet
  facet normal -0.664245 -0.747515 -0
    outer loop
      vertex -16.3661 -19.1622 4.5
      vertex -17.1058 -18.5049 2
      vertex -16.3661 -19.1622 2
    endloop
  endfacet
  facet normal 0.995184 0.0980258 0
    outer loop
      vertex 25.1223 1.97717 4.5
      vertex 25.0253 2.96194 2
      vertex 25.0253 2.96194 4.5
    endloop
  endfacet
  facet normal 0.995184 0.0980258 0
    outer loop
      vertex 25.0253 2.96194 2
      vertex 25.1223 1.97717 4.5
      vertex 25.1223 1.97717 2
    endloop
  endfacet
  facet normal 0.999808 0.0196051 0
    outer loop
      vertex 25.2 0 4.5
      vertex 25.1806 0.989347 2
      vertex 25.1806 0.989347 4.5
    endloop
  endfacet
  facet normal 0.999808 0.0196051 0
    outer loop
      vertex 25.1806 0.989347 2
      vertex 25.2 0 4.5
      vertex 25.2 0 2
    endloop
  endfacet
  facet normal 0.436348 0.899778 -0
    outer loop
      vertex 11.4406 22.4534 2
      vertex 10.5502 22.8852 4.5
      vertex 11.4406 22.4534 4.5
    endloop
  endfacet
  facet normal 0.436348 0.899778 0
    outer loop
      vertex 10.5502 22.8852 4.5
      vertex 11.4406 22.4534 2
      vertex 10.5502 22.8852 2
    endloop
  endfacet
  facet normal 0.634431 0.772979 -0
    outer loop
      vertex 16.3661 19.1622 2
      vertex 15.6012 19.79 4.5
      vertex 16.3661 19.1622 4.5
    endloop
  endfacet
  facet normal 0.634431 0.772979 0
    outer loop
      vertex 15.6012 19.79 4.5
      vertex 16.3661 19.1622 2
      vertex 15.6012 19.79 2
    endloop
  endfacet
  facet normal 0.693049 0.720891 -0
    outer loop
      vertex 17.5848 18.0444 2
      vertex 17.1058 18.5049 4.5
      vertex 17.5848 18.0444 4.5
    endloop
  endfacet
  facet normal 0.693049 0.720891 0
    outer loop
      vertex 17.1058 18.5049 4.5
      vertex 17.5848 18.0444 2
      vertex 17.1058 18.5049 2
    endloop
  endfacet
  facet normal 0.820398 0.571793 0
    outer loop
      vertex 20.953 14.0004 4.5
      vertex 20.3872 14.8122 2
      vertex 20.3872 14.8122 4.5
    endloop
  endfacet
  facet normal 0.820398 0.571793 0
    outer loop
      vertex 20.3872 14.8122 2
      vertex 20.953 14.0004 4.5
      vertex 20.953 14.0004 2
    endloop
  endfacet
  facet normal -0.693049 0.720891 0
    outer loop
      vertex -17.1058 18.5049 2
      vertex -17.5848 18.0444 4.5
      vertex -17.1058 18.5049 4.5
    endloop
  endfacet
  facet normal -0.693049 0.720891 0
    outer loop
      vertex -17.5848 18.0444 4.5
      vertex -17.1058 18.5049 2
      vertex -17.5848 18.0444 2
    endloop
  endfacet
  facet normal 0.0196051 0.999808 -0
    outer loop
      vertex 0.989347 25.1806 2
      vertex 0 25.2 4.5
      vertex 0.989347 25.1806 4.5
    endloop
  endfacet
  facet normal 0.0196051 0.999808 0
    outer loop
      vertex 0 25.2 4.5
      vertex 0.989347 25.1806 2
      vertex 0 25.2 2
    endloop
  endfacet
  facet normal -0.364421 0.931234 0
    outer loop
      vertex -8.72215 23.6424 2
      vertex -9.64362 23.2818 4.5
      vertex -8.72215 23.6424 4.5
    endloop
  endfacet
  facet normal -0.364421 0.931234 0
    outer loop
      vertex -9.64362 23.2818 4.5
      vertex -8.72215 23.6424 2
      vertex -9.64362 23.2818 2
    endloop
  endfacet
  facet normal -0.999808 0.0196051 0
    outer loop
      vertex -25.2 0 2
      vertex -25.1806 0.989347 4.5
      vertex -25.1806 0.989347 2
    endloop
  endfacet
  facet normal -0.999808 0.0196051 0
    outer loop
      vertex -25.1806 0.989347 4.5
      vertex -25.2 0 2
      vertex -25.2 0 4.5
    endloop
  endfacet
  facet normal 0 0 1
    outer loop
      vertex 17.1058 18.5049 4.5
      vertex 16.8822 17.3418 4.5
      vertex 17.5848 18.0444 4.5
    endloop
  endfacet
  facet normal 0 0 1
    outer loop
      vertex 16.2912 17.6237 4.5
      vertex 17.1058 18.5049 4.5
      vertex 16.3661 19.1622 4.5
    endloop
  endfacet
  facet normal 0 0 1
    outer loop
      vertex 24 0 4.5
      vertex 25.2 0 4.5
      vertex 25.1806 0.989347 4.5
    endloop
  endfacet
  facet normal 0 0 1
    outer loop
      vertex 23.9815 0.942235 4.5
      vertex 25.1806 0.989347 4.5
      vertex 25.1223 1.97717 4.5
    endloop
  endfacet
  facet normal 0 0 1
    outer loop
      vertex 25.2 0 4.5
      vertex 24 0 4.5
      vertex 25.1806 -0.989347 4.5
    endloop
  endfacet
  facet normal 0 0 1
    outer loop
      vertex 23.926 1.88302 4.5
      vertex 25.1223 1.97717 4.5
      vertex 25.0253 2.96194 4.5
    endloop
  endfacet
  facet normal -0 0 1
    outer loop
      vertex 23.9815 -0.942235 4.5
      vertex 25.1806 -0.989347 4.5
      vertex 24 0 4.5
    endloop
  endfacet
  facet normal 0 0 1
    outer loop
      vertex 23.8336 2.8209 4.5
      vertex 25.0253 2.96194 4.5
      vertex 24.8897 3.94215 4.5
    endloop
  endfacet
  facet normal 0 0 1
    outer loop
      vertex 25.1806 -0.989347 4.5
      vertex 23.9815 -0.942235 4.5
      vertex 25.1223 -1.97717 4.5
    endloop
  endfacet
  facet normal 0 0 1
    outer loop
      vertex 23.7045 3.75443 4.5
      vertex 24.8897 3.94215 4.5
      vertex 24.7158 4.91628 4.5
    endloop
  endfacet
  facet normal -0 0 1
    outer loop
      vertex 23.926 -1.88302 4.5
      vertex 25.1223 -1.97717 4.5
      vertex 23.9815 -0.942235 4.5
    endloop
  endfacet
  facet normal 0 0 1
    outer loop
      vertex 23.5388 4.68217 4.5
      vertex 24.7158 4.91628 4.5
      vertex 24.5037 5.88282 4.5
    endloop
  endfacet
  facet normal 0 0 1
    outer loop
      vertex 25.1223 -1.97717 4.5
      vertex 23.926 -1.88302 4.5
      vertex 25.0253 -2.96194 4.5
    endloop
  endfacet
  facet normal 0 0 1
    outer loop
      vertex 23.3369 5.60269 4.5
      vertex 24.5037 5.88282 4.5
      vertex 24.2539 6.8403 4.5
    endloop
  endfacet
  facet normal -0 0 1
    outer loop
      vertex 23.8336 -2.8209 4.5
      vertex 25.0253 -2.96194 4.5
      vertex 23.926 -1.88302 4.5
    endloop
  endfacet
  facet normal 0 0 1
    outer loop
      vertex 25.0253 -2.96194 4.5
      vertex 23.8336 -2.8209 4.5
      vertex 24.8897 -3.94215 4.5
    endloop
  endfacet
  facet normal 0 0 1
    outer loop
      vertex 25.1806 0.989347 4.5
      vertex 23.9815 0.942235 4.5
      vertex 24 0 4.5
    endloop
  endfacet
  facet normal 0 0 1
    outer loop
      vertex 23.0989 6.51457 4.5
      vertex 24.2539 6.8403 4.5
      vertex 23.9666 7.78723 4.5
    endloop
  endfacet
  facet normal 0 0 1
    outer loop
      vertex 25.1223 1.97717 4.5
      vertex 23.926 1.88302 4.5
      vertex 23.9815 0.942235 4.5
    endloop
  endfacet
  facet normal 0 0 1
    outer loop
      vertex 25.0253 2.96194 4.5
      vertex 23.8336 2.8209 4.5
      vertex 23.926 1.88302 4.5
    endloop
  endfacet
  facet normal 0 0 1
    outer loop
      vertex 24.8897 3.94215 4.5
      vertex 23.7045 3.75443 4.5
      vertex 23.8336 2.8209 4.5
    endloop
  endfacet
  facet normal 0 0 1
    outer loop
      vertex 22.8254 7.41641 4.5
      vertex 23.9666 7.78723 4.5
      vertex 23.6424 8.72215 4.5
    endloop
  endfacet
  facet normal 0 0 1
    outer loop
      vertex 24.7158 4.91628 4.5
      vertex 23.5388 4.68217 4.5
      vertex 23.7045 3.75443 4.5
    endloop
  endfacet
  facet normal 0 0 1
    outer loop
      vertex 24.5037 5.88282 4.5
      vertex 23.3369 5.60269 4.5
      vertex 23.5388 4.68217 4.5
    endloop
  endfacet
  facet normal 0 0 1
    outer loop
      vertex 22.5166 8.30681 4.5
      vertex 23.6424 8.72215 4.5
      vertex 23.2818 9.64362 4.5
    endloop
  endfacet
  facet normal 0 0 1
    outer loop
      vertex 24.2539 6.8403 4.5
      vertex 23.0989 6.51457 4.5
      vertex 23.3369 5.60269 4.5
    endloop
  endfacet
  facet normal 0 0 1
    outer loop
      vertex 22.1731 9.1844 4.5
      vertex 23.2818 9.64362 4.5
      vertex 22.8852 10.5502 4.5
    endloop
  endfacet
  facet normal 0 0 1
    outer loop
      vertex 23.9666 7.78723 4.5
      vertex 22.8254 7.41641 4.5
      vertex 23.0989 6.51457 4.5
    endloop
  endfacet
  facet normal 0 0 1
    outer loop
      vertex 23.6424 8.72215 4.5
      vertex 22.5166 8.30681 4.5
      vertex 22.8254 7.41641 4.5
    endloop
  endfacet
  facet normal 0 0 1
    outer loop
      vertex 21.7954 10.0478 4.5
      vertex 22.8852 10.5502 4.5
      vertex 22.4534 11.4406 4.5
    endloop
  endfacet
  facet normal 0 0 1
    outer loop
      vertex 23.2818 9.64362 4.5
      vertex 22.1731 9.1844 4.5
      vertex 22.5166 8.30681 4.5
    endloop
  endfacet
  facet normal 0 0 1
    outer loop
      vertex 21.3842 10.8958 4.5
      vertex 22.4534 11.4406 4.5
      vertex 21.9869 12.3133 4.5
    endloop
  endfacet
  facet normal 0 0 1
    outer loop
      vertex 22.8852 10.5502 4.5
      vertex 21.7954 10.0478 4.5
      vertex 22.1731 9.1844 4.5
    endloop
  endfacet
  facet normal 0 0 1
    outer loop
      vertex 20.9399 11.7269 4.5
      vertex 21.9869 12.3133 4.5
      vertex 21.4865 13.167 4.5
    endloop
  endfacet
  facet normal 0 0 1
    outer loop
      vertex 22.4534 11.4406 4.5
      vertex 21.3842 10.8958 4.5
      vertex 21.7954 10.0478 4.5
    endloop
  endfacet
  facet normal 0 0 1
    outer loop
      vertex 20.4634 12.54 4.5
      vertex 21.4865 13.167 4.5
      vertex 20.953 14.0004 4.5
    endloop
  endfacet
  facet normal 0 0 1
    outer loop
      vertex 21.9869 12.3133 4.5
      vertex 20.9399 11.7269 4.5
      vertex 21.3842 10.8958 4.5
    endloop
  endfacet
  facet normal 0 0 1
    outer loop
      vertex 21.4865 13.167 4.5
      vertex 20.4634 12.54 4.5
      vertex 20.9399 11.7269 4.5
    endloop
  endfacet
  facet normal 0 0 1
    outer loop
      vertex 19.9553 13.3337 4.5
      vertex 20.953 14.0004 4.5
      vertex 20.3872 14.8122 4.5
    endloop
  endfacet
  facet normal 0 0 1
    outer loop
      vertex 20.953 14.0004 4.5
      vertex 19.9553 13.3337 4.5
      vertex 20.4634 12.54 4.5
    endloop
  endfacet
  facet normal 0 0 1
    outer loop
      vertex 19.4164 14.1068 4.5
      vertex 20.3872 14.8122 4.5
      vertex 19.79 15.6012 4.5
    endloop
  endfacet
  facet normal 0 0 1
    outer loop
      vertex 20.3872 14.8122 4.5
      vertex 19.4164 14.1068 4.5
      vertex 19.9553 13.3337 4.5
    endloop
  endfacet
  facet normal 0 0 1
    outer loop
      vertex 18.8476 14.8583 4.5
      vertex 19.79 15.6012 4.5
      vertex 19.1622 16.3661 4.5
    endloop
  endfacet
  facet normal 0 0 1
    outer loop
      vertex 19.79 15.6012 4.5
      vertex 18.8476 14.8583 4.5
      vertex 19.4164 14.1068 4.5
    endloop
  endfacet
  facet normal 0 0 1
    outer loop
      vertex 18.2497 15.5868 4.5
      vertex 19.1622 16.3661 4.5
      vertex 18.5049 17.1058 4.5
    endloop
  endfacet
  facet normal 0 0 1
    outer loop
      vertex 19.1622 16.3661 4.5
      vertex 18.2497 15.5868 4.5
      vertex 18.8476 14.8583 4.5
    endloop
  endfacet
  facet normal 0 0 1
    outer loop
      vertex 17.3418 16.8822 4.5
      vertex 18.5049 17.1058 4.5
      vertex 18.0444 17.5848 4.5
    endloop
  endfacet
  facet normal 0 0 1
    outer loop
      vertex 18.5049 17.1058 4.5
      vertex 17.6237 16.2912 4.5
      vertex 18.2497 15.5868 4.5
    endloop
  endfacet
  facet normal 0 0 1
    outer loop
      vertex 18.5049 17.1058 4.5
      vertex 17.3418 16.8822 4.5
      vertex 17.6237 16.2912 4.5
    endloop
  endfacet
  facet normal 0 0 1
    outer loop
      vertex 17.3418 16.8822 4.5
      vertex 16.9706 16.9706 4.5
      vertex 17.6237 16.2912 4.5
    endloop
  endfacet
  facet normal 0 0 1
    outer loop
      vertex 16.8822 17.3418 4.5
      vertex 16.9706 16.9706 4.5
      vertex 17.3418 16.8822 4.5
    endloop
  endfacet
  facet normal 0 0 1
    outer loop
      vertex 17.1058 18.5049 4.5
      vertex 16.2912 17.6237 4.5
      vertex 16.8822 17.3418 4.5
    endloop
  endfacet
  facet normal 0 0 1
    outer loop
      vertex 16.8822 17.3418 4.5
      vertex 16.2912 17.6237 4.5
      vertex 16.9706 16.9706 4.5
    endloop
  endfacet
  facet normal 0 0 1
    outer loop
      vertex 15.5868 18.2497 4.5
      vertex 16.3661 19.1622 4.5
      vertex 15.6012 19.79 4.5
    endloop
  endfacet
  facet normal 0 0 1
    outer loop
      vertex 16.3661 19.1622 4.5
      vertex 15.5868 18.2497 4.5
      vertex 16.2912 17.6237 4.5
    endloop
  endfacet
  facet normal 0 0 1
    outer loop
      vertex 15.6012 19.79 4.5
      vertex 14.8583 18.8476 4.5
      vertex 15.5868 18.2497 4.5
    endloop
  endfacet
  facet normal 0 0 1
    outer loop
      vertex 14.8122 20.3872 4.5
      vertex 14.8583 18.8476 4.5
      vertex 15.6012 19.79 4.5
    endloop
  endfacet
  facet normal 0 0 1
    outer loop
      vertex 14.8122 20.3872 4.5
      vertex 14.1068 19.4164 4.5
      vertex 14.8583 18.8476 4.5
    endloop
  endfacet
  facet normal 0 0 1
    outer loop
      vertex 14.0004 20.953 4.5
      vertex 14.1068 19.4164 4.5
      vertex 14.8122 20.3872 4.5
    endloop
  endfacet
  facet normal 0 0 1
    outer loop
      vertex 14.0004 20.953 4.5
      vertex 13.3337 19.9553 4.5
      vertex 14.1068 19.4164 4.5
    endloop
  endfacet
  facet normal 0 0 1
    outer loop
      vertex 13.167 21.4865 4.5
      vertex 13.3337 19.9553 4.5
      vertex 14.0004 20.953 4.5
    endloop
  endfacet
  facet normal 0 0 1
    outer loop
      vertex 13.167 21.4865 4.5
      vertex 12.54 20.4634 4.5
      vertex 13.3337 19.9553 4.5
    endloop
  endfacet
  facet normal 0 0 1
    outer loop
      vertex 12.3133 21.9869 4.5
      vertex 12.54 20.4634 4.5
      vertex 13.167 21.4865 4.5
    endloop
  endfacet
  facet normal 0 0 1
    outer loop
      vertex 12.3133 21.9869 4.5
      vertex 11.7269 20.9399 4.5
      vertex 12.54 20.4634 4.5
    endloop
  endfacet
  facet normal 0 0 1
    outer loop
      vertex 11.4406 22.4534 4.5
      vertex 11.7269 20.9399 4.5
      vertex 12.3133 21.9869 4.5
    endloop
  endfacet
  facet normal 0 0 1
    outer loop
      vertex 11.4406 22.4534 4.5
      vertex 10.8958 21.3842 4.5
      vertex 11.7269 20.9399 4.5
    endloop
  endfacet
  facet normal 0 0 1
    outer loop
      vertex 10.5502 22.8852 4.5
      vertex 10.8958 21.3842 4.5
      vertex 11.4406 22.4534 4.5
    endloop
  endfacet
  facet normal 0 0 1
    outer loop
      vertex 10.5502 22.8852 4.5
      vertex 10.0478 21.7954 4.5
      vertex 10.8958 21.3842 4.5
    endloop
  endfacet
  facet normal 0 0 1
    outer loop
      vertex 9.64362 23.2818 4.5
      vertex 10.0478 21.7954 4.5
      vertex 10.5502 22.8852 4.5
    endloop
  endfacet
  facet normal 0 0 1
    outer loop
      vertex 9.64362 23.2818 4.5
      vertex 9.1844 22.1731 4.5
      vertex 10.0478 21.7954 4.5
    endloop
  endfacet
  facet normal 0 0 1
    outer loop
      vertex 8.72215 23.6424 4.5
      vertex 9.1844 22.1731 4.5
      vertex 9.64362 23.2818 4.5
    endloop
  endfacet
  facet normal 0 0 1
    outer loop
      vertex 8.72215 23.6424 4.5
      vertex 8.30681 22.5166 4.5
      vertex 9.1844 22.1731 4.5
    endloop
  endfacet
  facet normal 0 0 1
    outer loop
      vertex 7.78723 23.9666 4.5
      vertex 8.30681 22.5166 4.5
      vertex 8.72215 23.6424 4.5
    endloop
  endfacet
  facet normal 0 0 1
    outer loop
      vertex 7.78723 23.9666 4.5
      vertex 7.41641 22.8254 4.5
      vertex 8.30681 22.5166 4.5
    endloop
  endfacet
  facet normal 0 0 1
    outer loop
      vertex 6.8403 24.2539 4.5
      vertex 7.41641 22.8254 4.5
      vertex 7.78723 23.9666 4.5
    endloop
  endfacet
  facet normal 0 0 1
    outer loop
      vertex 6.8403 24.2539 4.5
      vertex 6.51457 23.0989 4.5
      vertex 7.41641 22.8254 4.5
    endloop
  endfacet
  facet normal 0 0 1
    outer loop
      vertex 5.88282 24.5037 4.5
      vertex 6.51457 23.0989 4.5
      vertex 6.8403 24.2539 4.5
    endloop
  endfacet
  facet normal 0 0 1
    outer loop
      vertex 5.88282 24.5037 4.5
      vertex 5.60269 23.3369 4.5
      vertex 6.51457 23.0989 4.5
    endloop
  endfacet
  facet normal 0 0 1
    outer loop
      vertex 4.91628 24.7158 4.5
      vertex 5.60269 23.3369 4.5
      vertex 5.88282 24.5037 4.5
    endloop
  endfacet
  facet normal 0 0 1
    outer loop
      vertex 4.91628 24.7158 4.5
      vertex 4.68217 23.5388 4.5
      vertex 5.60269 23.3369 4.5
    endloop
  endfacet
  facet normal 0 0 1
    outer loop
      vertex 3.94215 24.8897 4.5
      vertex 4.68217 23.5388 4.5
      vertex 4.91628 24.7158 4.5
    endloop
  endfacet
  facet normal 0 0 1
    outer loop
      vertex 3.94215 24.8897 4.5
      vertex 3.75443 23.7045 4.5
      vertex 4.68217 23.5388 4.5
    endloop
  endfacet
  facet normal 0 0 1
    outer loop
      vertex 2.96194 25.0253 4.5
      vertex 3.75443 23.7045 4.5
      vertex 3.94215 24.8897 4.5
    endloop
  endfacet
  facet normal 0 0 1
    outer loop
      vertex 2.96194 25.0253 4.5
      vertex 2.8209 23.8336 4.5
      vertex 3.75443 23.7045 4.5
    endloop
  endfacet
  facet normal 0 0 1
    outer loop
      vertex 1.97717 25.1223 4.5
      vertex 2.8209 23.8336 4.5
      vertex 2.96194 25.0253 4.5
    endloop
  endfacet
  facet normal 0 0 1
    outer loop
      vertex 1.97717 25.1223 4.5
      vertex 1.88302 23.926 4.5
      vertex 2.8209 23.8336 4.5
    endloop
  endfacet
  facet normal 0 0 1
    outer loop
      vertex 0.989347 25.1806 4.5
      vertex 1.88302 23.926 4.5
      vertex 1.97717 25.1223 4.5
    endloop
  endfacet
  facet normal 0 0 1
    outer loop
      vertex 0.989347 25.1806 4.5
      vertex 0.942235 23.9815 4.5
      vertex 1.88302 23.926 4.5
    endloop
  endfacet
  facet normal 0 0 1
    outer loop
      vertex 0 25.2 4.5
      vertex 0.942235 23.9815 4.5
      vertex 0.989347 25.1806 4.5
    endloop
  endfacet
  facet normal 0 0 1
    outer loop
      vertex 0 25.2 4.5
      vertex 0 24 4.5
      vertex 0.942235 23.9815 4.5
    endloop
  endfacet
  facet normal 0 0 1
    outer loop
      vertex 0 25.2 4.5
      vertex -0.942235 23.9815 4.5
      vertex 0 24 4.5
    endloop
  endfacet
  facet normal -0 0 1
    outer loop
      vertex -0.989347 25.1806 4.5
      vertex -0.942235 23.9815 4.5
      vertex 0 25.2 4.5
    endloop
  endfacet
  facet normal 0 0 1
    outer loop
      vertex -0.989347 25.1806 4.5
      vertex -1.88302 23.926 4.5
      vertex -0.942235 23.9815 4.5
    endloop
  endfacet
  facet normal -0 0 1
    outer loop
      vertex -1.97717 25.1223 4.5
      vertex -1.88302 23.926 4.5
      vertex -0.989347 25.1806 4.5
    endloop
  endfacet
  facet normal 0 0 1
    outer loop
      vertex -1.97717 25.1223 4.5
      vertex -2.8209 23.8336 4.5
      vertex -1.88302 23.926 4.5
    endloop
  endfacet
  facet normal -0 0 1
    outer loop
      vertex -2.96194 25.0253 4.5
      vertex -2.8209 23.8336 4.5
      vertex -1.97717 25.1223 4.5
    endloop
  endfacet
  facet normal 0 0 1
    outer loop
      vertex -2.96194 25.0253 4.5
      vertex -3.75443 23.7045 4.5
      vertex -2.8209 23.8336 4.5
    endloop
  endfacet
  facet normal -0 0 1
    outer loop
      vertex -3.94215 24.8897 4.5
      vertex -3.75443 23.7045 4.5
      vertex -2.96194 25.0253 4.5
    endloop
  endfacet
  facet normal 0 0 1
    outer loop
      vertex -3.94215 24.8897 4.5
      vertex -4.68217 23.5388 4.5
      vertex -3.75443 23.7045 4.5
    endloop
  endfacet
  facet normal -0 0 1
    outer loop
      vertex -4.91628 24.7158 4.5
      vertex -4.68217 23.5388 4.5
      vertex -3.94215 24.8897 4.5
    endloop
  endfacet
  facet normal 0 0 1
    outer loop
      vertex -4.91628 24.7158 4.5
      vertex -5.60269 23.3369 4.5
      vertex -4.68217 23.5388 4.5
    endloop
  endfacet
  facet normal -0 0 1
    outer loop
      vertex -5.88282 24.5037 4.5
      vertex -5.60269 23.3369 4.5
      vertex -4.91628 24.7158 4.5
    endloop
  endfacet
  facet normal 0 0 1
    outer loop
      vertex -5.88282 24.5037 4.5
      vertex -6.51457 23.0989 4.5
      vertex -5.60269 23.3369 4.5
    endloop
  endfacet
  facet normal -0 0 1
    outer loop
      vertex -6.8403 24.2539 4.5
      vertex -6.51457 23.0989 4.5
      vertex -5.88282 24.5037 4.5
    endloop
  endfacet
  facet normal 0 0 1
    outer loop
      vertex -6.8403 24.2539 4.5
      vertex -7.41641 22.8254 4.5
      vertex -6.51457 23.0989 4.5
    endloop
  endfacet
  facet normal -0 0 1
    outer loop
      vertex -7.78723 23.9666 4.5
      vertex -7.41641 22.8254 4.5
      vertex -6.8403 24.2539 4.5
    endloop
  endfacet
  facet normal 0 0 1
    outer loop
      vertex -7.78723 23.9666 4.5
      vertex -8.30681 22.5166 4.5
      vertex -7.41641 22.8254 4.5
    endloop
  endfacet
  facet normal -0 0 1
    outer loop
      vertex -8.72215 23.6424 4.5
      vertex -8.30681 22.5166 4.5
      vertex -7.78723 23.9666 4.5
    endloop
  endfacet
  facet normal 0 0 1
    outer loop
      vertex -8.72215 23.6424 4.5
      vertex -9.1844 22.1731 4.5
      vertex -8.30681 22.5166 4.5
    endloop
  endfacet
  facet normal -0 0 1
    outer loop
      vertex -9.64362 23.2818 4.5
      vertex -9.1844 22.1731 4.5
      vertex -8.72215 23.6424 4.5
    endloop
  endfacet
  facet normal 0 0 1
    outer loop
      vertex -9.64362 23.2818 4.5
      vertex -10.0478 21.7954 4.5
      vertex -9.1844 22.1731 4.5
    endloop
  endfacet
  facet normal -0 0 1
    outer loop
      vertex -10.5502 22.8852 4.5
      vertex -10.0478 21.7954 4.5
      vertex -9.64362 23.2818 4.5
    endloop
  endfacet
  facet normal 0 0 1
    outer loop
      vertex -10.5502 22.8852 4.5
      vertex -10.8958 21.3842 4.5
      vertex -10.0478 21.7954 4.5
    endloop
  endfacet
  facet normal -0 0 1
    outer loop
      vertex -11.4406 22.4534 4.5
      vertex -10.8958 21.3842 4.5
      vertex -10.5502 22.8852 4.5
    endloop
  endfacet
  facet normal 0 0 1
    outer loop
      vertex -11.4406 22.4534 4.5
      vertex -11.7269 20.9399 4.5
      vertex -10.8958 21.3842 4.5
    endloop
  endfacet
  facet normal -0 0 1
    outer loop
      vertex -12.3133 21.9869 4.5
      vertex -11.7269 20.9399 4.5
      vertex -11.4406 22.4534 4.5
    endloop
  endfacet
  facet normal 0 0 1
    outer loop
      vertex -12.3133 21.9869 4.5
      vertex -12.54 20.4634 4.5
      vertex -11.7269 20.9399 4.5
    endloop
  endfacet
  facet normal -0 0 1
    outer loop
      vertex -13.167 21.4865 4.5
      vertex -12.54 20.4634 4.5
      vertex -12.3133 21.9869 4.5
    endloop
  endfacet
  facet normal 0 0 1
    outer loop
      vertex -13.167 21.4865 4.5
      vertex -13.3337 19.9553 4.5
      vertex -12.54 20.4634 4.5
    endloop
  endfacet
  facet normal -0 0 1
    outer loop
      vertex -14.0004 20.953 4.5
      vertex -13.3337 19.9553 4.5
      vertex -13.167 21.4865 4.5
    endloop
  endfacet
  facet normal 0 0 1
    outer loop
      vertex -14.0004 20.953 4.5
      vertex -14.1068 19.4164 4.5
      vertex -13.3337 19.9553 4.5
    endloop
  endfacet
  facet normal -0 0 1
    outer loop
      vertex -14.8122 20.3872 4.5
      vertex -14.1068 19.4164 4.5
      vertex -14.0004 20.953 4.5
    endloop
  endfacet
  facet normal 0 0 1
    outer loop
      vertex -14.8122 20.3872 4.5
      vertex -14.8583 18.8476 4.5
      vertex -14.1068 19.4164 4.5
    endloop
  endfacet
  facet normal -0 0 1
    outer loop
      vertex -15.6012 19.79 4.5
      vertex -14.8583 18.8476 4.5
      vertex -14.8122 20.3872 4.5
    endloop
  endfacet
  facet normal 0 0 1
    outer loop
      vertex -14.8583 18.8476 4.5
      vertex -15.6012 19.79 4.5
      vertex -15.5868 18.2497 4.5
    endloop
  endfacet
  facet normal -0 0 1
    outer loop
      vertex -16.3661 19.1622 4.5
      vertex -15.5868 18.2497 4.5
      vertex -15.6012 19.79 4.5
    endloop
  endfacet
  facet normal 0 0 1
    outer loop
      vertex -15.5868 18.2497 4.5
      vertex -16.3661 19.1622 4.5
      vertex -16.2912 17.6237 4.5
    endloop
  endfacet
  facet normal -0 0 1
    outer loop
      vertex -17.1058 18.5049 4.5
      vertex -16.2912 17.6237 4.5
      vertex -16.3661 19.1622 4.5
    endloop
  endfacet
  facet normal -0 0 1
    outer loop
      vertex -16.8822 17.3418 4.5
      vertex -16.9706 16.9706 4.5
      vertex -16.2912 17.6237 4.5
    endloop
  endfacet
  facet normal 0 0 1
    outer loop
      vertex -17.3418 16.8822 4.5
      vertex -16.9706 16.9706 4.5
      vertex -16.8822 17.3418 4.5
    endloop
  endfacet
  facet normal -0 0 1
    outer loop
      vertex -17.3418 16.8822 4.5
      vertex -17.6237 16.2912 4.5
      vertex -16.9706 16.9706 4.5
    endloop
  endfacet
  facet normal -0 0 1
    outer loop
      vertex -18.5049 17.1058 4.5
      vertex -17.3418 16.8822 4.5
      vertex -18.0444 17.5848 4.5
    endloop
  endfacet
  facet normal 0 0 1
    outer loop
      vertex -17.3418 16.8822 4.5
      vertex -18.5049 17.1058 4.5
      vertex -17.6237 16.2912 4.5
    endloop
  endfacet
  facet normal 0 0 1
    outer loop
      vertex -17.6237 16.2912 4.5
      vertex -18.5049 17.1058 4.5
      vertex -18.2497 15.5868 4.5
    endloop
  endfacet
  facet normal -0 0 1
    outer loop
      vertex -19.1622 16.3661 4.5
      vertex -18.2497 15.5868 4.5
      vertex -18.5049 17.1058 4.5
    endloop
  endfacet
  facet normal 0 0 1
    outer loop
      vertex -18.2497 15.5868 4.5
      vertex -19.1622 16.3661 4.5
      vertex -18.8476 14.8583 4.5
    endloop
  endfacet
  facet normal -0 0 1
    outer loop
      vertex -19.79 15.6012 4.5
      vertex -18.8476 14.8583 4.5
      vertex -19.1622 16.3661 4.5
    endloop
  endfacet
  facet normal 0 0 1
    outer loop
      vertex -18.8476 14.8583 4.5
      vertex -19.79 15.6012 4.5
      vertex -19.4164 14.1068 4.5
    endloop
  endfacet
  facet normal -0 0 1
    outer loop
      vertex -20.3872 14.8122 4.5
      vertex -19.4164 14.1068 4.5
      vertex -19.79 15.6012 4.5
    endloop
  endfacet
  facet normal 0 0 1
    outer loop
      vertex -19.4164 14.1068 4.5
      vertex -20.3872 14.8122 4.5
      vertex -19.9553 13.3337 4.5
    endloop
  endfacet
  facet normal -0 0 1
    outer loop
      vertex -20.953 14.0004 4.5
      vertex -19.9553 13.3337 4.5
      vertex -20.3872 14.8122 4.5
    endloop
  endfacet
  facet normal 0 0 1
    outer loop
      vertex -19.9553 13.3337 4.5
      vertex -20.953 14.0004 4.5
      vertex -20.4634 12.54 4.5
    endloop
  endfacet
  facet normal -0 0 1
    outer loop
      vertex -21.4865 13.167 4.5
      vertex -20.4634 12.54 4.5
      vertex -20.953 14.0004 4.5
    endloop
  endfacet
  facet normal 0 0 1
    outer loop
      vertex -20.4634 12.54 4.5
      vertex -21.4865 13.167 4.5
      vertex -20.9399 11.7269 4.5
    endloop
  endfacet
  facet normal -0 0 1
    outer loop
      vertex -21.9869 12.3133 4.5
      vertex -20.9399 11.7269 4.5
      vertex -21.4865 13.167 4.5
    endloop
  endfacet
  facet normal 0 0 1
    outer loop
      vertex -20.9399 11.7269 4.5
      vertex -21.9869 12.3133 4.5
      vertex -21.3842 10.8958 4.5
    endloop
  endfacet
  facet normal -0 0 1
    outer loop
      vertex -22.4534 11.4406 4.5
      vertex -21.3842 10.8958 4.5
      vertex -21.9869 12.3133 4.5
    endloop
  endfacet
  facet normal 0 0 1
    outer loop
      vertex -21.3842 10.8958 4.5
      vertex -22.4534 11.4406 4.5
      vertex -21.7954 10.0478 4.5
    endloop
  endfacet
  facet normal -0 0 1
    outer loop
      vertex -22.8852 10.5502 4.5
      vertex -21.7954 10.0478 4.5
      vertex -22.4534 11.4406 4.5
    endloop
  endfacet
  facet normal 0 0 1
    outer loop
      vertex -21.7954 10.0478 4.5
      vertex -22.8852 10.5502 4.5
      vertex -22.1731 9.1844 4.5
    endloop
  endfacet
  facet normal -0 0 1
    outer loop
      vertex -23.2818 9.64362 4.5
      vertex -22.1731 9.1844 4.5
      vertex -22.8852 10.5502 4.5
    endloop
  endfacet
  facet normal 0 0 1
    outer loop
      vertex -22.1731 9.1844 4.5
      vertex -23.2818 9.64362 4.5
      vertex -22.5166 8.30681 4.5
    endloop
  endfacet
  facet normal -0 0 1
    outer loop
      vertex -23.6424 8.72215 4.5
      vertex -22.5166 8.30681 4.5
      vertex -23.2818 9.64362 4.5
    endloop
  endfacet
  facet normal 0 0 1
    outer loop
      vertex -22.5166 8.30681 4.5
      vertex -23.6424 8.72215 4.5
      vertex -22.8254 7.41641 4.5
    endloop
  endfacet
  facet normal -0 0 1
    outer loop
      vertex -23.9666 7.78723 4.5
      vertex -22.8254 7.41641 4.5
      vertex -23.6424 8.72215 4.5
    endloop
  endfacet
  facet normal 0 0 1
    outer loop
      vertex -22.8254 7.41641 4.5
      vertex -23.9666 7.78723 4.5
      vertex -23.0989 6.51457 4.5
    endloop
  endfacet
  facet normal -0 0 1
    outer loop
      vertex -24.2539 6.8403 4.5
      vertex -23.0989 6.51457 4.5
      vertex -23.9666 7.78723 4.5
    endloop
  endfacet
  facet normal 0 0 1
    outer loop
      vertex -23.0989 6.51457 4.5
      vertex -24.2539 6.8403 4.5
      vertex -23.3369 5.60269 4.5
    endloop
  endfacet
  facet normal -0 0 1
    outer loop
      vertex -24.5037 5.88282 4.5
      vertex -23.3369 5.60269 4.5
      vertex -24.2539 6.8403 4.5
    endloop
  endfacet
  facet normal 0 0 1
    outer loop
      vertex -23.3369 5.60269 4.5
      vertex -24.5037 5.88282 4.5
      vertex -23.5388 4.68217 4.5
    endloop
  endfacet
  facet normal -0 0 1
    outer loop
      vertex -24.7158 4.91628 4.5
      vertex -23.5388 4.68217 4.5
      vertex -24.5037 5.88282 4.5
    endloop
  endfacet
  facet normal 0 0 1
    outer loop
      vertex -23.5388 4.68217 4.5
      vertex -24.7158 4.91628 4.5
      vertex -23.7045 3.75443 4.5
    endloop
  endfacet
  facet normal -0 0 1
    outer loop
      vertex -24.8897 3.94215 4.5
      vertex -23.7045 3.75443 4.5
      vertex -24.7158 4.91628 4.5
    endloop
  endfacet
  facet normal 0 0 1
    outer loop
      vertex -23.7045 3.75443 4.5
      vertex -24.8897 3.94215 4.5
      vertex -23.8336 2.8209 4.5
    endloop
  endfacet
  facet normal -0 0 1
    outer loop
      vertex 23.7045 -3.75443 4.5
      vertex 24.8897 -3.94215 4.5
      vertex 23.8336 -2.8209 4.5
    endloop
  endfacet
  facet normal 0 0 1
    outer loop
      vertex 24.8897 -3.94215 4.5
      vertex 23.7045 -3.75443 4.5
      vertex 24.7158 -4.91628 4.5
    endloop
  endfacet
  facet normal -0 0 1
    outer loop
      vertex 23.5388 -4.68217 4.5
      vertex 24.7158 -4.91628 4.5
      vertex 23.7045 -3.75443 4.5
    endloop
  endfacet
  facet normal 0 0 1
    outer loop
      vertex 24.7158 -4.91628 4.5
      vertex 23.5388 -4.68217 4.5
      vertex 24.5037 -5.88282 4.5
    endloop
  endfacet
  facet normal -0 0 1
    outer loop
      vertex 23.3369 -5.60269 4.5
      vertex 24.5037 -5.88282 4.5
      vertex 23.5388 -4.68217 4.5
    endloop
  endfacet
  facet normal 0 0 1
    outer loop
      vertex 24.5037 -5.88282 4.5
      vertex 23.3369 -5.60269 4.5
      vertex 24.2539 -6.8403 4.5
    endloop
  endfacet
  facet normal -0 0 1
    outer loop
      vertex 23.0989 -6.51457 4.5
      vertex 24.2539 -6.8403 4.5
      vertex 23.3369 -5.60269 4.5
    endloop
  endfacet
  facet normal 0 0 1
    outer loop
      vertex 24.2539 -6.8403 4.5
      vertex 23.0989 -6.51457 4.5
      vertex 23.9666 -7.78723 4.5
    endloop
  endfacet
  facet normal -0 0 1
    outer loop
      vertex 22.8254 -7.41641 4.5
      vertex 23.9666 -7.78723 4.5
      vertex 23.0989 -6.51457 4.5
    endloop
  endfacet
  facet normal 0 0 1
    outer loop
      vertex 23.9666 -7.78723 4.5
      vertex 22.8254 -7.41641 4.5
      vertex 23.6424 -8.72215 4.5
    endloop
  endfacet
  facet normal -0 0 1
    outer loop
      vertex 22.5166 -8.30681 4.5
      vertex 23.6424 -8.72215 4.5
      vertex 22.8254 -7.41641 4.5
    endloop
  endfacet
  facet normal 0 0 1
    outer loop
      vertex 23.6424 -8.72215 4.5
      vertex 22.5166 -8.30681 4.5
      vertex 23.2818 -9.64362 4.5
    endloop
  endfacet
  facet normal -0 0 1
    outer loop
      vertex 22.1731 -9.1844 4.5
      vertex 23.2818 -9.64362 4.5
      vertex 22.5166 -8.30681 4.5
    endloop
  endfacet
  facet normal 0 0 1
    outer loop
      vertex 23.2818 -9.64362 4.5
      vertex 22.1731 -9.1844 4.5
      vertex 22.8852 -10.5502 4.5
    endloop
  endfacet
  facet normal -0 0 1
    outer loop
      vertex 21.7954 -10.0478 4.5
      vertex 22.8852 -10.5502 4.5
      vertex 22.1731 -9.1844 4.5
    endloop
  endfacet
  facet normal 0 0 1
    outer loop
      vertex 22.8852 -10.5502 4.5
      vertex 21.7954 -10.0478 4.5
      vertex 22.4534 -11.4406 4.5
    endloop
  endfacet
  facet normal -0 0 1
    outer loop
      vertex 21.3842 -10.8958 4.5
      vertex 22.4534 -11.4406 4.5
      vertex 21.7954 -10.0478 4.5
    endloop
  endfacet
  facet normal 0 0 1
    outer loop
      vertex 22.4534 -11.4406 4.5
      vertex 21.3842 -10.8958 4.5
      vertex 21.9869 -12.3133 4.5
    endloop
  endfacet
  facet normal -0 0 1
    outer loop
      vertex 20.9399 -11.7269 4.5
      vertex 21.9869 -12.3133 4.5
      vertex 21.3842 -10.8958 4.5
    endloop
  endfacet
  facet normal 0 0 1
    outer loop
      vertex 21.9869 -12.3133 4.5
      vertex 20.9399 -11.7269 4.5
      vertex 21.4865 -13.167 4.5
    endloop
  endfacet
  facet normal -0 0 1
    outer loop
      vertex 20.4634 -12.54 4.5
      vertex 21.4865 -13.167 4.5
      vertex 20.9399 -11.7269 4.5
    endloop
  endfacet
  facet normal 0 0 1
    outer loop
      vertex 21.4865 -13.167 4.5
      vertex 20.4634 -12.54 4.5
      vertex 20.953 -14.0004 4.5
    endloop
  endfacet
  facet normal -0 0 1
    outer loop
      vertex 19.9553 -13.3337 4.5
      vertex 20.953 -14.0004 4.5
      vertex 20.4634 -12.54 4.5
    endloop
  endfacet
  facet normal 0 0 1
    outer loop
      vertex 20.953 -14.0004 4.5
      vertex 19.9553 -13.3337 4.5
      vertex 20.3872 -14.8122 4.5
    endloop
  endfacet
  facet normal -0 0 1
    outer loop
      vertex 19.4164 -14.1068 4.5
      vertex 20.3872 -14.8122 4.5
      vertex 19.9553 -13.3337 4.5
    endloop
  endfacet
  facet normal 0 0 1
    outer loop
      vertex 20.3872 -14.8122 4.5
      vertex 19.4164 -14.1068 4.5
      vertex 19.79 -15.6012 4.5
    endloop
  endfacet
  facet normal -0 0 1
    outer loop
      vertex 18.8476 -14.8583 4.5
      vertex 19.79 -15.6012 4.5
      vertex 19.4164 -14.1068 4.5
    endloop
  endfacet
  facet normal 0 0 1
    outer loop
      vertex 19.79 -15.6012 4.5
      vertex 18.8476 -14.8583 4.5
      vertex 19.1622 -16.3661 4.5
    endloop
  endfacet
  facet normal -0 0 1
    outer loop
      vertex 18.2497 -15.5868 4.5
      vertex 19.1622 -16.3661 4.5
      vertex 18.8476 -14.8583 4.5
    endloop
  endfacet
  facet normal 0 0 1
    outer loop
      vertex 19.1622 -16.3661 4.5
      vertex 18.2497 -15.5868 4.5
      vertex 18.5049 -17.1058 4.5
    endloop
  endfacet
  facet normal -0 0 1
    outer loop
      vertex 17.6237 -16.2912 4.5
      vertex 18.5049 -17.1058 4.5
      vertex 18.2497 -15.5868 4.5
    endloop
  endfacet
  facet normal -0 0 1
    outer loop
      vertex 17.3418 -16.8822 4.5
      vertex 18.5049 -17.1058 4.5
      vertex 17.6237 -16.2912 4.5
    endloop
  endfacet
  facet normal 0 0 1
    outer loop
      vertex 18.5049 -17.1058 4.5
      vertex 17.3418 -16.8822 4.5
      vertex 18.0444 -17.5848 4.5
    endloop
  endfacet
  facet normal 0 0 1
    outer loop
      vertex 16.9706 -16.9706 4.5
      vertex 17.3418 -16.8822 4.5
      vertex 17.6237 -16.2912 4.5
    endloop
  endfacet
  facet normal -0 0 1
    outer loop
      vertex 16.9706 -16.9706 4.5
      vertex 16.8822 -17.3418 4.5
      vertex 17.3418 -16.8822 4.5
    endloop
  endfacet
  facet normal 0 0 1
    outer loop
      vertex 16.2912 -17.6237 4.5
      vertex 16.8822 -17.3418 4.5
      vertex 16.9706 -16.9706 4.5
    endloop
  endfacet
  facet normal 0 0 1
    outer loop
      vertex 16.8822 -17.3418 4.5
      vertex 16.2912 -17.6237 4.5
      vertex 16.3661 -19.1622 4.5
    endloop
  endfacet
  facet normal -0 0 1
    outer loop
      vertex 15.5868 -18.2497 4.5
      vertex 16.3661 -19.1622 4.5
      vertex 16.2912 -17.6237 4.5
    endloop
  endfacet
  facet normal 0 0 1
    outer loop
      vertex 16.3661 -19.1622 4.5
      vertex 15.5868 -18.2497 4.5
      vertex 15.6012 -19.79 4.5
    endloop
  endfacet
  facet normal -0 0 1
    outer loop
      vertex 14.8583 -18.8476 4.5
      vertex 15.6012 -19.79 4.5
      vertex 15.5868 -18.2497 4.5
    endloop
  endfacet
  facet normal 0 0 1
    outer loop
      vertex 14.8583 -18.8476 4.5
      vertex 14.8122 -20.3872 4.5
      vertex 15.6012 -19.79 4.5
    endloop
  endfacet
  facet normal -0 0 1
    outer loop
      vertex 14.1068 -19.4164 4.5
      vertex 14.8122 -20.3872 4.5
      vertex 14.8583 -18.8476 4.5
    endloop
  endfacet
  facet normal 0 0 1
    outer loop
      vertex 14.1068 -19.4164 4.5
      vertex 14.0004 -20.953 4.5
      vertex 14.8122 -20.3872 4.5
    endloop
  endfacet
  facet normal -0 0 1
    outer loop
      vertex 13.3337 -19.9553 4.5
      vertex 14.0004 -20.953 4.5
      vertex 14.1068 -19.4164 4.5
    endloop
  endfacet
  facet normal 0 0 1
    outer loop
      vertex 13.3337 -19.9553 4.5
      vertex 13.167 -21.4865 4.5
      vertex 14.0004 -20.953 4.5
    endloop
  endfacet
  facet normal -0 0 1
    outer loop
      vertex 12.54 -20.4634 4.5
      vertex 13.167 -21.4865 4.5
      vertex 13.3337 -19.9553 4.5
    endloop
  endfacet
  facet normal 0 0 1
    outer loop
      vertex 12.54 -20.4634 4.5
      vertex 12.3133 -21.9869 4.5
      vertex 13.167 -21.4865 4.5
    endloop
  endfacet
  facet normal -0 0 1
    outer loop
      vertex 11.7269 -20.9399 4.5
      vertex 12.3133 -21.9869 4.5
      vertex 12.54 -20.4634 4.5
    endloop
  endfacet
  facet normal 0 0 1
    outer loop
      vertex 11.7269 -20.9399 4.5
      vertex 11.4406 -22.4534 4.5
      vertex 12.3133 -21.9869 4.5
    endloop
  endfacet
  facet normal -0 0 1
    outer loop
      vertex 10.8958 -21.3842 4.5
      vertex 11.4406 -22.4534 4.5
      vertex 11.7269 -20.9399 4.5
    endloop
  endfacet
  facet normal 0 0 1
    outer loop
      vertex 10.8958 -21.3842 4.5
      vertex 10.5502 -22.8852 4.5
      vertex 11.4406 -22.4534 4.5
    endloop
  endfacet
  facet normal -0 0 1
    outer loop
      vertex 10.0478 -21.7954 4.5
      vertex 10.5502 -22.8852 4.5
      vertex 10.8958 -21.3842 4.5
    endloop
  endfacet
  facet normal 0 0 1
    outer loop
      vertex 10.0478 -21.7954 4.5
      vertex 9.64362 -23.2818 4.5
      vertex 10.5502 -22.8852 4.5
    endloop
  endfacet
  facet normal -0 0 1
    outer loop
      vertex 9.1844 -22.1731 4.5
      vertex 9.64362 -23.2818 4.5
      vertex 10.0478 -21.7954 4.5
    endloop
  endfacet
  facet normal 0 0 1
    outer loop
      vertex 9.1844 -22.1731 4.5
      vertex 8.72215 -23.6424 4.5
      vertex 9.64362 -23.2818 4.5
    endloop
  endfacet
  facet normal -0 0 1
    outer loop
      vertex 8.30681 -22.5166 4.5
      vertex 8.72215 -23.6424 4.5
      vertex 9.1844 -22.1731 4.5
    endloop
  endfacet
  facet normal 0 0 1
    outer loop
      vertex 8.30681 -22.5166 4.5
      vertex 7.78723 -23.9666 4.5
      vertex 8.72215 -23.6424 4.5
    endloop
  endfacet
  facet normal -0 0 1
    outer loop
      vertex 7.41641 -22.8254 4.5
      vertex 7.78723 -23.9666 4.5
      vertex 8.30681 -22.5166 4.5
    endloop
  endfacet
  facet normal 0 0 1
    outer loop
      vertex 7.41641 -22.8254 4.5
      vertex 6.8403 -24.2539 4.5
      vertex 7.78723 -23.9666 4.5
    endloop
  endfacet
  facet normal -0 0 1
    outer loop
      vertex 6.51457 -23.0989 4.5
      vertex 6.8403 -24.2539 4.5
      vertex 7.41641 -22.8254 4.5
    endloop
  endfacet
  facet normal 0 0 1
    outer loop
      vertex 6.51457 -23.0989 4.5
      vertex 5.88282 -24.5037 4.5
      vertex 6.8403 -24.2539 4.5
    endloop
  endfacet
  facet normal -0 0 1
    outer loop
      vertex 5.60269 -23.3369 4.5
      vertex 5.88282 -24.5037 4.5
      vertex 6.51457 -23.0989 4.5
    endloop
  endfacet
  facet normal 0 0 1
    outer loop
      vertex 5.60269 -23.3369 4.5
      vertex 4.91628 -24.7158 4.5
      vertex 5.88282 -24.5037 4.5
    endloop
  endfacet
  facet normal -0 0 1
    outer loop
      vertex 4.68217 -23.5388 4.5
      vertex 4.91628 -24.7158 4.5
      vertex 5.60269 -23.3369 4.5
    endloop
  endfacet
  facet normal 0 0 1
    outer loop
      vertex 4.68217 -23.5388 4.5
      vertex 3.94215 -24.8897 4.5
      vertex 4.91628 -24.7158 4.5
    endloop
  endfacet
  facet normal -0 0 1
    outer loop
      vertex 3.75443 -23.7045 4.5
      vertex 3.94215 -24.8897 4.5
      vertex 4.68217 -23.5388 4.5
    endloop
  endfacet
  facet normal 0 0 1
    outer loop
      vertex 3.75443 -23.7045 4.5
      vertex 2.96194 -25.0253 4.5
      vertex 3.94215 -24.8897 4.5
    endloop
  endfacet
  facet normal -0 0 1
    outer loop
      vertex 2.8209 -23.8336 4.5
      vertex 2.96194 -25.0253 4.5
      vertex 3.75443 -23.7045 4.5
    endloop
  endfacet
  facet normal 0 0 1
    outer loop
      vertex 2.8209 -23.8336 4.5
      vertex 1.97717 -25.1223 4.5
      vertex 2.96194 -25.0253 4.5
    endloop
  endfacet
  facet normal -0 0 1
    outer loop
      vertex 1.88302 -23.926 4.5
      vertex 1.97717 -25.1223 4.5
      vertex 2.8209 -23.8336 4.5
    endloop
  endfacet
  facet normal 0 0 1
    outer loop
      vertex 1.88302 -23.926 4.5
      vertex 0.989347 -25.1806 4.5
      vertex 1.97717 -25.1223 4.5
    endloop
  endfacet
  facet normal -0 0 1
    outer loop
      vertex 0.942235 -23.9815 4.5
      vertex 0.989347 -25.1806 4.5
      vertex 1.88302 -23.926 4.5
    endloop
  endfacet
  facet normal -0 0 1
    outer loop
      vertex 0 -24 4.5
      vertex 0.989347 -25.1806 4.5
      vertex 0.942235 -23.9815 4.5
    endloop
  endfacet
  facet normal 0 0 1
    outer loop
      vertex 0 -24 4.5
      vertex 0 -25.2 4.5
      vertex 0.989347 -25.1806 4.5
    endloop
  endfacet
  facet normal 0 0 1
    outer loop
      vertex -0.942235 -23.9815 4.5
      vertex 0 -25.2 4.5
      vertex 0 -24 4.5
    endloop
  endfacet
  facet normal 0 0 1
    outer loop
      vertex -0.942235 -23.9815 4.5
      vertex -0.989347 -25.1806 4.5
      vertex 0 -25.2 4.5
    endloop
  endfacet
  facet normal 0 0 1
    outer loop
      vertex -1.88302 -23.926 4.5
      vertex -0.989347 -25.1806 4.5
      vertex -0.942235 -23.9815 4.5
    endloop
  endfacet
  facet normal 0 0 1
    outer loop
      vertex -1.88302 -23.926 4.5
      vertex -1.97717 -25.1223 4.5
      vertex -0.989347 -25.1806 4.5
    endloop
  endfacet
  facet normal 0 0 1
    outer loop
      vertex -2.8209 -23.8336 4.5
      vertex -1.97717 -25.1223 4.5
      vertex -1.88302 -23.926 4.5
    endloop
  endfacet
  facet normal 0 0 1
    outer loop
      vertex -2.8209 -23.8336 4.5
      vertex -2.96194 -25.0253 4.5
      vertex -1.97717 -25.1223 4.5
    endloop
  endfacet
  facet normal 0 0 1
    outer loop
      vertex -3.75443 -23.7045 4.5
      vertex -2.96194 -25.0253 4.5
      vertex -2.8209 -23.8336 4.5
    endloop
  endfacet
  facet normal 0 0 1
    outer loop
      vertex -3.75443 -23.7045 4.5
      vertex -3.94215 -24.8897 4.5
      vertex -2.96194 -25.0253 4.5
    endloop
  endfacet
  facet normal 0 0 1
    outer loop
      vertex -4.68217 -23.5388 4.5
      vertex -3.94215 -24.8897 4.5
      vertex -3.75443 -23.7045 4.5
    endloop
  endfacet
  facet normal 0 0 1
    outer loop
      vertex -4.68217 -23.5388 4.5
      vertex -4.91628 -24.7158 4.5
      vertex -3.94215 -24.8897 4.5
    endloop
  endfacet
  facet normal 0 0 1
    outer loop
      vertex -5.60269 -23.3369 4.5
      vertex -4.91628 -24.7158 4.5
      vertex -4.68217 -23.5388 4.5
    endloop
  endfacet
  facet normal 0 0 1
    outer loop
      vertex -5.60269 -23.3369 4.5
      vertex -5.88282 -24.5037 4.5
      vertex -4.91628 -24.7158 4.5
    endloop
  endfacet
  facet normal 0 0 1
    outer loop
      vertex -6.51457 -23.0989 4.5
      vertex -5.88282 -24.5037 4.5
      vertex -5.60269 -23.3369 4.5
    endloop
  endfacet
  facet normal 0 0 1
    outer loop
      vertex -6.51457 -23.0989 4.5
      vertex -6.8403 -24.2539 4.5
      vertex -5.88282 -24.5037 4.5
    endloop
  endfacet
  facet normal 0 0 1
    outer loop
      vertex -7.41641 -22.8254 4.5
      vertex -6.8403 -24.2539 4.5
      vertex -6.51457 -23.0989 4.5
    endloop
  endfacet
  facet normal 0 0 1
    outer loop
      vertex -7.41641 -22.8254 4.5
      vertex -7.78723 -23.9666 4.5
      vertex -6.8403 -24.2539 4.5
    endloop
  endfacet
  facet normal 0 0 1
    outer loop
      vertex -8.30681 -22.5166 4.5
      vertex -7.78723 -23.9666 4.5
      vertex -7.41641 -22.8254 4.5
    endloop
  endfacet
  facet normal 0 0 1
    outer loop
      vertex -8.30681 -22.5166 4.5
      vertex -8.72215 -23.6424 4.5
      vertex -7.78723 -23.9666 4.5
    endloop
  endfacet
  facet normal 0 0 1
    outer loop
      vertex -9.1844 -22.1731 4.5
      vertex -8.72215 -23.6424 4.5
      vertex -8.30681 -22.5166 4.5
    endloop
  endfacet
  facet normal 0 0 1
    outer loop
      vertex -9.1844 -22.1731 4.5
      vertex -9.64362 -23.2818 4.5
      vertex -8.72215 -23.6424 4.5
    endloop
  endfacet
  facet normal 0 0 1
    outer loop
      vertex -10.0478 -21.7954 4.5
      vertex -9.64362 -23.2818 4.5
      vertex -9.1844 -22.1731 4.5
    endloop
  endfacet
  facet normal 0 0 1
    outer loop
      vertex -10.0478 -21.7954 4.5
      vertex -10.5502 -22.8852 4.5
      vertex -9.64362 -23.2818 4.5
    endloop
  endfacet
  facet normal 0 0 1
    outer loop
      vertex -10.8958 -21.3842 4.5
      vertex -10.5502 -22.8852 4.5
      vertex -10.0478 -21.7954 4.5
    endloop
  endfacet
  facet normal 0 0 1
    outer loop
      vertex -10.8958 -21.3842 4.5
      vertex -11.4406 -22.4534 4.5
      vertex -10.5502 -22.8852 4.5
    endloop
  endfacet
  facet normal 0 0 1
    outer loop
      vertex -11.7269 -20.9399 4.5
      vertex -11.4406 -22.4534 4.5
      vertex -10.8958 -21.3842 4.5
    endloop
  endfacet
  facet normal 0 0 1
    outer loop
      vertex -11.7269 -20.9399 4.5
      vertex -12.3133 -21.9869 4.5
      vertex -11.4406 -22.4534 4.5
    endloop
  endfacet
  facet normal 0 0 1
    outer loop
      vertex -12.54 -20.4634 4.5
      vertex -12.3133 -21.9869 4.5
      vertex -11.7269 -20.9399 4.5
    endloop
  endfacet
  facet normal 0 0 1
    outer loop
      vertex -12.54 -20.4634 4.5
      vertex -13.167 -21.4865 4.5
      vertex -12.3133 -21.9869 4.5
    endloop
  endfacet
  facet normal 0 0 1
    outer loop
      vertex -13.3337 -19.9553 4.5
      vertex -13.167 -21.4865 4.5
      vertex -12.54 -20.4634 4.5
    endloop
  endfacet
  facet normal 0 0 1
    outer loop
      vertex -13.3337 -19.9553 4.5
      vertex -14.0004 -20.953 4.5
      vertex -13.167 -21.4865 4.5
    endloop
  endfacet
  facet normal 0 0 1
    outer loop
      vertex -14.1068 -19.4164 4.5
      vertex -14.0004 -20.953 4.5
      vertex -13.3337 -19.9553 4.5
    endloop
  endfacet
  facet normal 0 0 1
    outer loop
      vertex -14.1068 -19.4164 4.5
      vertex -14.8122 -20.3872 4.5
      vertex -14.0004 -20.953 4.5
    endloop
  endfacet
  facet normal 0 0 1
    outer loop
      vertex -14.8583 -18.8476 4.5
      vertex -14.8122 -20.3872 4.5
      vertex -14.1068 -19.4164 4.5
    endloop
  endfacet
  facet normal 0 0 1
    outer loop
      vertex -15.6012 -19.79 4.5
      vertex -14.8583 -18.8476 4.5
      vertex -15.5868 -18.2497 4.5
    endloop
  endfacet
  facet normal 0 0 1
    outer loop
      vertex -14.8583 -18.8476 4.5
      vertex -15.6012 -19.79 4.5
      vertex -14.8122 -20.3872 4.5
    endloop
  endfacet
  facet normal 0 0 1
    outer loop
      vertex -16.3661 -19.1622 4.5
      vertex -15.5868 -18.2497 4.5
      vertex -16.2912 -17.6237 4.5
    endloop
  endfacet
  facet normal 0 0 1
    outer loop
      vertex -15.5868 -18.2497 4.5
      vertex -16.3661 -19.1622 4.5
      vertex -15.6012 -19.79 4.5
    endloop
  endfacet
  facet normal 0 0 1
    outer loop
      vertex -17.1058 -18.5049 4.5
      vertex -16.2912 -17.6237 4.5
      vertex -16.8822 -17.3418 4.5
    endloop
  endfacet
  facet normal 0 0 1
    outer loop
      vertex -16.9706 -16.9706 4.5
      vertex -16.8822 -17.3418 4.5
      vertex -16.2912 -17.6237 4.5
    endloop
  endfacet
  facet normal 0 0 1
    outer loop
      vertex -16.9706 -16.9706 4.5
      vertex -17.3418 -16.8822 4.5
      vertex -16.8822 -17.3418 4.5
    endloop
  endfacet
  facet normal 0 0 1
    outer loop
      vertex -17.6237 -16.2912 4.5
      vertex -17.3418 -16.8822 4.5
      vertex -16.9706 -16.9706 4.5
    endloop
  endfacet
  facet normal 0 0 1
    outer loop
      vertex -18.5049 -17.1058 4.5
      vertex -17.3418 -16.8822 4.5
      vertex -17.6237 -16.2912 4.5
    endloop
  endfacet
  facet normal 0 0 1
    outer loop
      vertex -18.5049 -17.1058 4.5
      vertex -17.6237 -16.2912 4.5
      vertex -18.2497 -15.5868 4.5
    endloop
  endfacet
  facet normal 0 0 1
    outer loop
      vertex -17.3418 -16.8822 4.5
      vertex -18.5049 -17.1058 4.5
      vertex -18.0444 -17.5848 4.5
    endloop
  endfacet
  facet normal 0 0 1
    outer loop
      vertex -19.1622 -16.3661 4.5
      vertex -18.2497 -15.5868 4.5
      vertex -18.8476 -14.8583 4.5
    endloop
  endfacet
  facet normal 0 0 1
    outer loop
      vertex -18.2497 -15.5868 4.5
      vertex -19.1622 -16.3661 4.5
      vertex -18.5049 -17.1058 4.5
    endloop
  endfacet
  facet normal 0 0 1
    outer loop
      vertex -19.79 -15.6012 4.5
      vertex -18.8476 -14.8583 4.5
      vertex -19.4164 -14.1068 4.5
    endloop
  endfacet
  facet normal 0 0 1
    outer loop
      vertex -18.8476 -14.8583 4.5
      vertex -19.79 -15.6012 4.5
      vertex -19.1622 -16.3661 4.5
    endloop
  endfacet
  facet normal 0 0 1
    outer loop
      vertex -20.3872 -14.8122 4.5
      vertex -19.4164 -14.1068 4.5
      vertex -19.9553 -13.3337 4.5
    endloop
  endfacet
  facet normal 0 0 1
    outer loop
      vertex -19.4164 -14.1068 4.5
      vertex -20.3872 -14.8122 4.5
      vertex -19.79 -15.6012 4.5
    endloop
  endfacet
  facet normal 0 0 1
    outer loop
      vertex -20.953 -14.0004 4.5
      vertex -19.9553 -13.3337 4.5
      vertex -20.4634 -12.54 4.5
    endloop
  endfacet
  facet normal 0 0 1
    outer loop
      vertex -21.4865 -13.167 4.5
      vertex -20.4634 -12.54 4.5
      vertex -20.9399 -11.7269 4.5
    endloop
  endfacet
  facet normal 0 0 1
    outer loop
      vertex -19.9553 -13.3337 4.5
      vertex -20.953 -14.0004 4.5
      vertex -20.3872 -14.8122 4.5
    endloop
  endfacet
  facet normal 0 0 1
    outer loop
      vertex -21.9869 -12.3133 4.5
      vertex -20.9399 -11.7269 4.5
      vertex -21.3842 -10.8958 4.5
    endloop
  endfacet
  facet normal 0 0 1
    outer loop
      vertex -20.4634 -12.54 4.5
      vertex -21.4865 -13.167 4.5
      vertex -20.953 -14.0004 4.5
    endloop
  endfacet
  facet normal 0 0 1
    outer loop
      vertex -22.4534 -11.4406 4.5
      vertex -21.3842 -10.8958 4.5
      vertex -21.7954 -10.0478 4.5
    endloop
  endfacet
  facet normal 0 0 1
    outer loop
      vertex -20.9399 -11.7269 4.5
      vertex -21.9869 -12.3133 4.5
      vertex -21.4865 -13.167 4.5
    endloop
  endfacet
  facet normal 0 0 1
    outer loop
      vertex -22.8852 -10.5502 4.5
      vertex -21.7954 -10.0478 4.5
      vertex -22.1731 -9.1844 4.5
    endloop
  endfacet
  facet normal 0 0 1
    outer loop
      vertex -21.3842 -10.8958 4.5
      vertex -22.4534 -11.4406 4.5
      vertex -21.9869 -12.3133 4.5
    endloop
  endfacet
  facet normal 0 0 1
    outer loop
      vertex -23.2818 -9.64362 4.5
      vertex -22.1731 -9.1844 4.5
      vertex -22.5166 -8.30681 4.5
    endloop
  endfacet
  facet normal 0 0 1
    outer loop
      vertex -23.6424 -8.72215 4.5
      vertex -22.5166 -8.30681 4.5
      vertex -22.8254 -7.41641 4.5
    endloop
  endfacet
  facet normal 0 0 1
    outer loop
      vertex -21.7954 -10.0478 4.5
      vertex -22.8852 -10.5502 4.5
      vertex -22.4534 -11.4406 4.5
    endloop
  endfacet
  facet normal 0 0 1
    outer loop
      vertex -23.9666 -7.78723 4.5
      vertex -22.8254 -7.41641 4.5
      vertex -23.0989 -6.51457 4.5
    endloop
  endfacet
  facet normal 0 0 1
    outer loop
      vertex -22.1731 -9.1844 4.5
      vertex -23.2818 -9.64362 4.5
      vertex -22.8852 -10.5502 4.5
    endloop
  endfacet
  facet normal 0 0 1
    outer loop
      vertex -24.2539 -6.8403 4.5
      vertex -23.0989 -6.51457 4.5
      vertex -23.3369 -5.60269 4.5
    endloop
  endfacet
  facet normal 0 0 1
    outer loop
      vertex -24.5037 -5.88282 4.5
      vertex -23.3369 -5.60269 4.5
      vertex -23.5388 -4.68217 4.5
    endloop
  endfacet
  facet normal 0 0 1
    outer loop
      vertex -22.5166 -8.30681 4.5
      vertex -23.6424 -8.72215 4.5
      vertex -23.2818 -9.64362 4.5
    endloop
  endfacet
  facet normal 0 0 1
    outer loop
      vertex -24.7158 -4.91628 4.5
      vertex -23.5388 -4.68217 4.5
      vertex -23.7045 -3.75443 4.5
    endloop
  endfacet
  facet normal 0 0 1
    outer loop
      vertex -24.8897 -3.94215 4.5
      vertex -23.7045 -3.75443 4.5
      vertex -23.8336 -2.8209 4.5
    endloop
  endfacet
  facet normal 0 0 1
    outer loop
      vertex -25.0253 -2.96194 4.5
      vertex -23.8336 -2.8209 4.5
      vertex -23.926 -1.88302 4.5
    endloop
  endfacet
  facet normal 0 0 1
    outer loop
      vertex -22.8254 -7.41641 4.5
      vertex -23.9666 -7.78723 4.5
      vertex -23.6424 -8.72215 4.5
    endloop
  endfacet
  facet normal 0 0 1
    outer loop
      vertex -25.1223 -1.97717 4.5
      vertex -23.926 -1.88302 4.5
      vertex -23.9815 -0.942235 4.5
    endloop
  endfacet
  facet normal 0 0 1
    outer loop
      vertex -25.1806 -0.989347 4.5
      vertex -23.9815 -0.942235 4.5
      vertex -24 0 4.5
    endloop
  endfacet
  facet normal -0 0 1
    outer loop
      vertex -25.0253 2.96194 4.5
      vertex -23.8336 2.8209 4.5
      vertex -24.8897 3.94215 4.5
    endloop
  endfacet
  facet normal 0 0 1
    outer loop
      vertex -23.0989 -6.51457 4.5
      vertex -24.2539 -6.8403 4.5
      vertex -23.9666 -7.78723 4.5
    endloop
  endfacet
  facet normal 0 0 1
    outer loop
      vertex -23.8336 2.8209 4.5
      vertex -25.0253 2.96194 4.5
      vertex -23.926 1.88302 4.5
    endloop
  endfacet
  facet normal 0 0 1
    outer loop
      vertex -23.3369 -5.60269 4.5
      vertex -24.5037 -5.88282 4.5
      vertex -24.2539 -6.8403 4.5
    endloop
  endfacet
  facet normal -0 0 1
    outer loop
      vertex -25.1223 1.97717 4.5
      vertex -23.926 1.88302 4.5
      vertex -25.0253 2.96194 4.5
    endloop
  endfacet
  facet normal 0 0 1
    outer loop
      vertex -23.5388 -4.68217 4.5
      vertex -24.7158 -4.91628 4.5
      vertex -24.5037 -5.88282 4.5
    endloop
  endfacet
  facet normal 0 0 1
    outer loop
      vertex -23.926 1.88302 4.5
      vertex -25.1223 1.97717 4.5
      vertex -23.9815 0.942235 4.5
    endloop
  endfacet
  facet normal 0 0 1
    outer loop
      vertex -23.7045 -3.75443 4.5
      vertex -24.8897 -3.94215 4.5
      vertex -24.7158 -4.91628 4.5
    endloop
  endfacet
  facet normal -0 0 1
    outer loop
      vertex -25.1806 0.989347 4.5
      vertex -23.9815 0.942235 4.5
      vertex -25.1223 1.97717 4.5
    endloop
  endfacet
  facet normal 0 0 1
    outer loop
      vertex -23.8336 -2.8209 4.5
      vertex -25.0253 -2.96194 4.5
      vertex -24.8897 -3.94215 4.5
    endloop
  endfacet
  facet normal 0 0 1
    outer loop
      vertex -23.9815 0.942235 4.5
      vertex -25.1806 0.989347 4.5
      vertex -24 0 4.5
    endloop
  endfacet
  facet normal 0 0 1
    outer loop
      vertex -23.926 -1.88302 4.5
      vertex -25.1223 -1.97717 4.5
      vertex -25.0253 -2.96194 4.5
    endloop
  endfacet
  facet normal 0 0 1
    outer loop
      vertex -25.2 0 4.5
      vertex -24 0 4.5
      vertex -25.1806 0.989347 4.5
    endloop
  endfacet
  facet normal 0 0 1
    outer loop
      vertex -23.9815 -0.942235 4.5
      vertex -25.1806 -0.989347 4.5
      vertex -25.1223 -1.97717 4.5
    endloop
  endfacet
  facet normal 0 0 1
    outer loop
      vertex -24 0 4.5
      vertex -25.2 0 4.5
      vertex -25.1806 -0.989347 4.5
    endloop
  endfacet
  facet normal 0 0 1
    outer loop
      vertex -16.2912 17.6237 4.5
      vertex -17.1058 18.5049 4.5
      vertex -16.8822 17.3418 4.5
    endloop
  endfacet
  facet normal 0 0 1
    outer loop
      vertex -16.8822 17.3418 4.5
      vertex -17.1058 18.5049 4.5
      vertex -17.5848 18.0444 4.5
    endloop
  endfacet
  facet normal 0 0 1
    outer loop
      vertex 16.8822 -17.3418 4.5
      vertex 17.1058 -18.5049 4.5
      vertex 17.5848 -18.0444 4.5
    endloop
  endfacet
  facet normal 0 0 1
    outer loop
      vertex 17.1058 -18.5049 4.5
      vertex 16.8822 -17.3418 4.5
      vertex 16.3661 -19.1622 4.5
    endloop
  endfacet
  facet normal 0 0 1
    outer loop
      vertex -16.2912 -17.6237 4.5
      vertex -17.1058 -18.5049 4.5
      vertex -16.3661 -19.1622 4.5
    endloop
  endfacet
  facet normal 0 -0 1
    outer loop
      vertex -17.1058 -18.5049 4.5
      vertex -16.8822 -17.3418 4.5
      vertex -17.5848 -18.0444 4.5
    endloop
  endfacet
  facet normal -0.984437 0.17574 0
    outer loop
      vertex -24.8897 3.94215 2
      vertex -24.7158 4.91628 4.5
      vertex -24.7158 4.91628 2
    endloop
  endfacet
  facet normal -0.984437 0.17574 0
    outer loop
      vertex -24.7158 4.91628 4.5
      vertex -24.8897 3.94215 2
      vertex -24.8897 3.94215 4.5
    endloop
  endfacet
  facet normal -0.931234 0.364421 0
    outer loop
      vertex -23.6424 8.72215 2
      vertex -23.2818 9.64362 4.5
      vertex -23.2818 9.64362 2
    endloop
  endfacet
  facet normal -0.931234 0.364421 0
    outer loop
      vertex -23.2818 9.64362 4.5
      vertex -23.6424 8.72215 2
      vertex -23.6424 8.72215 4.5
    endloop
  endfacet
  facet normal -0.956926 0.290333 0
    outer loop
      vertex -24.2539 6.8403 2
      vertex -23.9666 7.78723 4.5
      vertex -23.9666 7.78723 2
    endloop
  endfacet
  facet normal -0.956926 0.290333 0
    outer loop
      vertex -23.9666 7.78723 4.5
      vertex -24.2539 6.8403 2
      vertex -24.2539 6.8403 4.5
    endloop
  endfacet
  facet normal -0.916168 0.400794 0
    outer loop
      vertex -23.2818 9.64362 2
      vertex -22.8852 10.5502 4.5
      vertex -22.8852 10.5502 2
    endloop
  endfacet
  facet normal -0.916168 0.400794 0
    outer loop
      vertex -22.8852 10.5502 4.5
      vertex -23.2818 9.64362 2
      vertex -23.2818 9.64362 4.5
    endloop
  endfacet
  facet normal -0.747515 0.664245 0
    outer loop
      vertex -19.1622 16.3661 2
      vertex -18.5049 17.1058 4.5
      vertex -18.5049 17.1058 2
    endloop
  endfacet
  facet normal -0.747515 0.664245 0
    outer loop
      vertex -18.5049 17.1058 4.5
      vertex -19.1622 16.3661 2
      vertex -19.1622 16.3661 4.5
    endloop
  endfacet
  facet normal -0.820398 0.571793 0
    outer loop
      vertex -20.953 14.0004 2
      vertex -20.3872 14.8122 4.5
      vertex -20.3872 14.8122 2
    endloop
  endfacet
  facet normal -0.820398 0.571793 0
    outer loop
      vertex -20.3872 14.8122 4.5
      vertex -20.953 14.0004 2
      vertex -20.953 14.0004 4.5
    endloop
  endfacet
  facet normal 0.290333 0.956926 -0
    outer loop
      vertex 7.78723 23.9666 2
      vertex 6.8403 24.2539 4.5
      vertex 7.78723 23.9666 4.5
    endloop
  endfacet
  facet normal 0.290333 0.956926 0
    outer loop
      vertex 6.8403 24.2539 4.5
      vertex 7.78723 23.9666 2
      vertex 6.8403 24.2539 2
    endloop
  endfacet
  facet normal 0.400794 0.916168 -0
    outer loop
      vertex 10.5502 22.8852 2
      vertex 9.64362 23.2818 4.5
      vertex 10.5502 22.8852 4.5
    endloop
  endfacet
  facet normal 0.400794 0.916168 0
    outer loop
      vertex 9.64362 23.2818 4.5
      vertex 10.5502 22.8852 2
      vertex 9.64362 23.2818 2
    endloop
  endfacet
  facet normal 0.967612 -0.252443 0
    outer loop
      vertex 24.2539 -6.8403 4.5
      vertex 24.5037 -5.88282 2
      vertex 24.5037 -5.88282 4.5
    endloop
  endfacet
  facet normal 0.967612 -0.252443 0
    outer loop
      vertex 24.5037 -5.88282 2
      vertex 24.2539 -6.8403 4.5
      vertex 24.2539 -6.8403 2
    endloop
  endfacet
  facet normal 0.967612 0.252443 0
    outer loop
      vertex 24.5037 5.88282 4.5
      vertex 24.2539 6.8403 2
      vertex 24.2539 6.8403 4.5
    endloop
  endfacet
  facet normal 0.967612 0.252443 0
    outer loop
      vertex 24.2539 6.8403 2
      vertex 24.5037 5.88282 4.5
      vertex 24.5037 5.88282 2
    endloop
  endfacet
  facet normal 0.990567 0.137033 0
    outer loop
      vertex 25.0253 2.96194 4.5
      vertex 24.8897 3.94215 2
      vertex 24.8897 3.94215 4.5
    endloop
  endfacet
  facet normal 0.990567 0.137033 0
    outer loop
      vertex 24.8897 3.94215 2
      vertex 25.0253 2.96194 4.5
      vertex 25.0253 2.96194 2
    endloop
  endfacet
  facet normal 0.956926 0.290333 0
    outer loop
      vertex 24.2539 6.8403 4.5
      vertex 23.9666 7.78723 2
      vertex 23.9666 7.78723 4.5
    endloop
  endfacet
  facet normal 0.956926 0.290333 0
    outer loop
      vertex 23.9666 7.78723 2
      vertex 24.2539 6.8403 4.5
      vertex 24.2539 6.8403 2
    endloop
  endfacet
  facet normal 0.899778 0.436348 0
    outer loop
      vertex 22.8852 10.5502 4.5
      vertex 22.4534 11.4406 2
      vertex 22.4534 11.4406 4.5
    endloop
  endfacet
  facet normal 0.899778 0.436348 0
    outer loop
      vertex 22.4534 11.4406 2
      vertex 22.8852 10.5502 4.5
      vertex 22.8852 10.5502 2
    endloop
  endfacet
  facet normal 0.505686 0.862718 -0
    outer loop
      vertex 13.167 21.4865 2
      vertex 12.3133 21.9869 4.5
      vertex 13.167 21.4865 4.5
    endloop
  endfacet
  facet normal 0.505686 0.862718 0
    outer loop
      vertex 12.3133 21.9869 4.5
      vertex 13.167 21.4865 2
      vertex 12.3133 21.9869 2
    endloop
  endfacet
  facet normal 0.720891 0.693049 0
    outer loop
      vertex 18.5049 17.1058 4.5
      vertex 18.0444 17.5848 2
      vertex 18.0444 17.5848 4.5
    endloop
  endfacet
  facet normal 0.720891 0.693049 0
    outer loop
      vertex 18.0444 17.5848 2
      vertex 18.5049 17.1058 4.5
      vertex 18.5049 17.1058 2
    endloop
  endfacet
  facet normal 0.747515 0.664245 0
    outer loop
      vertex 19.1622 16.3661 4.5
      vertex 18.5049 17.1058 2
      vertex 18.5049 17.1058 4.5
    endloop
  endfacet
  facet normal 0.747515 0.664245 0
    outer loop
      vertex 18.5049 17.1058 2
      vertex 19.1622 16.3661 4.5
      vertex 19.1622 16.3661 2
    endloop
  endfacet
  facet normal 0.797349 0.603519 0
    outer loop
      vertex 20.3872 14.8122 4.5
      vertex 19.79 15.6012 2
      vertex 19.79 15.6012 4.5
    endloop
  endfacet
  facet normal 0.797349 0.603519 0
    outer loop
      vertex 19.79 15.6012 2
      vertex 20.3872 14.8122 4.5
      vertex 20.3872 14.8122 2
    endloop
  endfacet
  facet normal -0.252443 0.967612 0
    outer loop
      vertex -5.88282 24.5037 2
      vertex -6.8403 24.2539 4.5
      vertex -5.88282 24.5037 4.5
    endloop
  endfacet
  facet normal -0.252443 0.967612 0
    outer loop
      vertex -6.8403 24.2539 4.5
      vertex -5.88282 24.5037 2
      vertex -6.8403 24.2539 2
    endloop
  endfacet
  facet normal -0.471422 0.881908 0
    outer loop
      vertex -11.4406 22.4534 2
      vertex -12.3133 21.9869 4.5
      vertex -11.4406 22.4534 4.5
    endloop
  endfacet
  facet normal -0.471422 0.881908 0
    outer loop
      vertex -12.3133 21.9869 4.5
      vertex -11.4406 22.4534 2
      vertex -12.3133 21.9869 2
    endloop
  endfacet
  facet normal -0.436348 0.899778 0
    outer loop
      vertex -10.5502 22.8852 2
      vertex -11.4406 22.4534 4.5
      vertex -10.5502 22.8852 4.5
    endloop
  endfacet
  facet normal -0.436348 0.899778 0
    outer loop
      vertex -11.4406 22.4534 4.5
      vertex -10.5502 22.8852 2
      vertex -11.4406 22.4534 2
    endloop
  endfacet
  facet normal -0.603519 0.797349 0
    outer loop
      vertex -14.8122 20.3872 2
      vertex -15.6012 19.79 4.5
      vertex -14.8122 20.3872 4.5
    endloop
  endfacet
  facet normal -0.603519 0.797349 0
    outer loop
      vertex -15.6012 19.79 4.5
      vertex -14.8122 20.3872 2
      vertex -15.6012 19.79 2
    endloop
  endfacet
  facet normal -0.944807 0.327628 0
    outer loop
      vertex -23.9666 7.78723 2
      vertex -23.6424 8.72215 4.5
      vertex -23.6424 8.72215 2
    endloop
  endfacet
  facet normal -0.944807 0.327628 0
    outer loop
      vertex -23.6424 8.72215 4.5
      vertex -23.9666 7.78723 2
      vertex -23.9666 7.78723 4.5
    endloop
  endfacet
  facet normal -0.998263 0.0589162 0
    outer loop
      vertex -25.1806 0.989347 2
      vertex -25.1223 1.97717 4.5
      vertex -25.1223 1.97717 2
    endloop
  endfacet
  facet normal -0.998263 0.0589162 0
    outer loop
      vertex -25.1223 1.97717 4.5
      vertex -25.1806 0.989347 2
      vertex -25.1806 0.989347 4.5
    endloop
  endfacet
  facet normal -0.967612 0.252443 0
    outer loop
      vertex -24.5037 5.88282 2
      vertex -24.2539 6.8403 4.5
      vertex -24.2539 6.8403 2
    endloop
  endfacet
  facet normal -0.967612 0.252443 0
    outer loop
      vertex -24.2539 6.8403 4.5
      vertex -24.5037 5.88282 2
      vertex -24.5037 5.88282 4.5
    endloop
  endfacet
  facet normal -0.899778 0.436348 0
    outer loop
      vertex -22.8852 10.5502 2
      vertex -22.4534 11.4406 4.5
      vertex -22.4534 11.4406 2
    endloop
  endfacet
  facet normal -0.899778 0.436348 0
    outer loop
      vertex -22.4534 11.4406 4.5
      vertex -22.8852 10.5502 2
      vertex -22.8852 10.5502 4.5
    endloop
  endfacet
  facet normal -0.862718 0.505686 0
    outer loop
      vertex -21.9869 12.3133 2
      vertex -21.4865 13.167 4.5
      vertex -21.4865 13.167 2
    endloop
  endfacet
  facet normal -0.862718 0.505686 0
    outer loop
      vertex -21.4865 13.167 4.5
      vertex -21.9869 12.3133 2
      vertex -21.9869 12.3133 4.5
    endloop
  endfacet
  facet normal -0.842215 0.539143 0
    outer loop
      vertex -21.4865 13.167 2
      vertex -20.953 14.0004 4.5
      vertex -20.953 14.0004 2
    endloop
  endfacet
  facet normal -0.842215 0.539143 0
    outer loop
      vertex -20.953 14.0004 4.5
      vertex -21.4865 13.167 2
      vertex -21.4865 13.167 4.5
    endloop
  endfacet
  facet normal -0.720891 0.693049 0
    outer loop
      vertex -18.5049 17.1058 2
      vertex -18.0444 17.5848 4.5
      vertex -18.0444 17.5848 2
    endloop
  endfacet
  facet normal -0.720891 0.693049 0
    outer loop
      vertex -18.0444 17.5848 4.5
      vertex -18.5049 17.1058 2
      vertex -18.5049 17.1058 4.5
    endloop
  endfacet
  facet normal -0.797349 0.603519 0
    outer loop
      vertex -20.3872 14.8122 2
      vertex -19.79 15.6012 4.5
      vertex -19.79 15.6012 2
    endloop
  endfacet
  facet normal -0.797349 0.603519 0
    outer loop
      vertex -19.79 15.6012 4.5
      vertex -20.3872 14.8122 2
      vertex -20.3872 14.8122 4.5
    endloop
  endfacet
  facet normal 0.17574 0.984437 -0
    outer loop
      vertex 4.91628 24.7158 2
      vertex 3.94215 24.8897 4.5
      vertex 4.91628 24.7158 4.5
    endloop
  endfacet
  facet normal 0.17574 0.984437 0
    outer loop
      vertex 3.94215 24.8897 4.5
      vertex 4.91628 24.7158 2
      vertex 3.94215 24.8897 2
    endloop
  endfacet
  facet normal 0.137033 0.990567 -0
    outer loop
      vertex 3.94215 24.8897 2
      vertex 2.96194 25.0253 4.5
      vertex 3.94215 24.8897 4.5
    endloop
  endfacet
  facet normal 0.137033 0.990567 0
    outer loop
      vertex 2.96194 25.0253 4.5
      vertex 3.94215 24.8897 2
      vertex 2.96194 25.0253 2
    endloop
  endfacet
  facet normal 0.364421 0.931234 -0
    outer loop
      vertex 9.64362 23.2818 2
      vertex 8.72215 23.6424 4.5
      vertex 9.64362 23.2818 4.5
    endloop
  endfacet
  facet normal 0.364421 0.931234 0
    outer loop
      vertex 8.72215 23.6424 4.5
      vertex 9.64362 23.2818 2
      vertex 8.72215 23.6424 2
    endloop
  endfacet
  facet normal 0.990567 -0.137033 0
    outer loop
      vertex 24.8897 -3.94215 4.5
      vertex 25.0253 -2.96194 2
      vertex 25.0253 -2.96194 4.5
    endloop
  endfacet
  facet normal 0.990567 -0.137033 0
    outer loop
      vertex 25.0253 -2.96194 2
      vertex 24.8897 -3.94215 4.5
      vertex 24.8897 -3.94215 2
    endloop
  endfacet
  facet normal 0.998263 0.0589162 0
    outer loop
      vertex 25.1806 0.989347 4.5
      vertex 25.1223 1.97717 2
      vertex 25.1223 1.97717 4.5
    endloop
  endfacet
  facet normal 0.998263 0.0589162 0
    outer loop
      vertex 25.1223 1.97717 2
      vertex 25.1806 0.989347 4.5
      vertex 25.1806 0.989347 2
    endloop
  endfacet
  facet normal 0.976759 0.214342 0
    outer loop
      vertex 24.7158 4.91628 4.5
      vertex 24.5037 5.88282 2
      vertex 24.5037 5.88282 4.5
    endloop
  endfacet
  facet normal 0.976759 0.214342 0
    outer loop
      vertex 24.5037 5.88282 2
      vertex 24.7158 4.91628 4.5
      vertex 24.7158 4.91628 2
    endloop
  endfacet
  facet normal 0.944807 0.327628 0
    outer loop
      vertex 23.9666 7.78723 4.5
      vertex 23.6424 8.72215 2
      vertex 23.6424 8.72215 4.5
    endloop
  endfacet
  facet normal 0.944807 0.327628 0
    outer loop
      vertex 23.6424 8.72215 2
      vertex 23.9666 7.78723 4.5
      vertex 23.9666 7.78723 2
    endloop
  endfacet
  facet normal 0.881908 0.471422 0
    outer loop
      vertex 22.4534 11.4406 4.5
      vertex 21.9869 12.3133 2
      vertex 21.9869 12.3133 4.5
    endloop
  endfacet
  facet normal 0.881908 0.471422 0
    outer loop
      vertex 21.9869 12.3133 2
      vertex 22.4534 11.4406 4.5
      vertex 22.4534 11.4406 2
    endloop
  endfacet
  facet normal 0.862718 0.505686 0
    outer loop
      vertex 21.9869 12.3133 4.5
      vertex 21.4865 13.167 2
      vertex 21.4865 13.167 4.5
    endloop
  endfacet
  facet normal 0.862718 0.505686 0
    outer loop
      vertex 21.4865 13.167 2
      vertex 21.9869 12.3133 4.5
      vertex 21.9869 12.3133 2
    endloop
  endfacet
  facet normal 0.539143 0.842215 -0
    outer loop
      vertex 14.0004 20.953 2
      vertex 13.167 21.4865 4.5
      vertex 14.0004 20.953 4.5
    endloop
  endfacet
  facet normal 0.539143 0.842215 0
    outer loop
      vertex 13.167 21.4865 4.5
      vertex 14.0004 20.953 2
      vertex 13.167 21.4865 2
    endloop
  endfacet
  facet normal 0.571793 0.820398 -0
    outer loop
      vertex 14.8122 20.3872 2
      vertex 14.0004 20.953 4.5
      vertex 14.8122 20.3872 4.5
    endloop
  endfacet
  facet normal 0.571793 0.820398 0
    outer loop
      vertex 14.0004 20.953 4.5
      vertex 14.8122 20.3872 2
      vertex 14.0004 20.953 2
    endloop
  endfacet
  facet normal 0.603519 0.797349 -0
    outer loop
      vertex 15.6012 19.79 2
      vertex 14.8122 20.3872 4.5
      vertex 15.6012 19.79 4.5
    endloop
  endfacet
  facet normal 0.603519 0.797349 0
    outer loop
      vertex 14.8122 20.3872 4.5
      vertex 15.6012 19.79 2
      vertex 14.8122 20.3872 2
    endloop
  endfacet
  facet normal 0.664245 0.747515 -0
    outer loop
      vertex 17.1058 18.5049 2
      vertex 16.3661 19.1622 4.5
      vertex 17.1058 18.5049 4.5
    endloop
  endfacet
  facet normal 0.664245 0.747515 0
    outer loop
      vertex 16.3661 19.1622 4.5
      vertex 17.1058 18.5049 2
      vertex 16.3661 19.1622 2
    endloop
  endfacet
  facet normal 0.772979 0.634431 0
    outer loop
      vertex 19.79 15.6012 4.5
      vertex 19.1622 16.3661 2
      vertex 19.1622 16.3661 4.5
    endloop
  endfacet
  facet normal 0.772979 0.634431 0
    outer loop
      vertex 19.1622 16.3661 2
      vertex 19.79 15.6012 4.5
      vertex 19.79 15.6012 2
    endloop
  endfacet
  facet normal 0.842215 0.539143 0
    outer loop
      vertex 21.4865 13.167 4.5
      vertex 20.953 14.0004 2
      vertex 20.953 14.0004 4.5
    endloop
  endfacet
  facet normal 0.842215 0.539143 0
    outer loop
      vertex 20.953 14.0004 2
      vertex 21.4865 13.167 4.5
      vertex 21.4865 13.167 2
    endloop
  endfacet
  facet normal -0.0196051 0.999808 0
    outer loop
      vertex 0 25.2 2
      vertex -0.989347 25.1806 4.5
      vertex 0 25.2 4.5
    endloop
  endfacet
  facet normal -0.0196051 0.999808 0
    outer loop
      vertex -0.989347 25.1806 4.5
      vertex 0 25.2 2
      vertex -0.989347 25.1806 2
    endloop
  endfacet
  facet normal -0.17574 0.984437 0
    outer loop
      vertex -3.94215 24.8897 2
      vertex -4.91628 24.7158 4.5
      vertex -3.94215 24.8897 4.5
    endloop
  endfacet
  facet normal -0.17574 0.984437 0
    outer loop
      vertex -4.91628 24.7158 4.5
      vertex -3.94215 24.8897 2
      vertex -4.91628 24.7158 2
    endloop
  endfacet
  facet normal -0.290333 0.956926 0
    outer loop
      vertex -6.8403 24.2539 2
      vertex -7.78723 23.9666 4.5
      vertex -6.8403 24.2539 4.5
    endloop
  endfacet
  facet normal -0.290333 0.956926 0
    outer loop
      vertex -7.78723 23.9666 4.5
      vertex -6.8403 24.2539 2
      vertex -7.78723 23.9666 2
    endloop
  endfacet
  facet normal -0.214342 0.976759 0
    outer loop
      vertex -4.91628 24.7158 2
      vertex -5.88282 24.5037 4.5
      vertex -4.91628 24.7158 4.5
    endloop
  endfacet
  facet normal -0.214342 0.976759 0
    outer loop
      vertex -5.88282 24.5037 4.5
      vertex -4.91628 24.7158 2
      vertex -5.88282 24.5037 2
    endloop
  endfacet
  facet normal -0.539143 0.842215 0
    outer loop
      vertex -13.167 21.4865 2
      vertex -14.0004 20.953 4.5
      vertex -13.167 21.4865 4.5
    endloop
  endfacet
  facet normal -0.539143 0.842215 0
    outer loop
      vertex -14.0004 20.953 4.5
      vertex -13.167 21.4865 2
      vertex -14.0004 20.953 2
    endloop
  endfacet
  facet normal -0.505686 0.862718 0
    outer loop
      vertex -12.3133 21.9869 2
      vertex -13.167 21.4865 4.5
      vertex -12.3133 21.9869 4.5
    endloop
  endfacet
  facet normal -0.505686 0.862718 0
    outer loop
      vertex -13.167 21.4865 4.5
      vertex -12.3133 21.9869 2
      vertex -13.167 21.4865 2
    endloop
  endfacet
  facet normal -0.400794 0.916168 0
    outer loop
      vertex -9.64362 23.2818 2
      vertex -10.5502 22.8852 4.5
      vertex -9.64362 23.2818 4.5
    endloop
  endfacet
  facet normal -0.400794 0.916168 0
    outer loop
      vertex -10.5502 22.8852 4.5
      vertex -9.64362 23.2818 2
      vertex -10.5502 22.8852 2
    endloop
  endfacet
  facet normal -0.634431 0.772979 0
    outer loop
      vertex -15.6012 19.79 2
      vertex -16.3661 19.1622 4.5
      vertex -15.6012 19.79 4.5
    endloop
  endfacet
  facet normal -0.634431 0.772979 0
    outer loop
      vertex -16.3661 19.1622 4.5
      vertex -15.6012 19.79 2
      vertex -16.3661 19.1622 2
    endloop
  endfacet
  facet normal -0.571793 0.820398 0
    outer loop
      vertex -14.0004 20.953 2
      vertex -14.8122 20.3872 4.5
      vertex -14.0004 20.953 4.5
    endloop
  endfacet
  facet normal -0.571793 0.820398 0
    outer loop
      vertex -14.8122 20.3872 4.5
      vertex -14.0004 20.953 2
      vertex -14.8122 20.3872 2
    endloop
  endfacet
  facet normal -0.995184 0.0980258 0
    outer loop
      vertex -25.1223 1.97717 2
      vertex -25.0253 2.96194 4.5
      vertex -25.0253 2.96194 2
    endloop
  endfacet
  facet normal -0.995184 0.0980258 0
    outer loop
      vertex -25.0253 2.96194 4.5
      vertex -25.1223 1.97717 2
      vertex -25.1223 1.97717 4.5
    endloop
  endfacet
  facet normal 0.252443 0.967612 -0
    outer loop
      vertex 6.8403 24.2539 2
      vertex 5.88282 24.5037 4.5
      vertex 6.8403 24.2539 4.5
    endloop
  endfacet
  facet normal 0.252443 0.967612 0
    outer loop
      vertex 5.88282 24.5037 4.5
      vertex 6.8403 24.2539 2
      vertex 5.88282 24.5037 2
    endloop
  endfacet
  facet normal 0.916168 0.400794 0
    outer loop
      vertex 23.2818 9.64362 4.5
      vertex 22.8852 10.5502 2
      vertex 22.8852 10.5502 4.5
    endloop
  endfacet
  facet normal 0.916168 0.400794 0
    outer loop
      vertex 22.8852 10.5502 2
      vertex 23.2818 9.64362 4.5
      vertex 23.2818 9.64362 2
    endloop
  endfacet
  facet normal 0.931234 0.364421 0
    outer loop
      vertex 23.6424 8.72215 4.5
      vertex 23.2818 9.64362 2
      vertex 23.2818 9.64362 4.5
    endloop
  endfacet
  facet normal 0.931234 0.364421 0
    outer loop
      vertex 23.2818 9.64362 2
      vertex 23.6424 8.72215 4.5
      vertex 23.6424 8.72215 2
    endloop
  endfacet
  facet normal 0.471422 0.881908 -0
    outer loop
      vertex 12.3133 21.9869 2
      vertex 11.4406 22.4534 4.5
      vertex 12.3133 21.9869 4.5
    endloop
  endfacet
  facet normal 0.471422 0.881908 0
    outer loop
      vertex 11.4406 22.4534 4.5
      vertex 12.3133 21.9869 2
      vertex 11.4406 22.4534 2
    endloop
  endfacet
  facet normal -0.137033 0.990567 0
    outer loop
      vertex -2.96194 25.0253 2
      vertex -3.94215 24.8897 4.5
      vertex -2.96194 25.0253 4.5
    endloop
  endfacet
  facet normal -0.137033 0.990567 0
    outer loop
      vertex -3.94215 24.8897 4.5
      vertex -2.96194 25.0253 2
      vertex -3.94215 24.8897 2
    endloop
  endfacet
  facet normal -0.327628 0.944807 0
    outer loop
      vertex -7.78723 23.9666 2
      vertex -8.72215 23.6424 4.5
      vertex -7.78723 23.9666 4.5
    endloop
  endfacet
  facet normal -0.327628 0.944807 0
    outer loop
      vertex -8.72215 23.6424 4.5
      vertex -7.78723 23.9666 2
      vertex -8.72215 23.6424 2
    endloop
  endfacet
  facet normal -0.664245 0.747515 0
    outer loop
      vertex -16.3661 19.1622 2
      vertex -17.1058 18.5049 4.5
      vertex -16.3661 19.1622 4.5
    endloop
  endfacet
  facet normal -0.664245 0.747515 0
    outer loop
      vertex -17.1058 18.5049 4.5
      vertex -16.3661 19.1622 2
      vertex -17.1058 18.5049 2
    endloop
  endfacet
  facet normal -0.0589162 0.998263 0
    outer loop
      vertex -0.989347 25.1806 2
      vertex -1.97717 25.1223 4.5
      vertex -0.989347 25.1806 4.5
    endloop
  endfacet
  facet normal -0.0589162 0.998263 0
    outer loop
      vertex -1.97717 25.1223 4.5
      vertex -0.989347 25.1806 2
      vertex -1.97717 25.1223 2
    endloop
  endfacet
  facet normal -0.603508 0.797357 0
    outer loop
      vertex 14.8583 -18.8476 2
      vertex 14.1068 -19.4164 4.5
      vertex 14.8583 -18.8476 4.5
    endloop
  endfacet
  facet normal -0.603508 0.797357 0
    outer loop
      vertex 14.1068 -19.4164 4.5
      vertex 14.8583 -18.8476 2
      vertex 14.1068 -19.4164 2
    endloop
  endfacet
  facet normal 0.364487 0.931208 -0
    outer loop
      vertex -8.30681 -22.5166 2
      vertex -9.1844 -22.1731 4.5
      vertex -8.30681 -22.5166 4.5
    endloop
  endfacet
  facet normal 0.364487 0.931208 0
    outer loop
      vertex -9.1844 -22.1731 4.5
      vertex -8.30681 -22.5166 2
      vertex -9.1844 -22.1731 2
    endloop
  endfacet
  facet normal 0.916172 0.400785 0
    outer loop
      vertex -21.7954 -10.0478 4.5
      vertex -22.1731 -9.1844 2
      vertex -22.1731 -9.1844 4.5
    endloop
  endfacet
  facet normal 0.916172 0.400785 0
    outer loop
      vertex -22.1731 -9.1844 2
      vertex -21.7954 -10.0478 4.5
      vertex -21.7954 -10.0478 2
    endloop
  endfacet
  facet normal -0.899794 0.436315 0
    outer loop
      vertex 21.3842 -10.8958 2
      vertex 21.7954 -10.0478 4.5
      vertex 21.7954 -10.0478 2
    endloop
  endfacet
  facet normal -0.899794 0.436315 0
    outer loop
      vertex 21.7954 -10.0478 4.5
      vertex 21.3842 -10.8958 2
      vertex 21.3842 -10.8958 4.5
    endloop
  endfacet
  facet normal 0.720923 0.693015 0
    outer loop
      vertex -16.9706 -16.9706 4.5
      vertex -17.6237 -16.2912 2
      vertex -17.6237 -16.2912 4.5
    endloop
  endfacet
  facet normal 0.720923 0.693015 0
    outer loop
      vertex -17.6237 -16.2912 2
      vertex -16.9706 -16.9706 4.5
      vertex -16.9706 -16.9706 2
    endloop
  endfacet
  facet normal 0.175824 0.984422 -0
    outer loop
      vertex -3.75443 -23.7045 2
      vertex -4.68217 -23.5388 4.5
      vertex -3.75443 -23.7045 4.5
    endloop
  endfacet
  facet normal 0.175824 0.984422 0
    outer loop
      vertex -4.68217 -23.5388 4.5
      vertex -3.75443 -23.7045 2
      vertex -4.68217 -23.5388 2
    endloop
  endfacet
  facet normal -0.74748 -0.664285 0
    outer loop
      vertex 18.2497 15.5868 2
      vertex 17.6237 16.2912 4.5
      vertex 17.6237 16.2912 2
    endloop
  endfacet
  facet normal -0.74748 -0.664285 0
    outer loop
      vertex 17.6237 16.2912 4.5
      vertex 18.2497 15.5868 2
      vertex 18.2497 15.5868 4.5
    endloop
  endfacet
  facet normal 0.820362 -0.571845 0
    outer loop
      vertex -19.9553 13.3337 4.5
      vertex -19.4164 14.1068 2
      vertex -19.4164 14.1068 4.5
    endloop
  endfacet
  facet normal 0.820362 -0.571845 0
    outer loop
      vertex -19.4164 14.1068 2
      vertex -19.9553 13.3337 4.5
      vertex -19.9553 13.3337 2
    endloop
  endfacet
  facet normal -0.995182 0.0980454 0
    outer loop
      vertex 23.8336 -2.8209 2
      vertex 23.926 -1.88302 4.5
      vertex 23.926 -1.88302 2
    endloop
  endfacet
  facet normal -0.995182 0.0980454 0
    outer loop
      vertex 23.926 -1.88302 4.5
      vertex 23.8336 -2.8209 2
      vertex 23.8336 -2.8209 4.5
    endloop
  endfacet
  facet normal -0.990573 0.136989 0
    outer loop
      vertex 23.7045 -3.75443 2
      vertex 23.8336 -2.8209 4.5
      vertex 23.8336 -2.8209 2
    endloop
  endfacet
  facet normal -0.990573 0.136989 0
    outer loop
      vertex 23.8336 -2.8209 4.5
      vertex 23.7045 -3.75443 2
      vertex 23.7045 -3.75443 4.5
    endloop
  endfacet
  facet normal -0.820362 0.571845 0
    outer loop
      vertex 19.4164 -14.1068 2
      vertex 19.9553 -13.3337 4.5
      vertex 19.9553 -13.3337 2
    endloop
  endfacet
  facet normal -0.820362 0.571845 0
    outer loop
      vertex 19.9553 -13.3337 4.5
      vertex 19.4164 -14.1068 2
      vertex 19.4164 -14.1068 4.5
    endloop
  endfacet
  facet normal -0.720923 0.693015 0
    outer loop
      vertex 16.9706 -16.9706 2
      vertex 17.6237 -16.2912 4.5
      vertex 17.6237 -16.2912 2
    endloop
  endfacet
  facet normal -0.720923 0.693015 0
    outer loop
      vertex 17.6237 -16.2912 4.5
      vertex 16.9706 -16.9706 2
      vertex 16.9706 -16.9706 4.5
    endloop
  endfacet
  facet normal -0.571845 0.820362 0
    outer loop
      vertex 14.1068 -19.4164 2
      vertex 13.3337 -19.9553 4.5
      vertex 14.1068 -19.4164 4.5
    endloop
  endfacet
  facet normal -0.571845 0.820362 0
    outer loop
      vertex 13.3337 -19.9553 4.5
      vertex 14.1068 -19.4164 2
      vertex 13.3337 -19.9553 2
    endloop
  endfacet
  facet normal -0.400785 0.916172 0
    outer loop
      vertex 10.0478 -21.7954 2
      vertex 9.1844 -22.1731 4.5
      vertex 10.0478 -21.7954 4.5
    endloop
  endfacet
  facet normal -0.400785 0.916172 0
    outer loop
      vertex 9.1844 -22.1731 4.5
      vertex 10.0478 -21.7954 2
      vertex 9.1844 -22.1731 2
    endloop
  endfacet
  facet normal -0.290216 0.956961 0
    outer loop
      vertex 7.41641 -22.8254 2
      vertex 6.51457 -23.0989 4.5
      vertex 7.41641 -22.8254 4.5
    endloop
  endfacet
  facet normal -0.290216 0.956961 0
    outer loop
      vertex 6.51457 -23.0989 4.5
      vertex 7.41641 -22.8254 2
      vertex 6.51457 -23.0989 2
    endloop
  endfacet
  facet normal -0.252539 0.967587 0
    outer loop
      vertex 6.51457 -23.0989 2
      vertex 5.60269 -23.3369 4.5
      vertex 6.51457 -23.0989 4.5
    endloop
  endfacet
  facet normal -0.252539 0.967587 0
    outer loop
      vertex 5.60269 -23.3369 4.5
      vertex 6.51457 -23.0989 2
      vertex 5.60269 -23.3369 2
    endloop
  endfacet
  facet normal 0.967587 0.252539 0
    outer loop
      vertex -23.0989 -6.51457 4.5
      vertex -23.3369 -5.60269 2
      vertex -23.3369 -5.60269 4.5
    endloop
  endfacet
  facet normal 0.967587 0.252539 0
    outer loop
      vertex -23.3369 -5.60269 2
      vertex -23.0989 -6.51457 4.5
      vertex -23.0989 -6.51457 2
    endloop
  endfacet
  facet normal 0.820362 0.571845 0
    outer loop
      vertex -19.4164 -14.1068 4.5
      vertex -19.9553 -13.3337 2
      vertex -19.9553 -13.3337 4.5
    endloop
  endfacet
  facet normal 0.820362 0.571845 0
    outer loop
      vertex -19.9553 -13.3337 2
      vertex -19.4164 -14.1068 4.5
      vertex -19.4164 -14.1068 2
    endloop
  endfacet
  facet normal 0.74748 0.664285 0
    outer loop
      vertex -17.6237 -16.2912 4.5
      vertex -18.2497 -15.5868 2
      vertex -18.2497 -15.5868 4.5
    endloop
  endfacet
  facet normal 0.74748 0.664285 0
    outer loop
      vertex -18.2497 -15.5868 2
      vertex -17.6237 -16.2912 4.5
      vertex -17.6237 -16.2912 2
    endloop
  endfacet
  facet normal 0.539153 0.842208 -0
    outer loop
      vertex -12.54 -20.4634 2
      vertex -13.3337 -19.9553 4.5
      vertex -12.54 -20.4634 4.5
    endloop
  endfacet
  facet normal 0.539153 0.842208 0
    outer loop
      vertex -13.3337 -19.9553 4.5
      vertex -12.54 -20.4634 2
      vertex -13.3337 -19.9553 2
    endloop
  endfacet
  facet normal 0.664285 0.74748 -0
    outer loop
      vertex -15.5868 -18.2497 2
      vertex -16.2912 -17.6237 4.5
      vertex -15.5868 -18.2497 4.5
    endloop
  endfacet
  facet normal 0.664285 0.74748 0
    outer loop
      vertex -16.2912 -17.6237 4.5
      vertex -15.5868 -18.2497 2
      vertex -16.2912 -17.6237 2
    endloop
  endfacet
  facet normal -0.967587 -0.252539 0
    outer loop
      vertex 23.3369 5.60269 2
      vertex 23.0989 6.51457 4.5
      vertex 23.0989 6.51457 2
    endloop
  endfacet
  facet normal -0.967587 -0.252539 0
    outer loop
      vertex 23.0989 6.51457 4.5
      vertex 23.3369 5.60269 2
      vertex 23.3369 5.60269 4.5
    endloop
  endfacet
  facet normal -0.976781 0.21424 0
    outer loop
      vertex 23.3369 -5.60269 2
      vertex 23.5388 -4.68217 4.5
      vertex 23.5388 -4.68217 2
    endloop
  endfacet
  facet normal -0.976781 0.21424 0
    outer loop
      vertex 23.5388 -4.68217 4.5
      vertex 23.3369 -5.60269 2
      vertex 23.3369 -5.60269 4.5
    endloop
  endfacet
  facet normal -0.916172 0.400785 0
    outer loop
      vertex 21.7954 -10.0478 2
      vertex 22.1731 -9.1844 4.5
      vertex 22.1731 -9.1844 2
    endloop
  endfacet
  facet normal -0.916172 0.400785 0
    outer loop
      vertex 22.1731 -9.1844 4.5
      vertex 21.7954 -10.0478 2
      vertex 21.7954 -10.0478 4.5
    endloop
  endfacet
  facet normal -0.967587 0.252539 0
    outer loop
      vertex 23.0989 -6.51457 2
      vertex 23.3369 -5.60269 4.5
      vertex 23.3369 -5.60269 2
    endloop
  endfacet
  facet normal -0.967587 0.252539 0
    outer loop
      vertex 23.3369 -5.60269 4.5
      vertex 23.0989 -6.51457 2
      vertex 23.0989 -6.51457 4.5
    endloop
  endfacet
  facet normal -0.931208 0.364487 0
    outer loop
      vertex 22.1731 -9.1844 2
      vertex 22.5166 -8.30681 4.5
      vertex 22.5166 -8.30681 2
    endloop
  endfacet
  facet normal -0.931208 0.364487 0
    outer loop
      vertex 22.5166 -8.30681 4.5
      vertex 22.1731 -9.1844 2
      vertex 22.1731 -9.1844 4.5
    endloop
  endfacet
  facet normal -0.842208 0.539153 0
    outer loop
      vertex 19.9553 -13.3337 2
      vertex 20.4634 -12.54 4.5
      vertex 20.4634 -12.54 2
    endloop
  endfacet
  facet normal -0.842208 0.539153 0
    outer loop
      vertex 20.4634 -12.54 4.5
      vertex 19.9553 -13.3337 2
      vertex 19.9553 -13.3337 4.5
    endloop
  endfacet
  facet normal -0.881891 0.471453 0
    outer loop
      vertex 20.9399 -11.7269 2
      vertex 21.3842 -10.8958 4.5
      vertex 21.3842 -10.8958 2
    endloop
  endfacet
  facet normal -0.881891 0.471453 0
    outer loop
      vertex 21.3842 -10.8958 4.5
      vertex 20.9399 -11.7269 2
      vertex 20.9399 -11.7269 4.5
    endloop
  endfacet
  facet normal -0.797357 0.603508 0
    outer loop
      vertex 18.8476 -14.8583 2
      vertex 19.4164 -14.1068 4.5
      vertex 19.4164 -14.1068 2
    endloop
  endfacet
  facet normal -0.797357 0.603508 0
    outer loop
      vertex 19.4164 -14.1068 4.5
      vertex 18.8476 -14.8583 2
      vertex 18.8476 -14.8583 4.5
    endloop
  endfacet
  facet normal -0.693015 0.720923 0
    outer loop
      vertex 16.9706 -16.9706 2
      vertex 16.2912 -17.6237 4.5
      vertex 16.9706 -16.9706 4.5
    endloop
  endfacet
  facet normal -0.693015 0.720923 0
    outer loop
      vertex 16.2912 -17.6237 4.5
      vertex 16.9706 -16.9706 2
      vertex 16.2912 -17.6237 2
    endloop
  endfacet
  facet normal -0.0196304 0.999807 0
    outer loop
      vertex 0.942235 -23.9815 2
      vertex 0 -24 4.5
      vertex 0.942235 -23.9815 4.5
    endloop
  endfacet
  facet normal -0.0196304 0.999807 0
    outer loop
      vertex 0 -24 4.5
      vertex 0.942235 -23.9815 2
      vertex 0 -24 2
    endloop
  endfacet
  facet normal -0.539153 0.842208 0
    outer loop
      vertex 13.3337 -19.9553 2
      vertex 12.54 -20.4634 4.5
      vertex 13.3337 -19.9553 4.5
    endloop
  endfacet
  facet normal -0.539153 0.842208 0
    outer loop
      vertex 12.54 -20.4634 4.5
      vertex 13.3337 -19.9553 2
      vertex 12.54 -20.4634 2
    endloop
  endfacet
  facet normal -0.505605 0.862765 0
    outer loop
      vertex 12.54 -20.4634 2
      vertex 11.7269 -20.9399 4.5
      vertex 12.54 -20.4634 4.5
    endloop
  endfacet
  facet normal -0.505605 0.862765 0
    outer loop
      vertex 11.7269 -20.9399 4.5
      vertex 12.54 -20.4634 2
      vertex 11.7269 -20.9399 2
    endloop
  endfacet
  facet normal -0.436315 0.899794 0
    outer loop
      vertex 10.8958 -21.3842 2
      vertex 10.0478 -21.7954 4.5
      vertex 10.8958 -21.3842 4.5
    endloop
  endfacet
  facet normal -0.436315 0.899794 0
    outer loop
      vertex 10.0478 -21.7954 4.5
      vertex 10.8958 -21.3842 2
      vertex 10.0478 -21.7954 2
    endloop
  endfacet
  facet normal -0.471453 0.881891 0
    outer loop
      vertex 11.7269 -20.9399 2
      vertex 10.8958 -21.3842 4.5
      vertex 11.7269 -20.9399 4.5
    endloop
  endfacet
  facet normal -0.471453 0.881891 0
    outer loop
      vertex 10.8958 -21.3842 4.5
      vertex 11.7269 -20.9399 2
      vertex 10.8958 -21.3842 2
    endloop
  endfacet
  facet normal -0.327664 0.944794 0
    outer loop
      vertex 8.30681 -22.5166 2
      vertex 7.41641 -22.8254 4.5
      vertex 8.30681 -22.5166 4.5
    endloop
  endfacet
  facet normal -0.327664 0.944794 0
    outer loop
      vertex 7.41641 -22.8254 4.5
      vertex 8.30681 -22.5166 2
      vertex 7.41641 -22.8254 2
    endloop
  endfacet
  facet normal -0.175824 0.984422 0
    outer loop
      vertex 4.68217 -23.5388 2
      vertex 3.75443 -23.7045 4.5
      vertex 4.68217 -23.5388 4.5
    endloop
  endfacet
  facet normal -0.175824 0.984422 0
    outer loop
      vertex 3.75443 -23.7045 4.5
      vertex 4.68217 -23.5388 2
      vertex 3.75443 -23.7045 2
    endloop
  endfacet
  facet normal -0.136989 0.990573 0
    outer loop
      vertex 3.75443 -23.7045 2
      vertex 2.8209 -23.8336 4.5
      vertex 3.75443 -23.7045 4.5
    endloop
  endfacet
  facet normal -0.136989 0.990573 0
    outer loop
      vertex 2.8209 -23.8336 4.5
      vertex 3.75443 -23.7045 2
      vertex 2.8209 -23.8336 2
    endloop
  endfacet
  facet normal -0.0588909 0.998264 0
    outer loop
      vertex 1.88302 -23.926 2
      vertex 0.942235 -23.9815 4.5
      vertex 1.88302 -23.926 4.5
    endloop
  endfacet
  facet normal -0.0588909 0.998264 0
    outer loop
      vertex 0.942235 -23.9815 4.5
      vertex 1.88302 -23.926 2
      vertex 0.942235 -23.9815 2
    endloop
  endfacet
  facet normal -0.21424 0.976781 0
    outer loop
      vertex 5.60269 -23.3369 2
      vertex 4.68217 -23.5388 4.5
      vertex 5.60269 -23.3369 4.5
    endloop
  endfacet
  facet normal -0.21424 0.976781 0
    outer loop
      vertex 4.68217 -23.5388 4.5
      vertex 5.60269 -23.3369 2
      vertex 4.68217 -23.5388 2
    endloop
  endfacet
  facet normal 0.999807 0.0196304 0
    outer loop
      vertex -23.9815 -0.942235 4.5
      vertex -24 0 2
      vertex -24 0 4.5
    endloop
  endfacet
  facet normal 0.999807 0.0196304 0
    outer loop
      vertex -24 0 2
      vertex -23.9815 -0.942235 4.5
      vertex -23.9815 -0.942235 2
    endloop
  endfacet
  facet normal 0.931208 0.364487 0
    outer loop
      vertex -22.1731 -9.1844 4.5
      vertex -22.5166 -8.30681 2
      vertex -22.5166 -8.30681 4.5
    endloop
  endfacet
  facet normal 0.931208 0.364487 0
    outer loop
      vertex -22.5166 -8.30681 2
      vertex -22.1731 -9.1844 4.5
      vertex -22.1731 -9.1844 2
    endloop
  endfacet
  facet normal 0.990573 0.136989 0
    outer loop
      vertex -23.7045 -3.75443 4.5
      vertex -23.8336 -2.8209 2
      vertex -23.8336 -2.8209 4.5
    endloop
  endfacet
  facet normal 0.990573 0.136989 0
    outer loop
      vertex -23.8336 -2.8209 2
      vertex -23.7045 -3.75443 4.5
      vertex -23.7045 -3.75443 2
    endloop
  endfacet
  facet normal 0.998264 0.0588909 0
    outer loop
      vertex -23.926 -1.88302 4.5
      vertex -23.9815 -0.942235 2
      vertex -23.9815 -0.942235 4.5
    endloop
  endfacet
  facet normal 0.998264 0.0588909 0
    outer loop
      vertex -23.9815 -0.942235 2
      vertex -23.926 -1.88302 4.5
      vertex -23.926 -1.88302 2
    endloop
  endfacet
  facet normal 0.976781 0.21424 0
    outer loop
      vertex -23.3369 -5.60269 4.5
      vertex -23.5388 -4.68217 2
      vertex -23.5388 -4.68217 4.5
    endloop
  endfacet
  facet normal 0.976781 0.21424 0
    outer loop
      vertex -23.5388 -4.68217 2
      vertex -23.3369 -5.60269 4.5
      vertex -23.3369 -5.60269 2
    endloop
  endfacet
  facet normal 0.881891 0.471453 0
    outer loop
      vertex -20.9399 -11.7269 4.5
      vertex -21.3842 -10.8958 2
      vertex -21.3842 -10.8958 4.5
    endloop
  endfacet
  facet normal 0.881891 0.471453 0
    outer loop
      vertex -21.3842 -10.8958 2
      vertex -20.9399 -11.7269 4.5
      vertex -20.9399 -11.7269 2
    endloop
  endfacet
  facet normal 0.842208 0.539153 0
    outer loop
      vertex -19.9553 -13.3337 4.5
      vertex -20.4634 -12.54 2
      vertex -20.4634 -12.54 4.5
    endloop
  endfacet
  facet normal 0.842208 0.539153 0
    outer loop
      vertex -20.4634 -12.54 2
      vertex -19.9553 -13.3337 4.5
      vertex -19.9553 -13.3337 2
    endloop
  endfacet
  facet normal 0.21424 0.976781 -0
    outer loop
      vertex -4.68217 -23.5388 2
      vertex -5.60269 -23.3369 4.5
      vertex -4.68217 -23.5388 4.5
    endloop
  endfacet
  facet normal 0.21424 0.976781 0
    outer loop
      vertex -5.60269 -23.3369 4.5
      vertex -4.68217 -23.5388 2
      vertex -5.60269 -23.3369 2
    endloop
  endfacet
  facet normal 0.252539 0.967587 -0
    outer loop
      vertex -5.60269 -23.3369 2
      vertex -6.51457 -23.0989 4.5
      vertex -5.60269 -23.3369 4.5
    endloop
  endfacet
  facet normal 0.252539 0.967587 0
    outer loop
      vertex -6.51457 -23.0989 4.5
      vertex -5.60269 -23.3369 2
      vertex -6.51457 -23.0989 2
    endloop
  endfacet
  facet normal 0.327664 0.944794 -0
    outer loop
      vertex -7.41641 -22.8254 2
      vertex -8.30681 -22.5166 4.5
      vertex -7.41641 -22.8254 4.5
    endloop
  endfacet
  facet normal 0.327664 0.944794 0
    outer loop
      vertex -8.30681 -22.5166 4.5
      vertex -7.41641 -22.8254 2
      vertex -8.30681 -22.5166 2
    endloop
  endfacet
  facet normal 0.0196304 0.999807 -0
    outer loop
      vertex 0 -24 2
      vertex -0.942235 -23.9815 4.5
      vertex 0 -24 4.5
    endloop
  endfacet
  facet normal 0.0196304 0.999807 0
    outer loop
      vertex -0.942235 -23.9815 4.5
      vertex 0 -24 2
      vertex -0.942235 -23.9815 2
    endloop
  endfacet
  facet normal 0.400785 0.916172 -0
    outer loop
      vertex -9.1844 -22.1731 2
      vertex -10.0478 -21.7954 4.5
      vertex -9.1844 -22.1731 4.5
    endloop
  endfacet
  facet normal 0.400785 0.916172 0
    outer loop
      vertex -10.0478 -21.7954 4.5
      vertex -9.1844 -22.1731 2
      vertex -10.0478 -21.7954 2
    endloop
  endfacet
  facet normal 0.505605 0.862765 -0
    outer loop
      vertex -11.7269 -20.9399 2
      vertex -12.54 -20.4634 4.5
      vertex -11.7269 -20.9399 4.5
    endloop
  endfacet
  facet normal 0.505605 0.862765 0
    outer loop
      vertex -12.54 -20.4634 4.5
      vertex -11.7269 -20.9399 2
      vertex -12.54 -20.4634 2
    endloop
  endfacet
  facet normal 0.436315 0.899794 -0
    outer loop
      vertex -10.0478 -21.7954 2
      vertex -10.8958 -21.3842 4.5
      vertex -10.0478 -21.7954 4.5
    endloop
  endfacet
  facet normal 0.436315 0.899794 0
    outer loop
      vertex -10.8958 -21.3842 4.5
      vertex -10.0478 -21.7954 2
      vertex -10.8958 -21.3842 2
    endloop
  endfacet
  facet normal 0.571845 0.820362 -0
    outer loop
      vertex -13.3337 -19.9553 2
      vertex -14.1068 -19.4164 4.5
      vertex -13.3337 -19.9553 4.5
    endloop
  endfacet
  facet normal 0.571845 0.820362 0
    outer loop
      vertex -14.1068 -19.4164 4.5
      vertex -13.3337 -19.9553 2
      vertex -14.1068 -19.4164 2
    endloop
  endfacet
  facet normal 0.693015 0.720923 -0
    outer loop
      vertex -16.2912 -17.6237 2
      vertex -16.9706 -16.9706 4.5
      vertex -16.2912 -17.6237 4.5
    endloop
  endfacet
  facet normal 0.693015 0.720923 0
    outer loop
      vertex -16.9706 -16.9706 4.5
      vertex -16.2912 -17.6237 2
      vertex -16.9706 -16.9706 2
    endloop
  endfacet
  facet normal -0.999807 0.0196304 0
    outer loop
      vertex 23.9815 -0.942235 2
      vertex 24 0 4.5
      vertex 24 0 2
    endloop
  endfacet
  facet normal -0.999807 0.0196304 0
    outer loop
      vertex 24 0 4.5
      vertex 23.9815 -0.942235 2
      vertex 23.9815 -0.942235 4.5
    endloop
  endfacet
  facet normal -0.0196304 -0.999807 0
    outer loop
      vertex 0 24 2
      vertex 0.942235 23.9815 4.5
      vertex 0 24 4.5
    endloop
  endfacet
  facet normal -0.0196304 -0.999807 -0
    outer loop
      vertex 0.942235 23.9815 4.5
      vertex 0 24 2
      vertex 0.942235 23.9815 2
    endloop
  endfacet
  facet normal -0.944794 -0.327664 0
    outer loop
      vertex 22.8254 7.41641 2
      vertex 22.5166 8.30681 4.5
      vertex 22.5166 8.30681 2
    endloop
  endfacet
  facet normal -0.944794 -0.327664 0
    outer loop
      vertex 22.5166 8.30681 4.5
      vertex 22.8254 7.41641 2
      vertex 22.8254 7.41641 4.5
    endloop
  endfacet
  facet normal -0.990573 -0.136989 0
    outer loop
      vertex 23.8336 2.8209 2
      vertex 23.7045 3.75443 4.5
      vertex 23.7045 3.75443 2
    endloop
  endfacet
  facet normal -0.990573 -0.136989 0
    outer loop
      vertex 23.7045 3.75443 4.5
      vertex 23.8336 2.8209 2
      vertex 23.8336 2.8209 4.5
    endloop
  endfacet
  facet normal -0.995182 -0.0980454 0
    outer loop
      vertex 23.926 1.88302 2
      vertex 23.8336 2.8209 4.5
      vertex 23.8336 2.8209 2
    endloop
  endfacet
  facet normal -0.995182 -0.0980454 0
    outer loop
      vertex 23.8336 2.8209 4.5
      vertex 23.926 1.88302 2
      vertex 23.926 1.88302 4.5
    endloop
  endfacet
  facet normal -0.956961 -0.290216 0
    outer loop
      vertex 23.0989 6.51457 2
      vertex 22.8254 7.41641 4.5
      vertex 22.8254 7.41641 2
    endloop
  endfacet
  facet normal -0.956961 -0.290216 0
    outer loop
      vertex 22.8254 7.41641 4.5
      vertex 23.0989 6.51457 2
      vertex 23.0989 6.51457 4.5
    endloop
  endfacet
  facet normal -0.364487 -0.931208 0
    outer loop
      vertex 8.30681 22.5166 2
      vertex 9.1844 22.1731 4.5
      vertex 8.30681 22.5166 4.5
    endloop
  endfacet
  facet normal -0.364487 -0.931208 -0
    outer loop
      vertex 9.1844 22.1731 4.5
      vertex 8.30681 22.5166 2
      vertex 9.1844 22.1731 2
    endloop
  endfacet
  facet normal -0.252539 -0.967587 0
    outer loop
      vertex 5.60269 23.3369 2
      vertex 6.51457 23.0989 4.5
      vertex 5.60269 23.3369 4.5
    endloop
  endfacet
  facet normal -0.252539 -0.967587 -0
    outer loop
      vertex 6.51457 23.0989 4.5
      vertex 5.60269 23.3369 2
      vertex 6.51457 23.0989 2
    endloop
  endfacet
  facet normal -0.603508 -0.797357 0
    outer loop
      vertex 14.1068 19.4164 2
      vertex 14.8583 18.8476 4.5
      vertex 14.1068 19.4164 4.5
    endloop
  endfacet
  facet normal -0.603508 -0.797357 -0
    outer loop
      vertex 14.8583 18.8476 4.5
      vertex 14.1068 19.4164 2
      vertex 14.8583 18.8476 2
    endloop
  endfacet
  facet normal -0.693015 -0.720923 0
    outer loop
      vertex 16.2912 17.6237 2
      vertex 16.9706 16.9706 4.5
      vertex 16.2912 17.6237 4.5
    endloop
  endfacet
  facet normal -0.693015 -0.720923 -0
    outer loop
      vertex 16.9706 16.9706 4.5
      vertex 16.2912 17.6237 2
      vertex 16.9706 16.9706 2
    endloop
  endfacet
  facet normal -0.539153 -0.842208 0
    outer loop
      vertex 12.54 20.4634 2
      vertex 13.3337 19.9553 4.5
      vertex 12.54 20.4634 4.5
    endloop
  endfacet
  facet normal -0.539153 -0.842208 -0
    outer loop
      vertex 13.3337 19.9553 4.5
      vertex 12.54 20.4634 2
      vertex 13.3337 19.9553 2
    endloop
  endfacet
  facet normal -0.436315 -0.899794 0
    outer loop
      vertex 10.0478 21.7954 2
      vertex 10.8958 21.3842 4.5
      vertex 10.0478 21.7954 4.5
    endloop
  endfacet
  facet normal -0.436315 -0.899794 -0
    outer loop
      vertex 10.8958 21.3842 4.5
      vertex 10.0478 21.7954 2
      vertex 10.8958 21.3842 2
    endloop
  endfacet
  facet normal -0.862765 -0.505605 0
    outer loop
      vertex 20.9399 11.7269 2
      vertex 20.4634 12.54 4.5
      vertex 20.4634 12.54 2
    endloop
  endfacet
  facet normal -0.862765 -0.505605 0
    outer loop
      vertex 20.4634 12.54 4.5
      vertex 20.9399 11.7269 2
      vertex 20.9399 11.7269 4.5
    endloop
  endfacet
  facet normal -0.899794 -0.436315 0
    outer loop
      vertex 21.7954 10.0478 2
      vertex 21.3842 10.8958 4.5
      vertex 21.3842 10.8958 2
    endloop
  endfacet
  facet normal -0.899794 -0.436315 0
    outer loop
      vertex 21.3842 10.8958 4.5
      vertex 21.7954 10.0478 2
      vertex 21.7954 10.0478 4.5
    endloop
  endfacet
  facet normal -0.820362 -0.571845 0
    outer loop
      vertex 19.9553 13.3337 2
      vertex 19.4164 14.1068 4.5
      vertex 19.4164 14.1068 2
    endloop
  endfacet
  facet normal -0.820362 -0.571845 0
    outer loop
      vertex 19.4164 14.1068 4.5
      vertex 19.9553 13.3337 2
      vertex 19.9553 13.3337 4.5
    endloop
  endfacet
  facet normal 0.364487 -0.931208 0
    outer loop
      vertex -9.1844 22.1731 2
      vertex -8.30681 22.5166 4.5
      vertex -9.1844 22.1731 4.5
    endloop
  endfacet
  facet normal 0.364487 -0.931208 0
    outer loop
      vertex -8.30681 22.5166 4.5
      vertex -9.1844 22.1731 2
      vertex -8.30681 22.5166 2
    endloop
  endfacet
  facet normal 0.175824 -0.984422 0
    outer loop
      vertex -4.68217 23.5388 2
      vertex -3.75443 23.7045 4.5
      vertex -4.68217 23.5388 4.5
    endloop
  endfacet
  facet normal 0.175824 -0.984422 0
    outer loop
      vertex -3.75443 23.7045 4.5
      vertex -4.68217 23.5388 2
      vertex -3.75443 23.7045 2
    endloop
  endfacet
  facet normal 0.252539 -0.967587 0
    outer loop
      vertex -6.51457 23.0989 2
      vertex -5.60269 23.3369 4.5
      vertex -6.51457 23.0989 4.5
    endloop
  endfacet
  facet normal 0.252539 -0.967587 0
    outer loop
      vertex -5.60269 23.3369 4.5
      vertex -6.51457 23.0989 2
      vertex -5.60269 23.3369 2
    endloop
  endfacet
  facet normal 0.539153 -0.842208 0
    outer loop
      vertex -13.3337 19.9553 2
      vertex -12.54 20.4634 4.5
      vertex -13.3337 19.9553 4.5
    endloop
  endfacet
  facet normal 0.539153 -0.842208 0
    outer loop
      vertex -12.54 20.4634 4.5
      vertex -13.3337 19.9553 2
      vertex -12.54 20.4634 2
    endloop
  endfacet
  facet normal 0.436315 -0.899794 0
    outer loop
      vertex -10.8958 21.3842 2
      vertex -10.0478 21.7954 4.5
      vertex -10.8958 21.3842 4.5
    endloop
  endfacet
  facet normal 0.436315 -0.899794 0
    outer loop
      vertex -10.0478 21.7954 4.5
      vertex -10.8958 21.3842 2
      vertex -10.0478 21.7954 2
    endloop
  endfacet
  facet normal 0.693015 -0.720923 0
    outer loop
      vertex -16.9706 16.9706 2
      vertex -16.2912 17.6237 4.5
      vertex -16.9706 16.9706 4.5
    endloop
  endfacet
  facet normal 0.693015 -0.720923 0
    outer loop
      vertex -16.2912 17.6237 4.5
      vertex -16.9706 16.9706 2
      vertex -16.2912 17.6237 2
    endloop
  endfacet
  facet normal 0.976781 -0.21424 0
    outer loop
      vertex -23.5388 4.68217 4.5
      vertex -23.3369 5.60269 2
      vertex -23.3369 5.60269 4.5
    endloop
  endfacet
  facet normal 0.976781 -0.21424 0
    outer loop
      vertex -23.3369 5.60269 2
      vertex -23.5388 4.68217 4.5
      vertex -23.5388 4.68217 2
    endloop
  endfacet
  facet normal 0.990573 -0.136989 0
    outer loop
      vertex -23.8336 2.8209 4.5
      vertex -23.7045 3.75443 2
      vertex -23.7045 3.75443 4.5
    endloop
  endfacet
  facet normal 0.990573 -0.136989 0
    outer loop
      vertex -23.7045 3.75443 2
      vertex -23.8336 2.8209 4.5
      vertex -23.8336 2.8209 2
    endloop
  endfacet
  facet normal 0.999807 -0.0196304 0
    outer loop
      vertex -24 0 4.5
      vertex -23.9815 0.942235 2
      vertex -23.9815 0.942235 4.5
    endloop
  endfacet
  facet normal 0.999807 -0.0196304 0
    outer loop
      vertex -23.9815 0.942235 2
      vertex -24 0 4.5
      vertex -24 0 2
    endloop
  endfacet
  facet normal 0.916172 -0.400785 0
    outer loop
      vertex -22.1731 9.1844 4.5
      vertex -21.7954 10.0478 2
      vertex -21.7954 10.0478 4.5
    endloop
  endfacet
  facet normal 0.916172 -0.400785 0
    outer loop
      vertex -21.7954 10.0478 2
      vertex -22.1731 9.1844 4.5
      vertex -22.1731 9.1844 2
    endloop
  endfacet
  facet normal 0.74748 -0.664285 0
    outer loop
      vertex -18.2497 15.5868 4.5
      vertex -17.6237 16.2912 2
      vertex -17.6237 16.2912 4.5
    endloop
  endfacet
  facet normal 0.74748 -0.664285 0
    outer loop
      vertex -17.6237 16.2912 2
      vertex -18.2497 15.5868 4.5
      vertex -18.2497 15.5868 2
    endloop
  endfacet
  facet normal -0.998264 0.0588909 0
    outer loop
      vertex 23.926 -1.88302 2
      vertex 23.9815 -0.942235 4.5
      vertex 23.9815 -0.942235 2
    endloop
  endfacet
  facet normal -0.998264 0.0588909 0
    outer loop
      vertex 23.9815 -0.942235 4.5
      vertex 23.926 -1.88302 2
      vertex 23.926 -1.88302 4.5
    endloop
  endfacet
  facet normal -0.984422 0.175824 0
    outer loop
      vertex 23.5388 -4.68217 2
      vertex 23.7045 -3.75443 4.5
      vertex 23.7045 -3.75443 2
    endloop
  endfacet
  facet normal -0.984422 0.175824 0
    outer loop
      vertex 23.7045 -3.75443 4.5
      vertex 23.5388 -4.68217 2
      vertex 23.5388 -4.68217 4.5
    endloop
  endfacet
  facet normal -0.956961 0.290216 0
    outer loop
      vertex 22.8254 -7.41641 2
      vertex 23.0989 -6.51457 4.5
      vertex 23.0989 -6.51457 2
    endloop
  endfacet
  facet normal -0.956961 0.290216 0
    outer loop
      vertex 23.0989 -6.51457 4.5
      vertex 22.8254 -7.41641 2
      vertex 22.8254 -7.41641 4.5
    endloop
  endfacet
  facet normal -0.944794 0.327664 0
    outer loop
      vertex 22.5166 -8.30681 2
      vertex 22.8254 -7.41641 4.5
      vertex 22.8254 -7.41641 2
    endloop
  endfacet
  facet normal -0.944794 0.327664 0
    outer loop
      vertex 22.8254 -7.41641 4.5
      vertex 22.5166 -8.30681 2
      vertex 22.5166 -8.30681 4.5
    endloop
  endfacet
  facet normal -0.862765 0.505605 0
    outer loop
      vertex 20.4634 -12.54 2
      vertex 20.9399 -11.7269 4.5
      vertex 20.9399 -11.7269 2
    endloop
  endfacet
  facet normal -0.862765 0.505605 0
    outer loop
      vertex 20.9399 -11.7269 4.5
      vertex 20.4634 -12.54 2
      vertex 20.4634 -12.54 4.5
    endloop
  endfacet
  facet normal -0.772992 0.634416 0
    outer loop
      vertex 18.2497 -15.5868 2
      vertex 18.8476 -14.8583 4.5
      vertex 18.8476 -14.8583 2
    endloop
  endfacet
  facet normal -0.772992 0.634416 0
    outer loop
      vertex 18.8476 -14.8583 4.5
      vertex 18.2497 -15.5868 2
      vertex 18.2497 -15.5868 4.5
    endloop
  endfacet
  facet normal -0.74748 0.664285 0
    outer loop
      vertex 17.6237 -16.2912 2
      vertex 18.2497 -15.5868 4.5
      vertex 18.2497 -15.5868 2
    endloop
  endfacet
  facet normal -0.74748 0.664285 0
    outer loop
      vertex 18.2497 -15.5868 4.5
      vertex 17.6237 -16.2912 2
      vertex 17.6237 -16.2912 4.5
    endloop
  endfacet
  facet normal -0.664285 0.74748 0
    outer loop
      vertex 16.2912 -17.6237 2
      vertex 15.5868 -18.2497 4.5
      vertex 16.2912 -17.6237 4.5
    endloop
  endfacet
  facet normal -0.664285 0.74748 0
    outer loop
      vertex 15.5868 -18.2497 4.5
      vertex 16.2912 -17.6237 2
      vertex 15.5868 -18.2497 2
    endloop
  endfacet
  facet normal -0.634416 0.772992 0
    outer loop
      vertex 15.5868 -18.2497 2
      vertex 14.8583 -18.8476 4.5
      vertex 15.5868 -18.2497 4.5
    endloop
  endfacet
  facet normal -0.634416 0.772992 0
    outer loop
      vertex 14.8583 -18.8476 4.5
      vertex 15.5868 -18.2497 2
      vertex 14.8583 -18.8476 2
    endloop
  endfacet
  facet normal -0.364487 0.931208 0
    outer loop
      vertex 9.1844 -22.1731 2
      vertex 8.30681 -22.5166 4.5
      vertex 9.1844 -22.1731 4.5
    endloop
  endfacet
  facet normal -0.364487 0.931208 0
    outer loop
      vertex 8.30681 -22.5166 4.5
      vertex 9.1844 -22.1731 2
      vertex 8.30681 -22.5166 2
    endloop
  endfacet
  facet normal -0.0980454 0.995182 0
    outer loop
      vertex 2.8209 -23.8336 2
      vertex 1.88302 -23.926 4.5
      vertex 2.8209 -23.8336 4.5
    endloop
  endfacet
  facet normal -0.0980454 0.995182 0
    outer loop
      vertex 1.88302 -23.926 4.5
      vertex 2.8209 -23.8336 2
      vertex 1.88302 -23.926 2
    endloop
  endfacet
  facet normal 0.984422 0.175824 0
    outer loop
      vertex -23.5388 -4.68217 4.5
      vertex -23.7045 -3.75443 2
      vertex -23.7045 -3.75443 4.5
    endloop
  endfacet
  facet normal 0.984422 0.175824 0
    outer loop
      vertex -23.7045 -3.75443 2
      vertex -23.5388 -4.68217 4.5
      vertex -23.5388 -4.68217 2
    endloop
  endfacet
  facet normal 0.995182 0.0980454 0
    outer loop
      vertex -23.8336 -2.8209 4.5
      vertex -23.926 -1.88302 2
      vertex -23.926 -1.88302 4.5
    endloop
  endfacet
  facet normal 0.995182 0.0980454 0
    outer loop
      vertex -23.926 -1.88302 2
      vertex -23.8336 -2.8209 4.5
      vertex -23.8336 -2.8209 2
    endloop
  endfacet
  facet normal 0.899794 0.436315 0
    outer loop
      vertex -21.3842 -10.8958 4.5
      vertex -21.7954 -10.0478 2
      vertex -21.7954 -10.0478 4.5
    endloop
  endfacet
  facet normal 0.899794 0.436315 0
    outer loop
      vertex -21.7954 -10.0478 2
      vertex -21.3842 -10.8958 4.5
      vertex -21.3842 -10.8958 2
    endloop
  endfacet
  facet normal 0.862765 0.505605 0
    outer loop
      vertex -20.4634 -12.54 4.5
      vertex -20.9399 -11.7269 2
      vertex -20.9399 -11.7269 4.5
    endloop
  endfacet
  facet normal 0.862765 0.505605 0
    outer loop
      vertex -20.9399 -11.7269 2
      vertex -20.4634 -12.54 4.5
      vertex -20.4634 -12.54 2
    endloop
  endfacet
  facet normal 0.772992 0.634416 0
    outer loop
      vertex -18.2497 -15.5868 4.5
      vertex -18.8476 -14.8583 2
      vertex -18.8476 -14.8583 4.5
    endloop
  endfacet
  facet normal 0.772992 0.634416 0
    outer loop
      vertex -18.8476 -14.8583 2
      vertex -18.2497 -15.5868 4.5
      vertex -18.2497 -15.5868 2
    endloop
  endfacet
  facet normal 0.797357 0.603508 0
    outer loop
      vertex -18.8476 -14.8583 4.5
      vertex -19.4164 -14.1068 2
      vertex -19.4164 -14.1068 4.5
    endloop
  endfacet
  facet normal 0.797357 0.603508 0
    outer loop
      vertex -19.4164 -14.1068 2
      vertex -18.8476 -14.8583 4.5
      vertex -18.8476 -14.8583 2
    endloop
  endfacet
  facet normal 0.290216 0.956961 -0
    outer loop
      vertex -6.51457 -23.0989 2
      vertex -7.41641 -22.8254 4.5
      vertex -6.51457 -23.0989 4.5
    endloop
  endfacet
  facet normal 0.290216 0.956961 0
    outer loop
      vertex -7.41641 -22.8254 4.5
      vertex -6.51457 -23.0989 2
      vertex -7.41641 -22.8254 2
    endloop
  endfacet
  facet normal 0.136989 0.990573 -0
    outer loop
      vertex -2.8209 -23.8336 2
      vertex -3.75443 -23.7045 4.5
      vertex -2.8209 -23.8336 4.5
    endloop
  endfacet
  facet normal 0.136989 0.990573 0
    outer loop
      vertex -3.75443 -23.7045 4.5
      vertex -2.8209 -23.8336 2
      vertex -3.75443 -23.7045 2
    endloop
  endfacet
  facet normal 0.0588909 0.998264 -0
    outer loop
      vertex -0.942235 -23.9815 2
      vertex -1.88302 -23.926 4.5
      vertex -0.942235 -23.9815 4.5
    endloop
  endfacet
  facet normal 0.0588909 0.998264 0
    outer loop
      vertex -1.88302 -23.926 4.5
      vertex -0.942235 -23.9815 2
      vertex -1.88302 -23.926 2
    endloop
  endfacet
  facet normal 0.0980454 0.995182 -0
    outer loop
      vertex -1.88302 -23.926 2
      vertex -2.8209 -23.8336 4.5
      vertex -1.88302 -23.926 4.5
    endloop
  endfacet
  facet normal 0.0980454 0.995182 0
    outer loop
      vertex -2.8209 -23.8336 4.5
      vertex -1.88302 -23.926 2
      vertex -2.8209 -23.8336 2
    endloop
  endfacet
  facet normal 0.471453 0.881891 -0
    outer loop
      vertex -10.8958 -21.3842 2
      vertex -11.7269 -20.9399 4.5
      vertex -10.8958 -21.3842 4.5
    endloop
  endfacet
  facet normal 0.471453 0.881891 0
    outer loop
      vertex -11.7269 -20.9399 4.5
      vertex -10.8958 -21.3842 2
      vertex -11.7269 -20.9399 2
    endloop
  endfacet
  facet normal 0.603508 0.797357 -0
    outer loop
      vertex -14.1068 -19.4164 2
      vertex -14.8583 -18.8476 4.5
      vertex -14.1068 -19.4164 4.5
    endloop
  endfacet
  facet normal 0.603508 0.797357 0
    outer loop
      vertex -14.8583 -18.8476 4.5
      vertex -14.1068 -19.4164 2
      vertex -14.8583 -18.8476 2
    endloop
  endfacet
  facet normal 0.634416 0.772992 -0
    outer loop
      vertex -14.8583 -18.8476 2
      vertex -15.5868 -18.2497 4.5
      vertex -14.8583 -18.8476 4.5
    endloop
  endfacet
  facet normal 0.634416 0.772992 0
    outer loop
      vertex -15.5868 -18.2497 4.5
      vertex -14.8583 -18.8476 2
      vertex -15.5868 -18.2497 2
    endloop
  endfacet
  facet normal -0.998264 -0.0588909 0
    outer loop
      vertex 23.9815 0.942235 2
      vertex 23.926 1.88302 4.5
      vertex 23.926 1.88302 2
    endloop
  endfacet
  facet normal -0.998264 -0.0588909 0
    outer loop
      vertex 23.926 1.88302 4.5
      vertex 23.9815 0.942235 2
      vertex 23.9815 0.942235 4.5
    endloop
  endfacet
  facet normal -0.976781 -0.21424 0
    outer loop
      vertex 23.5388 4.68217 2
      vertex 23.3369 5.60269 4.5
      vertex 23.3369 5.60269 2
    endloop
  endfacet
  facet normal -0.976781 -0.21424 0
    outer loop
      vertex 23.3369 5.60269 4.5
      vertex 23.5388 4.68217 2
      vertex 23.5388 4.68217 4.5
    endloop
  endfacet
  facet normal -0.0588909 -0.998264 0
    outer loop
      vertex 0.942235 23.9815 2
      vertex 1.88302 23.926 4.5
      vertex 0.942235 23.9815 4.5
    endloop
  endfacet
  facet normal -0.0588909 -0.998264 -0
    outer loop
      vertex 1.88302 23.926 4.5
      vertex 0.942235 23.9815 2
      vertex 1.88302 23.926 2
    endloop
  endfacet
  facet normal -0.21424 -0.976781 0
    outer loop
      vertex 4.68217 23.5388 2
      vertex 5.60269 23.3369 4.5
      vertex 4.68217 23.5388 4.5
    endloop
  endfacet
  facet normal -0.21424 -0.976781 -0
    outer loop
      vertex 5.60269 23.3369 4.5
      vertex 4.68217 23.5388 2
      vertex 5.60269 23.3369 2
    endloop
  endfacet
  facet normal -0.136989 -0.990573 0
    outer loop
      vertex 2.8209 23.8336 2
      vertex 3.75443 23.7045 4.5
      vertex 2.8209 23.8336 4.5
    endloop
  endfacet
  facet normal -0.136989 -0.990573 -0
    outer loop
      vertex 3.75443 23.7045 4.5
      vertex 2.8209 23.8336 2
      vertex 3.75443 23.7045 2
    endloop
  endfacet
  facet normal -0.400785 -0.916172 0
    outer loop
      vertex 9.1844 22.1731 2
      vertex 10.0478 21.7954 4.5
      vertex 9.1844 22.1731 4.5
    endloop
  endfacet
  facet normal -0.400785 -0.916172 -0
    outer loop
      vertex 10.0478 21.7954 4.5
      vertex 9.1844 22.1731 2
      vertex 10.0478 21.7954 2
    endloop
  endfacet
  facet normal -0.290216 -0.956961 0
    outer loop
      vertex 6.51457 23.0989 2
      vertex 7.41641 22.8254 4.5
      vertex 6.51457 23.0989 4.5
    endloop
  endfacet
  facet normal -0.290216 -0.956961 -0
    outer loop
      vertex 7.41641 22.8254 4.5
      vertex 6.51457 23.0989 2
      vertex 7.41641 22.8254 2
    endloop
  endfacet
  facet normal -0.327664 -0.944794 0
    outer loop
      vertex 7.41641 22.8254 2
      vertex 8.30681 22.5166 4.5
      vertex 7.41641 22.8254 4.5
    endloop
  endfacet
  facet normal -0.327664 -0.944794 -0
    outer loop
      vertex 8.30681 22.5166 4.5
      vertex 7.41641 22.8254 2
      vertex 8.30681 22.5166 2
    endloop
  endfacet
  facet normal -0.634416 -0.772992 0
    outer loop
      vertex 14.8583 18.8476 2
      vertex 15.5868 18.2497 4.5
      vertex 14.8583 18.8476 4.5
    endloop
  endfacet
  facet normal -0.634416 -0.772992 -0
    outer loop
      vertex 15.5868 18.2497 4.5
      vertex 14.8583 18.8476 2
      vertex 15.5868 18.2497 2
    endloop
  endfacet
  facet normal -0.720923 -0.693015 0
    outer loop
      vertex 17.6237 16.2912 2
      vertex 16.9706 16.9706 4.5
      vertex 16.9706 16.9706 2
    endloop
  endfacet
  facet normal -0.720923 -0.693015 0
    outer loop
      vertex 16.9706 16.9706 4.5
      vertex 17.6237 16.2912 2
      vertex 17.6237 16.2912 4.5
    endloop
  endfacet
  facet normal -0.571845 -0.820362 0
    outer loop
      vertex 13.3337 19.9553 2
      vertex 14.1068 19.4164 4.5
      vertex 13.3337 19.9553 4.5
    endloop
  endfacet
  facet normal -0.571845 -0.820362 -0
    outer loop
      vertex 14.1068 19.4164 4.5
      vertex 13.3337 19.9553 2
      vertex 14.1068 19.4164 2
    endloop
  endfacet
  facet normal -0.471453 -0.881891 0
    outer loop
      vertex 10.8958 21.3842 2
      vertex 11.7269 20.9399 4.5
      vertex 10.8958 21.3842 4.5
    endloop
  endfacet
  facet normal -0.471453 -0.881891 -0
    outer loop
      vertex 11.7269 20.9399 4.5
      vertex 10.8958 21.3842 2
      vertex 11.7269 20.9399 2
    endloop
  endfacet
  facet normal -0.505605 -0.862765 0
    outer loop
      vertex 11.7269 20.9399 2
      vertex 12.54 20.4634 4.5
      vertex 11.7269 20.9399 4.5
    endloop
  endfacet
  facet normal -0.505605 -0.862765 -0
    outer loop
      vertex 12.54 20.4634 4.5
      vertex 11.7269 20.9399 2
      vertex 12.54 20.4634 2
    endloop
  endfacet
  facet normal -0.881891 -0.471453 0
    outer loop
      vertex 21.3842 10.8958 2
      vertex 20.9399 11.7269 4.5
      vertex 20.9399 11.7269 2
    endloop
  endfacet
  facet normal -0.881891 -0.471453 0
    outer loop
      vertex 20.9399 11.7269 4.5
      vertex 21.3842 10.8958 2
      vertex 21.3842 10.8958 4.5
    endloop
  endfacet
  facet normal -0.916172 -0.400785 0
    outer loop
      vertex 22.1731 9.1844 2
      vertex 21.7954 10.0478 4.5
      vertex 21.7954 10.0478 2
    endloop
  endfacet
  facet normal -0.916172 -0.400785 0
    outer loop
      vertex 21.7954 10.0478 4.5
      vertex 22.1731 9.1844 2
      vertex 22.1731 9.1844 4.5
    endloop
  endfacet
  facet normal -0.797357 -0.603508 0
    outer loop
      vertex 19.4164 14.1068 2
      vertex 18.8476 14.8583 4.5
      vertex 18.8476 14.8583 2
    endloop
  endfacet
  facet normal -0.797357 -0.603508 0
    outer loop
      vertex 18.8476 14.8583 4.5
      vertex 19.4164 14.1068 2
      vertex 19.4164 14.1068 4.5
    endloop
  endfacet
  facet normal -0.842208 -0.539153 0
    outer loop
      vertex 20.4634 12.54 2
      vertex 19.9553 13.3337 4.5
      vertex 19.9553 13.3337 2
    endloop
  endfacet
  facet normal -0.842208 -0.539153 0
    outer loop
      vertex 19.9553 13.3337 4.5
      vertex 20.4634 12.54 2
      vertex 20.4634 12.54 4.5
    endloop
  endfacet
  facet normal 0.0588909 -0.998264 0
    outer loop
      vertex -1.88302 23.926 2
      vertex -0.942235 23.9815 4.5
      vertex -1.88302 23.926 4.5
    endloop
  endfacet
  facet normal 0.0588909 -0.998264 0
    outer loop
      vertex -0.942235 23.9815 4.5
      vertex -1.88302 23.926 2
      vertex -0.942235 23.9815 2
    endloop
  endfacet
  facet normal 0.0980454 -0.995182 0
    outer loop
      vertex -2.8209 23.8336 2
      vertex -1.88302 23.926 4.5
      vertex -2.8209 23.8336 4.5
    endloop
  endfacet
  facet normal 0.0980454 -0.995182 0
    outer loop
      vertex -1.88302 23.926 4.5
      vertex -2.8209 23.8336 2
      vertex -1.88302 23.926 2
    endloop
  endfacet
  facet normal 0.0196304 -0.999807 0
    outer loop
      vertex -0.942235 23.9815 2
      vertex 0 24 4.5
      vertex -0.942235 23.9815 4.5
    endloop
  endfacet
  facet normal 0.0196304 -0.999807 0
    outer loop
      vertex 0 24 4.5
      vertex -0.942235 23.9815 2
      vertex 0 24 2
    endloop
  endfacet
  facet normal 0.136989 -0.990573 0
    outer loop
      vertex -3.75443 23.7045 2
      vertex -2.8209 23.8336 4.5
      vertex -3.75443 23.7045 4.5
    endloop
  endfacet
  facet normal 0.136989 -0.990573 0
    outer loop
      vertex -2.8209 23.8336 4.5
      vertex -3.75443 23.7045 2
      vertex -2.8209 23.8336 2
    endloop
  endfacet
  facet normal 0.327664 -0.944794 0
    outer loop
      vertex -8.30681 22.5166 2
      vertex -7.41641 22.8254 4.5
      vertex -8.30681 22.5166 4.5
    endloop
  endfacet
  facet normal 0.327664 -0.944794 0
    outer loop
      vertex -7.41641 22.8254 4.5
      vertex -8.30681 22.5166 2
      vertex -7.41641 22.8254 2
    endloop
  endfacet
  facet normal 0.21424 -0.976781 0
    outer loop
      vertex -5.60269 23.3369 2
      vertex -4.68217 23.5388 4.5
      vertex -5.60269 23.3369 4.5
    endloop
  endfacet
  facet normal 0.21424 -0.976781 0
    outer loop
      vertex -4.68217 23.5388 4.5
      vertex -5.60269 23.3369 2
      vertex -4.68217 23.5388 2
    endloop
  endfacet
  facet normal 0.505605 -0.862765 0
    outer loop
      vertex -12.54 20.4634 2
      vertex -11.7269 20.9399 4.5
      vertex -12.54 20.4634 4.5
    endloop
  endfacet
  facet normal 0.505605 -0.862765 0
    outer loop
      vertex -11.7269 20.9399 4.5
      vertex -12.54 20.4634 2
      vertex -11.7269 20.9399 2
    endloop
  endfacet
  facet normal 0.400785 -0.916172 0
    outer loop
      vertex -10.0478 21.7954 2
      vertex -9.1844 22.1731 4.5
      vertex -10.0478 21.7954 4.5
    endloop
  endfacet
  facet normal 0.400785 -0.916172 0
    outer loop
      vertex -9.1844 22.1731 4.5
      vertex -10.0478 21.7954 2
      vertex -9.1844 22.1731 2
    endloop
  endfacet
  facet normal 0.603508 -0.797357 0
    outer loop
      vertex -14.8583 18.8476 2
      vertex -14.1068 19.4164 4.5
      vertex -14.8583 18.8476 4.5
    endloop
  endfacet
  facet normal 0.603508 -0.797357 0
    outer loop
      vertex -14.1068 19.4164 4.5
      vertex -14.8583 18.8476 2
      vertex -14.1068 19.4164 2
    endloop
  endfacet
  facet normal 0.634416 -0.772992 0
    outer loop
      vertex -15.5868 18.2497 2
      vertex -14.8583 18.8476 4.5
      vertex -15.5868 18.2497 4.5
    endloop
  endfacet
  facet normal 0.634416 -0.772992 0
    outer loop
      vertex -14.8583 18.8476 4.5
      vertex -15.5868 18.2497 2
      vertex -14.8583 18.8476 2
    endloop
  endfacet
  facet normal 0.571845 -0.820362 0
    outer loop
      vertex -14.1068 19.4164 2
      vertex -13.3337 19.9553 4.5
      vertex -14.1068 19.4164 4.5
    endloop
  endfacet
  facet normal 0.571845 -0.820362 0
    outer loop
      vertex -13.3337 19.9553 4.5
      vertex -14.1068 19.4164 2
      vertex -13.3337 19.9553 2
    endloop
  endfacet
  facet normal 0.664285 -0.74748 0
    outer loop
      vertex -16.2912 17.6237 2
      vertex -15.5868 18.2497 4.5
      vertex -16.2912 17.6237 4.5
    endloop
  endfacet
  facet normal 0.664285 -0.74748 0
    outer loop
      vertex -15.5868 18.2497 4.5
      vertex -16.2912 17.6237 2
      vertex -15.5868 18.2497 2
    endloop
  endfacet
  facet normal 0.944794 -0.327664 0
    outer loop
      vertex -22.8254 7.41641 4.5
      vertex -22.5166 8.30681 2
      vertex -22.5166 8.30681 4.5
    endloop
  endfacet
  facet normal 0.944794 -0.327664 0
    outer loop
      vertex -22.5166 8.30681 2
      vertex -22.8254 7.41641 4.5
      vertex -22.8254 7.41641 2
    endloop
  endfacet
  facet normal 0.956961 -0.290216 0
    outer loop
      vertex -23.0989 6.51457 4.5
      vertex -22.8254 7.41641 2
      vertex -22.8254 7.41641 4.5
    endloop
  endfacet
  facet normal 0.956961 -0.290216 0
    outer loop
      vertex -22.8254 7.41641 2
      vertex -23.0989 6.51457 4.5
      vertex -23.0989 6.51457 2
    endloop
  endfacet
  facet normal 0.931208 -0.364487 0
    outer loop
      vertex -22.5166 8.30681 4.5
      vertex -22.1731 9.1844 2
      vertex -22.1731 9.1844 4.5
    endloop
  endfacet
  facet normal 0.931208 -0.364487 0
    outer loop
      vertex -22.1731 9.1844 2
      vertex -22.5166 8.30681 4.5
      vertex -22.5166 8.30681 2
    endloop
  endfacet
  facet normal 0.967587 -0.252539 0
    outer loop
      vertex -23.3369 5.60269 4.5
      vertex -23.0989 6.51457 2
      vertex -23.0989 6.51457 4.5
    endloop
  endfacet
  facet normal 0.967587 -0.252539 0
    outer loop
      vertex -23.0989 6.51457 2
      vertex -23.3369 5.60269 4.5
      vertex -23.3369 5.60269 2
    endloop
  endfacet
  facet normal 0.998264 -0.0588909 0
    outer loop
      vertex -23.9815 0.942235 4.5
      vertex -23.926 1.88302 2
      vertex -23.926 1.88302 4.5
    endloop
  endfacet
  facet normal 0.998264 -0.0588909 0
    outer loop
      vertex -23.926 1.88302 2
      vertex -23.9815 0.942235 4.5
      vertex -23.9815 0.942235 2
    endloop
  endfacet
  facet normal 0.995182 -0.0980454 0
    outer loop
      vertex -23.926 1.88302 4.5
      vertex -23.8336 2.8209 2
      vertex -23.8336 2.8209 4.5
    endloop
  endfacet
  facet normal 0.995182 -0.0980454 0
    outer loop
      vertex -23.8336 2.8209 2
      vertex -23.926 1.88302 4.5
      vertex -23.926 1.88302 2
    endloop
  endfacet
  facet normal 0.984422 -0.175824 0
    outer loop
      vertex -23.7045 3.75443 4.5
      vertex -23.5388 4.68217 2
      vertex -23.5388 4.68217 4.5
    endloop
  endfacet
  facet normal 0.984422 -0.175824 0
    outer loop
      vertex -23.5388 4.68217 2
      vertex -23.7045 3.75443 4.5
      vertex -23.7045 3.75443 2
    endloop
  endfacet
  facet normal 0.899794 -0.436315 0
    outer loop
      vertex -21.7954 10.0478 4.5
      vertex -21.3842 10.8958 2
      vertex -21.3842 10.8958 4.5
    endloop
  endfacet
  facet normal 0.899794 -0.436315 0
    outer loop
      vertex -21.3842 10.8958 2
      vertex -21.7954 10.0478 4.5
      vertex -21.7954 10.0478 2
    endloop
  endfacet
  facet normal 0.842208 -0.539153 0
    outer loop
      vertex -20.4634 12.54 4.5
      vertex -19.9553 13.3337 2
      vertex -19.9553 13.3337 4.5
    endloop
  endfacet
  facet normal 0.842208 -0.539153 0
    outer loop
      vertex -19.9553 13.3337 2
      vertex -20.4634 12.54 4.5
      vertex -20.4634 12.54 2
    endloop
  endfacet
  facet normal 0.881891 -0.471453 0
    outer loop
      vertex -21.3842 10.8958 4.5
      vertex -20.9399 11.7269 2
      vertex -20.9399 11.7269 4.5
    endloop
  endfacet
  facet normal 0.881891 -0.471453 0
    outer loop
      vertex -20.9399 11.7269 2
      vertex -21.3842 10.8958 4.5
      vertex -21.3842 10.8958 2
    endloop
  endfacet
  facet normal 0.797357 -0.603508 0
    outer loop
      vertex -19.4164 14.1068 4.5
      vertex -18.8476 14.8583 2
      vertex -18.8476 14.8583 4.5
    endloop
  endfacet
  facet normal 0.797357 -0.603508 0
    outer loop
      vertex -18.8476 14.8583 2
      vertex -19.4164 14.1068 4.5
      vertex -19.4164 14.1068 2
    endloop
  endfacet
  facet normal 0.720923 -0.693015 0
    outer loop
      vertex -17.6237 16.2912 4.5
      vertex -16.9706 16.9706 2
      vertex -16.9706 16.9706 4.5
    endloop
  endfacet
  facet normal 0.720923 -0.693015 0
    outer loop
      vertex -16.9706 16.9706 2
      vertex -17.6237 16.2912 4.5
      vertex -17.6237 16.2912 2
    endloop
  endfacet
  facet normal 0.956961 0.290216 0
    outer loop
      vertex -22.8254 -7.41641 4.5
      vertex -23.0989 -6.51457 2
      vertex -23.0989 -6.51457 4.5
    endloop
  endfacet
  facet normal 0.956961 0.290216 0
    outer loop
      vertex -23.0989 -6.51457 2
      vertex -22.8254 -7.41641 4.5
      vertex -22.8254 -7.41641 2
    endloop
  endfacet
  facet normal 0.944794 0.327664 0
    outer loop
      vertex -22.5166 -8.30681 4.5
      vertex -22.8254 -7.41641 2
      vertex -22.8254 -7.41641 4.5
    endloop
  endfacet
  facet normal 0.944794 0.327664 0
    outer loop
      vertex -22.8254 -7.41641 2
      vertex -22.5166 -8.30681 4.5
      vertex -22.5166 -8.30681 2
    endloop
  endfacet
  facet normal -0.999807 -0.0196304 0
    outer loop
      vertex 24 0 2
      vertex 23.9815 0.942235 4.5
      vertex 23.9815 0.942235 2
    endloop
  endfacet
  facet normal -0.999807 -0.0196304 0
    outer loop
      vertex 23.9815 0.942235 4.5
      vertex 24 0 2
      vertex 24 0 4.5
    endloop
  endfacet
  facet normal -0.984422 -0.175824 0
    outer loop
      vertex 23.7045 3.75443 2
      vertex 23.5388 4.68217 4.5
      vertex 23.5388 4.68217 2
    endloop
  endfacet
  facet normal -0.984422 -0.175824 0
    outer loop
      vertex 23.5388 4.68217 4.5
      vertex 23.7045 3.75443 2
      vertex 23.7045 3.75443 4.5
    endloop
  endfacet
  facet normal -0.0980454 -0.995182 0
    outer loop
      vertex 1.88302 23.926 2
      vertex 2.8209 23.8336 4.5
      vertex 1.88302 23.926 4.5
    endloop
  endfacet
  facet normal -0.0980454 -0.995182 -0
    outer loop
      vertex 2.8209 23.8336 4.5
      vertex 1.88302 23.926 2
      vertex 2.8209 23.8336 2
    endloop
  endfacet
  facet normal -0.175824 -0.984422 0
    outer loop
      vertex 3.75443 23.7045 2
      vertex 4.68217 23.5388 4.5
      vertex 3.75443 23.7045 4.5
    endloop
  endfacet
  facet normal -0.175824 -0.984422 -0
    outer loop
      vertex 4.68217 23.5388 4.5
      vertex 3.75443 23.7045 2
      vertex 4.68217 23.5388 2
    endloop
  endfacet
  facet normal -0.664285 -0.74748 0
    outer loop
      vertex 15.5868 18.2497 2
      vertex 16.2912 17.6237 4.5
      vertex 15.5868 18.2497 4.5
    endloop
  endfacet
  facet normal -0.664285 -0.74748 -0
    outer loop
      vertex 16.2912 17.6237 4.5
      vertex 15.5868 18.2497 2
      vertex 16.2912 17.6237 2
    endloop
  endfacet
  facet normal -0.931208 -0.364487 0
    outer loop
      vertex 22.5166 8.30681 2
      vertex 22.1731 9.1844 4.5
      vertex 22.1731 9.1844 2
    endloop
  endfacet
  facet normal -0.931208 -0.364487 0
    outer loop
      vertex 22.1731 9.1844 4.5
      vertex 22.5166 8.30681 2
      vertex 22.5166 8.30681 4.5
    endloop
  endfacet
  facet normal -0.772992 -0.634416 0
    outer loop
      vertex 18.8476 14.8583 2
      vertex 18.2497 15.5868 4.5
      vertex 18.2497 15.5868 2
    endloop
  endfacet
  facet normal -0.772992 -0.634416 0
    outer loop
      vertex 18.2497 15.5868 4.5
      vertex 18.8476 14.8583 2
      vertex 18.8476 14.8583 4.5
    endloop
  endfacet
  facet normal 0.290216 -0.956961 0
    outer loop
      vertex -7.41641 22.8254 2
      vertex -6.51457 23.0989 4.5
      vertex -7.41641 22.8254 4.5
    endloop
  endfacet
  facet normal 0.290216 -0.956961 0
    outer loop
      vertex -6.51457 23.0989 4.5
      vertex -7.41641 22.8254 2
      vertex -6.51457 23.0989 2
    endloop
  endfacet
  facet normal 0.471453 -0.881891 0
    outer loop
      vertex -11.7269 20.9399 2
      vertex -10.8958 21.3842 4.5
      vertex -11.7269 20.9399 4.5
    endloop
  endfacet
  facet normal 0.471453 -0.881891 0
    outer loop
      vertex -10.8958 21.3842 4.5
      vertex -11.7269 20.9399 2
      vertex -10.8958 21.3842 2
    endloop
  endfacet
  facet normal 0.862765 -0.505605 0
    outer loop
      vertex -20.9399 11.7269 4.5
      vertex -20.4634 12.54 2
      vertex -20.4634 12.54 4.5
    endloop
  endfacet
  facet normal 0.862765 -0.505605 0
    outer loop
      vertex -20.4634 12.54 2
      vertex -20.9399 11.7269 4.5
      vertex -20.9399 11.7269 2
    endloop
  endfacet
  facet normal 0.772992 -0.634416 0
    outer loop
      vertex -18.8476 14.8583 4.5
      vertex -18.2497 15.5868 2
      vertex -18.2497 15.5868 4.5
    endloop
  endfacet
  facet normal 0.772992 -0.634416 0
    outer loop
      vertex -18.2497 15.5868 2
      vertex -18.8476 14.8583 4.5
      vertex -18.8476 14.8583 2
    endloop
  endfacet
endsolid OpenSCAD_Model
